symbol,name,summary,currency,sector,industry_group,industry,exchange,mic,market,country,state,city,zipcode,website,market_cap,isin,cusip,figi,composite_figi,shareclass_figi,delisted
3NOV25.CO,Investeringsselskabet af 3. nov,"Investeringsselskabet af 3. nov is a company listed on the Nasdaq Copenhagen under the ticker 3NOV25. It operates in the Machinery industry within the Industrials sector. The company is headquartered in Humlebæk, Denmark.",DKK,Industrials,Capital Goods,Machinery,CPH,XCSE,Nasdaq Copenhagen,Denmark,,Humlebæk,3050,https://3november25.dk,Nano Cap,DK0010231877,,,,BBG001S9FTX1,False
AAB.CO,Aalborg Boldspilklub A/S,"Aalborg Boldspilklub A/S engages in the sports and entertainment activities in Denmark. The company operates a professional football club; and Aalborg Portland Park stadium. It offers tickets to football games; and merchandise. The company also provides toy clothes, collections, clothing, children toys, and accessories online. Aalborg Boldspilklub A/S was founded in 1885 and is based in Aalborg, Denmark.",DKK,Consumer Discretionary,Consumer Services,"Hotels, Restaurants & Leisure",CPH,XCSE,Nasdaq Copenhagen,Denmark,,Aalborg,9220,http://www.aabsport.dk,Nano Cap,,,BBG000C7VJK2,BBG000C7VJ77,BBG001SC0Z66,False
ACT.CO,DecideAct A/S,"DecideAct A/S develops cloud-based strategy execution management and governance platform for organizations. Its solutions include DecideAct Professional, a digital solution for strategy implementation and follow-up; DecideAct Managed, a managed platform for strategy execution management and governance to drive engagement through transparency, automated follow-ups, and reporting; DecideAct Enterprise, a digital solution to integrate with ERP systems and other data sources defined by the organization; DecideAct Public Sector, which helps in the execution of government priorities within public institutions; a corporate social responsibility solution; a crisis recovery platform for enabling organizations to execute their recovery plan; and strategy expert services. The company's integrated strategy implementation platform delivers transparency, accountability, follow-up, and governance. DecideAct A/S was founded in 2014 and is headquartered in Nexø, Denmark.",DKK,Information Technology,Software & Services,Software,CPH,XCSE,Nasdaq Copenhagen,Denmark,,Nexo,3730,http://www.decideact.net,Nano Cap,,,,,,False
AGAT.CO,Agat Ejendomme A/S,"Agat Ejendomme A/Sengages in the development and sale of real estate properties in Denmark and Sweden. Its project portfolio consists of housing and retail projects. The company was founded in 1960 and is based in Aalborg, Denmark.",DKK,Real Estate,Real Estate,Real Estate Management & Development,CPH,XCSE,Nasdaq Copenhagen,Denmark,,Aalborg,9000,http://agat.dk,Nano Cap,,,BBG000BXBZ59,BBG000BXBZ04,BBG001SFB135,False
AGF-B.CO,AGF A/S,"AGF A/S is a company listed on the Nasdaq Copenhagen under the ticker AGF-B. It operates in the Entertainment industry within the Communication Services sector. The company is headquartered in Aarhus, Denmark.",DKK,Communication Services,Media & Entertainment,Entertainment,CPH,XCSE,Nasdaq Copenhagen,Denmark,,Aarhus,8260,https://www.agf.dk,Micro Cap,DK0010263722,,,,BBG001S74MY1,False
AGILC.CO,Agillic A/S,"Agillic A/S, a software company, provides marketing platform that enables clients to create and automate data-driven and personalized communication across channels in Denmark and internationally. It offers customer marketing platform that enables omnichannel marketing, which helps clients to communicate with message consistency across channels, such as email, SMS, app push notifications, and digital ads, as well as one-to-one personalization and transgressing the limitations of a segmented approach. The company also provides training and professional services related to on-boarding and setup of infrastructure, template design, and implementation, as well as training of new and existing clients. It serves retail, finance, travel and leisure, and NGO and charity industries, as well as subscription-based businesses. The company was incorporated in 1999 and is based in Copenhagen, Denmark.",DKK,Information Technology,Software & Services,Software,CPH,XCSE,Nasdaq Copenhagen,Denmark,,Copenhagen,2100,http://agillic.com,Nano Cap,,,,,,False
ALEFRM.CO,Alefarm Brewing A/S,"Alefarm Brewing A/S, a craft brewery, engages in the production of beers for consumers worldwide. It offers ales and stouts in various flavors. The company was founded in 2015 and is based in Greve, Denmark.",DKK,Consumer Staples,"Food, Beverage & Tobacco",Beverages,CPH,XCSE,Nasdaq Copenhagen,Denmark,,Greve,2670,http://www.alefarm.dk,Nano Cap,,,,,,False
ALK-B.CO,ALK-Abelló A/S,"ALK-Abelló A/S is a company listed on the Nasdaq Copenhagen under the ticker ALK-B. It operates in the Biotechnology industry within the Health Care sector. The company is headquartered in Horsholm, Denmark.",DKK,Health Care,"Pharmaceuticals, Biotechnology & Life Sciences",Biotechnology,CPH,XCSE,Nasdaq Copenhagen,Denmark,,Horsholm,2970,https://www.alk.net,Mid Cap,DK0061802139,,,,BBG001SNHVQ1,False
ALMB.CO,Alm. Brand A/S,"Alm. Brand A/S, together with its subsidiaries, provides non-life insurance, banking, and life and pension insurance products and services in Denmark. The company offers banking products and services to private customers and small and medium-sized enterprises; and financial markets services comprising bonds, equity and currency trading and research, private banking, and asset management services, as well as leases cars to private and commercial customers. It also provides advisory services. The company offers its non-life insurance products for the private customers, small and medium-sized enterprises, property owners and administrators, agricultural customers, and the public sectors through insurance shops, independent insurance shops, and business partners. Its life and pension insurance products include coverage for death, disability, and critical illness; and savings comprising capital pension plans, installment pensions, and annuity schemes for private individuals, farmers, and owners and employees of small businesses. The company operates 19 branches in Denmark. Alm. Brand A/S is headquartered in Copenhagen, Denmark. Alm. Brand A/S operates as a subsidiary of Alm. Brand af 1792 Fmba.",DKK,Financials,Insurance,Insurance,CPH,XCSE,Nasdaq Copenhagen,Denmark,,Copenhagen,2100,http://www.almbrand.dk,Mid Cap,,,BBG000BJKJ65,BBG000BJKHK3,BBG001S7NNM1,False
ALSYDB.CO,Sydbank AS,,DKK,Financials,Banks,Banks,CPH,XCSE,Nasdaq Copenhagen,Denmark,,,,https://www.sydbank.com,Mid Cap,,,,,,False
AMBU-B.CO,Ambu A/S,"Ambu A/S develops, manufactures, and sells medical devices to hospitals, clinics, and rescue services worldwide. It provides healthcare solutions in the fields of visualization, anesthesia, and patient monitoring and diagnostics. The company offers endoscopy products, such as bronchoscopes and monitors, as well as related airway management products comprising video laryngoscopes, double and single lumen tubes, and endobronchial blockers; and neurology products, including EEG and EMG electrodes, EMG guided injections, and intraoperative monitoring products. It also provides cardiology products consisting of ECG electrodes; and airway management and anaesthesia products, such as bronchoscopes, video laryngoscopes, double and single lumen tubes, endobronchial blockers, laryngeal and face masks, breathing bags, and resuscitators. In addition, the company offers resuscitators, extrication collars, head immobilizers, CPR breathing barriers, suction pumps, video laryngoscopes, and training manikins. It serves hospitals, rescue services, clinics, etc. Ambu A/S was founded in 1937 and is headquartered in Ballerup, Denmark.",DKK,Health Care,Health Care Equipment & Services,Health Care Equipment & Supplies,CPH,XCSE,Nasdaq Copenhagen,Denmark,,Ballerup,2750,http://www.ambu.com,Mid Cap,,,,,,False
AOJ-B.CO,Brødrene A & O Johansen A/S,"Brødrene A & O Johansen A/S is a company listed on the Nasdaq Copenhagen under the ticker AOJ-B. It operates in the Trading Companies & Distributors industry within the Industrials sector. The company is headquartered in Albertslund, Denmark.",DKK,Industrials,Capital Goods,Trading Companies & Distributors,CPH,XCSE,Nasdaq Copenhagen,Denmark,,Albertslund,2620,https://www.ao.dk,Small Cap,DK0061686714,,,,BBG001S9LFC7,False
AOJ-P.CO,Brodrene A & O Johansen A/S,"Brødrene A & O Johansen A/S, together with its subsidiaries, sells and distributes technical installation materials and tools in Denmark, Sweden, Norway, and Estonia. The company offers plumbing, heating, and sanitary ware products; electrical equipment and components; and water supply and drainage products and tools. It serves plumbers, electricians, building contractors, sewer contractors, construction companies, municipalities, utilities, and public institutions. The company operates through 50 stores in Denmark, as well as sells its products online through BilligVVS.dk, LavprisVVS.dk, VVSochBad.se, BilligVVS.no, Greenline.dk, LavprisEL.dk, LampeGuru.dk, and Lampeguru.no websites. Brødrene A & O Johansen A/S was founded in 1914 and is headquartered in Albertslund, Denmark.",DKK,Industrials,Capital Goods,Trading Companies & Distributors,CPH,XCSE,Nasdaq Copenhagen,Denmark,,Albertslund,2620,http://www.ao.dk,Small Cap,,,,,,False
AQP.CO,Aquaporin A/S,"Aquaporin A/S is a specialized water technology company focused on engineering and distributing innovative products for purifying potable water, including drinking water membranes, hollow fiber forward osmosis modules, and complete water purification systems used in drinking water provision, industrial processes, medical applications like hemodialysis, and the food and beverage industry. Founded in 2005, Aquaporin A/S is headquartered in Kongens Lyngby, Denmark.",DKK,Industrials,Capital Goods,Machinery,CPH,XCSE,Nasdaq Copenhagen,Denmark,,Kongens Lyngby,2800,https://www.aquaporin.com,Nano Cap,,,,,,True
ARAOPT.CO,Investeringsselskabet Artha Optimum A/S,"Investeringsselskabet Artha Optimum A/S is headquartered in Holte, Capital Region of Denmark, Denmark.",DKK,,,,CPH,XCSE,Nasdaq Copenhagen,Denmark,,Holte,2840,,,,,BBG00LWYNFF8,BBG007P9N760,BBG007P9M431,False
ASTGRP.CO,Astralis A/S,"Astralis A/S operates as an esports company. It owns three esports teams under the Astralis, Origen, and Future FC brands. The company was formerly known as Astralis Group A/S and changed its name to Astralis A/S in April 2021. Astralis A/S was founded in 2016 and is based in Copenhagen, Denmark.",DKK,Consumer Discretionary,Consumer Services,"Hotels, Restaurants & Leisure",CPH,XCSE,Nasdaq Copenhagen,Denmark,,Copenhagen,2450,http://astralis.gg,Nano Cap,DK0061155785,,,,,False
ASTK.CO,Asetek,"Asetek A/S, together with its subsidiaries, engages in the designing, developing, and marketing of liquid cooling solutions in Asia, Europe, and the Americas, through its Liquid cooling, SimSports, and Data center segments. Its products are used in personal computers, servers, and data centers to provide improved performance, acoustics, and energy efficiency. Asetek A/S was founded in 1997 and is based in Svenstrup, Denmark.",DKK,Information Technology,Technology Hardware & Equipment,"Electronic Equipment, Instruments & Components",CPH,XCSE,Nasdaq Copenhagen,Denmark,,Aalborg,9230,https://asetek.com,Small Cap,,,,,,True
ASTRLS.CO,Astralis A/S,"Astralis A/S operates as an esports company. It owns three esports teams under the Astralis, Origen, and Future FC brands. The company was formerly known as Astralis Group A/S and changed its name to Astralis A/S in April 2021. Astralis A/S was founded in 2016 and is based in Copenhagen, Denmark.",DKK,Consumer Discretionary,Consumer Services,"Hotels, Restaurants & Leisure",CPH,XCSE,Nasdaq Copenhagen,Denmark,,Copenhagen,2450,http://astralis.gg,Nano Cap,DK0061155785,,,,,True
ATLA-DKK.CO,Atlantic Petroleum P/F,"Atlantic Petroleum P/F is a company listed on the Nasdaq Copenhagen under the ticker ATLA-DKK. It operates in the Oil, Gas & Consumable Fuels industry within the Energy sector. The company is headquartered in Tórshavn, Denmark.",DKK,Energy,Energy,"Oil, Gas & Consumable Fuels",CPH,XCSE,Nasdaq Copenhagen,Denmark,,Tórshavn,110,https://www.petroleum.fo,Nano Cap,FO000A0DN9X4,,,,BBG001SL6R77,False
AUDNTS.CO,Audientes A/S,"Audientes A/S design, develops, and sells hearing aids. The company was founded in 2014 and is based in Virum, Denmark.",DKK,Health Care,Health Care Equipment & Services,Health Care Equipment & Supplies,CPH,XCSE,Nasdaq Copenhagen,Denmark,,Virum,2830,http://www.audientes.com,Nano Cap,,,,,,False
BACTIQ.CO,Bactiquant A/S,"Bactiquant A/S develops and provides technology for the mobile and online surveillance of bacterial contamination levels in water. The company is based in 1998 and is based in Horsholm, Denmark.",DKK,Industrials,Capital Goods,Construction & Engineering,CPH,XCSE,Nasdaq Copenhagen,Denmark,,Horsholm,DK-2970,http://www.mycometer.com,Nano Cap,,,,,,False
BAVA.CO,Bavarian Nordic A/S,"Bavarian Nordic A/S develops, manufactures, and commercializes life-saving vaccines. The company offers non-replicating smallpox vaccines under the IMVAMUNE, IMVANEX, and JYNNEOS names; monkeypox under the JYNNEOS name; rabies vaccine for human use under the Rabipur/RabAvert name; tick-borne encephalitis vaccine under the Encepur name; and Ebola vaccine under the MVABEA name. It is also developing MVA-BN (freeze-dried) that is in Phase III clinical trials for the treatment of smallpox; MVA-BN RSV, which is in Phase II clinical trials for the treatment of respiratory syncytial virus; ABNCoV2 that is in Phase I/II clinical trial for the treatment of SARS-CoV-2; TAEK-VAC, which is in Phase I/II clinical trial for treatment of advanced HER2- and brachyury-expressing cancers; and MVA-BN WEV that is in Phase I clinical trial for treating Equine encephalitis.It has license and collaboration agreement with AdaptVac; and license agreements with National Cancer Institute and Public Health Service. The company operates in the United States, Germany, the Netherlands, Sweden, Switzerland, Austria, the United Kingdom, Japan, Canada, and internationally. Bavarian Nordic A/S was incorporated in 1992 and is based in Hellerup, Denmark.",DKK,Health Care,"Pharmaceuticals, Biotechnology & Life Sciences",Biotechnology,CPH,XCSE,Nasdaq Copenhagen,Denmark,,Hellerup,2900,http://www.bavarian-nordic.com,Mid Cap,,,BBG000FX2HV6,BBG000FX2H28,BBG001SD3068,False
BIAEJD.CO,BI Erhvervsejendomme A/S,"BI Erhvervsejendomme A/S is a Danish real estate investment company that owns, develops, and manages commercial properties in Denmark.",DKK,,,,CPH,XCSE,Nasdaq Copenhagen,,,,,,Large Cap,,,,,,False
BIF.CO,Brondbyernes IF Fodbold A/S,"Brøndbyernes IF Fodbold A/S operates the Brøndbyernes Idrætsforening football club in Denmark. It also operates a football stadium with a capacity of approximately 28,000 spectators located in Brøndby. The company was founded in 1909 and is based in Brøndby, Denmark.",DKK,Consumer Discretionary,Consumer Services,"Hotels, Restaurants & Leisure",CPH,XCSE,Nasdaq Copenhagen,Denmark,,Brondby,2605,http://www.brondby.com,Nano Cap,,,,,,False
BIOPOR.CO,BioPorto A/S,"BioPorto A/S, an in-vitro diagnostics company, provides diagnostic tests and antibodies to clinicians and researchers worldwide. The company offers the neutrophil gelatinase-associated lipocalin test, a particle-enhanced turbidimetric test that measures NGAL that is used to supplement clinical evaluation and standard tests; monoclonal antibodies for scientific, pharmaceutical, and clinical research use; enzyme-linked immunosorbent assay kits; IVD automated assays; and generic rapid assay device platform for the development of lateral flow assays. It sells its products through own sales team, distributors, and OEM partnerships. The company was founded in 2000 and is headquartered in Hellerup, Denmark.",DKK,Health Care,"Pharmaceuticals, Biotechnology & Life Sciences",Biotechnology,CPH,XCSE,Nasdaq Copenhagen,Denmark,,Hellerup,2900,http://bioporto.com,Micro Cap,,,BBG000BQLLZ1,BBG000BQLL54,BBG001SB4RF2,False
BLVIS-A.CO,Blue Vision A/S,"Blue Vision A/S engages in the investment of real estate, equities, mortgage deeds, bonds, and other assets. The company was formerly known as Gudme Raaschou Vision A/S and changed its name to Blue Vision A/S in November 2009. Blue Vision A/S was founded in 2002 and is based in Copenhagen, Denmark.",DKK,Real Estate,Real Estate,Real Estate Management & Development,CPH,XCSE,Nasdaq Copenhagen,Denmark,,Copenhagen,1401,http://www.blue-vision.dk,Nano Cap,,,,,,True
BNORDIK-CSE.CO,P/F BankNordik,"P/F BankNordik, together with its subsidiaries, provides various banking products and services for individual and corporate customers in the Faroe Islands and Greenland. The company operates in two segments, Banking and Non-Life Insurance. It provides personal and corporate banking services; a range of property and casualty insurance products under the Trygd brand, and life insurance products under NordikLív brand; and real estate agency services under the Skyn brand. The company operates through a network of six branches. P/F BankNordik is headquartered in Tórshavn, Denmark.",DKK,Financials,Banks,Banks,CPH,XCSE,Nasdaq Copenhagen,Denmark,,Torshavn,110,http://www.banknordik.fo,Micro Cap,,,,,,True
BO.CO,Bang & Olufsen a/s,"Bang & Olufsen a/s designs, develops, and markets audio and video products. The company offers portable, multi room, stereo, and architectural speakers; over-ear, on-ear, and other ear and head phones; televisions; and accessories. The company offers its products through approximately 485 Bang & Olufsen monobranded stores; and 3,316 multi-brand stores, as well as through third party retail stores and online. It has operations in Denmark, China, Germany, the United Kingdom, Ireland, the United States, Switzerland, South Korea, Hong Kong, France, Spain, and internationally. The company was founded in 1925 and is based in Struer, Denmark.",DKK,Information Technology,Technology Hardware & Equipment,"Electronic Equipment, Instruments & Components",CPH,XCSE,Nasdaq Copenhagen,Denmark,,Struer,7600,http://www.bang-olufsen.com,Micro Cap,DK0010218429,,BBG000BSFT05,BBG000BSFS52,BBG001S9QXB4,False
BOLIGA.CO,Boliga Gruppen A/S,"Boliga Gruppen A/S operates as an online media house company that focuses on the housing market in Denmark. The company owns and operates housing-related portals, including Boliga.dk, which provides housing-related services to buyers and sellers; UdenomBanken, an intermediary of alternative home loans outside the banks; DinGeo.dk, a reference work with geodata for home seekers; Selvsalg.dk, a portal for homeowners to sell their home themselves; and itvang.dk and Tvangsauktioner.dk portals to get an overview of properties at an auction for users. It also provides housing condition reports; preparation deeds on a digital platform for buyers and sellers; and Boliga Byg Hus, a single entrance solution for home seekers looking for a new house. The company was formerly known as EuroInvestor.com A/S. Boliga Gruppen A/S was founded in 1997 and is based in Copenhagen, Denmark.",DKK,Information Technology,Software & Services,Software,CPH,XCSE,Nasdaq Copenhagen,Denmark,,Copenhagen,2100,http://boligagruppen.dk,Nano Cap,,,,,,False
BOOZT-DKK.CO,Boozt AB (publ),"Boozt AB (publ) is a company listed on the Nasdaq Copenhagen under the ticker BOOZT-DKK. It operates in the Specialty Retail industry within the Consumer Discretionary sector. The company is headquartered in Copenhagen, Denmark.",DKK,Consumer Discretionary,Retailing,Specialty Retail,CPH,XCSE,Nasdaq Copenhagen,Denmark,,Copenhagen,1562,https://www.booztgroup.com,Small Cap,SE0009888738,,,,BBG00GNN0VD5,False
CARL-A.CO,Carlsberg A/S,"Carlsberg A/S engages in the production and sale of beer and other beverage products in Western Europe, Eastern Europe, and Asia. It offers core, and craft and specialty beers; and alcohol-free brews. The company provides its products primarily under the Carlsberg, Tuborg, Ringnes, Lvivske, Wusu, 1664 Blanc, Grimbergen, Baltika, and other brand names. Carlsberg A/S also exports its products worldwide. The company was founded in 1847 and is headquartered in Copenhagen, Denmark.",DKK,Consumer Staples,"Food, Beverage & Tobacco",Beverages,CPH,XCSE,Nasdaq Copenhagen,Denmark,,Copenhagen,1799,http://www.carlsberggroup.com,Large Cap,,,BBG000BLV7S0,BBG000BLV7B8,BBG001S97624,False
CARL-B.CO,Carlsberg A/S,"Carlsberg A/S engages in the production and sale of beer and other beverage products in Western Europe, Eastern Europe, and Asia. It offers core, and craft and specialty beers; and alcohol-free brews. The company provides its products primarily under the Carlsberg, Tuborg, Ringnes, Lvivske, Wusu, 1664 Blanc, Grimbergen, Baltika, and other brand names. Carlsberg A/S also exports its products worldwide. The company was founded in 1847 and is headquartered in Copenhagen, Denmark.",DKK,Consumer Staples,"Food, Beverage & Tobacco",Beverages,CPH,XCSE,Nasdaq Copenhagen,Denmark,,Copenhagen,1799,http://www.carlsberggroup.com,Large Cap,DK0010181759,,BBG000BLW5N8,BBG000BLW594,BBG001S97P77,False
CBRAIN.CO,cBrain A/S,"cBrain A/S, a software company, develops software for government, unions, and private knowledge firms in Denmark. It provides cBrain F2, a software tool that digitizes various workflows, knowledge processing, records management, and communication, including social media, as well as supports PCs and mobiles/tablets. The company was founded in 2002 and is based in Copenhagen, Denmark.",DKK,Information Technology,Software & Services,Software,CPH,XCSE,Nasdaq Copenhagen,Denmark,,Copenhagen,2100,http://www.cbrain.com,Micro Cap,DK0060030286,,BBG000MR2JK9,BBG000MR2J29,BBG001SKJ3Z7,False
CEMAT.CO,Cemat A/S,"Cemat A/S engages in the operation, development, and sale of properties in Warsaw. The company is involved in the letting of premises and land; and provision of utilities, including power, water and technical gas, facility services, etc. to its tenants. Its portfolio includes land for office, warehouse and production facilities, and investment development sites. As of December 31, 2020, the company had 116 warehouse tenants and total occupancy level approximately 27,215 sqm. The company was formerly known as Topsil Semiconductor Materials A/S and changed its name to Cemat A/S in July 2016. Cemat A/S was founded in 1959 and is headquartered in Copenhagen, Denmark.",DKK,Real Estate,Real Estate,Real Estate Management & Development,CPH,XCSE,Nasdaq Copenhagen,Denmark,,Copenhagen,1550,http://www.cemat.dk,Nano Cap,,,BBG000BVCGV5,BBG000BVCGL6,BBG001SG12M1,False
CHEMM.CO,ChemoMetec A/S,"ChemoMetec A/S designs, develops, and produces instruments for a range of applications in cell counting and evaluation in Denmark and internationally. The company offers automated cell counters and viability analyzers, such as NucleoCounter NC-3000, an advanced image cytometer to characterize cell properties; NucleoCounter NC-250, an automated cell analyzer to characterize cell properties; NucleoCounter NC-200, an automated cell counter that provides solution for cell counting and cell viability determinations; NucleoCounter NC-100, a mammalian cell counter; NucleoCounter SP-100, a sperm cell counter that offers total sperm concentration and sperm viability in a semen sample from ejaculates or extended doses; NucleoCounter YC-100, a yeast cell counter used to measure the total cell count and viability of yeast cells in suspension; NucleoCounter SCC-100, a somatic cell counter for measuring the amount of somatic cells in a milk sample; and NucleoCounter SCC-400, a somatic cell counter for determining the number of somatic cells in a milk sample. It also provides Xcyto, a quantitative cell imager to analyze adherent and suspension cells; NucleoView, a software that is the user interface for the NucleoCounter NC-200, NC-250, and NC-3000 instruments, which automatically handles data acquisition, image analysis, and data presentation; consumables, which include cassettes, reagents, slides, and test kits; and accessories comprising cables, power supplies, software, and other products. The company offers its solutions for cell therapeutic, stem cell research, cancer cell research, bioprocessing, toxicology, cell biology research, sperm cell counting, yeast cell counting, and somatic cell counting applications. ChemoMetec A/S was founded in 1997 and is headquartered in Allerod, Denmark.",DKK,Information Technology,Technology Hardware & Equipment,"Electronic Equipment, Instruments & Components",CPH,XCSE,Nasdaq Copenhagen,Denmark,,Allerod,3450,http://www.chemometec.com,Small Cap,DK0060055861,,BBG000R59D46,BBG000R59CS2,BBG001SQY7P9,False
CHR.CO,Chr. Hansen Holding A/S,"Chr. Hansen Holding A/S, a bioscience company, develops natural ingredient solutions for food, nutritional, pharmaceutical, and agricultural industries in Europe, the Middle East, Africa, North America, Latin America, and the Asia Pacific. It operates through Food Cultures & Enzymes, and Health & Nutrition segments. The Food Cultures & Enzymes segment produces and sells various cultures, enzymes, and probiotic products that determine the taste, flavor, texture, shelf life, nutritional value, and health benefits of various consumer products in the food industry, primarily in the dairy industry. The Health & Nutrition segment produces and sells products for the dietary supplement, over-the-counter pharmaceutical, infant formula, animal feed, and plant protection industries. The company was founded in 1874 and is headquartered in Hørsholm, Denmark.",DKK,Materials,Materials,Chemicals,CPH,XCSE,Nasdaq Copenhagen,Denmark,,Horsholm,2970,http://www.chr-hansen.com,Large Cap,DK0060227585,,,,BBG001S7Y4L2,True
COLO-B.CO,Coloplast A/S,"Coloplast A/S develops and markets intimate healthcare products and services worldwide. It provides ostomy care products, including SenSura Mio, which provides fit individual body shapes and optimal discretion for various types of ostomies; and SenSura Ostomy care solutions, as well as ostomy accessories under the Brava brand. The company also offers continence care products, such as SpeediCath catheters that offer catheterization for both genders; Peristeen, an anal irrigation system for controlled emptying of the bowels; and Conveen Active urine bags. In addition, it provides wound care products, such as foam dressings under the Biatain brand and hydrocolloid dressing under the Comfeel brand, as well as skin care products, such as bathing and cleansing products, moisturizers, skin protectants, antifungal products, hand cleanser, and odor control products. Further, the company develops, produces, and markets products for the surgical treatment of urological and gynecological disorders, such as urinary stone diseases, benign prostate hyperplasia, voiding dysfunctions, erectile dysfunction, and urinary incontinence. Coloplast A/S was founded in 1954 and is headquartered in Humlebæk, Denmark.",DKK,Health Care,Health Care Equipment & Services,Health Care Equipment & Supplies,CPH,XCSE,Nasdaq Copenhagen,Denmark,,Humlebaek,3050,http://www.coloplast.com,Large Cap,,,,,,False
COLUM.CO,Columbus A/S,"Columbus A/S, an IT services and consulting company, offers digital solutions for the manufacturing, food, and retail and distribution industries in Eastern and Western Europe, and North America. It provides application management, business and application integration, cloud ERP, cloud and infrastructure services, compliance and business continuity, data and analytics, and digital commerce solutions; customer relationship management, field service automation, and in-store experience services; and strategy and change solutions. The company also offers various solutions for beverage and process; rental, lease, and equipment; and fashion industries. Columbus A/S was founded in 1989 and is headquartered in Ballerup, Denmark.",DKK,Information Technology,Software & Services,IT Services,CPH,XCSE,Nasdaq Copenhagen,Denmark,,Ballerup,2750,http://www.columbusglobal.com,Micro Cap,,,BBG000BP5D70,BBG000BP5D16,BBG001S97PG7,False
CONFRZ.CO,Conferize A/S,"Conferize A/S develops an online software solution for event and conference market. Its primary product is event management software, which enables event organizers to solve various digital tasks needed to host an event. The company serves event organizers and attendees. It operates in approximately 140 countries. The company was founded in 2011 and is based in Copenhagen, Denmark.",DKK,Information Technology,Software & Services,Software,CPH,XCSE,Nasdaq Copenhagen,Denmark,,Copenhagen,1307,http://www.conferize.com,Nano Cap,,,,,,True
CPHCAP-PREF.CO,Copenhagen Capital A/S,"Copenhagen Capital A/S is a real estate investment firm. The firm seeks to make direct and indirect investments based on thorough analyses of the property's location and condition. It primarily focuses to invest in the Greater Copenhagen area. Copenhagen Capital A/S is based in Hellerup, Denmark.",DKK,Real Estate,Real Estate,Real Estate Management & Development,CPH,XCSE,Nasdaq Copenhagen,Denmark,,Copenhagen,1153,http://copenhagencapital.dk,Nano Cap,,,,,,True
CPHCAP-PREF32.CO,Copenhagen Capital A/S,"Copenhagen Capital A/S is a company listed on the Nasdaq Copenhagen under the ticker CPHCAP-PREF32. It operates in the Real Estate Management & Development industry within the Real Estate sector. The company is headquartered in Copenhagen, Denmark.",DKK,Real Estate,Real Estate,Real Estate Management & Development,CPH,XCSE,Nasdaq Copenhagen,Denmark,,Copenhagen,1153,https://copenhagencapital.dk,Micro Cap,DK0061930641,,,,BBG01RZSNKG2,False
CPHCAP-ST.CO,Copenhagen Capital A/S,"Copenhagen Capital A/S is a real estate investment firm. The firm seeks to make direct and indirect investments based on thorough analyses of the property's location and condition. It primarily focuses to invest in the Greater Copenhagen area. Copenhagen Capital A/S is based in Hellerup, Denmark.",DKK,Real Estate,Real Estate,Real Estate Management & Development,CPH,XCSE,Nasdaq Copenhagen,Denmark,,Copenhagen,1153,http://copenhagencapital.dk,Micro Cap,,,,,,False
DAB.CO,Danske Andelskassers Bank A/S,"Danske Andelskassers Bank A/S provides various banking products and services to private, small and medium-sized business, and institutional customers in Denmark. The company offers payment accounts; loans and credit products, such as mortgage, home, building credit, restructuring, and energy loans, as well as car loans, consumer loans, and overdrafts; and debit and credit cards. It also provides pension products; and death, sickness, home, accident, annuity, detached, auto, annual travel, holiday home, motorcycle, and pet insurance, as well as protection for wages. In addition, the company offers investment products; and net and mobile banking, ATM, SMS, and payment services. It has 14 full time branches for private and business customers; and 1 agricultural branch. The company was founded in 1969 and is headquartered in Tjele, Denmark.",DKK,Financials,Banks,Banks,CPH,XCSE,Nasdaq Copenhagen,Denmark,,Tjele,8830,http://www.andelskassen.dk,Small Cap,,,BBG001QV4B38,BBG000PRCV46,BBG001T68Y18,False
DAC.CO,Danish Aerospace Company A/S,"Danish Aerospace Company A/S designs, develops, and manufactures medical monitoring and exercise equipment worldwide. It offers portable pulmonary function systems for use in the areas of respiratory, cardiovascular, and metabolic physiology; cycle ergometer with vibration isolation and stabilization system, a recumbent bicycle which provides aerobic exercise for the harmful physiological effects of exposure to microgravity; and respiratory monitoring systems-II equipment, a photo- and magnetoacoustic multi-gas analyzer for performing non-invasive cardiovascular and pulmonary measurements. The company also designs, develops, and manufactures internal outfitting for all the freezers; pulmonary function systems; shuttle ergometers; subsystems attitude control system (ACS) electronics, ACS magnetorquer coils, and battery systems; gas delivery systems; and advanced respiratory monitoring systems. Danish Aerospace Company A/S was founded in 1988 and is based in Odense, Denmark.",DKK,Industrials,Capital Goods,Aerospace & Defense,CPH,XCSE,Nasdaq Copenhagen,Denmark,,Odense,5260,http://danishaerospace.com,Nano Cap,,,,,,True
DANSKE.CO,Danske Bank A/S,"Danske Bank A/S provides various banking products and services to small and medium-sized businesses, corporate, institutional, and personal customers. The company offers daily banking, home financing, investment, and retirement planning solutions; strategic advisory services; leasing solutions; and financing, financial market, general banking, and corporate finance advisory services, as well as financial solutions and products in the areas of capital markets, fixed income and currencies, and transaction banking and investor services. It also provides wealth and asset management, pension savings, and insurance solutions, including life, health, and accident; and mobile banking services. In addition, the company provides mortgage finance and real-estate brokerage services, as well as trades in fixed income products, foreign exchange, and equities. It has operations in Denmark, Finland, Sweden, Norway, the United Kingdom, Ireland, Baltics, Germany, and Poland. Danske Bank A/S was founded in 1871 and is headquartered in Copenhagen, Denmark.",DKK,Financials,Banks,Banks,CPH,XCSE,Nasdaq Copenhagen,Denmark,,Copenhagen,1092,http://www.danskebank.com,Large Cap,DK0010274414,,BBG000BR5TK6,BBG000BR5SD6,BBG001S9JRX1,False
DANT.CO,Dantax A/S,"Dantax A/S designs, develops, produces, and sells audio products under the Scansonic, Raidho, and Harmony brands. The company was founded in 1969 and is based in Pandrup, Denmark.",DKK,Information Technology,Technology Hardware & Equipment,"Electronic Equipment, Instruments & Components",CPH,XCSE,Nasdaq Copenhagen,Denmark,,Pandrup,9490,http://dantaxradio.dk,Nano Cap,,,,,,False
DATA.CO,Dataproces Group A/S,"Dataproces Group A/S, an interdisciplinary knowledge company, specializes in IT and consulting services for municipalities and their digital administration. The company offers automation and RPA, revenue optimization, and knowledge and competency solutions. It serves municipalities in the areas of citizen service, social, and employment; children and teenagers; IT and digitization; technology and the environment; and economy and administration. The company was incorporated in 2012 and is based in Nibe, Denmark.",DKK,Information Technology,Software & Services,IT Services,CPH,XCSE,Nasdaq Copenhagen,Denmark,,Nibe,9240,http://www.dataproces.dk,Nano Cap,,,,,,False
DEMANT.CO,Demant A/S,"Demant A/S, a hearing healthcare company, develops, manufactures, and sells products and equipment to enhance people's hearing in Europe, North America, the Pacific, Asia, and internationally. It operates through two segments, Hearing Healthcare and Communications. The Hearing Healthcare segment offers hearing implants and aids, hearing care, and diagnostic products. The Communications segment offers headsets and solutions for the professional call center, office, and gaming markets under the EPOS brand name. The company was formerly known as William Demant Holding A/S and changed its name to Demant A/S in March 2019. Demant A/S was founded in 1904 and is headquartered in Smørum, Denmark.",DKK,Health Care,Health Care Equipment & Services,Health Care Equipment & Supplies,CPH,XCSE,Nasdaq Copenhagen,Denmark,,Smorum,2765,http://www.demant.com,Mid Cap,,,BBG000J940M0,BBG000J93ZS8,BBG001S6BY88,False
DFDS.CO,DFDS A/S,"DFDS A/S provides logistics solutions in Denmark and internationally. The company operates through Ferry and Logistics divisions. The Ferry division operates ferry routes in and around Europe transporting freight units, primarily trailers and passengers, as well as offers port terminal services. This division provides ferry services primarily to forwarders and hauliers, as well as manufacturers of heavy industrial goods, such as automotive, forest and paper products, metals, and chemicals; and operates passenger ships for passengers with own cars, mini cruises, business conferences, and tour operators. The Logistics division provides transport solutions for full- and part loads; contract logistics solutions, including warehousing; and side port and container ships. This division serves manufacturers of industrial goods and consumables, as well as retailers. The company operates 36 freight ferries, 16 freight and passenger ferries, 4 cruise ferries, and 14 container and side port ships. DFDS A/S was founded in 1866 and is headquartered in Copenhagen, Denmark.",DKK,Industrials,Transportation,Marine,CPH,XCSE,Nasdaq Copenhagen,Denmark,,Copenhagen,2100,http://www.dfds.com,Small Cap,,,BBG000BCZ3D1,BBG000BCZ2C4,BBG001S6KB42,False
DJUR.CO,Djurslands Bank A/S,"Djurslands Bank A/S provides various banking products and services in Denmark. The company offers deposits; car and home loans; pension; payment; investment; insurance; cards; and leasing products, as well as private and net and mobile banking services. It serves private customers, small and medium-sized enterprises, and public institutions. The company was founded in 1965 and is based in Grenaa, Denmark.",DKK,Financials,Banks,Banks,CPH,XCSE,Nasdaq Copenhagen,Denmark,,Grenaa,8500,http://www.djurslandsbank.dk,Small Cap,,,BBG000BPGN94,BBG000BPGMM1,BBG001S97T06,False
DNORD.CO,Dampskibsselskabet NORDEN A/S,"Dampskibsselskabet NORDEN A/S, a shipping company, owns and operates dry cargo and tanker vessels worldwide. The company operates through three segments: Asset Management, Dry Operator, and Tanker Operator. The Asset Management segment owns and charters in long term vessel capacity; and charters out its capacity of owned and long-term chartered tonnage to dry operators, tanker operators, and third parties. The Dry Operator segment engages in the short-term dry cargo activities; and transports bulk commodities, such as grain, coal, iron ore, and sugar. The Tanker Operator segment transports fuel oil or refined oil products. The company operates 100 Panamax, 120 Supramax, and 74 Handysize vessels that transport coal, grain, soybean, salt, alumina, and wood pellets; and 69 MR and 48 Handysize vessels. Dampskibsselskabet NORDEN A/S was founded in 1871 and is headquartered in Hellerup, Denmark.",DKK,Industrials,Transportation,Marine,CPH,XCSE,Nasdaq Copenhagen,Denmark,,Hellerup,2900,http://www.norden.com,Small Cap,DK0060083210,,BBG000BF6SH7,BBG000BF6RX1,BBG001S7HMC1,False
DRLCO.CO,The Drilling Company of 1972 A/S,"The Drilling Company of 1972 A/S provides offshore drilling rig services to oil and gas companies worldwide. The company operates through North Sea Jack-Up Rigs and International Floaters segment. It owns and operates a fleet of 22 offshore drilling rigs, including 14 jack-up rigs, 4 semi-submersible rigs, and 4 drillships. The company was founded in 1962 and is headquartered in Kongens Lyngby, Denmark.",DKK,Energy,Energy,Energy Equipment & Services,CPH,XCSE,Nasdaq Copenhagen,Denmark,,Kongens Lyngby,2800,http://www.maerskdrilling.com,Small Cap,DK0061135753,,,,BBG00NSHY2C6,True
DSV.CO,DSV Panalpina A/S,"DSV Panalpina A/S provides transport and logistics services in Europe, the Middle East, Africa, North America, South America, Asia, Australia, and the Pacific. It operates through three segments: Air & Sea, Road, and Solutions. The company offers air freight, air freight compliance and carrier, and rail freight services; sea freight, and sea freight compliance and carrier services, as well as freight containers. It also provides road freight services, such as part and full loads, groupage, specialized transport, packaging and labeling, and document handling services, as well as online services comprising track and trace services. In addition, the company offers logistics solutions for automotive, consumer products, healthcare, high-tech, and industrial sectors; and inventory management solutions. Further, it provides project transport services, such as industrial projects, renewable energy, government logistics, ship charter, and air charter services; and warehousing services. The company was formerly known as DSV A/S and changed its name to DSV Panalpina A/S in September 2019. DSV Panalpina A/S was founded in 1976 and is headquartered in Hedehusene, Denmark.",DKK,Industrials,Transportation,Air Freight & Logistics,CPH,XCSE,Nasdaq Copenhagen,Denmark,,Hedehusene,2640,http://www.dsv.com,Large Cap,,,BBG000BSNXK5,BBG000BSNX70,BBG001SDC291,False
EAC.CO,EAC Invest A/S,"EAC Invest A/S operates as an investment company. It produces acrylics in Thailand; and bottled water to hotels, embassies, and consulates in China. The company was formerly known as Santa Fe Group A/S and changed its name to EAC Invest A/S in November 2019. EAC Invest A/S was founded in 1897 and is based in Copenhagen, Denmark.",DKK,Financials,Diversified Financials,Capital Markets,CPH,XCSE,Nasdaq Copenhagen,Denmark,,Copenhagen,2100,http://www.eac.dk,Nano Cap,,,,,,True
EGNETY.CO,EgnsINVEST Ejendomme Tyskland A/S,"EgnsINVEST Ejendomme, Germany A / S owns, operates, and develops properties. It also leases its properties. The company is based in Horsens, Denmark.",DKK,Real Estate,Real Estate,Real Estate Management & Development,CPH,XCSE,Nasdaq Copenhagen,Denmark,,Horsens,8700,http://www.ejdtyskland.dk,Micro Cap,,,,,,False
EMBLA.CO,Embla Medical hf.,"Embla Medical hf. is a company listed on the Nasdaq Copenhagen under the ticker EMBLA. It operates in the Health Care Equipment & Supplies industry within the Health Care sector. The company is headquartered in Reykjavík, Iceland.",DKK,Health Care,Health Care Equipment & Services,Health Care Equipment & Supplies,CPH,XCSE,Nasdaq Copenhagen,Iceland,,Reykjavík,055412,https://www.emblamedical.com,Small Cap,IS0000000040,,,,BBG001SGDB57,False
ENALYZ.CO,Enalyzer A/S,"Enalyzer A/S provides solutions for the measurement and analysis of employee satisfaction, and customer and citizen views on various topics worldwide. The company offers Enalyzer, a software product for running surveys. It also provides consulting, training, and support services. The company was incorporated in 2000 and is based in Copenhagen, Denmark.",DKK,Information Technology,Software & Services,Software,CPH,XCSE,Nasdaq Copenhagen,Denmark,,Copenhagen,1432,http://www.enalyzer.com,Nano Cap,,,,,,True
ERRIA.CO,Erria A/S,"Erria A/S engages in shipping and shipping related activities worldwide. It provides ship management services, including technical management, administration, crewing, and quality assurance; and administration consulting, which comprise construction/repair supervision, and other services. The company also offers container services, such as EMR dry repair, EMR reefer, and ECS depot SGN. In addition, it is involved in logistics activities that include container depot handling, and maintenance and repair of containers. The company was formerly known as Rederiet Fabricius A/S and changed its name to Erria A/S in April 2007. Erria A/S was founded in 1991 and is headquartered in Køge, Denmark.",DKK,Industrials,Transportation,Marine,CPH,XCSE,Nasdaq Copenhagen,Denmark,,Koge,4600,http://www.erria.dk,Nano Cap,,,,,,False
ESG.CO,Ennogie Solar Group A/S,"Ennogie Solar Group A/S is a company listed on the Nasdaq Copenhagen under the ticker ESG. The company is headquartered in Herning, Denmark.",DKK,,,,CPH,XCSE,Nasdaq Copenhagen,Denmark,,Herning,7400,https://ennogie.com,Nano Cap,DK0010305077,,,,BBG001SFJLL3,False
FASTPC.CO,FastPassCorp A/S,"FastPassCorp A/S provides enterprise password management solutions for enterprises and managed service providers in Denmark. It offers Fastpass Enterprise Password Manager for password self-service and compliance for corporations; Facilitated Password Reset for the service desk process; Fastpass Cloud Password Manager, a Web based password manager for medium and large companies who want to improve productivity and security related to password self-service processes; MSP password management self-service; and password synchronization solutions. The company was founded in 2000 and is based in Gladsaxe, Denmark.",DKK,Information Technology,Software & Services,Software,CPH,XCSE,Nasdaq Copenhagen,Denmark,,Gladsaxe,2860,http://www.fastpasscorp.com,Nano Cap,,,,,,False
FED.CO,Fast Ejendom Danmark A/S,"Fast Ejendom Denmark is a real estate investment firm specializing in commercial and residential properties. The firm seeks to invest in Denmark with a focus on the Copenhagen metropolitan area, Aarhus and the Triangle Area. Fast Ejendom Denmark is based in Denmark.",DKK,Real Estate,Real Estate,Real Estate Management & Development,CPH,XCSE,Nasdaq Copenhagen,Denmark,,Brondby,2605,http://www.fastejendom.dk,Micro Cap,,,BBG005QN2612,BBG005QN2603,BBG005QN25Z7,False
FFARMS.CO,FirstFarms A/S,"FirstFarms A/S, through its subsidiaries, engages in the agriculture and food products business in Eastern Europe. It is involved in the cow milk production and pig production business; and operation of owned and rented agricultural land. The company also produces crops, such as wheat, maize, rape seed, barley, rye, sugar beets, poppies, pumpkins, soya, and sunflower. FirstFarms A/S was founded in 2004 and is headquartered in Billund, Denmark.",DKK,Consumer Staples,"Food, Beverage & Tobacco",Food Products,CPH,XCSE,Nasdaq Copenhagen,Denmark,,Billund,7190,http://www.firstfarms.dk,Micro Cap,,,BBG000QGTYF3,BBG000QGTY45,BBG001SS5GR5,False
FLS.CO,FLSmidth & Co. A/S,"FLSmidth & Co. A/S provides engineering, equipment, and service solutions for mining and cement industries in North America, South America, Europe, North Africa, Russia, Asia, Sub-Saharan Africa, the Middle East, subcontinental India, and Australia. The company offers various products, systems, and services, including crushers, ball mills, pumps, gravity concentrators, thickeners, flotation cells, automated laboratories, bundled equipment, full production plants, and maintenance solutions for the mining industry. It also provides mills, kiln systems and clinker coolers, feeding and packaging machines, complete cement plants, maintenance, and remote online support for the cement industry. The company was founded in 1882 and is headquartered in Valby, Denmark.",DKK,Industrials,Capital Goods,Machinery,CPH,XCSE,Nasdaq Copenhagen,Denmark,,Valby,2500,http://www.flsmidth.com,Mid Cap,,,BBG000BSFVW5,BBG000BSFTZ7,BBG001SHVFN6,False
FLUG-B.CO,Flugger group A/S,"Flügger group A/S designs, manufactures, and markets decorative paints, wood protection products, spackling pastes, and wallpaper and tools. It also offers wood stain products, fillers, wallpaper adhesives, wall coverings, abrasive materials, brushes, and cleaning products. The company owns and operates approximately 400 stores in Scandinavia, Eastern Europe, and China. It markets and sells its products under the Flügger, Yunik, Stiwex, and Fiona brand names to painters, paint shops, stores, and DIY-centers through local distributors, as well as through online. Flügger group A/S was founded in 1783 and is headquartered in Rødovre, Denmark.",DKK,Materials,Materials,Chemicals,CPH,XCSE,Nasdaq Copenhagen,Denmark,,Rodovre,2610,http://www.flugger.com,Micro Cap,,,,,,False
FOBANK.CO,Føroya Banki P/F,"Føroya Banki P/F is a company listed on the Nasdaq Copenhagen under the ticker FOBANK. It operates in the Banks industry within the Financials sector. The company is headquartered in Torshavn, Faroe Islands.",DKK,Financials,Banks,Banks,CPH,XCSE,Nasdaq Copenhagen,Faroe Islands,,Torshavn,110,https://www.bankin.fo,Small Cap,FO0000000088,,,,BBG001SQYF08,False
FOM.CO,FOM Technologies A/S,"Fom Technologies A/S produces and sells slot die machines and equipment. The company provides roll and sheet based slot-die coating machines that enables researchers, scientists, and professionals to discover, develop, and commercialize new functional materials. The company also offers slot die heads that provide access to a coating platform for a range of thin film applications. The company was incorporated in 2012 and is headquartered in Copenhagen, Denmark.",DKK,Industrials,Capital Goods,Machinery,CPH,XCSE,Nasdaq Copenhagen,Denmark,,Copenhagen,2300,http://www.fomtechnologies.com,Nano Cap,,344911201,,,,False
FYNBK.CO,Fynske Bank A/S,"Fynske Bank A/S provides various banking products and services in Denmark. The company offers savings, loan and credit, investment, pension, insurance, housing, currency and cash order, guarantee, leasing, trade, and other products and services, as well as self-service and start of business products. It serves young, elderly, employee, and self-employed customers, as well as small associations, large companies, and others. The company was founded in 1852 and is based in Svendborg, Denmark.",DKK,Financials,Banks,Banks,CPH,XCSE,Nasdaq Copenhagen,Denmark,,Svendborg,5700,http://www.fynskebank.dk,Micro Cap,,,BBG000BX7097,BBG000BX7042,BBG001SCV149,False
G4S.CO,G4S plc,"G4S plc, together with its subsidiaries, provides security and related services in Africa, the Americas, Asia, Europe, and the Middle East. The company offers software tools, including evidence based risk assessment, incident management, and travel advisory systems, such as RISK360; and proprietary security systems comprising symmetry connect access control and visitor management systems. It also provides custody, detention, rehabilitation, and care services; automated cash solutions for retailers, automated bulk-teller solution for banks, and mobile banking services, as well as G4S Pay, a retail cash solution; and security advice, risk mitigation strategies, secure support, and integrated solutions. The company serves corporates and industrials, government, financial institutions, private energy/utilities, and ports and airports, as well as the retail, transport and logistics, and leisure and tourism sectors. G4S plc was founded in 1901 and is based in London, the United Kingdom. As of April 12, 2021, G4S plc operates as a subsidiary of Allied Universal Security Services LLC.",DKK,Industrials,Commercial & Professional Services,Professional Services,CPH,XCSE,Nasdaq Copenhagen,United Kingdom,,London,SW1E 6QT,http://www.g4s.com,Mid Cap,,,,,,False
GABR.CO,Gabriel Holding A/S,"Gabriel Holding A/S develops, manufactures, and sells upholstery fabrics, components, upholstered surfaces, and related products and services. It operates through two segments, Fabrics and Letting of Office Facilities. The Fabrics segment offers concern furniture fabrics and related textile products to manufacturers and users in upholstered furniture, seats, and upholstered surfaces. The Letting of Office Facilities segment lets office premises in Aalborg. It operates in Denmark, Germany, the United States, Mexico, Asia, and Other European countries. Gabriel Holding A/S was founded in 1851 and is based in Aalborg, Denmark.",DKK,Consumer Discretionary,Consumer Durables & Apparel,"Textiles, Apparel & Luxury Goods",CPH,XCSE,Nasdaq Copenhagen,Denmark,,Aalborg,9000,http://www.gabriel.dk,Micro Cap,,,BBG000BDX797,BBG000BDX6J8,BBG001S6KB79,False
GDIGA.CO,Halberg-Gundersen Invest - Globale Aktier,Halberg-Gundersen Invest - Globale Aktier is headquartered in Denmark.,DKK,Financials,Diversified Financials,Capital Markets,CPH,XCSE,Nasdaq Copenhagen,Denmark,,,,,,,,,,,False
GERHSP.CO,German High Street Properties A/S,"German High Street Properties A/S invests in and rents high-street properties in Germany and in the Nordic countries. The company is based in Charlottenlund, Denmark.",DKK,Real Estate,Real Estate,Real Estate Management & Development,CPH,XCSE,Nasdaq Copenhagen,Denmark,,Charlottenlund,2920,http://www.germanhighstreet.dk,Nano Cap,,,BBG000RWJ6F9,BBG000RWJ5Z9,BBG001SK7G18,False
GJ.CO,Glunz & Jensen Holding A/S,"Glunz & Jensen Holding A/S develops, produces, and supplies solutions for the prepress industry worldwide. It offers offset products, such as processors, iCtP plate writers, offset prepress products, and plateline products; and flexo products, including all-in-one systems, exposure units, processors, finishers and dryers, trimmers and mounting tables, letterpresses, and other flexo products. The company also provides spare parts kits; iCtP consumables and accessories; offset accessories; and flexo accessories, as well as after sales services. It markets its products through a network of distributors and dealers. The company was formerly known as Glunz & Jensen A/S and changed its name to Glunz & Jensen Holding A/S in December 2016. Glunz & Jensen Holding A/S was founded in 1973 and is headquartered in Nyborg, Denmark.",DKK,Industrials,Capital Goods,Machinery,CPH,XCSE,Nasdaq Copenhagen,Denmark,,Nyborg,5800,http://www.glunz-jensen.com,Nano Cap,,,BBG000BPR7Z8,BBG000BPR7Q8,BBG001S9F787,False
GMAB.CO,Genmab A/S,"Genmab A/S, a biotechnology company, develops antibody therapeutics for the treatment of cancer and other diseases primarily in Denmark. The company markets DARZALEX, a human monoclonal antibody for the treatment of patients with multiple myeloma (MM); teprotumumab for the treatment of thyroid eye disease; ofatumumab, a human monoclonal antibody to treat chronic lymphocytic leukemia (CLL) and multiple sclerosis; and Arzerra for treating CLL. Its products under development include daratumumab to treat MM, non-MM blood cancers, and AL amyloidosis; tisotumab vedotin for treating cervical, ovarian, and solid cancers; HuMax-IL8 for treating advanced cancers; HexaBody-DR5/DR5, DuoBody-CD3x5T4, JNJ-63898081, JNJ-70218902, DuoBody-PD-L1x4-1BB, and DuoBody-CD40x4-1BB for treating solid tumors; and DuoBody-CD3xCD20 and DuoHexaBody-CD37 for treating hematological malignancies. The company's products under development also comprise Camidanlumab tesirine to treat hodgkin lymphoma and solid tumors; HuMax-IL8 for treating advanced cancers; JNJ-61186372 for the treatment of non-small-cell lung cancer; JNJ-63709178 and JNJ-67571244 to treat acute myeloid leukemia; JNJ-64007957 and JNJ-64407564 to treat MM; PRV-015 for treating celiac disease; Mim8 for treating haemophilia A; and Lu AF82422 for treating Parkinson's disease. In addition, it has approximately 20 active pre-clinical programs. The company has a commercial license and collaboration agreement with Seagen Inc. to co-develop tisotumab vedotin. It also has a collaboration agreement with Immatics Biotechnologies GmbH to research and develop next-generation bispecific immunotherapies for treating multiple cancer indications; CureVac AG for the research and development of differentiated mRNA-based antibody products; AbbVie for the development of epcoritamab; and BioNTech, Janssen, Novo Nordisk A/S, and BliNK Biomedical SAS. Genmab A/S was founded in 1999 and is headquartered in Copenhagen, Denmark.",DKK,Health Care,"Pharmaceuticals, Biotechnology & Life Sciences",Biotechnology,CPH,XCSE,Nasdaq Copenhagen,Denmark,,Copenhagen,1560,http://www.genmab.com,Large Cap,,,BBG000BKPC99,BBG000BKPC35,BBG001SCV1W8,False
GN.CO,GN Store Nord A/S,"GN Store Nord A/S develops, manufactures, and markets audio and video communications solutions for medical, professional, and consumer segments in Denmark, rest of Europe, North America, and internationally. It operates in two segments, GN Hearing and GN Audio. The GN Hearing segment produces and sells hearing instruments and products. The GN Audio segment supplies headsets, video cameras, and speakerphones for professional use and consumer products. The company offers its products under the ReSound, Beltone, Interton, Jabra, BlueParrott, FalCom, and Audigy brands. GN Store Nord A/S was founded in 1869 and is based in Ballerup, Denmark.",DKK,Health Care,Health Care Equipment & Services,Health Care Equipment & Supplies,CPH,XCSE,Nasdaq Copenhagen,Denmark,,Ballerup,2750,http://www.gn.com,Mid Cap,,,BBG000BVGZ03,BBG000BVGYM2,BBG001SBV8V6,False
GREENM.CO,GreenMobility A/S,"Green Mobility A/S provides transport in the form of electric, shared city cars through the GreenMobility app in Denmark and Sweden. As of June 9, 2020, the company operated 400 cars in Copenhagen; and 250 cars in Oslo and 100 cars in Aarhus. Green Mobility A/S is based in Copenhagen, Denmark.",DKK,Industrials,Commercial & Professional Services,Commercial Services & Supplies,CPH,XCSE,Nasdaq Copenhagen,Denmark,,Copenhagen,1301,http://www.greenmobility.com,Micro Cap,,,BBG00GD2JKW5,BBG00GD2JKV6,BBG00GD2JL08,False
GRLA.CO,GronlandsBANKEN A/S,"GrønlandsBANKEN A/S provides financial services to private customers, business customers, and public institutions in Greenland. The company offers deposits, loans, guarantees, and cards; and online and mobile banking, and professional advisory services. GrønlandsBANKEN A/S was founded in 1967 and is headquartered in Nuuk, Greenland.",DKK,Financials,Banks,Banks,CPH,XCSE,Nasdaq Copenhagen,Greenland,,Nuuk,3900,http://www.banken.gl,Small Cap,,,BBG000BPRYC4,BBG000BPRXZ1,BBG001S9FHR4,False
GUBRA.CO,Gubra A/S,,DKK,Health Care,"Pharmaceuticals, Biotechnology & Life Sciences",Life Sciences Tools & Services,CPH,XCSE,Nasdaq Copenhagen,Denmark,,,,https://www.gubra.dk,Small Cap,,,,,,False
GYLD-A.CO,Gyldendal A/S,"Gyldendal A/S publishes and sells books in Denmark. The company publishes books of fiction and non-fiction for adults and children, and of materials for teaching at all levels. It also operates book clubs. The company was founded in 1770 and is based in Copenhagen, Denmark.",DKK,Communication Services,Media & Entertainment,Media,CPH,XCSE,Nasdaq Copenhagen,Denmark,,Copenhagen,1001,http://www.gyldendal.dk,Micro Cap,,,,,,False
GYLD-B.CO,Gyldendal A/S,"Gyldendal A/S publishes and sells books in Denmark. The company publishes books of fiction and non-fiction for adults and children, and of materials for teaching at all levels. It also operates book clubs. The company was founded in 1770 and is based in Copenhagen, Denmark.",DKK,Communication Services,Media & Entertainment,Media,CPH,XCSE,Nasdaq Copenhagen,Denmark,,Copenhagen,1001,http://www.gyldendal.dk,Micro Cap,,,,,,False
HAPPY.CO,Happy Helper A/S,"Happy Helper A/S operates an online booking platform for cleaning in Denmark. Its platform allows to book cleaning services for private homes, as well as final cleaning on relocations, smaller offices, or stairs. The company is based in Copenhagen, Denmark.",DKK,Consumer Discretionary,Consumer Services,Diversified Consumer Services,CPH,XCSE,Nasdaq Copenhagen,Denmark,,Copenhagen,1610,http://www.happyhelper.dk,Nano Cap,,,,,,True
HARB-B.CO,Harboes Bryggeri A/S,"Harboes Bryggeri A/S develops, produces, and markets beverages and malt-based food ingredients. The company offers beer under the Bear Beer, Harboe Beer, Darguner, and Puls brands; non-alcoholic dark malts under the Hyper Malt brand; energy drinks under the XRAY brand; and soft drinks under the Harboe Sodas, the Ego Organic, Caribia Ginger Beer, and Other brands. It also provides orange, apple, pineapple, grapefruit, and pear juices under the PURE brand; and specialty products under the GB brand, as well as offers drink mixer under the Eagle brand. The company sells its products to approximately 90 countries worldwide. Harboes Bryggeri A/S was founded in 1883 and is headquartered in Skælskør, Denmark.",DKK,Consumer Staples,"Food, Beverage & Tobacco",Beverages,CPH,XCSE,Nasdaq Copenhagen,Denmark,,Skaelskor,4230,http://www.harboe.com,Micro Cap,,,,,,False
HH.CO,H+H International A/S,"H+H International A/S produces and sells autoclaved aerated concrete and calcium silicate building blocks used for wall-building in the United Kingdom, Central Western Europe, and Poland. It offers thin-joint blocks and panels for interior and exterior walls, as well as foundation blocks; reinforced elements for floors, walls, and roofs; reinforced beams and lintels; and high-insulating blocks. The company's products are used primarily in the residential new building segment. It serves housebuilders, developers, and builders' merchants. The company was founded in 1909 and is headquartered in Copenhagen, Denmark.",DKK,Materials,Materials,Construction Materials,CPH,XCSE,Nasdaq Copenhagen,Denmark,,Copenhagen,2100,http://www.hplush.com,Micro Cap,,,BBG000BWGYL1,BBG000BWGXP9,BBG001SH6PH9,False
HLUN-A.CO,H. Lundbeck A/S,"H. Lundbeck A/S is a company listed on the Nasdaq Copenhagen under the ticker HLUN-A. It operates in the Pharmaceuticals industry within the Health Care sector. The company is headquartered in Valby, Denmark.",DKK,Health Care,"Pharmaceuticals, Biotechnology & Life Sciences",Pharmaceuticals,CPH,XCSE,Nasdaq Copenhagen,Denmark,,Valby,2500,https://www.lundbeck.com,Mid Cap,DK0061804697,,,,BBG017ZL9428,False
HLUN-B.CO,H. Lundbeck A/S,"H. Lundbeck A/S is a company listed on the Nasdaq Copenhagen under the ticker HLUN-B. It operates in the Pharmaceuticals industry within the Health Care sector. The company is headquartered in Valby, Denmark.",DKK,Health Care,"Pharmaceuticals, Biotechnology & Life Sciences",Pharmaceuticals,CPH,XCSE,Nasdaq Copenhagen,Denmark,,Valby,2500,https://www.lundbeck.com,Mid Cap,DK0061804770,,,,BBG001SCTGC0,False
HRC.CO,HRC World Plc,"HRC World Plc, an investment holding company, provides restaurant management services to restaurant chains in China and other parts of Asia. The company offers restaurant marketing and promotion support, as well as tourist based customer acquisition services; and food and bar management services. It also engages in the development of music videos and content, as well as sound recording and music publishing activities. The company was formerly known as Hard ADA Rock plc and changed its name to HRC World Plc in November 2017. The company was founded in 2017 and is based in London, the United Kingdom.",EUR,Consumer Discretionary,Consumer Services,"Hotels, Restaurants & Leisure",CPH,XCSE,Nasdaq Copenhagen,United Kingdom,,London,EC1Y 0TH,http://www.hrcplc.co.uk,Micro Cap,,,,,,True
HUSCO.CO,HusCompagniet A/S,"HusCompagniet A/S develops single-family detached houses in Denmark. The company designs, sells, and delivers customizable detached houses to consumers primarily built on-site on third-party customer-owned land; and semi-detached houses to consumers and professional investors. It also produces prefabricated wood-framed detached houses under the VårgårdaHus brand in Sweden. The company was incorporated in 2015 and is based in Horsens, Denmark.",DKK,Consumer Discretionary,Consumer Durables & Apparel,Household Durables,CPH,XCSE,Nasdaq Copenhagen,Denmark,,Horsens,8700,http://www.huscompagniet.dk,Micro Cap,,,BBG00XZ8W540,BBG0015D0TZ1,BBG001TBPBM5,False
HVID.CO,Hvidbjerg Bank A/S,"Hvidbjerg Bank A/S provides various banking products and services to private and business customers in Denmark. The company offers accounts, housing finance, mortgage loans, consumer loans, car and motorcycle loans, succession and entrepreneurship loans, payment cards, and travel currency services. It also provides non-life and life insurance products; pension products; investment products; and mobile and Internet banking services. In addition, the company offers financial advisory services related to international trade and transactions involving foreign currencies. Hvidbjerg Bank A/S was founded in 1912 and is headquartered in Thyholm, Denmark.",DKK,Financials,Banks,Banks,CPH,XCSE,Nasdaq Copenhagen,Denmark,,Thyholm,7790,http://www.hvidbjergbank.dk,Nano Cap,,,,,,False
HYDRCT.CO,Hydract A/S,"Hydract A/S develops water hydraulic solutions for the beverage producers. Its solutions simplify the processes and tackle the climate challenges by reducing the need for electricity and water. The company was incorporated in 2008 and is based in Holstebro, Denmark.",DKK,Industrials,Capital Goods,Machinery,CPH,XCSE,Nasdaq Copenhagen,Denmark,,Holstebro,7500,http://www.hydract.com,Nano Cap,,,,,,True
HYPE.CO,Hypefactors A/S,"Hypefactors A/S operates as a software company that provides a technology platform. The company operates an artificial intelligence-based PR automation platform to power the PR workflow and various facts to document the results. It serves enterprises, small and medium sized companies, and PR agencies. The company is based in Copenhagen, Denmark.",DKK,Information Technology,Software & Services,Software,CPH,XCSE,Nasdaq Copenhagen,Denmark,,Copenhagen,1306,http://www.hypefactors.com,Nano Cap,,,,,,True
IAIIRDKA.CO,IR Invest - Danske Aktier,"IR Invest - Danske Aktier is headquartered in Herning, Central Denmark Region, Denmark.",DKK,,,,CPH,XCSE,Nasdaq Copenhagen,Denmark,,Herning,7400,,,,,,,,False
IG.CO,InstallatørGruppen A/S,"InstallatørGruppen A/S is a company listed on the Nasdaq Copenhagen under the ticker IG. It operates in the Construction & Engineering industry within the Industrials sector. The company is headquartered in Roskilde, Denmark.",DKK,Industrials,Capital Goods,Construction & Engineering,CPH,XCSE,Nasdaq Copenhagen,Denmark,,Roskilde,4000,https://installatorgruppen.dk,Small Cap,DK0064982565,,,,BBG022S1PKZ0,False
IMAIL.CO,InterMail A/S,"InterMail A/S provides digital and paper-based marketing communication packages in the Nordic region and rest of Europe. It offers customer loyalty, and marketing and administrative communication solutions; and engages in relation and dialogue agency services, as well as handles and distributes campaign material. The company also provides RelationPlus, direct mail, and e-box solutions. The company was formerly known as National Industri A/S and changed its name to InterMail A/S in 2004. InterMail A/S was founded in 1977 and is based in Hvidovre, Denmark.",DKK,Materials,Materials,Paper & Forest Products,CPH,XCSE,Nasdaq Copenhagen,Denmark,,Hvidovre,2650,http://intermail.com,Nano Cap,,,,,,True
IMPERO.CO,Impero A/S,"Impero A/S provides compliance management platform. Its platform is distributed as Software-as-a-Service that enables companies to easily manage compliance through automation of risk and control management, documentation, and reporting. The company was incorporated in 2013 and is based in Åbyhøj, Denmark.",DKK,Information Technology,Software & Services,Software,CPH,XCSE,Nasdaq Copenhagen,Denmark,,Abyhoj,8230,http://impero.com,Nano Cap,,,,,,False
ISS.CO,ISS A/S,"ISS A/S provides workplace management and facility services. It offers office, hospital, laboratory, food hygiene, hospitality and events cleaning services; and hospitality, catering, fine dining and event catering, and micro-kitchens and vending services, as well as operates restaurants, pop-up or high street concept stores, coffee bars, and power plants. The company also provides security services comprising security awareness training, surveillance, workplace safety and emergency management, consulting, security risk management, and technical installation services. In addition, it offers support services, which include front desk and reception, meeting and conference management, switchboards and service desk, concierge, mail and courier, document, executive and administrative support, and experience curation and management services. Further, the company provides energy management, asset management, capital projects, building structure and fabric, critical environments, property maintenance, and waste management services. Additionally, it designs and delivers workplace strategies and solutions, such as portfolio strategy, curated experience and workplace strategy, workplace design, service design, relocation strategy, capital projects, mental rebuild, and co-working services. ISS A/S was founded in 1901 and is headquartered in Søborg, Denmark.",DKK,Industrials,Commercial & Professional Services,Professional Services,CPH,XCSE,Nasdaq Copenhagen,Denmark,,Soborg,2860,http://www.issworld.com,Mid Cap,,,BBG001J78T81,BBG000BTBVC9,BBG001SHMY28,False
JDAN.CO,Jeudan A/S,"Jeudan A/S provides property services in Denmark. The company invests in and operates office, residential, and retail properties. The company also provides a range of property-related consulting and building services, as well as car parking services. Jeudan A/S was founded in 1898 and is based in Copenhagen, Denmark.",DKK,Real Estate,Real Estate,Real Estate Management & Development,CPH,XCSE,Nasdaq Copenhagen,Denmark,,Copenhagen,1260,http://www.jeudan.dk,Small Cap,,,BBG000L8FL50,BBG000L8FL14,BBG001SCX9Q6,False
JOBNDX.CO,Jobindex A/S,"Jobindex A/S operates as a recruitment company in Denmark. It operates a job search engine that searches through job advertisement from approximately 500 job databases and sites, including Jobnet. The company also provides job advertisement, recruitment, and branding solutions. The company was founded in 1996 and is based in Frederiksberg, Denmark. Jobindex A/S is a subsidiary of Danielsen.Com ApS.",DKK,Communication Services,Telecommunication Services,Diversified Telecommunication Services,CPH,XCSE,Nasdaq Copenhagen,Denmark,,Frederiksberg,2000,http://www.jobindex.dk,Micro Cap,,,,,,False
JUTBK.CO,Jutlander Bank A/S,"Jutlander Bank A/S provides various banking products and services in Denmark. The company offers housing finance, leasing, investment, pension, and insurance products, as well as net and mobile banking services. It also provides cash management and international trade services. The company is based in Aars, Denmark.",DKK,Financials,Banks,Banks,CPH,XCSE,Nasdaq Copenhagen,Denmark,,Aars,9600,http://www.jutlander.dk,Small Cap,,,,,,False
JYSK.CO,Jyske Bank A/S,"Jyske Bank A/S provides a range of financial solutions to personal and corporate clients in Denmark, Gibraltar, and Germany. The company operates through Banking Activities, Mortgage Activities, and Leasing Activities segments. The Banking Activities segment engages in the provision of advisory services relating to traditional financial solutions to personal and private banking clients, as well as corporate clients; and trading of interest-rate products, currencies, equities, commodities, and derivatives. The Mortgage Activities segment offers financial solutions for the financing of real property to Danish personal clients, corporate clients, and subsidized rental housing. The Leasing Activities segment provides leasing and financing services for car, and equipment for the corporate sector to Danish personal and corporate clients, as well as dealer cooperation schemes and partnerships. The company was founded in 1967 and is based in Silkeborg, Denmark.",DKK,Financials,Banks,Banks,CPH,XCSE,Nasdaq Copenhagen,Denmark,,Silkeborg,8600,http://www.jyskebank.dk,Mid Cap,,,,,,False
KBHL.CO,Kobenhavns Lufthavne A/S,"Københavns Lufthavne A/S develops, owns, and operates Roskilde Airport at Roskilde and Copenhagen Airport at Kastrup in Denmark. It operates in two segments, Aeronautical and Non-Aeronautical. The Aeronautical segment comprises infrastructure and air traffic-related services, including route development, baggage systems, and security checks; and operation and development of technology, terminals, IT, shuttle buses, aircraft stands, and runways. The Non-Aeronautical segment comprises activities, such as parking, restaurants, and stores in the terminals; hotel operation; and leasing of premises in the airport area. This segment is also involved in leasing company's buildings, premises, and land; and the provision of taxi management services, and consulting services concerning airport operation and other services. The company was founded in 1990 and is based in Kastrup, Denmark. Københavns Lufthavne A/S is a subsidiary of Copenhagen Airports Denmark ApS.",DKK,Industrials,Transportation,Air Freight & Logistics,CPH,XCSE,Nasdaq Copenhagen,Denmark,,Kastrup,2770,http://www.cph.dk,Mid Cap,DK0010201102,,BBG000BMC7B7,BBG000BMC6J1,BBG001S9LTL7,False
KLEE-B.CO,Brd. Klee A/S,"Brd. Klee A/S operates as an engineering and trading company in Denmark. Its products include gears and gearmotors; motors, pumps, and blowers; control and electronic products; pneumatic and hydraulic products; linear motion technology products; transmission products; machine, DIN, and norm parts; and rubber and plastic products. The company was founded in 1944 and is based in Albertslund, Denmark.",DKK,Industrials,Capital Goods,Machinery,CPH,XCSE,Nasdaq Copenhagen,Denmark,,Albertslund,2620,http://www.klee.dk,Nano Cap,,,,,,False
KONSOL.CO,Konsolidator A/S,"Konsolidator A/S develops and sells cloud based solutions. The company offers Konsolidator, a cloud-based financial consolidation software solutions. It also provides consultancy services. Konsolidator A/S was founded in 2016 and is based in Søborg, Denmark.",DKK,Information Technology,Software & Services,Software,CPH,XCSE,Nasdaq Copenhagen,Denmark,,Soborg,2860,http://www.konsolidator.com,Nano Cap,,,,,,False
KRE.CO,Kreditbanken A/S,"Kreditbanken A/S provides various banking products and services to private and business customers in Denmark. The company offers savings accounts; and loan, budget, pension, and investment products, as well as online and mobile banking services. It also provides payment cards and insurance products. Kreditbanken A/S was founded in 1926 and is based in Aabenraa, Denmark.",DKK,Financials,Banks,Banks,CPH,XCSE,Nasdaq Copenhagen,Denmark,,Aabenraa,6200,http://www.kreditbanken.dk,Micro Cap,,,BBG000BGM0W1,BBG000BGM0C3,BBG001S70KJ6,False
LASP.CO,Lån & Spar Bank A/S,"Lån & Spar Bank A/S provides various banking products and services in Denmark. The company offers deposits; car and housing loans, business loans, and mortgages; and cards. It also provides investment, and pension and insurance services; and payment and online banking services. The company was founded in 1880 and is based in Copenhagen, Denmark.",DKK,Financials,Banks,Banks,CPH,XCSE,Nasdaq Copenhagen,Denmark,,Copenhagen,1200,http://www.lsb.dk,Small Cap,,,,,,False
LEDIBOND.CO,LED iBond International A/S,"LED iBond International A/S provides LED lighting solutions in Denmark. Its products include Tracy, an open platform for integrating the IoT equipment in intelligent spaces; LED iBond Kitchen; Shelly, an illuminated smart shelves; The Plane, a luminaire design that incorporates a magnetic suspension system; and elevator lighting systems, as well as shelf and rack system with integrated LED grow light for vertical farming. The company was founded in 2001 and is based in Horsholm, Denmark.",DKK,Industrials,Capital Goods,Electrical Equipment,CPH,XCSE,Nasdaq Copenhagen,Denmark,,Horsholm,2970,http://www.ledibond.com,Nano Cap,,,,,,True
LOLB.CO,Lollands Bank A/S,"Lollands Bank A/S provides various banking products and services to private and corporate customers. It offers savings and loan products; housing finance and car loans; financing and commercial leasing products; investment products; pension and insurance products; payment solutions; and online banking services. Lollands Bank A/S has branches in the Maribo, Nakskov, Nykøbing F, and Vordingborg. The company was formerly known as Lollands Handels - og Landbrugsbank and changed its name to Lollands Bank A/S in 1977. Lollands Bank A/S was founded in 1907 and is headquartered in Nakskov, Denmark.",DKK,Financials,Banks,Banks,CPH,XCSE,Nasdaq Copenhagen,Denmark,,Nakskov,4900,http://www.lollandsbank.dk,Micro Cap,,,BBG000BPZTF3,BBG000BPZT45,BBG001S9MN57,False
LSKB20.CO,Lån & Spar MixInvest Balance 20,Lån & Spar MixInvest Balance 20 is an investment fund. It invests in a diversified portfolio of assets with a lower risk profile. The fund is available in Denmark.,DKK,Financials,Diversified Financials,,CPH,XCSE,Nasdaq Copenhagen,Denmark,,Frederiksberg,2000,,,,,,,,True
LSKB40.CO,Lån & Spar MixInvest Balance 40,Lån & Spar MixInvest Balance 40 is an investment fund. It invests in a diversified portfolio of assets with a medium risk profile. The fund is available in Denmark.,DKK,Financials,Diversified Financials,,CPH,XCSE,Nasdaq Copenhagen,Denmark,,Copenhagen,1209,,,,,,,,True
LSKB60.CO,Lån&Spar MixInvest Balance 60,Lån&Spar MixInvest Balance 60 is an investment fund. It invests in a diversified portfolio of assets with a medium-high risk profile. The fund is available in Denmark.,DKK,Financials,Diversified Financials,,CPH,XCSE,Nasdaq Copenhagen,Denmark,,Frederiksberg,2000,,,,,,,,False
LSKB80.CO,Lån&Spar MixInvest Balance 80,Lån&Spar MixInvest Balance 80 is an investment fund. It invests in a diversified portfolio of assets with a high risk profile. The fund is available in Denmark.,DKK,Financials,Diversified Financials,,CPH,XCSE,Nasdaq Copenhagen,Denmark,,Frederiksberg,2000,,,,,,,,False
LUN.CO,H. Lundbeck A/S,"H. Lundbeck A/S engages in the research, development, production, and sale of pharmaceuticals for the treatment of psychiatric and neurological disorders in Europe, North America, and internationally. The company's principal products include Abilify Maintena for schizophrenia; Brintellix/Trintellix to treat depression; Northera for the treatment of symptomatic neurogenic orthostatic hypotension; Onfi for Lennox-Gastaut syndrome; Vyepti for migraine prevention; and Rexulti to treat depression/schizophrenia. It also provides Azilect for treating Parkinson's disease; Cipralex/Lexapro for depression; Ebixa to treat Alzheimer's disease; Sabril for treating epilepsy; and Xenazine for chorea associated with Huntington's disease, as well as other products. The company sells its products primarily to distributors of pharmaceuticals, pharmacies, and hospitals. The company was founded in 1915 and is headquartered in Valby, Denmark.",DKK,Health Care,"Pharmaceuticals, Biotechnology & Life Sciences",Pharmaceuticals,CPH,XCSE,Nasdaq Copenhagen,Denmark,,Valby,2500,http://www.lundbeck.com,Mid Cap,,,,,,False
LUXOR-B.CO,Investeringsselskabet Luxor A/S,"Investeringsselskabet Luxor A/S is a publicly owned investment manager. It invests in mortgages deeds, bonds, interest-bearing securities and properties. Investeringsselskabet Luxor A/S was founded in 1973 and is based in Copenhagen, Denmark.",DKK,Financials,Diversified Financials,Capital Markets,CPH,XCSE,Nasdaq Copenhagen,Denmark,,Copenhagen,1360,http://www.luxor.dk,Micro Cap,,,,,,False
MAERSK-A.CO,A.P. Moller - Maersk A/S,"A.P. Møller - Mærsk A/S operates as an integrated transport and logistics company worldwide. The company's Ocean segment engages in container shipping activities, including demurrage and detention, terminal handling, documentation and container services, and container storage, as well as transshipment services under Maersk Line, Safmarine, Sealand – A Maersk Company, Hamburg Süd, and APM Terminal brands; and sale of bunker oil. Its Logistics & Services segment offers sea and air freight forwarding, supply chain management, other logistics services, and inland services, such as container storage, bonded warehousing, empty depot, and local transportation; and export finance, and post-shipment and import finance solutions, as well as operates cargo aircraft. The company's Terminals & Towage segment is involved in Gateway terminal activities, and towage and related marine activities, including offshore towage and salvage activities under APM Terminals and Svitzer brands. Its Manufacturing & Others segment engages in the production of reefer and dry containers; bulk and tanker activity; and provision of marine services and integrated solutions to the energy sector, and training services to the maritime, oil and gas, offshore wind, and crane industries. A.P. Møller - Mærsk A/S was founded in 1904 and is based in Copenhagen, Denmark.",DKK,Industrials,Transportation,Marine,CPH,XCSE,Nasdaq Copenhagen,Denmark,,Copenhagen,1098,http://www.maersk.com,Large Cap,,,,,,False
MAERSK-B.CO,A.P. Moller - Maersk A/S,"A.P. Møller - Mærsk A/S operates as an integrated transport and logistics company worldwide. The company's Ocean segment engages in container shipping activities, including demurrage and detention, terminal handling, documentation and container services, and container storage, as well as transshipment services under Maersk Line, Safmarine, Sealand – A Maersk Company, Hamburg Süd, and APM Terminal brands; and sale of bunker oil. Its Logistics & Services segment offers sea and air freight forwarding, supply chain management, other logistics services, and inland services, such as container storage, bonded warehousing, empty depot, and local transportation; and export finance, and post-shipment and import finance solutions, as well as operates cargo aircraft. The company's Terminals & Towage segment is involved in Gateway terminal activities, and towage and related marine activities, including offshore towage and salvage activities under APM Terminals and Svitzer brands. Its Manufacturing & Others segment engages in the production of reefer and dry containers; bulk and tanker activity; and provision of marine services and integrated solutions to the energy sector, and training services to the maritime, oil and gas, offshore wind, and crane industries. A.P. Møller - Mærsk A/S was founded in 1904 and is based in Copenhagen, Denmark.",DKK,Industrials,Transportation,Marine,CPH,XCSE,Nasdaq Copenhagen,Denmark,,Copenhagen,1098,http://www.maersk.com,Large Cap,,,,,,False
MATAS.CO,Matas A/S,"Matas A/S, together with its subsidiaries, operates a chain of retail stores that offer beauty, personal care, and health and wellbeing products in Denmark. Its products include cosmetics, fragrances, and skin and hair care products; and vitamins, minerals, supplements, specialty foods, and herbal medicinal products, as well as sports and exercise, nutrition, mother and child, oral, foot and intimate care, hair removal, and special skincare products. The company provides house and garden products, including cleaning and maintenance, electrical, interior decoration, and textiles; and clothing and accessories, such as footwear, hair ornaments, jewelry, toilet bags, etc. As of March 31, 2020, it operated through 268 physical stores. The company also operates through websites, such as matas.dk, helsebixen.dk, jala-helsekost.dk, and made4men.dk, as well as wholesale sales, etc., including Kosmolet. Matas A/S was founded in 1949 and is headquartered in Allerød, Denmark.",DKK,Consumer Discretionary,Retailing,Specialty Retail,CPH,XCSE,Nasdaq Copenhagen,Denmark,,Allerod,3450,http://www.matas.dk,Small Cap,DK0060497295,,BBG004N14X79,BBG000PDCRL7,BBG001SR0TK1,False
MDUNDO.CO,Mdundo.com A/S,"Mdundo.com A/S provides mobile-web based music streaming and downloading services in Sub-Saharan Africa. The company was incorporated in 2020 and is based in Charlottenlund, Denmark.",DKK,Communication Services,Media & Entertainment,Interactive Media & Services,CPH,XCSE,Nasdaq Copenhagen,Denmark,,Charlottenlund,2920,http://www.mdundo.com,Nano Cap,,,,,,False
MIGA-B.CO,Svejsemaskinefabrikken Migatronic A/S,"Migatronic A/S is a Danish company that manufactures welding machines and equipment. They provide welding solutions for various industries, including automotive, construction, and manufacturing. The company is based in Denmark.",DKK,Industrials,Capital Goods,,CPH,XCSE,Nasdaq Copenhagen,,,,,,Nano Cap,,,,,,False
MNBA.CO,Mons Bank A/S,"Møns Bank A/S provides banking products and services to private, business, and association customers. The company offers housing loans, car loans, wealth management, local pool investment, mutual funds, share savings accounts, pension/insurance services, and mobile and online banking services. It operates through branches in Næstved, Rønnede, Præstø, and Vordingborg. The company was founded in 1877 and is headquartered in Stege, Denmark.",DKK,Financials,Banks,Banks,CPH,XCSE,Nasdaq Copenhagen,Denmark,,Stege,4780,http://www.moensbank.dk,Micro Cap,,,BBG000BQ1MR0,BBG000BQ1MK7,BBG001S9NVG6,False
MONSO.CO,Monsenso A/S,"Monsenso A/S develops and sells digital health solution for the treatment of mental disorders. It offers Smartphone app for individuals help them in the areas of self-assessments, sensor data collection, questionnaires, triggers/warning signs, medication compliance, visualizations and motivational feedback, psychoeducation, customizable framework to add articles, and cognitive behavioral therapy, as well as integration with select wearables; and Smartphone app for careers help them for individual overview, individual assessment, and comments. The company also provides clinical web portal for clinicians enable users for the overview and patient-specific dashboard, historical overview, correlation analysis, triggers/warning signs, medication compliance, and notes/medical record keeping; and data analytics for clinicians for historical aggregation of health and behavioral data, statistical descriptors, correlation between behavioral data and illness progression, pattern analysis, predictive analytics and mood forecasting, and risk assessment. It serves patients, clinicians, researchers, and carers. The company was founded in 2013 and is based in Copenhagen, Denmark.",DKK,Health Care,Health Care Equipment & Services,Health Care Technology,CPH,XCSE,Nasdaq Copenhagen,Denmark,,Copenhagen,1799,http://www.monsenso.com,Nano Cap,,,,,,False
MTHH.CO,MT Hojgaard Holding A/S,"MT Højgaard Holding A/S operates in the construction and civil engineering industry in Denmark and internationally. It develops, constructs, and refurbishes buildings, and design-build or subcontract basis for private and public customers, organizations, and housing associations; and constructs new housing, schools, institutions, offices, and other buildings. The company undertakes infrastructure projects, including earthworks and piling, marine works, site development, and shell construction works, as well as provides construction site layout and rental of equipment services. It also engages in the prefabricated modular buildings for housing, offices, institutions, and healthcare facilities; and refurbishment of schools, commercial buildings, day care centres, and co-operative and owner-occupied housing. The company was founded in 1918 and is headquartered in Søborg, Denmark. MT Højgaard Holding A/S is a subsidiary of Højgaard Holding A/S.",DKK,Consumer Discretionary,Consumer Durables & Apparel,Household Durables,CPH,XCSE,Nasdaq Copenhagen,Denmark,,Soborg,2860,http://www.mthh.dk,Small Cap,,,BBG000BPV293,BBG000BPV0D2,BBG001S9HSM3,False
NDA-DK.CO,Nordea Bank Abp,"Nordea Bank Abp provides various banking products and services in Sweden, Finland, Norway, Denmark, and internationally. The company operates through Personal Banking, Business Banking, Large Corporates and Institutions, and Asset and Wealth Management segments. The Personal Banking segment offers various financial services to household customers through internet and mobile banking, over the phone, online meetings, and branch offices. The Business Banking segment provides payments, cash management, cards, working capital management, and finance solutions to corporate and personal customers. The Large Corporates and Institutions segment offers financing, cash management and payment, investment banking, and securities services, as well as capital market products to corporate and institutional customers. The Asset and Wealth Management segment provides investment, savings, and risk management solutions to high net worth individuals and institutional investors. This segment also offers life and pensions products and services. The company was founded in 1820 and is headquartered in Helsinki, Finland.",DKK,Financials,Banks,Banks,CPH,XCSE,Nasdaq Copenhagen,Finland,,Helsinki,20,http://www.nordea.com,Large Cap,,,,,,False
NETC.CO,Netcompany Group A/S,"Netcompany Group A/S, an IT services company, delivers business critical IT solutions to public and private sector customers in Denmark, Norway, the United Kingdom, the Netherlands, Poland, and Vietnam. It is involved in the development, maintenance, and operation of business critical IT solutions for various areas, such as digital Web and self-service solutions, application development, cognitive computing, e-commerce and product information management (PIM), ERP, CRM and marketing, application management, case and document management, operation and infrastructure, data and insight, application and mobile, and organizational implementation. The company serves customers in finance, government, manufacturing and engineering, municipality, organization, region, retail and trade, service, unemployment insurance fund and union, telecommunication and media, and energy and utility markets. Netcompany Group A/S was founded in 2000 and is headquartered in Copenhagen, Denmark.",DKK,Information Technology,Software & Services,IT Services,CPH,XCSE,Nasdaq Copenhagen,Denmark,,Copenhagen,1270,http://www.netcompany.com,Mid Cap,DK0060952919,,BBG00KW6K3S7,BBG00KW6K3R8,BBG00KW6K3W2,False
NEWCAP.CO,Newcap Holding A/S,"Newcap Holding A/S does not have significant operations. Previously, it was involved in the provision of advice on savings and insurance intermediation, and asset management to individuals and companies in Sweden. Newcap Holding A/S was founded in 1989 and is based in Copenhagen, Denmark.",DKK,Financials,Diversified Financials,Capital Markets,CPH,XCSE,Nasdaq Copenhagen,Denmark,,Copenhagen,1550,http://www.newcap.dk,Nano Cap,,,BBG000MPYVS3,BBG000MPYV49,BBG001SG4Z36,False
NEXCOM.CO,Nexcom A/S,"Nexcom A/S, a software as a service company, engages in the development of software solutions for the automation of customer services in Denmark. Its services include digital process optimization, digital workflow, and interaction artificial intelligence and machine learning. The company also offers digital workflow platforms; eTray, a digital workflow management software; and IT related consulting services. It serves companies, such as telephony, insurance, energy, and property management, which serves large number of customers. The company was founded in 1997 and is based in Karlslunde, Denmark.",DKK,Information Technology,Software & Services,Software,CPH,XCSE,Nasdaq Copenhagen,Denmark,,Karlslunde,2690,http://www.nexcom.dk,Nano Cap,,,,,,False
NKT.CO,NKT A/S,"NKT A/S develops, manufactures, and markets cables, accessories, and solutions worldwide. It operates through Solutions, Applications, Service & Accessories, and NKT Photonics segments. It offers high voltage cable solutions, including high voltage onshore and offshore AC and DC, city, and dynamic cables; medium voltage and universal cables; and low voltage building wires, flexible cables and conduits, control cables, 1 kV cables, and telecom energy cables. The company also provides high voltage cable accessories, such as transition joints, XLPE cable accessories, and low pressure oil filled cable system; medium voltage cable accessories, which include medium voltage cable joints, cable connectors, voltage terminations, cable branch cabinets, paper-insulated lead sheath cables, and pre-assembled cable links. In addition, it offers onshore cable services comprising of repair preparedness, monitoring solutions, maintenance, spare parts management, resources on call, fault location, and cable jointing and termination; offshore cable services consisting of marine resource plan; high voltage testing services; and oil and gas cable competence center services, as well as provides technology consulting services. The company was formerly known as NKT Holding A/S and changed its name to NKT A/S in May 2017. NKT A/S was founded in 1891 and is headquartered in Brøndby, Denmark.",DKK,Industrials,Capital Goods,Electrical Equipment,CPH,XCSE,Nasdaq Copenhagen,Denmark,,Brondby,2605,http://www.nkt.com,Mid Cap,,,BBG000BSCYF1,BBG000BSCY61,BBG001SGFR32,False
NLFSK.CO,Nilfisk Holding A/S,"Nilfisk Holding A/S manufactures and sells cleaning solutions and services worldwide. The company operates through five segments: EMEA, Americas, APAC, Consumer, and Private Label and Other. It offers commercial and industrial vacuum cleaners; floor cleaning products, including single-disc, burnishers, carpet extractors, scrubber dryers, steam cleaners, sweepers, and combination machines; mobile, stationary, and petrol/diesel driven pressure washers; and industry, vehicle, floor care, surface, and textile detergents, as well as care and maintenance products, and disinfectants. The company serves agriculture, automotive, building and construction, contract cleaners, education, food and beverage, healthcare, hospitality, iron and metal, manufacturing, offices and public buildings, pharma, retail, and warehousing and logistics. It serves customers through a network of dealers and distributors, as well as through e-commerce sales. The company was founded in 1906 and is headquartered in Brøndby, Denmark.",DKK,Industrials,Capital Goods,Machinery,CPH,XCSE,Nasdaq Copenhagen,Denmark,,Brondby,2605,http://www.nilfisk.com,Small Cap,DK0060907293,,,,BBG00HRW4953,True
NNIT.CO,NNIT A/S,"NNIT A/S provides a range of information technology (IT) services and solutions to customers primarily in the life sciences sector in Denmark and internationally. The company provides advisory services comprising IT organization optimization, outsourcing, organization change management, IT project excellence, mobility, digital transformation, and robotic process automation services. It also offers business solutions, which include life science solutions; enterprise resource planning (ERP) and ERP transformation services; portals and collaborations; enterprise content management, information management, and supply chain management solutions; and DevOps solutions. In addition, the company provides application outsourcing solutions, such as network and local delivery, ERP outsourcing, portals outsourcing and collaboration, and platform-as-a-service. Further, it offers infrastructure outsourcing services, including business critical hosting, network management, device management, security and compliance management, and middleware integration services; infrastructure-as-a-service; and service desk, application support, and onsite support services. Additionally, the company provides cybersecurity solutions comprising cybersecurity consulting, regulatory compliance, application security, cloud security, identity and access management, and managed security solutions; operates cyber defense center; and offers cybersecurity training services. The company serves public, enterprise, healthcare, and finance sectors. NNIT A/S was founded in 1994 and is headquartered in Soborg, Denmark.",DKK,Information Technology,Software & Services,IT Services,CPH,XCSE,Nasdaq Copenhagen,Denmark,,Soborg,2860,http://www.nnit.com,Micro Cap,,,BBG0085ZLHJ8,BBG0015CRSX8,BBG001TBMKZ4,False
NORDIC.CO,Nordic Shipholding A/S,"Nordic Shipholding A/S operates as a ship owning company in Denmark. It owns five product tanker vessels, which include four handysize tankers and one LR1 vessel. The company was formerly known as Nordic Tankers A/S and changed its name to Nordic Shipholding A/S in 2012. Nordic Shipholding A/S was founded in 1984 and is based in Copenhagen, Denmark. Nordic Shipholding A/S is a subsidiary of Nordic Maritime S.à r.l.",DKK,Industrials,Transportation,Marine,CPH,XCSE,Nasdaq Copenhagen,Denmark,,Copenhagen,1256,http://www.nordicshipholding.com,Nano Cap,,,,,,True
NORTHM.CO,North Media A/S,"North Media A/S engages in the media business in Denmark. The company disseminates offers and information to various Danish consumers through minetilbud.dk; and distributes advertising materials, leaflets, local newspapers, and direct mails. It also provides logistical services, including packing leaflets for local Danish clients and for Deutsche Post. In addition, the company invests in, develops, and operates digital platforms that market and arrange rented housing, jobs, and loans. Further, it develops and supplies secure digital access solutions for professionals and home users. The company was formerly known as Søndagsavisen a-s and changed its name to North Media A/S in April 2010. North Media A/S was founded in 1965 and is based in Søborg, Denmark.",DKK,Communication Services,Media & Entertainment,Media,CPH,XCSE,Nasdaq Copenhagen,Denmark,,Soborg,2860,http://www.northmedia.dk,Micro Cap,,,BBG000JLF3C6,BBG000JLF2T0,BBG001SB9ST0,False
NOVO-B.CO,Novo Nordisk A/S,"Novo Nordisk A/S, a healthcare company, engages in the research, development, manufacture, and marketing of pharmaceutical products worldwide. It operates in two segments, Diabetes and Obesity care, and Biopharm. The Diabetes and Obesity care segment provides products in the areas of insulins, GLP-1 and related delivery systems, oral antidiabetic products, obesity, and other chronic diseases. The Biopharmaceuticals segment offers products in the areas of haemophilia, growth disorders, and hormone replacement therapy. The company collaboration agreements with Lund University to develop treatment for Parkinson's diseases; and bluebird bio, Inc. to develop genome editing treatments for children and adult patients. The company was founded in 1923 and is headquartered in Bagsvaerd, Denmark.",DKK,Health Care,"Pharmaceuticals, Biotechnology & Life Sciences",Biotechnology,CPH,XCSE,Nasdaq Copenhagen,Denmark,,Bagsvaerd,2880,http://www.novonordisk.com,Large Cap,,,,,,False
NRDF.CO,Nordfyns Bank A/S,"Nordfyns Bank A/S provides banking and related financial products to individuals, and small and medium-sized businesses in Denmark. The company offers accounts and deposits, loans, and savings products; and debit cards, mobile banking, and currency and travel currency services. It serves customers through a network of eight branches. Nordfyns Bank A/S was founded in 1897 and is headquartered in Odense, Denmark.",DKK,Financials,Banks,Banks,CPH,XCSE,Nasdaq Copenhagen,Denmark,,Odense,5000,http://www.nordfynsbank.dk,Micro Cap,,,,,,True
NSIS-B.CO,Novonesis Novozymes B,,DKK,Materials,Materials,Chemicals,CPH,XCSE,Nasdaq Copenhagen,Denmark,,,,https://www.novonesis.com,Large Cap,,,,,,False
NTG.CO,NTG Nordic Transport Group A/S,"NTG Nordic Transport Group A/S, through its subsidiaries, provides cargo transportation services through truck, ship, and aircraft in Denmark and internationally. The company operates in two divisions, Road & Logistics and Air & Ocean. It offers project transportation, warehousing/logistics, customs, express, and other services, as well as road, air, and sea freight transportation services. The company was formerly known as NeuroSearch A/S and changed its name to NTG Nordic Transport Group A/S in October 2019. NTG Nordic Transport Group A/S was incorporated in 1988 and is headquartered in Hvidovre, Denmark.",DKK,Industrials,Transportation,Air Freight & Logistics,CPH,XCSE,Nasdaq Copenhagen,Denmark,,Hvidovre,2650,http://ntg.com,Small Cap,,,BBG000J3XJ40,BBG000J3XHF2,BBG001S9RDW4,False
NZYM-B.CO,Novozymes A/S,"Novozymes A/S produces and sells industrial enzymes and microorganisms in Europe, the Middle East, Africa, North America, the Asia Pacific, and Latin America. The company offers agriculture solutions, including crop production, and animal health and nutrition solutions; liquefaction, saccharifaction, fermentation, cellulosic hydrolysis, and process enhancement solutions for bioenergy; baking, beverages, dairy, starch, and protein ingredients for the food and beverage industry; and laundry, dishwashing, and professional cleaning solutions for the household care industry. It also provides wastewater solutions, such as additives, biogas production, industrial bio cleaning, compound removal, odor control, and system start-up solutions; and textile solutions comprising denim abrasion and finishing, biopreparation, biopolishing bleach clean-up, and desizing solutions. In addition, the company offers forest products that include bleach boosting, deinking, fiber modification, effluent control, pitch and stickies control, and starch modification products; and leather solutions, which comprise biopreparation, degreasing, and re-bating. Further, it provides pharmaceutical solutions, including lipases, immobilized lipases, and proteases for biocatalysis; and rTrypsin for cell culture. Novozymes A/S has collaboration with FMC Corporation to co-develop enzyme solutions. The company is based in Bagsvaerd, Denmark.",DKK,Materials,Materials,Chemicals,CPH,XCSE,Nasdaq Copenhagen,Denmark,,Bagsvaerd,2880,http://www.novozymes.com,Large Cap,,,,,,True
ODICO-T.CO,Odico A/S T-ret,"Odico A/S T-ret is a robotics company that develops and manufactures robotic solutions for the construction industry. The company's technology automates and optimizes various construction processes, such as cutting and shaping complex geometries. Odico A/S is headquartered in Odense, Denmark.",DKK,Industrials,Capital Goods,,CPH,XCSE,Nasdaq Copenhagen,,,,,,,,,,,,False
ODICO.CO,Odico A/S,"Odico A/S manufactures formwork for the construction and wind turbine industries. It also provides consulting services, such as CAD-CAM integration, design guide and verification, parametric design and advanced modeling, project management, and project engineering services, as well as development of solutions for fabrication; and prototyping services. The company was founded in 2012 and is headquartered in Odense, Denmark.",DKK,Industrials,Capital Goods,Machinery,CPH,XCSE,Nasdaq Copenhagen,Denmark,,Odense,5000,http://www.odico.dk,Nano Cap,,,,,,True
OKEAC.CO,Det Østasiatiske Kompagni A/S,"Det Østasiatiske Kompagni A/S is a company listed on the Nasdaq Copenhagen under the ticker OKEAC. It operates in the Capital Markets industry within the Financials sector. The company is headquartered in Copenhagen, Denmark.",DKK,Financials,Diversified Financials,Capital Markets,CPH,XCSE,Nasdaq Copenhagen,Denmark,,Copenhagen,2100,https://www.eac.dk,Nano Cap,DK0061277894,,,,BBG001SB1SN4,False
ONXEO.CO,Onxeo SA,"Onxeo SA, a clinical-stage biotechnology company, designs and develops oncology drugs for tumor DNA repair functions worldwide. The company offers Beleodaq for the treatment of relapsed or refractory peripheral T-cell lymphoma. It also develops AsiDNA, which is in Phase 1 clinical trial for the treatment of metastatic melanoma; OX401, which is in preclinical stage for treating DNA damage response and immuno-oncology; and Validive, which completed Phase II clinical trial for the treatment of oral mucositis in patients treated for a head and neck cancer. Onxeo SA has a collaboration and licensing agreement with Spectrum Pharmaceuticals for the development of Beleodaq; a license agreement with Monopar Therapeutics Inc. to develop Validive; and clinical research agreement with Gustave Roussy to conduct clinical trial of AsiDNA for the treatment of relapsed ovarian cancer. The company was formerly known as BioAlliance Pharma SA and changed its name to Onxeo SA in July 2014. Onxeo SA was founded in 1997 and is headquartered in Paris, France.",DKK,Health Care,"Pharmaceuticals, Biotechnology & Life Sciences",Biotechnology,CPH,XCSE,Nasdaq Copenhagen,France,,Paris,75015,http://www.onxeo.com,Micro Cap,,,,,,True
ORPHA.CO,Orphazyme A/S,"Orphazyme A/S, a biopharmaceutical company, develops therapies for the treatment of neurodegenerative orphan diseases. The company focuses on the amplification of heat-shock proteins to develop and commercialize therapeutics for diseases caused by protein misfolding and aggregation, and lysosomal dysfunction, including lysosomal storage and neuromuscular degenerative diseases. Its lead candidate is the Arimoclomol, which is in clinical development for four orphan diseases, including Niemann-Pick disease type C, Amyotrophic Lateral Sclerosis, Inclusion Body Myositis, and Gaucher disease. The company was incorporated in 2009 and is headquartered in Copenhagen, Denmark.",DKK,Health Care,"Pharmaceuticals, Biotechnology & Life Sciences",Biotechnology,CPH,XCSE,Nasdaq Copenhagen,Denmark,,Copenhagen,2200,http://www.orphazyme.com,Small Cap,DK0060910917,,,,,True
ORSTED.CO,Orsted A/S,"Ørsted A/S, together with its subsidiaries, develops, constructs, owns, and operates offshore and onshore wind farms, solar farms, energy storage facilities, and bioenergy plants. It operates through Offshore, Onshore, and Markets & Bioenergy segments. The Offshore segment develops, constructs, owns, and operates offshore wind farms in the United Kingdom, Germany, Denmark, the Netherlands, the United States, Taiwan, Japan, and South Korea. The Onshore segment develops, owns, and operates onshore wind and solar farms in the United States. The Markets & Bioenergy segment engages in the generation of heat and power from combined heat and power plants in Denmark; sells power and gas in the wholesale and B2B markets; and optimizes and hedges energy portfolio. The company was formerly known as DONG Energy A/S and changed its name to Ørsted A/S in November 2017. Ørsted A/S was founded in 1972 and is headquartered in Fredericia, Denmark.",DKK,Utilities,Utilities,Independent Power and Renewable Electricity Producers,CPH,XCSE,Nasdaq Copenhagen,Denmark,,Fredericia,7000,http://www.orsted.com,Large Cap,,,BBG00B2HPN16,BBG000BXG658,BBG001S7BMJ0,False
OSSR.CO,Össur hf.,"Össur hf., together with its subsidiaries, designs, develops, produces, and sells non-invasive orthopedic products in Europe, the Middle East, Africa, the Americas, and the Asia-Pacific. It offers prosthetics products, including artificial limbs and related products for amputees; and lower and upper limb prosthetic components, including feet, knees, hands, fingers, liners, and other components. The company also provides bracing and supports products, such as supporting devices for spinal, knee, hip, foot, ankle, and hands that are primarily used to support joints and other body parts for therapeutic and preventative purposes; and injury solutions to enhance the healing process of bone and soft tissue injuries. It serves specialized healthcare providers, including orthopedic and prosthetic clinics, hospitals, and surgery centers. The company sells its products through its direct sales networks and distributors. Össur hf. was founded in 1971 and is headquartered in Reykjavik, Iceland. Össur hf. is a subsidiary of William Demant Invest A/S.",DKK,Health Care,Health Care Equipment & Services,Health Care Equipment & Supplies,CPH,XCSE,Nasdaq Copenhagen,Iceland,,Reykjavik,110,http://www.ossur.com,Mid Cap,,,,,,True
PAAL-B.CO,Per Aarsleff Holding A/S,"Per Aarsleff Holding A/S, together with its subsidiaries, offers building construction and civil engineering services in Denmark and internationally. It operates through three segments: Construction, Pipe Technologies, and Ground Engineering. The Construction segment offers domicile construction, building renovation, and technical contracts, as well as infrastructure projects involving district heating, earthwork, roads, sewers, cables, paving, and railway work. The Pipe Technologies segment offers pipe renewal services. The Ground Engineering segment offers pile driving and foundation work, including sheet pile walls and combi walls, secant pile walls, and diaphragm walls, as well as driven and drilled king post walls. The company was formerly known as Per Aarsleff A/S and changed its name to Per Aarsleff Holding A/S in April 2016. Per Aarsleff Holding A/S was founded in 1947 and is headquartered in Viby J, Denmark.",DKK,Industrials,Capital Goods,Construction & Engineering,CPH,XCSE,Nasdaq Copenhagen,Denmark,,Viby J,8260,http://www.aarsleff.com,Mid Cap,,,,,,False
PARKEN.CO,PARKEN Sport & Entertainment A/S,"PARKEN Sport & Entertainment A/S operates in the sports industry in Denmark. The company operates a football stadium and club, and office properties. It is also involved in the operation of Lalandia holiday and activity centers; and the rental and sale of holiday homes. The company was founded in 1991 and is based in Copenhagen, Denmark.",DKK,Consumer Discretionary,Consumer Services,"Hotels, Restaurants & Leisure",CPH,XCSE,Nasdaq Copenhagen,Denmark,,Copenhagen,2100,http://www.parken.dk,Small Cap,,,BBG000DNBJ91,BBG000DNBJ00,BBG001SDS7P5,False
PARKST-A.CO,Park Street A/S,"Park Street A/S is a company listed on the Nasdaq Copenhagen under the ticker PARKST-A. It operates in the Real Estate Management & Development industry within the Real Estate sector. The company is headquartered in Copenhagen, Denmark.",DKK,Real Estate,Real Estate,Real Estate Management & Development,CPH,XCSE,Nasdaq Copenhagen,Denmark,,Copenhagen,1256,https://www.psnas.com,Micro Cap,DK0010158500,,,,BBG001S9B7T8,False
PEG.CO,Pharma Equity Group A/S,"Pharma Equity Group A/S is a company listed on the Nasdaq Copenhagen under the ticker PEG. It operates in the Biotechnology industry within the Health Care sector. The company is headquartered in Horsholm, Denmark.",DKK,Health Care,"Pharmaceuticals, Biotechnology & Life Sciences",Biotechnology,CPH,XCSE,Nasdaq Copenhagen,Denmark,,Horsholm,2970,https://www.pharmaequitygroup.com,Nano Cap,DK0061155009,,,,BBG001SLPJR2,False
PENNEO.CO,Penneo ApS,"Penneo ApS, a software-as-a-service company, provides an eco-system of automation solutions that digitizes companies' workflows of signing and managing documents. It digitizes, automates, and secures digital document handling workflows. The company serves customers in various industries, such as property management, finance, real estate, HR, and legal. Penneo ApS was founded in 2014 and is headquartered in Copenhagen, Denmark.",DKK,Information Technology,Software & Services,Software,CPH,XCSE,Nasdaq Copenhagen,Denmark,,Copenhagen,1647,http://penneo.com,Micro Cap,,,,,,True
PFINV.CO,Papirfabrikken Invest A/S,"Papirfabrikken Invest A/S is a company listed on the Nasdaq Copenhagen under the ticker PFINV. It operates in the Real Estate Management & Development industry within the Real Estate sector. The company is headquartered in Silkeborg, Denmark.",DKK,Real Estate,Real Estate,Real Estate Management & Development,CPH,XCSE,Nasdaq Copenhagen,Denmark,,Silkeborg,8600,https://papirfabrikkeninvest.dk,Nano Cap,DK0010128008,,,,BBG001SB8VL2,False
PNDORA.CO,Pandora A/S,"Pandora A/S designs, manufactures, and markets hand-finished and contemporary jewelry worldwide. The company's jewelry material includes silver and gold, man-made stones, gemstones, cultured pearls, and diamonds, as well as enamel, glass, leather, and textile products. Its products primarily include charms, bracelets, rings, earrings, necklaces, and pendants. The company operates through a network of 2,690 concept stores, which include 1,382 company owned stores and 1308 partner owned stores; and 4,402 other points of sale, as well as eSTOREs. Pandora A/S was founded in 1982 and is headquartered in Copenhagen, Denmark.",DKK,Consumer Discretionary,Consumer Durables & Apparel,"Textiles, Apparel & Luxury Goods",CPH,XCSE,Nasdaq Copenhagen,Denmark,,Copenhagen,1561,http://www.pandoragroup.com,Mid Cap,DK0060252690,,BBG0016S3JL1,BBG000VGFVT3,BBG001T2CR53,False
PRIMOF.CO,Prime Office A/S,"Prime Office A/S operates as a real estate company. It primarily invests in centrally located office buildings in Germany. Prime Office A/S is based in Aarhus, Denmark.",DKK,Real Estate,Real Estate,Real Estate Management & Development,CPH,XCSE,Nasdaq Copenhagen,Denmark,,Aarhus,8000,http://www.primeoffice.dk,Micro Cap,,,BBG000G1MLL5,BBG000G1ML17,BBG001SRD0Z4,False
PSNRDC-A.CO,Park Street Nordicom A/S,"Park Street Nordicom A/S operates as a real estate investment and asset management company. The company owns and manages portfolio of commercial properties located primarily in Greater Copenhagen, Zealand, Bornholm, Fyn, and Jutland. Its property portfolio includes residential, office, retail, hotel, and storage properties. The company was formerly known as Nordicom A/S and changed its name to Park Street Nordicom A/S in June 2017. The company was founded in 1989 and is headquartered in Copenhagen, Denmark. Park Street Nordicom A/S is a subsidiary of Park Street Asset Management Limited.",DKK,Real Estate,Real Estate,Real Estate Management & Development,CPH,XCSE,Nasdaq Copenhagen,Denmark,,Copenhagen,2400,http://www.psnas.com,Micro Cap,,,,,,False
RBLN-B.CO,Roblon A/S,"Roblon A/S develops, produces, and sells coated and extruded fiber solutions primarily used in the fiber optic cable and energy sectors. It provides cable fibers, including glass strength members, polyester binder yarns, aramid strength members, ripcords, cable fillers, fiber reinforced plastics, and other products; and cable machinery, such as servers, binders, pay offs, precision winders, caterpillars, and quick adapters for the fiber cable industry. The company also offers offshore solutions comprising orbit straps, multi straps, flex straps, clamp straps, quick straps, ratchet straps, and single and double bolt tension devices; composite reinforcement tapes; composite fiber tapes for anti-bird caging; submarine reinforcement cables, strapping systems, safety nets, and reinforcement of thermoplastic pipes; and high-voltage pulling ropes and coated lines. It operates in Denmark, the United Kingdom, rest of Europe, Asia, Brazil, Italy, Latin America, and the United States. The company was founded in 1957 and is headquartered in Frederikshavn, Denmark.",DKK,Industrials,Capital Goods,Machinery,CPH,XCSE,Nasdaq Copenhagen,Denmark,,Frederikshavn,9900,http://www.roblon.com,Nano Cap,,,,,,False
RBREW.CO,Royal Unibrew A S,"Royal Unibrew A/S produces, markets, sells, and distributes beer, malt, soft drinks, ciders, and ready-to-drink products. The company also provides spring water, natural mineral water, energy drinks, fruit juices, nectar drinks, long drinks, and cocktail products. It offers its products under the Royal Beer, Schiøtz, Lottrup, Kissmeyer, Anarkist, Albani, Ceres, Thor, Faxe Kondi, Nikoline, Egekilde, Faxe Kondi Booster, Tempt, Norden, Polar Monkey, Lorina, CULT Energy, SHAKER, MOKAÏ, PureThé, InFreshhh, LemonSoda, OranSoda, PelmoSoda, TonicSoda, Crodo Lisiel, Crodo Chinotto, Karjala, Lapin Kulta, Aura, Lahden Erikois, Original Long Drink, Upcider, Happy Joe, Jaffa, ED, Novelle, Kalnapilis, Taurus, the Vilkmerges, Cido, Mangali, Fruts, Lacplesa Alus, Livu Alus, the Lielvardes, Meistriti Gildi, Terme di Crodo, Vitamalt, Supermalt, Powermalt, LACPLESIS, and Nohrlund brands. The company also provides license-based international brands, such as Heineken and PepsiCo; and a range of international spirits and wine brands, including Johnny Walker, Captain Morgan, Lanson, Baileys, and JP. Chenet on an agency basis. It serves customers in Denmark, Germany, Italy, France, Finland, Lithuania, Latvia, Estonia, and internationally. The company was formerly known as Bryggerigruppen A/S and changes its name to Royal Unibrew A/S in 2005. Royal Unibrew A/S is headquartered in Faxe, Denmark.",DKK,Consumer Staples,"Food, Beverage & Tobacco",Beverages,CPH,XCSE,Nasdaq Copenhagen,Denmark,,Faxe,4640,http://www.royalunibrew.com,Mid Cap,DK0060634707,,BBG000BMDJS2,BBG000BMDJJ2,BBG001S8RFP9,False
RIAS-B.CO,RIAS A/S,"RIAS A/S supplies plastic products in Scandinavia. It offers semi-finished plastic products for industries, such as building, construction, chemical, mechanical, offshore, food, furniture and packaging, and visual communication industries. The company was founded in 1959 and is headquartered in Roskilde, Denmark. RIAS A/S is a subsidiary of thyssenkrupp Facilities Services GmbH.",DKK,Materials,Materials,Construction Materials,CPH,XCSE,Nasdaq Copenhagen,Denmark,,Roskilde,4000,http://www.rias.dk,Nano Cap,,,,,,False
RILBA.CO,Ringkjobing Landbobank A/S,"Ringkjøbing Landbobank A/S provides various banking products and services in Denmark. It offers various deposits, and loans and guarantees, as well as mortgage credit, securities trading, asset management and custody accounts, foreign exchange, and payment handling services. Ringkjøbing Landbobank A/S was founded in 1886 and is headquartered in Ringkøbing, Denmark.",DKK,Financials,Banks,Banks,CPH,XCSE,Nasdaq Copenhagen,Denmark,,Ringkobing,6950,http://www.landbobanken.dk,Mid Cap,,,,,,False
RISMA.CO,Risma Systems A/S,"Risma Systems A/S offers a software suite for governance, risk, and compliance (GRC) activities for private and public sectors in Denmark. The company offers GRC platform, a cloud-based Software-as-a-service solution which helps organizations to automate, report, and document controls across the organization through software. Its platform provides solutions for GRC, including privacy and general data protection regulation; information security management system; risk management; financial controls; and incident, policy, and vendor management sysyems. Risma Systems A/S was founded in 2014 and is headquartered in Herlev, Denmark.",DKK,Information Technology,Software & Services,Software,CPH,XCSE,Nasdaq Copenhagen,Denmark,,Herlev,2730,http://www.rismasystems.com,Nano Cap,,,,,,True
RLAINV.CO,Ress Life Investments A/S,"Ress Life Investments A/S invests in the European senior care market by providing financing to operators and developers of care homes and assisted living facilities. The company aims to generate stable returns by investing in properties that provide essential services to the elderly. Ress Life Investments is based in Copenhagen, Denmark.",EUR,Financials,Insurance,Insurance,CPH,XCSE,Nasdaq Copenhagen,Denmark,,Copenhagen,1057,http://www.resslifeinvestments.com,Micro Cap,,,BBG00D8KZ0D5,BBG00D8KYR29,BBG0035W4011,False
ROCK-A.CO,ROCKWOOL International A/S,"ROCKWOOL International A/S, together with its subsidiaries, manufactures and sells stone wool insulations in Western Europe, Eastern Europe, North America, Asia, and internationally. The company operates through two segments, Insulation and Systems segments. It offers fire-safe stone wool insulation under the ROCKWOOL brand name; fire-safe acoustic ceiling tiles and systems under the Rockfon brand name; board materials that are applied in ventilated constructions for facade cladding, roof detailing, soffits, and fascia under the Rockpanel brand name; stone wool growing media and technology solutions for the horticulture industry under the Grodan brand name; and stone wool-based products used in automotive, urban acoustics, and urban climate adaptation applications under the Lapinus brand name. The company's products are used in roof, floor, ceiling, internal and external wall, HVAC, acoustic, industrial, marine and offshore, and OEM insulation, as well as passive fire protection, friction and water management, and other applications. ROCKWOOL International A/S was founded in 1909 and is based in Hedehusene, Denmark.",DKK,Industrials,Capital Goods,Building Products,CPH,XCSE,Nasdaq Copenhagen,Denmark,,Hedehusene,2640,http://www.rockwool.com/group,Mid Cap,DK0010219153,,,,,False
ROCK-B.CO,ROCKWOOL International A/S,"ROCKWOOL International A/S, together with its subsidiaries, manufactures and sells stone wool insulations in Western Europe, Eastern Europe, North America, Asia, and internationally. The company operates through two segments, Insulation and Systems segments. It offers fire-safe stone wool insulation under the ROCKWOOL brand name; fire-safe acoustic ceiling tiles and systems under the Rockfon brand name; board materials that are applied in ventilated constructions for facade cladding, roof detailing, soffits, and fascia under the Rockpanel brand name; stone wool growing media and technology solutions for the horticulture industry under the Grodan brand name; and stone wool-based products used in automotive, urban acoustics, and urban climate adaptation applications under the Lapinus brand name. The company's products are used in roof, floor, ceiling, internal and external wall, HVAC, acoustic, industrial, marine and offshore, and OEM insulation, as well as passive fire protection, friction and water management, and other applications. ROCKWOOL International A/S was founded in 1909 and is based in Hedehusene, Denmark.",DKK,Industrials,Capital Goods,Building Products,CPH,XCSE,Nasdaq Copenhagen,Denmark,,Hedehusene,2640,http://www.rockwool.com/group,Mid Cap,DK0010219153,,,,,False
ROV.CO,Rovsing A/S,"Rovsing A/S develops, manufactures, and delivers systems for functional and electrical testing of spacecrafts and their payloads in Europe and internationally. It offers satellite and payload check-out systems for complete satellite or satellite subsystem testing; on-board software solutions, such as command and control systems, user interfaces, and advanced monitoring systems; and ground support software solutions, as well as simulation and evaluation software solutions. The company also provides independent software verification and validation services for the European unmanned cargo module ATV that is used to bring goods to the International Space Station and docking with it automatically; and on-site engineering support services, such as software engineering, project management, quality assurance and configuration management, and system operation and maintenance, as well as assembly, integration, and validation services. It serves European and the United States based space groups and European space agencies. The company was formerly known as SSBV-Rovsing A/S and changed its name to Rovsing A/S in October 2016. Rovsing A/S was founded in 1992 and is headquartered in Skovlunde, Denmark.",DKK,Industrials,Capital Goods,Aerospace & Defense,CPH,XCSE,Nasdaq Copenhagen,Denmark,,Skovlunde,2740,http://www.rovsing.dk,Nano Cap,,,BBG000QB32G1,BBG000QB3226,BBG001SRZRD5,False
RTX.CO,RTX A/S,"RTX A/S designs and develops advanced wireless short-range radio systems and products in Denmark and internationally. It operates in two segments, Design Services and Business Communications. The company designs, develops, and manufactures wireless IP telephony products and sub-systems, including headsets, handsets, base stations, repeaters for PBX systems and VoIP solutions, location beacons, and advanced cloud-based deployment, monitoring, tracking and administration tools for professional use; microphones, instruments, mixers, speakers etc., as well as professional audio applications, such as monitoring systems, conference systems, and content creation solutions for journalists/vloggers/streamers; intercom systems; and wireless transmission solution for use in wireless gaming headsets, controllers, mice, and keyboards etc. It also offers wireless modules and products for continuous patient monitoring in hospitals; and design and development support services, as well as actual modules, sub-components, and end products on an ODM basis for the wireless solutions. In addition, the company also provides Sheersound audio codec for wireless transfer of live audio signals; and Sheerlink product solutions for wireless music transmission. RTX A/S was founded in 1993 and is headquartered in Nørresundby, Denmark.",DKK,Information Technology,Technology Hardware & Equipment,Communications Equipment,CPH,XCSE,Nasdaq Copenhagen,Denmark,,Norresundby,9400,http://www.rtx.dk,Micro Cap,DK0010267129,,,,BBG001S5X5Q9,False
SANI.CO,Sanistål A/S,"Sanistål A/S engages in the wholesale and services business in Denmark and internationally. The company offers steel and metal, fittings and securing, technical, electrical engineering, and fastening products; chemistry products and consumables; personal equipment; tools; contractor materials; and water supply products. It also provides heat, ventilation, sanitation, and building drain products; plumbing tools; fire equipment; bathroom furniture and mirrors; roof and façade products; plumbing valves; packing materials and insulation; luminaires and accessories; and kitchen and utility sinks. In addition, it offers delivery, inventory management, product processing, support and guidance, and digital services. Sanistål A/S was founded in 1853 and is headquartered in Aalborg, Denmark.",DKK,Industrials,Capital Goods,Industrial Conglomerates,CPH,XCSE,Nasdaq Copenhagen,Denmark,,Aalborg,9000,http://www.sanistaal.com,Micro Cap,,,,,,False
SBS.CO,Scandinavian Brake Systems A/S,"Scandinavian Brake Systems A/S, together with its subsidiaries, sources, completes, stocks, markets, and distributes spare parts for cars and vans in Europe and internationally. The company offers various wear parts for automotive aftermarket, including mechanical and hydraulic brake parts; steering parts and wheel bearing kits; suspension and transmission parts; clutch parts; starters and alternators; and brake discs, brake drums, brake callipers, and brake shoes under the NK and Eurobrake brands, as well as private labels. It serves international, national, and local distributors, including capital chains, purchasing groups independent distributors, and e-commerce platforms. The company was formerly known as OBTEC and changed its name to Scandinavian Brake Systems A/S in 2003. Scandinavian Brake Systems A/S was founded in 1964 and is based in Svendborg, Denmark. Scandinavian Brake Systems A/S is a subsidiary of Stiholt Holding A/S.",DKK,Consumer Discretionary,Automobiles & Components,Auto Components,CPH,XCSE,Nasdaq Copenhagen,Denmark,,Svendborg,5700,http://www.sbs-group.dk,Nano Cap,,20441A102,,,,True
SCAPE.CO,Scape Technologies A/S,"Scape Technologies A/S, a robotics company, develops and sells bin-picking systems based on 3D computer vision. It provides SCAPE software for handling random, structured, and semi-structured components; SCAPE Picker tool for collection, controlling, and placing of subcomponents and parts; SCAPE Bin-Picking Manager, a software which handles recognition and picking of parts; SCAPE Communication Server, which enables communication of robot movements and status between SCAPE controller and robot controller; and SCAPE Calibration Manager, an application used for configuring all the units in a work cell. The company also offers SCAPE Part Training Studio, an application for training new parts based on a CAD files; software for structured and random parts; SCAPE Tool Units and Grippers; SCAPE 3D Scanner Recognition solutions; SCAPE Automatic Self Test and Cast Station for verifying the calibration of sensors and functionality of grippers; SCAPE 3D Orientation Control, which helps to handle parts for precision delivery for further processes; SCAPE Controller PC used to run with SCAPE software and hardware modules; and SCAPE Hardware Module solutions. In addition, it offers solutions for gripping and sorting packets and letters for distribution for logistic markets. Scape Technologies A/S was founded in 2004 and is headquartered in Odense, Denmark.",DKK,Information Technology,Software & Services,Software,CPH,XCSE,Nasdaq Copenhagen,Denmark,,Odense,5000,http://www.scapetechnologies.com,Nano Cap,,,,,,True
SCD.CO,Small Cap Danmark A/S,"Small Cap Danmark A/S operates as a publicly owned investment manager. Small Cap Danmark A/S is based in Copenhagen, Denmark.",DKK,Financials,Diversified Financials,Capital Markets,CPH,XCSE,Nasdaq Copenhagen,Denmark,,Copenhagen,1111,http://www.smallcap.dk,Nano Cap,,,,,,False
SCHO.CO,Aktieselskabet Schouw & Co.,"Aktieselskabet Schouw & Co. operates as an industrial conglomerate in Denmark and internationally. It operates through six segments: BioMar, Fibertex Personal Care, Fibertex Nonwovens, GPV, HydraSpecma, and Borg Automotive. The company manufactures and sells feed for the salmon, trout, sea bass and bream, and shrimp to the shrimp and fish farming industry; spunbond/spunmelt nonwovens for the personal care industry; and non-woven textiles used for various industrial applications, including for cars, construction, and filtration solutions. It also manufactures and trades in hydraulic components and systems for industry and the aftermarket; remanufactured automotive parts for the automotive industry; and manufactures technical electronics, mechanics, cable harnessing, and mechatronics. The company was founded in 1878 and is headquartered in Aarhus, Denmark.",DKK,Industrials,Capital Goods,Industrial Conglomerates,CPH,XCSE,Nasdaq Copenhagen,Denmark,,Aarhus,8000,http://www.schouw.dk,Mid Cap,,,,,,False
SEIBDP.CO,SEBinvest - Balance Defensiv AKL,SEBinvest - Balance Defensiv AKL is headquartered in Denmark.,DKK,,,,CPH,XCSE,Nasdaq Copenhagen,Denmark,,,,http://seb.dk/pow/wcp/seb_invest_dk.asp?website=TAB1&lang=dk,,,,,,,False
SEIBSP.CO,SEBinvest - Balance Stabil AKL,SEBinvest - Balance Stabil AKL is headquartered in Denmark.,DKK,,,,CPH,XCSE,Nasdaq Copenhagen,Denmark,,,,,,,,,,,False
SEIBVP.CO,SEBinvest - Balance Vaekst AKL,SEBinvest - Balance Vækst AKL is headquartered in Denmark.,DKK,,,,CPH,XCSE,Nasdaq Copenhagen,Denmark,,,,,,,,,,,False
SEIDAAP.CO,SEBinvest - Danske Aktier Akkumulerende AKL,"SEBinvest - Danske Aktier Akkumulerende AKL is headquartered in Stockholm, Stockholm County, Sweden.",DKK,Financials,Diversified Financials,Capital Markets,CPH,XCSE,Nasdaq Copenhagen,Denmark,,,,https://seb.dk/SEBinvest,,,,,,,False
SEIDKAP.CO,SEBinvest - Danske Aktier AKL,SEBinvest - Danske Aktier AKL is an equity mutual fund launched and managed by SEB Asset Management. The fund invests in the public equity markets of Denmark. SEBinvest - Danske Aktier AKL is domiciled in Denmark.,DKK,Financials,Diversified Financials,Capital Markets,CPH,XCSE,Nasdaq Copenhagen,Denmark,,,,https://seb.dk/SEBinvest,,,,,,,False
SEIEHUP.CO,SEBinvest - Europa Hojt Udbytte AKL,SEBinvest - Europa Højt Udbytte AKL is an open ended equity mutual fund launched and managed by Investeringsforeningen SEBinvest. The fund invests in the public equity markets of Europe. It was formerly known as SEBinvest - Europa Hojt Udb. SEBinvest - Europa Højt Udbytte AKL is domiciled in Denmark.,DKK,Financials,Banks,,CPH,XCSE,Nasdaq Copenhagen,Denmark,,,,,,,,,,,True
SEIESCP.CO,SEBinvest - Europa Small Cap AKL,"SEBinvest - Europa Small Cap AKL is headquartered in Stockholm, Stockholm County, Sweden.",DKK,Financials,Banks,,CPH,XCSE,Nasdaq Copenhagen,Sweden,,Stockholm,106 40,https://seb.dk/SEBinvest,,,,,,,False
SEIJHP.CO,SEBinvest - Japan Hybrid AKL,"SEBinvest - Japan Hybrid AKL is headquartered in London, United Kingdom.",DKK,Financials,Banks,,CPH,XCSE,Nasdaq Copenhagen,United Kingdom,,London,EC4M 9JA,,,,,,,,False
SEINAII.CO,SEBinvest Nordamerika Indeks,"SEBinvest Nordamerika Indeks is headquartered in Stockholm, Stockholm County, Sweden.",DKK,Financials,Diversified Financials,,CPH,XCSE,Nasdaq Copenhagen,Sweden,,Stockholm,106 40,http://www.seb.dk,,,,,,,False
SEINAKP.CO,SEBinvest - Nordiske Aktier AKL,"SEBinvest - Nordiske Aktier AKL is headquartered in Stockholm, Stockholm County, Sweden.",DKK,Financials,Diversified Financials,,CPH,XCSE,Nasdaq Copenhagen,Sweden,,Stockholm,106 40,http://www.seb.dk/pow/wcp/seb_invest_dk.asp?ss=/pow/wcp/templates/sebarticle.cfmc.asp%3FDUID%3DDUID_565A64022A689042C125740B004BD62A%26xls%3Ddk/sebarticle.xls%26sitekey%3Dseb.dk%26lang%3Ddk,,,,,,,False
SHAPE.CO,Shape Robotics A/S,"Shape Robotics A/S, an educational technology company, develops robot systems for education purpose worldwide. The company develops Fable, a robot system that offers educational robot kits for use in teaching programs, robotics, and innovations in middle and secondary schools, as well as in universities. It also offers Fable Connect, a telepresence robotics system that enables schools to get homebound students back in the classroom using the robot as a communication device. The company sells its products directly, as well as through distributors and resellers. Shape Robotics A/S was founded in 2011 and is based in Farum, Denmark.",DKK,Information Technology,Software & Services,Software,CPH,XCSE,Nasdaq Copenhagen,Denmark,,Farum,3520,http://www.shaperobotics.com,Nano Cap,,,BBG00V7TM5V0,BBG00V7TM5T3,BBG00V7TM5Y7,True
SIF.CO,Silkeborg IF Invest A/S,"Silkeborg IF Invest A/S operates a professional football club in Denmark. It also engages in the rental and operation of business area; and hotel and conference activities. The company was formerly known as SIF Football Support A/S and changed its name to Silkeborg IF Invest A/S in 2008. Silkeborg IF Invest A/S was founded in 1917 and is based in Silkeborg, Denmark.",DKK,Consumer Discretionary,Consumer Services,"Hotels, Restaurants & Leisure",CPH,XCSE,Nasdaq Copenhagen,Denmark,,Silkeborg,8600,http://www.silkeborgif.com,Nano Cap,,,,,,True
SIG.CO,Scandinavian Investment Group A/S,"Scandinavian Investment Group A/S invests in real estate properties in Denmark. It also invests in and operates portfolio of companies in Scandinavia. The company was founded in 1908 and is based in Herlev, Denmark.",DKK,Materials,Materials,Paper & Forest Products,CPH,XCSE,Nasdaq Copenhagen,Denmark,,Herlev,2730,http://www.sca-inv-group.dk,Nano Cap,,,,,,False
SIM.CO,SimCorp A/S,"SimCorp A/S, together with its subsidiaries, provides investment management solutions for asset management, fund management, insurance, life/pension, central banks, asset servicing, treasury, sovereign wealth, and wealth management companies. It provides SimCorp Dimension, an integrated system, which provides multi-asset class support across the investment value chain; SimCorp Sofia, a front-to-back investment management solution for the Italian insurance market; SimCorp Gain, an enterprise data management solution for reference and market data management; and SimCorp Coric, a solution for client communications and reporting automation. The company offers front office solutions, including alternative investment, asset, order, and compliance manager; middle office solutions, such as performance, risk mitigation, and strategy manager; and back office solutions comprising cash and securities, collateral, corporate actions, fund administration, general ledger, investment accounting, and settlement manager. It also provides data and reporting solutions that include client communications, data warehouse, reconciliation, and enterprise data manager. In addition, the company offers regulatory compliance, managed business and data, managed application, operational, training, infrastructure and platform, value acceleration, and delivery services. The company has operations in North America, EMEA, and APAC countries. SimCorp A/S was founded in 1971 and is headquartered in Copenhagen, Denmark.",DKK,Information Technology,Software & Services,Software,CPH,XCSE,Nasdaq Copenhagen,Denmark,,Copenhagen,2300,http://www.simcorp.com,Mid Cap,DK0060495240,,,,,True
SKAKO.CO,Skako A/S,"SKAKO A/S designs, develops, and sells concrete batching plants and vibratory equipment in North America, Europe, Africa, and internationally. It operates through SKAKO Concrete and SKAKO Vibration segments. The company offers admix materials, including synthetic fibers, powder pigment metering, steel fiber proportioning, and polyprophylene fibers; cleaning systems; concrete mixers comprising Atlantis and Rotoconix; CONFLEX bucket conveyors; consistency controls; control systems; and Distribeton overhead gantry products, as well as concrete plant solutions. It also provides vibratory feeders, washing drums, grizzly and storage feeders, lift tippers, packaging and weigh systems, hydraulic and gear tippers, heat treatment products, on-off systems, heavy and medium duty screens, densimetric tables, flip flows, electroplating systems, and sorting and inspection systems. In addition, the company provides spare parts and after-sales services. SKAKO A/S was founded in 1960 and is headquartered in Faaborg, Denmark.",DKK,Industrials,Capital Goods,Machinery,CPH,XCSE,Nasdaq Copenhagen,Denmark,,Faaborg,5600,http://www.skako.com,Nano Cap,,,,,,True
SKJE.CO,Skjern Bank A/S,"Skjern Bank A/S provides various banking products and services to private, corporate, and institutional customers in Denmark. The company offers saving accounts; financing products; loans; pension funds; personal and travel insurances; real estate consulting, leasing, and investment services; and related advisory services, as well as credit cards. It serves the agriculture, industry, retail, transport, and real estate sectors, as well as private clients. The company operates branches in Skjern, Varde, Esbjerg, Bramming, Ribe, Hellerup, and Virum. Skjern Bank A/S was founded in 1906 and is based in Skjern, Denmark.",DKK,Financials,Banks,Banks,CPH,XCSE,Nasdaq Copenhagen,Denmark,,Skjern,6900,http://www.skjernbank.dk,Small Cap,,,BBG000BQV273,BBG000BQV228,BBG001SB9RY6,False
SLXIT.CO,Seluxit A/S,"Seluxit A/S provides Internet of Things solutions. It offers hardware and software, including embedded systems; Seluxit IoT platform; Wappsto, an App marketplace; and Wappsto apps that digitize products to provide Smart Home, Smart Meters, and Smart Machines solutions. The company was founded in 2006 and is based in Aalborg, Denmark.",DKK,Information Technology,Technology Hardware & Equipment,"Electronic Equipment, Instruments & Components",CPH,XCSE,Nasdaq Copenhagen,Denmark,,Aalborg,9200,http://www.seluxit.com,Nano Cap,,,,,,True
SOLAR-B.CO,Solar A/S,"Solar A/S is a company listed on the Nasdaq Copenhagen under the ticker SOLAR-B. It operates in the Construction & Engineering industry within the Industrials sector. The company is headquartered in Vejen, Denmark.",DKK,Industrials,Capital Goods,Construction & Engineering,CPH,XCSE,Nasdaq Copenhagen,Denmark,,Vejen,6600,https://www.solar.eu,Micro Cap,DK0010274844,,,,BBG001S9FVJ2,False
SPENN.CO,SPENN Technology A/S,"SPENN Technology A/S operates as a technology provider to banks and governments based on a Software as a Service solution in Denmark. The company operates the SPENN App, a digital banking platform for the unbanked, as well as the banked to send and receive money. SPENN App platform is a real-time payment system, which is used to manage savings, payments, investments, and loans. The company was formerly known as Npinvestor.com A/S and changed its name to SPENN Technology A/S in April 2021. SPENN Technology A/S is based in Copenhagen, Denmark.",DKK,Financials,Diversified Financials,Capital Markets,CPH,XCSE,Nasdaq Copenhagen,Denmark,,Copenhagen,2300,http://npinvestor.com,Nano Cap,,,,,,False
SPG.CO,SP Group A/S,"SP Group A/S engages in the manufacture and supply of moulded plastic and composite components primarily in Denmark, rest of Europe, the Americas, Asia, Australia, and Africa. The company develops and produces fluoroplastic coatings, and PTFE and other refined materials primarily for the healthcare, cleantech, and food-related industries. It also manufactures solid, foamed, flexible, and light-foam polyurethane products for the cleantech industry, as well as produces ventilation equipment, ergonomic mats, and striping products. In addition, the company offers thermo-formed plastic components for cleantech and medical device industries. Further, it provides injection-moulded plastic precision components for a range of industries; packaging for FDA-registered products for customers in the medical device industry; manufactures rotational-moulded precision components for range of industries; offers fenders and buoys to the maritime industry; manufactures blow-moulded plastic precision components for medical device industry; and composite solutions for various raw materials, as well as performs coatings on plastic and metal components. SP Group A/S was founded in 1972 and is headquartered in Søndersø, Denmark.",DKK,Materials,Materials,Chemicals,CPH,XCSE,Nasdaq Copenhagen,Denmark,,Sonderso,5471,http://www.sp-group.dk,Small Cap,DK0061027356,,BBG000BTV801,BBG000BTV7R4,BBG001SFJWY5,False
SPKSJF.CO,Sparekassen Sjaelland-Fyn A/S,"Sparekassen Sjælland-Fyn A/S, a savings bank, provides financial products and services to private and corporate customers. The company offers deposits and lending services, savings products, housing finance, pension savings products, asset management services, and investment and insurance products. It operates approximately 40 branches. The company was formerly known as Sparekassen Sjælland A/S and changed its name to Sparekassen Sjælland-Fyn A/S in May 2016. Sparekassen Sjælland-Fyn A/S was founded in 1825 and is based in Holbæk, Denmark.",DKK,Financials,Banks,Banks,CPH,XCSE,Nasdaq Copenhagen,Denmark,,Holbaek,4300,http://www.spks.dk,Small Cap,,,,,,False
SPNO.CO,Spar Nord Bank A/S,"Spar Nord Bank A/S provides various banking products and services to retail, business, and public sector customers in Denmark. It offers deposits, loans, advances, and guarantees; and mortgage loans, as well as custodianship accounts. The company also provides leasing products; and trading services in the field of equities, bonds, interest and forex, asset management, and international transactions. In addition, it offers consumer financing services through retail stores; gift voucher solutions through shopping centers and shopping center associations; and direct loans through its website, sparxpres.dk. The company operates through a network of 51 branches. Spar Nord Bank A/S was founded in 1824 and is based in Aalborg, Denmark.",DKK,Financials,Banks,Banks,CPH,XCSE,Nasdaq Copenhagen,Denmark,,Aalborg,9100,http://www.sparnord.com,Small Cap,,,,,,True
STENO.CO,Stenocare A/S,"Stenocare A/S cultivates, produces, imports, sells, and distributes prescription-based medical cannabis products in the Danish and European markets. It offers medical cannabis oil products. The company was founded in 2017 and is headquartered in Allerød, Denmark.",DKK,Health Care,"Pharmaceuticals, Biotechnology & Life Sciences",Pharmaceuticals,CPH,XCSE,Nasdaq Copenhagen,Denmark,,Allerod,3450,http://stenocare.dk,Nano Cap,,,,,,False
STG.CO,Scandinavian Tobacco Group A/S,"Scandinavian Tobacco Group A/S manufactures and sells cigars and pipe tobacco. The company offers fine-cut tobacco, and machine-cut and handmade cigars. It markets its products under the Bali Shag, Balmoral, Borkum Riff, Break, Bugler, Café Crème, CAO, Captain Black, Clan, Cohiba, Colt, Crossroad, Cubero, Erinmore, Escort, Hajenus, Henri Wintermans, Kite, La Gloria Cubana, La Paz, M by Colts, Macanudo, Mehari's, Mercator, Panter, Partagas, Petit, Signature, SLS SALSA, Stanwell, Talon, Tiedemanns, W.Ø. Larsen, and Winchester brand names. The company sells its products through online, catalogue, and retail chains. In addition, it offers contract manufacturing and licensing services for third parties; and sells accessories, fire products, accessories, and matches. It has operations in Dominican Republic, Honduras, Nicaragua, Indonesia, Sri Lanka, Europe, New Zealand, Australia, Canada, and the United States. The company was founded in 1750 and is based in Gentofte, Denmark.",DKK,Consumer Staples,"Food, Beverage & Tobacco",Tobacco,CPH,XCSE,Nasdaq Copenhagen,Denmark,,Gentofte,2820,http://www.st-group.com,Small Cap,,,BBG002H90GX5,BBG000BD5V13,BBG001S6FQS9,False
STIGEP.CO,Storebrand Global ESG Plus,"Storebrand Global ESG Plus is headquartered in Oslo, Oslo, Norway.",DKK,,,,CPH,XCSE,Nasdaq Copenhagen,Norway,,Oslo,122,,,,,,,,False
STIGM.CO,Storebrand Global Multifaktor Aksjefond,"Storebrand Global Multifaktor Aksjefond is a mutual fund managed by Storebrand Asset Management, a Norwegian asset manager; the fund invests in a diversified portfolio of global equities, selecting companies based on a multi-factor model that considers factors such as value, quality, and momentum; the fund aims to generate long-term capital appreciation.",DKK,Financials,Diversified Financials,Capital Markets,CPH,XCSE,Nasdaq Copenhagen,Norway,,,,https://www.storebrand.no,,,,,,,False
STIGS.CO,Storebrand Global Solutions Aksjefond,"Storebrand Global Solutions Aksjefond is a sustainability-focused equity fund managed by Storebrand Asset Management; it invests in companies that provide solutions to global challenges related to sustainable development, such as climate change, resource scarcity, and social inequality; the fund aims to generate long-term capital appreciation while contributing to a more sustainable future.",DKK,,,,CPH,XCSE,Nasdaq Copenhagen,Norway,,Oslo,122,,,,,,,,False
STIIAM.CO,Storebrand Indeks - Alle Markeder,"Storebrand Indeks - Alle Markeder is an index fund managed by Storebrand Asset Management, a Norwegian asset manager; the fund seeks to replicate the performance of a broad global equity market index, providing investors with diversified exposure to developed and emerging markets; the fund aims to provide long-term capital appreciation by tracking the market index.",DKK,Financials,Diversified Financials,Capital Markets,CPH,XCSE,Nasdaq Copenhagen,Norway,,Oslo,122,https://www.storebrand.no/fond,,,,,,,False
STIINM.CO,Storebrand Indeks - Nye Markeder,Storebrand Indeks - Nye Markeder is an index fund managed by Storebrand Asset Management; it seeks to replicate the performance of equity markets in developing countries (emerging markets); the fund aims to provide long-term capital appreciation by mirroring the performance of its benchmark index.,DKK,,,,CPH,XCSE,Nasdaq Copenhagen,Norway,,Oslo,122,http://www.storebrand.no/web/sbfondWeb.nsf/wFonderISIN/NO0010611130,,,,,,,False
STRAP.CO,Strategic Partners A/S,"Strategic Partners A/S is a company listed on the Nasdaq Copenhagen under the ticker STRAP. It operates in the Biotechnology industry within the Health Care sector. The company is headquartered in Herlev, Denmark.",DKK,Health Care,"Pharmaceuticals, Biotechnology & Life Sciences",Biotechnology,CPH,XCSE,Nasdaq Copenhagen,Denmark,,Herlev,2730,https://www.strategic-partners.dk,Nano Cap,DK0062502894,,,,BBG001V1C5C2,False
STRINV.CO,Strategic Investments A/S,"Strategic Investments A/S is a is a publicly owned investment manager. The firm invests in capital markets. It invests in small and midcap equities stock segment in the Nordic countries, hedge funds, and other instruments. The company was founded in 2013 and is based in Copenhagen, Denmark.",DKK,Financials,Diversified Financials,Capital Markets,CPH,XCSE,Nasdaq Copenhagen,Denmark,,Copenhagen,1111,http://www.strategicinvestments.dk,Nano Cap,,,BBG000F9NHD6,BBG000F9NFR5,BBG001SC6J11,False
SYDB.CO,Sydbank A/S,"Sydbank A/S, together with its subsidiaries, provides various banking products and services to corporate and retail customers in Denmark and internationally. The company operates in Banking, Asset Management, Sydbank Markets, Treasury, and Other segments. It offers various deposits, and loans and advances; and corporate banking services, including financing solutions and advisory services; and international commercial banking services, such as payment services and cash management solutions. The company also provides private banking products and services, such as advice related to pensions, investments, and various financial issues; personal and individual advisory services; and payment cards, and insurance and investment products, as well as related services. In addition, it offers advisory and asset management services for investment funds, pooled pension plans, foundations, and institutional and wealthy clients; and advice and quotes prices as regards bonds, shares, and foreign exchange, as well as undertakes market-making obligations for institutional clients, central banks, asset managers, foreign clients, and banks. Further, the company is involved in macro, equity, and fixed income research activities. Additionally, it deals in government and mortgage bonds; and provides online and digital solutions. As of December 31, 2020, the company operated through a network of 56 branches in Denmark and 3 branches in Germany. Sydbank A/S was founded in 1970 and is headquartered in Aabenraa, Denmark.",DKK,Financials,Banks,Banks,CPH,XCSE,Nasdaq Copenhagen,Denmark,,Aabenraa,6200,http://www.sydbank.com,Small Cap,,,,,,True
TCM.CO,TCM Group A/S,"TCM Group A/S engages in the manufacture and sale of kitchen and furniture products for bathrooms and storage in Denmark and internationally. Its products include drawers, cabinets, fronts, table tops, handles, and other accessories. The company sells its products under the Svane Køkkenet and Tvis Køkkener brands through stores; and Nettoline and kitchn.dk brands through online. It also sells private label products through Do-It-Yourself and kitchen specialty stores. TCM Group A/S was founded in 2015 and is headquartered in Holstebro, Denmark.",DKK,Consumer Discretionary,Consumer Durables & Apparel,Household Durables,CPH,XCSE,Nasdaq Copenhagen,Denmark,,Holstebro,7500,http://www.tcmgroup.dk,Micro Cap,,,BBG00J3LJP75,BBG005G9N8M4,BBG005G9N8N3,False
TGAMES.CO,TROPHY GAMES Development A/S,"TROPHY GAMES Development A/S develops and publishes mobile and PC games in Denmark. It primarily focuses on football-themed games. The company was incorporated in 2006 and is based in Copenhagen, Denmark.",DKK,Communication Services,Media & Entertainment,Entertainment,CPH,XCSE,Nasdaq Copenhagen,Denmark,,Copenhagen,1200,http://trophy-games.com,Micro Cap,DK0061537206,,,BBG00ZXVLLF1,BBG00ZXVLLL4,False
TIV.CO,Tivoli A/S,"Tivoli A/S engages in entertainment and recreational activities. The company operates and maintains gardens. The company offers rides, games, shows, events, and concerts. It also operates restaurants, as well as online casino through Danske Spi. Tivoli A/S was founded in 1843 and is based in Copenhagen, Denmark.",DKK,Consumer Discretionary,Consumer Services,"Hotels, Restaurants & Leisure",CPH,XCSE,Nasdaq Copenhagen,Denmark,,Copenhagen,1630,http://www.tivoli.dk,Small Cap,,885160101,BBG000BPYCP0,BBG000BPYC43,BBG001S9LN85,False
TOP.CO,Topdanmark A/S,"Topdanmark A/S, together with its subsidiaries, operates as an insurance company in Denmark. The company operates through three segments: Private, SME, and Life. It offers illness and accident, motor, workers compensation, fire and property, liability, and travel insurance products, as well as life insurance and pension fund schemes primarily in the event of illness, death, and injuries. The company also provides asset management services and IT services. It serves individual households, and SMEs and agricultural businesses under the Topdanmark and Coop Forsikringer brands. The company offers its products through personal meetings, online meetings, and online. Topdanmark A/S was founded in 1728 and is headquartered in Ballerup, Denmark.",DKK,Financials,Insurance,Insurance,CPH,XCSE,Nasdaq Copenhagen,Denmark,,Ballerup,2750,http://www.topdanmark.com,Mid Cap,,,,,,True
TOTA.CO,Totalbanken A/S,"Totalbanken A/S provides various banking products and services to private households, and small and medium-sized enterprises in Denmark. The company offers savings accounts, deposits, and guarantees; and car loans, investment products, pension products, leasing services, and insurance products. It operates through 1 branch in Tommerup and 2 branches in Odense. The company was founded in 1911 and is headquartered in Aarup, Denmark.",DKK,Financials,Banks,Banks,CPH,XCSE,Nasdaq Copenhagen,Denmark,,Aarup,5560,http://www.totalbanken.dk,Micro Cap,,,,,BBG001S6WYD9,True
TRIFOR.CO,Trifork Holding AG,"Trifork Holding AG is a company listed on the Nasdaq Copenhagen under the ticker TRIFOR. It operates in the IT Services industry within the Information Technology sector. The company is headquartered in Schindellegi, Switzerland.",DKK,Information Technology,Software & Services,IT Services,CPH,XCSE,Nasdaq Copenhagen,Switzerland,,Schindellegi,8834,https://us.trifork.com,Micro Cap,CH1111227810,,,,BBG005WP0TT2,False
TRMD-A.CO,TORM plc,"TORM plc, a product tanker company, engages in the transportation of refined oil products and crude oil worldwide. The company transports gasoline, jet fuel, naphtha, and diesel. As of March 1, 2021, it operated a fleet of approximately 80 vessels. The company was founded in 1889 and is based in London, the United Kingdom.",DKK,Energy,Energy,"Oil, Gas & Consumable Fuels",CPH,XCSE,Nasdaq Copenhagen,United Kingdom,,London,EC3V 9DU,http://www.torm.com,Mid Cap,GB00BZ3CNK81,,BBG00CJZ1L70,BBG00CJZ1L52,BBG00CJZ1L61,False
TRYG.CO,Tryg A/S,"Tryg A/S, together with its subsidiaries, provides insurance products and services for private and corporate customers, and small and medium sized businesses in Denmark, Norway, and Sweden. The company operates through Private, Commercial, Corporate, and Sweden segments. It provides car, contents, house, accident, travel, motorcycles, pet, health, property, liability, transportation, group life, and boat insurance products, as well as fire and content, and worker compensation insurance products. Tryg A/S sells its products primarily through call centers, Internet, tied agents, franchisees, interest organizations, car dealers, real estate agents, insurance brokers, and Nordea branches under the Tryg Forsikring, Alka, Enter Forsikring, Tryg, Moderna, Tryg Garanti, Moderna Djurförsäkringar, Atlantica Båtförsäkring, Bilsport, and MC specialförsäkring brands. The company was founded in 1731 and is headquartered in Ballerup, Denmark. Tryg A/S is a subsidiary of TryghedsGruppen smba.",DKK,Financials,Insurance,Insurance,CPH,XCSE,Nasdaq Copenhagen,Denmark,,Ballerup,2750,http://www.tryg.com,Large Cap,,,BBG000QMPGL6,BBG000QMPFL8,BBG001SCL5C2,False
UIE.CO,UIE Plc,"UIE PLC invests in the agro-industrial sector. The company primarily cultivates oil palm and coconuts, and processes palm oil. It operates in Malaysia, Indonesia, the United States, Europe, and internationally. The company was formerly known as United International Enterprises Limited and changed its name to UIE PLC in October 2020. The company was founded in 1982 and is headquartered in Ta' Xbiex, Malta. UIE PLC is a subsidiary of Brothers Holding Limited.",DKK,Consumer Staples,"Food, Beverage & Tobacco",Food Products,CPH,XCSE,Nasdaq Copenhagen,Malta,,Ta' Xbiex,XBX 1027,http://www.uie.dk,Small Cap,,,BBG000BQYT35,BBG000BQYSH2,BBG001SBH5V8,False
VALUER.CO,Valuer Holding A/S,"Valuer Holding A/S operates a platform for the management of workflows to corporations, accelerators, and venture funds worldwide. Its products include Innovation Themes, a solution to predict, evaluate, and prioritize innovation areas mission critical to the users' business through data-driven intelligence; and Innovation Radar, a solution that allows users to monitor the technology and business model landscapes relevant to their organization. The company also provides Diligence-as-a-Service, as well as strategy and scaling advisory services. It serves customers in the healthcare and biotechnology, cyber security, energy, mobility, industrial engineering, financial services, sustainability, and other industries. The company was founded in 2017 and is based in Copenhagen, Denmark.",DKK,Information Technology,Software & Services,Software,CPH,XCSE,Nasdaq Copenhagen,Denmark,,Copenhagen,2100,http://www.valuer.ai,Nano Cap,,,,,,True
VIPRO.CO,Victoria Properties A/S,"Victoria Properties A/S focuses on acquisitions, administration, and operation of commercial and residential properties in Denmark. The company was incorporated in 1941 and is based in Copenhagen, Denmark.",DKK,Real Estate,Real Estate,Real Estate Management & Development,CPH,XCSE,Nasdaq Copenhagen,Denmark,,Copenhagen,1100,http://www.victoriaproperties.dk,Nano Cap,,,,,,False
VIRO.CO,ViroGates A/S,"ViroGates A/S, a medical technology company, develops and markets prognostic products for the healthcare sector. It offers suPARnostic, a blood test that measures the suPAR (soluble urokinase plasminogen activator receptor) protein in the bloodstream used for emergency departments in hospitals to improve clinical decisions on hospitalization or discharge of acute medical patients and reduce healthcare cost. The company also provides suPARnostic TurbiLatex to help triage patients in the emergency setting and COVID-19 patients. In addition, its suPAR prognostic tool used in various diseases, such as cardiovascular, kidney, cancer, diabetes, liver, infectious, respiratory, and rheumatic. The company was founded in 2000 and is headquartered in Birkerød, Denmark. ViroGates A/S was formerly a subsidiary of Medicon Valley.",DKK,Health Care,Health Care Equipment & Services,Health Care Equipment & Supplies,CPH,XCSE,Nasdaq Copenhagen,Denmark,,Birkerod,3460,http://www.virogates.com,Nano Cap,,,,,,False
VJBA.CO,Vestjysk Bank A/S,"Vestjysk Bank A/S provides banking products and services for retail and business customers in Jutland, Denmark. The company operates in four business areas: Business, Retail, Markets, and Agriculture. It accepts deposits; and provides lending and financing for agriculture, fisheries, real estate, and small and medium-sized enterprises. The company also engages in project financing activities. The company is based in Lemvig, Denmark.",DKK,Financials,Banks,Banks,CPH,XCSE,Nasdaq Copenhagen,Denmark,,Lemvig,7620,http://www.vestjyskbank.dk,Small Cap,,,,,,True
VWS.CO,Vestas Wind Systems A/S,"Vestas Wind Systems A/S designs, manufactures, installs, and services wind turbines worldwide. The company operates in two segments, Power Solutions and Service. The Power Solutions segment sells wind power plants, wind turbines, development sites, etc. The Service segment engages in the sale of service contracts, spare parts, and related activities. Vestas Wind Systems A/S was founded in 1898 and is headquartered in Aarhus, Denmark.",DKK,Industrials,Capital Goods,Machinery,CPH,XCSE,Nasdaq Copenhagen,Denmark,,Aarhus,8200,http://www.vestas.com,Large Cap,DK0061539921,,BBG000BJBK53,BBG000BJBJM7,BBG001S7TVH3,False
WEIAGA.CO,Amalie Invest - Global AK,"Amalie Invest - Global AK is headquartered in Aarhus, Central Denmark Region, Denmark.",DKK,Financials,Diversified Financials,Capital Markets,CPH,XCSE,Nasdaq Copenhagen,Denmark,,Aarhus,8000,,Micro Cap,,,,,,False
WEISTA.CO,Strategi Invest Aktier,Strategi Invest Aktier is headquartered in Denmark.,DKK,Financials,Diversified Financials,Capital Markets,CPH,XCSE,Nasdaq Copenhagen,Denmark,,,,,Micro Cap,,,,,,False
WEISTS.CO,Strategi Invest Stabil,Strategi Invest Stabil is headquartered in Denmark.,DKK,Financials,Diversified Financials,Capital Markets,CPH,XCSE,Nasdaq Copenhagen,Denmark,,,,,,,,,,,False
WIRTEK.CO,WirTek A/S,"WirTek A/S, an IT outsourcing company, provides software solutions and electronic equipment products in Denmark. The company offers software engineering services, such as product engineering, system architecture and design, software development, quality assurance, and product re-engineering services; and electronic equipment services that builds, tests, and integrates embedded systems and devices. WirTek A/S was incorporated in 2001 and is headquartered in Aalborg, Denmark.",DKK,Information Technology,Software & Services,IT Services,CPH,XCSE,Nasdaq Copenhagen,Denmark,,Aalborg,9220,http://www.wirtek.com,Nano Cap,,,,,,False
WMA.CO,WindowMaster International A/S,"WindowMaster International A/S develops, produces, markets, and sells ventilation solutions and automatic window controls for the commercial construction industry worldwide. It offers actuators and accessories, including window actuators, brackets, and cables; controllers; sensors and detectors; and accessories, such as break glass units, keypads, and miscellaneous products, as well as spare parts. The company also provides service and maintenance of systems and software; testing of product functionality; remote, fault localization, back-up, and restoration services; on-going monitoring, adjustments, event logging, and reports; and indoor climate support services with proposals for optimization. In addition, it offers other service options comprising training for technical staff and facility management; training in WindowMaster software and natural ventilation; system upgrades with new system functions; and interface to other building systems. The company was founded in 1990 and is headquartered in Vedbæk, Denmark.",DKK,Industrials,Capital Goods,Building Products,CPH,XCSE,Nasdaq Copenhagen,Denmark,,Vedbaek,2950,http://www.windowmaster.com,Nano Cap,,,,,,False
ZEAL.CO,Zealand Pharma A/S,"Zealand Pharma A/S, a biotechnology company, engages in the discovery, design, and development of peptide-based medicines in Denmark. It has a portfolio of medicines focusing on gastrointestinal and metabolic diseases, and other specialty disease areas with unmet medical needs. The company markets lixisenatide under the brand names of Adlyxin, Lyxumia, Soliqua 100/33, and Suliqua. Its product pipeline includes Dasiglucagon single use syringe or autoinjector that has completed Phase III clinical trials for the treatment of severe hypoglycemia; Dasiglucagon dual-hormone artificial pancreas has completed Phase II clinical trials for automated diabetes management; Dasiglucagon that is in Phase III clinical trials for congenital hyperinsulinism and in Phase II clinical trials for post bariatric surgery hypoglycemia. The company is also developing glepaglutide, a long acting GLP-2 analog, which is in Phase III clinical trials for the treatment of short bowel syndrome. Zealand Pharma A/S has collaboration agreements with Sanofi-Aventis Deutschland GmbH; Boehringer Ingelheim International GmbH; Alexion; and Beta Bionics, Inc. The company was founded in 1997 and is headquartered in Copenhagen, Denmark.",DKK,Health Care,"Pharmaceuticals, Biotechnology & Life Sciences",Biotechnology,CPH,XCSE,Nasdaq Copenhagen,Denmark,,Copenhagen,2860,http://www.zealandpharma.com,Mid Cap,,,BBG0018JWYS7,BBG000KSQJR6,BBG001SPVN33,False
