symbol,name,summary,currency,sector,industry_group,industry,exchange,mic,market,country,state,city,zipcode,website,market_cap,isin,cusip,figi,composite_figi,shareclass_figi,delisted
000020.KS,"Dongwha Pharm.Co.,Ltd","Dongwha Pharm.Co.,Ltd is a company listed on the KOSPI Stock Market under the ticker 000020. It operates in the Pharmaceuticals industry within the Health Care sector. The company is headquartered in Seoul, South Korea.",KRW,Health Care,"Pharmaceuticals, Biotechnology & Life Sciences",Pharmaceuticals,KSC,XKRX,KOSPI Stock Market,South Korea,,Seoul,04522,https://www.dong-wha.co.kr,Micro Cap,KR7000020008,,BBG000BDH722,BBG000BDH722,BBG001S6HNC1,False
000040.KS,"KR Motors Co., Ltd.","KR Motors Co., Ltd. is a company listed on the KOSPI Stock Market under the ticker 000040. It operates in the Automobiles industry within the Consumer Discretionary sector. The company is headquartered in Changwon-Si, South Korea.",KRW,Consumer Discretionary,Automobiles & Components,Automobiles,KSC,XKRX,KOSPI Stock Market,South Korea,,Changwon-Si,51573,https://www.krmotors.com,Nano Cap,KR7000040006,,BBG000BPJVY5,BBG000BPJVY5,BBG001S99KS3,False
000050.KS,Kyungbangco.Ltd,"Kyungbang Co., Ltd. engages in textile spinning and real estate development businesses in South Korea. Its products include cotton, nylon spun, rayon blend, wool blend, polyester blend, acrylics blend, and Tencel blend yarns for general clothing and bedding applications; and mercerized yarn and other fabrics for use in golf wear, casuals, sweaters, socks, etc. The company's real estate development activities comprise development and operation of shopping malls, department stores, and hotels. Kyungbang Co., Ltd. was founded in 1919 and is headquartered in Seoul, South Korea.",KRW,Consumer Discretionary,Consumer Durables & Apparel,"Textiles, Apparel & Luxury Goods",KSC,XKRX,KOSPI Stock Market,South Korea,,Seoul,,http://www.kyungbang.co.kr,Micro Cap,KR7000050005,,BBG000BDPSY2,BBG000BDPSN4,BBG001S6JXF4,False
000060.KS,"Meritz Fire & Marine Insurance Co., Ltd.","Meritz Fire & Marine Insurance Co., Ltd. provides various insurance products in Korea. It offers disease, accident, fire, liability, auto/driver, marine, pension and savings, health, children, pet, injury/illness compensation, and car compensation insurance products. The company was formerly known as Dong-yang Insurance Co., Ltd. and changed its name to Meritz Fire & Marine Insurance Co., Ltd. in October 2005. The company was founded in 1922 and is based in Seoul, South Korea. Meritz Fire & Marine Insurance Co., Ltd. operates as a subsidiary of Meritz Financial Group Inc.",KRW,Financials,Insurance,Insurance,KSC,XKRX,KOSPI Stock Market,South Korea,,Seoul,,http://www.meritzfire.com,Mid Cap,KR7000060004,,,,,True
000070.KS,Samyang Holdings Corporation,"Samyang Holdings Corporation, together its subsidiaries, engages in chemical, food, packaging, pharmaceutical, and other businesses in South Korea. It produces and sells value-added materials, terephthalic acid, polycarbonate (PC) resins, bisphenol-A, engineering plastics, PC and polybutylene terephtalate compounds, PET bottles, and long fiber reinforced thermoplastics. It offers health and wellness products, and starch sugar; and operates a salad & brunch concept restaurant under the Seven Springs name, as well as a bakery under the Café Seven Springs name. In addition, the company develops and sells anti-cancer drugs, such as Genexol and Nanoxel PM; NicoStop, a smoking cessation patch; and biodegradable sutures, including Trisorb and Monosorb, as well as exports its products to 80 countries. Further, it provides IT services comprising IT consulting on system management and integration, and e-business services, as well as solutions in ERP, e-HR, MES, and mobile services to the public, finance, and manufacturing sectors. Samyang Holdings Corporation was founded in 1924 and is based in Seoul, South Korea.",KRW,Industrials,Capital Goods,Industrial Conglomerates,KSC,XKRX,KOSPI Stock Market,South Korea,,Seoul,,http://www.samyang.com,Micro Cap,KR7000070003,,BBG000BCZ9Q4,BBG000BCZ9D8,BBG001S6CSC5,False
000075.KS,Samyang Holdings Corporation,"Samyang Holdings Corporation, together its subsidiaries, engages in chemical, food, packaging, pharmaceutical, and other businesses in South Korea. It produces and sells value-added materials, terephthalic acid, polycarbonate (PC) resins, bisphenol-A, engineering plastics, PC and polybutylene terephtalate compounds, PET bottles, and long fiber reinforced thermoplastics. It offers health and wellness products, and starch sugar; and operates a salad & brunch concept restaurant under the Seven Springs name, as well as a bakery under the Café Seven Springs name. In addition, the company develops and sells anti-cancer drugs, such as Genexol and Nanoxel PM; NicoStop, a smoking cessation patch; and biodegradable sutures, including Trisorb and Monosorb, as well as exports its products to 80 countries. Further, it provides IT services comprising IT consulting on system management and integration, and e-business services, as well as solutions in ERP, e-HR, MES, and mobile services to the public, finance, and manufacturing sectors. Samyang Holdings Corporation was founded in 1924 and is based in Seoul, South Korea.",KRW,Industrials,Capital Goods,Industrial Conglomerates,KSC,XKRX,KOSPI Stock Market,South Korea,,Seoul,,http://www.samyang.com,Small Cap,,,,,,True
000080.KS,"HITEJINRO Co., Ltd.","HITEJINRO Co., Ltd. operates as a liquor company in South Korea. It provides beer, soju, whisky, wine, sake, and other products. It also exports its products to 50 countries. The company was formerly known as Jinro Ltd and changed its name to HITEJINRO Co., Ltd. in September 2011. HITEJINRO Co., Ltd. was founded in 1924 and is headquartered in Seoul, South Korea.",KRW,Consumer Staples,"Food, Beverage & Tobacco",Beverages,KSC,XKRX,KOSPI Stock Market,South Korea,,Seoul,,http://www.hitejinro.com,Small Cap,KR7000080002,,BBG000BDN2M4,BBG000BDN2M4,BBG001S6JKX2,False
000087.KS,"HITEJINRO Co., Ltd.","HITEJINRO Co., Ltd. operates as a liquor company in South Korea. It provides beer, soju, whisky, wine, sake, and other products. It also exports its products to 50 countries. The company was formerly known as Jinro Ltd and changed its name to HITEJINRO Co., Ltd. in September 2011. HITEJINRO Co., Ltd. was founded in 1924 and is headquartered in Seoul, South Korea.",KRW,Consumer Staples,"Food, Beverage & Tobacco",Beverages,KSC,XKRX,KOSPI Stock Market,South Korea,,Seoul,,http://www.hitejinro.com,Small Cap,KR7000082008,,BBG00245YNW6,BBG00245YNW6,BBG00245YNZ3,False
000100.KS,Yuhan Corporation,"Yuhan Corporation, a pharmaceutical company, engages in the research, development, and production of active pharmaceutical products and intermediates in South Korea and internationally. It offers antivirals, antibiotics, antihistamines, antidiabetics, beta-lactamase inhibitors, CNS intermediates, and PEGylated compounds; Revanex, an acid pump antagonist for the treatment of peptic ulcers and gastritis-related mucosal injury; ETC products in the areas of cardiovascular, alimentary, genito-urinary, metabolic, respiratory and allergy, and neuro systems; anti-infective, anti-cancer, and hormone and other products; and analgesics, anti-rheumatics, and anesthetics. It also offers OTC products, including vitamins and minerals, hepatopathy drugs and tonics, respiratory system drugs, alimentary system drugs, dermatology and analgesics drugs, and others; and household and healthcare products, such as bleaches, detergents, pesticides, and oral care products. In addition, the company engages in dental business and offers implants, dental equipment/consumable, and dental care products. Additionally, the company manufactures and sells medical supplies for livestock, aquatic animals, and household pets. Further, it provides contract manufacturing services. Yuhan Corporation was founded in 1926 and is headquartered in Seoul, South Korea.",KRW,Health Care,"Pharmaceuticals, Biotechnology & Life Sciences",Pharmaceuticals,KSC,XKRX,KOSPI Stock Market,South Korea,,Seoul,,http://www.yuhan.co.kr,Mid Cap,KR7000100008,,BBG000BDQR19,BBG000BDQQP5,BBG001S6JYV4,False
000105.KS,Yuhan Corporation,"Yuhan Corporation, a pharmaceutical company, engages in the research, development, and production of active pharmaceutical products and intermediates in South Korea and internationally. It offers antivirals, antibiotics, antihistamines, antidiabetics, beta-lactamase inhibitors, CNS intermediates, and PEGylated compounds; Revanex, an acid pump antagonist for the treatment of peptic ulcers and gastritis-related mucosal injury; ETC products in the areas of cardiovascular, alimentary, genito-urinary, metabolic, respiratory and allergy, and neuro systems; anti-infective, anti-cancer, and hormone and other products; and analgesics, anti-rheumatics, and anesthetics. It also offers OTC products, including vitamins and minerals, hepatopathy drugs and tonics, respiratory system drugs, alimentary system drugs, dermatology and analgesics drugs, and others; and household and healthcare products, such as bleaches, detergents, pesticides, and oral care products. In addition, the company engages in dental business and offers implants, dental equipment/consumable, and dental care products. Additionally, the company manufactures and sells medical supplies for livestock, aquatic animals, and household pets. Further, it provides contract manufacturing services. Yuhan Corporation was founded in 1926 and is headquartered in Seoul, South Korea.",KRW,Health Care,"Pharmaceuticals, Biotechnology & Life Sciences",Pharmaceuticals,KSC,XKRX,KOSPI Stock Market,South Korea,,Seoul,,http://www.yuhan.co.kr,Mid Cap,KR7000101006,,BBG000BJ1Q51,BBG000BJ1Q51,BBG001S77JW7,False
000120.KS,CJ Logistics Corporation,"CJ Logistics Corporation is a company listed on the KOSPI Stock Market under the ticker 000120. It operates in the Air Freight & Logistics industry within the Industrials sector. The company is headquartered in Seoul, South Korea.",KRW,Industrials,Transportation,Air Freight & Logistics,KSC,XKRX,KOSPI Stock Market,South Korea,,Seoul,03157,https://www.cjlogistics.com,Small Cap,KR7000120006,,BBG000BCYPM3,BBG000BCYPM3,BBG001S6K288,False
000140.KS,"Hitejinro Holdings Co., Ltd.","Hitejinro Holdings Co., Ltd., through its subsidiaries, manufactures and sells beer/shochu and soju primarily in South Korea. The company also manufactures and sells packaging glass containers and bottled water. In addition, it is involved in the golf course operations and investment business. The company was formerly known as Hite Holdings Co., Ltd. and changed its name to Hitejinro Holdings Co., Ltd. in April 2012. Hitejinro Holdings Co., Ltd. was founded in 1933 and is based in Seoul, South Korea.",KRW,Consumer Staples,"Food, Beverage & Tobacco",Beverages,KSC,XKRX,KOSPI Stock Market,South Korea,,Seoul,,http://www.hitejinroholdings.com,Micro Cap,KR7000140004,,BBG000BDFPC3,BBG000BDFNX5,BBG001S6HGC6,False
000145.KS,"Hitejinro Holdings Co., Ltd.","Hitejinro Holdings Co., Ltd., through its subsidiaries, manufactures and sells beer/shochu and soju primarily in South Korea. The company also manufactures and sells packaging glass containers and bottled water. In addition, it is involved in the golf course operations and investment business. The company was formerly known as Hite Holdings Co., Ltd. and changed its name to Hitejinro Holdings Co., Ltd. in April 2012. Hitejinro Holdings Co., Ltd. was founded in 1933 and is based in Seoul, South Korea.",KRW,Consumer Staples,"Food, Beverage & Tobacco",Beverages,KSC,XKRX,KOSPI Stock Market,South Korea,,Seoul,,http://www.hitejinroholdings.com,Micro Cap,KR7000141002,,BBG000BJZVG1,BBG000BJZVG1,BBG001S7CBZ5,False
000150.KS,Doosan Corporation,"Doosan Corporation operates in the machinery manufacturing, apartment construction, service, and heavy industries in Korea, the United States, Asia, and Europe. The company manufactures and sells copper clad laminates, and hydraulic and industrial equipment; and offers development and maintenance services for information technology systems and other products. It also engages in the construction of NSSS, BOP, turbines, plant facilities, and freshwater and water treatment facilities, as well as road construction; and operations of golf club and condominium, etc. In addition, the company is involved in software development and supply manufacturing; internal combustion power generation; forklift manufacture, rental, and sale; electric power generation and sale; real estate development; and financial investment activities, as well as advertisement, sports, and education businesses. Further, it offers internal combustion and marine engines, construction machinery, transportation equipment and parts, nuclear emergency generators, etc.; research and development, manufacturing, IT, marketing, finance, and system engineering services. The company was formerly known as OB Beer, Ltd. and changed its name to Doosan Corporation in September 1998. Doosan Corporation was founded in 1896 and is based in Seoul, South Korea.",KRW,Industrials,Capital Goods,Industrial Conglomerates,KSC,XKRX,KOSPI Stock Market,South Korea,,Seoul,,http://www.doosan.com,Large Cap,KR7000150003,,BBG000BCX1Z3,BBG000BCX192,BBG001S6JX91,False
000155.KS,Doosan Corporation,"Doosan Corporation operates in the machinery manufacturing, apartment construction, service, and heavy industries in Korea, the United States, Asia, and Europe. The company manufactures and sells copper clad laminates, and hydraulic and industrial equipment; and offers development and maintenance services for information technology systems and other products. It also engages in the construction of NSSS, BOP, turbines, plant facilities, and freshwater and water treatment facilities, as well as road construction; and operations of golf club and condominium, etc. In addition, the company is involved in software development and supply manufacturing; internal combustion power generation; forklift manufacture, rental, and sale; electric power generation and sale; real estate development; and financial investment activities, as well as advertisement, sports, and education businesses. Further, it offers internal combustion and marine engines, construction machinery, transportation equipment and parts, nuclear emergency generators, etc.; research and development, manufacturing, IT, marketing, finance, and system engineering services. The company was formerly known as OB Beer, Ltd. and changed its name to Doosan Corporation in September 1998. Doosan Corporation was founded in 1896 and is based in Seoul, South Korea.",KRW,Industrials,Capital Goods,Industrial Conglomerates,KSC,XKRX,KOSPI Stock Market,South Korea,,Seoul,,http://www.doosan.com,Mid Cap,KR7000151001,,BBG000BHCHS8,BBG000BHCHS8,BBG001S7BWW3,False
000157.KS,Doosan Corporation,"Doosan Corporation operates in the machinery manufacturing, apartment construction, service, and heavy industries in Korea, the United States, Asia, and Europe. The company manufactures and sells copper clad laminates, and hydraulic and industrial equipment; and offers development and maintenance services for information technology systems and other products. It also engages in the construction of NSSS, BOP, turbines, plant facilities, and freshwater and water treatment facilities, as well as road construction; and operations of golf club and condominium, etc. In addition, the company is involved in software development and supply manufacturing; internal combustion power generation; forklift manufacture, rental, and sale; electric power generation and sale; real estate development; and financial investment activities, as well as advertisement, sports, and education businesses. Further, it offers internal combustion and marine engines, construction machinery, transportation equipment and parts, nuclear emergency generators, etc.; research and development, manufacturing, IT, marketing, finance, and system engineering services. The company was formerly known as OB Beer, Ltd. and changed its name to Doosan Corporation in September 1998. Doosan Corporation was founded in 1896 and is based in Seoul, South Korea.",KRW,Industrials,Capital Goods,Industrial Conglomerates,KSC,XKRX,KOSPI Stock Market,South Korea,,Seoul,,http://www.doosan.com,Large Cap,KR7000152009,,BBG000BPQXW5,BBG000BPQXW5,BBG001SDKBB9,False
000180.KS,Sungchang Enterprise Holdings Limited,"Sungchang Enterprise Holdings Limited engages in the development of various plant species and forest restoration activities in South Korea. The company is also involved in the planting of trees, such as pine tree, as well as owns a botanical garden. In addition, it manufactures and sells a range of plywood products, including interior plywood for interior purposes; standard plywood for building frames, inner walls, and interiors; plywood for concrete casts, building exteriors, and exposed concrete construction; eco-friendly plywood for exterior applications; and custom plywood for automobile, ship, and flooring applications, as well as flooring products under the Lieu brand. Further, the company produces and sells particle boards, particle board materials, wood chips, and Bio-SRF; and engages in importing and selling wood pellet, and PKS, as well as sawdust and recycling activities. It owns and manages 8,140HA of fields. Sungchang Enterprise Holdings Limited was founded in 1916 and is headquartered in Busan, South Korea.",KRW,Materials,Materials,Paper & Forest Products,KSC,XKRX,KOSPI Stock Market,South Korea,,Busan,49526,http://www.sce.co.kr,Nano Cap,KR7000180000,,BBG000BFXSJ5,BBG000BFXSB3,BBG001S6TG15,False
000210.KS,DL Holdings Co. Ltd.,"DL Holdings Co. Ltd. is a company listed on the KOSPI Stock Market under the ticker 000210. It operates in the Chemicals industry within the Materials sector. The company is headquartered in Seoul, South Korea.",KRW,Materials,Materials,Chemicals,KSC,XKRX,KOSPI Stock Market,South Korea,,Seoul,03181,https://www.dlholdings.co.kr,Small Cap,KR7000210005,,BBG000BDG9N6,BBG000BDG9N6,BBG001S6HH98,False
000215.KS,DL Holdings Co. Ltd.,"DL Holdings Co. Ltd. is a company listed on the KOSPI Stock Market under the ticker 000215. It operates in the Chemicals industry within the Materials sector. The company is headquartered in Seoul, South Korea.",KRW,Materials,Materials,Chemicals,KSC,XKRX,KOSPI Stock Market,South Korea,,Seoul,03181,https://www.dlholdings.co.kr,Small Cap,KR7000211003,,BBG000BJZ854,BBG000BJZ854,BBG001S7CBC0,False
000220.KS,"Yuyu Pharma, Inc.","Yuyu Pharma, Inc. develops and markets pharmaceutical products. The company offers various prescription drugs, including osteoporosis, brainbone metabolism-hypocalcemia improvement, cerebral and peripheral circulatory disturbance, tromboembolism, respiratory organ, hypertension, pulmonary tuberculosis therapy, arthrifuge, diabetic neuropathy therapy, eczematous dermatitis drugs, and other circulatory system drugs, as well as antibiotics and skeletal muscle relaxants. It also provides non-prescription drugs and health supplements. The company was formerly known as YuYu Inc. and changed its name to Yuyu Pharma, Inc. in May 2008. Yuyu Pharma, Inc. was founded in 1941 and is headquartered in Seoul, South Korea.",KRW,Health Care,"Pharmaceuticals, Biotechnology & Life Sciences",Pharmaceuticals,KSC,XKRX,KOSPI Stock Market,South Korea,,Seoul,,http://www.yuyu.co.kr,Nano Cap,KR7000220004,,BBG000BDQTR7,BBG000BDQTC3,BBG001S6JYX2,False
000225.KS,"Yuyu Pharma, Inc.","Yuyu Pharma, Inc. develops and markets pharmaceutical products. The company offers various prescription drugs, including osteoporosis, brainbone metabolism-hypocalcemia improvement, cerebral and peripheral circulatory disturbance, tromboembolism, respiratory organ, hypertension, pulmonary tuberculosis therapy, arthrifuge, diabetic neuropathy therapy, eczematous dermatitis drugs, and other circulatory system drugs, as well as antibiotics and skeletal muscle relaxants. It also provides non-prescription drugs and health supplements. The company was formerly known as YuYu Inc. and changed its name to Yuyu Pharma, Inc. in May 2008. Yuyu Pharma, Inc. was founded in 1941 and is headquartered in Seoul, South Korea.",KRW,Health Care,"Pharmaceuticals, Biotechnology & Life Sciences",Pharmaceuticals,KSC,XKRX,KOSPI Stock Market,South Korea,,Seoul,,http://www.yuyu.co.kr,Nano Cap,KR7000221002,,BBG000BJWCJ3,BBG000BJWCJ3,BBG001S7C2M9,False
000227.KS,"Yuyu Pharma, Inc.","Yuyu Pharma, Inc. develops and markets pharmaceutical products. The company offers various prescription drugs, including osteoporosis, brainbone metabolism-hypocalcemia improvement, cerebral and peripheral circulatory disturbance, tromboembolism, respiratory organ, hypertension, pulmonary tuberculosis therapy, arthrifuge, diabetic neuropathy therapy, eczematous dermatitis drugs, and other circulatory system drugs, as well as antibiotics and skeletal muscle relaxants. It also provides non-prescription drugs and health supplements. The company was formerly known as YuYu Inc. and changed its name to Yuyu Pharma, Inc. in May 2008. Yuyu Pharma, Inc. was founded in 1941 and is headquartered in Seoul, South Korea.",KRW,Health Care,"Pharmaceuticals, Biotechnology & Life Sciences",Pharmaceuticals,KSC,XKRX,KOSPI Stock Market,South Korea,,Seoul,,http://www.yuyu.co.kr,Nano Cap,KR7000222000,,BBG000BTS4Q6,BBG000BTS4Q6,BBG001SFGQP1,False
000230.KS,"Ildong Holdings Co., Ltd.","Ildong Holdings Co., Ltd. develops, manufactures, and supplies pharmaceutical products in South Korea and internationally. It develops new drugs against resistant bacteria, malignant tumors, Alzheimer's disease, obesity, and ageing; and raw vitamins, probiotics, and antimicrobials, as well as offers Biovita, a lactobacillus product; and Aronamin, a multivitamin product. It also engages in the research and manufacture of health foods and ingredients, as well as offers hyaluronic acid for use in drugs, medical devices, and cosmetics; and various medical devices for beauty, cosmetic-surgery, and antiaging applications. In addition, the company distributes medical devices, quasi drugs, health supplements, food products, beverages, cosmetics, sanitary ware, and other healthcare products through online. Further, it offers beauty and cosmetic surgery services; and pharmaceutical SI consulting, system development and deployment, RFID and barcode systems, and other solutions, as well as engages in advertising business. The company was formerly known as Ildong Pharmaceutical Co., Ltd. and changed its name to Ildong Holdings Co., Ltd. in August 2016. Ildong Holdings Co., Ltd. was founded in 1941 and is based in Seoul, South Korea.",KRW,Health Care,"Pharmaceuticals, Biotechnology & Life Sciences",Pharmaceuticals,KSC,XKRX,KOSPI Stock Market,South Korea,,Seoul,,http://www.ildongholdings.co.kr,Micro Cap,KR7000230003,,BBG000BDMKT8,BBG000BDMKT8,BBG001S6JKG1,False
000240.KS,"Hankook & Company Co., Ltd.","Hankook & Company Co., Ltd., together with its subsidiaries, manufactures and sells tires, tubes, and alloy wheels. The company offers tires for passenger cars, SUVs and light trucks, trucks and buses, and motorsports. The company is also involved in the manufacture and sale of tire and tube manufacturing machines, and tire molds; trade and consulting business; facilities management and baking activities; and distribution of tires. It operates in North America, South and Central America, Asia, and Europe. The company was formerly known as Hankook Technology Group Co., Ltd. and changed its name to Hankook & Company Co., Ltd. in December 2020. Hankook & Company Co., Ltd. was founded in 1941 and is headquartered in Seoul, South Korea.",KRW,Consumer Discretionary,Automobiles & Components,Auto Components,KSC,XKRX,KOSPI Stock Market,South Korea,,Seoul,,http://www.hankookandcompany.com,Small Cap,KR7000240002,,BBG000BCV700,BBG000BCV5W9,BBG001S6JJS1,False
000270.KS,Kia Corporation,"Kia Corporation, together with its subsidiaries, manufactures and sells vehicles in South Korea, North America, and Europe. The company offers cars, SUVs and MPV, eco, and commercial vehicles. It sells its products through a network of dealers. The company was formerly known as Kia Motors Corporation and changed its name to Kia Corporation in January 2021. Kia Corporation was founded in 1944 and is based in Seoul, South Korea.",KRW,Consumer Discretionary,Automobiles & Components,Automobiles,KSC,XKRX,KOSPI Stock Market,South Korea,,Seoul,137-938,http://www.kia.com,Large Cap,KR7000270009,,BBG000BCL248,BBG000BCL1T3,BBG001S6D3N7,False
000300.KS,"DH Autonex Co., Ltd.","Dayou Plus Co.,Ltd engages in the automobile parts, information and communication, and home appliance businesses in South Korea and internationally. It produces, sells, and distributes automobile steering and aluminum wheels. The company also offers network solutions and communication equipment, such as FTTx products, switches, and broadcasting and transmission equipment, as well as fiber to the home and RF overlay solutions, CATV systems, IPTV systems, and in-company and monitoring systems. In addition, it engages in the nano-material and solar power generation businesses. Further, the company offers home appliances, including air conditions, refrigerators, electric rice cookers, air purifiers, natural humidifiers, dehumidifiers, car air purifier under the WINIA, The Original Dimchae Kimchi, Alpha Mihak Dichae, and Spowasher names. It also provides operation and construction services for IT systems, as well as IT outsourcing services. The company was formerly known as Dayou Smart Aluminium Co., Ltd. has changed its name to Dayou Plus Co.,Ltd in 2016. The company was founded in 1967 and is headquartered in Gwangju-si, South Korea.",KRW,Information Technology,Technology Hardware & Equipment,Communications Equipment,KSC,XKRX,KOSPI Stock Market,South Korea,,Gwangju,462-806,http://www.dayouplus.co.kr,Micro Cap,KR7000300004,,BBG000BDTGN6,BBG000BDTGN6,BBG001S6K3K2,True
000320.KS,"NOROO Holdings Co., Ltd.","NOROO Holdings Co., Ltd., together with its subsidiaries, operates as a general fine chemical company in South Korea. It produces industrial materials, including resins and coatings, such as paints and inks; and color chemicals used in automobiles and building interiors, as well as offers plastic products. The company was formerly known as DPI Holdings Co., Ltd. and changed its name to NOROO Holdings Co., Ltd. in March 2010. NOROO Holdings Co., Ltd. was founded in 1945 and is headquartered in Anyang, South Korea.",KRW,Materials,Materials,Chemicals,KSC,XKRX,KOSPI Stock Market,South Korea,,Anyang,139-77,http://www.norooholdings.com,Micro Cap,KR7000320002,,BBG000BGX807,BBG000BGX736,BBG001S71RW5,False
000325.KS,"NOROO Holdings Co., Ltd.","NOROO Holdings Co., Ltd., together with its subsidiaries, operates as a general fine chemical company in South Korea. It produces industrial materials, including resins and coatings, such as paints and inks; and color chemicals used in automobiles and building interiors, as well as offers plastic products. The company was formerly known as DPI Holdings Co., Ltd. and changed its name to NOROO Holdings Co., Ltd. in March 2010. NOROO Holdings Co., Ltd. was founded in 1945 and is headquartered in Anyang, South Korea.",KRW,Materials,Materials,Chemicals,KSC,XKRX,KOSPI Stock Market,South Korea,,Anyang,139-77,http://www.norooholdings.com,Micro Cap,KR7000321000,,BBG000BJVB97,BBG000BJVB97,BBG001S7BZM7,False
000370.KS,"Hanwha General Insurance Co., Ltd.","Hanwha General Insurance Co., Ltd. is a company listed on the KOSPI Stock Market under the ticker 000370. It operates in the Insurance industry within the Financials sector. The company is headquartered in Seoul, South Korea.",KRW,Financials,Insurance,Insurance,KSC,XKRX,KOSPI Stock Market,South Korea,,Seoul,,https://www.hwgeneralins.com,Small Cap,KR7000370007,,BBG000BH4ZY0,BBG000BH4ZY0,BBG001S72C93,False
000390.KS,"Samhwa Paints Industrial Co., Ltd.","Samhwa Paints Industrial Co., Ltd. manufactures and sells various paints and synthetic resins in South Korea and internationally. The company offers architectural coatings, including emulsion, alkyd, acryl, fire retardant, antimildew, texture and multicolor, DIY, electric-wave absorbing, and other coatings, as well as putty, caulking, and sealant products. It also provides floor coatings, such as urethane, epoxy, water proofing, traffic, and polyurea coatings; wood coatings comprising nitrocellulose lacquer, polyurethane, U/V curing, and stain coatings; and industrial coatings that include heat resistance, polyurethane, acryl, fluorine, epoxy, baking, oil alkyd, U/V curing, and silicone acryl coatings. In addition, the company offers heavy-duty coatings that comprise shop primer, anti-corrosive primer, top, tank, ship, and other coatings; and unsaturated polyester resins, including laminate, corrosion, flame retardant, corrugated panel, pultrusion, SMC/BMC, marble, decorative casting, button, and gel coat resins. Further, it provides coil coatings, such as primer, backer, polyester, high polymer polyester, and plastisol coatings; automotive refinish coatings comprising clear, surfacer, putty, primer, and solid urethane coatings; can coatings; and super resins that include alkyd, modified alkyd, acrylic, polyester, amino, urethane, radiation curable, emulsion, water soluble, rosin modified maleic, epoxy ester, and polyamide resins. The company was formerly known as Dongwha Co., Ltd. and changed its name to Samhwa Paints Industrial Co., Ltd. in July 1964. Samhwa Paints Industrial Co., Ltd. was founded in 1946 and is headquartered in Ansan-si, South Korea.",KRW,Materials,Materials,Chemicals,KSC,XKRX,KOSPI Stock Market,South Korea,,Ansan-Si,425-110,http://www.samhwa.com,Micro Cap,KR7000390005,,BBG000BZF9P6,BBG000BZF9P6,BBG001S7JGR6,False
000400.KS,"Lotte Non - Life Insurance Co., Ltd.","Lotte Non - Life Insurance Co., Ltd. is a company listed on the KOSPI Stock Market under the ticker 000400. It operates in the Insurance industry within the Financials sector. The company is headquartered in Seoul, South Korea.",KRW,Financials,Insurance,Insurance,KSC,XKRX,KOSPI Stock Market,South Korea,,Seoul,100-778,https://www.lotteins.co.kr,Small Cap,KR7000400002,,BBG000BDG518,BBG000BDG518,BBG001S6HH43,False
000430.KS,"Daewon Kang Up Co., Ltd.","Daewon Kang Up Co., Ltd. develops, produces, and sells suspension springs and seats in South Korea and internationally. The company offers suspension springs, including coil and leaf springs, stabilizer and torsion bars, and air springs, as well as air and pusher axle suspension kits for automobile makers; and coil insert, tension bar connection, and test equipment for springs. It also provides precision springs, such as engine valve springs and cotters, curved springs, return springs, die springs, and precision wire and disc springs, as well as flat and snap rings, and IT components for use in auto parts, electronic products, industrial machinery, civil construction parts, and high precision IT parts. In addition, the company offers seats for automobiles, subway trains, trains, heavy equipment, and other industries; manufacturing equipment for coil and leaf springs, and stabilizer bars; peelers, testing equipment for springs, and engineering services; equipment for materials processing and engineering services; and adjusters, recliners, pumping devices, headrests, magnesium frames, and set assemblies. The company was founded in 1946 and is headquartered in Cheonan-si, South Korea.",KRW,Consumer Discretionary,Automobiles & Components,Auto Components,KSC,XKRX,KOSPI Stock Market,South Korea,,Cheonan-si,31042,http://www.dwku.com,Micro Cap,KR7000430009,,BBG000BDGGJ5,BBG000BDGGJ5,BBG001S6HHD3,False
000480.KS,"CR Holdings Co., Ltd.","Chosun Refractories Co.,Ltd. manufactures and sells various refractory products in South Korea and internationally. The company offers alumina, fireclay, silicon carbide, acid-proof and heat-resistant, insulating fire, and magcarbon bricks; castable, gunning, plastic, ramming mix and induction furnace stamping, blast furnace runner, ladle and tundish, flame-gunning repair, and mortar refractory products, as well as casting blocks; slide gate valve systems; shroud and submerged nozzles, and long stoppers. It also provides refractories engineering services, such as design, construction, S/V, and supervision. In addition, supplies refractories for heavy chemical industries, including steel, iron, and cement manufacturers; and designs, manufactures, constructs, and A/S of furnaces for steel, iron, nonferrous metals, and petrochemical plants. The company was formerly known as Chosun refractories Chemical Industry Co., Ltd. and changed its name to Chosun Refractories Co.,Ltd. in April 1993. Chosun Refractories Co.,Ltd. was founded in 1947 and is headquartered in Gwangyang, South Korea.",KRW,Materials,Materials,Construction Materials,KSC,XKRX,KOSPI Stock Market,South Korea,,Gwangyang-si,,http://www.chosunref.co.kr,Micro Cap,KR7000480004,,BBG000BDFTD4,BBG000BDFTD4,BBG001S6HGG2,False
000490.KS,Daedong Corporation,"Daedong Corporation manufactures and sells agricultural machinery in South Korea and internationally. The company's products include tractors, combine-harvesters, rice transplanters, power tillers, engines, and UTV vehicles. It also exports its products. The company was formerly known as Daedong Industrial Co., Ltd. and changed its name to Daedong Corporation in March 2021. Daedong Corporation was founded in 1947 and is based in Daegu, South Korea.",KRW,Industrials,Capital Goods,Machinery,KSC,XKRX,KOSPI Stock Market,South Korea,,Daegu,42984,http://ko.daedong.co.kr,Micro Cap,KR7000490003,,BBG000BCRQX7,BBG000BCRPW0,BBG001S6HH34,False
000500.KS,"GAON CABLE Co., Ltd.","GAON CABLE Co., Ltd., a cable company, provides industrial power cables in South Korea. The company offers power cables, including extra-high voltage cables, such as XLPE insulation cables; overhead lines comprising overhead transmission lines, optical fiber composite overhead ground wire, overhead distribution lines, and trolley wires/messenger wires; MV/LV cables consisting of MV/LV power cables, control cables, fire protection cables, and insulated wires; and industrial specialty cables, including marine/offshore cables. It also provides telecom cables, such as local area network (LAN), including LAN cables and components; optical communication products consisting of optical cables and components, and pre-connectorized cables; and other communication cables comprising hybrid cables, CATV cables, CPEV cables, and PVC-insulated telephone jumper wires. In addition, the company offers materials, such as copper rods and oxygen free copper products; intelligent wiring solutions, including aluminum clad flex cables and smart wiring systems; and integral pipeline systems comprising threadless conduits and one-touch joint for water pipes. Its products are used in power network, building/home, plant, railway, port/airport, wind farm, marine/offshore, and broadband communication applications. The company was formerly known as Kukje Electric Wire Co., Ltd. and changed its name to GAON CABLE Co., Ltd. in September 2004. GAON CABLE Co., Ltd. was founded in 1947 and is headquartered in Anyang, South Korea.",KRW,Information Technology,Technology Hardware & Equipment,Communications Equipment,KSC,XKRX,KOSPI Stock Market,South Korea,,Anyang-Si,,http://www.gaoncable.com,Mid Cap,KR7000500009,,BBG000BDRH56,BBG000BDRGX7,BBG001S6JZS5,False
000520.KS,"Samil Pharmaceutical Co.,Ltd","Samil Pharmaceutical Co.,Ltd engages in the manufacture and sale of indispensable medicines in South Korea. It offers hepatic, gastrointestinal, vasodilator, antithrombotic, respiratory, skeletal muscle relaxants, circulatory, neurological, antibiotics, metabolic, antihistamines, immunosuppressive, hormone, anti-tumor, urinary, and ophthalmic drugs, as well as antipyretic, analgesic, and anti-inflammatory agents. The company also provides OTC products and sanitary aids. Samil Pharmaceutical Co.,Ltd was founded in 1947 and is headquartered in Seoul, South Korea.",KRW,Health Care,"Pharmaceuticals, Biotechnology & Life Sciences",Pharmaceuticals,KSC,XKRX,KOSPI Stock Market,South Korea,,Seoul,,http://www.samil-pharm.com,Micro Cap,KR7000520007,,BBG000BDQNM5,BBG000BDQN72,BBG001S6JYS8,False
000540.KS,"Heungkuk Fire & Marine Insurance Co., Ltd.","Heungkuk Fire & Marine Insurance Co., Ltd. primarily engages in the insurance business. The company offers medical and health, child, driver/injury, pension/savings, fire/property, bancasurance, car, power group, travel/leisure, and disease/injury/property compensation insurance. The company was formerly known as Heungkuk Ssangyong Fire & Marine Insurance Co., Ltd. and changed its name to Heungkuk Fire & Marine Insurance Co., Ltd. in 2009. Heungkuk Fire & Marine Insurance Co., Ltd. was founded in 1948 and is based in Seoul, South Korea.",KRW,Financials,Insurance,Insurance,KSC,XKRX,KOSPI Stock Market,South Korea,,Seoul,,http://www.heungkukfire.co.kr,Micro Cap,KR7000540005,,BBG000BDT2C9,BBG000BDT257,BBG001S6K2V2,False
000545.KS,"Heungkuk Fire & Marine Insurance Co., Ltd.","Heungkuk Fire & Marine Insurance Co., Ltd. primarily engages in the insurance business. The company offers medical and health, child, driver/injury, pension/savings, fire/property, bancasurance, car, power group, travel/leisure, and disease/injury/property compensation insurance. The company was formerly known as Heungkuk Ssangyong Fire & Marine Insurance Co., Ltd. and changed its name to Heungkuk Fire & Marine Insurance Co., Ltd. in 2009. Heungkuk Fire & Marine Insurance Co., Ltd. was founded in 1948 and is based in Seoul, South Korea.",KRW,Financials,Insurance,Insurance,KSC,XKRX,KOSPI Stock Market,South Korea,,Seoul,,http://www.heungkukfire.co.kr,Micro Cap,KR7000541003,,BBG000BNN7V1,BBG000BNN7V1,BBG001S8NLZ9,False
000547.KS,"Heungkuk Fire & Marine Insurance Co., Ltd.","Heungkuk Fire & Marine Insurance Co., Ltd. primarily engages in the insurance business. The company offers medical and health, child, driver/injury, pension/savings, fire/property, bancasurance, car, power group, travel/leisure, and disease/injury/property compensation insurance. The company was formerly known as Heungkuk Ssangyong Fire & Marine Insurance Co., Ltd. and changed its name to Heungkuk Fire & Marine Insurance Co., Ltd. in 2009. Heungkuk Fire & Marine Insurance Co., Ltd. was founded in 1948 and is based in Seoul, South Korea.",KRW,Financials,Insurance,Insurance,KSC,XKRX,KOSPI Stock Market,South Korea,,Seoul,,http://www.heungkukfire.co.kr,Small Cap,,,,,,True
000590.KS,"CS Holdings Co., Ltd.","CS Holdings Co., Ltd. is a company listed on the KOSPI Stock Market under the ticker 000590. It operates in the Machinery industry within the Industrials sector. The company is headquartered in Pohang, South Korea.",KRW,Industrials,Capital Goods,Machinery,KSC,XKRX,KOSPI Stock Market,South Korea,,Pohang,37863,https://www.chosunwelding.com/en,Micro Cap,KR7000590000,,BBG000BDFBD3,BBG000BDFBD3,BBG001S6HFV7,False
000640.KS,"Dong-A Socio Holdings Co., Ltd.","Dong-A Socio Holdings Co., Ltd. engages in the pharmaceutical business in South Korea and internationally. It offers DA-3801 (Gonadopin) for the treatment of controlled ovarian hyper-stimulation in ART and ovulation induction in anovulatory women; and DA-3031 (Dulastin) for the treatment of neutropenia. The company also develops DA-3880 that completed Phase I in European Union and Phase III in Japan for the treatment of anemia; DMB-3111, which completed Phase I in Japan and Phase III in European Union for the treatment of breast cancer; DMB-3113, a Phase I product for the treatment of rheumatoid arthritis; DA-3131 for the treatment of age-related macular degeneration; and DA-3115 for the treatment of psoriasis. Dong-A Socio Holdings Co., Ltd. was founded in 1932 and is based in Seoul, South Korea.",KRW,Health Care,"Pharmaceuticals, Biotechnology & Life Sciences",Pharmaceuticals,KSC,XKRX,KOSPI Stock Market,South Korea,,Seoul,,http://www.donga.co.kr,Small Cap,KR7000640003,,BBG000BCRZV9,BBG000BCRZ67,BBG001S6HMT5,False
000650.KS,"Chunil Express Co., Ltd.","Chunil Express Co., Ltd. operates and provides vehicles for passenger transportation in South Korea. It is also involved in the real estate marketing and leasing service activities. The company was founded in 1949 and is based in Busan, South Korea.",KRW,Industrials,Transportation,Road & Rail,KSC,XKRX,KOSPI Stock Market,South Korea,,Busan,,http://www.chunilexpress.com,Micro Cap,KR7000650002,,BBG000BDFXM5,BBG000BDFX45,BBG001S6HGJ9,False
000660.KS,SK hynix Inc.,"SK hynix Inc., together with its subsidiaries, engages in the manufacture, distribution, and sale of semiconductor products worldwide. The company offers memory semiconductor products, including DRAM, NAND flash, multi-chip package, etc.; system semiconductors, such as CMOS image sensors, etc.; and enterprise and client solid state drives. It also provides computing, mobile, and graphics memory products. The company was formerly known as Hynix Semiconductor Inc. and changed its name to SK hynix, Inc. in March 2012. SK hynix, Inc. was founded in 1949 and is headquartered in Icheon-si, South Korea.",KRW,Information Technology,Semiconductors & Semiconductor Equipment,Semiconductors & Semiconductor Equipment,KSC,XKRX,KOSPI Stock Market,South Korea,,Icheon-Si,,http://www.skhynix.com,Mega Cap,KR7000660001,,BBG000GQVTN1,BBG000GQVT51,BBG001S90F76,False
000670.KS,Young Poong Corporation,"Young Poong Corporation operates as a non-ferrous metal company in Korea. The company offers high purity electric zinc bars that are used in hot dip galvanizing, die casting alloys, electroplating and sacrificial anodes, photo engraving plates, zinc oxide, and zinc plates, as well as zinc jumbo bars for hot dip galvanizing; combination zinc bars for continuous and hot dip galvanizing; and zinc alloys for use in automobiles, electric devices, toys and leisure goods, home appliances, accessories, office equipment, and communication equipment, as well as zippers, industrial machinery and tools, builders' and domestic hardware, plastic and press molds, and gears. It also provides sulfuric acid for use in inorganic chemicals and metal refining, as well as steel, spinning and weaving, chemical and fertilizer, fiber, and paper manufacturing industries; copper sulfate for agrichemicals, reagents, electroplating, and metallurgy; electrolytic copper cathode for brass and bronze, plates, and rods and pipes; and indium for ITO target, soldering, and bonding. In addition, the company offers silver by-product, such as lead ingots, which are used in storage battery pastes, red lead and litharge, solders, radiation shields, pigment colors, bearings, and type metals; and silver granules that are used in photographic materials, sterling and electroplated wares, catalysts, and jewelry. Further, it provides gold for use in jewelry, dental and medical supplies, electroplated wares, medals and badges, gold wires, fountain-pens, and watches; and silver for solar cells, photographic materials, sterling wares, electrical contacts and conductors, electroplated wares, dental and medical supplies, catalysts, and commemorative objects, as well as jewelry, mirrors, and coins. The company was founded in 1949 and is headquartered in Seoul, South Korea.",KRW,Materials,Materials,Metals & Mining,KSC,XKRX,KOSPI Stock Market,South Korea,,Seoul,06110,http://www.ypzinc.co.kr,Small Cap,KR7000670000,,BBG000BDTQ90,BBG000BDTQ09,BBG001S6K3S4,False
000680.KS,LS Networks Corporation Limited,"LS Networks Corporation Limited is a company listed on the KOSPI Stock Market under the ticker 000680. It operates in the Retailing industry within the Consumer Discretionary sector. The company is headquartered in Gimhae-si, South Korea.",KRW,Consumer Discretionary,Retailing,,KSC,XKRX,KOSPI Stock Market,South Korea,,Gimhae-si,621914,https://www.lsnetworks.com,Micro Cap,KR7000680009,,BBG000BH44D2,BBG000BH44D2,BBG001S729X3,False
000700.KS,"Eusu Holdings Co., Ltd.","Eusu Holdings Co., Ltd., through its subsidiaries, provides shipping and logistics services worldwide. The company's services include air and marine shipping, overland and railroad transport, customs, project goods transport, warehouse storage, logistics consulting, etc., as well as customized services, including FMS, WMS, and TMS services. It also provides IT services for the maritime logistics industry; and produces coffee beans. The company was founded in 1949 is based in Seoul, South Korea.",KRW,Industrials,Transportation,Marine,KSC,XKRX,KOSPI Stock Market,South Korea,,Seoul,,http://www.eusu-holdings.com,Micro Cap,KR7000700005,,BBG000BCV5B2,BBG000BCV4S7,BBG001S6JJP4,False
000720.KS,"Hyundai Engineering & Construction Co.,Ltd.","Hyundai Engineering & Construction Co.,Ltd. is a company listed on the KOSPI Stock Market under the ticker 000720. It operates in the Construction & Engineering industry within the Industrials sector. The company is headquartered in Seoul, South Korea.",KRW,Industrials,Capital Goods,Construction & Engineering,KSC,XKRX,KOSPI Stock Market,South Korea,,Seoul,03058,https://www.hdec.kr,Mid Cap,KR7000720003,,BBG000BCVC63,BBG000BCVC63,BBG001S6JK80,False
000725.KS,"Hyundai Engineering & Construction Co., Ltd.","Hyundai Engineering & Construction Co., Ltd. is a company listed on the KOSPI Stock Market under the ticker 000725. It operates in the Construction & Engineering industry within the Industrials sector. The company is headquartered in Seoul, South Korea.",KRW,Industrials,Capital Goods,Construction & Engineering,KSC,XKRX,KOSPI Stock Market,South Korea,,Seoul,03058,https://www.hdec.kr,Mid Cap,KR7000721001,,BBG000BHFL33,BBG000BHFL33,BBG001S7C3T0,False
000760.KS,"Rifa Co.,Ltd.","Rifa Co.,Ltd. engages in the wholesale and retail of dyestuffs and chemicals in South Korea. It offers reactive, disperse, acid, cationic, fluorescent, direct, leather, mordant, VAT, and Sulphur dyestuffs. The company also sells organic/inorganic chemicals, such as food additives and solvents. In addition, it is involved in the transportation activities; and rental of land and building. Rifa Co.,Ltd. was founded in 1950 and is headquartered in Seoul, South Korea.",KRW,Materials,Materials,Chemicals,KSC,XKRX,KOSPI Stock Market,South Korea,,Seoul,04537,http://www.rifa.co.kr,Nano Cap,KR7000760009,,BBG000FV69Y1,BBG000FV6953,BBG001S8N833,False
000810.KS,"Samsung Fire & Marine Insurance Co., Ltd.","Samsung Fire & Marine Insurance Co., Ltd. is a company listed on the KOSPI Stock Market under the ticker 000810. It operates in the Insurance industry within the Financials sector. The company is headquartered in Seoul, South Korea.",KRW,Financials,Insurance,Insurance,KSC,XKRX,KOSPI Stock Market,South Korea,,Seoul,06620,https://www.samsungfire.com,Large Cap,KR7000810002,,BBG000BG7W76,BBG000BG7W76,BBG001S72C84,False
000815.KS,"Samsung Fire & Marine Insurance Co., Ltd.","Samsung Fire & Marine Insurance Co., Ltd. is a company listed on the KOSPI Stock Market under the ticker 000815. It operates in the Insurance industry within the Financials sector. The company is headquartered in Seoul, South Korea.",KRW,Financials,Insurance,Insurance,KSC,XKRX,KOSPI Stock Market,South Korea,,Seoul,06620,https://www.samsungfire.com,Large Cap,KR7000811000,,BBG000BGW7Q2,BBG000BGW7Q2,BBG001S78F90,False
000850.KS,Hwacheon Machine Tool Co. Ltd,"Hwacheon Machine Tool Co. Ltd develops, manufactures, and sells various machine tools primarily in South Korea. It offers NC lathes, machining centers, and the machineries for automation, as well as casting products, various robotic materials, components, and alloy cast iron. The company was founded in 1952 and is based in Gwangju, South Korea.",KRW,Industrials,Capital Goods,Machinery,KSC,XKRX,KOSPI Stock Market,South Korea,,Gwangju,,http://www.hwacheon.com/en/company/hwintro_partner_01.do,Micro Cap,KR7000850008,,BBG000BD8BV1,BBG000BD8BN0,BBG001S6WDV5,False
000860.KS,"Kangnam Jevisco Co., Ltd","Kangnam Jevisco Co., Ltd. manufactures and sells various paints and coatings worldwide. The company provides architectural paints, including interior and exterior paints, functional paints, floor coatings, and wood coatings; and industrial coatings, such as general industrial, powder, packaging, and coil coatings. It also offers marine coatings for sea vessels, and protective coatings for infrastructures, and power plants and transmission towers; and automotive refinish coatings, including clear coats, topcoats, base coats, primers/surfacers, putties, and thinners and additives. Kangnam Jevisco Co., Ltd. was founded in 1945 and is headquartered in Busan, South Korea.",KRW,Materials,Materials,Chemicals,KSC,XKRX,KOSPI Stock Market,South Korea,,Busan,,http://www.jevisco.com,Micro Cap,KR7000860007,,BBG000BCXB90,BBG000BCX922,BBG001S6JY17,False
000880.KS,Hanwha Corporation,"Hanwha Corporation operates in the explosives, defense, trade, and machinery businesses worldwide. The company offers explosives, petrochemicals, sunlight and photovoltaic power generation products, chip mounters, packaging materials, synthetic resins, military equipment, machineries, aircraft engine and parts, broadcasting and wireless communication equipment, compressors, generators, gas turbines, CCTVs, machine tools and power trains, automobile parts and materials, silicon ingots, bearing, and other products; researches, develops, and sells industrial equipment; sells coal; and retails souvenirs, folk crafts, and decorative products. It also trades in oil and chemicals, petrochemicals, machineries, and commodities; operates athletic facilities and department stores; and engages in the tourism, hotel, catering, real estate, food, oil, import, EPC, and insurance businesses. In addition, the company offers engineering and construction services for building, plant and environmental facilities, and others, as well as pension, business facilities and consulting management, business support, leasing, asset management, securities investment, financial loan and investment, investment management and fund, other financial, blasting, integrated advisory, deposit management, computer system management, and stock brokering services. Further, it processes and distributes agricultural, livestock, and forest products; and involved in the resource and mine development, and installment saving activities, as well as operates sewage treatment, environmental pollution prevention facility, aquarium, and botanical garden and zoo. The company was formerly known as Korea Explosives Corp. and changed its name to Hanwha Corporation in March 1993. Hanwha Corporation was founded in 1952 and is headquartered in Seoul, South Korea.",KRW,Industrials,Capital Goods,Industrial Conglomerates,KSC,XKRX,KOSPI Stock Market,South Korea,,Seoul,,http://www.hanwhacorp.co.kr,Mid Cap,KR7000880005,,BBG000BCX8L3,BBG000BCX851,BBG001S6JXT9,False
00088K.KS,Hanwha Corporation,"Hanwha Corporation operates in the explosives, defense, trade, and machinery businesses worldwide. The company offers explosives, petrochemicals, sunlight and photovoltaic power generation products, chip mounters, packaging materials, synthetic resins, military equipment, machineries, aircraft engine and parts, broadcasting and wireless communication equipment, compressors, generators, gas turbines, CCTVs, machine tools and power trains, automobile parts and materials, silicon ingots, bearing, and other products; researches, develops, and sells industrial equipment; sells coal; and retails souvenirs, folk crafts, and decorative products. It also trades in oil and chemicals, petrochemicals, machineries, and commodities; operates athletic facilities and department stores; and engages in the tourism, hotel, catering, real estate, food, oil, import, EPC, and insurance businesses. In addition, the company offers engineering and construction services for building, plant and environmental facilities, and others, as well as pension, business facilities and consulting management, business support, leasing, asset management, securities investment, financial loan and investment, investment management and fund, other financial, blasting, integrated advisory, deposit management, computer system management, and stock brokering services. Further, it processes and distributes agricultural, livestock, and forest products; and involved in the resource and mine development, and installment saving activities, as well as operates sewage treatment, environmental pollution prevention facility, aquarium, and botanical garden and zoo. The company was formerly known as Korea Explosives Corp. and changed its name to Hanwha Corporation in March 1993. Hanwha Corporation was founded in 1952 and is headquartered in Seoul, South Korea.",KRW,Industrials,Capital Goods,Industrial Conglomerates,KSC,XKRX,KOSPI Stock Market,South Korea,,Seoul,04541,https://www.hanwhacorp.co.kr,Mid Cap,KR700088K015,,BBG00DK5PCQ5,BBG00DK5PCQ5,BBG00DK5PCV9,False
000890.KS,"Bohae Brewery Co., Ltd.","Bohae Brewery Co., Ltd. manufactures and sells liquor products in South Korea. It offers alcohol products and wines under the Leaves, Bokbunjaju, Original, Soonhee, Brother Soda, Bohae Gold, and Millennium, BIDAN, and HOUKAI brands. The company also provides liquid tea products, carbonated and concentrated liquid drinks, fruit and vegetable drinks, and plum extract products under the Maewon, Maewon Deluxe, Debut, Plum Wind, Maewon Prime, Bokbun Resource Prime, Oil Resources Prime, Plum Extract Gold, and Won Plum brands; and gift sets. It also exports its products. The company was founded in 1950 and is headquartered in Mokpo-si, South Korea.",KRW,Consumer Staples,"Food, Beverage & Tobacco",Beverages,KSC,XKRX,KOSPI Stock Market,South Korea,,Mokpo-Si,58728,http://www.bohae.co.kr,Nano Cap,KR7000890004,,BBG000BGV435,BBG000BGV355,BBG001S71MD7,False
000910.KS,Union Corporation,"Union Corporation engages in cement business in South Korea. The company offers building materials, such as white Portland cement, tile construction products, plastering and masonry products, flooring products, water proofing and repellents, and additives; refractory materials, including calcium aluminate cement and aggregates; and civil construction materials comprising repair and reinforcing products, and tunnel and underground products. It also provides filtering devices, including filter and screw press, unifilter, fiber filter, and nonpoint pollution reduction equipment; ozone systems; and recycles metals, such as vanadium and molybdenum. The company was formerly known as Union White Cement Co., Ltd. and changed its name to Union Corporation in July 1977. Union Corporation was founded in 1964 and is headquartered in Seoul, South Korea.",KRW,Materials,Materials,Construction Materials,KSC,XKRX,KOSPI Stock Market,South Korea,,Seoul,14532,http://www.unioncement.com,Nano Cap,KR7000910000,,BBG000H0NZ61,BBG000H0NYL7,BBG001S931M7,False
000950.KS,"Chonbang Co., Ltd.","Chonbang Co., Ltd. manufactures and sells textiles in South Korea. The company offers yarns, dyed yarns, embroidery and sewing threads, fabrics, knit products, and raw materials under the Morethan Premium, Hempia, Silroyal, Royal, Cleaniber, and Newstar brands. It also manufactures film condensers; sells and distributes used cars; and provides outbound travelling and golf membership services. The company was formerly known as Chonnam Spinning Co., Ltd and changed its name to Chonbang Co., Ltd. in 1970. Chonbang Co., Ltd. was founded in 1935 and is headquartered in Seoul, South Korea.",KRW,Consumer Discretionary,Consumer Durables & Apparel,"Textiles, Apparel & Luxury Goods",KSC,XKRX,KOSPI Stock Market,South Korea,,Seoul,120-013,http://www.chonbang.co.kr,Nano Cap,KR7000950006,,BBG000BDFD76,BBG000BDFCV1,BBG001S6HG09,False
000970.KS,"Korea Cast Iron Pipe Ind. Co., Ltd.","Korea Cast Iron Pipe Ind. Co., Ltd. is a company listed on the KOSPI Stock Market under the ticker 000970. It operates in the Machinery industry within the Industrials sector. The company is headquartered in Busan, South Korea.",KRW,Industrials,Capital Goods,Machinery,KSC,XKRX,KOSPI Stock Market,South Korea,,Busan,604836,https://www.kcip.co.kr,Micro Cap,KR7000970004,,BBG000BDVFZ2,BBG000BDVFZ2,BBG001S6K572,False
000990.KS,"DB Hitek Co., Ltd.","DB HiTek Co.,Ltd. operates as an system IC foundry company in South Korea. The company provides comprehensive foundry services; and designs and manufactures system ICs. It offers process technologies nodes ranging from 90nm to 0.35um that enable the production of advanced ICs, such as power management ICs, display driver ICs, audio amplifiers, and sensors, which are deployed in mobile, drone, and medical devices, as well as automotive applications. The company's processing technologies include BCDMOS, analog CMOS, high voltage CMOS, mixed signal, CIS, flash, logic, and non volatile technologies. The company was formerly known as Dongbu HiTek Co., Ltd. and changed its name to DB HiTek Co.,Ltd. in November 2017. DB HiTek Co.,Ltd. was founded in 1997 and is based in Bucheon, South Korea.",KRW,Information Technology,Semiconductors & Semiconductor Equipment,Semiconductors & Semiconductor Equipment,KSC,XKRX,KOSPI Stock Market,South Korea,,Bucheon-Si,,http://www.dbhitek.com,Mid Cap,KR7000990002,,BBG000BCV960,BBG000BCV8Q0,BBG001S6JJY4,False
000995.KS,"DB Hitek Co., Ltd.","DB HiTek Co.,Ltd. operates as an system IC foundry company in South Korea. The company provides comprehensive foundry services; and designs and manufactures system ICs. It offers process technologies nodes ranging from 90nm to 0.35um that enable the production of advanced ICs, such as power management ICs, display driver ICs, audio amplifiers, and sensors, which are deployed in mobile, drone, and medical devices, as well as automotive applications. The company's processing technologies include BCDMOS, analog CMOS, high voltage CMOS, mixed signal, CIS, flash, logic, and non volatile technologies. The company was formerly known as Dongbu HiTek Co., Ltd. and changed its name to DB HiTek Co.,Ltd. in November 2017. DB HiTek Co.,Ltd. was founded in 1997 and is based in Bucheon, South Korea.",KRW,Information Technology,Semiconductors & Semiconductor Equipment,Semiconductors & Semiconductor Equipment,KSC,XKRX,KOSPI Stock Market,South Korea,,Bucheon-Si,,http://www.dbhitek.com,Micro Cap,,,,,,True
001020.KS,PaperCorea Inc.,"PaperCorea Inc. manufactures and sells paper products in South Korea and internationally. The paper manufacturing business include sack kraft papers, shopping bags, woven lamination paper, container board, and newsprint products, as well as specialty papers for PCB, saturating paper, saturating news, etc. It also engages in the real estate development comprising education, culture, art, shopping, and residence projects. The company was founded in 1944 and is headquartered in Gunsan-si, South Korea.",KRW,Materials,Materials,Paper & Forest Products,KSC,XKRX,KOSPI Stock Market,South Korea,,Gunsan-si,54003,http://www.papercorea.co.kr,Micro Cap,KR7001020007,,BBG000BDBYW6,BBG000BDBYH3,BBG001S6H629,False
001040.KS,CJ Corporation,"CJ Corporation is a company listed on the KOSPI Stock Market under the ticker 001040. It operates in the Industrial Conglomerates industry within the Industrials sector. The company is headquartered in Seoul, South Korea.",KRW,Industrials,Capital Goods,Industrial Conglomerates,KSC,XKRX,KOSPI Stock Market,South Korea,,Seoul,04637,https://www.cj.net,Mid Cap,KR7001040005,,BBG000BCRJD5,BBG000BCRJD5,BBG001S6HDZ8,False
001045.KS,CJ Corporation,"CJ Corporation is a company listed on the KOSPI Stock Market under the ticker 001045. It operates in the Industrial Conglomerates industry within the Industrials sector. The company is headquartered in Seoul, South Korea.",KRW,Industrials,Capital Goods,Industrial Conglomerates,KSC,XKRX,KOSPI Stock Market,South Korea,,Seoul,04637,https://www.cj.net,Mid Cap,KR7001041003,,BBG000BCS973,BBG000BCS973,BBG001S6HP90,False
00104K.KS,CJ Corporation,"CJ Corporation is a company listed on the KOSPI Stock Market under the ticker 00104K. It operates in the Industrial Conglomerates industry within the Industrials sector. The company is headquartered in Seoul, South Korea.",KRW,Industrials,Capital Goods,Industrial Conglomerates,KSC,XKRX,KOSPI Stock Market,South Korea,,Seoul,04637,https://www.cj.net,Mid Cap,KR700104K010,,BBG00MXQTM16,BBG00MXQTM16,BBG00MXQTM52,False
001060.KS,JW Pharmaceutical Corporation,"JW Pharmaceutical Corporation is a company listed on the KOSPI Stock Market under the ticker 001060. It operates in the Pharmaceuticals industry within the Health Care sector. The company is headquartered in Gwacheon-si, South Korea.",KRW,Health Care,"Pharmaceuticals, Biotechnology & Life Sciences",Pharmaceuticals,KSC,XKRX,KOSPI Stock Market,South Korea,,Gwacheon-si,13840,https://www.jw-pharma.co.kr,Small Cap,KR7001060003,,BBG000BDFLC2,BBG000BDFLC2,BBG001S6HG54,False
001065.KS,JW Pharmaceutical Corporation,"JW Pharmaceutical Corporation is a company listed on the KOSPI Stock Market under the ticker 001065. It operates in the Pharmaceuticals industry within the Health Care sector. The company is headquartered in Gwacheon-si, South Korea.",KRW,Health Care,"Pharmaceuticals, Biotechnology & Life Sciences",Pharmaceuticals,KSC,XKRX,KOSPI Stock Market,South Korea,,Gwacheon-si,13840,https://www.jw-pharma.co.kr,Micro Cap,KR7001061001,,BBG000BJ8SM1,BBG000BJ8SM1,BBG001S78ZL2,False
001067.KS,JW Pharmaceutical Corporation,"JW Pharmaceutical Corporation is a company listed on the KOSPI Stock Market under the ticker 001067. It operates in the Pharmaceuticals industry within the Health Care sector. The company is headquartered in Gwacheon-si, South Korea.",KRW,Health Care,"Pharmaceuticals, Biotechnology & Life Sciences",Pharmaceuticals,KSC,XKRX,KOSPI Stock Market,South Korea,,Gwacheon-si,13840,https://www.jw-pharma.co.kr,Small Cap,KR7001062009,,BBG000BR5GQ8,BBG000BR5GQ8,BBG001SBT0B8,False
001070.KS,"Taihan Textile Co., Ltd.","Taihan Textile Co., Ltd. produces and supplies textile products in South Korea and internationally. The company offers various apparel products, including shirts/blouses, jackets/pants, underwear products, etc.; bedding products, such as blankets, pillows, etc.; military and police uniforms, and working clothes; and gear products. It also provides woven and knit fabrics; cupra and cellulose fibers; and yarns comprising special, melange, cotton, MVS, slub, and fancy yarns. The company was founded in 1953 and is headquartered in Seoul, South Korea.",KRW,Consumer Discretionary,Consumer Durables & Apparel,"Textiles, Apparel & Luxury Goods",KSC,XKRX,KOSPI Stock Market,South Korea,,Seoul,,http://www.thtc.co.kr,Nano Cap,KR7001070002,,BBG000BDPWD6,BBG000BDPVY5,BBG001S6JXP3,False
001080.KS,"Manho Rope & Wire Co., Ltd.","Manho Rope & Wire Co., Ltd. manufactures and sells various ropes and steel wires in Korea. The company offers hard drawn steel wires, piano wires, stainless steel wires, CD bars, PC steel wires and strands, HIBON products, and elevator ropes; galvanized steel wire strands and steel wires for ACSR; and wire ropes and fiber ropes. Its products also include spring washers, wave spring washers, and P.S-locker washers. The company also exports its products to approximately 80 countries worldwide. Manho Rope & Wire Co., Ltd. was founded in 1953 and is headquartered in Busan, South Korea.",KRW,Materials,Materials,Metals & Mining,KSC,XKRX,KOSPI Stock Market,South Korea,,Busan,,http://www.manho.co.kr,Nano Cap,KR7001080001,,BBG000BDR2J4,BBG000BDR204,BBG001S6JZ78,False
001120.KS,LX International Corp.,"LX International Corp. is a company listed on the KOSPI Stock Market under the ticker 001120. It operates in the Industrial Conglomerates industry within the Industrials sector. The company is headquartered in Seoul, South Korea.",KRW,Industrials,Capital Goods,Industrial Conglomerates,KSC,XKRX,KOSPI Stock Market,South Korea,,Seoul,03184,https://www.lxinternational.com,Small Cap,KR7001120005,,BBG000BDSF31,BBG000BDSF31,BBG001S6K1M4,False
001130.KS,"Daehan Flour Mills Co.,Ltd","Daehan Flour Mills Co.,Ltd engages in flour milling business in South Korea. The company offers Gompyo wheat flour products used in various noodle soups, dumplings, and fried foods; all-purpose wheat flour for noodle soups, dumplings, various types of fried foods, and other products; bread flour products for various breads and pizzas; and cake flour products used in cakes, snacks, cookies, confectioneries, and deep-frying batters. It also provides Gom pyo premix products, including batter, pan cake, and donut mixes used for second processed foodstuffs in homes, bakeries, and bread manufacturers by mixing raw materials, such as wheat flour, various grains, milk fats, and various ingredients. In addition, the company offers various pastas, including spaghetti, macaroni, penne, and other products; and noodles. Daehan Flour Mills Co.,Ltd was founded in 1952 and is based in Seoul, South Korea.",KRW,Consumer Staples,"Food, Beverage & Tobacco",Food Products,KSC,XKRX,KOSPI Stock Market,South Korea,,Seoul,,http://www.dhflour.co.kr,Micro Cap,KR7001130004,,BBG000BDTT67,BBG000BDTSY8,BBG001S6K466,False
001140.KS,"KUKBO Logistics Co., Ltd.","KUKBO Logistics Co., Ltd. provides transportation services in South Korea. It offers international logistics, warehouse and storage, terminal and unloading, third party logistics, container cargo transportation, and mobility services. The company was formerly known as Kuk Bo Transportation Co., Ltd. and changed its name to KUKBO Logistics Co., Ltd. in October 1978. KUKBO Logistics Co., Ltd. was founded in 1953 and is headquartered in Seoul, South Korea.",KRW,Industrials,Transportation,Air Freight & Logistics,KSC,XKRX,KOSPI Stock Market,South Korea,,Seoul,,http://www.kukbo.com,Micro Cap,KR7001140003,,BBG000BH4CV4,BBG000BH4CV4,BBG001S72B95,True
001200.KS,"Eugene Investment & Securities Co.,Ltd.","Eugene Investment & Securities Co., Ltd. was founded in 1954 and is headquartered in Seoul, South Korea. The bank offers services such as savings and loans, foreign exchange, credit cards, pension and insurance to retail and corporate customers.",KRW,Financials,Diversified Financials,Capital Markets,KSC,XKRX,KOSPI Stock Market,South Korea,,Seoul,10102,http://www.eugenefn.com,Micro Cap,KR7001200005,,BBG000BDTF94,BBG000BDTDM4,BBG001S6K3J4,False
001210.KS,"Kumho Electric, Inc.","Kumho Electric, Inc. manufactures and sells lighting solutions in South Korea. The company offers general lighting products, such as fluorescent, electrodeless, incandescent, halogen, and CDM/HQI lamps; electronic ballasts; and electronic insect control systems. It also provides various LED lighting products; and back light units. The company was formerly known as Chungyup Manufacturing Co. and changed its name to Kumho Electric, Inc. in 1978. Kumho Electric, Inc. was founded in 1935 and is headquartered in Seoul, South Korea.",KRW,Industrials,Capital Goods,Electrical Equipment,KSC,XKRX,KOSPI Stock Market,South Korea,,Seoul,,http://www.khe.co.kr,Micro Cap,KR7001210004,,BBG000BDRPC0,BBG000BDRP58,BBG001S6K0F4,False
001230.KS,Dongkuk Steel Mill Company Limited,"Dongkuk Steel Mill Company Limited is a company listed on the KOSPI Stock Market under the ticker 001230. It operates in the Metals & Mining industry within the Materials sector. The company is headquartered in Seoul, South Korea.",KRW,Materials,Materials,Metals & Mining,KSC,XKRX,KOSPI Stock Market,South Korea,,Seoul,04539,https://www.dongkuksteel.com,Micro Cap,KR7001230002,,BBG000BCYYC5,BBG000BCYYC5,BBG001S6K563,False
001250.KS,GS Global Corp,"GS Global Corp is a company listed on the KOSPI Stock Market under the ticker 001250. It operates in the Trading Companies & Distributors industry within the Industrials sector. The company is headquartered in Seoul, South Korea.",KRW,Industrials,Capital Goods,Trading Companies & Distributors,KSC,XKRX,KOSPI Stock Market,South Korea,,Seoul,06141,https://www.gsgcorp.com,Micro Cap,KR7001250000,,BBG000BCYKK6,BBG000BCYKK6,BBG001S6K1W3,False
001260.KS,"Namkwang Engineering & Construction Co., Ltd.","Namkwang Engineering & Construction Co., Ltd. provides various construction services in South Korea and internationally. The company constructs apartments, commercial/business facilities, public/leisure facilities, factories/plants, and culture/history/other projects; and roads, bridges/tunnels, subways/railroads, water/sewerage works, and harbors/dams/ ports. Namkwang Engineering & Construction Co., Ltd. was founded in 1947 and is headquartered in Yongin-si, South Korea.",KRW,Industrials,Capital Goods,Construction & Engineering,KSC,XKRX,KOSPI Stock Market,South Korea,,Yongin-Si,,http://www.namkwang.co.kr,Micro Cap,KR7001260009,,BBG000BDS0R8,BBG000BDS0C4,BBG001S6K126,False
001270.KS,"BOOKOOK Securities Co., Ltd.","BOOKOOK Securities Co., Ltd. provides retail and institutional brokerage services in South Korea. The company operates through Retail, Financial Product Trading, Investment Banking, and International Business divisions. It is involved in the sale and brokerage of stocks, futures/options, and financial products; trading of financial products, such as stocks, futures/options, bonds, and interest rate futures; and project financing, structured financing, and financial derivatives dealing and underwriting businesses. The company also provides consulting and investment services relating to mergers and acquisitions, restructuring, and joint venture establishments, as well as securities dealing and underwriting services; and back office services, such as planning and strategy, risk management, financial accounting management, and compliance, as well as economic, industry, and company research. Further, it engages in corporate finance activities, such as IPOs, corporate bonds, etc. The company was founded in 1954 and is headquartered in Seoul, South Korea.",KRW,Financials,Diversified Financials,Capital Markets,KSC,XKRX,KOSPI Stock Market,South Korea,,Seoul,,http://www.bookook.co.kr,Micro Cap,KR7001270008,,BBG000BH4TV7,BBG000BH4TF5,BBG001S72C20,False
001275.KS,"BOOKOOK Securities Co., Ltd.","BOOKOOK Securities Co., Ltd. provides retail and institutional brokerage services in South Korea. The company operates through Retail, Financial Product Trading, Investment Banking, and International Business divisions. It is involved in the sale and brokerage of stocks, futures/options, and financial products; trading of financial products, such as stocks, futures/options, bonds, and interest rate futures; and project financing, structured financing, and financial derivatives dealing and underwriting businesses. The company also provides consulting and investment services relating to mergers and acquisitions, restructuring, and joint venture establishments, as well as securities dealing and underwriting services; and back office services, such as planning and strategy, risk management, financial accounting management, and compliance, as well as economic, industry, and company research. Further, it engages in corporate finance activities, such as IPOs, corporate bonds, etc. The company was founded in 1954 and is headquartered in Seoul, South Korea.",KRW,Financials,Diversified Financials,Capital Markets,KSC,XKRX,KOSPI Stock Market,South Korea,,Seoul,,http://www.bookook.co.kr,Small Cap,KR7001271006,,BBG000BJ6H74,BBG000BJ6H74,BBG001S78F72,False
001290.KS,"Sangsangin Investment & Securities Co.,Ltd.","Sangsangin Investment & Securities Co., Ltd., together with its subsidiaries, provides investment products in South Korea and Vietnam. The company was founded in 1954 and is headquartered in Seoul, South Korea.",KRW,Financials,Diversified Financials,Capital Markets,KSC,XKRX,KOSPI Stock Market,South Korea,,Seoul,,http://www.bridgefn.com,Micro Cap,KR7001290006,,BBG000BH4WN9,BBG000BH4VW1,BBG001S72C48,False
001340.KS,"Paik Kwang Industrial Co., Ltd.","Paik Kwang Industrial Co., Ltd. produces and sells chemical products in South Korea and internationally. It offers caustic soda, hydrochloric acid, liquid chlorine, sodium hypochlorite, nitrous oxide, nitrogen trifluoride, ultra-high purity chlorine and hydrogen, sorbitol, and maltitol and polyglycitol syrup. The company also operates high pressure gas container re-inspection and inner surface treatment facilities, as well as golf course, ice rink, fitness, and sauna and yoga facilities. Its products are used in chemical, purified wastewater treatment, papermaking, food processing, textile, petrochemical, and advanced materials industries. The company was formerly known as PAIK KWANG Chemical Co., Ltd. and changed its name to Paik Kwang Industrial Co., Ltd. in 1990. The company was founded in 1954 and is headquartered in Gunsan, South Korea.",KRW,Materials,Materials,Chemicals,KSC,XKRX,KOSPI Stock Market,South Korea,,Gunsan-si,,http://www.pkic.co.kr,Micro Cap,KR7001340009,,,,,False
001360.KS,"SAMSUNG PHARM. Co., Ltd.","SAMSUNG PHARM. Co., Ltd. is a company listed on the KOSPI Stock Market under the ticker 001360. It operates in the Pharmaceuticals industry within the Health Care sector. The company is headquartered in Hwaseong-si, South Korea.",KRW,Health Care,"Pharmaceuticals, Biotechnology & Life Sciences",Pharmaceuticals,KSC,XKRX,KOSPI Stock Market,South Korea,,Hwaseong-si,18622,https://www.sspharm.co.kr,Micro Cap,KR7001360007,,BBG000BDQP95,BBG000BDQP95,BBG001S6JYT7,False
001380.KS,"SG Global Co.,Ltd.","SG Global Co.,Ltd. is a company listed on the KOSPI Stock Market under the ticker 001380. It operates in the Auto Components industry within the Consumer Discretionary sector. The company is headquartered in Yesan-Eup, South Korea.",KRW,Consumer Discretionary,Automobiles & Components,Auto Components,KSC,XKRX,KOSPI Stock Market,South Korea,,Yesan-Eup,,http://www.sgglobal.co.kr,Nano Cap,KR7001380005,,BBG000BDFK34,BBG000BDFK34,BBG001S6HG36,False
001390.KS,KG Chemical Corporation,"KG Chemical Corporation is a company listed on the KOSPI Stock Market under the ticker 001390. It operates in the Chemicals industry within the Materials sector. The company is headquartered in Ulsan, South Korea.",KRW,Materials,Materials,Chemicals,KSC,XKRX,KOSPI Stock Market,South Korea,,Ulsan,,https://www.kgchem.co.kr,Micro Cap,KR7001390004,,BBG000BGX166,BBG000BGX166,BBG001S71RN5,False
001420.KS,"Tae Won Mulsan Co., Ltd.","Tae Won Mulsan Co., Ltd. manufactures and sells engine water pumps and engine surrounding parts for automobiles. The company provides water pumps for farm machines and automobiles; rod and cable type gear shift cover assemblies; shift blocks and front bearing covers for trucks; brackets for transmission mounts; shackles for alternators; EGR adapters; and ECU housing products. It also offers refined phosphate gypsum, gypsum plaster, calcined gypsum, and gypsum resin mortar for use in construction materials. The company was formerly known as Samyang Trading and changed its name to Tae Won Mulsan Co., Ltd. in February 1968. Tae Won Mulsan Co., Ltd. was founded in 1955 and is based in Seoul, South Korea.",KRW,Consumer Discretionary,Automobiles & Components,Auto Components,KSC,XKRX,KOSPI Stock Market,South Korea,,Seoul,,http://www.twms.co.kr,Nano Cap,KR7001420009,,BBG000BDQZ02,BBG000BDQYM1,BBG001S6JZ32,False
001430.KS,SeAH Besteel Corporation,"SeAH Besteel Corporation engages in the manufacture and sale of special steel, heavy forgings, automotive parts, and axels in South Korea. It offers special steel products for engine, transmission, and chassis, as well as spring and bearing steel for automobiles; steel for hydraulic breaker steel and rock drill machine steel, as well as tool steel/plastic mold steel for construction/industrial machinery; and steel for oil industry, wind power, and mooring chain for energy sector. The company also provides forged shell and tube sheet for power generation and petro-chemical plant; roll for steel mill facilities; shaft and crank throw for shipbuilding; and plastic mold steel from raw material to forging and machining. Further, it offers axles, including front driving differential assembly, rear axle assembly, and axle housing products; and tripod housing and outer race products. The company was founded in 1937 and is headquartered in Seoul, South Korea. SeAH Besteel Corporation is a subsidiary of SeAH Holdings Corporation.",KRW,Materials,Materials,Metals & Mining,KSC,XKRX,KOSPI Stock Market,South Korea,,Seoul,04036,http://www.seahbesteel.co.kr,Small Cap,KR7001430008,,BBG000BG91K7,BBG000BG9154,BBG001S72K31,False
001440.KS,"Taihan Cable & Solution Co., Ltd.","Taihan Electric Wire Co., Ltd. designs, manufactures, and installs electric and communication cable systems worldwide. The company provides power generation and distribution cables, including extra-high voltage cables, overhead transmission lines, electric power cables, insulated wires, nuclear cables, halogen-free flame retardant cables, fire protection cables, control cables, instrumentation/signal cables, high voltage direct current cables, and subsea cables. It also offers communication, data, coaxial, railway signaling, optical, and UL style cables, as well as accessories; base metal products, such as copper rods and magnet wires; and heating systems, trolley wires, and factory automation cables. The company was founded in 1955 and is headquartered in Anyang, South Korea.",KRW,Industrials,Capital Goods,Electrical Equipment,KSC,XKRX,KOSPI Stock Market,South Korea,,Anyang-Si,,http://www.taihan.com,Mid Cap,KR7001440007,,BBG000BCY440,BBG000BCY440,BBG001S6K0C7,False
001450.KS,"Hyundai Marine & Fire Insurance Co., Ltd.","Hyundai Marine & Fire Insurance Co., Ltd. is a company listed on the KOSPI Stock Market under the ticker 001450. It operates in the Insurance industry within the Financials sector. The company is headquartered in Seoul, South Korea.",KRW,Financials,Insurance,Insurance,KSC,XKRX,KOSPI Stock Market,South Korea,,Seoul,03183,https://www.hi.co.kr,Mid Cap,KR7001450006,,BBG000BH5192,BBG000BH5192,BBG001S72CB0,False
001460.KS,"BYC Co., Ltd.","BYC Co., Ltd. produces and sells underwear in South Korea and internationally. It offers men's and women's underwear, pajamas, and innerwear for babies under the BYC, SCORPIO, BODY HEAT, BODY DRY, LESON, CELPINK, SC SPORTS, and RAMMI brand names. The company sells its products through online and stores. The company operates 1,700 franchises and 14 chain stores. BYC Co., Ltd. was founded in 1946 and is headquartered in Seoul, South Korea.",KRW,Consumer Discretionary,Consumer Durables & Apparel,"Textiles, Apparel & Luxury Goods",KSC,XKRX,KOSPI Stock Market,South Korea,,Seoul,,http://home.byc.co.kr,Micro Cap,KR7001460005,,BBG000BDDT28,BBG000BDDSD8,BBG001S6HDM2,False
001465.KS,"BYC Co., Ltd.","BYC Co., Ltd. produces and sells underwear in South Korea and internationally. It offers men's and women's underwear, pajamas, and innerwear for babies under the BYC, SCORPIO, BODY HEAT, BODY DRY, LESON, CELPINK, SC SPORTS, and RAMMI brand names. The company sells its products through online and stores. The company operates 1,700 franchises and 14 chain stores. BYC Co., Ltd. was founded in 1946 and is headquartered in Seoul, South Korea.",KRW,Consumer Discretionary,Consumer Durables & Apparel,"Textiles, Apparel & Luxury Goods",KSC,XKRX,KOSPI Stock Market,South Korea,,Seoul,,http://home.byc.co.kr,Micro Cap,KR7001461003,,BBG000BJSLP1,BBG000BJSLP1,BBG001S7BWS8,False
001470.KS,"Sambu Engineering & Construction Co., Ltd","Sambu Engineering & Construction Co., Ltd engages in the construction business in South Korea and internationally. The company is involved in various civil works, including dams and hydro-power projects, ports and harbors, highways, bridges, subways and railroads, and tunnels. It also undertakes various architectural works comprising construction of office and commercial buildings, hotels, museums and cultural properties, educational and research facilities, religious facilities, sports and leisure facilities, and renovations. In addition, the company is involved in the redevelopment, reconstruction, construction, and sale of condominiums, office and complex buildings, thermal power plants, industrial plants, environmental plants, and power transmission lines. Sambu Engineering & Construction Co., Ltd was founded in 1948 and is based in Seoul, South Korea.",KRW,Industrials,Capital Goods,Construction & Engineering,KSC,XKRX,KOSPI Stock Market,South Korea,,Seoul,04529,http://www.sambu.co.kr,Small Cap,KR7001470004,,BBG000BDS3N6,BBG000BDS365,BBG001S6K153,True
001500.KS,"Hyundai Motor Securities Co., Ltd.","Hyundai Motor Securities Co., Ltd. is a company listed on the KOSPI Stock Market under the ticker 001500. It operates in the Capital Markets industry within the Financials sector. The company is headquartered in Seoul, South Korea.",KRW,Financials,Diversified Financials,Capital Markets,KSC,XKRX,KOSPI Stock Market,South Korea,,Seoul,07325,https://www.hmsec.com,Small Cap,KR7001500008,,BBG000BH4Y73,BBG000BH4Y73,BBG001S72C75,False
001510.KS,"SK Securities Co., Ltd.","SK Securities Co., Ltd. is a company listed on the KOSPI Stock Market under the ticker 001510. It operates in the Capital Markets industry within the Financials sector. The company is headquartered in Seoul, South Korea.",KRW,Financials,Diversified Financials,Capital Markets,KSC,XKRX,KOSPI Stock Market,South Korea,,Seoul,07332,https://www.sks.co.kr,Small Cap,KR7001510007,,BBG000BDGX80,BBG000BDGX80,BBG001S6HML3,False
001515.KS,"SK Securities Co., Ltd.","SK Securities Co., Ltd. is a company listed on the KOSPI Stock Market under the ticker 001515. It operates in the Capital Markets industry within the Financials sector. The company is headquartered in Seoul, South Korea.",KRW,Financials,Diversified Financials,Capital Markets,KSC,XKRX,KOSPI Stock Market,South Korea,,Seoul,07332,https://www.sks.co.kr,Micro Cap,KR7001511005,,BBG000BJ67C0,BBG000BJ67C0,BBG001S78F27,False
001520.KS,Tongyang Inc.,"Tongyang Inc. manufactures and sells ready-mixed concrete materials. It manufactures and distributes construction materials, such as ready-mixed concrete and aggregates; and distributes construction materials, including ready-mixed concrete, steel reinforcement, thermal insulation materials, tiles, sanitary wares, and plaster boards. The company is also involved in housing construction projects for apartments, high-end residential facilities, and town houses; civil engineering activities, including the development of traffic facilities, such as roads and harbors, as well as living facilities; construction of building, shopping complexes, and residences; and remodeling services for commercial real estate and apartments. In addition, it engages in designing, equipment supply, construction, and operation of cement plants, power plants, iron works, and chemical plants. The company was formerly known as Tongyang Major Corporation and changed its name to Tongyang Inc. in March 2011. Tongyang Inc. was founded in 1955 and is headquartered in Seoul, South Korea.",KRW,Materials,Materials,Construction Materials,KSC,XKRX,KOSPI Stock Market,South Korea,,Seoul,,http://www.tongyanginc.co.kr,Micro Cap,KR7001520006,,BBG000BCXLT6,BBG000BCXL89,BBG001S6JZ41,False
001525.KS,Tongyang Inc.,"Tongyang Inc. manufactures and sells ready-mixed concrete materials. It manufactures and distributes construction materials, such as ready-mixed concrete and aggregates; and distributes construction materials, including ready-mixed concrete, steel reinforcement, thermal insulation materials, tiles, sanitary wares, and plaster boards. The company is also involved in housing construction projects for apartments, high-end residential facilities, and town houses; civil engineering activities, including the development of traffic facilities, such as roads and harbors, as well as living facilities; construction of building, shopping complexes, and residences; and remodeling services for commercial real estate and apartments. In addition, it engages in designing, equipment supply, construction, and operation of cement plants, power plants, iron works, and chemical plants. The company was formerly known as Tongyang Major Corporation and changed its name to Tongyang Inc. in March 2011. Tongyang Inc. was founded in 1955 and is headquartered in Seoul, South Korea.",KRW,Materials,Materials,Construction Materials,KSC,XKRX,KOSPI Stock Market,South Korea,,Seoul,,http://www.tongyanginc.co.kr,Micro Cap,KR7001521004,,BBG000BH4P18,BBG000BH4P18,BBG001S79W74,False
001527.KS,Tongyang Inc.,"Tongyang Inc. manufactures and sells ready-mixed concrete materials. It manufactures and distributes construction materials, such as ready-mixed concrete and aggregates; and distributes construction materials, including ready-mixed concrete, steel reinforcement, thermal insulation materials, tiles, sanitary wares, and plaster boards. The company is also involved in housing construction projects for apartments, high-end residential facilities, and town houses; civil engineering activities, including the development of traffic facilities, such as roads and harbors, as well as living facilities; construction of building, shopping complexes, and residences; and remodeling services for commercial real estate and apartments. In addition, it engages in designing, equipment supply, construction, and operation of cement plants, power plants, iron works, and chemical plants. The company was formerly known as Tongyang Major Corporation and changed its name to Tongyang Inc. in March 2011. Tongyang Inc. was founded in 1955 and is headquartered in Seoul, South Korea.",KRW,Materials,Materials,Construction Materials,KSC,XKRX,KOSPI Stock Market,South Korea,,Seoul,,http://www.tongyanginc.co.kr,Nano Cap,KR7001522002,,BBG000BG3QP3,BBG000BG3QP3,BBG001S70QL0,False
001529.KS,Tongyang Inc.,"Tongyang Inc. manufactures and sells ready-mixed concrete materials. It manufactures and distributes construction materials, such as ready-mixed concrete and aggregates; and distributes construction materials, including ready-mixed concrete, steel reinforcement, thermal insulation materials, tiles, sanitary wares, and plaster boards. The company is also involved in housing construction projects for apartments, high-end residential facilities, and town houses; civil engineering activities, including the development of traffic facilities, such as roads and harbors, as well as living facilities; construction of building, shopping complexes, and residences; and remodeling services for commercial real estate and apartments. In addition, it engages in designing, equipment supply, construction, and operation of cement plants, power plants, iron works, and chemical plants. The company was formerly known as Tongyang Major Corporation and changed its name to Tongyang Inc. in March 2011. Tongyang Inc. was founded in 1955 and is headquartered in Seoul, South Korea.",KRW,Materials,Materials,Construction Materials,KSC,XKRX,KOSPI Stock Market,South Korea,,Seoul,,http://www.tongyanginc.co.kr,Micro Cap,,,,,,True
001530.KS,Di Dong Il Corporation,"Di Dong Il Corporation is a company listed on the KOSPI Stock Market under the ticker 001530. It operates in the Textiles, Apparel & Luxury Goods industry within the Consumer Discretionary sector. The company is headquartered in Seoul, South Korea.",KRW,Consumer Discretionary,Consumer Durables & Apparel,"Textiles, Apparel & Luxury Goods",KSC,XKRX,KOSPI Stock Market,South Korea,,Seoul,06180,https://www.dong-il.com,Small Cap,KR7001530005,,BBG000BDGYL3,BBG000BDGYL3,BBG001S6HMM2,False
001550.KS,Chobi Company Limited,"Chobi Company Limited produces and distributes composite fertilizers in South Korea. It offers bulk bending, slow release compound, fertigation and hydrophonix compound, and liquid fertilizers, as well as compound fertilizers for baseal and top dressing. The company was formerly known as Chosun Fertilizer Industry Co., Ltd. and changed its name to Chobi Company Limited in October 1990. Chobi Company Limited was founded in 1955 and is headquartered in Seoul, South Korea.",KRW,Materials,Materials,Chemicals,KSC,XKRX,KOSPI Stock Market,South Korea,,Seoul,135-860,http://www.chobi.co.kr,Nano Cap,KR7001550003,,BBG000BDFR02,BBG000BDFQR5,BBG001S6HGD5,False
001560.KS,"Cheil Grinding Wheel Ind. Co., Ltd.","Cheil Grinding Wheel Ind. Co., Ltd. manufactures and sells grinding wheel products for industrial grinding, cutting, and finishing applications. The company's products include resin bonded abrasive wheels, such as reinforced cut-off, mini cut-off, circular saw, chopsaw, stationary machine saw, high speed gas/electric saw, non-reinforced cut-off, depressed center, flexible grinding, resin bonded snagging, heavy duty snagging, and roll grinding wheels; and vitrified bonded abrasive wheels comprise general purpose, surface grinding, cylindrical grinding, tool room, mounted point, centerless grinding, crankshaft grinding, and camshaft grinding wheels. Its products also consist of CBN/diamond grinding wheels; rubber regulating abrasive wheels; magnesia and epoxy wheels/discs; mold stones; honing stones; super finishing stones; internal grinding wheels; and barrel stones. The company offers its products through distributors in Asia, the Middle East, Oceania, Canada, the United States, Central and South America, Europe, and Africa. Cheil Grinding Wheel Ind. Co., Ltd. was founded in 1955 and is headquartered in Pohang, South Korea.",KRW,Industrials,Capital Goods,Machinery,KSC,XKRX,KOSPI Stock Market,South Korea,,Pohang,,http://www.grinding.co.kr,Nano Cap,KR7001560002,,BBG000JQB721,BBG000JQB632,BBG001SPKR18,False
001570.KS,"Kumyang Co., Ltd.","Kumyang Co., Ltd. manufactures and supplies a range of chemical materials in South Korea and internationally. It offers chemical blowing agents for polyvinyl chloride, ethylene vinyl acetate, polyethylene or polypropylene, rubber, and other blowing agents; capsule blowing agents; blowing agent masterbatch products; anti-foaming agent masterbatch products; titanium dioxide products; flame retardants; and optimal solutions for synthetic resins, rubbers, and additives related to blowing agents. The company was formerly known as Gumbuk Chemical Industrial Company and changed its name to Kumyang Co., Ltd. in July 1978. The company was founded in 1955 and is headquartered in Busan, South Korea.",KRW,Materials,Materials,Chemicals,KSC,XKRX,KOSPI Stock Market,South Korea,,Busan,,http://www.kyc.co.kr,Micro Cap,KR7001570001,,BBG000BDQ0X3,BBG000BDQ0X3,BBG001S6JY08,True
001620.KS,"Kbi Dongkook Ind. Co., Ltd","Kbi Dongkook Ind.Co.,Ltd provides automobile components in South Korea. It offers interior and exterior components, air conditioning, and lamp parts. The company was founded in 1955 and is headquartered in Seoul, South Korea.",KRW,Consumer Discretionary,Automobiles & Components,Auto Components,KSC,XKRX,KOSPI Stock Market,South Korea,,Seoul,,http://www.dongkook.net,Nano Cap,KR7001620004,,BBG000BGVQH1,BBG000BGVPR2,BBG001S71NY2,False
001630.KS,Chong Kun Dang Holdings Corp.,"Chong Kun Dang Holdings Corp. manufactures and distributes pharmaceutical products in South Korea and internationally. The company was founded in 1941 and is headquartered in Seoul, South Korea.",KRW,Health Care,"Pharmaceuticals, Biotechnology & Life Sciences",Biotechnology,KSC,XKRX,KOSPI Stock Market,South Korea,,Seoul,,http://www.ckd-holdings.com/company/summary.do,Micro Cap,KR7001630003,,BBG000BDFH86,BBG000BDFGY9,BBG001S6HG18,False
001680.KS,Daesang Corporation,"Daesang Corporation, together with its subsidiaries, produces and sells various food products in South Korea and internationally. The company offers general food products, including bean pastes and seasonings; agro-fishery foods, such as vinegar and fish sauce; and fresh food products comprising Kimchi and tofu, western food, deli, frozen food, etc. It also provides food ingredients, such as starch for the use in food, paper, textile, and construction materials; and sweeteners for the use in alcohol drinks, confectionery, baking, and beverage industrial areas. In addition, the company offers bio ingredients, including flavor enhancers, amino acids, and microalgae based products for the use in food, dietary supplements, functional foods, animal nutrition, pet food, and pharmaceutical industries. Further, it exports various bio ingredient products to approximately 80 countries under the Miwon brand. Additionally, the company engages in the food distribution business. The company was founded in 1956 and is headquartered in Seoul, South Korea.",KRW,Consumer Staples,"Food, Beverage & Tobacco",Food Products,KSC,XKRX,KOSPI Stock Market,South Korea,,Seoul,02586,http://www.daesang.com,Small Cap,KR7001680008,,BBG000BD2H26,BBG000BD2GW5,BBG001S6DJR8,False
001685.KS,Daesang Corporation,"Daesang Corporation, together with its subsidiaries, produces and sells various food products in South Korea and internationally. The company offers general food products, including bean pastes and seasonings; agro-fishery foods, such as vinegar and fish sauce; and fresh food products comprising Kimchi and tofu, western food, deli, frozen food, etc. It also provides food ingredients, such as starch for the use in food, paper, textile, and construction materials; and sweeteners for the use in alcohol drinks, confectionery, baking, and beverage industrial areas. In addition, the company offers bio ingredients, including flavor enhancers, amino acids, and microalgae based products for the use in food, dietary supplements, functional foods, animal nutrition, pet food, and pharmaceutical industries. Further, it exports various bio ingredient products to approximately 80 countries under the Miwon brand. Additionally, the company engages in the food distribution business. The company was founded in 1956 and is headquartered in Seoul, South Korea.",KRW,Consumer Staples,"Food, Beverage & Tobacco",Food Products,KSC,XKRX,KOSPI Stock Market,South Korea,,Seoul,02586,http://www.daesang.com,Small Cap,KR7001681006,,BBG000BJST65,BBG000BJST65,BBG001S7BWZ0,False
001720.KS,"Shinyoung Securities Co., Ltd.","Shinyoung Securities Co., Ltd. provides brokerage, wealth management, investment banking, and capital market services in South Korea. The company offers brokerage trading services on securities, such as stocks, bonds, futures, options, and equity linked warrants (ELW) through various trading channels to individual and institutional investors; and professional investment information and research analysis on the domestic and overseas financial markets. It also provides CMA and wrap account services for wealth management; and various investment products, including funds, trust, retirement pension, equity/derivatives-linked securities, insurance, repurchase agreements, etc., as well as consultation and asset management strategy, etc. In addition, the company is involved in underwriting IPOs, corporate bonds, and equity-linked notes, as well as structured financing, real estate financing, paid-in-capital increasing, etc.; and the provision of professional consulting services on mergers and acquisitions, corporate restructuring, and financial advisory services. Further, it trades in stocks, bonds, and derivatives; and issues equity-linked securities, derivatives-linked securities, and ELW. Shinyoung Securities Co., Ltd. was founded in 1956 and is based in Seoul, South Korea.",KRW,Financials,Diversified Financials,Capital Markets,KSC,XKRX,KOSPI Stock Market,South Korea,,Seoul,150-884,http://www.shinyoung.com,Small Cap,KR7001720002,,BBG000BDTN97,BBG000BDTMV4,BBG001S6K3Q6,False
001725.KS,"Shinyoung Securities Co., Ltd.","Shinyoung Securities Co., Ltd. provides brokerage, wealth management, investment banking, and capital market services in South Korea. The company offers brokerage trading services on securities, such as stocks, bonds, futures, options, and equity linked warrants (ELW) through various trading channels to individual and institutional investors; and professional investment information and research analysis on the domestic and overseas financial markets. It also provides CMA and wrap account services for wealth management; and various investment products, including funds, trust, retirement pension, equity/derivatives-linked securities, insurance, repurchase agreements, etc., as well as consultation and asset management strategy, etc. In addition, the company is involved in underwriting IPOs, corporate bonds, and equity-linked notes, as well as structured financing, real estate financing, paid-in-capital increasing, etc.; and the provision of professional consulting services on mergers and acquisitions, corporate restructuring, and financial advisory services. Further, it trades in stocks, bonds, and derivatives; and issues equity-linked securities, derivatives-linked securities, and ELW. Shinyoung Securities Co., Ltd. was founded in 1956 and is based in Seoul, South Korea.",KRW,Financials,Diversified Financials,Capital Markets,KSC,XKRX,KOSPI Stock Market,South Korea,,Seoul,150-884,http://www.shinyoung.com,Small Cap,,,,,,True
001740.KS,SK Networks Company Limited,"SK Networks Company Limited is a company listed on the KOSPI Stock Market under the ticker 001740. It operates in the Industrial Conglomerates industry within the Industrials sector. The company is headquartered in Suwon-si, South Korea.",KRW,Industrials,Capital Goods,Industrial Conglomerates,KSC,XKRX,KOSPI Stock Market,South Korea,,Suwon-si,04534,https://www.sknetworks.co.kr,Small Cap,KR7001740000,,BBG000BC3D26,BBG000BC3D26,BBG001S6K1X2,False
001750.KS,Hanyang Securities Co. Ltd.,"Hanyang Securities Co. Ltd. operates as a financial investment company. The company was founded in 1956 and is based in Seoul, South Korea.",KRW,Financials,Diversified Financials,Capital Markets,KSC,XKRX,KOSPI Stock Market,South Korea,,Seoul,,http://www.hygood.co.kr,Micro Cap,KR7001750009,,BBG000BH4S85,BBG000BH4R96,BBG001S72C02,False
001755.KS,Hanyang Securities Co. Ltd.,"Hanyang Securities Co. Ltd. operates as a financial investment company. The company was founded in 1956 and is based in Seoul, South Korea.",KRW,Financials,Diversified Financials,Capital Markets,KSC,XKRX,KOSPI Stock Market,South Korea,,Seoul,,http://www.hygood.co.kr,Micro Cap,KR7001751007,,BBG000BJ6437,BBG000BJ6437,BBG001S78DX8,False
001770.KS,"Shin Hwa Dynamics Co., Ltd.","Shin Hwa Dynamics Co., Ltd. is a company listed on the KOSPI Stock Market under the ticker 001770. It operates in the Containers & Packaging industry within the Materials sector. The company is headquartered in Ansan-Si, South Korea.",KRW,Materials,Materials,Containers & Packaging,KSC,XKRX,KOSPI Stock Market,South Korea,,Ansan-Si,15410,https://www.shinhwatp.co.kr,Nano Cap,KR7001770007,,BBG000BGZMM0,BBG000BGZMM0,BBG001S71YP8,False
001780.KS,"Aluko Co., Ltd.","Aluko Co., Ltd. manufactures and sells aluminum products in South Korea and internationally. It offers building materials, including regular/balcony windows, system windows, and curtain walls; and focus, inner, project, and fix and slide windows, as well as sliding and turning doors. The company also engages in designing, manufacturing, and on-site assembling of various form materials for the field structures; and provides curtain walls, such as unit, stick, and panel systems. In addition, it offers CVVT rotor vanes, ABS housing raw, bumper back beams, seat frames, side sills, aluminum bus frames, electric motorcycle frames, and MTB frames for automotive applications; LNG tank structures; railway frames; and industrial materials, such as aluminum palettes and industrial extruded materials. Further, the company provides top chassis and edge bars for display fields; components of electric and electronic/communication products, and airplanes; and industrial materials, such as solar frames. Aluko Co., Ltd. was founded in 1956 and is headquartered in Daejeon, South Korea.",KRW,Materials,Materials,Metals & Mining,KSC,XKRX,KOSPI Stock Market,South Korea,,Daejeon,,http://www.alusash.co.kr,Micro Cap,KR7001780006,,BBG000BDH9H2,BBG000BDH8T1,BBG001S6HNF8,False
001790.KS,TS Corporation,"TS Corporation is a company listed on the KOSPI Stock Market under the ticker 001790. It operates in the Food Products industry within the Consumer Staples sector. The company is headquartered in Incheon, South Korea.",KRW,Consumer Staples,"Food, Beverage & Tobacco",Food Products,KSC,XKRX,KOSPI Stock Market,South Korea,,Incheon,22300,https://www.ts.co.kr,Micro Cap,KR7001790005,,BBG000BD4Q97,BBG000BD4Q97,BBG001S6F8J9,False
001795.KS,TS Corporation,"TS Corporation is a company listed on the KOSPI Stock Market under the ticker 001795. It operates in the Food Products industry within the Consumer Staples sector. The company is headquartered in Incheon, South Korea.",KRW,Consumer Staples,"Food, Beverage & Tobacco",Food Products,KSC,XKRX,KOSPI Stock Market,South Korea,,Incheon,22300,https://www.ts.co.kr,Micro Cap,KR7001791003,,BBG000BNKMD1,BBG000BNKMD1,BBG001S8MZM3,False
001800.KS,ORION Holdings Corp.,"ORION Holdings Corp. is a company listed on the KOSPI Stock Market under the ticker 001800. It operates in the Food Products industry within the Consumer Staples sector. The company is headquartered in Seoul, South Korea.",KRW,Consumer Staples,"Food, Beverage & Tobacco",Food Products,KSC,XKRX,KOSPI Stock Market,South Korea,,Seoul,04369,https://www.oriongroup.co.kr,Small Cap,KR7001800002,,BBG000BDGL22,BBG000BDGL22,BBG001S6HM15,False
001820.KS,"SAMWHA CAPACITOR Co.,LTD","SAMWHA CAPACITOR Co.,LTD manufactures and sells capacitors in South Korea. It offers multi-layer ceramic capacitors, disc ceramic capacitors, EMI filters, beads and inductors, disc varistors, shunt power capacitors, and energy storage capacitors. The company was founded in 1956 and is headquartered in Yongin, South Korea.",KRW,Information Technology,Technology Hardware & Equipment,"Electronic Equipment, Instruments & Components",KSC,XKRX,KOSPI Stock Market,South Korea,,Yongin-Si,,http://www.samwha.com/capacitor,Small Cap,KR7001820000,,BBG000BBYD42,BBG000BBYC62,BBG001S64NQ0,False
001940.KS,KISCO Holdings Corp.,"KISCO Holdings Corp., through its subsidiaries, develops, produces, and sells steel products primarily in South Korea. It offers reinforcing bars, wire ropes, strands, and harbor loading and unloading products; and hard drawn steel wires. The company was founded in 1957 and is headquartered in Changwon-si, South Korea.",KRW,Materials,Materials,Metals & Mining,KSC,XKRX,KOSPI Stock Market,South Korea,,Changwon-Si,,http://www.kiscoholdings.co.kr/holdings,Micro Cap,KR7001940006,,BBG000BGZF90,BBG000BGZDV0,BBG001S71Y05,False
002020.KS,Kolon Corporation,"Kolon Corporation engages in supporting and managing affiliate businesses, licensing intellectual property, and market research and management consulting businesses in South Korea and internationally. The company manufactures tire cords, airbags, polyester spunbond, technical yarns, aramid products, membranes, polyester and nylon films, coated films, DFR materials, overcoats, beads, hydrocarbon and phenolic resins, epoxy resins, PU/TPU products, and glass reinforced plastic pipes. It also offers nylon and polyester fibers; woven, knit, and functional fabrics; trades in steel, natural resources, and chemicals; and provides residential and plant construction services, as well as undertakes civil engineering and environmental projects. In addition, the company produces car seat modules and fabrics, car mats, artificial turfs, polypropylene staple fibers, Bicomponent staple fiber, GEONIC, Cuprus, and HeaTex, and polyester filaments; manages hotels, condominiums, and golf resorts; develops real estate properties; and operates a shopping mall, a pet theme park, and themed toilets. Further, it offers over-the-counter medicines; TRAMOL sustained relief, a painkiller and anti-inflammatory; active pharmaceutical ingredients; and Tissuegene and other biopharmaceuticals, as well as operates approximately 150 drugstores under the W-Store name. Additionally, the company operates Sweet Meal, a café that offers choux, coffee, cheesecakes, and beverages; sells antimicrobial products; provides PA, PBT, and POM/base and compound resins; retails hardware and software products; and offers IT and business process outsourcing and IT convergence services. It also engages in water-related businesses covering sewage and wastewater treatment, materials, systems, and related equipment, as well as operates water treatment facilities; and industrial supply retail. Kolon Corporation was founded in 1957 and is headquartered in Gwacheon, South Korea.",KRW,Industrials,Capital Goods,Industrial Conglomerates,KSC,XKRX,KOSPI Stock Market,South Korea,,Gwacheon-si,,http://www.kolon.com,Micro Cap,KR7002020006,,BBG000BD0XS5,BBG000BD0XJ5,BBG001S6D8B9,False
002025.KS,Kolon Corporation,"Kolon Corporation engages in supporting and managing affiliate businesses, licensing intellectual property, and market research and management consulting businesses in South Korea and internationally. The company manufactures tire cords, airbags, polyester spunbond, technical yarns, aramid products, membranes, polyester and nylon films, coated films, DFR materials, overcoats, beads, hydrocarbon and phenolic resins, epoxy resins, PU/TPU products, and glass reinforced plastic pipes. It also offers nylon and polyester fibers; woven, knit, and functional fabrics; trades in steel, natural resources, and chemicals; and provides residential and plant construction services, as well as undertakes civil engineering and environmental projects. In addition, the company produces car seat modules and fabrics, car mats, artificial turfs, polypropylene staple fibers, Bicomponent staple fiber, GEONIC, Cuprus, and HeaTex, and polyester filaments; manages hotels, condominiums, and golf resorts; develops real estate properties; and operates a shopping mall, a pet theme park, and themed toilets. Further, it offers over-the-counter medicines; TRAMOL sustained relief, a painkiller and anti-inflammatory; active pharmaceutical ingredients; and Tissuegene and other biopharmaceuticals, as well as operates approximately 150 drugstores under the W-Store name. Additionally, the company operates Sweet Meal, a café that offers choux, coffee, cheesecakes, and beverages; sells antimicrobial products; provides PA, PBT, and POM/base and compound resins; retails hardware and software products; and offers IT and business process outsourcing and IT convergence services. It also engages in water-related businesses covering sewage and wastewater treatment, materials, systems, and related equipment, as well as operates water treatment facilities; and industrial supply retail. Kolon Corporation was founded in 1957 and is headquartered in Gwacheon, South Korea.",KRW,Industrials,Capital Goods,Industrial Conglomerates,KSC,XKRX,KOSPI Stock Market,South Korea,,Gwacheon-si,,http://www.kolon.com,Micro Cap,KR7002021004,,BBG000BJSJW8,BBG000BJSJW8,BBG001S7BWP1,False
002030.KS,"Asia Holdings Co., Ltd.","Asia Holdings Co., Ltd. is a company listed on the KOSPI Stock Market under the ticker 002030. It operates in the Construction Materials industry within the Materials sector. The company is headquartered in Seoul, South Korea.",KRW,Materials,Materials,Construction Materials,KSC,XKRX,KOSPI Stock Market,South Korea,,Seoul,06223,https://www.asiaholdings.co.kr,Micro Cap,KR7002030005,,BBG000BDDQN1,BBG000BDDQN1,BBG001S6HCV4,False
002070.KS,Vivien Corporation,"Vivien Corporation operates in the lingerie market in South Korea. It sells its products under the VIVIEN, BBM, Maternity, GENTOFF, SUVIVIEN, DELOR, Rosebud, and PANDORA brands through a network of department stores and Vivian stores. The company was formerly known as Namyeung Vivien Corporation and changed its name to Vivien Corporation in August 2020. The company is based in Seoul, South Korea. As of January 21, 2020, Vivien Corporation operates as a subsidiary of KANGLIM Co., Ltd.",KRW,Consumer Discretionary,Consumer Durables & Apparel,"Textiles, Apparel & Luxury Goods",KSC,XKRX,KOSPI Stock Market,South Korea,,Seoul,,http://www.vivien.co.kr,Nano Cap,KR7002070001,,BBG000BD1FP6,BBG000BD1FG6,BBG001S6DC93,False
002100.KS,Kyung Nong Corporation,"Kyung Nong Corporation manufactures and sells agricultural chemicals in Korea. The company provides various solutions for the farming industry, such as seeds, fertilizers, irrigation, natural insects, eco-friendly products, and freshness maintenance. Kyung Nong Corporation was founded in 1957 and is headquartered in Seoul, South Korea.",KRW,Materials,Materials,Chemicals,KSC,XKRX,KOSPI Stock Market,South Korea,,Seoul,06627,http://www.knco.co.kr,Micro Cap,KR7002100006,,BBG000BDQ2D1,BBG000BDQ214,BBG001S6JY26,False
002140.KS,"Korea Industrial Co., Ltd.","Korea Industrial Co., Ltd. is a company listed on the KOSPI Stock Market under the ticker 002140. It operates in the Food Products industry within the Consumer Staples sector. The company is headquartered in Busan, South Korea.",KRW,Consumer Staples,"Food, Beverage & Tobacco",Food Products,KSC,XKRX,KOSPI Stock Market,South Korea,,Busan,46978,http://www.hafeed.co.kr,Nano Cap,KR7002140002,,BBG000BHN8K4,BBG000BHN8K4,BBG001S75C36,False
002150.KS,"Dohwa Engineering Co., Ltd.","Dohwa Engineering Co., Ltd. operates as an engineering consulting company in South Korea, Iran, Vietnam, Indonesia, Peru, and Nepal. The company provides planning, feasibility studies, design, analysis, testing, supervision, commissioning, evaluation/assessment, consulting, and training services in various areas of engineering, such as water supply and wastewater treatment, water resources management, urban planning, road traffic, structures, harbour and ports, rail, energy, environmental engineering, etc. It is also involved in the design of constructions, procurement and supply of materials, construction works, commissioning, permits and licenses, etc. The company was formerly known as Dohwa Consulting Engineers Co., Inc. and changed its name to Dohwa Engineering Co., Ltd. in 2011. Dohwa Engineering Co., Ltd. was founded in 1957 and is headquartered in Seoul, South Korea.",KRW,Industrials,Capital Goods,Construction & Engineering,KSC,XKRX,KOSPI Stock Market,South Korea,,Seoul,,http://www.dohwa.co.kr,Micro Cap,KR7002150001,,BBG000CVFGN0,BBG000CVDCQ8,BBG001SFSP34,False
002170.KS,SYTS Corp.,"Samyang Tongsang Co., Ltd produces and sells leather products in South Korea. The company offers leather for handbags, footwear products, car seats, and baseball gloves; and baseball gloves and American footballs. It is also involved in real estate leasing activities. The company was founded in 1957 and is headquartered in Seoul, South Korea.",KRW,Consumer Discretionary,Consumer Durables & Apparel,"Textiles, Apparel & Luxury Goods",KSC,XKRX,KOSPI Stock Market,South Korea,,Seoul,,http://www.samyangts.com,Micro Cap,KR7002170009,,BBG000BHNQC3,BBG000BHNQC3,BBG001S75DJ7,False
002200.KS,"Korea Export Packaging Industrial Co.,Ltd","Korea Export Packaging Industrial Co.,Ltd is a company listed on the KOSPI Stock Market under the ticker 002200. It operates in the Containers & Packaging industry within the Materials sector. The company is headquartered in Seoul, South Korea.",KRW,Materials,Materials,Containers & Packaging,KSC,XKRX,KOSPI Stock Market,South Korea,,Seoul,,https://www.keppack.co.kr,Micro Cap,KR7002200004,,BBG000BD2LC6,BBG000BD2LC6,BBG001S6DKS4,False
002210.KS,"Dong Sung Bio Pharm.Co.,Ltd.","Dong Sung Bio Pharm.Co.,Ltd. is a company listed on the KOSPI Stock Market under the ticker 002210. It operates in the Pharmaceuticals industry within the Health Care sector. The company is headquartered in Seoul, South Korea.",KRW,Health Care,"Pharmaceuticals, Biotechnology & Life Sciences",Pharmaceuticals,KSC,XKRX,KOSPI Stock Market,South Korea,,Seoul,01340,https://dongsung-pharm.com,Nano Cap,KR7002210003,,BBG000BGYDT4,BBG000BGYDT4,BBG001S71TF0,False
002220.KS,"Hanil Iron & Steel Co., Ltd","Hanil Iron & Steel Co., Ltd manufactures and sells steel products in South Korea. The company offers steel plates and pipes, section steels, and others; and construction materials, as well as hot-rolled products used in automobiles, marine machinery, construction, and boilers and structures. It also engages in warehousing; marine freight transport; and construction and civil engineering equipment rental and sales businesses. The company was founded in 1957 and is headquartered in Seoul, South Korea.",KRW,Materials,Materials,Metals & Mining,KSC,XKRX,KOSPI Stock Market,South Korea,,Seoul,,http://www.hanilsteel.co.kr,Micro Cap,KR7002220002,,BBG000BGZLZ8,BBG000BGZLC3,BBG001S71YN0,False
002240.KS,Kiswire Ltd.,"Kiswire Ltd. engages in the manufacture and sale of steel wires worldwide. The company provides oil-tempered wires for engine valve, clutch, pump and generator, air compression equipment, auto suspension, shutter, shock absorber, industrial machine, and garage door springs; and spring torsion bars, screens, hoods, mines, etc., as well as flat and shaped wire for die, wave, regulator, and seat return springs, and snap and piston rings, etc. It also provides hard drawn steel wires for making springs for general, machinery, agriculture, and other applications; music wires for piano and guitar strings, etc.; piano wires to make springs for precision machinery, electronic communication equipment, automobiles, etc.; and silk wires for automotive oil seals, precision machinery, electric appliances, and ball pens. In addition, the company offers bead wires and steel cords for tires; hose wires; saw wires; galvanized PC wires and strands for cabled stayed bridges, as well as galvanized wires for suspension bridges; galvanized steel wires and strands for power transmission industries; PC wires and strands for industries, bridges, buildings, anchors, railway sleepers, panels, and concrete pipes; and unbonded PC wires and strands for earth and rock anchors, PC bridges, retaining walls and dams, building slabs, etc. Further, it provides cross and parallel laid, compacted/swaged, non-rotating, elevator, suspension bridge wire ropes, as well as hyrope, Neptune & N2 hyrope, Alumar, and control cable, micro cable, and GAC products. Additionally, the company offers superconductive wires and superconductive composite wires, superconductive precursor, and Cr coatings for energy environment, biomedical, and aerospace and transportation industries; superconductive magnets for biomedical, and basic science and physics applications; and superconductive acceleration modules and measuring instruments. Kiswire Ltd. was founded in 1945 and is headquartered in Busan, South Korea.",KRW,Materials,Materials,Metals & Mining,KSC,XKRX,KOSPI Stock Market,South Korea,,Busan,48212,http://www.kiswire.com,Small Cap,KR7002240000,,BBG000BDR0Y1,BBG000BDQZX6,BBG001S6JZ50,False
002310.KS,"Asia Paper Manufacturing.Co.,Ltd","Asia Paper Manufacturing.Co.,Ltd, established in 1958 and based in Seoul, South Korea, manufactures and distributes a range of specialized industrial paper products, including corrugated board and packaging, gypsum liner sheets, and various grades of kraft paper.",KRW,Materials,Materials,Paper & Forest Products,KSC,XKRX,KOSPI Stock Market,China,,Seoul,,https://www.asiapaper.co.kr,Micro Cap,KR7002310001,,BBG000BGW2B9,BBG000BGW2B9,BBG001S71PN9,False
002320.KS,"Hanjin Transportation Co., Ltd.","Hanjin Transportation Co., Ltd. provides transportation and logistics services in South Korea and internationally. The company provides inland transportation services; and stevedoring services for cargoes, including containers, steel products, grains, and automobiles. It is also involved in the shipping of heavy cargoes, such as containers, steel products, coal, etc.; provision of warehousing, freight forwarding, express courier, and small package delivery services; and commercial vehicle, rail carriage, and industrial heavy equipment maintenance services. In addition, the company offers packaging and moving services, such as industrial packing, and office and factory relocation; transportation for sports events, exhibitions and performances/packing, customs clearance, and air/ocean transport/delivery; and migration of emigrants and residents, and trunk room. The company was founded in 1945 and is headquartered in Seoul, South Korea.",KRW,Industrials,Transportation,Air Freight & Logistics,KSC,XKRX,KOSPI Stock Market,South Korea,,Seoul,,http://www.hanjin.co.kr,Micro Cap,KR7002320000,,BBG000BDP4B0,BBG000BDP4B0,BBG001S6PWJ5,False
002350.KS,Nexen Tire Corporation,"Nexen Tire Corporation engages in the production, sale, and rental of tires in South Korea and internationally. The company offers passenger car, SUV, van and light truck, and solid tires, as well as tubes and flaps; and tire finder and warranty services. It also provides services in the non-tire sector, including transport and storage, and molding, as well as confectionery and baking. The company was founded in 1942 and is headquartered in Yangsan-si, South Korea.",KRW,Consumer Discretionary,Automobiles & Components,Auto Components,KSC,XKRX,KOSPI Stock Market,South Korea,,Yangsan-si,,http://www.nexentire.com,Small Cap,KR7002350007,,BBG000BDQHD8,BBG000BDQH02,BBG001S6JYP1,False
002355.KS,Nexen Tire Corporation,"Nexen Tire Corporation engages in the production, sale, and rental of tires in South Korea and internationally. The company offers passenger car, SUV, van and light truck, and solid tires, as well as tubes and flaps; and tire finder and warranty services. It also provides services in the non-tire sector, including transport and storage, and molding, as well as confectionery and baking. The company was founded in 1942 and is headquartered in Yangsan-si, South Korea.",KRW,Consumer Discretionary,Automobiles & Components,Auto Components,KSC,XKRX,KOSPI Stock Market,South Korea,,Yangsan-si,,http://www.nexentire.com,Small Cap,KR7002351005,,BBG000BRY170,BBG000BRY170,BBG001SCV4X1,False
002360.KS,"SH Energy & Chemical Co., Ltd.","SH Energy & Chemical Co., Ltd. is a company listed on the KOSPI Stock Market under the ticker 002360. It operates in the Chemicals industry within the Materials sector. The company is headquartered in Gunsan-si, South Korea.",KRW,Materials,Materials,Chemicals,KSC,XKRX,KOSPI Stock Market,South Korea,,Gunsan-si,54007,http://www.sh-enerchem.com,Nano Cap,KR7002360006,,BBG000BDQCL0,BBG000BDQCL0,BBG001S6JYF2,False
002380.KS,KCC Corporation,"KCC Corporation is a company listed on the KOSPI Stock Market under the ticker 002380. It operates in the Chemicals industry within the Materials sector. The company is headquartered in Seoul, South Korea.",KRW,Materials,Materials,Chemicals,KSC,XKRX,KOSPI Stock Market,South Korea,,Seoul,06608,https://www.kccworld.co.kr,Mid Cap,KR7002380004,,BBG000BCJPD0,BBG000BCJPD0,BBG001S6CRD6,False
002390.KS,HANDOK Inc.,"Handok Inc. operates as an integrated pharmaceutical company. The company provides ETC and OTC drugs, medical devices, and in-vitro diagnostics instruments and devices. It focuses on various therapeutic areas, such as oncology, diabetes and metabolic disorders, CNS orphan diseases, eye disorders, and other disease areas. The company also offers healthcare products comprising food supplements under the NatureSet and Culturelle brands; food and beverages; and medical nutrition products. The company was formerly known as Handok Pharmaceuticals Co., Ltd and changed its name to Handok Inc. in July 2013. Handok Inc. was founded in 1954 and is based in Seoul, South Korea.",KRW,Health Care,"Pharmaceuticals, Biotechnology & Life Sciences",Pharmaceuticals,KSC,XKRX,KOSPI Stock Market,South Korea,,Seoul,06235,http://www.handok.co.kr,Micro Cap,KR7002390003,,BBG000BDHQN7,BBG000BDHPQ6,BBG001S6HPP2,False
002410.KS,"Bumyang Construction Co.,Ltd.","Bumyang Construction Co.,Ltd. operates as a general construction company in South Korea. The company offers civil engineering, architecture, reconstruction and redevelopment, and private rental housing services; and constructs apartments and environmental plants. It also provides logistics and distribution services. The company was founded in 1958 and is based in Seoul, South Korea.",KRW,Industrials,Capital Goods,Construction & Engineering,KSC,XKRX,KOSPI Stock Market,South Korea,,Seoul,,http://www.iby.co.kr,Micro Cap,KR7002410009,,BBG000BFZ9S5,BBG000BFZ950,BBG001S6TQ95,True
002450.KS,"SAMICK MUSICAL INSTRUMENT Co., Ltd","SAMICK MUSICAL INSTRUMENT Co., Ltd, together with subsidiaries, manufactures, and sells musical instruments in South Korea. It offers pianos, digital pianos and audios, DJ, guitar and bass products, ukulele, orchestra, and other educational instruments. The company also sells its products online. The company was founded in 1958 and is headquartered in Eumseong-eup, South Korea.",KRW,Information Technology,Technology Hardware & Equipment,"Electronic Equipment, Instruments & Components",KSC,XKRX,KOSPI Stock Market,South Korea,,Eumseong-eup,,http://www.samick.co.kr,Micro Cap,KR7002450005,,BBG000BDRSJ7,BBG000BDRS52,BBG001S6K0N5,False
002460.KS,"Hwasung Industrial Co., Ltd.","Hwasung Industrial Co., Ltd. provides construction services in the areas of public works, architecture, housing, environmental engineering, plants, and engineering consultation in South Korea. The company offers civil engineering services for roads, ports and rivers, and subway and other projects; architecture services for offices and industrial facilities, public and spectator facilities, education/research and medical facilities, and distribution and leisure facilities; and housing development services, such as apartment housing, officetel, renovations and redevelopment, and urban regeneration. It also provides landscaping services; environmental services in the areas of waterworks and water treatment facilities, waste treatment facilities, livestock wastewater and excreta treatment facilities, water recycling facilities, air quality and waste, and noise/vibration; and recycling and renewable energy services, as well as fabricates and supplies steel structures, including steel frames and bridges for various buildings and facilities. In addition, the company offers PC construction services, such as long-span structures, and PC complex and sports stadium facilities; and engineering services in the areas of roads and structures, water resources, waterworks, city planning and landscaping, safety diagnosis, water quality management and waste treatment, machinery, electricity, information telecommunications, environment, disaster prevention, and traffic. Hwasung Industrial Co., Ltd. was founded in 1958 and is headquartered in Daegu, South Korea.",KRW,Industrials,Capital Goods,Construction & Engineering,KSC,XKRX,KOSPI Stock Market,South Korea,,Daegu,706-853,http://www.hwasung.com,Micro Cap,KR7002460004,,BBG000BH45P6,BBG000BH45P6,BBG001S729Y2,False
002600.KS,Choheung Corporation,"Choheung Corporation produces dairy products. Its products include cheese, pizza, yeast, bread cream, sauce, and other mixed products under the Kodano and Mattone brand names. The company is based in Ansan, South Korea.",KRW,Consumer Staples,"Food, Beverage & Tobacco",Food Products,KSC,XKRX,KOSPI Stock Market,South Korea,,Ansan,425 835,http://www.choheung.co.kr,Micro Cap,KR7002600005,,BBG000BDV8M2,BBG000BDV879,BBG001S6K4Y5,False
002620.KS,Jeil Pharma Holdings Inc,"Jeil Pharma Holdings Inc manufactures and sells ingredients of drugs, incrementally modified drugs, and generic drugs in South Korea. The company offers active pharmaceutical ingredients in the areas of antibiotics, gastrointestinal, cardiovascular, neuropsychiatry, oncology, endocrinology, urology, antiviral, and antihistamines, as well as patch products. It also provides finished dosage forms in the areas of anti-bacteria and anti-fungal, anti-virus, cardiovascular, endocrinology, neurology, gastrointestinal, urology, oncology, anti-histamine, rheumatology, respiratory, otolaryngological, heaptic, laxatives, and purgatives. The company exports its products to approximately 40 countries in the Association of Southeast Asian Nations, Central and South America, Africa, etc. Jeil Pharma Holdings Inc was founded in 1959 and is headquartered in Seoul, South Korea.",KRW,Health Care,"Pharmaceuticals, Biotechnology & Life Sciences",Pharmaceuticals,KSC,XKRX,KOSPI Stock Market,South Korea,,Seoul,06543,http://www.jeilpharm.co.kr,Micro Cap,KR7002620003,,BBG000BGY469,BBG000BGY405,BBG001S71T33,False
002630.KS,ORIENT BIO Inc.,"ORIENT BIO Inc. is a company listed on the KOSPI Stock Market under the ticker 002630. It operates in the Biotechnology industry within the Health Care sector. The company is headquartered in Seongnam-si, South Korea.",KRW,Health Care,"Pharmaceuticals, Biotechnology & Life Sciences",Biotechnology,KSC,XKRX,KOSPI Stock Market,South Korea,,Seongnam-si,,https://www.orient.co.kr,Nano Cap,KR7002630002,,BBG000BDR5L4,BBG000BDR5L4,BBG001S6JZD1,False
002690.KS,"Dong Il Steel Mfg Co.,Ltd","Dong Il Steel Mfg Co.,Ltd is a company listed on the KOSPI Stock Market under the ticker 002690. It operates in the Metals & Mining industry within the Materials sector. The company is headquartered in Anseong-si, South Korea.",KRW,Materials,Materials,Metals & Mining,KSC,XKRX,KOSPI Stock Market,South Korea,,Anseong-si,,https://www.dongil-steel.com,Nano Cap,KR7002690006,,BBG0032LY6Z5,BBG0032LY6Z5,BBG0032LY701,False
002700.KS,"Shinil Electronics Co.,Ltd","Shinil Electronics Co.,Ltd manufactures and sells household appliances in South Korea. It offers summer appliances, such as fans, air circulators, mobile air conditioners, etc.; and winter appliances, including fan heaters, ultra-low power heaters, hand-wash humidifiers, etc.; and household, kitchen, environmental, and pet household appliances. The company was formerly known as Shinil Industrial Co.,Ltd and changed its name to Shinil Electronics Co.,Ltd in April 2020. Shinil Electronics Co.,Ltd was founded in 1959 and is based in Seoul, South Korea.",KRW,Information Technology,Technology Hardware & Equipment,"Electronic Equipment, Instruments & Components",KSC,XKRX,KOSPI Stock Market,South Korea,,Seoul,07299,http://www.shinil.co.kr,Micro Cap,KR7002700003,,BBG000BCX4P8,BBG000BCX3Z9,BBG001S6BV66,False
002710.KS,TCC Steel Corp.,"TCC Steel Corp. is a company listed on the KOSPI Stock Market under the ticker 002710. It operates in the Metals & Mining industry within the Materials sector. The company is headquartered in Pohang, South Korea.",KRW,Materials,Materials,Metals & Mining,KSC,XKRX,KOSPI Stock Market,South Korea,,Pohang,37862,https://www.tccsteel.com,Micro Cap,KR7002710002,,BBG000BDHBB3,BBG000BDHBB3,BBG001S6HNJ4,False
002720.KS,"Kukje Pharma Co., Ltd.","Kukje Pharma Co., Ltd. engages in manufacturing, importing, exporting, selling, and distributing pharmaceutical products. The company offers pharmaceutical products, including ETC and OTC products, raw materials, intermediates, and side chain products, as well as cosmetics and health care products. Its products include cephalosporins, quinolones, tetracycline, aminoglycosides, macrolides, ophthalmic, antifungal and antiviral agents, ophthalmic agents, adrenal corticosteroids, CNS and osteoporotic agents, antihistamines, NSAIDS and other analgesics, gastrointestinal and cardiovascular agents, antidiabetics, genitourinary and respiratory agents, and other ETC products. The company was founded in 1959 and is headquartered in Seongnam, South Korea.",KRW,Health Care,"Pharmaceuticals, Biotechnology & Life Sciences",Pharmaceuticals,KSC,XKRX,KOSPI Stock Market,South Korea,,Seongnam-si,,http://www.kukjepharm.co.kr,Micro Cap,KR7002720001,,BBG000BDQM56,BBG000BDQLJ3,BBG001S6JYR9,False
002760.KS,Bolak Company Limited,"Bolak Company Limited manufactures and sells food additives, food ingredients, pharmaceutical raw materials, functional materials, and cosmetic ingredients in South Korea and internationally. The company offers confectionery, beverage, and dairy flavoring products, as well as herbal flavoring and seasoning flavoring agents; active pharmaceutical ingredients, such as dry extract powders, viscous extracts, fluid extracts, tinctures, natural paclitaxel, docetaxel trihydrates, and Ca-CMC; functional materials, including green tea extracts, soy isoflavones, and ginseng extracts; and food coloring products. It also provides gum base products; cosmetic ingredients derived from natural materials comprising amentoflavones, aloes extracts, gilgyeong extracts, yellowish natural concentrated extracts, and magnolia extracts; fragrances for use in perfumes, cosmetics, hair products, daily supplies, toilet soaps, candles, and industrial products; and other products, such as sweeteners, surfactants, whitening agents, preservatives, antioxidants, abrasives, thickening agents, thickeners, caffeine, and baking powder. Bolak Company Limited was founded in 1959 and is headquartered in Hwaseong, South Korea.",KRW,Materials,Materials,Chemicals,KSC,XKRX,KOSPI Stock Market,South Korea,,Hwaseong,720-37,http://www.bolak.co.kr,Nano Cap,KR7002760007,,BBG000BGZ217,BBG000BGZ137,BBG001S71XJ7,False
002780.KS,"ChinHung International, Inc.","ChinHung International, Inc. operates as a construction company in South Korea and internationally. The company's architectural works projects include commercial buildings/offices, apartment houses, and education/welfare facilities; and civil works projects comprise roads/pavements, subways/railways, bridges/tunnels/others, site development, and security facilities. Its housing works projects include apartments, residential and commercial complexes, and villas; and plant works projects comprise industrial and environmental facilities. The company markets its projects under Harrington Place, THE RUBENS, and MAJESTOWER brand names. ChinHung International, Inc. was founded in 1959 and is based in Incheon, South Korea.",KRW,Industrials,Capital Goods,Construction & Engineering,KSC,XKRX,KOSPI Stock Market,South Korea,,Incheon,,http://www.chinhung.co.kr/eng/index.jsp,Micro Cap,KR7002780005,,BBG000BDF4B1,BBG000BDF4B1,BBG001S6HF29,False
002785.KS,"ChinHung International, Inc.","ChinHung International, Inc. operates as a construction company in South Korea and internationally. The company's architectural works projects include commercial buildings/offices, apartment houses, and education/welfare facilities; and civil works projects comprise roads/pavements, subways/railways, bridges/tunnels/others, site development, and security facilities. Its housing works projects include apartments, residential and commercial complexes, and villas; and plant works projects comprise industrial and environmental facilities. The company markets its projects under Harrington Place, THE RUBENS, and MAJESTOWER brand names. ChinHung International, Inc. was founded in 1959 and is based in Incheon, South Korea.",KRW,Industrials,Capital Goods,Construction & Engineering,KSC,XKRX,KOSPI Stock Market,South Korea,,Incheon,,http://www.chinhung.co.kr/eng/index.jsp,Micro Cap,KR7002781003,,BBG000BMHTM2,BBG000BMHTM2,BBG001S7PHJ6,False
002787.KS,"ChinHung International, Inc.","ChinHung International, Inc. operates as a construction company in South Korea and internationally. The company's architectural works projects include commercial buildings/offices, apartment houses, and education/welfare facilities; and civil works projects comprise roads/pavements, subways/railways, bridges/tunnels/others, site development, and security facilities. Its housing works projects include apartments, residential and commercial complexes, and villas; and plant works projects comprise industrial and environmental facilities. The company markets its projects under Harrington Place, THE RUBENS, and MAJESTOWER brand names. ChinHung International, Inc. was founded in 1959 and is based in Incheon, South Korea.",KRW,Industrials,Capital Goods,Construction & Engineering,KSC,XKRX,KOSPI Stock Market,South Korea,,Incheon,,http://www.chinhung.co.kr/eng/index.jsp,Micro Cap,KR7002782001,,BBG000C4FRB9,BBG000C4FRB9,BBG001SSGG57,False
002790.KS,AMOREPACIFIC Group,"AMOREPACIFIC Group, through its subsidiaries, manufactures, markets, and trades in cosmetics, personal care goods, and related products in Korea, Asia, North America, and internationally. The company offers cosmetics, perfumes, medical beauty products, beauty devices, inner beauty products, hair and body care products, dental care, and tea culture products under the AMORE pacific, Sulwhasoo, LANEIGE, Mamonde, Innisfree, ETUDE, SIENU, HERA, HOLITUAL, primera, IOPE, HANYUL, LIRIKOS, OUTRUN, EASY PEASY, Espoir, RAREKIND, STEADY, SOON+, ODYSSEY, MIREPA, BRO&TIPS!, BE READY, enuf proj, GOUTAL, fradore, AESTURA, makeON, VITAl BEAUTIE, cubeme, Ryo, mise en scene, Fresh Pop, LABO-H, Ayunche, amos, HAPPY BATH, illiyoon, FILLVOID, MEDIAN, Boncho Study, Pleasia, and OSULLOC brands. It is also involved in manufacturing and marketing of medicines, glass, green tea, detergents, and organic compounds; manufacturing, printing, and marketing of paper containers; packaging of products; manufacturing of industrial machinery; and managing of facilities. The company was formerly known as PACIFIC Corporation and changed its name to AMOREPACIFIC Group in March 2011. AMOREPACIFIC Group was founded in 1945 and is headquartered in Seoul, South Korea.",KRW,Consumer Staples,Household & Personal Products,Household Products,KSC,XKRX,KOSPI Stock Market,South Korea,,Seoul,04542,http://www.apgroup.com,Small Cap,KR7002790004,,BBG000BDQ5Z0,BBG000BDQ5M4,BBG001S6JY71,False
002795.KS,AMOREPACIFIC Group,"AMOREPACIFIC Group, through its subsidiaries, manufactures, markets, and trades in cosmetics, personal care goods, and related products in Korea, Asia, North America, and internationally. The company offers cosmetics, perfumes, medical beauty products, beauty devices, inner beauty products, hair and body care products, dental care, and tea culture products under the AMORE pacific, Sulwhasoo, LANEIGE, Mamonde, Innisfree, ETUDE, SIENU, HERA, HOLITUAL, primera, IOPE, HANYUL, LIRIKOS, OUTRUN, EASY PEASY, Espoir, RAREKIND, STEADY, SOON+, ODYSSEY, MIREPA, BRO&TIPS!, BE READY, enuf proj, GOUTAL, fradore, AESTURA, makeON, VITAl BEAUTIE, cubeme, Ryo, mise en scene, Fresh Pop, LABO-H, Ayunche, amos, HAPPY BATH, illiyoon, FILLVOID, MEDIAN, Boncho Study, Pleasia, and OSULLOC brands. It is also involved in manufacturing and marketing of medicines, glass, green tea, detergents, and organic compounds; manufacturing, printing, and marketing of paper containers; packaging of products; manufacturing of industrial machinery; and managing of facilities. The company was formerly known as PACIFIC Corporation and changed its name to AMOREPACIFIC Group in March 2011. AMOREPACIFIC Group was founded in 1945 and is headquartered in Seoul, South Korea.",KRW,Consumer Staples,Household & Personal Products,Household Products,KSC,XKRX,KOSPI Stock Market,South Korea,,Seoul,04542,http://www.apgroup.com,Small Cap,KR7002791002,,BBG000BJW839,BBG000BJW839,BBG001S7C2D9,False
00279K.KS,AMOREPACIFIC Group,"AMOREPACIFIC Group, through its subsidiaries, manufactures, markets, and trades in cosmetics, personal care goods, and related products in Korea, Asia, North America, and internationally. The company offers cosmetics, perfumes, medical beauty products, beauty devices, inner beauty products, hair and body care products, dental care, and tea culture products under the AMORE pacific, Sulwhasoo, LANEIGE, Mamonde, Innisfree, ETUDE, SIENU, HERA, HOLITUAL, primera, IOPE, HANYUL, LIRIKOS, OUTRUN, EASY PEASY, Espoir, RAREKIND, STEADY, SOON+, ODYSSEY, MIREPA, BRO&TIPS!, BE READY, enuf proj, GOUTAL, fradore, AESTURA, makeON, VITAl BEAUTIE, cubeme, Ryo, mise en scene, Fresh Pop, LABO-H, Ayunche, amos, HAPPY BATH, illiyoon, FILLVOID, MEDIAN, Boncho Study, Pleasia, and OSULLOC brands. It is also involved in manufacturing and marketing of medicines, glass, green tea, detergents, and organic compounds; manufacturing, printing, and marketing of paper containers; packaging of products; manufacturing of industrial machinery; and managing of facilities. The company was formerly known as PACIFIC Corporation and changed its name to AMOREPACIFIC Group in March 2011. AMOREPACIFIC Group was founded in 1945 and is headquartered in Seoul, South Korea.",KRW,Consumer Staples,Household & Personal Products,Household Products,KSC,XKRX,KOSPI Stock Market,South Korea,,Seoul,04542,http://www.apgroup.com,Small Cap,KR700279K010,,BBG00QKBXXT5,BBG00QKBXXT5,BBG00QKBXXZ8,False
002810.KS,"Samyung Trading Co., Ltd.","Samyung Trading Co., Ltd. primarily supplies organic and inorganic chemical products worldwide. Its chemical products include paint, paint thinner, ink/glue, binder/photo gravure printing/synthetic leather, urethane and other synthetic resins/medical composition, minute chemical reagent/fiber, leather/plating/glass/metal detergent, and other solvents. The company also provides vision care products, such as ophthalmic lenses; automobile interior and exterior parts, including radiator grilles, moldings, emblems, and lettering works; and crystal oscillator bases for microcomputers, clocking devices, cordless telephone, and mobile communication devices. Samyung Trading Co., Ltd. was founded in 1959 and is headquartered in Seoul, South Korea.",KRW,Industrials,Capital Goods,Trading Companies & Distributors,KSC,XKRX,KOSPI Stock Market,South Korea,,Seoul,,http://www.samyung.co.kr,Micro Cap,KR7002810000,,BBG000BH3LQ1,BBG000BH3LQ1,BBG001S728P4,False
002820.KS,"SUN&L Co., Ltd.","SUN&L Co., Ltd. is a company listed on the KOSPI Stock Market under the ticker 002820. It operates in the Paper & Forest Products industry within the Materials sector. The company is headquartered in Incheon, South Korea.",KRW,Materials,Materials,Paper & Forest Products,KSC,XKRX,KOSPI Stock Market,South Korea,,Incheon,,http://sunandl.com,Nano Cap,KR7002820009,,BBG000BHNSF6,BBG000BHNSF6,BBG001S75DT6,False
002840.KS,"Miwon Commercial Co., Ltd.","Miwon Commercial Co., Ltd. manufactures and markets various chemical products in South Korea and internationally. The company offers personal care ingredients, including anionic, cationic, nonionic, and amphoteric surfactants; hair fixative and conditioning polymers; styling resins; household surfactants, plasticizers, and UV stabilizers; and cosmeceutical active ingredients. It also provides electronic chemicals, such as photo active compounds for micro-patterning of semiconductor circuits and thin film transistors in LCDs; polymer acryl binders and novolak resins for use in LCD and plasma displays, and positive photoresist for LCDs and semiconductors; and functional chemicals and additives for use in positive and negative photoresist for LCD, as well as in process chemicals, such as strippers. In addition, the company offers functional resins used as raw materials for PCBs, components of electronic equipment, materials for high-functional polycarbonate, and high refractive monomers used in manufacturing optical films for displays. Further, it provides antioxidants, including amine, phenol, phosphorus, and sulfur, as well as UV stabilizers that include benzophenone, benzotriazole, nickel quenchers, and HALS; and thiourethane lens monomers. Miwon Commercial Co., Ltd. was founded in 1959 and is headquartered in Anyang, South Korea.",KRW,Materials,Materials,Chemicals,KSC,XKRX,KOSPI Stock Market,South Korea,,Anyang-Si,13967,http://www.mwc.co.kr,Small Cap,KR7002840007,,BBG000BGZ039,BBG000BGYZT5,BBG001S71XH9,False
002870.KS,"Shinpoong Paper Mfg. Co., Ltd","Shinpoong Paper Mfg. Co., Ltd produces and sells paper products. It offers duplex board products that are used for packaging foods, electronic products, tissues, cleansers, and toys. The company was founded in 1960 and is headquartered in Pyeongtaek si, South Korea.",KRW,Materials,Materials,Containers & Packaging,KSC,XKRX,KOSPI Stock Market,South Korea,,Pyeongtaek-Si,,http://www.shinpoongpaper.com,Nano Cap,KR7002870004,,BBG000BDC1W7,BBG000BDC1W7,BBG001S6H6H3,False
002880.KS,"DYA Co., Ltd","Dayou A-Tech Co.,Ltd manufactures and sells automobile seats in South Korea. The company offers sportage, soul booster, seltos, and bongo III car seats. The company was founded in 1960 and is based in Gwangju-si, South Korea.",KRW,Consumer Discretionary,Automobiles & Components,Auto Components,KSC,XKRX,KOSPI Stock Market,South Korea,,Gwangju,,http://www.dayouat.co.kr,Nano Cap,KR7002880003,,BBG000BDV1R2,BBG000BDV1R2,BBG001S6K4M8,False
002900.KS,TYM Corporation,"TYM Corporation is a company listed on the KOSPI Stock Market under the ticker 002900. It operates in the Machinery industry within the Industrials sector. The company is headquartered in Seoul, South Korea.",KRW,Industrials,Capital Goods,Machinery,KSC,XKRX,KOSPI Stock Market,South Korea,,Seoul,,https://www.tym.world/en,Micro Cap,KR7002900009,,BBG000BDR9L6,BBG000BDR9L6,BBG001S6JZM1,False
002920.KS,"Yoosung Enterprise Co., Ltd.","Yoosung Enterprise Co., Ltd. manufactures and supplies engine and auto parts in South Korea and internationally. The company offers cast iron piston rings, cylinder liners, air compressors, camshafts, valve guides, and loose sand vacuum assisted counter-gravity castings. Its products are used in automobile, marine, and agricultural engines applications in the assemblers and replacement markets. Yoosung Enterprise Co., Ltd. was founded in 1959 and is headquartered in Asan-si, South Korea.",KRW,Consumer Discretionary,Automobiles & Components,Auto Components,KSC,XKRX,KOSPI Stock Market,South Korea,,Asan-Si,135-090,http://www.ypr.co.kr,Nano Cap,KR7002920007,,BBG000BFXW79,BBG000BFXVV4,BBG001S6TGL3,False
002960.KS,"Hankook Shell Oil Co.,Ltd.","Hankook Shell Oil Co., Ltd. engages in the manufacture, blending, distribution, and marketing of lubricating oils and greases, and other petroleum products and associated products in South Korea. It also provides technical services and other services to its products. The company was formerly known as Keuk Dong Shell Oil Refinery Co., Ltd. The company was founded in 1960 and is based in Busan, South Korea. Hankook Shell Oil Co., Ltd. operates as a subsidiary of Royal Dutch Shell plc.",KRW,Energy,Energy,"Oil, Gas & Consumable Fuels",KSC,XKRX,KOSPI Stock Market,South Korea,,Busan,608-829,http://www.shell.co.kr,Small Cap,KR7002960003,,BBG000BGZ333,BBG000BGZ2P1,BBG001S71XL4,False
002990.KS,"KUMHO Engineering & Construction Co., Ltd.","KUMHO Engineering & Construction Co., Ltd. provides construction and engineering services in South Korea and internationally. It is involved in the construction and development of architecture projects, such as airport/sales/logistic, education/ research and development, culture/medical, and correctional/military facilities, as well as public/commercial buildings; civil engineering projects, including airport, road, railroad, land/harbor, and overseas construction activities, and housing construction projects comprising apartment, and residential and commercial complexes. The company also constructs plant/environment engineering projects that include power generation, energy, petrochemical, industrial, and environmental facilities. KUMHO Engineering & Construction Co., Ltd. was founded in 1967 and is headquartered in Seoul, South Korea.",KRW,Industrials,Capital Goods,Construction & Engineering,KSC,XKRX,KOSPI Stock Market,South Korea,,Seoul,,http://www.kumhoenc.com,Small Cap,KR7002990000,,BBG000BCXJG5,BBG000BCXJ20,BBG001S6JYK6,False
002995.KS,"KUMHO Engineering & Construction Co., Ltd.","KUMHO Engineering & Construction Co., Ltd. provides construction and engineering services in South Korea and internationally. It is involved in the construction and development of architecture projects, such as airport/sales/logistic, education/ research and development, culture/medical, and correctional/military facilities, as well as public/commercial buildings; civil engineering projects, including airport, road, railroad, land/harbor, and overseas construction activities, and housing construction projects comprising apartment, and residential and commercial complexes. The company also constructs plant/environment engineering projects that include power generation, energy, petrochemical, industrial, and environmental facilities. KUMHO Engineering & Construction Co., Ltd. was founded in 1967 and is headquartered in Seoul, South Korea.",KRW,Industrials,Capital Goods,Construction & Engineering,KSC,XKRX,KOSPI Stock Market,South Korea,,Seoul,,http://www.kumhoenc.com,Micro Cap,KR7002991008,,BBG000BHF7B5,BBG000BHF7B5,BBG001S7C276,False
003000.KS,"Bukwang Pharmaceutical Co., Ltd.","Bukwang Pharmaceutical Co., Ltd. operates as a pharmaceutical company in South Korea and internationally. It manufactures oral solid dosage forms, injections, oral solutions, external-use solutions, and ointments. The company offers products in various therapeutic areas, including liver disease treatments, such as Levovir and Legalon; diabetic complication products comprising Dexid and Thioctacid; CNS disorder drugs consisting of Lonasen, Ixel, and Orfil; and respiratory disease treatments, which comprise Azeptin and Asima. It also provides OTC products; toothpastes, and hair and skin care goods; and nutritional supplements. In addition, the company offers products for antihistamines, hepatitis and gastrointestinal, sedative and antidote, anti-cancer, thyroid and osteoporosis, diabetes, obstetrics, urinogenital, cardiovascular, dermatology, obesity, pain relief, and muscle relaxant. Further, it provides products for bruises, skin and mucous membrane, rhinitis, cold symptoms, cough, phlegm and asthma, rheumatoid arthritis, osteoarthritis, pain caused by cold and fever, dysmenorrhea, NSAIDs, inflammation, joint inflammation, tinea pedis, infected wounds, dermatitis, antivirals-herpes, eczema, diarrhea, dyspepsia, sense of distension, anti-histamine, anti-ulcer, constipation, anemia, pregnant multivitamins, candidiasis, athlete's foot, onychomycosis, stomatitis, pimple, acne, physical fatigue, neuralgia, myalgia, and arthralgia. Additionally, the company offers medicines for period of lactation, rickets, night blindness, varicose vein, and sputum; and quasi drugs and medical devices, as well as health functional food. It also develops anti-diabetes compound with Melior Pharmaceuticals; and anti-cancer drugs with LSK BioPartners, as well as cell therapies using adult stem cells, as well as holds a license for a novel candidate to treat movement disorder in Parkinson's disease patients. The company was founded in 1960 and is based in Seoul, South Korea.",KRW,Health Care,"Pharmaceuticals, Biotechnology & Life Sciences",Pharmaceuticals,KSC,XKRX,KOSPI Stock Market,South Korea,,Seoul,06955,http://www.bukwang.co.kr,Small Cap,KR7003000007,,BBG000BGY566,BBG000BGY4X9,BBG001S71T42,False
003010.KS,Haein Corporation,"Haein Corporation supplies equipment for construction, energy, and power industries in Japan and internationally. It provides construction equipment, such as excavators, wheel type loader, track type tractor, paving equipment, and skid steer loaders for remicon, aggregate/mining, scrap/steel, and waste, as well as for construction and civil engineering, site construction, underground construction, forestry, landscaping, paving, etc. The company also offers engines and generators, including electric, diesel, gas, and marine engines, as well as generator-sets and propulsion systems for public ships; hydraulic crawler drill and drilling materials, which are used in drilling construction, open-pit mine, civil engineering construction, and quarry works; and bruch chippers, grinder, stump cutters, mower, trenchers, concrete cutters, pile driver, and horizontal directional drills used for resource recycling, improvement of water and drainage infrastructure, and biomass. In addition, it is involved in the supply of industrial and logistics equipment, such as stationary/mobile/portable crushers and screens, air classifiers, electric reach trucks and lift trucks, order pickers, diesel lift trucks, electric pallets and stackers, hand pallet trucks, and tow trucks and trailers; and automatic pallet and miniload warehouse, high rack stackers, pallet movers, storage system, navigation, and WMS for construction and civil engineering sites, and the industrial logistics fields. Further, Haein Corporation engages in the provision of parts and maintenance services; and sale and rental of new and used equipment, as well as provides off the road, agricultural, industrial, lawn and garden, and ATV tires. The company was formerly known as HAEIN Heavy Equipment Corporation and changed its name to Haein Corporation in May 1986. Haein Corporation was founded in 1960 and is headquartered in Seoul, South Korea.",KRW,Industrials,Capital Goods,Trading Companies & Distributors,KSC,XKRX,KOSPI Stock Market,South Korea,,Seoul,,http://www.haein.com,Micro Cap,KR7003010006,,BBG000BGMX68,BBG000BGMX68,BBG001S70M93,False
003030.KS,SeAH Steel Holdings Corporation,"SeAH Steel Holdings Corporation manufactures and sells steel products in South Korea, the United States, Japan, China, Vietnam, the United Arab Emirates, Italy, and Indonesia. It offers carbon steel pipes, stainless steel pipes, titanium tubes, and galvanized color steel sheets. The company was founded in 1960 and is headquartered in Seoul, South Korea.",KRW,Materials,Materials,Metals & Mining,KSC,XKRX,KOSPI Stock Market,South Korea,,Seoul,,http://www.seahsteel.co.kr,Small Cap,KR7003030004,,BBG000BCXPH0,BBG000BCXP62,BBG001S6JZ87,False
003060.KS,"Aprogen pharmaceuticals,Inc.","Aprogen pharmaceuticals,Inc. manufactures and sells pharmaceutical products primarily in South Korea. It offers approximately 200 types of medicines, including ethical and over the counter drugs. The company offers its drugs for transfusion, digestive system, osteoarthritis, skeletal muscle relaxants, NSAIDs, osteoporosis, circulatory system, endocrine, respiratory system, urinary system, depilatory, antihistamines and antiallergics, obesity, brain function, neurologics, and male pattern hair loss. It also provides anti-biotic, anti-fungal, anti-viral, anti-ulcerant, anti-epliepsy products; external agents; anti-cancer drugs; amino-acid nutrient transfusion agents; and cosmetics. The company was formerly known as Schnell Biopharmaceuticals, Inc. and changed its name to Aprogen pharmaceuticals,Inc. in April 2017. Aprogen pharmaceuticals,Inc. was founded in 1960 and is headquartered in Seongnam, South Korea.",KRW,Health Care,"Pharmaceuticals, Biotechnology & Life Sciences",Pharmaceuticals,KSC,XKRX,KOSPI Stock Market,South Korea,,Seongnam-si,,http://en.aprogen-pharm.com/index.do,Nano Cap,KR7003060001,,BBG000BDT3P3,BBG000BDT3P3,BBG001S6K2X0,False
003070.KS,Kolon Global Corporation,"Kolon Global Corporation engages in the construction, trading, and distribution businesses in South Korea and internationally. The company undertakes civil engineering projects, including the construction of expressways, subways, high-speed railways, bridges, and industrial complexes; and develops land for housing projects. It also imports and exports steel products, such as hot/cold rolled steel, steel plates, stainless steel, tin plates, and other products, as well as cast iron, billets, and slab products; and trades in bituminous coal, chemical raw materials, fertilizers, and textile materials. In addition, the company trades in general commodities, including energy/resource products that comprise steam coal, non-ferrous metals, and heavy water; textile machines, twine machines, coating and dyeing machines, and heavy equipment; marine products comprising frozen shrimps, sea lobsters, frozen octopus, galmat clam, seagul clam, frozen boiled top shell meat, and ark shells; military supplies, such as uniforms, body armors, and individual equipment; and safety shoes under the NEON brand. Further, it distributes motors and lifestyle products; and manages multi sports centers. The company was founded in 1954 and is based in Incheon, South Korea. Kolon Global Corporation is a subsidiary of Kolon Corporation.",KRW,Industrials,Capital Goods,Construction & Engineering,KSC,XKRX,KOSPI Stock Market,South Korea,,Incheon,,http://www.kolonglobal.com,Micro Cap,KR7003070000,,BBG000BCL3G3,BBG000BCL319,BBG001S6D696,False
003075.KS,Kolon Global Corporation,"Kolon Global Corporation engages in the construction, trading, and distribution businesses in South Korea and internationally. The company undertakes civil engineering projects, including the construction of expressways, subways, high-speed railways, bridges, and industrial complexes; and develops land for housing projects. It also imports and exports steel products, such as hot/cold rolled steel, steel plates, stainless steel, tin plates, and other products, as well as cast iron, billets, and slab products; and trades in bituminous coal, chemical raw materials, fertilizers, and textile materials. In addition, the company trades in general commodities, including energy/resource products that comprise steam coal, non-ferrous metals, and heavy water; textile machines, twine machines, coating and dyeing machines, and heavy equipment; marine products comprising frozen shrimps, sea lobsters, frozen octopus, galmat clam, seagul clam, frozen boiled top shell meat, and ark shells; military supplies, such as uniforms, body armors, and individual equipment; and safety shoes under the NEON brand. Further, it distributes motors and lifestyle products; and manages multi sports centers. The company was founded in 1954 and is based in Incheon, South Korea. Kolon Global Corporation is a subsidiary of Kolon Corporation.",KRW,Industrials,Capital Goods,Construction & Engineering,KSC,XKRX,KOSPI Stock Market,South Korea,,Incheon,,http://www.kolonglobal.com,Micro Cap,KR7003071008,,BBG000BHG1L6,BBG000BHG1L6,BBG001S7CB67,False
003080.KS,"SBSUNGBO Co., Ltd.","SBSUNGBO Co., Ltd. is a company listed on the KOSPI Stock Market under the ticker 003080. It operates in the Chemicals industry within the Materials sector. The company is headquartered in Seoul, South Korea.",KRW,Materials,Materials,Chemicals,KSC,XKRX,KOSPI Stock Market,South Korea,,Seoul,,https://sbsungbo.kr,Nano Cap,KR7003080009,,BBG000BDQBC2,BBG000BDQBC2,BBG001S6JYD4,False
003090.KS,"Daewoong Co., Ltd.","Daewoong Co., Ltd., together with its subsidiaries, manufactures and sells pharmaceuticals. It also engages in the leasing of real estates. The company was formerly known as Daewoong Pharmaceutical Co., Ltd. and changed its name to Daewoong Co., Ltd. in 2002. Daewoong Co., Ltd. was founded in 1961 and is headquartered in Seongnam-si, South Korea.",KRW,Health Care,"Pharmaceuticals, Biotechnology & Life Sciences",Pharmaceuticals,KSC,XKRX,KOSPI Stock Market,South Korea,,Hwaseong-si,,http://www.daewoongholdings.com,Small Cap,KR7003090008,,BBG000BDGRG4,BBG000BDGQY6,BBG001S6HMC3,False
003120.KS,"Ilsung Pharmaceuticals Co., Ltd.","Ilsung Pharmaceuticals Co., Ltd. operates as a pharmaceutical company in South Korea. It offers antibiotics, analgesics, neuromuscular blocker, anesthetics, antipyretics, and cardiovascular system products. The company was founded in 1954 and is based in Seoul, South Korea.",KRW,Health Care,"Pharmaceuticals, Biotechnology & Life Sciences",Pharmaceuticals,KSC,XKRX,KOSPI Stock Market,South Korea,,Seoul,,http://www.ilsung-ph.co.kr,Micro Cap,KR7003120003,,BBG000BDMRV0,BBG000BDMRV0,BBG001S6JKL5,False
003160.KS,D.I Corporation,"D.I Corporation manufactures and supplies semiconductor testing equipment in South Korea. The company offers burn-in systems and testers, burn-in boards, and multi flexible testers for various devices. It also exports its products. The company was founded in 1955 and is headquartered in Seoul, South Korea.",KRW,Information Technology,Semiconductors & Semiconductor Equipment,Semiconductors & Semiconductor Equipment,KSC,XKRX,KOSPI Stock Market,South Korea,,Seoul,,http://www.di.co.kr,Small Cap,KR7003160009,,BBG000H5WD96,BBG000H5WD96,BBG001S95Z04,False
003200.KS,"Ilshin Spinning Co., Ltd","Ilshin Spinning Co., Ltd produces and sells yarns and fabrics in South Korea. The company offers combed cotton, compact, slub, patched, tri-blended, blended and synthetic, and OE glove yarns under the THREESTAR brand; melange yarns under the MELANSTAR brand; and MVS yarns under the IVYSTAR brand. It also provides fabrics, including cotton, rayon, mixed, and interwoven fabrics, as well as offers dyed yarns and fabrics. The company was founded in 1951 and is headquartered in Seoul, South Korea.",KRW,Consumer Discretionary,Consumer Durables & Apparel,"Textiles, Apparel & Luxury Goods",KSC,XKRX,KOSPI Stock Market,South Korea,,Seoul,07237,http://www.ilshin.co.kr,Micro Cap,KR7003200003,,BBG000BDMM87,BBG000BDMM32,BBG001S6JKH0,False
003220.KS,"Daewon Pharmaceutical Co., Ltd.","Daewon Pharmaceutical Co., Ltd., a pharmaceutical company, produces and sells medicine and medical supplies in South Korea. It offers various medicines for circulatory, respiratory, antibiotic, chemotherapy, and psychoneurosis uses. The company's principal products include Oramin-F Soft Cap, a multivitamin product; Pelubi Tablet, a NSAID product for pain relief; Freefol-MCT Inj., a microemulsion propofol for the anti-exogenous infectious bacteria; Megex-I Susp, a medicine that supplements subalimentation of cancer patients; Trigel Susp, a therapy for gastritis and duodenal ulcer; and Renamezin Cap, a spherical carbonaceous adsorbent for chronic kidney disease. It also exports its products to approximately 45 countries primarily in Asia, Central and South America, the Middle East, etc. The company was founded in 1958 and is headquartered in Seoul, South Korea.",KRW,Health Care,"Pharmaceuticals, Biotechnology & Life Sciences",Pharmaceuticals,KSC,XKRX,KOSPI Stock Market,South Korea,,Seoul,,http://www.daewonpharm.com,Micro Cap,KR7003220001,,BBG000C194Q7,BBG000C19469,BBG001SD5GL4,False
003230.KS,"Samyang Foods Co., Ltd.","Samyang Foods Co., Ltd. produces various food products in South Korea. It offers noodles, snacks, dairy products, sauces, agro-fishery products, and beef products. The company also exports noodles/snacks to the United States, Canada, Argentina, Paraguay, and Chile; China, Singapore, Japan, Malaysia, Vietnam, and Hong Kong; the United Kingdom, Germany, Spain, Sweden, and the Netherlands; Australia, New Zealand, Samoa, and Micronesia; and Saudi Arabia, Bahrain, and the United Arab Emirates, as well as dairy products to china. The company was founded in 1961 and is based in Seoul, South Korea.",KRW,Consumer Staples,"Food, Beverage & Tobacco",Food Products,KSC,XKRX,KOSPI Stock Market,South Korea,,Seoul,,http://www.samyangfoods.com,Mid Cap,KR7003230000,,BBG000BD3LV4,BBG000BD3LC5,BBG001S6DX42,False
003240.KS,"Taekwang Industrial Co., Ltd.","Taekwang Industrial Co., Ltd. engages in the synthetic fiber, textile, petrochemical, and advanced material businesses in South Korea and internationally. It offers synthetic fibers comprising acrylic fibers, nylon filaments, spandex, and low-melting-point fibers, as well as ring, open-end, acrylic, and acrylic blended spun yarns. The company also provides petrochemical products, including purified terephthalic acids, propylene, acrylonitrile, sodium cyanide, acetonitrile, ammonium sulphate, and hydrogen peroxide. In addition, it offers tricot and polyester fabrics; and advanced materials, such as carbon and aramid fibers. The company was founded in 1950 and is headquartered in Seoul, South Korea.",KRW,Energy,Energy,"Oil, Gas & Consumable Fuels",KSC,XKRX,KOSPI Stock Market,South Korea,,Seoul,,http://www.taekwang.co.kr,Small Cap,KR7003240009,,BBG000BD0Q00,BBG000BD0PQ4,BBG001S6D3P5,False
003300.KS,"Hanil Holdings Co., Ltd.","Hanil Holdings Co., Ltd. manufactures and sells construction materials in South Korea. The company provides cement; concrete admixture and organic add-ons for concrete; and cement paving, bulk, remitar, and remicon products. It also offers solutions, such as SAP ERP; and security solutions and security consulting services, as well as distributes IT products and systems. In addition, the company operates theme parks and nature-accommodating activity farms; trades in various resources products, such as coal, oil, and natural gas, as well as machinery and components. Further, it is involved in the logistics business, including freight transport and loading. The company was founded in 1961 and is headquartered in Seoul, South Korea.",KRW,Materials,Materials,Construction Materials,KSC,XKRX,KOSPI Stock Market,South Korea,,Seoul,06252,http://www.hanil.com,Small Cap,KR7003300001,,BBG000BCV3C6,BBG000BCV354,BBG001S6JJK9,False
003350.KS,"Hankook Cosmetics Manufacturing Co., Ltd","Hankook Cosmetics Manufacturing Co., Ltd manufactures and markets cosmetics worldwide. It offers skin and body care products, such as cosmetic water, creams, packs, cleansing powders, cleansing formula and masks, cleansers, oils, lotions, and powders; color and functional cosmetics, including blushers, facial powders, foundations, makeup base and fixatives, lipsticks, lip gloss, and anti-wrinkle, whitening, and UV protection products. The company also provides cosmetics for men, such as aftershave lotions, free shave lotions, shaving creams, beard conditioners, and other shaving products; baby care products comprising shampoo, body cleansers, lotions, creams, and sun cream oils; perfumes, powdered perfumes, fragrance bags, and cologne; and hair products, including shampoos, rinses, conditioners, tonics, grooming aids, essence, cream oils, pomades, gels, glazes, waxes, sprays, mousses, and straighteners, as well as hair treatment products. Further, the company offers consulting services. Hankook Cosmetics Manufacturing Co., Ltd was founded in 1962 and is based in Seoul, South Korea.",KRW,Consumer Staples,Household & Personal Products,Household Products,KSC,XKRX,KOSPI Stock Market,South Korea,,Seoul,03188,http://www.hkcosm.com,Micro Cap,KR7003350006,,BBG000BDLX48,BBG000BDLW04,BBG001S6JJR2,False
003410.KS,"SsangYong C&E Co., Ltd.","SsangYong C&E Co., Ltd. engages in the production and sale of cement and clinker products in South Korea. The company offers Portland, blended, and specialty cement, as well as mortar and other related products, such as non-shrinkage mortar, resistance acid mortar, and expansion agents for use in architectural and civil engineering works. It is also involved in the waste recycling and other environment-related business; sale of petroleum products. In addition, the company engages in the mining and sale limestone; maritime transportation and unloading of cement, krinka, etc.; and leasing of office and real estate. The company also exports its products to the United States, Japan, Africa, and the Middle East. The company was formerly known as Ssangyong Cement Industrial Co., Ltd. and changed its name to SsangYong C&E Co., Ltd. in March 2021. SsangYong C&E Co., Ltd. was founded in 1962 and is headquartered in Seoul, South Korea. SsangYong C&E Co., Ltd. is a subsidiary of Hahn & Co. Cement Holdings Limited.",KRW,Materials,Materials,Construction Materials,KSC,XKRX,KOSPI Stock Market,South Korea,,Seoul,04555,http://www.ssangyongcne.co.kr,Small Cap,KR7003410008,,,,,True
003460.KS,"Yuhwa Securities co.,ltd.","Yuhwa Securities co.,ltd. provides securities brokerage services in South Korea. The company offers equity capital market and capital raising services; corporate bonds; advisory services related to mergers and acquisitions, division, and transfer of business; private equity funds; real estate PF financial advisory services; and structured financing products. Yuhwa Securities co.,ltd. was founded in 1962 and is based in Seoul, South Korea.",KRW,Financials,Diversified Financials,Capital Markets,KSC,XKRX,KOSPI Stock Market,South Korea,,Seoul,,http://www.yhs.co.kr,Micro Cap,KR7003460003,,BBG000BDW5F5,BBG000BDW404,BBG001S6K661,False
003465.KS,"Yuhwa Securities co.,ltd.","Yuhwa Securities co.,ltd. provides securities brokerage services in South Korea. The company offers equity capital market and capital raising services; corporate bonds; advisory services related to mergers and acquisitions, division, and transfer of business; private equity funds; real estate PF financial advisory services; and structured financing products. Yuhwa Securities co.,ltd. was founded in 1962 and is based in Seoul, South Korea.",KRW,Financials,Diversified Financials,Capital Markets,KSC,XKRX,KOSPI Stock Market,South Korea,,Seoul,,http://www.yhs.co.kr,Micro Cap,KR7003461001,,BBG000BJ62T3,BBG000BJ62T3,BBG001S78DW9,False
003470.KS,"Yuanta Securities Korea Co., Ltd.","Yuanta Securities Korea Co., Ltd. is a company listed on the KOSPI Stock Market under the ticker 003470. It operates in the Capital Markets industry within the Financials sector. The company is headquartered in Seoul, South Korea.",KRW,Financials,Diversified Financials,Capital Markets,KSC,XKRX,KOSPI Stock Market,South Korea,,Seoul,04538,https://www.yuantakorea.com,Small Cap,KR7003470002,,BBG000BH4NK2,BBG000BH4NK2,BBG001S72BZ6,False
003475.KS,"Yuanta Securities Korea Co., Ltd.","Yuanta Securities Korea Co., Ltd. is a company listed on the KOSPI Stock Market under the ticker 003475. It operates in the Capital Markets industry within the Financials sector. The company is headquartered in Seoul, South Korea.",KRW,Financials,Diversified Financials,Capital Markets,KSC,XKRX,KOSPI Stock Market,South Korea,,Seoul,04538,https://www.yuantakorea.com,Small Cap,KR7003471000,,BBG000BJ6FD1,BBG000BJ6FD1,BBG001S78F63,False
003480.KS,"Hanjin Heavy Industries & Construction Holdings Co., Ltd.","Hanjin Heavy Industries & Construction Holdings Co., Ltd., through its subsidiaries, engages in the shipbuilding, construction, engineering, energy, and leisure businesses primarily in South Korea. The company distributes city gas to approximately 800,000 households in Seoul and northern Gyeonggi-do; and supplies district heating and cooling service to approximately 60,000 households in the Byeollae and neighboring districts, as well as sells electricity at the Korea Power Exchange. It also operates a golf club. The company was founded in 1937 and is headquartered in Namyangju, South Korea.",KRW,Industrials,Capital Goods,Construction & Engineering,KSC,XKRX,KOSPI Stock Market,South Korea,,Namyangju-Si,,http://www.hhic-holdings.com,Micro Cap,KR7003480001,,BBG000BDPGR6,BBG000BDPGR6,BBG001S6PX67,False
003490.KS,"Korean Air Lines Co., Ltd.","Korean Air Lines Co., Ltd. provides airline services. The company operates through Air Transport, Aerospace, Hotel, and Others segments. It offers passenger and cargo transportation services for individuals, enterprises, government, etc. The company also engages in the maintenance of aircraft and manufacture of aircraft parts for national defense, etc.; and catering of in-flight meals. In addition, it offers hotel, accommodation, hotel management, bus and limousine transportation, airport support, rental, sports and leisure, seconding personnel, online sales, and telecommunication services, as well as develops and supplies software. As of August 31, 2019, the company operated a fleet of 169 aircraft, including 146 passenger aircraft connecting 13 domestic and 112 international destinations in 43 countries; and 23 cargo aircraft connecting 44 cities in 26 countries. Korean Air Lines Co., Ltd. has a partnership with Delta Air Lines, Air France, Aeromexico, and others. The company was founded in 1962 and is headquartered in Seoul, South Korea.",KRW,Industrials,Transportation,Airlines,KSC,XKRX,KOSPI Stock Market,South Korea,,Seoul,07505,http://www.koreanair.com,Mid Cap,KR7003490000,,BBG000BDSWP0,BBG000BDSVK7,BBG001S6K2B4,False
003495.KS,"Korean Air Lines Co., Ltd.","Korean Air Lines Co., Ltd. provides airline services. The company operates through Air Transport, Aerospace, Hotel, and Others segments. It offers passenger and cargo transportation services for individuals, enterprises, government, etc. The company also engages in the maintenance of aircraft and manufacture of aircraft parts for national defense, etc.; and catering of in-flight meals. In addition, it offers hotel, accommodation, hotel management, bus and limousine transportation, airport support, rental, sports and leisure, seconding personnel, online sales, and telecommunication services, as well as develops and supplies software. As of August 31, 2019, the company operated a fleet of 169 aircraft, including 146 passenger aircraft connecting 13 domestic and 112 international destinations in 43 countries; and 23 cargo aircraft connecting 44 cities in 26 countries. Korean Air Lines Co., Ltd. has a partnership with Delta Air Lines, Air France, Aeromexico, and others. The company was founded in 1962 and is headquartered in Seoul, South Korea.",KRW,Industrials,Transportation,Airlines,KSC,XKRX,KOSPI Stock Market,South Korea,,Seoul,07505,http://www.koreanair.com,Mid Cap,KR7003491008,,BBG000BK3LD8,BBG000BK3LD8,BBG001S7CR26,False
003520.KS,"Yungjin Pharm. Co., Ltd.","Yungjin Pharm. Co., Ltd. operates as a pharmaceutical company in South Korea. It provides cephalosporin, general, and calcium APIs; antibiotic, central nervous system, cardiovascular, endocrine, respiratory, analgesic and anti-inflammatory, anti-histamine, anti-fungal, nutrition, and urinary formulations, as well as vitamins and supplements, and cosmetics; and tonic drinks. The company was founded in 1952 and is based in Seoul, South Korea. Yungjin Pharm. Co., Ltd. is a subsidiary of KT&G Corporation.",KRW,Health Care,"Pharmaceuticals, Biotechnology & Life Sciences",Pharmaceuticals,KSC,XKRX,KOSPI Stock Market,South Korea,,Seoul,,http://www.yungjin.co.kr,Micro Cap,KR7003520004,,BBG000BDQSK6,BBG000BDQRY3,BBG001S6JYW3,False
003530.KS,"Hanwha Investment & Securities Co., Ltd.","Hanwha Investment & Securities Co., Ltd. is a company listed on the KOSPI Stock Market under the ticker 003530. It operates in the Capital Markets industry within the Financials sector. The company is headquartered in Seoul, South Korea.",KRW,Financials,Diversified Financials,Capital Markets,KSC,XKRX,KOSPI Stock Market,South Korea,,Seoul,07325,https://www.hanwhawm.com,Small Cap,KR7003530003,,BBG000BDHJ26,BBG000BDHJ26,BBG001S6HNW9,False
003535.KS,"Hanwha Investment & Securities Co., Ltd.","Hanwha Investment & Securities Co., Ltd. is a company listed on the KOSPI Stock Market under the ticker 003535. It operates in the Capital Markets industry within the Financials sector. The company is headquartered in Seoul, South Korea.",KRW,Financials,Diversified Financials,Capital Markets,KSC,XKRX,KOSPI Stock Market,South Korea,,Seoul,07325,https://www.hanwhawm.com,Small Cap,KR7003531001,,BBG000BJ6927,BBG000BJ6927,BBG001S78F36,False
003540.KS,"Daishin Securities Co., Ltd.","Daishin Securities Co., Ltd. provides various financial services in Korea and internationally. Its services include dealing, brokerage, underwriting, investment advisory, investment trust, asset management, etc. The company was formerly known as Samrak Securities Co., Ltd. and changed its name to Daishin Securities Co., Ltd. in April 1975. Daishin Securities Co., Ltd. was founded in 1962 and is headquartered in Seoul, South Korea.",KRW,Financials,Diversified Financials,Capital Markets,KSC,XKRX,KOSPI Stock Market,South Korea,,Seoul,,http://www.daishin.com,Small Cap,KR7003540002,,BBG000BDGT25,BBG000BDGSS9,BBG001S6HMH8,False
003545.KS,"Daishin Securities Co., Ltd.","Daishin Securities Co., Ltd. provides various financial services in Korea and internationally. Its services include dealing, brokerage, underwriting, investment advisory, investment trust, asset management, etc. The company was formerly known as Samrak Securities Co., Ltd. and changed its name to Daishin Securities Co., Ltd. in April 1975. Daishin Securities Co., Ltd. was founded in 1962 and is headquartered in Seoul, South Korea.",KRW,Financials,Diversified Financials,Capital Markets,KSC,XKRX,KOSPI Stock Market,South Korea,,Seoul,,http://www.daishin.com,Small Cap,KR7003541000,,BBG000BJ6JF1,BBG000BJ6JF1,BBG001S78F81,False
003547.KS,"Daishin Securities Co., Ltd.","Daishin Securities Co., Ltd. provides various financial services in Korea and internationally. Its services include dealing, brokerage, underwriting, investment advisory, investment trust, asset management, etc. The company was formerly known as Samrak Securities Co., Ltd. and changed its name to Daishin Securities Co., Ltd. in April 1975. Daishin Securities Co., Ltd. was founded in 1962 and is headquartered in Seoul, South Korea.",KRW,Financials,Diversified Financials,Capital Markets,KSC,XKRX,KOSPI Stock Market,South Korea,,Seoul,,http://www.daishin.com,Small Cap,KR7003542008,,BBG000D194W9,BBG000D194W9,BBG001T0KXT9,False
003550.KS,LG Corp.,"LG Corp. is a company listed on the KOSPI Stock Market under the ticker 003550. It operates in the Household Durables industry within the Consumer Discretionary sector. The company is headquartered in Seoul, South Korea.",KRW,Consumer Discretionary,Consumer Durables & Apparel,Household Durables,KSC,XKRX,KOSPI Stock Market,South Korea,,Seoul,07336,https://www.lgcorp.com,Large Cap,KR7003550001,,BBG000BCXCN2,BBG000BCXCN2,BBG001S6JY35,False
003555.KS,LG Corp.,"LG Corp. is a company listed on the KOSPI Stock Market under the ticker 003555. It operates in the Household Durables industry within the Consumer Discretionary sector. The company is headquartered in Seoul, South Korea.",KRW,Consumer Discretionary,Consumer Durables & Apparel,Household Durables,KSC,XKRX,KOSPI Stock Market,South Korea,,Seoul,07336,https://www.lgcorp.com,Large Cap,KR7003551009,,BBG000BHD3V4,BBG000BHD3V4,BBG001S7BZP4,False
003560.KS,IHQ Inc.,"IHQ Inc. operates as an entertainment company in Korea. It produces content in various fields, such as drama, entertainment, and record. The company is also involved in the star management activities; and operation of Comedy TV and Cube TV.IHQ Inc. was founded in 1962 and is based in Seoul, South Korea. As of February 25, 2021, IHQ Inc. operates as a subsidiary of KH Media Co., Ltd.",KRW,Communication Services,Media & Entertainment,Entertainment,KSC,XKRX,KOSPI Stock Market,South Korea,,Seoul,06014,http://www.ihq.co.kr,Micro Cap,KR7003560000,,BBG000BD1KF6,BBG000BD1JT4,BBG001S6DDL7,True
003570.KS,"Snt Dynamics Co.,Ltd.","Snt Dynamics Co.,Ltd. is a company listed on the KOSPI Stock Market under the ticker 003570. It operates in the Aerospace & Defense industry within the Industrials sector. The company is headquartered in Changwon-Si, South Korea.",KRW,Industrials,Capital Goods,Aerospace & Defense,KSC,XKRX,KOSPI Stock Market,South Korea,,Changwon-Si,,https://www.hisntd.com,Small Cap,KR7003570009,,BBG000BCY7C4,BBG000BCY7C4,BBG001S6K0H2,False
003580.KS,"HLB GLOBAL Co., Ltd.","HLB GLOBAL Co., Ltd. is a company listed on the KOSPI Stock Market under the ticker 003580. It operates in the Industrial Conglomerates industry within the Industrials sector. The company is headquartered in Jeongseon, South Korea.",KRW,Industrials,Capital Goods,Industrial Conglomerates,KSC,XKRX,KOSPI Stock Market,South Korea,,Jeongseon,233-902,http://www.hlbglobal.co.kr,Micro Cap,KR7003580008,,BBG000BGTQ20,BBG000BGTQ20,BBG001S71L67,False
003610.KS,"Pangrim Co., Ltd.","Pangrim Co., Ltd. manufactures and sells textile products in South Korea and internationally. It produces a range of fabrics. The company was formerly known as PangRim Textile Co., Ltd. and changed its name to Pangrim Co., Ltd. in 1991. Pangrim Co., Ltd. was founded in 1963 and is headquartered in Seoul, South Korea.",KRW,Consumer Discretionary,Consumer Durables & Apparel,"Textiles, Apparel & Luxury Goods",KSC,XKRX,KOSPI Stock Market,South Korea,,Seoul,,http://www.pangrim.com,Micro Cap,KR7003610003,,BBG000BGV8G2,BBG000BGV8G2,BBG001S71MT0,False
003620.KS,KG Mobility Corp.,"KG Mobility Corp. is a company listed on the KOSPI Stock Market under the ticker 003620. It operates in the Automobiles industry within the Consumer Discretionary sector. The company is headquartered in Pyeongtaek-Si, South Korea.",KRW,Consumer Discretionary,Automobiles & Components,Automobiles,KSC,XKRX,KOSPI Stock Market,South Korea,,Pyeongtaek-Si,,https://www.kg-mobility.com,Small Cap,KR7003620002,,BBG000BCY5F5,BBG000BCY5F5,BBG001S6K0G3,False
003650.KS,"Michang Oil Ind .Co.,Ltd.","Michang Oil Ind. Co., Ltd. engages in the petrochemical business in South Korea. It offers automotive lubricants, including motor, gasoline engine, diesel engine, gear, and automatic transmission oils, as well as other application oils; and transformer oils. The company also provides industrial lubricants, such as hydraulic, gear, turbine, and heat transfer oils; and rubber process oils, such as paraffin, naphthene, and aroma. In addition, it offers technical grade white oils; and white mineral oil consisting of food, cosmetic, and pharma grades. The company was founded in 1962 and is headquartered in Busan, South Korea.",KRW,Energy,Energy,"Oil, Gas & Consumable Fuels",KSC,XKRX,KOSPI Stock Market,South Korea,,Busan,,http://www.michang.co.kr,Micro Cap,KR7003650009,,BBG000BFY3D5,BBG000BFY3D5,BBG001S6TJQ2,False
003670.KS,"Posco Future M Co., Ltd.","POSCO, together with its subsidiaries, manufactures and sells steel rolled products and plates in South Korea and internationally. It operates through four segments: Steel, Construction, Trading, and Others. The company offers hot and cold rolled steel, stainless steel, plates, wire rods, and silicon steel sheets. It also plans, designs, and constructs industrial plants, civil engineering projects, and commercial and residential buildings; exports and imports steel products and raw materials; and generates electricity; produces gas and refuse derived fuel, as well as provides network and system integration, and logistics services. In addition, the company is involved in the engineering and construction; computer hardware and software distribution; economic research and consulting; business facility maintenance; architecture and consulting; investment in venture, energy, and bio tech industries; electronic commerce; intellectual property services and consulting; refractories and quicklime manufacturing and sales; transporting and warehousing; real estate development, rental, sale, and management; house and train manufacturing and management; and education and real estate business. Further, it engages in the resource development; mine development; business facility maintenance; fuel cell; iron ore and coal sales; and cargo handling business, as well as operates housing business agency. Additionally, the company manufactures and sells coated, and anode material. It also engages in loading and unloading; IT service and DVR; electric control engineering; forest resources development; refractory materials sales and furnace maintenance; rice processing; grain sales; packing materials manufacturing; and social enterprise businesses. POSCO was incorporated in 1968 and is headquartered in Pohang, South Korea.",KRW,Materials,Materials,Metals & Mining,KSC,XKRX,KOSPI Stock Market,South Korea,,Pohang,21998,http://www.posco.com,Large Cap,KR7003670007,,BBG000F5NW32,BBG000F5NW32,BBG001SGPYL6,False
003680.KS,"Hansung Enterprise Co.,Ltd","Hansung Enterprise Co.,Ltd produces and sells fishery and seafood products in South Korea and internationally. It offers crami, salted and fermented, surimi based, frozen food, meat manufactured, CAN, and other products. The company was founded in 1963 and is based in Busan, South Korea.",KRW,Consumer Staples,"Food, Beverage & Tobacco",Food Products,KSC,XKRX,KOSPI Stock Market,South Korea,,Busan,,http://www.hsep.com,Nano Cap,KR7003680006,,BBG000BHN691,BBG000BHN5Z4,BBG001S75B74,False
003690.KS,Korean Reinsurance Company,"Korean Reinsurance Company provides life and non-life reinsurance products in Korea, Asia, the Americas, Europe, the Middle East, Africa, and internationally. The company offers property insurance products, such as fire, property all risks, inland floater, and museum; engineering insurance products, including contractor's and erection all risks, machinery, electric equipment, civil engineering completed risk, contractor's plant and machinery, and comprehensive machinery; marine insurance products that includes hull, cargo, and aviation; and casualty insurance products comprises general and professional liability, workers' compensation, personal accident, guarantee, and other specialty insurance. It also provides life reinsurance, such as insurance against death, health, and other insurance products. In addition, the company offers agriculture and other specialty lines, nuclear, and motor reinsurance products. Korean Reinsurance Company has a strategic partnership with Leapstack Data Technology Co., Ltd. for expansion into the South Korean market. The company was founded in 1963 and is headquartered in Seoul, South Korea.",KRW,Financials,Insurance,Insurance,KSC,XKRX,KOSPI Stock Market,South Korea,,Seoul,03151,http://eng.koreanre.co.kr,Small Cap,KR7003690005,,BBG000BDT0L3,BBG000BDT051,BBG001S6K2T5,False
003720.KS,"SamYoung Chemical Co.,Ltd","SamYoung Chemical Co.,Ltd manufactures and sells electronic and packaging films in South Korea. It offers PP films, such as BOPP films that are used in food and non-food packing materials, tapes, capacitors, etc.; CPP films; and vacuumed films for application in food packages, agrichemicals, medical products, sundries, stationaries, gift packings, etc., as well as nylon films for meat and meat processing vacuum packing, and agricultural/fishery/industrial vacuum packing. The company also provides capacitor films; and wraps, such as PE stretch films for packing electronic products, complicated machines and parts, various living household products, medical products, bricks, and other separable products, as well as PE bio wraps, PVC sun wraps, and antifungal sun wraps. In addition, it offers lamination products consisting of poly match and toothpaste films; and paper packing containers. The company exports its products to 40 countries. The company was founded in 1959 and is based in Seoul, South Korea.",KRW,Materials,Materials,Containers & Packaging,KSC,XKRX,KOSPI Stock Market,South Korea,,Seoul,03188,http://www.sycc.co.kr,Micro Cap,KR7003720000,,BBG000BDQ9L7,BBG000BDQ991,BBG001S6JYC5,False
003780.KS,"Chin Yang Industry Co., Ltd.","Chin Yang Industry Co., Ltd. is a company listed on the KOSPI Stock Market under the ticker 003780. It operates in the Auto Components industry within the Consumer Discretionary sector. The company is headquartered in Yangsan-si, South Korea.",KRW,Consumer Discretionary,Automobiles & Components,Auto Components,KSC,XKRX,KOSPI Stock Market,South Korea,,Yangsan-si,,https://www.cyc1963.com,Nano Cap,KR7003780004,,BBG000BGTB41,BBG000BGTB41,BBG001S71KJ5,False
003830.KS,"Daehan Synthetic Fiber Co., Ltd.","Daehan Synthetic Fiber Co., Ltd. manufactures and sells polyester yarns in Korea and internationally. The company offers specialty and regular polyester yarns. It sells its polyester products under the Acepora brand. Daehan Synthetic Fiber Co., Ltd. was founded in 1963 and is headquartered in Seoul, South Korea.",KRW,Consumer Discretionary,Consumer Durables & Apparel,"Textiles, Apparel & Luxury Goods",KSC,XKRX,KOSPI Stock Market,South Korea,,Seoul,100-852,http://www.daehansf.co.kr,Micro Cap,KR7003830007,,BBG000BDTX59,BBG000BDTWP9,BBG001S6K4B0,False
003850.KS,"Boryung Pharmaceutical Co., Ltd.","Boryung Pharmaceutical Co., Ltd. researches and develops, produces, and sells pharmaceutical products in South Korea. The company offers cardiovascular products, antibiotics, anticancer products, amino acids and cosmetics, gastrointestinal products, and API's. It also exports its products to approximately 50 countries on 6 continents, including Japan, China, the Southeast Asia, the Middle East, Europe, South America, and Africa. The company was formerly known as Boryung Drugs Co., Ltd. and changed its name to Boryung Pharmaceutical Co., Ltd. in February 1966. Boryung Pharmaceutical Co., Ltd. was founded in 1963 and is based in Seoul, South Korea.",KRW,Health Care,"Pharmaceuticals, Biotechnology & Life Sciences",Pharmaceuticals,KSC,XKRX,KOSPI Stock Market,South Korea,,Seoul,03127,http://www.boryung.co.kr,Small Cap,KR7003850005,,BBG000BGY7K6,BBG000BGY6X4,BBG001S71T60,False
003920.KS,"Namyang Dairy Products Co., Ltd","Namyang Dairy Products Co., Ltd produces and sells dairy products in South Korea. Its products include baby food, coffee, milk, yogurt, beverages, soybean milk, cheese, and cream and butter, as well as ketogenic dietary food. The company was founded in 1964 and is headquartered in Seoul, South Korea.",KRW,Consumer Staples,"Food, Beverage & Tobacco",Food Products,KSC,XKRX,KOSPI Stock Market,South Korea,,Seoul,,http://www.namyangi.com,Micro Cap,KR7003920006,,BBG000BDT907,BBG000BDT8N4,BBG001S6K3C1,False
003925.KS,"Namyang Dairy Products Co., Ltd","Namyang Dairy Products Co., Ltd produces and sells dairy products in South Korea. Its products include baby food, coffee, milk, yogurt, beverages, soybean milk, cheese, and cream and butter, as well as ketogenic dietary food. The company was founded in 1964 and is headquartered in Seoul, South Korea.",KRW,Consumer Staples,"Food, Beverage & Tobacco",Food Products,KSC,XKRX,KOSPI Stock Market,South Korea,,Seoul,,http://www.namyangi.com,Micro Cap,KR7003921004,,BBG000BGK4L7,BBG000BGK4L7,BBG001S70616,False
003960.KS,Sajodaerim Corporation,"Sajodaerim Corporation operates in the fishing industry in Korea. The company operates in the fisheries, food processing, food logistics, and retailing sectors. It is also involved in the manufacture, logistics, and retailing of processed foods, such as fishcakes, crab-flavored fish sticks, hams, and sausages under the Daerim Seon brand; and production and vending of frozen and refrigerated foods, salted seafood, seasoned dried laver, dried sea mustards, and other products. In addition, the company engages in producing, processing, and retailing pork and fowl; and livestock business. Sajodaerim Corporation was founded in 1945 and is based in Seoul, South Korea.",KRW,Consumer Staples,"Food, Beverage & Tobacco",Food Products,KSC,XKRX,KOSPI Stock Market,South Korea,,Seoul,137-821,http://dr.sajo.co.kr,Micro Cap,KR7003960002,,BBG000BGTKJ5,BBG000BGTHG5,BBG001S71L30,False
004000.KS,"LOTTE Fine Chemical Co., Ltd.","LOTTE Fine Chemical Co., Ltd. manufactures and sells chemical products in Korea. It offers cellulose relatives, including MECELLOSE, hydroxyethyl cellulose, AnyCoat-C (hypromellose), and AnyCoat-P (hypromellose phthalate) for use in various fields, such as construction, cement extrusion, ceramic extrusion, paint, medicine, and household items. The company also provides epichlorohydrin, caustic soda, methyl and methylene chloride, chloroform, sodium hypochlorite, methaclean, hydrochloric acid, and PTAC for use in architecture, textiles, and resins industries. In addition, it offers general chemicals, which include EUROX, ammonia, ammonium hydroxide, monomethyl amine, dimethylamine, trimethylamine, and trimethylamine-HCl; tetramethyl ammonium hydroxide, a material for semiconductor; and polymerized toners for color laser printers. The company was formerly known as SAMSUNG Fine Chemicals Co., Ltd. changed its name to LOTTE Fine Chemical Co., Ltd. in 2016. LOTTE Fine Chemical Co., Ltd. was founded in 1964 and is headquartered in Ulsan, South Korea.",KRW,Materials,Materials,Chemicals,KSC,XKRX,KOSPI Stock Market,South Korea,,Ulsan,680-090,http://www.lottefinechem.com,Small Cap,KR7004000006,,BBG000BDPZM9,BBG000BDPYL3,BBG001S6JXW5,False
004020.KS,Hyundai Steel Company,"Hyundai Steel Company manufactures and sells steel and other industrial metal products in South Korea, Asia, the United States, and Europe. The company offers hot and cold rolled steel sheets, heavy plates, ERW pipes, rebars, H-sections, heavy machinery, special steel bars, wire rods, tailor welded blanks, and hydroforming and hot stamping products for automobile, shipbuilding, and construction industries. It also provides angle, channel, I beam, steel sheet pile, and railway rail sections; ingot for forging; rolling, steel plate, and rod-type steel rolls; and cold rolled stainless steel sheets for construction, home electronics and kitchen, and automotive industries, as well as semi-finished goods, by-products, and other products. The company was formerly known as INI Steel Company and changed its name to Hyundai Steel Company in March 2006. Hyundai Steel Company was founded in 1953 and is headquartered in Seoul, South Korea.",KRW,Materials,Materials,Metals & Mining,KSC,XKRX,KOSPI Stock Market,South Korea,,Seoul,,http://www.hyundai-steel.com,Mid Cap,KR7004020004,,BBG000BCVG73,BBG000BCVFZ4,BBG001S6JKM4,False
004060.KS,SG Corporation,"SG Corporation is a company listed on the KOSPI Stock Market under the ticker 004060. It operates in the Textiles, Apparel & Luxury Goods industry within the Consumer Discretionary sector. The company is headquartered in Seoul, South Korea.",KRW,Consumer Discretionary,Consumer Durables & Apparel,"Textiles, Apparel & Luxury Goods",KSC,XKRX,KOSPI Stock Market,South Korea,,Seoul,08381,https://www.sgsegye.com,Nano Cap,KR7004060000,,BBG000BDSH64,BBG000BDSH64,BBG001S6K1P1,False
004080.KS,"Shinhung Co., Ltd","Shinhung Co., Ltd. manufactures and sells dental products and supplies in South Korea. Its products include implant systems; dental units, chairs, operatories, and implants; autoclaves and X-ray equipment; disposable needles; dental porcelain powder and laboratory products; dental alloys; cabinets, such as drawer cabinets, equipment cabinets, soap dispensers, sink cabinets, lateral panels, insert cabinets, and mobile cabinets; and other equipment, which include compressors and mixers. The company also offers loan services for dentists. Shinhung Co., Ltd. was founded in 1955 and is headquartered in Seoul, South Korea.",KRW,Health Care,Health Care Equipment & Services,Health Care Equipment & Supplies,KSC,XKRX,KOSPI Stock Market,South Korea,,Seoul,100-858,http://www.shinhung.co.kr,Micro Cap,KR7004080008,,BBG000BHPSN5,BBG000BHPS37,BBG001S75L18,False
004090.KS,Korea Petroleum Industries Company,"Korea Petroleum Industries Company is a company listed on the KOSPI Stock Market under the ticker 004090. It operates in the Construction Materials industry within the Materials sector. The company is headquartered in Seoul, South Korea.",KRW,Materials,Materials,Construction Materials,KSC,XKRX,KOSPI Stock Market,South Korea,,Seoul,04427,https://www.koreapetroleum.com,Micro Cap,KR7004090007,,BBG000BFSZ69,BBG000BFSZ69,BBG001S6SBK6,False
004100.KS,"Taeyang Metal Industrial Co., Ltd.","Taeyang Metal Industrial Co., Ltd. produces and sells cold forged and precision processed parts for automobiles in South Korea and internationally. The company offers automotive products, including cylinder head, main bearing cap, fly wheel, con rod, crank shaft pulley, eye and ring, cam, wheel and union, flange, U-shape, and specialty bolts; ball studs and housings, outer sockets, tie rods, upper and solid shafts, shaft blanks and type products, and socket parts; guide rods, input and output rods, adjusting screws, piston blanks, and piston adjustment products; color-RR products; and lug wrenches. It also provides motorcycle components, such as drive-train components and steering systems; and appliance components comprising compressor bolts. The company was founded in 1954 and is headquartered in Ansan, South Korea.",KRW,Consumer Discretionary,Automobiles & Components,Auto Components,KSC,XKRX,KOSPI Stock Market,South Korea,,Ansan-Si,,http://www.taeyangmetal.com,Micro Cap,KR7004100004,,BBG000BJW6B4,BBG000BJW615,BBG001S7C294,False
004105.KS,"Taeyang Metal Industrial Co., Ltd.","Taeyang Metal Industrial Co., Ltd. produces and sells cold forged and precision processed parts for automobiles in South Korea and internationally. The company offers automotive products, including cylinder head, main bearing cap, fly wheel, con rod, crank shaft pulley, eye and ring, cam, wheel and union, flange, U-shape, and specialty bolts; ball studs and housings, outer sockets, tie rods, upper and solid shafts, shaft blanks and type products, and socket parts; guide rods, input and output rods, adjusting screws, piston blanks, and piston adjustment products; color-RR products; and lug wrenches. It also provides motorcycle components, such as drive-train components and steering systems; and appliance components comprising compressor bolts. The company was founded in 1954 and is headquartered in Ansan, South Korea.",KRW,Consumer Discretionary,Automobiles & Components,Auto Components,KSC,XKRX,KOSPI Stock Market,South Korea,,Ansan-Si,,http://www.taeyangmetal.com,Micro Cap,KR7004101002,,BBG000BNKHW1,BBG000BNKHW1,BBG001S8MZ07,False
004140.KS,"Dongbang Transport Logistics Co., Ltd.","Dongbang Transport Logistics Co., Ltd. is a company listed on the KOSPI Stock Market under the ticker 004140. It operates in the Air Freight & Logistics industry within the Industrials sector. The company is headquartered in Seoul, South Korea.",KRW,Industrials,Transportation,Air Freight & Logistics,KSC,XKRX,KOSPI Stock Market,South Korea,,Seoul,04511,https://www.dongbang.co.kr,Micro Cap,KR7004140000,,BBG000BH48X1,BBG000BH48X1,BBG001S72B77,False
004150.KS,"Hansol Holdings Co., Ltd.","Hansol Holdings Co., Ltd. engages in the paper material and business solution businesses in South Korea. The company offers corrugated container boards, including liner boards, test liner boards, and corrugated medium papers; interior materials for flooring, wall, door, molding, and sheets applications; furniture components, such as MDF and processed boards; and overseas afforestation and renewable energy services. It provides engineering, purchasing, procurement, construction, and O&M services in the areas of incineration, power plant, and complex environment plant; management advice and consultation services; electronics power module, wireless charging, solar module and generation, LED material, and mobile phone parts and EMS products; and IT chemicals, fine chemicals, and eco-friendly chemicals. In addition, the company engages in the sea and air logistics, container and truck transportations, and W&D business; and tributary distribution, IT services, etc. Hansol Holdings Co., Ltd. was founded in 1965 and is headquartered in Seoul, South Korea.",KRW,Materials,Materials,Paper & Forest Products,KSC,XKRX,KOSPI Stock Market,South Korea,,Seoul,,http://www.hansol.com,Micro Cap,KR7004150009,,BBG000BCRMY5,BBG000BCRMC9,BBG001S6HG27,False
004170.KS,Shinsegae Inc.,"Shinsegae Inc. operates department stores in South Korea. It operates its department stores under the Shinsegae name. The company also manufactures and retails clothing and furniture; leases real estate; and offers advisory services, as well as operates passenger terminal. As of December 31, 2019, it operates nine departmental stores. Shinsegae Inc. was founded in 1955 and is headquartered in Seoul, South Korea.",KRW,Consumer Discretionary,Retailing,Multiline Retail,KSC,XKRX,KOSPI Stock Market,South Korea,,Seoul,04530,http://www.shinsegae.com,Mid Cap,KR7004170007,,BBG000BDSR35,BBG000BDSQJ0,BBG001S6K233,False
004250.KS,"NPC Co., Ltd.","NPC Co., Ltd. manufactures and sells plastic products in South Korea. The company's products include containers, pallets, chairs and desks, recycling bins, sheets, reversetap, and cups. The company was formerly known as National Plastic Co., Ltd. and changed its name to NPC Co., Ltd. in March 2010. NPC Co., Ltd. was founded in 1965 and is headquartered in Ansan, South Korea.",KRW,Materials,Materials,Containers & Packaging,KSC,XKRX,KOSPI Stock Market,South Korea,,Ansan-Si,,http://www.npc.co.kr,Micro Cap,KR7004250007,,BBG000BDQ4B9,BBG000BDQ3S3,BBG001S6JY53,False
004255.KS,"NPC Co., Ltd.","NPC Co., Ltd. manufactures and sells plastic products in South Korea. The company's products include containers, pallets, chairs and desks, recycling bins, sheets, reversetap, and cups. The company was formerly known as National Plastic Co., Ltd. and changed its name to NPC Co., Ltd. in March 2010. NPC Co., Ltd. was founded in 1965 and is headquartered in Ansan, South Korea.",KRW,Materials,Materials,Containers & Packaging,KSC,XKRX,KOSPI Stock Market,South Korea,,Ansan-Si,15612,https://www.npc.co.kr,Micro Cap,KR7004251005,,BBG000BGFVH8,BBG000BGFVH8,BBG001S6Z4T5,False
004270.KS,Namsung Corp.,"Namsung Corp. manufactures and trades in electronic products under the DUAL brand in South Korea. The company offers mobile audio and video, DVD navigation, multi-media HD radio, XM satellite receiver radio, and digital AMP wireless headphone products. It is also involved in the department store and wholesale/retail distribution and rental businesses. The company was founded in 1965 and is based in Seoul, South Korea.",KRW,Information Technology,Technology Hardware & Equipment,"Electronic Equipment, Instruments & Components",KSC,XKRX,KOSPI Stock Market,South Korea,,Seoul,197-22,http://www.namsung.com,Nano Cap,KR7004270005,,BBG000BH3Z62,BBG000BH3YV7,BBG001S729L6,False
004310.KS,"Hyundai Pharmaceutical Co., Ltd.","Hyundai Pharmaceutical Co., Ltd. is a company listed on the KOSPI Stock Market under the ticker 004310. It operates in the Pharmaceuticals industry within the Health Care sector. The company is headquartered in Seoul, South Korea.",KRW,Health Care,"Pharmaceuticals, Biotechnology & Life Sciences",Pharmaceuticals,KSC,XKRX,KOSPI Stock Market,South Korea,,Seoul,06121,https://www.hyundaipharm.co.kr,Micro Cap,KR7004310009,,BBG000BDMG26,BBG000BDMG26,BBG001S6JKD4,False
004360.KS,"Sebang Co., Ltd","Sebang Co., Ltd provides integrated logistics services in Korea. It offers container land transport services through a fleet of 213x tractors and 1,068x trailers; and cargo transport services through a fleet of 16 container yards and 5 railroad container depots. The company also offers heavy cargo loading, installation, and marine transport services; and third-party logistics services. In addition, it operates London metal exchange warehouses. Sebang Co., Ltd was founded in 1965 and is headquartered in Seoul, South Korea.",KRW,Industrials,Transportation,Air Freight & Logistics,KSC,XKRX,KOSPI Stock Market,South Korea,,Seoul,06212,http://www.sebang.com,Micro Cap,KR7004360004,,BBG000BG7TY3,BBG000BG7T37,BBG001S72B68,False
004365.KS,"Sebang Co., Ltd","Sebang Co., Ltd provides integrated logistics services in Korea. It offers container land transport services through a fleet of 213x tractors and 1,068x trailers; and cargo transport services through a fleet of 16 container yards and 5 railroad container depots. The company also offers heavy cargo loading, installation, and marine transport services; and third-party logistics services. In addition, it operates London metal exchange warehouses. Sebang Co., Ltd was founded in 1965 and is headquartered in Seoul, South Korea.",KRW,Industrials,Transportation,Air Freight & Logistics,KSC,XKRX,KOSPI Stock Market,South Korea,,Seoul,06212,http://www.sebang.com,Micro Cap,KR7004361002,,BBG000BHHKK4,BBG000BHHKK4,BBG001S7CR17,False
004370.KS,"Nongshim Co., Ltd.","Nongshim Co., Ltd., a food company, produces and sells various snack products in South Korea, the United States, China, Japan, Australia, and internationally. The company offers instant noodles under the Ansungtangmyun, Champong Ramyun, Yukejang Bowl Noodle Soup, Mupamatangmyun, Shrimp Big Bow, Chapagetti, Shin Ramyun, Neoguri, Shin Ramyun Black Bowl Noodle, Shin Ramyun Black, Shin Ramyun Light, Zha Wang, Zha Wang Light, Stir-fry Neoguri, Kal Guk Soo, and Doongi Cold Noodles brands. It also provides snacks under the Shrimp Crackers, Potato Stick, Potato Chip, Sumi Potato Chip, Tako Chips, Honey Twist Snack, Onion Rings, Drumstix, Cuttlefish Snack, Banana Kick, Indian Corn Snack, Pawn Snack, and Chochung U-Gua brands. In addition, the company offers beverages, including bottled water, fruit juices, tea drinks, and sodas under the Baeksan Artesian Water, Welch's Juice, Power O2, Ito En, Capri-Sun, and Welch's Soda brands. Further, it provides imported food products under the Kellogg's, Chupa Chups, Mentos, Tulip, Housefoods, McCormick, Lindt, Smucker's Jam, Hondashi, Pringles, Alcurnia, and VONO brands. The company was formerly known as Lotte Industrial Company and changed its name to Nongshim Co., Ltd. in March 1978. Nongshim Co., Ltd. was founded in 1965 and is headquartered in Seoul, South Korea.",KRW,Consumer Staples,"Food, Beverage & Tobacco",Food Products,KSC,XKRX,KOSPI Stock Market,South Korea,,Seoul,07057,http://www.nongshim.com,Small Cap,KR7004370003,,BBG000BD2JL1,BBG000BD2J59,BBG001S6DJY0,False
004380.KS,"THK Co., Ltd.","THK Co., Ltd. manufactures and supplies machinery components worldwide. It provides linear motion (LM) guides, spline nuts, LM strokes, cross roller guides, linear ball slides, flat rollers, slide rails, LM guide actuators, ball splines, linear bushes, precision linear packs, cross roller tables, LM rollers, and slide packs. The company also offers ball screws, screw nuts, change nuts, double-row angular contact roller rings, cross roller rings, cam followers, roller followers, spherical plain bearings, link balls, rod ends, lubrication accessories, and seismic isolation products. In addition, it offers automotive and transportation equipment-related parts, such as suspension arms, height sensor joints, stabilizer connecting rods, steering tie rods, steering linkages, and suspension ball joints. The company's products are used in various applications, including machine tools, general industrial machinery, precision instruments, semiconductor and LCD manufacturing equipment, industrial robots, electronic devices, and transport systems, as well as in construction, aerospace, medical and assistive, and other manufacturing industries. The company was founded in 1971 and is headquartered in Tokyo, Japan.",KRW,Industrials,Capital Goods,Machinery,KSC,XKRX,KOSPI Stock Market,Japan,,Tokyo,108-8506,http://www.thk.com,Micro Cap,KR7004380002,,BBG000BGZY35,BBG000BGZY35,BBG001S71YZ7,False
004410.KS,"Seoul Food Industrial.Co.,Ltd","Seoul Food Industrial.Co.,Ltd manufactures and sells food products in South Korea. The company offers frozen doughs, bread crumbs, snacks, and pizzas. It also operates bakeries; and provides food waste recycling services. The company also exports its products to the United States, Vietnam, Indonesia, and China. Seoul Food Industrial.Co.,Ltd was founded in 1955 and is headquartered in Chungju, South Korea.",KRW,Consumer Staples,"Food, Beverage & Tobacco",Food Products,KSC,XKRX,KOSPI Stock Market,South Korea,,Chungju,,http://www.seoul-food.co.kr,Nano Cap,KR7004410007,,BBG000BD4414,BBG000BD4343,BBG001S6F2J2,False
004415.KS,"Seoul Food Industrial.Co.,Ltd","Seoul Food Industrial.Co.,Ltd manufactures and sells food products in South Korea. The company offers frozen doughs, bread crumbs, snacks, and pizzas. It also operates bakeries; and provides food waste recycling services. The company also exports its products to the United States, Vietnam, Indonesia, and China. Seoul Food Industrial.Co.,Ltd was founded in 1955 and is headquartered in Chungju, South Korea.",KRW,Consumer Staples,"Food, Beverage & Tobacco",Food Products,KSC,XKRX,KOSPI Stock Market,South Korea,,Chungju,,http://www.seoul-food.co.kr,Nano Cap,KR7004411005,,BBG000BJTYW4,BBG000BJTYW4,BBG001S7BYX8,False
004430.KS,"Songwon Industrial Co., Ltd.","Songwon Industrial Co., Ltd., together with its subsidiaries, develops, manufactures, and supplies specialty chemicals in South Korea and internationally. The company's products include polymer stabilizers, such as phenolic and phosphite antioxidants, thioester and aminic antioxidants, binary blends, tailor-made solutions, hindered amine light stabilizers, UV absorbers and hydroxybenzoates, high melter and low melter blends, nucleator and clarifier blends, and highly loaded UV blends, as well as blends comprising liquid components. It also provides a range of phenolic, aminic, phosphite, and thioester antioxidants for fuels and lubricants, primarily in liquid form, as well as fuel additives as stabilizers; tin intermediates; PVC stabilizers and plasticizers that include one pack systems for PVC stabilization, mixed metal stabilizers, metal soap stabilizers, organo-tin stabilizers, auxiliary stabilizers and lubricants, and plasticizers; and specialty polymers, which comprise polyester diols, thermosetting and/or thermoplastic polyurethanes, thermoplastic polyurethanes, and super absorbent polymers. In addition, the company offers specialty chemicals for fast-moving industries, including electronics, as well as coating additives and functional monomers for various applications. Songwon Industrial Co., Ltd. sells its products under the SONGCAT, SONGSTAR, SONGXTEND, SONGNOX, SONGSTAB, SONGSTOMER, SONGCIZER, HI-THANE, SONGCURE, SONGSORB, and HI-SWELL brands. The company offers its solutions for use in the adhesive, agriculture, automotive, building and construction, coating, durable and consumer good, electrical and electronic, fuel and lubricant, packaging, textile and fiber, and wire and cable industries. Songwon Industrial Co., Ltd. was founded in 1965 and is headquartered in Ulsan, South Korea.",KRW,Materials,Materials,Chemicals,KSC,XKRX,KOSPI Stock Market,South Korea,,Ulsan,44781,http://www.songwon.com,Micro Cap,KR7004430005,,BBG000BDQG04,BBG000BDQFP9,BBG001S6JYG1,False
004440.KS,"Samil C&S Co.,Ltd","Samil C&S Co.,Ltd engages in the production of concrete pile and steel in South Korea. It offers PHC, high strength, large-diameter, and composite piles; and produces and installs steel structures, including steel bridges, SB composite girders, sluice, shipbuilding blocks, and wind equipment. The company was formerly known as Daelim C&S Co. Ltd. and changed its name to Samil C&S Co.,Ltd in September 2020. The company was founded in 1962 and is headquartered in Seoul, South Korea. As of August 31, 2020, Samil C&S Co.,Ltd operates as a subsidiary of Samil Ecostec Co.,Ltd.",KRW,Materials,Materials,Construction Materials,KSC,XKRX,KOSPI Stock Market,South Korea,,Seoul,04539,http://www.daelimcns.co.kr,Micro Cap,KR7004440004,,BBG00CFT3189,BBG000D8Y7H6,BBG001SD4BH1,False
004450.KS,"Samhwa Crown & Closure Co., Ltd","Samhwa Crown & Closure Co., Ltd manufactures and sells bottle caps used in the packaging of beverages, alcohols, and foods in South Korea and internationally. It offers crown, roll on pilfer proof, plastic, white, press on twist off, and injection caps. The company also provides metal printing services for caps. It also exports its products. The company was founded in 1965 and is headquartered in Seoul, South Korea.",KRW,Materials,Materials,Containers & Packaging,KSC,XKRX,KOSPI Stock Market,South Korea,,Seoul,,http://www.samhwacrown.com,Nano Cap,KR7004450003,,BBG000BDR7G6,BBG000BDR6T4,BBG001S6JZF9,False
004490.KS,"Sebang Global Battery Co., Ltd.","Sebang Global Battery Co., Ltd. manufactures and sells lead acid batteries in South Korea. the company offers automotive batteries; industrial batteries; and batteries for use in golf cart and electric vehicles, and electric forklift batteries. It also exports its products to approximately 130 countries. The company was formerly known as Global Battery Co., Ltd. and changed its name to Sebang Global Battery Co., Ltd. in September 2005. Sebang Global Battery Co., Ltd. was founded in 1952 and is headquartered in Seoul, South Korea.",KRW,Industrials,Capital Goods,Electrical Equipment,KSC,XKRX,KOSPI Stock Market,South Korea,,Seoul,,http://www.gbattery.com,Small Cap,KR7004490009,,BBG000BDMDZ7,BBG000BDMDM1,BBG001S6JK99,False
004540.KS,"KleanNara Co., Ltd.","KleanNara Co., Ltd. manufactures and sells paper products in South Korea. The company offers rolls, cosmetic tissues, kitchen towels, wet wipes, sanitary pads, diapers for babies and adults, jumbo rolls, hand towels, and napkins. It also provides hand sanitizer gels; industrial packaging papers for pharmaceuticals, cosmetics, household items, confectionery, and stationery; food packing papers; and special papers for transportation of refrigerated/frozen goods and heavy containers. The company also exports its products to approximately 40 countries under the White Horse and Best Coat brands. KleanNara Co., Ltd. was founded in 1966 and is headquartered in Seoul, South Korea.",KRW,Materials,Materials,Paper & Forest Products,KSC,XKRX,KOSPI Stock Market,South Korea,,Seoul,,http://www.kleannara.co.kr,Nano Cap,KR7004540001,,BBG000BDG8V9,BBG000BDG8B1,BBG001S6HH89,False
004545.KS,"KleanNara Co., Ltd.","KleanNara Co., Ltd. manufactures and sells paper products in South Korea. The company offers rolls, cosmetic tissues, kitchen towels, wet wipes, sanitary pads, diapers for babies and adults, jumbo rolls, hand towels, and napkins. It also provides hand sanitizer gels; industrial packaging papers for pharmaceuticals, cosmetics, household items, confectionery, and stationery; food packing papers; and special papers for transportation of refrigerated/frozen goods and heavy containers. The company also exports its products to approximately 40 countries under the White Horse and Best Coat brands. KleanNara Co., Ltd. was founded in 1966 and is headquartered in Seoul, South Korea.",KRW,Materials,Materials,Paper & Forest Products,KSC,XKRX,KOSPI Stock Market,South Korea,,Seoul,,http://www.kleannara.co.kr,Nano Cap,KR7004541009,,BBG000BJV457,BBG000BJV457,BBG001S7BZ56,False
004560.KS,"Hyundai Bng Steel Co., Ltd.","Hyundai Bng Steel Co., Ltd. manufactures and sells stainless steel products and automobile parts in South Korea. The company offers stainless cold rolled steel sheets; and iron/aluminum precision sand casting parts for automobiles. It serves automotive, construction, IT, and electronics industries. The company was formerly known as BNG Steel Co., Ltd. and changed its name to Hyundai Bng Steel Co., Ltd. in March 2011. Hyundai Bng Steel Co., Ltd. was founded in 1966 and is headquartered in Changwon, South Korea.",KRW,Materials,Materials,Metals & Mining,KSC,XKRX,KOSPI Stock Market,South Korea,,Changwon-Si,51707,https://www.bngsteel.com,Micro Cap,KR7004560009,,BBG000BCXQL3,BBG000BCXQL3,BBG001S6JZ96,False
004565.KS,"Hyundai Bng Steel Co., Ltd.","Hyundai Bng Steel Co., Ltd. manufactures and sells stainless steel products and automobile parts in South Korea. The company offers stainless cold rolled steel sheets; and iron/aluminum precision sand casting parts for automobiles. It serves automotive, construction, IT, and electronics industries. The company was formerly known as BNG Steel Co., Ltd. and changed its name to Hyundai Bng Steel Co., Ltd. in March 2011. Hyundai Bng Steel Co., Ltd. was founded in 1966 and is headquartered in Changwon, South Korea.",KRW,Materials,Materials,Metals & Mining,KSC,XKRX,KOSPI Stock Market,South Korea,,Changwon-Si,51707,http://www.hyundai-bngsteel.com,Micro Cap,,,,,,True
004690.KS,"Samchully Co.,Ltd","Samchully Co., Ltd. produces and supplies electric power to electricity sellers on the electric power market in Korea. It is also involved in the compressed natural gas (CNG) fueling stations for natural gas vehicles, and energy consulting businesses. In addition, the company generates and supplies electricity for heating and cooling systems. Further, the company engages in fuel cell, biogas, and renewable energy businesses. As of December 31, 2019, it supplied 3.88 billion m city gas to approximately 3.23 million households with a pipeline network of 6,341 km in 13 cities of Gyeonggi-do province, as well as in the 5 districts of Incheon, as well as operated approximately twelve CNG fueling stations. The company was formerly known as Samchully Industry Co., Ltd. and changed its name to Samchully Co., Ltd. in October 1984. Samchully Co., Ltd. was founded in 1955 and is headquartered in Seoul, South Korea.",KRW,Utilities,Utilities,Gas Utilities,KSC,XKRX,KOSPI Stock Market,South Korea,,Seoul,07328,http://www.samchully.co.kr,Small Cap,KR7004690004,,BBG000BNN2C3,BBG000BNN224,BBG001S8NJ48,False
004700.KS,"Chokwang Leather Co.,Ltd.","Chokwang Leather Co.,Ltd. manufactures and sells leather products in South Korea. It offers automotive leather products, such as seat covers, head rests, arm rests, steering wheels, knobs, door trims, and dash boards; fashion leather products, including MC type, full grain, shrunken, vegetable tanned, oil type, corrected grain, embossed grain, and cow and waterproof leather products, as well as shoes, handbags, wallets, belts, etc.; and furniture. The company supplies its products to motors and car makers. Chokwang Leather Co.,Ltd. was founded in 1936 and is headquartered in Cheongju, South Korea.",KRW,Consumer Discretionary,Automobiles & Components,Auto Components,KSC,XKRX,KOSPI Stock Market,South Korea,,Cheongju,,http://www.chokwang.co.kr,Micro Cap,KR7004700001,,BBG000BD1YR3,BBG000BD1Y75,BBG001S6DJ70,False
004710.KS,"Hansol Technics Co., LTD.","Hansol Technics Co., LTD. manufactures and sells electronic components and materials in South Korea and internationally. The company offers digital systems, such as televisions and DID/applied products; and power systems, such as inverters, converters, switch mode power supply products, automotive, solar inverters, and home appliances. It also provides light emitting diode (LED) sapphire materials, including ingot and wafer products; solar modules and silicon ingot/wafer technology products; and LED lighting products. The company was formerly known as Hansol LCD Inc. and changed its name to Hansol Technics Co., LTD. in December 2010. Hansol Technics Co., LTD. was founded in 1995 and is headquartered in Seoul, South Korea.",KRW,Information Technology,Technology Hardware & Equipment,"Electronic Equipment, Instruments & Components",KSC,XKRX,KOSPI Stock Market,South Korea,,Seoul,,http://www.hansoltechnics.com,Small Cap,KR7004710000,,BBG000BFXHX3,BBG000BFXH72,BBG001S6TCZ7,False
004720.KS,PharmGen Science Inc.,"PharmGen Science, Inc. engages in the research and development, production, and sale of pharmaceutical products in South Korea. It offers prescription drugs, OTC drugs, health food, and cosmetics. It offers its products in the form of tablet, hard capsule, granule and ointment, syrups, and suspension forms. The company was formerly known as Wooridul Pharmaceutical Limited and changed its name to PharmGen Science, Inc. PharmGen Science, Inc. was founded in 1961 and is headquartered in Hwaseong, South Korea.",KRW,Health Care,"Pharmaceuticals, Biotechnology & Life Sciences",Pharmaceuticals,KSC,XKRX,KOSPI Stock Market,South Korea,,Hwaseong-si,,http://www.wooridulpharm.com,Nano Cap,KR7004720009,,BBG000BGYH51,BBG000BGYGX2,BBG001S71TM2,False
004770.KS,Sunny Electronics Corp.,"Sunny Electronics Corp. is a company listed on the KOSPI Stock Market under the ticker 004770. It operates in the Electronic Equipment, Instruments & Components industry within the Information Technology sector. The company is headquartered in Chungju, South Korea.",KRW,Information Technology,Technology Hardware & Equipment,"Electronic Equipment, Instruments & Components",KSC,XKRX,KOSPI Stock Market,South Korea,,Chungju,27300,https://www.sunny.co.kr,Nano Cap,KR7004770004,,BBG000BDRM28,BBG000BDRM28,BBG001S6K0B8,False
004800.KS,Hyosung Corporation,"Hyosung Corporation engages in the textile, trading, power and industrial system, industrial material, chemical, and information and communication businesses. It manufactures spandex, polyester and nylon yarns, and dyed products; fabrics for general apparel, workwear, and industrial purposes; exports steel and metal products; trades in chemicals; provides LED lighting and application products for household, industrial, and commercial purposes; and engages in warehousing and storage, and logistics activities. The company also offers transformers, shunt reactors, switchgears, and STATCOM and high voltage direct current transmission products; turnkey solutions; condition monitoring systems; asset health management solutions; power system maintenance and automation, and process automation solutions; motors and generators; energy storage systems, solar inverters and EPC products, and wind turbines; chemical equipment, filling stations, industrial gas supplying systems, gear boxes, geared motors, special gear units, pumps, desalination systems, and welding machines. In addition, the company engages in civil engineering, construction, and residential development activities. Further, it provides yarns, textiles, and cord materials for use in automobiles, civil engineering and construction, agriculture, military, etc.; polypropylene under the TOPILENE brand, purified terephthalic acid, nylon and polyester films, nitrogen trifluoride, F2/N2 mixture, optical films, polyketone under the POKETONE brand, and fluorine gas. Additionally, it provides hardware and software ICT services; and business solutions to IT services and contact center, as well as manufactures LED display systems, construction landscape lighting, and LED lighting equipment; and operates a financial platform. Hyosung Corporation was founded in 1966 and is based in Seoul, South Korea.",KRW,Industrials,Capital Goods,Industrial Conglomerates,KSC,XKRX,KOSPI Stock Market,South Korea,,Seoul,04144,http://www.hyosung.com,Small Cap,KR7004800009,,BBG000BCL541,BBG000BCL462,BBG001S6D801,False
004830.KS,"Duksung Co., Ltd.","Duksung Co., Ltd. produces and sells synthetic leathers in South Korea. It offers artificial leathers, synthetic resins, materials for cosmetics, polishing pads, textiles, wet dressing products, and intermediate organic material products for OLEDs. The company was formerly known as Duksung Chemical Industry Co. and changed its name to Duksung Co., Ltd. in March 2000. Duksung Co., Ltd. was founded in 1966 and is headquartered in Suwon, South Korea.",KRW,Consumer Discretionary,Consumer Durables & Apparel,"Textiles, Apparel & Luxury Goods",KSC,XKRX,KOSPI Stock Market,South Korea,,Suwon-si,16677,http://www.duksung21.com,Nano Cap,KR7004830006,,BBG000BDHGN9,BBG000BDHG59,BBG001S6HNS4,False
004835.KS,"Duksung Co., Ltd.","Duksung Co., Ltd. produces and sells synthetic leathers in South Korea. It offers artificial leathers, synthetic resins, materials for cosmetics, polishing pads, textiles, wet dressing products, and intermediate organic material products for OLEDs. The company was formerly known as Duksung Chemical Industry Co. and changed its name to Duksung Co., Ltd. in March 2000. Duksung Co., Ltd. was founded in 1966 and is headquartered in Suwon, South Korea.",KRW,Consumer Discretionary,Consumer Durables & Apparel,"Textiles, Apparel & Luxury Goods",KSC,XKRX,KOSPI Stock Market,South Korea,,Suwon-si,16677,http://www.duksung21.com,Nano Cap,KR7004831004,,BBG000BJW3N8,BBG000BJW3N8,BBG001S7C249,False
004840.KS,"DRB Holding Co., Ltd.","DRB Holding Co., Ltd. is a company listed on the KOSPI Stock Market under the ticker 004840. It operates in the Auto Components industry within the Consumer Discretionary sector. The company is headquartered in Busan, South Korea.",KRW,Consumer Discretionary,Automobiles & Components,Auto Components,KSC,XKRX,KOSPI Stock Market,South Korea,,Busan,,https://www.drbworld.com,Micro Cap,KR7004840005,,BBG000BDV9K2,BBG000BDV9K2,BBG001S6K509,False
004870.KS,Tway Holdings Incorporation,"Tway Holdings Incorporation manufactures and sells construction materials, ready-mixed concrete and piles, aggregates, and brick blocks. The company also purchases, refurbishes, sells, and distributes used semiconductor equipment; produces and sells in-flight meals, and in-flight and travel goods; and manufactures and distributes semiconductors and other electronic components, such as IoT modules, Wi-Fi modules, and memory ICs, as well as distributes general parts used in corporate computers, personal PCs, and gaming computers. In addition, it provides consignment and agency services related to aviation; and semiconductor packaging service. The company was formerly known as pocketgamez Inc. and changed its name to Tway Holdings Incorporation in April 2013. Tway Holdings Incorporation was founded in 1945 and is headquartered in Seoul, South Korea. Tway Holdings Incorporation is a subsidiary of YeaRimDang Publishing Co., Ltd.",KRW,Materials,Materials,Construction Materials,KSC,XKRX,KOSPI Stock Market,South Korea,,Seoul,,http://www.twayholdings.com,Nano Cap,KR7004870002,,BBG000HBBW30,BBG000HBBW30,BBG001S97893,False
004890.KS,"Dongil Industries Co.,Ltd.","Dongil Industries Co.,Ltd. is a company listed on the KOSPI Stock Market under the ticker 004890. It operates in the Metals & Mining industry within the Materials sector. The company is headquartered in Pohang, South Korea.",KRW,Materials,Materials,Metals & Mining,KSC,XKRX,KOSPI Stock Market,South Korea,,Pohang,,https://www.dongil.co.kr,Micro Cap,KR7004890000,,BBG000DXNSQ7,BBG000DXNSQ7,BBG001SJS3L5,False
004910.KS,"Chokwang Paint Co., Ltd.","Chokwang Paint Co., Ltd. manufactures and sells paints and chemicals in South Korea and internationally. It offers architectural, floor and waterproofing, heavy duty, industrial, wood, plastic, and UV curing paints; powder coatings, adhesives, electronic materials, and car maintenance products; and energy saving products. The company was founded in 1947 and is headquartered in Busan, South Korea.",KRW,Materials,Materials,Chemicals,KSC,XKRX,KOSPI Stock Market,South Korea,,Busan,46909,http://www.chokwangpaint.co.kr,Nano Cap,KR7004910006,,BBG000BDF902,BBG000BDF8N9,BBG001S6HFT0,False
004920.KS,"CITECH Co., Ltd.","CITECH Co., Ltd. provides automatic document issuer and kiosk systems in South Korea. It offers certificate and ticket issuance, kiosk management, order management, DID, and smart care systems. The company was formerly known as Sam Yung Holdings Co., Ltd. and changed its name to CITECH Co., Ltd. in April 2015. CITECH Co., Ltd. was founded in 1967 and is based in Seoul, South Korea.",KRW,Information Technology,Software & Services,IT Services,KSC,XKRX,KOSPI Stock Market,South Korea,,Seoul,,http://www.citech.kr,Nano Cap,KR7004920005,,BBG000BGVBM8,BBG000BGVB66,BBG001S71MZ3,False
004960.KS,"HANSHIN Engineering & Construction Co., Ltd.","HANSHIN Engineering & Construction Co., Ltd. operates as a general construction company in South Korea and internationally. The company constructs housings works, which include apartments; building works; civil works; electricity/plant works; and various projects, including residential houses, office buildings, mixed-use complexes, sports centers, highways, etc. HANSHIN Engineering & Construction Co., Ltd. was founded in 1950 and is headquartered in Yongin, South Korea.",KRW,Industrials,Capital Goods,Construction & Engineering,KSC,XKRX,KOSPI Stock Market,South Korea,,Yongin-Si,17172,http://www.hanshinc.com,Micro Cap,KR7004960001,,BBG000BCV032,BBG000BCV032,BBG001S6JJF5,False
004970.KS,"Silla Co.,Ltd","Silla Co.,Ltd engages in the deep-sea fishery business in South Korea. It catches tuna; sells stainless and carbon alloy steel products, such as wire rods, wires, coils, and steel bars; operates Silla Darangwon, a Japanese Style restaurant; and processes seafood. The company was founded in 1967 and is headquartered in Seoul, South Korea.",KRW,Consumer Staples,"Food, Beverage & Tobacco",Food Products,KSC,XKRX,KOSPI Stock Market,South Korea,,Seoul,,http://www.sla.co.kr,Micro Cap,KR7004970000,,BBG000BD1DK6,BBG000BD1D62,BBG001S6DC75,False
004980.KS,"Sungshin Cement Co., Ltd","Sungshin Cement Co., Ltd manufactures and sells cement and ready mixed concrete products in South Korea and internationally. The company was formerly known as Sungshin Cement Manufacturing Co., Ltd. Sungshin Cement Co., Ltd was founded in 1967 and is headquartered in Seoul, South Korea.",KRW,Materials,Materials,Construction Materials,KSC,XKRX,KOSPI Stock Market,South Korea,,Seoul,,http://www.sungshincement.co.kr,Micro Cap,KR7004980009,,BBG000BDQXW2,BBG000BDQXK5,BBG001S6JZ23,False
004985.KS,"Sungshin Cement Co., Ltd","Sungshin Cement Co., Ltd manufactures and sells cement and ready mixed concrete products in South Korea and internationally. The company was formerly known as Sungshin Cement Manufacturing Co., Ltd. Sungshin Cement Co., Ltd was founded in 1967 and is headquartered in Seoul, South Korea.",KRW,Materials,Materials,Construction Materials,KSC,XKRX,KOSPI Stock Market,South Korea,,Seoul,,http://www.sungshincement.co.kr,Micro Cap,KR7004981007,,BBG000BJW090,BBG000BJW090,BBG001S6QBC7,False
004990.KS,LOTTE Corporation,"LOTTE Corporation engages in the food, retail, tourism, chemical, construction, and finance businesses worldwide. It offers candies, biscuits, ice cream, beverages, liquor, and coffee; manufactures, wholesales, and retails soft drinks; produces and sells dairy products, and processed milk and meat products; and produces and sells alcoholic beverages, including soju, beer, whiskey, wine, and refined rice wine. The company also operates department stores, hypermarkets, supermarkets, discount stores, convenience stores, health and beauty stores, home shopping networks, and duty free shops; retails apparel; wholesales and sells consumer electronics; and offers integrated membership and easy payment services. In addition, it manufactures and sells processed aluminium, soft packaging materials, beverage cans, and PET bottles; offers synthetic resins, synthetic textiles, and by-products; manufactures and sells office equipment, medical devices, network cameras, etc.; constructs and manages golf courses; and provides amusement park services. Further, the company engages in car rental and equipment rental, resort condominium, tourist hotel, and social welfare businesses; provides lease financing, and corporate and individual loans; owns a professional baseball team; offers electronic financial services and education consulting services. LOTTE Corporation was formerly known as Lotte Confectionery Co. Ltd. and changed its name to LOTTE Corporation in October 2017. The company was founded in 1967 and is headquartered in Seoul, South Korea.",KRW,Consumer Staples,"Food, Beverage & Tobacco",Food Products,KSC,XKRX,KOSPI Stock Market,South Korea,,Seoul,,http://www.lotte.co.kr,Small Cap,KR7004990008,,BBG000BD1P01,BBG000BD1NP9,BBG001S6DG67,False
00499K.KS,LOTTE Corporation,"LOTTE Corporation engages in the food, retail, tourism, chemical, construction, and finance businesses worldwide. It offers candies, biscuits, ice cream, beverages, liquor, and coffee; manufactures, wholesales, and retails soft drinks; produces and sells dairy products, and processed milk and meat products; and produces and sells alcoholic beverages, including soju, beer, whiskey, wine, and refined rice wine. The company also operates department stores, hypermarkets, supermarkets, discount stores, convenience stores, health and beauty stores, home shopping networks, and duty free shops; retails apparel; wholesales and sells consumer electronics; and offers integrated membership and easy payment services. In addition, it manufactures and sells processed aluminium, soft packaging materials, beverage cans, and PET bottles; offers synthetic resins, synthetic textiles, and by-products; manufactures and sells office equipment, medical devices, network cameras, etc.; constructs and manages golf courses; and provides amusement park services. Further, the company engages in car rental and equipment rental, resort condominium, tourist hotel, and social welfare businesses; provides lease financing, and corporate and individual loans; owns a professional baseball team; offers electronic financial services and education consulting services. LOTTE Corporation was formerly known as Lotte Confectionery Co. Ltd. and changed its name to LOTTE Corporation in October 2017. The company was founded in 1967 and is headquartered in Seoul, South Korea.",KRW,Consumer Staples,"Food, Beverage & Tobacco",Food Products,KSC,XKRX,KOSPI Stock Market,South Korea,,Seoul,,http://www.lotte.co.kr,Small Cap,KR700499K014,,BBG00GP2P0Y7,BBG00GP2P0Y7,BBG00GP2P120,False
005010.KS,"Husteel Co., Ltd.","Husteel Co., Ltd. manufactures and sells various steel pipe products. The company offers pipes for general purpose; E.R.W. steel boilers and superheater tubes; E.R.W. heat-exchangers and condenser tubes; steel pipe piles; plain end steel tubes for welding or screwing; steel tubes for structural purpose; steel water-well pipes; steel pipes for fire protection use; line pipes; casings and tubings; rigid steel conduits; electrical rigid metal conduits; and steel tubes. It also provides steel pipes for pressure service, ordinary piping, boiler and heat exchanger, and general structural purpose; steel square pipes for general structural purpose; cold formed welded structural hollow section; welded steel tubes for pressure purposes; and carbon steel pipes for fuel gas piping. The company was formerly known as SHINHO STEEL Co., Ltd. and changed its name to Husteel Co., Ltd. in March 2002. Husteel Co., Ltd. was founded in 1967 and is headquartered in Seoul, South Korea.",KRW,Materials,Materials,Metals & Mining,KSC,XKRX,KOSPI Stock Market,South Korea,,Seoul,06179,http://www.husteel.com,Micro Cap,KR7005010004,,BBG000BCXNL0,BBG000BCXN85,BBG001S6JZ69,False
005030.KS,"Pusan Cast Iron Co., Ltd.","Pusan Cast Iron Co., Ltd. manufactures and sells automobile components for various OEM customers in South Korea. The company offers knuckles, carriers, cases, crank shafts, HSGs, base assemblies, saddle lowers, hubs, drums, cam shafts, caliper housings and discs, brake bridges and spiders, hub wheels, brake frames, bearing caps, and pot calipers. It also focuses on renewable energy business. The company also exports its products internationally. Pusan Cast Iron Co., Ltd. was founded in 1967 and is headquartered in Busan, South Korea.",KRW,Consumer Discretionary,Automobiles & Components,Auto Components,KSC,XKRX,KOSPI Stock Market,South Korea,,Busan,,http://www.pci21c.com,Nano Cap,KR7005030002,,BBG000BFM6C2,BBG000BFM632,BBG001S6PWG8,True
005070.KS,"Cosmo Advanced Materials & Technology Co., Ltd.","Cosmo Advanced Materials & Technology Co., Ltd. is a company listed on the KOSPI Stock Market under the ticker 005070. It operates in the Chemicals industry within the Materials sector. The company is headquartered in Chungju-si, South Korea.",KRW,Materials,Materials,Chemicals,KSC,XKRX,KOSPI Stock Market,South Korea,,Chungju-si,,https://www.cosmoamt.com,Small Cap,KR7005070008,,BBG000BCXF28,BBG000BCXF28,BBG001S6JY99,False
005090.KS,"SGC Energy Co.,Ltd.","SGC Energy Co.,Ltd. is a company listed on the KOSPI Stock Market under the ticker 005090. It operates in the Electric Utilities industry within the Utilities sector. The company is headquartered in Gunsan-si, South Korea.",KRW,Utilities,Utilities,Electric Utilities,KSC,XKRX,KOSPI Stock Market,South Korea,,Gunsan-si,54007,https://www.sgcenergy.co.kr,Small Cap,KR7005090006,,BBG000BJZSQ7,BBG000BJZSQ7,BBG001S7CBX7,False
005110.KS,Hanchang Corporation,"Hanchang Corporation engages in fire prevention, hotel management, and property development business. The company engages in real estate development activities; producing, marketing, and distributing drama and cultural contents; and manufactures and markets gas-based fire protection and suppression systems. It also manages Ramada Seoul Namdaemun Hotel & Suites, a hotel in Seoul, as well as Park Place, a residential complex with 61 units; international ferry services; and business to business electronic settlement brokerage services platform, including electronic payment, collateral electronic payment, electronic tax form filing system services, and other services. The company was formerly known as Hanchang Textile Corporation and changed its name to Hanchang Corporation in 1984. Hanchang Corporation was founded in 1967 and is headquartered in Busan, South Korea.",KRW,Industrials,Capital Goods,Industrial Conglomerates,KSC,XKRX,KOSPI Stock Market,South Korea,,Busan,,http://www.hanchang.co.kr,Nano Cap,KR7005110002,,BBG000BNM877,BBG000BNM877,BBG001S8ND50,False
005180.KS,"Binggrae Co., Ltd.","Binggrae Co., Ltd. produces and distributes various refrigerated and frozen products in South Korea. It offers ice cream, milk drinks/cheese, fermented milk, coffee/beverages, and snacks/desserts under various brands. The company also exports its products. It operates stores under the name of Soft Lab and Yellow Café. The company was formerly known as Daeil Co., Ltd. and changed its name to Binggrae Co., Ltd. in February 1982. Binggrae Co., Ltd. was founded in 1967 and is headquartered in Namyangju, South Korea.",KRW,Consumer Staples,"Food, Beverage & Tobacco",Food Products,KSC,XKRX,KOSPI Stock Market,South Korea,,Namyangju-Si,,http://www.bing.co.kr,Small Cap,KR7005180005,,BBG000BDDXB9,BBG000BDDWL0,BBG001S6HDR7,False
005250.KS,GC Corp.,"GC Corp. is a company listed on the KOSPI Stock Market under the ticker 005250. It operates in the Biotechnology industry within the Health Care sector. The company is headquartered in Yongin, South Korea.",KRW,Health Care,"Pharmaceuticals, Biotechnology & Life Sciences",Biotechnology,KSC,XKRX,KOSPI Stock Market,South Korea,,Yongin,16924,https://www.gccorp.com,Small Cap,KR7005250006,,BBG000BDQK87,BBG000BDQK87,BBG001S6JYQ0,False
005257.KS,GC Corp.,"GC Corp. is a company listed on the KOSPI Stock Market under the ticker 005257. It operates in the Pharmaceuticals industry within the Health Care sector. The company is headquartered in Yongin-Si, South Korea.",KRW,Health Care,"Pharmaceuticals, Biotechnology & Life Sciences",Pharmaceuticals,KSC,XKRX,KOSPI Stock Market,South Korea,,Yongin-Si,16924,https://www.gcbiopharma.com,Small Cap,KR7005252002,,BBG000BNM9G5,BBG000BNM9G5,BBG001S8ND69,False
005300.KS,"Lotte Chilsung Beverage Co.,Ltd.","Lotte Chilsung Beverage Co.,Ltd. produces and sells beverages in South Korea. The company offers carbonated beverages, juices, coffee, tea, and spring water, as well as alcoholic beverages, such as soju and beer. It exports its products into Russia, China, Southeast Asia, and Latin America. Lotte Chilsung Beverage Co.,Ltd. was founded in 1950 and is headquartered in Seoul, South Korea.",KRW,Consumer Staples,"Food, Beverage & Tobacco",Beverages,KSC,XKRX,KOSPI Stock Market,South Korea,,Seoul,,http://www.lottechilsung.co.kr,Small Cap,KR7005300009,,BBG000BDPR92,BBG000BDPR29,BBG001S6JX73,False
005305.KS,"Lotte Chilsung Beverage Co.,Ltd.","Lotte Chilsung Beverage Co.,Ltd. produces and sells beverages in South Korea. The company offers carbonated beverages, juices, coffee, tea, and spring water, as well as alcoholic beverages, such as soju and beer. It exports its products into Russia, China, Southeast Asia, and Latin America. Lotte Chilsung Beverage Co.,Ltd. was founded in 1950 and is headquartered in Seoul, South Korea.",KRW,Consumer Staples,"Food, Beverage & Tobacco",Beverages,KSC,XKRX,KOSPI Stock Market,South Korea,,Seoul,,http://www.lottechilsung.co.kr,Small Cap,KR7005301007,,BBG000BJSPK7,BBG000BJSPK7,BBG001S7BWV4,False
005320.KS,ONTIDE Corp.,"ONTIDE Corp., women, and children in South Korea. It also offers workwear; activewear, such as training wear, golf wear, and fitness wear; lounge wear, including home wear, room wear, sleep wear, and night gown; and fashion wear. The company also exports its products in the United States, the European Union, and Chile. Kukdong Corporation was founded in 1967 and is based in Seoul, South Korea.",KRW,Consumer Discretionary,Consumer Durables & Apparel,"Textiles, Apparel & Luxury Goods",KSC,XKRX,KOSPI Stock Market,South Korea,,Seoul,,http://www.kd.co.kr,Nano Cap,KR7005320007,,BBG000HTNQT3,BBG000HTNQT3,BBG001S9DWQ4,False
005360.KS,"Monami Co., Ltd.","Monami Co., Ltd. manufactures and sells stationery products in South Korea and internationally. The company offers pens, pencil, markers, highlighters, and artist's materials, as well as miscellaneous, such as eraser, glue stick, white clean, correction tape, and white board cleaner. Monami Co., Ltd. was founded in 1960 and is headquartered in Yongin-Si, South Korea.",KRW,Consumer Discretionary,Retailing,Specialty Retail,KSC,XKRX,KOSPI Stock Market,South Korea,,Yongin-Si,,http://www.monami.com,Nano Cap,KR7005360003,,BBG000BH36W7,BBG000BH3666,BBG001S727R4,False
005380.KS,Hyundai Motor Company,"Hyundai Motor Company, together with its subsidiaries, manufactures and distributes motor vehicles and parts. It operates through Vehicle, Finance, and Others segments. The company offers cars under the Azera, Sonata, Veloster, Veloster N, i30 Fastback N, i30 N, i30, Elantra, Accent, i20, and i10 names; and SUVs under the Palisade, Santa Fe, Tucson, Creta, Kona, and Venue names. It also provides commercial vehicles under the H-1 and H-100 names; and eco vehicles under the IONIQ 5, NEXO, Santa Fe Hybrid/Plug-in Hybrid, Tucson Hybrid, KONA Electric, Elantra Hybrid, IONIQ Plug-in Hybrid, IONIQ Electric, IONIQ Electric, and i30 Hybrid names. In addition, the company offers trucks, buses, vans, and engines; vehicle financing, credit card processing, marketing, engineering, mobility, and insurance services; and train manufacturing services, as well as operates a football club. Further, it is involved in real estate development; research and development; and investment activities. The company was incorporated in 1967 and is headquartered in Seoul, South Korea.",KRW,Consumer Discretionary,Automobiles & Components,Automobiles,KSC,XKRX,KOSPI Stock Market,South Korea,,Seoul,,http://www.hyundai.com/worldwide/en,Large Cap,KR7005380001,,BBG000BCVFG5,BBG000BCVDK5,BBG001S6JKB6,False
005385.KS,Hyundai Motor Company,"Hyundai Motor Company, together with its subsidiaries, manufactures and distributes motor vehicles and parts. It operates through Vehicle, Finance, and Others segments. The company offers cars under the Azera, Sonata, Veloster, Veloster N, i30 Fastback N, i30 N, i30, Elantra, Accent, i20, and i10 names; and SUVs under the Palisade, Santa Fe, Tucson, Creta, Kona, and Venue names. It also provides commercial vehicles under the H-1 and H-100 names; and eco vehicles under the IONIQ 5, NEXO, Santa Fe Hybrid/Plug-in Hybrid, Tucson Hybrid, KONA Electric, Elantra Hybrid, IONIQ Plug-in Hybrid, IONIQ Electric, IONIQ Electric, and i30 Hybrid names. In addition, the company offers trucks, buses, vans, and engines; vehicle financing, credit card processing, marketing, engineering, mobility, and insurance services; and train manufacturing services, as well as operates a football club. Further, it is involved in real estate development; research and development; and investment activities. The company was incorporated in 1967 and is headquartered in Seoul, South Korea.",KRW,Consumer Discretionary,Automobiles & Components,Automobiles,KSC,XKRX,KOSPI Stock Market,South Korea,,Seoul,,https://www.hyundai.com/worldwide,Large Cap,KR7005381009,,BBG000BGF923,BBG000BGF923,BBG001S74Y20,False
005387.KS,Hyundai Motor Company,"Hyundai Motor Company, together with its subsidiaries, manufactures and distributes motor vehicles and parts. It operates through Vehicle, Finance, and Others segments. The company offers cars under the Azera, Sonata, Veloster, Veloster N, i30 Fastback N, i30 N, i30, Elantra, Accent, i20, and i10 names; and SUVs under the Palisade, Santa Fe, Tucson, Creta, Kona, and Venue names. It also provides commercial vehicles under the H-1 and H-100 names; and eco vehicles under the IONIQ 5, NEXO, Santa Fe Hybrid/Plug-in Hybrid, Tucson Hybrid, KONA Electric, Elantra Hybrid, IONIQ Plug-in Hybrid, IONIQ Electric, IONIQ Electric, and i30 Hybrid names. In addition, the company offers trucks, buses, vans, and engines; vehicle financing, credit card processing, marketing, engineering, mobility, and insurance services; and train manufacturing services, as well as operates a football club. Further, it is involved in real estate development; research and development; and investment activities. The company was incorporated in 1967 and is headquartered in Seoul, South Korea.",KRW,Consumer Discretionary,Automobiles & Components,Automobiles,KSC,XKRX,KOSPI Stock Market,South Korea,,Seoul,,https://www.hyundai.com/worldwide,Large Cap,KR7005382007,,BBG000BN7VB8,BBG000BN7VB8,BBG001SC7182,False
005389.KS,Hyundai Motor Company,"Hyundai Motor Company, together with its subsidiaries, manufactures and distributes motor vehicles and parts. It operates through Vehicle, Finance, and Others segments. The company offers cars under the Azera, Sonata, Veloster, Veloster N, i30 Fastback N, i30 N, i30, Elantra, Accent, i20, and i10 names; and SUVs under the Palisade, Santa Fe, Tucson, Creta, Kona, and Venue names. It also provides commercial vehicles under the H-1 and H-100 names; and eco vehicles under the IONIQ 5, NEXO, Santa Fe Hybrid/Plug-in Hybrid, Tucson Hybrid, KONA Electric, Elantra Hybrid, IONIQ Plug-in Hybrid, IONIQ Electric, IONIQ Electric, and i30 Hybrid names. In addition, the company offers trucks, buses, vans, and engines; vehicle financing, credit card processing, marketing, engineering, mobility, and insurance services; and train manufacturing services, as well as operates a football club. Further, it is involved in real estate development; research and development; and investment activities. The company was incorporated in 1967 and is headquartered in Seoul, South Korea.",KRW,Consumer Discretionary,Automobiles & Components,Automobiles,KSC,XKRX,KOSPI Stock Market,South Korea,,Seoul,,http://www.hyundai.com/worldwide/en,Large Cap,KR7005383005,,BBG000BJCPD2,BBG000BJCPD2,BBG001S7HFS9,False
005390.KS,"Shinsung Tongsang Co., Ltd.","Shinsung Tongsang Co., Ltd. manufactures, distributes, and sells fashion products in Korea. The company also exports fibers and clothes of various brands, including UNIONBAY, OLZEN, ZIOZIA, TOPTEN10, AND Z, and Edition through its sales network, such as branch retail stores, department stores, and discount stores. In addition, it operates RICHMART, a local community-based discount store. The company was founded in 1968 and is headquartered in Seoul, South Korea.",KRW,Consumer Discretionary,Consumer Durables & Apparel,"Textiles, Apparel & Luxury Goods",KSC,XKRX,KOSPI Stock Market,South Korea,,Seoul,,http://www.ssts.co.kr,Small Cap,KR7005390000,,BBG000BDSL56,BBG000BDSKL0,BBG001S6K1V4,True
005420.KS,"Cosmo Chemical Co., Ltd.","Cosmo Chemical Co., Ltd. is a company listed on the KOSPI Stock Market under the ticker 005420. It operates in the Chemicals industry within the Materials sector. The company is headquartered in Seoul, South Korea.",KRW,Materials,Materials,Chemicals,KSC,XKRX,KOSPI Stock Market,South Korea,,Seoul,,https://www.cosmochem.co.kr,Small Cap,KR7005420005,,BBG000BDLZ70,BBG000BDLZ70,BBG001S6JJT0,False
005430.KS,"Korea Airport Service Co.,Ltd.","Korea Airport Service Co.,Ltd. is a company listed on the KOSPI Stock Market under the ticker 005430. It operates in the Transportation industry within the Industrials sector. The company is headquartered in Seoul, South Korea.",KRW,Industrials,Transportation,Transportation Infrastructure,KSC,XKRX,KOSPI Stock Market,South Korea,,Seoul,04511,https://www.kas.co.kr,Micro Cap,KR7005430004,,BBG000BCL667,BBG000BCL667,BBG001S6DC20,False
005440.KS,"Hyundai G.F. Holdings Co., Ltd.","Hyundai G.F. Holdings Co., Ltd. is a company listed on the KOSPI Stock Market under the ticker 005440. It operates in the Food & Staples Retailing industry within the Consumer Staples sector. The company is headquartered in Seoul, South Korea.",KRW,Consumer Staples,Food & Staples Retailing,Food & Staples Retailing,KSC,XKRX,KOSPI Stock Market,South Korea,,Seoul,16827,http://www.ehyundai.com,Small Cap,KR7005440003,,BBG000BG7QY9,BBG000BG7QY9,BBG001S72B31,False
005490.KS,POSCO Holdings Inc.,"POSCO, together with its subsidiaries, manufactures and sells steel rolled products and plates in South Korea and internationally. It operates through four segments: Steel, Construction, Trading, and Others. The company offers hot and cold rolled steel, stainless steel, plates, wire rods, and silicon steel sheets. It also plans, designs, and constructs industrial plants, civil engineering projects, and commercial and residential buildings; exports and imports steel products and raw materials; and generates electricity; produces gas and refuse derived fuel, as well as provides network and system integration, and logistics services. In addition, the company is involved in the engineering and construction; computer hardware and software distribution; economic research and consulting; business facility maintenance; architecture and consulting; investment in venture, energy, and bio tech industries; electronic commerce; intellectual property services and consulting; refractories and quicklime manufacturing and sales; transporting and warehousing; real estate development, rental, sale, and management; house and train manufacturing and management; and education and real estate business. Further, it engages in the resource development; mine development; business facility maintenance; fuel cell; iron ore and coal sales; and cargo handling business, as well as operates housing business agency. Additionally, the company manufactures and sells coated, and anode material. It also engages in loading and unloading; IT service and DVR; electric control engineering; forest resources development; refractory materials sales and furnace maintenance; rice processing; grain sales; packing materials manufacturing; and social enterprise businesses. POSCO was incorporated in 1968 and is headquartered in Pohang, South Korea.",KRW,Materials,Materials,Metals & Mining,KSC,XKRX,KOSPI Stock Market,South Korea,,Pohang,21998,http://www.posco.com,Large Cap,KR7005490008,,BBG000BDVH79,BBG000BDVH79,BBG001S6K581,False
005500.KS,"Samjin Pharmaceuticals Co., Ltd.","Samjin Pharmaceuticals Co., Ltd. engages in the research and development of pharmaceutical products in Korea. The company's products include SA001, a clinical Phase II product for the treatment of dry eye syndrome; SJ-3366 for HIV that is in preclinical/clinical stage; and SJ-3902, SJP1601, SJP1604, SJP1803/1804, and SJP004, which are preclinical stage products for the treatment of cancer, AMD, and CNS disorders. Its products also comprise SJP1602, SJP1610, SJP1702, SJP1801, and SJP005 that are in biological testing stage for the treatment of cancer, RA, diabetes, and Alzheimer's; and SJP003, which is in clinical stage for the treatment of anti-coagulation disease. The company was founded in 1968 and is headquartered in Seoul, Korea.",KRW,Health Care,"Pharmaceuticals, Biotechnology & Life Sciences",Pharmaceuticals,KSC,XKRX,KOSPI Stock Market,South Korea,,Seoul,04054,http://www.samjinpharm.co.kr,Micro Cap,KR7005500004,,BBG000BDVF73,BBG000BDVDW0,BBG001S6K554,False
005610.KS,"SPC Samlip Co., Ltd.","SPC Samlip Co., Ltd. provides various food products in South Korea. It offers rice cakes, sandwiches, wheat flour, breads, sweets, noodles, frozen dumplings and pizza, bread crumbs, Jerry Po, eggs, dairy products, bottled water, ice creams, snacks, fruit products, ham, meat products, bacons, and sausages, as well as convenience and ready-to-eat food. The company provides its products under the SPC Samlip, Debt, Ta pio, Leopie, Minda Won, Grik Schwein, A snowy pasture, Egg Palm, Sanuki Borle, and Petrefomie brands. The company was formerly known as Samlip General Foods Co., Ltd. and changed its name to SPC Samlip Co., Ltd. in November 2016. The company was founded in 1945 and is based in Seoul, South Korea. Samlip Co., Ltd. is a subsidiary of SPC Group.",KRW,Consumer Staples,"Food, Beverage & Tobacco",Food Products,KSC,XKRX,KOSPI Stock Market,South Korea,,Seoul,137-887,http://www.spcsamlip.co.kr,Micro Cap,KR7005610001,,BBG000BD36X5,BBG000BD36X5,BBG001S6DRF3,False
005680.KS,"Samyoung Electronics Co., Ltd","Samyoung Electronics Co., Ltd. develops and sells electrolytic capacitors primarily in South Korea. The company offers surface mount, miniature aluminum, large sized aluminum, and aluminum solid electrolytic capacitors, as well as aluminum electrolytic capacitors. It also provides etched formed foils for low, intermediate, and high voltage use. The company was founded in 1968 and is based in Seongnam, South Korea.",KRW,Information Technology,Technology Hardware & Equipment,"Electronic Equipment, Instruments & Components",KSC,XKRX,KOSPI Stock Market,South Korea,,Seongnam-si,13209,http://www.samyoung.co.kr,Micro Cap,KR7005680004,,BBG000BHPMF7,BBG000BHPMF7,BBG001S75KR2,False
005690.KS,"Pharmicell Co., Ltd.","Pharmicell Co., Ltd., a biopharmaceutical company, develops and sells stem cell drugs in South Korea and internationally. The company operates in Biopharmaceutical Business and Biochemical Business divisions. It offers Cellgram_AMI that is manufactured using autologous bone marrow-derived mesenchymal stem cell to enhance the ejection fraction in patients with acute myocardial infarction reperfused by coronary angioplasty. The company's products under development include Cellgram_LC, a liver disease drug; Cellgram_ED for treating impotence; and Cellgram_DC, a cancer drug. It also develops and produces intermediates of raw material medicines, such as nucleosides, mPEGs, and HDP-tosylates; and phosphorus-based flame retardants. In addition, the company operates Twelve, a stem cell bank; develops and sells stem cell culture media cosmetics; and distributes various experimental materials related to stem cells, including cell culture medium. Pharmicell Co., Ltd. was founded in 2002 and is headquartered in Seoul, South Korea.",KRW,Health Care,"Pharmaceuticals, Biotechnology & Life Sciences",Biotechnology,KSC,XKRX,KOSPI Stock Market,South Korea,,Seoul,,http://www.pharmicell.com,Small Cap,KR7005690003,,BBG000BGVS78,BBG000BGVRL4,BBG001S71P04,False
005720.KS,Nexen Corporation,"Nexen Corporation manufactures and sells rubber products in South Korea. The company offers tubes and flaps, solid tires, carbon masterbatch pellets and sheets, golf balls, and bladders for tires. It also provides logistics services, including sea, bulk, air, inland transport and distribution, warehouse, and knock down. The company also exports and distributes its products to approximately 140 countries. Nexen Corporation was founded in 1968 and is headquartered in Gimhae, South Korea.",KRW,Consumer Discretionary,Automobiles & Components,Auto Components,KSC,XKRX,KOSPI Stock Market,South Korea,,Gimhae-si,50932,http://www.nexencorp.com,Micro Cap,KR7005720008,,BBG000BGZ4S4,BBG000BGZ4C1,BBG001S71XM3,False
005725.KS,Nexen Corporation,"Nexen Corporation manufactures and sells rubber products in South Korea. The company offers tubes and flaps, solid tires, carbon masterbatch pellets and sheets, golf balls, and bladders for tires. It also provides logistics services, including sea, bulk, air, inland transport and distribution, warehouse, and knock down. The company also exports and distributes its products to approximately 140 countries. Nexen Corporation was founded in 1968 and is headquartered in Gimhae, South Korea.",KRW,Consumer Discretionary,Automobiles & Components,Auto Components,KSC,XKRX,KOSPI Stock Market,South Korea,,Gimhae-si,50932,http://www.nexencorp.com,Micro Cap,KR7005721006,,BBG000BJW4J1,BBG000BJW4J1,BBG001S7C267,False
005740.KS,"CROWNHAITAI Holdings Co.,Ltd.","CROWNHAITAI Holdings Co.,Ltd. engages in the confectionary business in South Korea. It offers biscuits, cakes, snacks, candies, and chocolates under the Heim, Couque D'Asse, Sando, Vic Pie, Jolly Pong, C: Corn-Chip, Shinzzang, and Mychew brands. The company was formerly known as Crown Confectionery Co., Ltd. and changed its name to CROWNHAITAI Holdings Co.,Ltd. in March 2017. CROWNHAITAI Holdings Co.,Ltd. was founded in 1947 and is headquartered in Seoul, South Korea.",KRW,Consumer Staples,"Food, Beverage & Tobacco",Food Products,KSC,XKRX,KOSPI Stock Market,South Korea,,Seoul,,http://www.crown.co.kr,Micro Cap,KR7005740006,,BBG000BDG2H8,BBG000BDG1S8,BBG001S6HH07,False
005745.KS,"CROWNHAITAI Holdings Co.,Ltd.","CROWNHAITAI Holdings Co.,Ltd. engages in the confectionary business in South Korea. It offers biscuits, cakes, snacks, candies, and chocolates under the Heim, Couque D'Asse, Sando, Vic Pie, Jolly Pong, C: Corn-Chip, Shinzzang, and Mychew brands. The company was formerly known as Crown Confectionery Co., Ltd. and changed its name to CROWNHAITAI Holdings Co.,Ltd. in March 2017. CROWNHAITAI Holdings Co.,Ltd. was founded in 1947 and is headquartered in Seoul, South Korea.",KRW,Consumer Staples,"Food, Beverage & Tobacco",Food Products,KSC,XKRX,KOSPI Stock Market,South Korea,,Seoul,,http://www.crown.co.kr,Micro Cap,KR7005741004,,BBG000BDG082,BBG000BDG082,BBG001S6HGZ1,False
005750.KS,"Daelim B&Co Co.,Ltd.","Daelim B&Co Co.,Ltd. manufactures and sells bathroom wares in South Korea. The company offers bidets; sanitary wares, such as water closets, wash basins, and urinals; faucets, including single lever faucets, two handle mixers, shower programs, kitchen faucets, and general faucets, as well as parts; and bath suites. It also provides tile adhesives/cement. The company was formerly known as Daelim Ceramic Co., Ltd. and changed its name to Daelim B&Co Co.,Ltd. in 2008. Daelim B&Co Co.,Ltd. was founded in 1966 and is headquartered in Changwon, South Korea.",KRW,Industrials,Capital Goods,Building Products,KSC,XKRX,KOSPI Stock Market,South Korea,,Changwon-Si,,http://www.daelimbath.com,Micro Cap,KR7005750005,,BBG000BJZNP9,BBG000BJZNP9,BBG001S7CBV9,False
005800.KS,"Shinyoungwacoal,Inc.","Shinyoungwacoal,Inc. produces and sells foundation products and lingerie for women in South Korea. It offers its products under the VENUS, VENUS MEN, PINK VENUS, ORLFA, SOLB, WACOAL, SALUTE, MC, RIECHE, MOTHERPIA, REMAMMA, ART-BEAU, VENUS CHOU, JASMIN, and ANETA brands. The company was founded in 1954 and is headquartered in Seoul, South Korea.",KRW,Consumer Discretionary,Consumer Durables & Apparel,"Textiles, Apparel & Luxury Goods",KSC,XKRX,KOSPI Stock Market,South Korea,,Seoul,08590,http://www.shinyoungwacoal.co.kr,Micro Cap,KR7005800008,,BBG000BDTL82,BBG000BDTL82,BBG001S6K3N9,False
005810.KS,Poongsan Holdings Corporation,"Poongsan Holdings Corporation manufactures and sells copper and nonferrous metal products worldwide. The company offers copper, brozen, bronze alloyed, magnetic, and copper alloyed powders; nickel-based brazing alloys; nano, coated, aluminum, tin, and copper silver powders; and inspection apparatus. It also provides industrial equipment and special tools, such as rolling mill, rolling equipment, and steel pipe equipment; defense industry, civilian industry, and power plant equipment; and automobile molds for automobile transmission. Poongsan Holdings Corporation was founded in 1968 and is headquartered in Seoul, South Korea.",KRW,Materials,Materials,Metals & Mining,KSC,XKRX,KOSPI Stock Market,South Korea,,Seoul,120-837,http://www.poongsanhc.co.kr,Small Cap,KR7005810007,,BBG000BGZRL0,BBG000BGZR94,BBG001S71YS5,False
005820.KS,Wonlim Corporation,"Wonlim Corporation is a company listed on the KOSPI Stock Market under the ticker 005820. It operates in the Containers & Packaging industry within the Materials sector. The company is headquartered in Seoul, South Korea.",KRW,Materials,Materials,Containers & Packaging,KSC,XKRX,KOSPI Stock Market,South Korea,,Seoul,137-070,https://www.wonlim.co.kr,Nano Cap,KR7005820006,,BBG000BNKKS9,BBG000BNKKS9,BBG001S8MZK5,False
005830.KS,"DB Insurance Co., Ltd.","DB Insurance Co., Ltd. is a company listed on the KOSPI Stock Market under the ticker 005830. It operates in the Insurance industry within the Financials sector. The company is headquartered in Seoul, South Korea.",KRW,Financials,Insurance,Insurance,KSC,XKRX,KOSPI Stock Market,South Korea,,Seoul,06194,https://www.idbins.com,Mid Cap,KR7005830005,,BBG000BD1BC9,BBG000BD1BC9,BBG001S6DC57,False
005850.KS,SL Corporation,"SL Corporation is a company listed on the KOSPI Stock Market under the ticker 005850. It operates in the Auto Components industry within the Consumer Discretionary sector. The company is headquartered in Daegu, South Korea.",KRW,Consumer Discretionary,Automobiles & Components,Auto Components,KSC,XKRX,KOSPI Stock Market,South Korea,,Daegu,41514,https://www.slworld.com,Small Cap,KR7005850003,,BBG000BFXXB2,BBG000BFXXB2,BBG001S6TGY9,False
005870.KS,Huneed Technologies,"Huneed Technologies develops, manufactures, and sells airborne and defense communication systems in Korea. It offers military communication equipment, including high capacity trunk radio systems, high speed wireless transmission equipment, and remote detonation devices; and command and control systems, such as weapons control systems, as well as tactical data link processing systems. The company also provides airborne systems comprising electrical panel assemblies and light civil helicopter electrical systems, as well as electronics manufacturing services for flight control computers, missile warning receivers, and master warning panel and caution warning panels; and ground control systems, which include ground system development and air traffic flow management systems. In addition, it offers commercial IT systems and logistics support services. The company was formerly known as Daeyoung Electronics Industrial Co., Ltd and changed its name to Huneed Technologies in March 2000. Huneed Technologies was founded in 1968 and is based in Incheon, South Korea.",KRW,Information Technology,Technology Hardware & Equipment,Communications Equipment,KSC,XKRX,KOSPI Stock Market,South Korea,,Incheon,,http://www.huneed.com,Nano Cap,KR7005870001,,BBG000BG67J9,BBG000BG66L8,BBG001S71XX1,False
005880.KS,Korea Line Corporation,"Korea Line Corporation is a company listed on the KOSPI Stock Market under the ticker 005880. It operates in the Marine industry within the Industrials sector. The company is headquartered in Seoul, South Korea.",KRW,Industrials,Transportation,Marine,KSC,XKRX,KOSPI Stock Market,South Korea,,Seoul,07803,https://www.korealines.co.kr,Small Cap,KR7005880000,,BBG000BHQ0L7,BBG000BHQ0L7,BBG001S75LJ9,False
005930.KS,"Samsung Electronics Co., Ltd.","Samsung Electronics Co., Ltd. engages in the consumer electronics, information technology and mobile communications, and device solutions businesses worldwide. It offers digital TVs, monitors, air conditioners, refrigerators, mobile phones, communication systems, and computers; semiconductor products, such as memory, foundry, and system LSI; and display products comprising LCD and OLED panels, as well as connected car systems, audio and visual products, enterprise automation solutions, and connected services. The company is also involved in the technology and venture capital investment businesses; manufacture of semiconductor equipment and components; and provision of repair services for electronic devices. In addition, it provides medical equipment; software development and supply; toll processing of semiconductors and display panels; general logistics agency, financing, marketing, consulting, and AI technology and cloud services; enterprise automation solutions and connected services; and digital advertising platforms. Further, the company offers mobile payment services; and designs and develops software products. It serves retail, hospitality, finance, transportation, education, government, and healthcare industries. Samsung Electronics Co., Ltd. was founded in 1938 and is based in Suwon, South Korea.",KRW,Information Technology,Technology Hardware & Equipment,"Electronic Equipment, Instruments & Components",KSC,XKRX,KOSPI Stock Market,South Korea,,Suwon-si,443-742,http://www.samsung.com,Mega Cap,KR7005930003,,BBG000BCY388,BBG000BCY2S8,BBG001S6K037,False
005935.KS,"Samsung Electronics Co., Ltd.","Samsung Electronics Co., Ltd. engages in the consumer electronics, information technology and mobile communications, and device solutions businesses worldwide. It offers digital TVs, monitors, air conditioners, refrigerators, mobile phones, communication systems, and computers; semiconductor products, such as memory, foundry, and system LSI; and display products comprising LCD and OLED panels, as well as connected car systems, audio and visual products, enterprise automation solutions, and connected services. The company is also involved in the technology and venture capital investment businesses; manufacture of semiconductor equipment and components; and provision of repair services for electronic devices. In addition, it provides medical equipment; software development and supply; toll processing of semiconductors and display panels; general logistics agency, financing, marketing, consulting, and AI technology and cloud services; enterprise automation solutions and connected services; and digital advertising platforms. Further, the company offers mobile payment services; and designs and develops software products. It serves retail, hospitality, finance, transportation, education, government, and healthcare industries. Samsung Electronics Co., Ltd. was founded in 1938 and is based in Suwon, South Korea.",KRW,Information Technology,Technology Hardware & Equipment,"Electronic Equipment, Instruments & Components",KSC,XKRX,KOSPI Stock Market,South Korea,,Suwon-si,443-742,http://www.samsung.com,Mega Cap,KR7005931001,,BBG000BG4Q36,BBG000BG4Q36,BBG001S717L1,False
005940.KS,"NH Investment & Securities Co., Ltd.","NH Investment & Securities Co., Ltd. is a company listed on the KOSPI Stock Market under the ticker 005940. It operates in the Capital Markets industry within the Financials sector. The company is headquartered in Seoul, South Korea.",KRW,Financials,Diversified Financials,Capital Markets,KSC,XKRX,KOSPI Stock Market,South Korea,,Seoul,07335,https://www.nhqv.com,Mid Cap,KR7005940002,,BBG000BC3GF5,BBG000BC3GF5,BBG001S6K368,False
005945.KS,"NH Investment & Securities Co., Ltd.","NH Investment & Securities Co., Ltd. is a company listed on the KOSPI Stock Market under the ticker 005945. It operates in the Capital Markets industry within the Financials sector. The company is headquartered in Seoul, South Korea.",KRW,Financials,Diversified Financials,Capital Markets,KSC,XKRX,KOSPI Stock Market,South Korea,,Seoul,07335,https://www.nhqv.com,Mid Cap,KR7005941000,,BBG000BDRNK6,BBG000BDRNK6,BBG001S78F18,False
005950.KS,"ISU Chemical Co., Ltd","ISU Chemical Co., Ltd is a company listed on the KOSPI Stock Market under the ticker 005950. It operates in the Chemicals industry within the Materials sector. The company is headquartered in Seoul, South Korea.",KRW,Materials,Materials,Chemicals,KSC,XKRX,KOSPI Stock Market,South Korea,,Seoul,06575,https://www.isuchemical.com/kor/index.do,Micro Cap,KR7005950001,,BBG000BGX031,BBG000BGX031,BBG001S71RK8,False
005960.KS,Dongbu Corporation,"Dongbu Corporation is a company listed on the KOSPI Stock Market under the ticker 005960. It operates in the Construction & Engineering industry within the Industrials sector. The company is headquartered in Seoul, South Korea.",KRW,Industrials,Capital Goods,Construction & Engineering,KSC,XKRX,KOSPI Stock Market,South Korea,,Seoul,06132,http://dongbucorp.com,Micro Cap,KR7005960000,,BBG000BH38R9,BBG000BH38R9,BBG001S727T2,False
005965.KS,Dongbu Corporation,"Dongbu Corporation is a company listed on the KOSPI Stock Market under the ticker 005965. It operates in the Construction & Engineering industry within the Industrials sector. The company is headquartered in Seoul, South Korea.",KRW,Industrials,Capital Goods,Construction & Engineering,KSC,XKRX,KOSPI Stock Market,South Korea,,Seoul,06132,http://dongbucorp.com,Micro Cap,KR7005961008,,BBG000BJZ6B1,BBG000BJZ6B1,BBG001S7CB58,False
006040.KS,"Dongwon Industries Co., Ltd","Dongwon Industries Co., Ltd is a company listed on the KOSPI Stock Market under the ticker 006040. It operates in the Food Products industry within the Consumer Staples sector. The company is headquartered in Seoul, South Korea.",KRW,Consumer Staples,"Food, Beverage & Tobacco",Food Products,KSC,XKRX,KOSPI Stock Market,South Korea,,Seoul,06164,http://www.dongwon.com,Small Cap,KR7006040000,,BBG000BDQ802,BBG000BDQ802,BBG001S6JYB6,False
006060.KS,"HWASEUNG Industries Co.,Ltd.","Hwaseung Industries Co.,Ltd. engages in the shoes and precision chemicals businesses in South Korea and internationally. The company offers BOPP, PET, and, air quality films; sheets and plates; and synthetic resins and adhesives, including shoe adhesives, industrial adhesives, automotive coatings, and polyurethane resins. It also trades in clothing, bedding, and other products. The company was founded in 1969 and is headquartered in Busan, South Korea.",KRW,Materials,Materials,Chemicals,KSC,XKRX,KOSPI Stock Market,South Korea,,Busan,,http://www.hsi.co.kr,Micro Cap,KR7006060008,,BBG000BDD3R8,BBG000BDD3R8,BBG001S5X8M7,False
006090.KS,Sajo Oyang Corporation,"Sajo Oyang Corporation engages in food, deep-sea fishing, and rental businesses in South Korea and internationally. The company offers crab sticks and frozen food; ham products, sausages, BBQ, bacons, topping food for pizzas, hot dogs, etc.; fish cakes; and dumplings. It also provides various fishes, including Pollack, cod, herring, halibut, snapper, squids, hoki, psenopsis anomala, red catfish, whiting, Japanese Spanish mackerel, bluefin tuna, big-eye tuna, yellowfin tuna, albacore tuna, marlin, skipjack tuna, and others. In addition, the company rents offices. Sajo Oyang Corporation was founded in 1969 and is based in Seoul, South Korea. Sajo Oyang Corporation is a subsidiary of Sajodaerim Corporation.",KRW,Consumer Staples,"Food, Beverage & Tobacco",Food Products,KSC,XKRX,KOSPI Stock Market,South Korea,,Seoul,137-821,http://oy.sajo.co.kr,Micro Cap,KR7006090005,,BBG000BGTLR4,BBG000BGTLR4,BBG001S71L49,False
006110.KS,"Sam-A Aluminium Company, Limited","Sam-A Aluminium Company, Limited is a company listed on the KOSPI Stock Market under the ticker 006110. It operates in the Metals & Mining industry within the Materials sector. The company is headquartered in Pyeongtaek-Si, South Korea.",KRW,Materials,Materials,Metals & Mining,KSC,XKRX,KOSPI Stock Market,South Korea,,Pyeongtaek-Si,,https://www.sama-al.com,Small Cap,KR7006110001,,BBG000BFWQK8,BBG000BFWQK8,BBG001S6T5L7,False
006120.KS,"SK Discovery Co., Ltd.","SK Discovery Co., Ltd. is a company listed on the KOSPI Stock Market under the ticker 006120. It operates in the Diversified Financials industry within the Financials sector. The company is headquartered in Seongnam-si, South Korea.",KRW,Financials,Diversified Financials,,KSC,XKRX,KOSPI Stock Market,South Korea,,Seongnam-si,13493,https://www.skdiscovery.com,Small Cap,KR7006120000,,BBG000BCX2Z1,BBG000BCX2Z1,BBG001S6JXL7,False
006125.KS,"SK Discovery Co., Ltd.","SK Discovery Co., Ltd. is a company listed on the KOSPI Stock Market under the ticker 006125. It operates in the Diversified Financials industry within the Financials sector. The company is headquartered in Seongnam-si, South Korea.",KRW,Financials,Diversified Financials,,KSC,XKRX,KOSPI Stock Market,South Korea,,Seongnam-si,13493,https://www.skdiscovery.com,Small Cap,KR7006121008,,BBG000BH7VF7,BBG000BH7VF7,BBG001S7BHX5,False
006200.KS,"KEC Holdings Co., Ltd.","KEC Holdings Co., Ltd. is a company listed on the KOSPI Stock Market under the ticker 006200. It operates in the Semiconductors & Semiconductor Equipment industry within the Information Technology sector. The company is headquartered in Seoul, South Korea.",KRW,Information Technology,Semiconductors & Semiconductor Equipment,Semiconductors & Semiconductor Equipment,KSC,XKRX,KOSPI Stock Market,South Korea,,Seoul,03159,https://www.kecholdings.co.kr,Nano Cap,KR7006200000,,BBG000BDRFP8,BBG000BDRFP8,BBG001S6JZR6,False
006220.KS,Jeju Bank,"Jeju Bank Co., Ltd., a regional commercial bank, provides retail banking products and services in South Korea. It also provides credit card services. As of December 31, 2019, it operated through 38 branches. The company was founded in 1969 and is headquartered in Jeju-si, South Korea. Jeju Bank Co., Ltd. is a subsidiary of Shinhan Financial Group Co., Ltd.",KRW,Financials,Banks,Banks,KSC,XKRX,KOSPI Stock Market,South Korea,,Jeju-si,,http://www.e-jejubank.com,Micro Cap,KR7006220008,,BBG000BDDVS5,BBG000BDDVF9,BBG001S6HDP9,False
006260.KS,LS Corp.,"LS Corp. is a company listed on the KOSPI Stock Market under the ticker 006260. It operates in the Electrical Equipment industry within the Industrials sector. The company is headquartered in Seoul, South Korea.",KRW,Industrials,Capital Goods,Electrical Equipment,KSC,XKRX,KOSPI Stock Market,South Korea,,Seoul,04386,https://www.lsholdings.com,Mid Cap,KR7006260004,,BBG000BCS660,BBG000BCS660,BBG001S6HP18,False
006280.KS,GC Biopharma Corp.,"GC Biopharma Corp. is a company listed on the KOSPI Stock Market under the ticker 006280. It operates in the Pharmaceuticals industry within the Health Care sector. The company is headquartered in Yongin-Si, South Korea.",KRW,Health Care,"Pharmaceuticals, Biotechnology & Life Sciences",Pharmaceuticals,KSC,XKRX,KOSPI Stock Market,South Korea,,Yongin-Si,16924,https://www.gcbiopharma.com,Small Cap,KR7006280002,,BBG000BGY8Z8,BBG000BGY8Z8,BBG001S71T88,False
006340.KS,"Daewon Cable. Co., Ltd.","Daewon Cable Co., Ltd., together with its subsidiaries, manufactures and sells cables and wires in South Korea and internationally. The company's products include insulated cables, communication cables, aluminum cables, F.E.D. field products, alpha cables, UL certified device cables, and automobile cables, as well as power and control cables, and flame retardant cables. It also offers XLPE cable, a cross-linked polyethylene insulated cable; and conductors for automobile cables. In addition, the company engages in manufacturing of plastic injection molding; waste disposal and hot water production; and real estate leasing activities. Daewon Cable Co., Ltd. was founded in 1964 and is headquartered in Yesan-Eup, South Korea.",KRW,Industrials,Capital Goods,Electrical Equipment,KSC,XKRX,KOSPI Stock Market,South Korea,,Yesan-Eup,,http://www.daewoncable.co.kr,Small Cap,KR7006340004,,BBG000BDVRD0,BBG000BDVR59,BBG001S6K5F3,False
006345.KS,"Daewon Cable. Co., Ltd.","Daewon Cable Co., Ltd., together with its subsidiaries, manufactures and sells cables and wires in South Korea and internationally. The company's products include insulated cables, communication cables, aluminum cables, F.E.D. field products, alpha cables, UL certified device cables, and automobile cables, as well as power and control cables, and flame retardant cables. It also offers XLPE cable, a cross-linked polyethylene insulated cable; and conductors for automobile cables. In addition, the company engages in manufacturing of plastic injection molding; waste disposal and hot water production; and real estate leasing activities. Daewon Cable Co., Ltd. was founded in 1964 and is headquartered in Yesan-Eup, South Korea.",KRW,Industrials,Capital Goods,Electrical Equipment,KSC,XKRX,KOSPI Stock Market,South Korea,,Yesan-Eup,,http://www.daewoncable.co.kr,Small Cap,KR7006341002,,BBG000BJZFG6,BBG000BJZFG6,BBG001S7CBM9,False
006360.KS,GS Engineering & Construction Corporation,"GS Engineering & Construction Corporation is a company listed on the KOSPI Stock Market under the ticker 006360. It operates in the Construction & Engineering industry within the Industrials sector. The company is headquartered in Seoul, South Korea.",KRW,Industrials,Capital Goods,Construction & Engineering,KSC,XKRX,KOSPI Stock Market,South Korea,,Seoul,03159,https://www.gsenc.com,Mid Cap,KR7006360002,,BBG000BCYFN4,BBG000BCYFN4,BBG001S6K108,False
006370.KS,"Daegu Department Store Co., Ltd.","Daegu Department Store Co., Ltd. operates department stores in South Korea. The company was founded in 1944 and is headquartered in Daegu, South Korea.",KRW,Consumer Discretionary,Retailing,Multiline Retail,KSC,XKRX,KOSPI Stock Market,South Korea,,Daegu,,http://www.debec.co.kr,Nano Cap,KR7006370001,,BBG000BH4781,BBG000BH46P4,BBG001S729Z1,False
006380.KS,Capro Corporation,"Capro Corporation manufactures and sells caprolactam and ammonium sulfate fertilizers in South Korea. It offers caprolactam for use as a raw material in nylon fibers used in clothing, tire cords, fishing nets, carpets, and nylon resins, as well as for use in manufacturing mechanical parts and engineering plastics. The company also provides ammonium sulfate fertilizer for use as a raw material for mixed and compound fertilizers, as well as for use in artificial silk and cellophane industries, for manufacturing ammonia compounds/various ammonium salts/potash alum/gypsum boards/light bulbs/synthetic resins/medicines, for culturing enzymes, and for leather tanning. In addition, it offers ammonium nitrate and sulfate fertilizers; and methylethylketoxime for use as a construction silicon additive, as well as an additive for preventing wet-paint surface cohesion. The company was formerly known as Korea Caprolactam Co., Ltd. and changed its name to Capro Corporation in February 2001. Capro Corporation was founded in 1969 and is headquartered in Seoul, South Korea.",KRW,Materials,Materials,Chemicals,KSC,XKRX,KOSPI Stock Market,South Korea,,Seoul,04539,http://www.hcccapro.co.kr,Micro Cap,KR7006380000,,BBG000BDC6W6,BBG000BDC656,BBG001S6H6S1,True
006390.KS,"Hanil Hyundai Cement Co., Ltd","Hanil Hyundai Cement Co., Ltd researches, develops, manufactures, and sells cement in South Korea. It provides various types of Portland cement, such as ordinary, thermal, crude steel, and sulphate; and blast furnace slag cement, as well as concrete. The company was formerly known as Hyundai Cement Co., Ltd. and changed its name to Hanil Hyundai Cement Co., Ltd. in July 2018. Hanil Hyundai Cement Co., Ltd was founded in 1969 and is headquartered in Seoul, South Korea. Hanil Hyundai Cement Co., Ltd operates as a subsidiary of Hlk Holdings Co., Ltd.",KRW,Materials,Materials,Construction Materials,KSC,XKRX,KOSPI Stock Market,South Korea,,Seoul,06252,http://www.hanilhdcement.com,Small Cap,KR7006390009,,BBG000BDMBS9,BBG000BDMBD5,BBG001S6JK62,True
006400.KS,"Samsung SDI Co., Ltd.","Samsung SDI Co., Ltd. manufactures and sells batteries worldwide. The company operates through three segments: Chemicals, Electronic Materials, and Energy and Other. It offers small-sized lithium ion batteries used in laptops, tablets, mobile phones, wearable devices, power banks, power tools, garden tools, vacuum cleaners, e-bikes, e-scooters, and ignition products; energy storage systems that are used in base transceiver stations, as well as in residential, utility, commercial, and UPS applications; and automotive batteries. The company also offers electronic materials, including semiconductor products, such as spin-on hardmasks, spin-on dielectrics, and epoxy molding compounds; LCD products, such as polarizing films and color photo resist products; OLED products comprising evaporation materials and thin film encapsulation products; and photovoltaic paste products. In addition, it is involved in the manufacture and sale of rechargeable battery raw materials; and invests in new technology venture business. The company was founded in 1970 and is headquartered in Yongin, South Korea.",KRW,Information Technology,Technology Hardware & Equipment,"Electronic Equipment, Instruments & Components",KSC,XKRX,KOSPI Stock Market,South Korea,,Yongin,,http://www.samsungsdi.com,Large Cap,KR7006400006,,BBG000BCY1G3,BBG000BCY0Q4,BBG001S6K028,False
006405.KS,"Samsung SDI Co., Ltd.","Samsung SDI Co., Ltd. manufactures and sells batteries worldwide. The company operates through three segments: Chemicals, Electronic Materials, and Energy and Other. It offers small-sized lithium ion batteries used in laptops, tablets, mobile phones, wearable devices, power banks, power tools, garden tools, vacuum cleaners, e-bikes, e-scooters, and ignition products; energy storage systems that are used in base transceiver stations, as well as in residential, utility, commercial, and UPS applications; and automotive batteries. The company also offers electronic materials, including semiconductor products, such as spin-on hardmasks, spin-on dielectrics, and epoxy molding compounds; LCD products, such as polarizing films and color photo resist products; OLED products comprising evaporation materials and thin film encapsulation products; and photovoltaic paste products. In addition, it is involved in the manufacture and sale of rechargeable battery raw materials; and invests in new technology venture business. The company was founded in 1970 and is headquartered in Yongin, South Korea.",KRW,Industrials,Capital Goods,Electrical Equipment,KSC,XKRX,KOSPI Stock Market,South Korea,,Yongin-si,17084,https://www.samsungsdi.com,Large Cap,KR7006401004,,BBG000BHFDQ6,BBG000BHFDQ6,BBG001S7C2P6,False
006490.KS,"FreeT, Inc.","Inscobee., Inc. engages in the smart grid, mobile virtual network operator (MVNO), bio, and distribution businesses in South Korea and internationally. It offers intelligent power network products, such as K2 chips and data concentration units, as well as PLC bridges, modems, and attenuators; and operates freeT, a mobile network operator for MVNOs of various mobile network operators. The company also provides bio medicines for pain; vaccines for cervical cancer and papillomavirus; and cosmeceuticals and nutraceuticals, as well as distributes watches. In addition, it sells smart lighting solutions, LED products, and lighting fixtures, as well as other electrical products. The company was founded in 1970 and is headquartered in Seoul, South Korea.",KRW,Communication Services,Telecommunication Services,Diversified Telecommunication Services,KSC,XKRX,KOSPI Stock Market,South Korea,,Seoul,,http://eng.inscobee.com,Nano Cap,KR7006490007,,BBG000BDVK27,BBG000BDVJP5,BBG001S6K590,False
006570.KS,"Daelim Trading Co., Ltd.","Daelim Trading Co., Ltd. manufactures and supplies flatware products in South Korea and internationally. It offers washbasin, tub, sink, and general faucets; urine/feces flush valves; products for handicapped; parts; and other products, such as footbath towels, diaper changings, towel dryers, pedal valves/drains dehydrators, and water purifier faucets. The company also provides accessories, such as towel bars, toilet paper holders, soap holders, tumbler holders, clothes hangers, towel rings, utility shelves, toilet brushes, shaving mirrors, and magazine holders, as well as bidets, shower booths, bath tubs, unicles, and flatware products. Daelim Trading Co., Ltd. was founded in 1970 and is headquartered in Seoul, South Korea.",KRW,Consumer Staples,Household & Personal Products,Household Products,KSC,XKRX,KOSPI Stock Market,South Korea,,Seoul,03723,http://www.dlt.co.kr,Nano Cap,KR7006570006,,BBG000BDGCW9,BBG000BDGCJ4,BBG001S6HHB5,False
006650.KS,"Korea Petrochemical Ind. Co., Ltd.","Korea Petrochemical Ind. Co., Ltd. is a company listed on the KOSPI Stock Market under the ticker 006650. It operates in the Chemicals industry within the Materials sector. The company is headquartered in Seoul, South Korea.",KRW,Materials,Materials,Chemicals,KSC,XKRX,KOSPI Stock Market,South Korea,,Seoul,03035,https://www.kpic.co.kr,Small Cap,KR7006650006,,BBG000D98809,BBG000D98809,BBG001SD4K45,False
006660.KS,"Samsung Climate Control Co., Ltd.","Samsung Climate Control Co., Ltd. is a company listed on the KOSPI Stock Market under the ticker 006660. It operates in the Auto Components industry within the Consumer Discretionary sector. The company is headquartered in Changwon-Si, South Korea.",KRW,Consumer Discretionary,Automobiles & Components,Auto Components,KSC,XKRX,KOSPI Stock Market,South Korea,,Changwon-Si,,https://www.samsungcc.co.kr,Micro Cap,KR7006660005,,BBG000BDVY90,BBG000BDVY90,BBG001S6K5Q1,False
006740.KS,Blue Industrial Development,Blue Industrial Development is a company listed on the KOSPI Stock Market under the ticker 006740 and traded in KRW. It is classified in the Materials sector (Paper & Forest Products). Its country is South Korea.,KRW,Materials,Materials,Paper & Forest Products,KSC,XKRX,KOSPI Stock Market,South Korea,,Pyeongtaek-si,17953,https://www.khblue.com,Micro Cap,KR7006740005,,BBG000H0NVS6,BBG000H0NVS6,BBG001S931L8,False
006800.KS,Mirae Asset Securities Co. Ltd.,"Mirae Asset Securities Co. Ltd. is a company listed on the KOSPI Stock Market under the ticker 006800. It operates in the Capital Markets industry within the Financials sector. The company is headquartered in Seoul, South Korea.",KRW,Financials,Diversified Financials,Capital Markets,KSC,XKRX,KOSPI Stock Market,South Korea,,Seoul,100210,https://securities.miraeasset.com,Large Cap,KR7006800007,,BBG000BCRXT7,BBG000BCRXT7,BBG001S6HMB4,False
006805.KS,Mirae Asset Securities Co. Ltd.,"Mirae Asset Securities Co. Ltd. is a company listed on the KOSPI Stock Market under the ticker 006805. It operates in the Capital Markets industry within the Financials sector. The company is headquartered in Seoul, South Korea.",KRW,Financials,Diversified Financials,Capital Markets,KSC,XKRX,KOSPI Stock Market,South Korea,,Seoul,100210,https://securities.miraeasset.com,Large Cap,KR7006801005,,BBG000BG6825,BBG000BG6825,BBG001S71ZK0,False
00680K.KS,"Mirae Asset Securities Co., Ltd.","Mirae Asset Securities Co., Ltd. is a company listed on the KOSPI Stock Market under the ticker 00680K. It operates in the Capital Markets industry within the Financials sector. The company is headquartered in Seoul, South Korea.",KRW,Financials,Diversified Financials,Capital Markets,KSC,XKRX,KOSPI Stock Market,South Korea,,Seoul,100210,https://securities.miraeasset.com,Large Cap,KR700680K019,,BBG00JKLKBM8,BBG00JKLKBM8,BBG00JKLKBR3,False
006840.KS,"AK Holdings, Inc.","AK Holdings, Inc. is a company listed on the KOSPI Stock Market under the ticker 006840. It operates in the Industrial Conglomerates industry within the Industrials sector. The company is headquartered in Seoul, South Korea.",KRW,Industrials,Capital Goods,Industrial Conglomerates,KSC,XKRX,KOSPI Stock Market,South Korea,,Seoul,04051,https://www.aekyunggroup.co.kr,Micro Cap,KR7006840003,,BBG000D99L81,BBG000D99L81,BBG001SD4KH1,False
006880.KS,"Singsong Holdings Co., Ltd.","Singsong Holdings Co., Ltd., through its subsidiaries, produces and sells gluten and starch products in South Korea. It also manufactures and sells soy sauce and soy bean paste; and trades grains, including rice, etc. In addition, it is involved in the catering business through O'coco catering franchise brand; and office rental business. The company was founded in 1970 and is headquartered in Seoul, South Korea.",KRW,Industrials,Capital Goods,Industrial Conglomerates,KSC,XKRX,KOSPI Stock Market,South Korea,,Seoul,,http://www.singsongholdings.com,Nano Cap,KR7006880009,,BBG005DZZTT3,BBG004LMQ1L5,BBG004LMQ1M4,False
006890.KS,"Taekyung Chemical Co., Ltd.","Taekyung Chemical Co., Ltd. manufactures and sells industrialized liquid gases and dry ice in Korea. The company offers liquid and solid carbon dioxide, magnesium hydroxide, ethylene, liquid oxygen, liquid nitrogen, and liquid argon. Its products are primarily used in food additives, metal coolants, quick coolants for welding, food insulators, smoke desulfurization for production accessories, wastewater treatment purification, steel/steel melting, welding, cutting oxidation prevention, filler, rapid coolant welding, filler steel, steel welding, and cutting. The company was formerly known as Daeduk Industry Co., Ltd. and changed its name to Taekyung Chemical Co., Ltd. in 2000. Taekyung Chemical Co., Ltd. was founded in 1970 and is headquartered in Seoul, South Korea.",KRW,Utilities,Utilities,Gas Utilities,KSC,XKRX,KOSPI Stock Market,South Korea,,Seoul,,http://www.taekyungchem.co.kr,Nano Cap,KR7006890008,,BBG000C19SH4,BBG000C19RY7,BBG001SD5HP8,False
006980.KS,"Woosung Feed Co., Ltd.","Woosung Feed Co., Ltd. produces and sells assorted feeds under the Hanwoo Maru and Hwangto Pork brands for livestock and fishing industries in South Korea and internationally. It offers feeds for hogs, cattle, poultry, fishes, and dogs. The company was founded in 1968 and is headquartered in Daejeon, South Korea.",KRW,Consumer Staples,"Food, Beverage & Tobacco",Food Products,KSC,XKRX,KOSPI Stock Market,South Korea,,Daejeon,34379,http://www.woosungfeed.co.kr,Nano Cap,KR7006980007,,BBG000BGTYK3,BBG000BGTY87,BBG001S71M47,False
007070.KS,"GS Retail Co., Ltd.","GS Retail Co., Ltd. is a company listed on the KOSPI Stock Market under the ticker 007070. It operates in the Multiline Retail industry within the Consumer Discretionary sector. The company is headquartered in Seoul, South Korea.",KRW,Consumer Discretionary,Retailing,Multiline Retail,KSC,XKRX,KOSPI Stock Market,South Korea,,Seoul,06141,https://www.gsretail.com,Small Cap,KR7007070006,,BBG000C8WFC6,BBG000C8WFC6,BBG001SC3XR5,False
007110.KS,"Ilshinstone.Co.,Ltd.","Ilshinstone.Co.,Ltd. produces and sells building materials in South Korea and internationally. It offers limestone, marble, sandstone, Pocheon stone, cork, fila, granite, basalt, travertine, and other products, as well as dump and showroom leases. The company also exports its products. The company was formerly known as Ilshin Stone Craft Co., Ltd. and changed its name to Ilshinstone.Co.,Ltd. Ilshinstone.Co.,Ltd. was founded in 1971 and is headquartered in Seoul, South Korea.",KRW,Materials,Materials,Construction Materials,KSC,XKRX,KOSPI Stock Market,South Korea,,Seoul,,https://www.ilshinstone.co.kr,Nano Cap,KR7007110000,,BBG000BDMQT5,BBG000BDMQT5,BBG001S6JKK6,False
007120.KS,"MiraeING.Co.,Ltd.","MiraeING.Co.,Ltd. develops and supplies defense security products in South Korea and internationally. It offers shooting command equipment for self-propelled howitzers, and various fire power equipment. The company also provides messaging services to banking, securities, and other financial institutions and corporate customers; and Trade Services Utility, a service that in-sources and processes the company's process in the open account transaction. In addition, it offers SafeWatch Filtering, an anti-money laundering system; Summit, an optimal derivative product solution; Internet banking system that supports services, such as customer management, asset management, and corporate support to the Internet banking market; and cloud computing services. The company was founded in 1971 and is headquartered in Seoul, South Korea.",KRW,Industrials,Commercial & Professional Services,Commercial Services & Supplies,KSC,XKRX,KOSPI Stock Market,South Korea,,Seoul,,http://www.miraeing.co.kr,Nano Cap,KR7007120009,,BBG000C19X83,BBG000C19X38,BBG001S7ZV86,False
007160.KS,Sajo Industries Company Limited,"Sajo Industries Company Limited operates as a food company. It provides marine, food, livestock, and leisure products under the Sajo brand. The company was founded in 1971 and is headquartered in Seoul, South Korea.",KRW,Consumer Staples,"Food, Beverage & Tobacco",Food Products,KSC,XKRX,KOSPI Stock Market,South Korea,,Seoul,,http://www.sajo.co.kr,Micro Cap,KR7007160005,,BBG000BGTNW4,BBG000BGTNJ9,BBG001S71L58,False
007210.KS,Byucksan Corporation,"Byucksan Corporation manufactures and distributes building and construction materials in South Korea. The company offers ceiling systems, such as insulating, nonflammable, and sound-absorbing ceiling tiles; insulation systems, including glass wool, mineral wool, vacuum and gigh-pressure extruded polystyrene foam insulation, and polyester sound absorption insulation tile products; and exterior systems comprising prefabricated panels, baritone panels, terasolids, glass wool panels, and polyurethane panels. It also provides interior systems consisting of gypsum boards, cellulose fiber reinforced cement boards, and composite boards; and floor systems, such as OA, access, PVC type, and jinmaru floor systems. The company was formerly known as Korea Slate Ind., Co., Ltd. and changed its name to Byucksan Corporation in February 1983. Byucksan Corporation was founded in 1958 and is headquartered in Seoul, South Korea.",KRW,Industrials,Capital Goods,Building Products,KSC,XKRX,KOSPI Stock Market,South Korea,,Seoul,,http://www.byucksan.com,Micro Cap,KR7007210008,,BBG000BCRFK5,BBG000BCRDY5,BBG001S6HDW1,False
007280.KS,"Korea Steel Co., Ltd.","Korea Steel Co., Ltd. is a company listed on the KOSPI Stock Market under the ticker 007280. It operates in the Metals & Mining industry within the Materials sector. The company is headquartered in Chilseo-Myeon, South Korea.",KRW,Materials,Materials,Metals & Mining,KSC,XKRX,KOSPI Stock Market,South Korea,,Chilseo-Myeon,,https://www.ekosco.com,Nano Cap,KR7007280001,,BBG000BCPHW0,BBG000BCPHW0,BBG001S68GV5,False
007310.KS,Otoki Corporation,"Ottogi Corporation produces and sells various food products in South Korea. It offers powders/dehydrated foods, sauces/vinegars/ketchups/mayos, retrot/instant foods, grain foods, agriculture/livestock/fishery products, tea, edible oils and fats, spices, ramens, noodles, and chilled/freezed foods. The company was founded in 1969 and is based in Anyang-si, South Korea.",KRW,Consumer Staples,"Food, Beverage & Tobacco",Food Products,KSC,XKRX,KOSPI Stock Market,South Korea,,Anyang-Si,14060,http://www.ottogi.co.kr,Small Cap,KR7007310006,,BBG000FT5D05,BBG000FT5D05,BBG001S8MZL4,False
007340.KS,DTR Automotive Corporation,"DTR Automotive Corporation manufactures and sells automotive parts in South Korea. The company also produces and sells automobile batteries, tubes, and accumulators; dust-proof products for automotive engines; and other automotive parts. In addition, it develops and supplies software products; and engages in the construction of residential buildings, including apartments. The company was formerly known as Dong AhTire & Rubber Co.,Ltd. and changed its name to DTR Automotive Corporation in November 2017. DTR Automotive Corporation was founded in 1971 and is headquartered in Ulsan, South Korea.",KRW,Consumer Discretionary,Automobiles & Components,Auto Components,KSC,XKRX,KOSPI Stock Market,South Korea,,Ulsan,,http://www.dtrautomotive.com,Small Cap,KR7007340003,,BBG000BG64N1,BBG000BG64N1,BBG001S71XN2,False
007460.KS,Aprogen KIC Inc.,"Aprogen KIC Inc. designs, manufactures, and maintains plant facilities for steelwork, petrochemistry, shipbuilding, power plant, and LNG base industries in South Korea. The company also offers thermal and cold spray services; and clad rolls, clad plates, wear plates, clad pipes and fittings, and plasma transferred arcs. In addition, it provides Nukon system, a special heat-preservation system that keeps the pipe facility of the internal equipment of the containment building working safely in the pressurized water reactor power plant; foamglas, a cellular glass insulation product; and fireproof insulation works in the POSCO furnaces and boilers. The company was formerly known as Nara KIC Inc. Aprogen KIC Inc. was founded in 1971 and is based in Seongnam-si, South Korea.",KRW,Industrials,Capital Goods,Machinery,KSC,XKRX,KOSPI Stock Market,South Korea,,Seongnam-si,,http://www.aprogen-kic.com,Nano Cap,KR7007460009,,BBG000FWKQ66,BBG000FWKPG7,BBG001S8NN12,False
007540.KS,Sempio Company,"Sempio Company manufactures and sells fermented food products in South Korea and internationally. It offers vegetable products, soy sauces, jang pastes, Korean cuisine sauces, dried noodles, canned foods, dried seafood products, tea products, and drinking vinegars, as well as seasoning powders, chilled and frozen fishcakes, chilled and frozen dumplings, chilled and frozen naengmyun products, chilled and frozen fried rice products, red pepper powder, toasted sesame seeds, breading and batter mixes, white corn syrups, vinegars, and sea salts. The company also exports its products to 76 countries. Sempio Company was founded in 1946 and is headquartered in Seoul, South Korea.",KRW,Consumer Staples,"Food, Beverage & Tobacco",Food Products,KSC,XKRX,KOSPI Stock Market,South Korea,,Seoul,100-728,http://www.sempio.com,Micro Cap,KR7007540008,,BBG000BGTXL4,BBG000BGTX25,BBG001S71M38,False
007570.KS,"Ilyang Pharmaceutical Co.,Ltd","Ilyang Pharmaceutical Co.,Ltd operates as a pharmaceutical company primarily in South Korea. The company offers anticancer, circulatory system, endocrine/metabolism, cheonjiyang, female hormone, urinary system, ophthalmology, liver disease, anti-inflammatory analgesic, digestive system, dermatology, respiratory system, nutrient infusion, and neurology medicines. It also provides antibiotics, antifungal drugs, anti-inflammatory analgesic drugs, insecticides, and vaccines; and health drinks, daily food, supplements, health food, cosmetics, and beverages. In addition, the company offers pharmaceutical raw materials products, such as aluminum hydroxide gel, dried aluminum hydroxide gel, magnesium hydroxide, magnesium hydroxide gel, aluminum hydroxide-magnesium carbonate co-dried gel, magnesium trisilicate, hydrotalcite, almagate, aluminum phosphate, aluminum phosphate gel, aluminum magnesium metasilicate, aluminum magnesium silicate, aluminum magnesium silicopolydrate, magaldrate, magaldrate wet gel, dihydroxy aluminum sodium carbonate, magnesium carbonate, aluminum magnesium hydroxide, synthetic aluminum silicate, and other products. Ilyang Pharmaceutical Co.,Ltd also exports its products to approximately 14 countries. The company was formerly known as Il-Yang Pharm. Ind. Co. and changed its name to Ilyang Pharmaceutical Co., Ltd. in May 1991. Ilyang Pharmaceutical Co.,Ltd was founded in 1946 and is headquartered in Yongin, South Korea.",KRW,Health Care,"Pharmaceuticals, Biotechnology & Life Sciences",Pharmaceuticals,KSC,XKRX,KOSPI Stock Market,South Korea,,Yongin,17096,http://www.ilyang.co.kr,Micro Cap,KR7007570005,,BBG000BDMPJ8,BBG000BDMMQ7,BBG001S6JKJ8,False
007575.KS,"Ilyang Pharmaceutical Co.,Ltd","Ilyang Pharmaceutical Co.,Ltd operates as a pharmaceutical company primarily in South Korea. The company offers anticancer, circulatory system, endocrine/metabolism, cheonjiyang, female hormone, urinary system, ophthalmology, liver disease, anti-inflammatory analgesic, digestive system, dermatology, respiratory system, nutrient infusion, and neurology medicines. It also provides antibiotics, antifungal drugs, anti-inflammatory analgesic drugs, insecticides, and vaccines; and health drinks, daily food, supplements, health food, cosmetics, and beverages. In addition, the company offers pharmaceutical raw materials products, such as aluminum hydroxide gel, dried aluminum hydroxide gel, magnesium hydroxide, magnesium hydroxide gel, aluminum hydroxide-magnesium carbonate co-dried gel, magnesium trisilicate, hydrotalcite, almagate, aluminum phosphate, aluminum phosphate gel, aluminum magnesium metasilicate, aluminum magnesium silicate, aluminum magnesium silicopolydrate, magaldrate, magaldrate wet gel, dihydroxy aluminum sodium carbonate, magnesium carbonate, aluminum magnesium hydroxide, synthetic aluminum silicate, and other products. Ilyang Pharmaceutical Co.,Ltd also exports its products to approximately 14 countries. The company was formerly known as Il-Yang Pharm. Ind. Co. and changed its name to Ilyang Pharmaceutical Co., Ltd. in May 1991. Ilyang Pharmaceutical Co.,Ltd was founded in 1946 and is headquartered in Yongin, South Korea.",KRW,Health Care,"Pharmaceuticals, Biotechnology & Life Sciences",Pharmaceuticals,KSC,XKRX,KOSPI Stock Market,South Korea,,Yongin,17096,http://www.ilyang.co.kr,Micro Cap,KR7007571003,,BBG000BJV965,BBG000BJV965,BBG001S7BZK9,False
007590.KS,DONGBANG AGRO Corporation,"DONGBANG AGRO Corporation is a company listed on the KOSPI Stock Market under the ticker 007590. It operates in the Chemicals industry within the Materials sector. The company is headquartered in Seoul, South Korea.",KRW,Materials,Materials,Chemicals,KSC,XKRX,KOSPI Stock Market,South Korea,,Seoul,08804,https://www.dongbangagro.co.kr,Micro Cap,KR7007590003,,BBG000BDGWP3,BBG000BDGWP3,BBG001S6HMK4,False
007610.KS,"Seondo Electric Co., Ltd.","Seondo Electric Co., Ltd. manufactures and sells heavy electric equipment. Its products include gas insulated switchgears/vacuum circuit beakers/vacuum circuit systems, switchgears, motor control centers, and transmission line protection relay panels/pole mounted gas switches/gas load breaker switches; monitoring and control systems, including substation total automation systems, remote terminal units, distributed control systems, and supervisory control and data acquisition systems; and circuit breakers and contactors, such as earth leakage circuit breakers, magnetic contactors, home panel boards, reject filters, and ignition transformers. The company also offers environment products comprising diesel soot smoke reducers, electric dust collectors, high voltage units, ion generators, and plasma agricultural chemicals spray equipment. In addition, it provides metal-clad switchgears, instrumentation boards, bus and T/L protection panels, gas-insulated load make and break products, vacuum combination starters, air circuit breakers, solar heat hot water providers and heaters, molded case and earth leakage circuit breakers, magnetic switches, thermal overload relays, ass'y electric dust collectors, and negative ion generators, as well as undertakes electrical works. The company supplies its products for transmission and supply of electricity, atomic energy power plants, water and fire power plants, and various other plants. It serves customers in South Korea, the Middle East, the Americas, and Southeast Asia. The company was formerly known as Seondo Co., Ltd. and changed its name to Seondo Electric Co., Ltd. in May 1987. Seondo Electric Co., Ltd. was founded in 1972 and is headquartered in Ansan, South Korea.",KRW,Information Technology,Technology Hardware & Equipment,"Electronic Equipment, Instruments & Components",KSC,XKRX,KOSPI Stock Market,South Korea,,Ansan,,http://www.seondo.co.kr,Micro Cap,KR7007610009,,BBG000BH0632,BBG000BH0598,BBG001S71ZP5,False
007660.KS,"ISU Petasys Co., Ltd.","ISU Petasys Co., Ltd. manufactures and sells printed circuit boards (PCBs) worldwide. The company offers ultra-multilayer PCBs for server/storage equipment and super computers, as well as network equipment, such as switches and routers. It also offers aerospace PCBs; IC tester PCBs, such as probe cards, load boards, and burn-in boards; advanced driver assistance system (ADAS) radio frequency (RF) PCBs; and RF PCBs. The company was formerly known as Petasys Co., Ltd. and changed its name to ISU Petasys Co., Ltd. in March 2002. ISU Petasys Co., Ltd. was founded in 1972 and is headquartered in Daegu, South Korea.",KRW,Information Technology,Technology Hardware & Equipment,"Electronic Equipment, Instruments & Components",KSC,XKRX,KOSPI Stock Market,South Korea,,Daegu,42981,http://www.petasys.com,Mid Cap,KR7007660004,,BBG000C33844,BBG000C337H2,BBG001SFW1R6,False
007690.KS,"Kukdo Chemical Co., Ltd.","Kukdo Chemical Co., Ltd. operates as a chemical materials company in South Korea. The company offers epoxy resins; hardeners; and coating, adhesive, flexible, and rigid polyols, as well as rigid, semi-rigid, and flexible polyurethane systems. It also provides electrical and electronic materials; advance materials; acrylate; and reactive diluent. It serves marine paints, heavy-duty coatings, powder coatings, coatings for civil engineering and construction, consumer goods, packaging materials, and materials for transport equipment. The company was formerly known as Kukdo Chemical Industry. Co., Ltd. and changed its name to Kukdo Chemical Co., Ltd. in April 1999. Kukdo Chemical Co., Ltd. was founded in 1972 and is headquartered in Seoul, South Korea.",KRW,Materials,Materials,Chemicals,KSC,XKRX,KOSPI Stock Market,South Korea,,Seoul,,http://www.kukdo.com,Micro Cap,KR7007690001,,BBG000BGX5T2,BBG000BGX5D9,BBG001S71RT9,False
007700.KS,"F&F Holdings Co., Ltd.","F&F Holdings Co., Ltd. is a company listed on the KOSPI Stock Market under the ticker 007700. It operates in the Textiles, Apparel & Luxury Goods industry within the Consumer Discretionary sector. The company is headquartered in Seoul, South Korea.",KRW,Consumer Discretionary,Consumer Durables & Apparel,"Textiles, Apparel & Luxury Goods",KSC,XKRX,KOSPI Stock Market,South Korea,,Seoul,06233,https://www.fnfholdings.com,Small Cap,KR7007700008,,BBG000BDBWZ7,BBG000BDBWZ7,BBG001S6H5X7,False
007810.KS,"Korea Circuit Co., Ltd.","Korea Circuit Co., Ltd. is a company listed on the KOSPI Stock Market under the ticker 007810. It operates in the Electronic Equipment, Instruments & Components industry within the Information Technology sector. The company is headquartered in Ansan-Si, South Korea.",KRW,Information Technology,Technology Hardware & Equipment,"Electronic Equipment, Instruments & Components",KSC,XKRX,KOSPI Stock Market,South Korea,,Ansan-Si,15428,https://www.kcg.co.kr,Small Cap,KR7007810005,,BBG000BDRCT1,BBG000BDRCT1,BBG001S6JZP8,False
007815.KS,"Korea Circuit Co., Ltd.","Korea Circuit Co., Ltd. is a company listed on the KOSPI Stock Market under the ticker 007815. It operates in the Electronic Equipment, Instruments & Components industry within the Information Technology sector. The company is headquartered in Ansan-Si, South Korea.",KRW,Information Technology,Technology Hardware & Equipment,"Electronic Equipment, Instruments & Components",KSC,XKRX,KOSPI Stock Market,South Korea,,Ansan-Si,15428,https://www.kcg.co.kr,Small Cap,KR7007811003,,BBG000BJZLG3,BBG000BJZLG3,BBG001S7CBT2,False
00781K.KS,"Korea Circuit Co., Ltd.","Korea Circuit Co., Ltd. is a company listed on the KOSPI Stock Market under the ticker 00781K. It operates in the Electronic Equipment, Instruments & Components industry within the Information Technology sector. The company is headquartered in Ansan-Si, South Korea.",KRW,Information Technology,Technology Hardware & Equipment,"Electronic Equipment, Instruments & Components",KSC,XKRX,KOSPI Stock Market,South Korea,,Ansan-Si,15428,https://www.kcg.co.kr,Small Cap,KR700781K015,,BBG004PJNV71,BBG004PJNV71,BBG004PJNVR9,False
007860.KS,"Seoyon Co., Ltd.","Seoyon Co., Ltd. researches and develops, manufactures, and sells automobile interior products primarily in South Korea, the United States, the People's Republic of China, India, Europe, and internationally. It offers seats and other products, as well as engages in the real estate management services. The company was formerly known as Hanil E-Hwa Co., Ltd. and changed its name to Seoyeon Co., Ltd. in August 2014. The company was founded in 1972 and is based in Anyang-si, South Korea.",KRW,Consumer Discretionary,Automobiles & Components,Auto Components,KSC,XKRX,KOSPI Stock Market,South Korea,,Anyang-Si,405-100,http://www.seo-yon.com,Micro Cap,KR7007860000,,BBG000BK3FR6,BBG000BK3FC2,BBG001S7CQS0,False
007980.KS,TP Inc.,"TP Inc. is a company listed on the KOSPI Stock Market under the ticker 007980. It operates in the Textiles, Apparel & Luxury Goods industry within the Consumer Discretionary sector. The company is headquartered in Seoul, South Korea.",KRW,Consumer Discretionary,Consumer Durables & Apparel,"Textiles, Apparel & Luxury Goods",KSC,XKRX,KOSPI Stock Market,South Korea,,Seoul,08380,https://www.tp-inc.com,Micro Cap,KR7007980006,,BBG000FV1W66,BBG000FV1W66,BBG001S8N6N5,False
008040.KS,"Sajodongaone Co.,Ltd","Sajodongaone Co.,Ltd. engages in the manufacture and sale of wheat flour. The company manufactures and sells cotton; and engages in the flour milling and biological resources business, which includes poultry, pig, and fish farming. It also offers bakery and confectionery products, including organic wheat, bread, and snacks and cakes; well-being health products, such as buckwheat, wholewheat, and Korean wheat and starch products; and livestock feed and pet foods. In addition, the company is involved in the transportation of lubricants and petroleum products. The company was formerly known as Dongaone Co., Ltd. and changed its name to Sajodongaone Co.,Ltd. in April 2016. Sajodongaone Co.,Ltd. was founded in 1953 and is headquartered in Seoul, South Korea.",KRW,Consumer Staples,"Food, Beverage & Tobacco",Food Products,KSC,XKRX,KOSPI Stock Market,South Korea,,Seoul,06693,https://do.sajo.co.kr,Nano Cap,KR7008040008,,BBG000BGV033,BBG000BGTZW7,BBG001S71M56,False
008060.KS,"Daeduck Co.,Ltd.","Daeduck Co.,Ltd. provides various printed circuit boards (PCB) in South Korea and internationally. It offers thin PCBs for semiconductor packaging; and PCBs for smartphones, as well as solutions to support 5G communication and autonomous vehicles market segments. The company was founded in 1972 and is based in Ansan-si, South Korea.",KRW,Information Technology,Technology Hardware & Equipment,"Electronic Equipment, Instruments & Components",KSC,XKRX,KOSPI Stock Market,South Korea,,Ansan-Si,,http://www.daeduck.com,Small Cap,KR7008060006,,BBG000BH2WT5,BBG000BH2WL3,BBG001S72785,False
00806K.KS,"Daeduck Co.,Ltd.","Daeduck Co.,Ltd. provides various printed circuit boards (PCB) in South Korea and internationally. It offers thin PCBs for semiconductor packaging; and PCBs for smartphones, as well as solutions to support 5G communication and autonomous vehicles market segments. The company was founded in 1972 and is based in Ansan-si, South Korea.",KRW,Information Technology,Technology Hardware & Equipment,"Electronic Equipment, Instruments & Components",KSC,XKRX,KOSPI Stock Market,South Korea,,Ansan-Si,,http://www.daeduck.com,Small Cap,KR700806K010,,BBG00MTL81S2,BBG00MTL81S2,BBG00MTL81X6,False
008110.KS,Samsung C&T Corporation,Samsung C&T Corporation is a company listed on the KOSPI Stock Market under the ticker 008110 and traded in KRW. It is classified in the Industrials sector (Machinery). Its country is South Korea.,KRW,Industrials,Capital Goods,Machinery,KSC,XKRX,KOSPI Stock Market,South Korea,,Seoul,05399,https://www.samsungcnt.com,Micro Cap,KR7008110009,,BBG000BHPHT3,BBG000BHPHM0,BBG001S75KL8,False
008250.KS,"Eagon Industrial Co., Ltd.","Eagon Industrial Co., Ltd. supplies building materials in South Korea and internationally. It offers aluminum, PVC, and wood windows and doors; curtain walls; explosion and bullet proof windows; glasses; building integrated photovoltaic and photovoltaic solutions; floors; removable dividers and doors; plywood; housing materials, such as sheathing materials, OSB, and engineered and deck wood; landscape products; guard rail products; and logistics products, such as green and plastic pellets, clip-lok, and C-box. The company was founded in 1972 and is based in Incheon, South Korea.",KRW,Materials,Materials,Paper & Forest Products,KSC,XKRX,KOSPI Stock Market,South Korea,,Incheon,,http://www.eagon.com/eng/index.asp,Nano Cap,KR7008250003,,BBG000BGVY39,BBG000BGVXP7,BBG001S71PC1,False
008260.KS,"N.I Steel Co.,Ltd","N.I Steel Co., Ltd produces and sells steel products for construction sites in South Korea. The company offers sheet piles, HYFO beams, act columns, smart beams, modular H-beams, D-deck plates, and steel curtain walls, as well as leases and sells H-beams. The company was formerly known as N.I TECH Co., Ltd and changed its name to N.I Steel Co., Ltd in March 2007. N.I Steel Co., Ltd was founded in 1972 and is headquartered in Seoul, South Korea.",KRW,Materials,Materials,Metals & Mining,KSC,XKRX,KOSPI Stock Market,South Korea,,Seoul,,http://ni.hcrst.com,Micro Cap,KR7008260002,,BBG000BNLW39,BBG000BNLW39,BBG001S8NBQ1,False
008350.KS,"Namsun Aluminum Co., Ltd.","Namsun Aluminum Co., Ltd. produces and sells aluminum extruded products in South Korea and internationally. It offers aluminum windows and doors, curtain walls, industrial structure materials, and bomb blast mitigated windows, as well as chassis for windows and doors. The company was formerly known as Namsun Light Metals Co., Ltd. and changed its name to Namsun Aluminum Co., Ltd. in 1990. Namsun Aluminum Co., Ltd. was founded in 1947 and is headquartered in Daegu, South Korea.",KRW,Materials,Materials,Metals & Mining,KSC,XKRX,KOSPI Stock Market,South Korea,,Daegu,42983,http://www.namsun.co.kr,Micro Cap,KR7008350001,,BBG000BDT836,BBG000BDT7M7,BBG001S6K3B2,False
008355.KS,"Namsun Aluminum Co., Ltd.","Namsun Aluminum Co., Ltd. produces and sells aluminum extruded products in South Korea and internationally. It offers aluminum windows and doors, curtain walls, industrial structure materials, and bomb blast mitigated windows, as well as chassis for windows and doors. The company was formerly known as Namsun Light Metals Co., Ltd. and changed its name to Namsun Aluminum Co., Ltd. in 1990. Namsun Aluminum Co., Ltd. was founded in 1947 and is headquartered in Daegu, South Korea.",KRW,Materials,Materials,Metals & Mining,KSC,XKRX,KOSPI Stock Market,South Korea,,Daegu,42983,http://www.namsun.co.kr,Micro Cap,KR7008351009,,BBG000BJVX35,BBG000BJVX35,BBG001S7C169,False
008420.KS,"Moonbaesteel Co.,Ltd","Moonbae Steel Co., Ltd. engages in the manufacture and distribution of steel products. It operates in two segments, Manufacture and Distribution. The Manufacture segment produces hot-rolled steel plates, hot-rolled steel sheets, checkered steel plates, hot-rolled steel coils, thin plates, mini-mill coils, skelps, and others. The Distribution segment distributes its manufactured products through wholesale. Moonbae Steel Co., Ltd. was founded in 1973 and is headquartered in Seoul, South Korea.",KRW,Materials,Materials,Metals & Mining,KSC,XKRX,KOSPI Stock Market,South Korea,,Seoul,100-161,http://www.moonbaesteel.co.kr,Nano Cap,KR7008420002,,BBG000FQ3H31,BBG000FQ3GP9,BBG001S8M5R4,False
008490.KS,"Suheung Co., Ltd.","Suheung Co., Ltd. produces and sells empty hard capsules for use in pharmaceutical and nutraceutical applications. The company also offers contract manufacturing services for various dosage types and packaging combinations. It also provides OEM services for paintballs. Suheung Co., Ltd. was founded in 1973 and is based in Seoul, South Korea.",KRW,Health Care,"Pharmaceuticals, Biotechnology & Life Sciences",Pharmaceuticals,KSC,XKRX,KOSPI Stock Market,South Korea,,Seoul,130-845,http://www.suheung.com,Micro Cap,KR7008490005,,BBG000BDGFS7,BBG000BDGFG0,BBG001S6HHC4,False
008500.KS,"Iljeong Industrial Co.,Ltd","Iljeong Industrial Co.Ltd. provides car seat fabrics to automobile makers in Korea. Its moquette, tricot, woven, plush jacquard, jersey, single knit, and headliner fabrics are used in car seat fabrics, head linings, door trims, arms rests, and sun visors. The company also provides upholstery fabrics that are used in sofas and chairs in hotel and homes. Iljeong Industrial Co.Ltd. was founded in 1973 and is headquartered in Ansan, South Korea.",KRW,Consumer Discretionary,Consumer Durables & Apparel,"Textiles, Apparel & Luxury Goods",KSC,XKRX,KOSPI Stock Market,South Korea,,Ansan-Si,425-866,http://www.iljeong.co.kr,Nano Cap,KR7008500001,,BBG000FV0MG8,BBG000FV0MG8,BBG001S8N691,True
008560.KS,"Meritz Securities Co., Ltd.","Meritz Securities Co., Ltd. engages in the securities business in South Korea. It offers derivatives products, investment advisory, bond recruitment consignment, investment discretionary, credit loan, electronic fund transfer, restructuring and finance, project financing loan, asset management, office management agency, fund management agency, and corporate finance services, as well as publishes books. The company is also involved in the trust business; agent business related to securities transaction; trading and brokerage of transferable deposit certificates; securities loan transaction, brokerage, and arrangement; securities business-related to loan bond trading, brokerage, arrangement, agency; protecting securities; safe rental business; lending and selling of computer systems or software related to the securities business; real estate rental and sales agency business of lottery tickets, admission tickets, and gift certificates; and consulting or assisting in corporate management, restructuring, and finance, as well as provision of training services on securities. In addition, it engages in the agency works for the state or public organization; investor deposit fund transfer business; deposit management of discretionary investment property; public announcement; issuance and management of electronic direct payment mean; selling of information on securities value analysis; investment association asset storage and fund management agency business; and deputy financial institution activities for lenders related to the syndicated loan, as well as act as an asset manager and trustee of a special purpose corporation. The company was formerly known as Hanjin Investment Securities Co., Ltd. and changed its name to Meritz Securities Co., Ltd. in March 2000. Meritz Securities Co., Ltd. was founded in 1973 and is headquartered in Seoul, South Korea.",KRW,Financials,Diversified Financials,Capital Markets,KSC,XKRX,KOSPI Stock Market,South Korea,,Seoul,,http://home.imeritz.com,Mid Cap,,,BBG000BG23Z4,BBG000BG23L9,BBG001S6W5M2,True
008600.KS,"The Willbes & CO., Ltd.","The Willbes & Co., Ltd. manufactures and sells apparel in South Korea. It also provides postgraduate training for individuals looking for professional jobs, such as lawyer, diplomat, government official, appraiser, labor attorney, and others, as well as engages in the investment activities. The company was formerly known as Kunja Industries, Co., Ltd. and changed its name to The Willbes & Co., Ltd. in 1997. The Willbes & Co., Ltd. was founded in 1973 and is headquartered in Cheonan, South Korea.",KRW,Consumer Discretionary,Consumer Durables & Apparel,"Textiles, Apparel & Luxury Goods",KSC,XKRX,KOSPI Stock Market,South Korea,,Cheonan-si,,http://www.willbes.com,Micro Cap,KR7008600009,,BBG000BH3TY5,BBG000BH3SY7,BBG001S72909,True
008700.KS,"Anam Electronics Co.,Ltd.","Anam Electronics Co.,Ltd., a multimedia company, manufactures and sells audio products in South Korea and internationally. The company offers ODM/OEM products, such as AV receivers, Hi-Fidelity products, wireless speakers, AI speakers, and sound bars. It also engages in the brand licensing of TVs, ear plugs, dryers, cables, clock towers, and clocks. The company was founded in 1973 and is headquartered in Seoul, South Korea.",KRW,Information Technology,Technology Hardware & Equipment,"Electronic Equipment, Instruments & Components",KSC,XKRX,KOSPI Stock Market,South Korea,,Seoul,,http://www.aname.co.kr,Micro Cap,KR7008700007,,BBG000BDDPL5,BBG000BDDP44,BBG001S6HCR9,False
008730.KS,"Youlchon Chemical Co.,Ltd.","Youlchon Chemical Co.,Ltd. produces and sells functional packaging materials. The company offers adhesive and composite materials for surface protection of various electronic materials; release materials for general industrial-purpose and optical materials; and hard coating materials for display materials. It also provides flexible packaging materials for food, daily commodities, and functional packaging; laminated tubes, which are used to pack toothpaste, food, and medical supplies; biaxial oriented polypropylene films, casted polypropylene films, and polypropylene shrink films; and corrugated boards. The company was formerly known as Youl Chon Printing Company and changed its name to Youlchon Chemical Co.,Ltd. in April 1988. Youlchon Chemical Co.,Ltd. was founded in 1973 and is headquartered in Seoul, South Korea.",KRW,Materials,Materials,Containers & Packaging,KSC,XKRX,KOSPI Stock Market,South Korea,,Seoul,,http://www.youlchon.com,Micro Cap,KR7008730004,,BBG000BGZ7W2,BBG000BGZ789,BBG001S71XQ9,False
008770.KS,"Hotel Shilla Co.,Ltd","Hotel Shilla Co.,Ltd operates as a hospitality company. The company operates airport duty-free shops under the The Shilla Duty Free name, which offer various luxury brands in boutique items, fashion, jewelry, cosmetics, watches, etc., as well as an online duty-free shop and a guest lounge. It also operates hotels under the The Shilla Seoul and The Shilla Jeju names; and Hotel Shilla fitness center. Hotel Shilla Co.,Ltd is based in Seoul, South Korea.",KRW,Consumer Discretionary,Consumer Services,"Hotels, Restaurants & Leisure",KSC,XKRX,KOSPI Stock Market,South Korea,,Seoul,100-856,http://www.hotelshilla.net,Small Cap,KR7008770000,,BBG000BHPZM0,BBG000BHPZF8,BBG001S75LG2,False
008775.KS,"Hotel Shilla Co.,Ltd","Hotel Shilla Co.,Ltd operates as a hospitality company. The company operates airport duty-free shops under the The Shilla Duty Free name, which offer various luxury brands in boutique items, fashion, jewelry, cosmetics, watches, etc., as well as an online duty-free shop and a guest lounge. It also operates hotels under the The Shilla Seoul and The Shilla Jeju names; and Hotel Shilla fitness center. Hotel Shilla Co.,Ltd is based in Seoul, South Korea.",KRW,Consumer Discretionary,Consumer Services,"Hotels, Restaurants & Leisure",KSC,XKRX,KOSPI Stock Market,South Korea,,Seoul,100-856,http://www.hotelshilla.net,Small Cap,KR7008771008,,BBG000BJZZ81,BBG000BJZZ81,BBG001S7CC47,False
008870.KS,Kumbi Corporation,"Kumbi Corporation manufactures and sells glass bottles, bottle caps, cosmetics, and plastic products in South Korea. The company was formerly known as Jin Ro Glass Co., Ltd. and changed its name to Kumbi Corporation in April 1992. Kumbi Corporation was founded in 1973 and is headquartered in Icheon, South Korea.",KRW,Materials,Materials,Containers & Packaging,KSC,XKRX,KOSPI Stock Market,South Korea,,Icheon-Si,,http://www.kumbi.co.kr,Nano Cap,KR7008870008,,BBG000BCYWJ2,BBG000BCYWJ2,BBG001S6CMF5,False
008930.KS,"Hanmi Science Co., Ltd.","Hanmi Science Co., Ltd., through its subsidiaries, manufactures and sells pharmaceutical products in Korea and internationally. It develops drugs in the areas of diabetes and anti-cancer. The company also offers drug substances, general medicines, health functional foods, and nutrition and health products and services. In addition, it operates an online pharmacy; and offers pharmaceutical management automation systems. The company was formerly known as Hanmi Holdings Co., Ltd. and changed its name to Hanmi Science Co., Ltd. in March 2012. Hanmi Science Co., Ltd. was founded in 1973 and is based in Seoul, South Korea.",KRW,Health Care,"Pharmaceuticals, Biotechnology & Life Sciences",Pharmaceuticals,KSC,XKRX,KOSPI Stock Market,South Korea,,Seoul,,http://www.hanmiscience.co.kr,Mid Cap,KR7008930000,,BBG000BDVC25,BBG000BDVBT8,BBG001S6K527,False
008970.KS,"Dong Yang Steel Pipe Co., Ltd.","Dong Yang Steel Pipe Co., Ltd. is a company listed on the KOSPI Stock Market under the ticker 008970. It operates in the Metals & Mining industry within the Materials sector. The company is headquartered in Cheonan, South Korea.",KRW,Materials,Materials,Metals & Mining,KSC,XKRX,KOSPI Stock Market,South Korea,,Cheonan,,http://www.dysp.co.kr,Micro Cap,KR7008970006,,BBG000BCS3S3,BBG000BCS3S3,BBG001S6HNG7,False
009070.KS,KCTC Co. Ltd,"KCTC Co. Ltd operates as an integrated logistics company in South Korea and internationally. It offers container transportation, including overland road and railroad transportation services; roll on and roll off loading and unloading services; and CY/CFS services, as well as logistics services for bulk cargoes and oversized heavy cargoes. The company also provides logistics consulting services; logistics services for imports and exports; nationwide b2b transport and delivery services; specialized service for alcoholic beverages and dangerous goods; distribution center operation management services; international express services; and bulk stevedoring and bulk cargo transportation services. In addition, it offers freight information and location monitoring service. The company was formerly known as Korea Container Terminal Co. Ltd. and changed its name to KCTC Co. Ltd in March 2002. KCTC Co. Ltd was founded in 1973 and is headquartered in Seoul, South Korea.",KRW,Industrials,Transportation,Air Freight & Logistics,KSC,XKRX,KOSPI Stock Market,South Korea,,Seoul,,http://www.kctc.co.kr,Micro Cap,KR7009070004,,BBG000BDST13,BBG000BDSSL3,BBG001S6K279,False
009140.KS,Kie Co. Ltd.,"Kyungin Electronics Co., Ltd manufactures and sells electronic components in South Korea. It offers micro, tact, radial tapping, and SMD switches, as well as remote controllers, thermostats, potentiometers, and other products. The company also exports its products. Kyungin Electronics Co., Ltd was founded in 1973 and is based in Seoul, South Korea.",KRW,Information Technology,Technology Hardware & Equipment,"Electronic Equipment, Instruments & Components",KSC,XKRX,KOSPI Stock Market,South Korea,,Seoul,08 501,http://www.kie.co.kr,Nano Cap,KR7009140005,,BBG000BDT5T4,BBG000BDT5L2,BBG001S6K331,False
009150.KS,"Samsung Electro-Mechanics Co., Ltd.","Samsung Electro-Mechanics Co., Ltd. is a company listed on the KOSPI Stock Market under the ticker 009150. It operates in the Electronic Equipment, Instruments & Components industry within the Information Technology sector. The company is headquartered in Suwon-si, South Korea.",KRW,Information Technology,Technology Hardware & Equipment,"Electronic Equipment, Instruments & Components",KSC,XKRX,KOSPI Stock Market,South Korea,,Suwon-si,16674,https://www.samsungsem.com,Large Cap,KR7009150004,,BBG000BCXYZ1,BBG000BCXYZ1,BBG001S6K019,False
009155.KS,"Samsung Electro-Mechanics Co., Ltd.","Samsung Electro-Mechanics Co., Ltd. is a company listed on the KOSPI Stock Market under the ticker 009155. It operates in the Electronic Equipment, Instruments & Components industry within the Information Technology sector. The company is headquartered in Suwon-si, South Korea.",KRW,Information Technology,Technology Hardware & Equipment,"Electronic Equipment, Instruments & Components",KSC,XKRX,KOSPI Stock Market,South Korea,,Suwon-si,16674,https://www.samsungsem.com,Large Cap,KR7009151002,,BBG000BHFBG1,BBG000BHFBG1,BBG001S7C2N8,False
009160.KS,SIMPAC Inc.,"SIMPAC Inc. manufactures and markets mechanical, servo, and hydraulic press machines worldwide. The company also offers automation, press line, ferro alloy, roll, polyurethane screen, and tandem line products. The company was founded in 1973 and is headquartered in Incheon, South Korea.",KRW,Industrials,Capital Goods,Machinery,KSC,XKRX,KOSPI Stock Market,South Korea,,Incheon,403-858,http://www.simpac.co.kr,Micro Cap,KR7009160003,,BBG000BFWKD9,BBG000BFWJZ8,BBG001S6T4N8,False
009180.KS,"Hansol Logistics Co., Ltd.","Hansol Logistics Co., Ltd. provides logistics services in South Korea and internationally. The company offers third party logistics, e-logistics, and logistics consulting services. The company was formerly known as Hansol CSN Co., Ltd. and changed its name to Hansol Logistics Co., Ltd. in May 2014. Hansol Logistics Co., Ltd. was founded in 1994 and is headquartered in Seoul, South Korea.",KRW,Industrials,Transportation,Air Freight & Logistics,KSC,XKRX,KOSPI Stock Market,South Korea,,Seoul,100-192,http://www.hansollogistics.com,Micro Cap,KR7009180001,,BBG000BPPXL8,BBG000BPPWF7,BBG001S9DWW7,False
009190.KS,"Daiyang Metal Co., Ltd.","Daiyang Metal Co., Ltd. manufactures and sells steel products worldwide. It offers stainless steel cold rolled plates for the automotive, shipbuilding, construction, machinery, kitchen furniture, home appliances, IT, electronics, and telecom industries. The company was founded in 1973 and is headquartered in Yesan, South Korea.",KRW,Materials,Materials,Metals & Mining,KSC,XKRX,KOSPI Stock Market,South Korea,,Yesan,340-861,http://www.daiyangmetal.com,Nano Cap,KR7009190000,,BBG000BGP6Z2,BBG000BGP6N5,BBG001S66300,False
009200.KS,"Moorim Paper Co., Ltd.","Moorim Paper Co., Ltd. manufactures and sells paper products. It offers printing papers, such as art and white papers; and produces and sells bleach chemical pulps. The company also engages in the installment financing, and facility rental businesses; and wholesale of paper and pulp products. In addition, it produces and sells steam and electricity. The company was founded in 1973 and is headquartered in Jinju, South Korea.",KRW,Materials,Materials,Paper & Forest Products,KSC,XKRX,KOSPI Stock Market,South Korea,,Jinju-Si,52809,http://www.moorim.co.kr,Nano Cap,KR7009200007,,BBG000BGW7X4,BBG000BGW6Z4,BBG001S71PV0,False
009240.KS,"Hanssem Co., Ltd.","Hanssem Co., Ltd. operates as a full-service interior company in South Korea, the United States, China, and Japan. The company offers furniture, appliances, household accessories, fabric products, etc. for kitchen, bedroom, living room, and bathroom. It also provides package designs that coordinate interior items in furniture, lightings, fabrics, and living goods for space of bedroom, living room, children's room, kitchen, office room, and bathroom, as well as library and daily supplies. The company offers its products through direct stores, construction company's special sales, and kitchen-and-interior-specialized stores, as well as through online shopping malls and interior affiliated stores. It operates 12 stores; 450 re-house agencies; 200 Kitchenbach agencies; and 80 interior specialty agencies. The company was founded in 1970 and is based in Seoul, South Korea.",KRW,Consumer Discretionary,Consumer Durables & Apparel,Household Durables,KSC,XKRX,KOSPI Stock Market,South Korea,,Seoul,03929,http://company.hanssem.com,Small Cap,KR7009240003,,BBG000GLR7V6,BBG000GLR728,BBG001SKCMQ2,False
009270.KS,ShinWon Corporation,"ShinWon Corporation manufactures and sells men's wear, women's wear, casual, sports, and accessories in South Korea. Its owned women's wear brands include Besti Belli, SI, VIKI, and ISABEY; and men's wear brands comprise SIEG, SIEG Fahrenheit, Vanhart Di Albazar, and MARKM. The company also exports its products to the United States and Europe. It operates approximately 430 stores, as well as an online portal. ShinWon Corporation was founded in 1973 and is headquartered in Seoul, South Korea.",KRW,Consumer Discretionary,Consumer Durables & Apparel,"Textiles, Apparel & Luxury Goods",KSC,XKRX,KOSPI Stock Market,South Korea,,Seoul,,http://www.sw.co.kr,Micro Cap,KR7009270000,,BBG000BGVTZ5,BBG000BGVTP6,BBG001S71P22,False
009275.KS,ShinWon Corporation,"ShinWon Corporation manufactures and sells men's wear, women's wear, casual, sports, and accessories in South Korea. Its owned women's wear brands include Besti Belli, SI, VIKI, and ISABEY; and men's wear brands comprise SIEG, SIEG Fahrenheit, Vanhart Di Albazar, and MARKM. The company also exports its products to the United States and Europe. It operates approximately 430 stores, as well as an online portal. ShinWon Corporation was founded in 1973 and is headquartered in Seoul, South Korea.",KRW,Consumer Discretionary,Consumer Durables & Apparel,"Textiles, Apparel & Luxury Goods",KSC,XKRX,KOSPI Stock Market,South Korea,,Seoul,,http://www.sw.co.kr,Micro Cap,,,,,,True
009290.KS,"Kwang Dong Pharmaceutical Co., Ltd.","Kwang Dong Pharmaceutical Co., Ltd. operates as a human healthcare provider in South Korea. It develops and sells OTC drugs in the areas of antitussive expectorants, ophthalmic, liver disease agents, mineral preparations, vitamins, circulating system, and nutritious tonics; and ETC drugs in the areas of oral hypoglycemic agents, anti-arteriosclerotic agents, metabolic drugs, vitamins, digestive organ agents, circulating systems, immunosuppressants, obesity drugs, urinary genital and anal drugs, appetite suppressants, neuropsychiatric solvents, antispasmodics, antitussive expectorants, anti-vertigo drugs, antivirals agents, anti-malignant-tumor agents, and vasodilator, as well as antiepileptic, antihistaminic, antipyretic, analgesic, and anti-inflammatory agents. The company also provides general supplements, OTC drinks, consumer drinks, functional drinks, and traditional health foods. In addition, it engages in the operation of hospitals; and the retail and wholesale of products through discount stores, TV home shopping, and Internet shopping malls. Further, the company operates as a MRO total service provider for the raw/intermediate materials and consumables under various business models, such as the construction purchase service and overseas local purchase service. Kwang Dong Pharmaceutical Co., Ltd. was founded in 1963 and is based in Seoul, South Korea.",KRW,Health Care,"Pharmaceuticals, Biotechnology & Life Sciences",Pharmaceuticals,KSC,XKRX,KOSPI Stock Market,South Korea,,Seoul,,http://www.ekdp.com,Micro Cap,KR7009290008,,BBG000BGYBX3,BBG000BGYBL6,BBG001S71TC3,False
009310.KS,"Charm Engineering Co.,Ltd.","Charm Engineering Co.,Ltd. manufactures and sells FPD and semiconductor equipment in South Korea. It offers FPD equipment, including LCD, OLED, TSP, and LGP equipment; PCB equipment, such as short cut repair, PCB metal ink open repair, and review systems; and solar cell equipment comprising solar cell scribers and solar cell edge isolation systems. The company also provides Auto Repair software that detects, repairs, and judges the defects; Active Remote Operating System, a device and software, which converts equipment to the operation interface; and Real Time Monitoring System to check equipment through network real time. In addition, it offers semiconductor equipment comprising dry backside etches. The company was formerly known as Charm & Ci Co., Ltd and changed its name to Charm Engineering Co.,Ltd. in June 2010. Charm Engineering Co.,Ltd. was founded in 1973 and is headquartered in Yongin, South Korea.",KRW,Information Technology,Semiconductors & Semiconductor Equipment,Semiconductors & Semiconductor Equipment,KSC,XKRX,KOSPI Stock Market,South Korea,,Yongin-Si,449-884,http://www.charmnci.com,Nano Cap,KR7009310004,,BBG000BDVQ15,BBG000BDVPD4,BBG001S6K5D5,False
009320.KS,"Ajin Electronic Components Co.,Ltd","Ajin Electronic Components Co.,Ltd produces and sells automotive components in South Korea. The company provides automotive components, such as photocatalytic module, brake control unit, direction module, fuel cell dc-dc converter, suspension control unit, led headlamp, automotive radar, on-board charger, climate control head, PTC heater, battery heating heater, pulse with modulation, actuator control unit, torque angle sensor, BLDC motor driver, voltage regulator, and BTSI solenoid products. It offers ambient light controller and surface heating heater products. In addition, the company provides aluminium electrolytic capacitors and tantalum capacitors. The company was formerly known as Daewoo Electronic Components Co., Ltd. and changed its name to Ajin Electronic Components Co.,Ltd in October 2024. The company was founded in 1973 and is headquartered in Jeongeup-si, South Korea.",KRW,Consumer Discretionary,Automobiles & Components,Auto Components,KSC,XKRX,KOSPI Stock Market,South Korea,,Jeongeup-si,580-100,https://www.dwecc.com,Nano Cap,KR7009320003,,BBG000BH30J5,BBG000BH3032,BBG001S727C0,False
009410.KS,"Taeyoung Engineering & Construction Co.,Ltd.","Taeyoung Engineering & Construction Co.,Ltd. engages in the construction business. The company undertakes the construction of urban projects; housing projects; sewage treatment facilities; environmental facilities, roads, ports, and railways; civil engineering projects, such as highways, bridges, subways, and infrastructure facilities; and industrial, environmental, and energy plants. It is also involved in the design, construction, supervision, and operation of sewage and wastewater treatment facilities, water purification facilities, waterworks, and sewage systems. The company was formerly known as Taeyoung Co., Ltd. and changed its name to Taeyoung Engineering & Construction Co.,Ltd. in March 2007. Taeyoung Engineering & Construction Co.,Ltd. was founded in 1973 and is headquartered in Goyang, South Korea.",KRW,Industrials,Capital Goods,Construction & Engineering,KSC,XKRX,KOSPI Stock Market,South Korea,,Goyang-si,10403,http://www.taeyoung.com,Small Cap,KR7009410002,,BBG000BDV3K5,BBG000BDV316,BBG001S6RS48,False
009415.KS,"Taeyoung Engineering & Construction Co.,Ltd.","Taeyoung Engineering & Construction Co.,Ltd. engages in the construction business. The company undertakes the construction of urban projects; housing projects; sewage treatment facilities; environmental facilities, roads, ports, and railways; civil engineering projects, such as highways, bridges, subways, and infrastructure facilities; and industrial, environmental, and energy plants. It is also involved in the design, construction, supervision, and operation of sewage and wastewater treatment facilities, water purification facilities, waterworks, and sewage systems. The company was formerly known as Taeyoung Co., Ltd. and changed its name to Taeyoung Engineering & Construction Co.,Ltd. in March 2007. Taeyoung Engineering & Construction Co.,Ltd. was founded in 1973 and is headquartered in Goyang, South Korea.",KRW,Industrials,Capital Goods,Construction & Engineering,KSC,XKRX,KOSPI Stock Market,South Korea,,Goyang-si,10403,http://www.taeyoung.com,Small Cap,KR7009411000,,BBG000BLB7J2,BBG000BLB7J2,BBG001S8NJX6,False
009420.KS,"Hanall Biopharma Co.,Ltd","Hanall Biopharma Co.,Ltd, a pharmaceutical company, researches, develops, and sells pharmaceutical products in South Korea and internationally. The company offers specialty drugs and over-the-counter products for the treatment of gastric and duodenal ulcers, gastritis, cerebrovascular and peripheral blood vessel disorder, hypertension, atherosclerotic symptom, acute coronary syndrome, atherothrombosis and thromboembolism, diabetes, osteoporosis, chronic kidney failure, hypothyroidism, vitamin D-resistant rickets, osteomalacia, erectile dysfunction, prostatic hyperplasia, candidiasis, various fungal infections, prostate cancer, formal, constipation, thin stools, bloating, bowel abnormal fermentation, and hemorrhoids. The company was founded in 1973 and is based in Seoul, South Korea.",KRW,Health Care,"Pharmaceuticals, Biotechnology & Life Sciences",Pharmaceuticals,KSC,XKRX,KOSPI Stock Market,South Korea,,Seoul,,http://www.hanall.co.kr,Small Cap,KR7009420001,,BBG000BG01Z0,BBG000BG0126,BBG001S6TTX2,False
009450.KS,"Kyung Dong Navien Co., Ltd.","Kyung Dong Navien Co., Ltd. manufactures and sells home boilers and water heaters in South Korea. The company offers gas, oil, and electric boilers; gas and electric water heaters; hot water mats; wire and wireless zone control systems; controllers; home network products, such as IoT products, video phones, lobby phones, sub-phones, door cameras, inter phones, and security office systems; heat pump products, including hybrid and double heat geothermal boilers; micro CHP products; agricultural dryers, wood fiber boilers, and heat hubs; and cascade systems, ventilators, and mid and large-size boilers. Kyung Dong Navien Co., Ltd. also exports its products. The company was formerly known as Kyungdong Boiler Co., Ltd. and changed its name to Kyung Dong Navien Co., Ltd. in September 2006. Kyung Dong Navien Co., Ltd. was founded in 1978 and is headquartered in Pyeongtaek, South Korea.",KRW,Industrials,Capital Goods,Machinery,KSC,XKRX,KOSPI Stock Market,South Korea,,Pyeongtaek-Si,,http://en.kdnavien.com,Small Cap,KR7009450008,,BBG000CHR5F1,BBG000CHR4T9,BBG001S81HS0,False
009460.KS,"Hanchangpaper co., Ltd","Hanchang Paper Co., Ltd. develops, manufactures, and sells bio-degradable bio-mass materials/products in South Korea. It offers art boards under the I PAPERS brand; duplex boards, including ivory, SC, and TM paperboards; and functional white paper boards. The company also provides cups, lids, sleeves, shopping bags/envelops, films, forks/spoons/knives, and various kind of containers under Greenus brand name. Hanchang Paper Co., Ltd. was founded in 1973 and is headquartered in Yangsan, South Korea.",KRW,Materials,Materials,Paper & Forest Products,KSC,XKRX,KOSPI Stock Market,South Korea,,Yangsan,,http://www.hcpaper.co.kr,Nano Cap,KR7009460007,,BBG000BDV6P3,BBG000BDV5F6,BBG001S6K4X6,False
009470.KS,"Samwha Electric Co.,Ltd.","Samwha Electric Co.,Ltd. operates in the electrolytic capacitor industry in South Korea and internationally. It offers single cell and module green-cap electric double layer capacitors. The company also provides hybrid, miniature, large, surface mount, conducting polymer, radial lead type, and screw type aluminum electrolytic capacitors. Its products are used in communication equipment, household appliances, medical devices, and military and aerospace devices, as well as automotive, transportation, LED, smartphone and camera, desktop and notebook, industrial inverter, uninterruptible power supply, and new and renewable energy applications. The company was formerly known as Samwha Nichicon and changed its name to Samwha Electric Co.,Ltd. in November 1974. Samwha Electric Co.,Ltd. was founded in 1973 and is headquartered in Cheongju, South Korea.",KRW,Information Technology,Technology Hardware & Equipment,"Electronic Equipment, Instruments & Components",KSC,XKRX,KOSPI Stock Market,South Korea,,Cheongju,28589,http://www.samwha.com/electric,Micro Cap,KR7009470006,,BBG000BHPP79,BBG000BHPNW6,BBG001S75KX5,False
009540.KS,"Korea Shipbuilding & Offshore Engineering Co., Ltd.","Korea Shipbuilding & Offshore Engineering Co.,Ltd. engages in shipbuilding and offshore engineering businesses in South Korea. The company builds oil tankers, containerships, bulk carriers, lng and lpg carriers, pc tankers, semi-submersible drilling rigs, special-purpose ships, floating/fixed-type oil and gas production facilities, subsea pipelines and offshore installations, power plants, chemical processing plants, processing equipment, and special equipment. It also provides two-stroke and four-stroke marine engines, and components; propellers; engine power plants; and photovoltaic modules and systems. The company was formerly known as Hyundai Heavy Industries Co., Ltd. The company was founded in 1972 and is based in Seoul, South Korea.",KRW,Industrials,Capital Goods,Machinery,KSC,XKRX,KOSPI Stock Market,South Korea,,Seoul,03058,http://www.ksoe.co.kr,Large Cap,KR7009540006,,BBG000DBLYN7,BBG000DBLYN7,BBG001SD6421,False
009580.KS,"Moorim P&P Co., Ltd.","Moorim P&P Co., Ltd. engages in the production and sale of paper and pulp products in South Korea and internationally. The company produces and sells bleached chemical pulp and magnesium hydroxide. It also manufactures and sells printing papers, including art and white papers; and engages in the provision of credit and forestry businesses. The company was founded in 1974 and is headquartered in Ulsan, South Korea.",KRW,Materials,Materials,Paper & Forest Products,KSC,XKRX,KOSPI Stock Market,South Korea,,Ulsan,,http://www.moorim.co.kr,Micro Cap,KR7009580002,,BBG000BGW693,BBG000BGW4P0,BBG001S71PP7,False
009680.KS,Motonic Corporation,"Motonic Corporation manufactures and sells automotive components worldwide. The company offers high pressure regulators, receptacle, and manifolds; LPDI high-pressure fuel pumps, and low-pressure fuel pumps and drivers; LPI systems comprising pump modules, injection modules, regulators, and drivers; oil pump control units and fuel pump controllers; and variable valve lifts. It also provides electronic-cylinder deactivation actuators and electronic-variable valve lifts; aluminum alloy, stainless steel, plastic, and high pressure rails; oil pumps; GDI high-pressure fuel pumps; EGR valves; and air induction components comprising intake manifolds, throttle bodies, and air control valves. In addition, the company offers LPG bi-fuel systems, including regulators, cut-off solenoids, ECUs, and injectors; rocker arms; and gas filters, switch and level gauges, waste gate actuators, control units, piston clutches, and LPG mixer systems. The company was formerly known as Changwon Carburetor Ind. Co., Ltd. and changed its name to Motonic Corporation in March 2002. Motonic Corporation was founded in 1974 and is headquartered in Seoul, South Korea.",KRW,Consumer Discretionary,Automobiles & Components,Auto Components,KSC,XKRX,KOSPI Stock Market,South Korea,,Seoul,,http://www.motonic.co.kr,Micro Cap,KR7009680000,,BBG000BFWQ82,BBG000BFWP93,BBG001S7M774,False
009770.KS,"Samjung Pulp Co., Ltd.","Samjung Pulp Co., Ltd. produces hygiene papers in South Korea. The company offers toilet papers, kitchen towels, wet and beauty tissues, and other products for household appliances; adult diapers; and other products, such as napkins, hand towels, and jumbo roll products and hand roll towel. It provides its products under the Pure Promise and Living Tissue brands. The company was founded in 1974 and is headquartered in Seoul, South Korea.",KRW,Materials,Materials,Paper & Forest Products,KSC,XKRX,KOSPI Stock Market,South Korea,,Seoul,,http://www.sjpulp.com,Micro Cap,KR7009770009,,BBG000GPW091,BBG000GPW091,BBG001SR3WQ5,False
009810.KS,"MDSsphere Co., Ltd.","MDSsphere Co., Ltd. is a company listed on the KOSPI Stock Market under the ticker 009810 and traded in KRW. It is classified in the Industrials sector (Trading Companies & Distributors). Its country is South Korea.",KRW,Industrials,Capital Goods,Trading Companies & Distributors,KSC,XKRX,KOSPI Stock Market,South Korea,,Seoul,135-729,https://www.mdssphere.com,Micro Cap,KR7009810003,,BBG000BGVC73,BBG000BGVC73,BBG001S71N09,False
009830.KS,Hanwha Solutions Corporation,"Hanwha Solutions Corporation operates in the chemicals, energy solutions, and advanced materials business areas in South Korea and internationally. The company offers petrochemical products; and photovoltaic cells and modules. In addition, it builds and operates power plants, as well as retails electricity; and provides lightweight composite materials, photovoltaic materials, and electronic materials. The company is headquartered in Seoul, South Korea.",KRW,Materials,Materials,Chemicals,KSC,XKRX,KOSPI Stock Market,South Korea,,Seoul,,http://www.hanwhasolutions.com,Mid Cap,KR7009830001,,BBG000BCVBG4,BBG000BCVB56,BBG001S6JK17,False
009835.KS,Hanwha Solutions Corporation,"Hanwha Solutions Corporation operates in the chemicals, energy solutions, and advanced materials business areas in South Korea and internationally. The company offers petrochemical products; and photovoltaic cells and modules. In addition, it builds and operates power plants, as well as retails electricity; and provides lightweight composite materials, photovoltaic materials, and electronic materials. The company is headquartered in Seoul, South Korea.",KRW,Materials,Materials,Chemicals,KSC,XKRX,KOSPI Stock Market,South Korea,,Seoul,,http://www.hanwhasolutions.com,Mid Cap,KR7009831009,,BBG000BHG5T9,BBG000BHG5T9,BBG001S7CC29,False
009900.KS,"Myoung Shin Industrial Co.,Ltd","Myoung Shin Industrial Co.,Ltd manufactures and sells automobile parts in South Korea. The company was founded in 1982 and is headquartered in Gyeongju, South Korea.",KRW,Consumer Discretionary,Automobiles & Components,Auto Components,KSC,XKRX,KOSPI Stock Market,South Korea,,Gyeongju,,http://www.myoungshinindustry.com,Small Cap,KR7009900002,,BBG0035VPH04,BBG0035VPH04,BBG0035VPH31,False
009970.KS,"Youngone Holdings Co., Ltd.","Youngone Holdings Co., Ltd. manufactures and sells apparel, footwear, gear, sportswear, and jackets in South Korea and internationally. The company offers outdoor/athletic apparel, including down outerwear, woven sportswear, rainwear, synthetic insulated outerwear, casual streetwear, knits, and activewear; and materials, such as woven nylon, polyester fabrics, and polyester fleece and knits. It also provides gear, including technical packs, luggage, canvas totes, handbags, and internal steel frame construction for lifestyle bags; and safety footwear, winter boots, and outdoor and casual footwears. The company was formerly known as Youngone Corp. and changed its name to Youngone Holdings Co., Ltd. in July 2001. Youngone Holdings Co., Ltd. was founded in 1974 and is headquartered in Seoul, South Korea.",KRW,Consumer Discretionary,Consumer Durables & Apparel,"Textiles, Apparel & Luxury Goods",KSC,XKRX,KOSPI Stock Market,South Korea,,Seoul,04500,https://www.youngone.co.kr,Small Cap,KR7009970005,,BBG000BH3P73,BBG000BH3NH7,BBG001S728T0,False
010040.KS,"Korea Refractories Co., Ltd","Korea Refractories Co., Ltd. develops and manufactures refractories and furnaces in South Korea. The company's refractories include shaped refractories, such as firing and non-firing refractories; and monolithic refractories, such as castable refractories, plastic refractories, and mortars. Its industrial furnaces comprise ferrous metal furnaces, such as metal heating furnaces and metal heat treatment furnaces; non-ferrous metal furnaces, including aluminum melting and holding furnaces, aluminum heat treatment furnaces, and copper heat treatment furnaces; and other furnaces, such as powder metallurgy sintering furnaces, metalizing furnaces, firing furnaces, and special order furnaces. The company also offers engineering, installation, and supervision services. Its products are used in various applications, such as iron and metal, incinerator, steel, cement, petrochemical, non-ferrous, and other industry applications. The company was formerly known as Korea Special Refractories Co. Ltd and changed its name to Korea Refracrories Co., Ltd. in January 1995. Korea Refracrories Co., Ltd. was founded in 1973 and is headquartered in Dangjin, South Korea.",KRW,Industrials,Capital Goods,Machinery,KSC,XKRX,KOSPI Stock Market,South Korea,,Dangjin,,http://www.fskrc.co.kr,Micro Cap,KR7010040004,,BBG000C1BPS5,BBG000C1BPH7,BBG001SD5JY4,False
010050.KS,"Woori Investment Bank Co., Ltd.","Woori Investment Bank Co., Ltd. provides various financial products and services to corporate and individual customers in South Korea. The company offers investment and commercial banking products and services, including deposits, loans, foreign exchange, letters of credit, lease finance, and securities dealing, as well as investment banking services. It also provides short term and long-term loans, guarantee, and financing services; project and international finance; and M&A advisory services. In addition, the company offers financial products comprising CMA, issuance of bill, commercial papers, corporate bonds, beneficiary certificates, and repurchase agreements. It operates four branches located in Seoul, Gangnam, Gwangju, Mokpo, and Daejeon. The company was formerly known as Kumho Investment Bank and changed its name to Woori Investment Bank Co., Ltd. in October 2013. The company was founded in 1974 and is based in Seoul, South Korea. Woori Investment Bank Co., Ltd. is a subsidiary of Woori Financial Group Inc.",KRW,Financials,Banks,Banks,KSC,XKRX,KOSPI Stock Market,South Korea,,Seoul,04631,http://www.wooriib.com,Small Cap,KR7010050003,,,,,True
010060.KS,OCI Company Ltd.,"OCI Company Ltd., together with its subsidiaries, manufactures and sells basic chemical products in Korea, the United States, China, Asia, Europe, and internationally. The company operates through four segments: Basic Chemicals, Carbon Chemicals, Energy Solutions, and Others. It provides basic chemicals, such as polysilicon used for solar power generation and semiconductors; phosphoric acid, which is used in semiconductor wafer etchant material, LCD etchant material, food additives, and metal surface treatment agents; hydrogen peroxide used as an environmentally friendly oxidant in healthcare, food, and cosmetic industries; fumed silica that is used in construction, automobile, semiconductors, etc.; and vacuum insulation panels. The company also offers petrochemical and carbon materials, including carbon black used as reinforcing rubber elasticity and color rubber, as well as ink, paint, and conductive materials; benzene, toluene, and xylene used as a base material; pitch used as a binding agent in anodes for aluminum smelting, and other binding applications; plasticizers that enhance flexibility, low-temperature resistance, and processability of PVC products; and TDI used in foam type products, such as the components of vehicles, beds, paints, and adhesives. In addition, it provides develops and operates solar PV energy and cogeneration power plants. Further, the company manufactures and sells percarbonate, solar tracker and panels, pesticides, coal tar, carbon black, as well as solar energy equipment and related materials. Additionally, it develops real estate; invests in and operates information system; supplies steam and hot water; and offers manpower and jobs for business support services. The company was formerly known as DC Chemical Co., Ltd. and changed its name to OCI Company Ltd. in April 2009. OCI Company Ltd. was founded in 1959 and is headquartered in Seoul, South Korea.",KRW,Materials,Materials,Chemicals,KSC,XKRX,KOSPI Stock Market,South Korea,,Seoul,04532,http://www.oci.co.kr,Mid Cap,KR7010060002,,BBG000BGHVX8,BBG000BGHVK2,BBG001S75FB0,False
010100.KS,"Korea Flange Co., Ltd","Korea Flange Co., Ltd. manufactures and sells automotive power transmission parts worldwide. It offers auto parts, including half shaft and front axle assemblies for passenger cars; and front axle and brake assemblies for buses and trucks. The company also provides engine parts of automobiles comprising crank and cam shafts, hubs, differential gears, spindles, and connecting rods; and carbon steel, non-steel, ANSI, AWWA, API, MSS, welding neck, threeded, slip-on, lap joint, blind, and socket welding flanges. In addition, it offers industrial vessel engine bases and frames, such as air and exhaust receivers, bed plates, and frame boxes for power plants, vessel and steel structures, press containers of chemical factories, and bridge and construction-related works. The company was formerly known as Ulsan Ironworks Corporation and changed its name to Korea Flange Co., Ltd. in March 1976. Korea Flange Co., Ltd. was founded in 1974 and is headquartered in Ulsan, South Korea.",KRW,Consumer Discretionary,Automobiles & Components,Auto Components,KSC,XKRX,KOSPI Stock Market,South Korea,,Ulsan,,http://www.kofco.com,Micro Cap,KR7010100006,,BBG000BHPQB2,BBG000BHPQB2,BBG001S75KZ3,False
010120.KS,"LS ELECTRIC Co., Ltd.","LS ELECTRIC Co., Ltd. is a company listed on the KOSPI Stock Market under the ticker 010120. It operates in the Electrical Equipment industry within the Industrials sector. The company is headquartered in Anyang-Si, South Korea.",KRW,Industrials,Capital Goods,Electrical Equipment,KSC,XKRX,KOSPI Stock Market,South Korea,,Anyang-Si,14119,https://www.ls-electric.com,Large Cap,KR7010120004,,BBG000GPVN92,BBG000GPVN92,BBG001S8ZTR8,False
010130.KS,"Korea Zinc Company, Ltd.","Korea Zinc Company, Ltd. is a company listed on the KOSPI Stock Market under the ticker 010130. It operates in the Metals & Mining industry within the Materials sector. The company is headquartered in Seoul, South Korea.",KRW,Materials,Materials,Metals & Mining,KSC,XKRX,KOSPI Stock Market,South Korea,,Seoul,03159,https://www.koreazinc.co.kr,Large Cap,KR7010130003,,BBG000BGZQ96,BBG000BGZQ96,BBG001S71YR6,False
010140.KS,"Samsung Heavy Industries Co., Ltd.","Samsung Heavy Industries Co., Ltd. is a company listed on the KOSPI Stock Market under the ticker 010140. It operates in the Aerospace & Defense industry within the Industrials sector. The company is headquartered in Seongnam-si, South Korea.",KRW,Industrials,Capital Goods,Aerospace & Defense,KSC,XKRX,KOSPI Stock Market,South Korea,,Seongnam-si,13486,https://www.samsungshi.com,Large Cap,KR7010140002,,BBG000BGJN73,BBG000BGJN73,BBG001S7P4M1,False
010400.KS,"Woojin I&S Co., Ltd.","Woojin I&S Co., Ltd. engages in the construction and machinery equipment production activities in South Korea, rest of Asia, the United States, Europe, and internationally. The company offers semi-con, system, spiral, and transverse duct flange ducts, as well as ROTOFLON lining and hook-up pipes and fittings. It also provides fluororesin, ethylene tetra fluoro ethylene, CPT, and ROTOFLON lining coatings. In addition, the company constructs mechanical, fire safety, pre-fabrication-piping system, and unit pipe facilities; and hotels, stores, hospitals, cultural facilities, apartments, offices, and special construction facilities. Woojin I&S Co., Ltd. was founded in 1975 and is headquartered in Seoul, South Korea.",KRW,Industrials,Capital Goods,Machinery,KSC,XKRX,KOSPI Stock Market,South Korea,,Seoul,,http://www.woojini.com,Nano Cap,KR7010400000,,BBG00LNQ7LW1,BBG003QVG4Y3,BBG003QVG507,False
010420.KS,"Hansol PNS Co.,Ltd.","Hansol PNS Co.,Ltd. provides IT outsourcing and solutions, and system integration services. The company provides industry-specific outsourcing services for manufacturing, logistics, construction, leisure, environment, public service, and communication industries. It services portfolio includes service level agreement, information strategy service, established medium and long term information strategy, IT outsourcing planning, service level management, information investment performance management, CIO council operations, application services, maintenance management, performance improvement management, user support, disaster recovery service, remote CD tape archive, disaster recovery action plan, recovery test, electronic recovery, security management service, intrusion detection, server vulnerability management, virus protection, security situation report, and security tool installation and management. Hansol PNS Co.,Ltd. offers IT services in the field of application services, IT infrastructure, disaster recovery, and security management. The company was formerly known as Hansol PNS Co.,Ltd. and changed its name to HansolPNS Co., Ltd. in June 2008. Hansol PNS Co.,Ltd. was founded in 1975 and is based in Seoul, South Korea.",KRW,Materials,Materials,Paper & Forest Products,KSC,XKRX,KOSPI Stock Market,South Korea,,Seoul,,http://it.hansolpns.com,Nano Cap,KR7010420008,,BBG000BH2YT1,BBG000BH2Y66,BBG001S72794,True
010600.KS,"Wellbiotec Co., Ltd.","Wellbiotec Co., Ltd. produces and sells leather products in South Korea and internationally. The company provides leather products for shoes, bags, car seats, and handle covers. It also offers logistics consulting, container, warehouse/clearance, and transportation agency services; product research and development, consulting, distribution, and sales; and general and specialized medicines, health functional products, diagnosis kits, cosmeceuticals, and other products. In addition, the company is involved in casting agency, celebrity development, content production, and multi-channel network; and food and beverages businesses. The company was founded in 1975 and is headquartered in Seoul, South Korea.",KRW,Consumer Discretionary,Consumer Durables & Apparel,"Textiles, Apparel & Luxury Goods",KSC,XKRX,KOSPI Stock Market,South Korea,,Seoul,06170,http://www.wellbiotec.com,Micro Cap,KR7010600005,,BBG000BRH8L8,BBG000BRH8L8,BBG001S9S701,True
010620.KS,"Hyundai Mipo Dockyard Co., Ltd.","Hyundai Mipo Dockyard Co., Ltd. engages in the shipbuilding business in South Korea. The company primarily builds medium-sized conventional ships and specialized vessels. It offers chemical tankers, container ships, LPG carriers, pure car and truck carriers, open hatch general cargo carriers, bulk carriers, LNG bunkering vessels, drill ships, pipe and cable laying vessels, ferries, and multi-purpose cargo ships. Hyundai Mipo Dockyard Co., Ltd. was founded in 1975 and is headquartered in Ulsan, South Korea.",KRW,Industrials,Transportation,Marine,KSC,XKRX,KOSPI Stock Market,South Korea,,Ulsan,682-712,http://www.hmd.co.kr,Mid Cap,KR7010620003,,BBG000BCXSW7,BBG000BCXSW7,BBG001S6JZT4,True
010640.KS,"Chinyang Poly Urethane Co.,Ltd","Chinyang Poly Urethane Co.,Ltd produces and supplies polyurethane foam products in South Korea. It serves furniture, automobile, shoes, construction, packaging, and electronics industries. The company was founded in 1975 and is headquartered in Pyeongtaek-si, South Korea.",KRW,Materials,Materials,Chemicals,KSC,XKRX,KOSPI Stock Market,South Korea,,Pyeongtaek-si,100-2018,http://www.chinyangpoly.kr,Nano Cap,KR7010640001,,BBG000BFYHB6,BBG000BFYHB6,BBG001S6TLF9,False
010660.KS,"Hwacheon Machinery Co., Ltd.","Hwacheon Machinery Co., Ltd. manufactures and sells machine tools, and automobile parts and components in Korea. It offers lathes, milling machines, NC machine tools, and special-purpose machines, as well as automotive parts, including engine blocks, cylinder heads, crankshafts, and other components. The company markets and sells its products in the United States, Asia, and Europe. Hwacheon Machinery Co., Ltd. was founded in 1952 and is headquartered in Seoul, South Korea.",KRW,Industrials,Capital Goods,Machinery,KSC,XKRX,KOSPI Stock Market,South Korea,,Seoul,,http://www.hwacheon.com/en/company/hwintro_partner_02.do,Micro Cap,KR7010660009,,BBG000BFS0P5,BBG000BFS0P5,BBG001S6S2V4,False
010690.KS,"HWASHIN CO.,Ltd","HWASHIN CO.,Ltd manufactures and sells automobile chassis and body components. It offers chassis products, such as front and rear cross member type, front and rear lower arm, rear CTBA, rear trailing and assist arm, rear axle housing assembly, front upper arm, pedal, and fuel tank; and body parts comprising reinf side outer, fender apron and member, center and rear floor, cowl complete and cross bar, bumper rail, and sun roof reinf products. The company was formerly known as Hwashin Industrial Corporation and changed its name to HWASHIN CO.,Ltd in March 1995. HWASHIN CO.,Ltd was founded in 1969 and is headquartered in Yeongcheon, South Korea.",KRW,Consumer Discretionary,Automobiles & Components,Auto Components,KSC,XKRX,KOSPI Stock Market,South Korea,,Yeongcheon-Si,770-280,http://www.hwashin.co.kr,Micro Cap,KR7010690006,,BBG000BFWRQ0,BBG000BFWRQ0,BBG001S7M783,False
010770.KS,"Pyung Hwa Holdings Co., Ltd.","Pyung Hwa Holdings Co., Ltd. operates in the rubber industry in South Korea. The company offers anti-vibration systems, such as power train mounts, suspension and chassis products, engine systems, engine + belt systems, and other products; hose systems, including fuel, braking/steering, air, and cooling systems; and defense industry products comprising caterpillars, pads, and road wheels. It also provides sealing systems that include engine, transmission, valve body, chassis, chassis shock absorber, and electronic industry products; and metallic materials that comprise drivetrain parts, steering units, brakes, home appliance parts, and electric/hydrogen vehicle parts, as well as designs and manufactures molds and automated machines for automotive parts products. The company was founded in 1950 and is based in Daegu, South Korea.",KRW,Industrials,Capital Goods,Electrical Equipment,KSC,XKRX,KOSPI Stock Market,South Korea,,Daegu,,http://www.phhc.co.kr,Nano Cap,KR7010770006,,BBG000BP1YD1,BBG000BP1Y05,BBG001S8ZTN2,False
010780.KS,"IS DongSeo Co., Ltd.","IS DongSeo Co., Ltd. is a company listed on the KOSPI Stock Market under the ticker 010780. It operates in the Construction & Engineering industry within the Industrials sector. The company is headquartered in Seoul, South Korea.",KRW,Industrials,Capital Goods,Construction & Engineering,KSC,XKRX,KOSPI Stock Market,South Korea,,Seoul,06071,https://www.isdongseo.co.kr,Small Cap,KR7010780005,,BBG000BDH5B6,BBG000BDH5B6,BBG001S6HN95,False
010820.KS,"FIRSTEC Co., Ltd","FIRSTEC Co., Ltd designs, manufactures, and sells firing control, guidance control, actuation, environmental control, wire harness, and various precision systems worldwide. The company offers environmental control systems for POD, air data systems, throttle quadrant systems, NVIS and cockpit panels, MFD, attitude control systems, landing/search lights, FADEC, wire harness/electrical kits, simulators, control display units, combined systems, fire extinguishing systems, and air data systems for the aerospace industry. It also provides guided weapon products, including actuation systems, guidance control systems, fire control systems, fuel propulsion systems, cables, valves, and electrical parts used in surface-to-air missiles, anti-submarine missiles, ship-to-ship missiles, LOGIR applications, etc. In addition, the company offers driver panel units, driving systems, speed sensor kits, slip rings, cables and electrical kits, chutes, control panels, A/Z indicators, firing interrupters, instrument panels, gear boxes, automatic fire extinguishers, winches, radar components, etc., as well as develops projects for military intelligent robots and ranger robots. Further, it provides rocking arms assemblies, safety firing gear assemblies, mine laying controllers and systems, signal ejectors, and deceiving systems against torpedo for use in warship guns, minelayers ships, submarines, etc. Additionally, the company offers unmanned ground vehicles for demonstration of explosives, and ordnance disposal and reconnaissance; UAV, such as fuel systems, full-scale structure test products, and ground support equipment; and ground control systems, de-icing devices, navigation devices, and docking stations for intelligence, surveillance, and reconnaissance applications, as well as face recognition solutions. FIRSTEC Co., Ltd was founded in 1975 and is headquartered in Changwon, South Korea.",KRW,Industrials,Capital Goods,Aerospace & Defense,KSC,XKRX,KOSPI Stock Market,South Korea,,Changwon,642-050,http://www.firsteccom.co.kr,Micro Cap,KR7010820009,,BBG000BFXKV8,BBG000BFXKL9,BBG001S6TD58,False
010950.KS,S-Oil Corporation,"S-Oil Corporation is a company listed on the KOSPI Stock Market under the ticker 010950. It operates in the Oil, Gas & Consumable Fuels industry within the Energy sector. The company is headquartered in Seoul, South Korea.",KRW,Energy,Energy,"Oil, Gas & Consumable Fuels",KSC,XKRX,KOSPI Stock Market,South Korea,,Seoul,04196,https://www.s-oil.com,Large Cap,KR7010950004,,BBG000BCYWX6,BBG000BCYWX6,BBG001S6K4Z4,False
010955.KS,S-Oil Corporation,"S-Oil Corporation is a company listed on the KOSPI Stock Market under the ticker 010955. It operates in the Oil, Gas & Consumable Fuels industry within the Energy sector. The company is headquartered in Seoul, South Korea.",KRW,Energy,Energy,"Oil, Gas & Consumable Fuels",KSC,XKRX,KOSPI Stock Market,South Korea,,Seoul,04196,https://www.s-oil.com,Large Cap,KR7010951002,,BBG000BH4RB3,BBG000BH4RB3,BBG001S79ZC1,False
010960.KS,"Samho Development Co., LTD","Samho Development Co., LTD engages in civil construction business in South Korea. It constructs various engineering projects, including highway, national road, tunnel, land reclamation, airport, subway, soft land improvement, estate development, power plant, and golf course. The company also rents construction and industrial machines; and produces and sells aggregate and asphalt concrete products, as well as provides services for landscape construction projects. Samho Development Co., LTD was founded in 1976 and is headquartered in Dangjin, South Korea.",KRW,Industrials,Capital Goods,Construction & Engineering,KSC,XKRX,KOSPI Stock Market,South Korea,,Dangjin-si,,http://www.samhodev.com,Nano Cap,KR7010960003,,BBG000N8PN35,BBG000N8PMN5,BBG001SKP852,False
011000.KS,"GeneOne Life Science, Inc.","GeneOne Life Science, Inc., a biopharmaceutical company, engages in the research, development, and contract manufacturing of nucleic acid-based biopharmaceuticals. Its small molecule pipeline comprises GLS-1027, which is in Phase I clinical trial for treatment of nephropathy and inflammatory diseases; GLS-1200 that is in Phase II clinical trial to treat Rhinosinusitis; GLS-1027 and GLS-1200, which is Phase II clinical trial for treatment of COVID-19. The company's nucleic acid vaccines include GLS-3000 mRNA under feasible study and GLS-5310 DNA under phase 2 stage for the treatment of SARS-CoV-2; GLS-5100 under pre-clinical stage for prevention of herpes zoster; and GLS-5140 under pre-clinical stage for the treatment of SFTS prophylaxis. In addition, it is developing GLS-5300, which is in Phase II clinical trial for MERS; GLS-5700 that is in Phase I clinical trial for Zika; and GLS-6150, which is in Phase I clinical trial for treatment of hepatitis C re-infection prophylaxis, as well as GLS-6100 that is in pre-clinical stage for hepatitis C prophylaxis. Further, the company's discovery and optimization stage pipeline comprise GLS-7000 for the treatment of breast cancer; GLS-7100 for treating hemophilia A; GLS-8000 for the prevention of chronic hepatitis B; and GLS-8100 for treating rheumatoid arthritis. Additionally, it engages in the cGMP production of nucleic acid-based products, including DNA plasmids and mRNA. The company was formerly known as VGX International Inc. and changed its name to GeneOne Life Science, Inc. in April 2014. GeneOne Life Science, Inc. was founded in 1976 and is headquartered in Seoul, South Korea.",KRW,Health Care,"Pharmaceuticals, Biotechnology & Life Sciences",Biotechnology,KSC,XKRX,KOSPI Stock Market,South Korea,,Seoul,06060,https://www.genels.com,Nano Cap,KR7011000007,,BBG000BDV0K1,BBG000BDTZR0,BBG001S6K4J2,False
011070.KS,"LG Innotek Co., Ltd.","LG Innotek Co., Ltd. manufactures and sells electronic materials and components for mobile, automotive, display, semiconductor, LED, and Internet of Things (IoT) businesses in South Korea and internationally. The company offers 2 metal COF; automotive radars; BLE system in package (SiP); COB; COF; CSP; electric oil pumps; electric vehicle communication controllers; flip chip CSP; motor for braking; motor for dual clutch transmission; motor for eletro hydraulic brakes and electric power steering; photo masks; SiP; and smart cameras for IoT. It also provides 3D sensing modules; battery management systems; Bluetooth/Bluetooth + Wi-Fi combo modules; camera modules for automotive and mobile; cellular modules; DC-DC converters for automotive; digital key modules; digital tuners; door and glass break sensors; LED driver modules for automotive; LED modules for automotive; motion sensors; PoE to WiFi bridge; switch mode power supply; steering sensor; v2x communication module; water leakage sensor; and Wi-Fi modules. The company was formerly known as LG Electro-Components Co., Ltd. and changed its name to LG Innotek Co., Ltd. in May 2000. LG Innotek Co., Ltd. was founded in 1970 and is headquartered in Seoul, South Korea.",KRW,Information Technology,Technology Hardware & Equipment,"Electronic Equipment, Instruments & Components",KSC,XKRX,KOSPI Stock Market,South Korea,,Seoul,07796,http://www.lginnotek.com,Large Cap,KR7011070000,,BBG000BNKD41,BBG000BNKC43,BBG001SQ83W9,False
011090.KS,"Enex Co.,Ltd","Enex Co., Ltd. manufactures and sells furniture in Korea and internationally. The company offers built-in wardrobes, including casements, sliding built-in cabinets, built-in cabinate options, wardrobes, single cabinet, front doors, and dress rooms; bedroom furniture, such as queen/king bed, single bed, mattresses, chiffoniers, and dressing tables; and living room furniture comprising sofa, Chinese furniture, and tea tables. It also provides kitchen furniture, including tables, storage, and Ireland furniture products; and student/study room furniture, such as chairs, desks, bookshelves, and kid's furniture products, as well as office furniture products. In addition, the company offers household goods comprising kitchen, bathroom, and pet products, as well as bedding sets, carpets, and rugs; and furniture and product equipment for kitchen, living room, and multi-purpose spaces. It sells its products through direct stores and distribution networks, as well as online under the Enex brand name. The company was formerly known as ORIPYO Co., Ltd. and changed its name to Enex Co., Ltd. in March 1992. Enex Co., Ltd. was founded in 1971 and is based in Seoul, South Korea.",KRW,Consumer Discretionary,Consumer Durables & Apparel,Household Durables,KSC,XKRX,KOSPI Stock Market,South Korea,,Seoul,,http://www.enex.co.kr,Nano Cap,KR7011090008,,BBG000BX9ZP0,BBG000BX9ZJ7,BBG001S79ZD0,False
011150.KS,CJ Seafood Corporation,"CJ Seafood Corporation is a company listed on the KOSPI Stock Market under the ticker 011150. It operates in the Food Products industry within the Consumer Staples sector. The company is headquartered in Seongnam-si, South Korea.",KRW,Consumer Staples,"Food, Beverage & Tobacco",Food Products,KSC,XKRX,KOSPI Stock Market,South Korea,,Seongnam-si,5449-1,https://www.cjseafood.net,Micro Cap,KR7011150000,,BBG000BGTFP9,BBG000BGTFP9,BBG001S71L12,False
011155.KS,CJ Seafood Corporation,"CJ Seafood Corporation is a company listed on the KOSPI Stock Market under the ticker 011155. It operates in the Food Products industry within the Consumer Staples sector. The company is headquartered in Seongnam-si, South Korea.",KRW,Consumer Staples,"Food, Beverage & Tobacco",Food Products,KSC,XKRX,KOSPI Stock Market,South Korea,,Seongnam-si,5449-1,https://www.cjseafood.net,Nano Cap,KR7011151008,,BBG000BGTCR4,BBG000BGTCR4,BBG001S71KL2,False
011170.KS,Lotte Chemical Corporation,"Lotte Chemical Corporation, a chemical company, manufactures and distributes polymers, monomers, basic petrochemical products, and megatrend products. The company operates through Monomer, Polymer, Basic Petrochemicals, and Others segments. It offers polymer products, including high density, low-density, and linear low-density polyethylene, as well as ethylene-vinyl acetate; transparent-impact resistance polypropylene, as well as polypropylene for injection and blow molding, yarns/fibers, and films; thermoplastic elastomers, adhesive resins, thermoplastic olefins, long fiber reinforced thermoplastics, and expanded polypropylenes; polycarbonates, polycarbonate resins, and acrylonitrile-butadiene-styrene resins; and polyethylene terephthalates. The company also provides monomers, such as ethylene glycols/ethylene oxides; methoxy polyethylene glycols and polyethylene glycols, as well as VPEG, a raw material for third generation admixtures; glycole ethers; methyl methacrylates; purified isophthalic acids; and purified terephthalic acids. In addition, it offers basic petrochemicals comprising benzene, toluene, mixed xylene, meta-xylene, para-xylene, and ortho-xylene, as well as isoprene, dicyclopentadiene, piperylene, and styrene monomers; and water treatment membranes. Further, the company provides property lease and labor dispatch services. It conducts operations in the Republic of Korea, Malaysia, the United States, Pakistan, China, and other regions. The company was formerly known as Honam Petrochemical Corporation and changed its name to Lotte Chemical Corporation in December 2012. Lotte Chemical Corporation was founded in 1976 and is headquartered in Seoul, South Korea.",KRW,Materials,Materials,Chemicals,KSC,XKRX,KOSPI Stock Market,South Korea,,Seoul,05551,http://www.lottechem.com,Small Cap,KR7011170008,,BBG000BHNWH5,BBG000BHNW30,BBG001S75FN7,False
011200.KS,"HMM Co.,Ltd","HMM Co.,Ltd, an integrated logistics company, provides shipping and logistic services worldwide. The company transports commodities, such as crude oil, coal, iron ore, and various special cargoes, as well as import/export goods. It operates container ships; bulk carriers; tankers, such as crude and product tankers; and trampers that include Cape, Panamax, and Supramax/Handy, as well as heavy lifts and special product carriers. The company was formerly known as Hyundai Merchant Marine Co.,Ltd. and changed its name to HMM Co.,Ltd in March 2020. HMM Co.,Ltd was founded in 1976 and is based in Seoul, South Korea.",KRW,Industrials,Transportation,Marine,KSC,XKRX,KOSPI Stock Market,South Korea,,Seoul,03127,http://www.hmm21.com,Large Cap,KR7011200003,,BBG000FQW795,BBG000FQW6G9,BBG001S8MFV7,False
011210.KS,HYUNDAI WIA Corporation,"HYUNDAI WIA Corporation is a company listed on the KOSPI Stock Market under the ticker 011210. It operates in the Auto Components industry within the Consumer Discretionary sector. The company is headquartered in Changwon-Si, South Korea.",KRW,Consumer Discretionary,Automobiles & Components,Auto Components,KSC,XKRX,KOSPI Stock Market,South Korea,,Changwon-Si,51533,https://www.hyundai-wia.com,Small Cap,KR7011210002,,BBG000JNGHC0,BBG000JNGHC0,BBG001SRNZC1,False
011230.KS,"Samwha Electronics Co.,Ltd.","Samwha Electronics Co.,Ltd. manufactures and sells soft ferrite core products worldwide. It offers E cores; PQ/RM cores; POT cores; low profile cores; EP cores; planer cores; SQ, SQE, and UU cores; toroid cores; rod, bar, and screw cores; drum/SMD cores; LF antenna cores; ferrite sheets for wireless charging; ferrite absorbers; and EMC cores. The company also provides magnetic powder cores, chip components, and ferrite plate products. In addition, it offers chip ferrite beads and arrays; chip ferrite and chip power inductors; and chip LC/chip common mode filters. The company was founded in 1976 and is headquartered in Yongin, South Korea.",KRW,Information Technology,Technology Hardware & Equipment,"Electronic Equipment, Instruments & Components",KSC,XKRX,KOSPI Stock Market,South Korea,,Yongin,17118,http://www.samwha.com/electronics,Nano Cap,KR7011230000,,BBG000BDRKS4,BBG000BDRK59,BBG001S6JZZ7,False
011280.KS,"Tailim Packaging Co., Ltd.","Tailim Packaging Co., Ltd. manufactures and sells paper and packaging products in South Korea. The company was formerly known as Tailim Packaging Industrial Co., Ltd. and changed its name to Tailim Packaging Co., Ltd. in May 2016. Tailim Packaging Co., Ltd. was founded in 1976 and is based in Siheung, South Korea.",KRW,Materials,Materials,Containers & Packaging,KSC,XKRX,KOSPI Stock Market,South Korea,,Siheung-Si,,http://www.tailim.com,Micro Cap,KR7011280005,,BBG000BFWGF6,BBG000BFWFM0,BBG001S6T387,False
011300.KS,"SEONGAN CO., Ltd.","SEONGAN CO., Ltd., a textile company, manufactures, exports, and sells fabric related products in Korea and internationally. The company offers dress, blouse, jackets/pants, prints and specialized, interior woven fabrics; white thobe and uniforms; and tops/dress, and prints and specialized fabrics. It offers its products under STARTEX, Kuntex, and SOFSIL brand names. SEONGAN CO., Ltd. was founded in 1953 and is headquartered in Seoul, South Korea.",KRW,Consumer Discretionary,Consumer Durables & Apparel,"Textiles, Apparel & Luxury Goods",KSC,XKRX,KOSPI Stock Market,South Korea,,Seoul,,http://www.startex.co.kr,Nano Cap,,,,,,False
011330.KS,"Uni-Chem Co., Ltd.","Uni-Chem Co., Ltd. is a company listed on the KOSPI Stock Market under the ticker 011330. It operates in the Textiles, Apparel & Luxury Goods industry within the Consumer Discretionary sector. The company is headquartered in Ansan-Si, South Korea.",KRW,Consumer Discretionary,Consumer Durables & Apparel,"Textiles, Apparel & Luxury Goods",KSC,XKRX,KOSPI Stock Market,South Korea,,Ansan-Si,15608,https://www.uni-chem.net,Nano Cap,KR7011330008,,BBG000BHNNK1,BBG000BHNNK1,BBG001S75DF1,False
011390.KS,"Busan Industrial Co., Ltd.","Busan Industrial Co., Ltd. provides construction materials in South Korea. It offers ready mixed concrete, cement, aggregates, and admixture materials. The company was founded in 1976 and is based in Busan, South Korea.",KRW,Materials,Materials,Construction Materials,KSC,XKRX,KOSPI Stock Market,South Korea,,Busan,617-050,http://www.busanind.co.kr,Nano Cap,KR7011390002,,BBG000BGZCH8,BBG000BGZC51,BBG001S71XZ9,False
011420.KS,"Galaxia SM, Inc.","Galaxia SM, Inc. engages in broadcast program production, sports marketing, and communication businesses in South Korea. The company produces international signals; organizes and operates international broadcast centers; and provides facilities and services for broadcasting to the rights holders, as well as produces sports presentations of athletics, swimming, and gymnastics. It is also involved in the provision of sports presentation services, such as in-house broadcasting, music, video, and lighting in the stadium; and media broadcasting rights activities. In addition, the company establishes and executes sports marketing strategies; offers channel, digital, and pre-sale marking services, as well as undertakes advertising agency works; develops and operates sports facilities, such as golf courses, fitness centers, ball game, sports, swimming pool, etc.; operates restaurants, cafes, etc.; and operates golf, gymnastics, and baseball academies. Further, it produces mobile videos; and operates and sells channels. Galaxia SM, Inc. was founded in 1975 and is based in Seoul, South Korea.",KRW,Communication Services,Media & Entertainment,Media,KSC,XKRX,KOSPI Stock Market,South Korea,,Seoul,,http://www.galaxiasme.com,Nano Cap,KR7011420007,,BBG000BNL5H3,BBG000BNL529,BBG001S8N6W5,False
011500.KS,Hannong Chemicals Inc.,"Hannong Chemicals Inc. produces and sells chemical raw materials in South Korea. The company offers glycol ethers for use as solvents or industrial intermediates in semiconductors, electronic goods, paints, inks, dyes, detergents, machine oils, brake fluids, and anti-freezing agents; nonionic surfactants; polyols for use as an intermediate for polyurethane, polyester, epoxy, and polycarbonic acid types of plasticizer; and functional monomers for ultra violet and electronic beam system coating. It also provides glyme and propionates for electronic materials; anionic surfactant products for household and industrial detergents, as well as emulsifier for emulsion polymerization; emulsifiers; linear alkyl phosphonic acids for the production of nanoparticles, such as quantum dots, nano-metals, and nano-ceramics; and carbomers, as well as solubilizing and emulsifying agents, humectants, solvents, and preservatives for personal care and cosmetic applications. The company was founded in 1976 and is headquartered in Gunsan, South Korea.",KRW,Materials,Materials,Chemicals,KSC,XKRX,KOSPI Stock Market,South Korea,,Gunsan,,http://www.hannong.co.kr,Micro Cap,KR7011500006,,BBG000MSGFH4,BBG000MSFCB8,BBG001SKHDC2,False
011690.KS,"Y2 Solution CO.,LTD","Y2 Solution CO.,LTD is a company listed on the KOSPI Stock Market under the ticker 011690. It operates in the Electronic Equipment, Instruments & Components industry within the Information Technology sector. The company is headquartered in Hwaseong-si, South Korea.",KRW,Information Technology,Technology Hardware & Equipment,"Electronic Equipment, Instruments & Components",KSC,XKRX,KOSPI Stock Market,South Korea,,Hwaseong-si,445-913,https://www.y2solution.com,Micro Cap,KR7011690005,,BBG000BZSPM9,BBG000BZSPM9,BBG001S7KS43,False
011700.KS,"Hanshin Machinery Co., Ltd.","Hanshin Machinery Co., Ltd. manufactures and sells air compressors in Korea and internationally. The company offers GRH and RCH series oil flooded compressors; AL, CDH, and FE type oil free screw compressors; and air cooled reciprocating air compressors. It also provides accessories, including refrigerated type air dryers, air filters, after coolers, and air receiver tanks, as well as air dryers for high temperature use; and green compressed air systems. The company was formerly known as Hanshin Machinery Mfg. Co., Ltd. and changed its name to Hanshin Machinery Co., Ltd. in November 1976. Hanshin Machinery Co., Ltd. was founded in 1969 and is based in Ansan, South Korea.",KRW,Industrials,Capital Goods,Machinery,KSC,XKRX,KOSPI Stock Market,South Korea,,Ansan-Si,15425,http://www.hanshin.co.kr,Micro Cap,KR7011700002,,BBG000BDM5D8,BBG000BDM502,BBG001S6JJZ3,False
011760.KS,Hyundai Corporation,"Hyundai Corporation operates as an import and export trading company worldwide. The company sells long and flat products, steel pipes, semi products, nonferrous metals, and coated steel products; monomers, petroleum products, polymers, and inorganic fertilizers; and passenger vehicles, commercial vehicles, OEM parts, and spare parts. It also engages in supplying equipment, parts, and signal communication systems for speed trains, subway trains, diesel cars, locomotives, passenger cars, and light rails; high-angle guns, military vehicles, armored cars, and weapons; and supertankers, medium sized bulk carriers, container ships, and gas tankers, as well as in the shipbuilding financing, ship repairing and remodeling, and used ship sales. In addition, the company constructs environmental and marine, transporting and loading, and gas processing facilities, as well as power plants, oil refineries, petrochemical plants, and desalination plants; produces industrial facilities and supplies related equipment; and provides various turnkey services, as well as offers project financing and offtake services. Further, it supplies electric equipment comprising generators, transformers, and distribution boards; offers commodities, engineering, and turnkey services, as well as transportation, installation, and audit services; and provides trading and financing services. Additionally, the company supplies PV modules, inverters, and wind turbines; offers excavators, wheel loaders, forklifts, industrial vehicles, supplementary equipment, pumping cars, cranes, and trucks, as well as provides related financing services; and invests in and develops energy and resource properties, such as coal, oil, and gas. Hyundai Corporation was founded in 1976 and is headquartered in Seoul, South Korea.",KRW,Industrials,Capital Goods,Trading Companies & Distributors,KSC,XKRX,KOSPI Stock Market,South Korea,,Seoul,110-140,http://www.hyundaicorp.com,Micro Cap,KR7011760006,,BBG000BDMCP0,BBG000BDMC98,BBG001S6JK71,False
011780.KS,"Kumho Petrochemical Co., Ltd.","Kumho Petrochemical Co., Ltd. manufactures and sells synthetic rubber and resins, specialty chemicals, nanocarbon, energy, and building materials in South Korea and internationally. The company's synthetic rubber products include high-cis and low-cis polybutadiene rubber, high styrene resin masterbatch, styrene butadiene latex and carboxyl styrene butadiene latex, LEADCAP, acrylonitrile butadiene rubber, ultra high-cis polybutadiene rubber, styrene butadiene rubber, styrene butadiene styrene, solution polymerized styrene butadiene rubber, and STE for use in industrial items, such as golf balls, medical products, footwear, asphalt modifiers, etc. Its synthetic resin products comprise acrylonitrile butadiene styrene, ENERPOR, engineering plastics, expandable polystyrene, GPPS, HIPS, polypropylene glycol, and styrene acrylonitrile for use in general-purpose products, such as automotive parts, electronic components, food containers, building materials, etc. The company also provides specialty chemicals consisting of antioxidants, vulcanization accelerators, and paint additives/diluents used in tires, rubber belts, and shoes; carbon nanotubes; and building materials comprise ABS window systems, PVC window systems, AL window systems, and gold foam insulators. In addition, it operates a cogeneration plant that provides residential, commercial, and industrial users with electricity, steam, and purified water to businesses. Kumho Petrochemical Co., Ltd. was founded in 1970 and is headquartered in Seoul, South Korea.",KRW,Materials,Materials,Chemicals,KSC,XKRX,KOSPI Stock Market,South Korea,,Seoul,,http://www.kkpc.co.kr,Mid Cap,KR7011780004,,BBG000BG6193,BBG000BG60N9,BBG001S71PZ6,False
011785.KS,"Kumho Petrochemical Co., Ltd.","Kumho Petrochemical Co., Ltd. manufactures and sells synthetic rubber and resins, specialty chemicals, nanocarbon, energy, and building materials in South Korea and internationally. The company's synthetic rubber products include high-cis and low-cis polybutadiene rubber, high styrene resin masterbatch, styrene butadiene latex and carboxyl styrene butadiene latex, LEADCAP, acrylonitrile butadiene rubber, ultra high-cis polybutadiene rubber, styrene butadiene rubber, styrene butadiene styrene, solution polymerized styrene butadiene rubber, and STE for use in industrial items, such as golf balls, medical products, footwear, asphalt modifiers, etc. Its synthetic resin products comprise acrylonitrile butadiene styrene, ENERPOR, engineering plastics, expandable polystyrene, GPPS, HIPS, polypropylene glycol, and styrene acrylonitrile for use in general-purpose products, such as automotive parts, electronic components, food containers, building materials, etc. The company also provides specialty chemicals consisting of antioxidants, vulcanization accelerators, and paint additives/diluents used in tires, rubber belts, and shoes; carbon nanotubes; and building materials comprise ABS window systems, PVC window systems, AL window systems, and gold foam insulators. In addition, it operates a cogeneration plant that provides residential, commercial, and industrial users with electricity, steam, and purified water to businesses. Kumho Petrochemical Co., Ltd. was founded in 1970 and is headquartered in Seoul, South Korea.",KRW,Materials,Materials,Chemicals,KSC,XKRX,KOSPI Stock Market,South Korea,,Seoul,,http://www.kkpc.co.kr,Small Cap,KR7011781002,,BBG000BGJH21,BBG000BGJH21,BBG001S75NT4,False
011790.KS,"SKC Co., Ltd.","SKC Co., Ltd. manufactures and markets chemicals and film products in South Korea and internationally. The company offers copper foil for lithium ion battery used in electric vehicles (EVs); NEOCOVER, a material used for EVs, batteries, and 5G parts; and interlayer film of laminated safety film glasses for vehicles and buildings, as well as intermediate film for PV modules. It also designs chemical mechanical polishing (CMP) pads for polishing the surface of semiconductor wafers physically and chemically; supplies CMP slurry products; and provides phase shift mask used in the semiconductor lithography process. In addition, the company offers biodegradable PLA films used in food wrapping, paper rolls, glitters, cards, and ordinary wrapping applications; ecolabel, a recyclable PET bottle labelling material; and films for windows. Further, it provides PET base films used as raw material for various core optical sheets of FPD, such as LCD and PDP; heat-shrinkable film used as shrinkable labels for containers of various materials, including PET, PS, PE, glass, can, etc.; color-tinted films used in window films of vehicles and construction; and clear films used for films that require hard coatings, shatterproof film, and window films, such as screen protection films. SKC Co., Ltd. was founded in 1976 and is headquartered in Seoul, South Korea.",KRW,Materials,Materials,Chemicals,KSC,XKRX,KOSPI Stock Market,South Korea,,Seoul,137-070,http://www.skc.co.kr,Mid Cap,KR7011790003,,BBG000BJQ685,BBG000BJQ603,BBG001S8ND96,False
011930.KS,"Shinsung E&G Co., Ltd.","Shinsung E&G Co., Ltd. provides solar cells, solar modules, and solar systems in Korea and internationally. The company also offers fan filter units, equipment fan filter units, volatile material removal systems, outdoor air control units, air showers, water showering systems, access floor chemical filter fan units, airflow direction indicators, dehumidifiers, blind panel edge lighting, integrated lighting modules, dry room systems, fine particle visualization systems, and water humidification systems, as well as NMP recovery systems. The company was formerly known as Shinsung Solar Energy Co., Ltd. and changed its name to Shinsung E&G Co., Ltd. in March 2017. Shinsung E&G Co., Ltd. was founded in 1977 and is headquartered in Seongnam, South Korea.",KRW,Information Technology,Semiconductors & Semiconductor Equipment,Semiconductors & Semiconductor Equipment,KSC,XKRX,KOSPI Stock Market,South Korea,,Seongnam-si,13543,http://www.shinsung.co.kr,Small Cap,KR7011930005,,BBG000H5XNG5,BBG000H5XN20,BBG001S95Z40,False
012030.KS,DB Inc.,"DB Inc. is a company listed on the KOSPI Stock Market under the ticker 012030. It operates in the IT Services industry within the Information Technology sector. The company is headquartered in Seoul, South Korea.",KRW,Information Technology,Software & Services,IT Services,KSC,XKRX,KOSPI Stock Market,South Korea,,Seoul,06167,https://eng.dbinc.co.kr,Micro Cap,KR7012030003,,BBG000BJZR61,BBG000BJZR61,BBG001S7CBW8,False
012160.KS,"Youngwire Co., Ltd.","Youngwire Co., Ltd. manufactures and sells wire rope products. It offers general, paralleled, non-rotating, and compact wire ropes, as well as swaged, cable laid, and EV and IP ropes; steel wires for beds, springs, and rolling products; control cables, which are used for machinery operations and automobiles; and PC strands for use in nuclear power plants, railroad ties, bridges, bridge piers, and elevated roads. The company also provides X-Bon products for use in concrete electric pole and pile reinforcing, reinforcement of building columns, bents, reinforcing ducts, piles, poles, hume piles, beams, sheet piles, and high stressed pile; CD bars that are used in OA and optical instrument, and automotive applications, as well as for bolt, lench, tools, and spring; and IT wires that are used for automobile suspension coil springs. Further, the company provides industrial packaging materials; and port and inland logistic services. The company exports its products to the United States, Europe, Asia, and internationally. The company was formerly known as Young Heung Iron & Steel Co., Ltd. Youngwire Co., Ltd. was founded in 1977 and is headquartered in Boryeong, South Korea.",KRW,Materials,Materials,Metals & Mining,KSC,XKRX,KOSPI Stock Market,South Korea,,Boryeong-si,,http://www.youngwire.com,Nano Cap,KR7012160008,,BBG000G4J342,BBG000G4J1W5,BBG001SJF5Q9,False
012170.KS,"Ascendio Co., Ltd.","Ascendio Co., Ltd. engages in the entertainment business in South Korea and internationally. The company involved in the movie investment and distribution business, entertainment content business, and performance business; book publishing activities; and management consulting activities. The company was formerly known as KIWI Media Group Co.,Ltd. and changed its name to Ascendio Co., Ltd. in March 2021. Ascendio Co., Ltd. was founded in 1977 and is based in Seoul, South Korea.",KRW,Communication Services,Media & Entertainment,Entertainment,KSC,XKRX,KOSPI Stock Market,South Korea,,Seoul,06050,http://www.ascendio.co.kr,Nano Cap,KR7012170007,,BBG000BBKG04,BBG000BBKFK4,BBG001S5ZFW8,False
012200.KS,"Keyang Electric Machinery Co., Ltd.","Keyang Electric Machinery Co., Ltd. manufactures and sells electric power tools in Korea and internationally. Its electric power tools include cordless tools, grinders, hammers, drills, and cutting tools, as well as other tools, such as planers, routers, trimmers, sanders, polishers, reciprocating saws, impact wrenches, blowers, drywall screwdrivers, and heat guns. The company also provides industrial tools, such as compressors, air trackers, welding machines, thawing machines, washers, vacuum cleaners, and measuring instruments; and engine products, including 4 cycle engines, grass cutters, engine saws and trimmers, spreaders and sprayers, blowers, and generators and water pumps, as well as accessories. In addition, it offers automotive products, such as power seat; steering column motors; electric parking brakes; powertrain; and other products. Further, the company provides short-range transportation vehicles, including electric scooters and bicycles. Keyang Electric Machinery Co., Ltd. was founded in 1977 and is headquartered in Seoul, South Korea.",KRW,Industrials,Capital Goods,Machinery,KSC,XKRX,KOSPI Stock Market,South Korea,,Seoul,,http://www.keyang.com,Micro Cap,KR7012200002,,BBG000BD6XD5,BBG000BD6WP4,BBG001S6G6N7,False
012205.KS,"Keyang Electric Machinery Co., Ltd.","Keyang Electric Machinery Co., Ltd. manufactures and sells electric power tools in Korea and internationally. Its electric power tools include cordless tools, grinders, hammers, drills, and cutting tools, as well as other tools, such as planers, routers, trimmers, sanders, polishers, reciprocating saws, impact wrenches, blowers, drywall screwdrivers, and heat guns. The company also provides industrial tools, such as compressors, air trackers, welding machines, thawing machines, washers, vacuum cleaners, and measuring instruments; and engine products, including 4 cycle engines, grass cutters, engine saws and trimmers, spreaders and sprayers, blowers, and generators and water pumps, as well as accessories. In addition, it offers automotive products, such as power seat; steering column motors; electric parking brakes; powertrain; and other products. Further, the company provides short-range transportation vehicles, including electric scooters and bicycles. Keyang Electric Machinery Co., Ltd. was founded in 1977 and is headquartered in Seoul, South Korea.",KRW,Industrials,Capital Goods,Machinery,KSC,XKRX,KOSPI Stock Market,South Korea,,Seoul,,http://www.keyang.com,Nano Cap,KR7012201000,,BBG000BJWLM9,BBG000BJWLM9,BBG001S7C392,False
012280.KS,"Yeong Hwa Metal Co., Ltd.","Yeong Hwa Metal Co., Ltd. manufactures and sells automotive casting products in South Korea. It offers exhaust manifolds, cylinder blocks, and crank shafts; wheel hubs, and diff cases and carriers; brake discs and drums; mission carriers, oil pump housings, and pressure plates; and turbine and bearing housings. The company was founded in 1977 and is based in Changwon, South Korea.",KRW,Consumer Discretionary,Automobiles & Components,Auto Components,KSC,XKRX,KOSPI Stock Market,South Korea,,Changwon,,http://www.yeonghwa.co.kr,Nano Cap,KR7012280004,,BBG000BP20Q0,BBG000BP1ZW7,BBG001S8ZTP0,False
012320.KS,"Kyungdong Invest Co., Ltd","Kyungdong Invest Co., Ltd primarily engages in the supply of city gas in South Korea. The company supplies gas to households through pipeline of approximately 2,099 kilometeres, as well as compressed natual gas fuel to natural gas bus vehicles in Ulsan and Yangsan. It also produces anthracite coal and biomass, as well as offers energy diagnosis systems, gas heating and cooling systems, and gas cogeneration systems. In addition, the company is involved in the waste heat generation and pneumatic power generation activities, as well as construction of gas facilities, industrial plants, and civil/architectural buildings. Further, it engages in the maritime/air transportation, inland transportation, and export transportation; and operation of warehouses, container yards, and container freight stations, as well as port unloading/shipping activities. Kyungdong Invest Co., Ltd was founded in 1977 and is headquartered in Seongnam-si, South Korea.",KRW,Utilities,Utilities,Gas Utilities,KSC,XKRX,KOSPI Stock Market,South Korea,,Seongnam-si,13595,http://www.kdinvest.co.kr,Micro Cap,KR7012320008,,BBG000BQYZP7,BBG000BQYZG7,BBG001S9QPN8,False
012330.KS,"Hyundai Mobis Co.,Ltd","Hyundai Mobis Co.,Ltd manufactures and sells automotive parts worldwide. The company offers advanced driver assistance systems, including lane keeping assist systems, smart cruise controls, autonomous emergency braking systems, highway driving assist systems, and auto parking systems; and head, rear, and small lamps, as well as lamp electronics. It also provides electrification products, including power converters, driving systems, electric energy systems, 48V mild hybrid systems, and fuel cell electric vehicles; and airbag modules and electronics. In addition, the company offers infotainment; centre-infotainment-display systems; digital cluster products; windshield, combiner, and AR HUDs; sound systems; i-MEB, a combined master cylinder; MEB, a device that combines ABS, an electronic braking system; EPB, a brake system that operates the parking brake through switch operation; EPS, an electronic steering system; and suspension systems. Further, it supplies aftermarket service parts, automobile accessories, and automotive system solutions. The company was formerly known as Hyundai Precision Industry Co., Ltd and changed its name to Hyundai Mobis Co.,Ltd in November 2000. Hyundai Mobis Co.,Ltd was founded in 1977 and is headquartered in Seoul, South Korea.",KRW,Consumer Discretionary,Automobiles & Components,Auto Components,KSC,XKRX,KOSPI Stock Market,South Korea,,Seoul,06141,http://www.mobis.co.kr,Large Cap,KR7012330007,,BBG000BK3CZ4,BBG000BK3C57,BBG001S7CQQ2,False
012450.KS,"Hanwha Aerospace Co., Ltd.","Hanwha Aerospace Co., Ltd. engages in the development, production, and maintenance of aircraft engines for civil aircraft, combat planes, helicopters, and vessels worldwide. The company also offers fan parts, such as inlet cases, outer guided vanes, and fan blades; compressor parts, including blisks/blades, cases and structures, integrally bladed rotors; combustor modules, cases, and structures; and low pressure turbine modules/blades to original engine manufacturers, as well as repairs, exchanges, and commissions parts. In addition, it provides aero mechanical systems that include flight control systems, hydraulic systems, fuel systems, etc. for fixed and rotary wing aircraft; and thrust vector control systems, reaction control systems, and liquid propellant supply systems for space launch vehicles, as well as offers military aircraft maintenance services. The company was founded in 1977 and is headquartered in Changwon-si, South Korea.",KRW,Industrials,Capital Goods,Aerospace & Defense,KSC,XKRX,KOSPI Stock Market,South Korea,,Changwon-Si,,http://www.hanwhaaerospace.com,Large Cap,KR7012450003,,BBG000BLLVT7,BBG000BLLVM4,BBG001S8ZTM3,False
012510.KS,"Douzone Bizon Co., Ltd.","Douzone Bizon Co., Ltd. provides ICT solutions and services in South Korea. Its products and services include accounting programs; ERP; cloud; groupware; information security; electronic tax invoices; electronic banking; mobile solutions; electronic fax; and education services. The company was founded in 1991 and is based in Chuncheon-si, South Korea. Douzone Bizon Co., Ltd. operates as a subsidiary of Doronicum Co., Ltd.",KRW,Information Technology,Software & Services,Software,KSC,XKRX,KOSPI Stock Market,South Korea,,,,,,KR7012510004,,BBG000BHP4P6,BBG000BHP4B1,BBG001S75GG3,True
012600.KS,"Central Insight.Co.,Ltd","Central Insight.Co.,Ltd engages in the financial automation business. The company offers financial automation equipment, such as ATMs, cash dispensers, mini and small CDs, and utility payment kiosks; and multi-function automation equipment, including CD/ATM ticket dispensers and CD/ATM with inquiry function. It also provides other kiosk automation equipment comprising cash/coin exchangers, unmanned loan consulting systems, and international phone card and traveler's insurance applying machines; and various financial office machines consisting of automatic banknote sorters, check stampers/encoders, and automatic safe-deposit boxes. In addition, the company offers technical support services for MICR/OCR reader sorter systems, image process systems, and automated sorters, as well as third party sun microsystems. Further, the company provides operational and management services for the financial automation products; and after sales services for scanners and network equipment, etc. Additionally, it offers specialized services, assembling and toll processing, and RFID technology services related with environmental preservation issues. The company was formerly known as Chungho ComNet Co., Ltd. and changed its name to Central Insight.Co.,Ltd in September 2020. Central Insight.Co.,Ltd was founded in 1977 and is headquartered in Seoul, South Korea.",KRW,Industrials,Commercial & Professional Services,Commercial Services & Supplies,KSC,XKRX,KOSPI Stock Market,South Korea,,Seoul,,http://www.centralinsight.co.kr,Nano Cap,,,,,,False
012610.KS,"Kyungin Synthetic Co., Ltd.","Kyungin Synthetic Co., Ltd. develops, manufactures, and sells dyes, inks, fine chemicals, and other functional chemical materials for use in textiles, food, agriculture, and electronics in South Korea and internationally. The company offers inks for digital textile printing and UV printing, as well as dyes for inks; reactive dyes, disperse dyes, acid dyes, CDP basic dyes, and optical brightening agents; electronic materials comprising LCD filters and photoinitiators; and fine chemicals, such as saccharin, sulfur-based fine chemicals, and inorganic products. It also provides organic materials for displays; semiconductor photoresist components and materials for coating photoresists; photoactive compounds and pigments; and colorant products. Kyungin Synthetic Co., Ltd. was founded in 1971 and is headquartered in Seoul, South Korea.",KRW,Materials,Materials,Chemicals,KSC,XKRX,KOSPI Stock Market,South Korea,,Seoul,07947,http://www.kisco.co,Micro Cap,KR7012610002,,BBG000BXLKJ6,BBG000BXLKJ6,BBG001S7C8J0,False
012630.KS,"HDC HOLDINGS CO.,Ltd","HDC HOLDINGS CO.,Ltd engages in real estate development and construction activities in South Korea. Its portfolio includes high-rise buildings, roads, bridges, highways, ports, plants, small and medium-sized houses, commercial districts and parking lot sites, hotels, resorts, and shopping malls, as well as operates a duty-free shop. The company also offers facility management services, such as building management, cleaning, parking/security, and general affairs/clerical support; real estate asset management service, including operation, leasing, building management, and management consulting services; real estate big data services; and interior, remodeling, and landscaping services, as well as operates special care facility for the elderly people. Further, it is involved in the petrochemical business; production of precast concrete; manufacture of pianos; and operation of the professional football club. HDC HOLDINGS CO.,Ltd was founded in 1976 and is headquartered in Seoul, South Korea.",KRW,Financials,Diversified Financials,Capital Markets,KSC,XKRX,KOSPI Stock Market,South Korea,,Seoul,06170,http://www.hdc-holdings.com,Small Cap,KR7012630000,,BBG000BY2C12,BBG000BY2BM1,BBG001S7DPL8,False
012690.KS,"Monalisa Co., Ltd","Monalisa Co., Ltd produces and sells sanitary tissue products in South Korea. The company offers bathroom tissue, facial tissue, and kitchen towel products, as well as wet wipes, adult diapers, baby diapers, masks, table napkins, jumbo rolls, and paper towels under the Bellagio, The Rich House, and Nox Premium brand names. Monalisa Co., Ltd was founded in 1977 and is headquartered in Seoul, South Korea.",KRW,Consumer Staples,Household & Personal Products,Household Products,KSC,XKRX,KOSPI Stock Market,South Korea,,Seoul,156-714,http://www.monarisa.co.kr,Nano Cap,KR7012690004,,BBG000BF9XV7,BBG000BF9X38,BBG001S6NJP9,False
0126Z0.KS,Samsung Epis Holdings,"Samsung Epis Holdings is a company listed on the KOSPI Stock Market under the ticker 0126Z0. It operates in the Biotechnology industry within the Health Care sector. The company is headquartered in Incheon, South Korea.",KRW,Health Care,"Pharmaceuticals, Biotechnology & Life Sciences",Biotechnology,KSC,XKRX,KOSPI Stock Market,South Korea,,Incheon,South Korea,https://www.samsungepisholdings.com/en,Mid Cap,KR70126Z0002,,BBG01V5FHRK1,BBG01V5FHRK1,BBG01V5FHRT2,False
012750.KS,S-1 Corporation,"S-1 Corporation is a company listed on the KOSPI Stock Market under the ticker 012750. It operates in the Commercial Services & Supplies industry within the Industrials sector. The company is headquartered in Seoul, South Korea.",KRW,Industrials,Commercial & Professional Services,Commercial Services & Supplies,KSC,XKRX,KOSPI Stock Market,South Korea,,Seoul,04511,https://www.s1.co.kr,Mid Cap,KR7012750006,,BBG000FPGP86,BBG000FPGP86,BBG001S8M2J0,False
012800.KS,"Daechang Co., Ltd.","Daechang Co., Ltd., together with its subsidiaries, produces and sells brass-related products in South Korea. It offers its products under the BRASSONE brands. The company was formerly known as Daechang Industrial Co., Ltd. and changed its name to Daechang Co., Ltd. in 2010. Daechang Co., Ltd. was founded in 1974 and is headquartered in Siheung, South Korea.",KRW,Industrials,Capital Goods,Machinery,KSC,XKRX,KOSPI Stock Market,South Korea,,Siheung-Si,,http://www.brasone.co.kr,Micro Cap,KR7012800009,,BBG000BGZWZ4,BBG000BGZWG5,BBG001S71YW0,False
013000.KS,"Sewoo Global Co., Ltd","Sewoo Global Co., Ltd manufactures and sells polymer petrochemical products. The company offers engineering plastics and ABS resins. It also manufactures and sells printed circuit boards. The company was formerly known as Sewoo Polymer. Sewoo Global Co. Ltd. was founded in 1978 and is based in Incheon, South Korea.",KRW,Materials,Materials,Chemicals,KSC,XKRX,KOSPI Stock Market,South Korea,,Incheon,402-060,http://www.sewoo21.co.kr,Micro Cap,,,BBG000BGZGH9,BBG000BGZG98,BBG001S71YD1,False
013360.KS,"Ilsung Construction Co., Ltd.","Ilsung Construction Co., Ltd. operates as a construction company in South Korea, Philippines, Myanmar, Cambodia, Laos, Paraguay, and internationally. It undertakes housing, gardening, plant, and infrastructure works under the True-L brand. The company was founded in 1978 and is headquartered in Seoul, South Korea. Ilsung Construction Co., Ltd. is a subsidiary of Ib Capital Limited.",KRW,Industrials,Capital Goods,Construction & Engineering,KSC,XKRX,KOSPI Stock Market,South Korea,,Incheon,,http://www.ilsungconst.co.kr,Micro Cap,KR7013360003,,BBG000BH3GR1,BBG000BH3GR1,BBG001S728D7,False
013520.KS,"Hwaseung Corporation Co.,Ltd.","Hwaseung Corporation Co., Ltd. engages in the in the manufacture and sale of industrial rubber products. The company is based in Yangsan, South Korea.",KRW,Consumer Discretionary,Automobiles & Components,Auto Components,KSC,XKRX,KOSPI Stock Market,South Korea,,Yangsan-si,50592,https://www.hwaseunggroup.com,Micro Cap,KR7013520002,,BBG000BHNXY4,BBG000BHNXB9,BBG001S75FQ4,False
013570.KS,DY Corporation,"DY Corporation is a company listed on the KOSPI Stock Market under the ticker 013570. It operates in the Machinery industry within the Industrials sector. The company is headquartered in Incheon, South Korea.",KRW,Industrials,Capital Goods,Machinery,KSC,XKRX,KOSPI Stock Market,South Korea,,Incheon,405-846,https://www.dy.co.kr,Micro Cap,KR7013570007,,BBG000BNMTN3,BBG000BNMTN3,BBG001S8NGG1,False
013580.KS,"Kyeryong Construction Industrial Co., Ltd.","Kyeryong Construction Industrial Co., Ltd. operates as a construction company in Korea and internationally. Its project portfolio consists of civil works, such as roads/bridges, subways/railroads/tunnels, SOC private investment projects, and land development projects; and public buildings, business offices/commercial buildings, education/medical facilities, sports/cultural facilities, and public housing projects, as well as environmental facilities and plants. The company was founded in 1970 and is headquartered in Daejeon, South Korea.",KRW,Industrials,Capital Goods,Construction & Engineering,KSC,XKRX,KOSPI Stock Market,South Korea,,Daejeon,,http://www.krcon.co.kr,Micro Cap,KR7013580006,,BBG000FQ3ZC1,BBG000FQ3Z40,BBG001S8M718,False
013700.KS,CAMUS ENGINEERING & CONSTRUCTION Inc.,"Camus Engineering & Construction Inc. engages in the construction business in South Korea. The company undertakes housing, and engineering projects. It also produces and sells precast concrete, which includes columns, beams, slabs, walls, bridges, and power ports. The company was formerly known as Samwhan Camus Co., Ltd. and changed its name to Camus Engineering & Construction Inc. in December 2015. The company was founded in 1978 and is headquartered in Seoul, South Korea. Camus Engineering & Construction Inc. is a subsidiary of Base HD Co.,Ltd.",KRW,Industrials,Capital Goods,Construction & Engineering,KSC,XKRX,KOSPI Stock Market,South Korea,,Seoul,07236,http://www.camusenc.com,Micro Cap,KR7013700000,,BBG000BH3FN7,BBG000BH3F75,BBG001S728C8,False
013870.KS,GMB Korea Corp.,"GMB Korea Corp. is a company listed on the KOSPI Stock Market under the ticker 013870. It operates in the Auto Components industry within the Consumer Discretionary sector. The company is headquartered in Changwon-Si, South Korea.",KRW,Consumer Discretionary,Automobiles & Components,Auto Components,KSC,XKRX,KOSPI Stock Market,South Korea,,Changwon-Si,,https://www.gmb.co.kr,Micro Cap,KR7013870001,,BBG000GFWKC5,BBG000GFWKC5,BBG001T2XHJ7,False
013890.KS,"Zinus, Inc","Zinus, Inc manufactures and sells mattresses, bedroom furniture, beds, bedding products, etc. It sells it products through stores and online channels. The company was founded in 1979 and is based in Seongnam-si, South Korea.",KRW,Consumer Discretionary,Consumer Durables & Apparel,Household Durables,KSC,XKRX,KOSPI Stock Market,South Korea,,Seongnam-si,,http://www.zinus.co.kr,Micro Cap,KR7013890009,,BBG002GTGX86,BBG000BH3QZ0,BBG001S728X5,False
014130.KS,"Hanexpress.Co., Ltd","Hanexpress.Co., Ltd provides logistics services in South Korea. It offers general cargo, over weight/oversized cargo, bulk cargo, special cargo, explosives and defense industrial materials, stevedoring, consumer packaged goods, warehousing, and corporate moving services, as well as parcel delivery services for handling pharmaceuticals and hazardous materials; and operates gas stations in Yeosu and Ulsan. The company also provides room temperature services, such as warehousing, value added, information technology (IT) system and bonded operational, returns management, and CS operational services; and cold chain logistics solutions, including 3PL, CVS and franchise logistics, and other services. In addition, it offers international logistics services comprising air/ocean transportation services in the fields of general and bulk products, petrochemicals, hazardous materials, and semiconductors; packaging, custom clearance, shipment, marine insurance, and other services; import agent services; and onshore and offshore services for overseas EPC projects. Further, the company provides IT solutions, such as data mining, logistics information, high availability structures and solutions, Web based visibility systems, and data through real-time backup systems. Hanexpress.Co., Ltd was founded in 1979 and is headquartered in Seoul, South Korea.",KRW,Industrials,Transportation,Air Freight & Logistics,KSC,XKRX,KOSPI Stock Market,South Korea,,Seoul,,http://www.hanex.co.kr,Nano Cap,KR7014130009,,BBG000BH49W0,BBG000BH49W0,BBG001S72B86,False
014160.KS,"DAE YOUNG Packaging.Co., Ltd.","DAE YOUNG Packaging.Co., Ltd. manufactures and sells corrugated cardboards and boxes in South Korea. The company provides middle, reverse side, and surface base papers for corrugated fiber boards. It offers single and double faced; and double and triple wall corrugated fiber boards. DAE YOUNG Packaging.Co., Ltd. was founded in 1979 and is based in Ansan, South Korea.",KRW,Materials,Materials,Containers & Packaging,KSC,XKRX,KOSPI Stock Market,South Korea,,Ansan,,http://www.dygroup.co.kr,Micro Cap,KR7014160006,,BBG000BFCD65,BBG000BFCCS3,BBG001S6NMP2,False
014280.KS,"Kumkang Kind Co., Ltd.","Kumkang Kind Co., Ltd. manufactures and sells steel pipes and various scaffolding products in South Korea, Malaysia, the United States, Vietnam, India, East Africa, Indonesia, and internationally. The company offers aluminium formwork systems; gang formwork systems; climbing systems for residential, commercial, and civil engineering projects; civil engineering formwork systems; and euro formwork systems, as well as customer support solutions. It also provides steel pipes, aluminium billets and extrusions, scaffolding and shoring systems, and modular unit systems. The company was founded in 1979 and is headquartered in Seoul, South Korea.",KRW,Materials,Materials,Metals & Mining,KSC,XKRX,KOSPI Stock Market,South Korea,,Seoul,,http://www.kumkangkind.com,Micro Cap,KR7014280002,,BBG000BH00D4,BBG000BGZZR6,BBG001S71Z02,False
014285.KS,"Kumkang Kind Co., Ltd.","Kumkang Kind Co., Ltd. manufactures and sells steel pipes and various scaffolding products in South Korea, Malaysia, the United States, Vietnam, India, East Africa, Indonesia, and internationally. The company offers aluminium formwork systems; gang formwork systems; climbing systems for residential, commercial, and civil engineering projects; civil engineering formwork systems; and euro formwork systems, as well as customer support solutions. It also provides steel pipes, aluminium billets and extrusions, scaffolding and shoring systems, and modular unit systems. The company was founded in 1979 and is headquartered in Seoul, South Korea.",KRW,Materials,Materials,Metals & Mining,KSC,XKRX,KOSPI Stock Market,South Korea,,Seoul,,http://www.kumkangkind.com,Micro Cap,KR7014281000,,BBG000BJWNR0,BBG000BJWNR0,BBG001S7C3H3,False
014440.KS,"Youngbo Chemical Co., Ltd.","Youngbo Chemical Co., Ltd. manufactures and sells cross-linked polyolefin foam in Korea and internationally. The company offers artiflex, artilon, epilon, heatlon, filmy, polyisocyanurate, and youngboard cross-linked polyolefin foam products. Its products are used in various applications, including automotive interior, home appliance and HVAC/climate control, building and construction, sports and leisure, packaging and cushioning, sundry goods and others, specialty products, IT parts materials, sound absorption materials, electronic materials, and wallpaper products. The company was founded in 1979 and is headquartered in Chungju-si, South Korea.",KRW,Materials,Materials,Chemicals,KSC,XKRX,KOSPI Stock Market,South Korea,,Chungju-si,,http://www.youngbo.com,Micro Cap,KR7014440002,,BBG000BPHK53,BBG000BPHJZ3,BBG001S9LB18,False
014530.KS,"Kukdong Oil & Chemicals Co.,Ltd","Kukdong Oil & Chemicals Co.,Ltd develops, manufactures, and supplies various lubricant products primarily in South Korea. It offers industrial lubricants, such as machine oil, gear oil, hydraulic oil, air compressor oil, heat transfer oil, refrigeration oil, grease, transformer oil, and others; metalworking fluids, including insoluble and soluble cutting, metal forming, rust preventive, and cleaning oils; paraffinic, naphthenic, and aromatic type process oils; liquid paraffin for food additive, cosmetic, and general industrial uses; and color and pavement asphalt. The company also operates LPG charging stations and gas stations; distributes lubricants under the BP, Castrol, Optimol, and Tribol brands; and supplies petroleum to affiliated gas stations and business partners. It exports its products to approximately 20 countries worldwide. The company was formerly known as Sechang industry Co., Ltd. and changed its name to Kukdong Oil & Chemicals Co.,Ltd in January 1985. Kukdong Oil & Chemicals Co.,Ltd was founded in 1979 and is headquartered in Yangsan-si, South Korea.",KRW,Materials,Materials,Chemicals,KSC,XKRX,KOSPI Stock Market,South Korea,,Yangsan-si,,http://www.kdoc.co.kr,Micro Cap,KR7014530000,,BBG000BFR619,BBG000BFR5T1,BBG001S6RVM1,False
014580.KS,"Taekyung BK Co., Ltd","Taekyung BK Co., Ltd produces and sells various lime products in South Korea. Its products include quicklime; calcium oxide that is used in metallurgy, chemicals, building materials, soil stabilization, disinfection, and lime-sulfur mixture and Bordeaux mixture applications; granular calcium oxide for acidic soil neutralization; calcium oxide powder, which is used for soil stabilization and acidic soil neutralization; and limestone for use as raw material in cement production. The company also offers calcium hydroxide or hydrated lime that is used in food and food by-products, wastewater treatment, water purification in purification plant, the removal of flue gas and dioxin in incinerating facility, and high gloss and enhanced dispersion applications. In addition, it provides precipitated calcium carbonate, which is used as filler and enhanced surfactant of paints and varnishes, paper coatings, inks, water-proof coatings, etc.; and calcium hydroxide fertilizer for use in soil enhancement and neutralizing acidic soil. Further, the company mines limestone. Taekyung BK Co., Ltd was founded in 1980 and is headquartered in Seoul, South Korea.",KRW,Materials,Materials,Construction Materials,KSC,XKRX,KOSPI Stock Market,South Korea,,Seoul,,http://taekyungbk.co.kr,Micro Cap,KR7014580005,,BBG000BD5DJ4,BBG000BD5D22,BBG001S6FHW4,False
014680.KS,"Hansol Chemical Co., Ltd.","Hansol Chemical Co., Ltd., together with its subsidiaries, manufactures and sells various chemicals primarily in South Korea. The company provides various fine chemicals, including hydrogen peroxide, a bleaching agent for semiconductor/LCD, paper pulp, textile, chemical, food/medical, and environmental remediation chemical applications; emulsion type polyacrylamide to handle various industrial wastewater streams; and organic coagulants for treating wastewater; and retention agents, polyamine, and micro capsules for paper making. Its fine chemicals also include synthetic latex products, such as HITEX for paper coating, carpet backing, construction, non-woven, and other applications; Bio-SBL, a grafting copolymer for paper surface sizing and coating binder; HanCellymer, an aqua binder for lithium ion battery; and Hansphere that enhances gloss and opacity of coated paper. In addition, the company's fine chemicals comprise sodium dithionite/sodium hydrosulfite, a bleaching agent used in pulp and textiles, paper, fiber dye, leather, and other industries; and benzoyl peroxide, a polymerization initiator and bleaching agent for chemical and food industries. Further, the company provides electronic materials consisting of optical clear resins that are UV curable adhesives for tablet PC, smart phone, and touch panel devices; conformal coating materials to protect electrodes and flexible circuits of FPD panels; cleaning solutions to prevent curing in the nozzle and valve from coating material remnants; black side sealing resins to prevent leak-light from OLED panels and screening substances; and thermal interface materials, which are used on FPCB chips. Additionally, it provides thin film materials for the semiconductor industry. The company was formerly known as Hansol Chemience co., Ltd. and changed its name to Hansol Chemical Co., Ltd. in March 2004. The company was founded in 1980 and is headquartered in Seoul, South Korea.",KRW,Materials,Materials,Chemicals,KSC,XKRX,KOSPI Stock Market,South Korea,,Seoul,06169,http://www.hansolchemical.com,Mid Cap,KR7014680003,,BBG000BGW960,BBG000BGW8M4,BBG001S71Q48,False
014710.KS,"Sajo Seafood Co., Ltd.","Sajo Seafood Co., Ltd. engages in food, deep sea fishing, and frozen food storage businesses in South Korea. The company processes and retails tuna fish, general fishery products, and seasoned dried laver products. It offers sliced raw fish tuna products, such as loins, steaks, and blocks; general fisheries, including preprocessed fishery products to schools, companies, and state-owned organizations, as well as home shopping items comprising belt fish, Pollack, blue crab, and other products; and processed dried lavers consisting of kimbaps, seasoned lavers, traditionally-cooked lavers, and stone laver sets. The company sells its products through sales agencies, brand shops, department stores, and discount marts. It also exports its products to Japan, the United States, Europe, and China. The company was formerly known as Sajo CS Ltd. and changed its name to Sajo Seafood Co., Ltd. in December 2010. Sajo Seafood Co., Ltd. was founded in 1980 and is based in Seoul, South Korea. Sajo Seafood Co., Ltd. is a subsidiary of Sajo Industries Company Limited.",KRW,Consumer Staples,"Food, Beverage & Tobacco",Food Products,KSC,XKRX,KOSPI Stock Market,South Korea,,Seoul,120-707,http://sf.sajo.co.kr,Micro Cap,KR7014710008,,BBG0032RWT93,BBG002PC0518,BBG002PC0527,False
014790.KS,Halla Corporation,"Halla Corporation undertakes various construction projects in South Korea and internationally. It undertakes civil engineering works, including ports, roads, bridges, tunnels, railroads, subways, airports, and complexes; and architectural works, such as office buildings, knowledge industry centers, commercial and leisure facilities, railway stations, terminals, logistic centers, education research facilities, and remodeling. The company also undertakes housing projects comprising apartments and high-rise apartments; industry plant and environmental works; and non-construction projects, such as distribution, logistics, and leisure. Halla Corporation was founded in 1980 and is headquartered in Seoul, South Korea.",KRW,Industrials,Capital Goods,Construction & Engineering,KSC,XKRX,KOSPI Stock Market,South Korea,,Seoul,138-734,http://www.halla.co.kr,Micro Cap,KR7014790000,,BBG000FQFTR6,BBG000FQFTR6,BBG001S8MCD4,False
014820.KS,Dongwon Systems Corporation,"Dongwon Systems Corporation is a company listed on the KOSPI Stock Market under the ticker 014820. It operates in the Containers & Packaging industry within the Materials sector. The company is headquartered in Seoul, South Korea.",KRW,Materials,Materials,Containers & Packaging,KSC,XKRX,KOSPI Stock Market,South Korea,,Seoul,06775,https://www.dongwonsystems.com,Small Cap,KR7014820005,,BBG000BTXGS1,BBG000BTXGS1,BBG001S73926,False
014825.KS,Dongwon Systems Corporation,"Dongwon Systems Corporation is a company listed on the KOSPI Stock Market under the ticker 014825. It operates in the Containers & Packaging industry within the Materials sector. The company is headquartered in Seoul, South Korea.",KRW,Materials,Materials,Containers & Packaging,KSC,XKRX,KOSPI Stock Market,South Korea,,Seoul,06775,https://www.dongwonsystems.com,Small Cap,KR7014821003,,BBG000FVJBN4,BBG000FVJBN4,BBG001S8NCX1,False
014830.KS,UNID Company Ltd.,"UNID Company Ltd. is a company listed on the KOSPI Stock Market under the ticker 014830. It operates in the Chemicals industry within the Materials sector. The company is headquartered in Seoul, South Korea.",KRW,Materials,Materials,Chemicals,KSC,XKRX,KOSPI Stock Market,South Korea,,Seoul,04539,https://www.unid.co.kr,Micro Cap,KR7014830004,,BBG000GCFGF7,BBG000GCFGF7,BBG001SJXR63,False
014910.KS,"Sungmoon Electronics Co., Ltd.","Sungmoon Electronics Co., Ltd. provides metallized film for film capacitors worldwide. It offers aluminum and zinc metallized polyester and polypropylene films. The company also manufactures and sells electric components. Sungmoon Electronics Co., Ltd. was founded in 1980 and is headquartered in Pyeongtaek, South Korea.",KRW,Information Technology,Technology Hardware & Equipment,"Electronic Equipment, Instruments & Components",KSC,XKRX,KOSPI Stock Market,South Korea,,Pyeongtaek,450-818,http://www.smec-korea.co.kr,Nano Cap,KR7014910004,,BBG000BH3201,BBG000BH3201,BBG001S727H5,False
014915.KS,"Sungmoon Electronics Co., Ltd.","Sungmoon Electronics Co., Ltd. provides metallized film for film capacitors worldwide. It offers aluminum and zinc metallized polyester and polypropylene films. The company also manufactures and sells electric components. Sungmoon Electronics Co., Ltd. was founded in 1980 and is headquartered in Pyeongtaek, South Korea.",KRW,Information Technology,Technology Hardware & Equipment,"Electronic Equipment, Instruments & Components",KSC,XKRX,KOSPI Stock Market,South Korea,,Pyeongtaek,450-818,http://www.smec-korea.co.kr,Nano Cap,KR7014911002,,BBG000BJZGG4,BBG000BJZGG4,BBG001S7CBN8,False
014990.KS,"In the F CO.,LTD.","In the F CO.,LTD. is a company listed on the KOSPI Stock Market under the ticker 014990. It operates in the Textiles, Apparel & Luxury Goods industry within the Consumer Discretionary sector. The company is headquartered in Seoul, South Korea.",KRW,Consumer Discretionary,Consumer Durables & Apparel,"Textiles, Apparel & Luxury Goods",KSC,XKRX,KOSPI Stock Market,South Korea,,Seoul,135-502,http://www.inthef.co.kr,Nano Cap,KR7014990006,,BBG000BF3MY4,BBG000BF3MY4,BBG001S6TPG9,False
015230.KS,"Daechang Forging Co., Ltd.","Daechang Forging Co., Ltd. manufactures and sells various forged products in South Korea and internationally. It offers undercarriage parts for heavy construction equipment, such as excavators and dozers; track group assemblies; track rollers and idlers; segments and sprockets; crankshafts; mini excavators; and other parts. The company was founded in 1955 and is based in Gimhae-si, South Korea.",KRW,Consumer Discretionary,Automobiles & Components,Auto Components,KSC,XKRX,KOSPI Stock Market,South Korea,,Gimhae-si,50800,http://www.dcf.co.kr,Micro Cap,KR7015230006,,BBG000BNMY70,BBG000BNMXZ1,BBG001S8NGJ8,False
015260.KS,Automobile & PCB Inc.,"Automobile & PCB Inc. is a company listed on the KOSPI Stock Market under the ticker 015260. It operates in the Electronic Equipment, Instruments & Components industry within the Information Technology sector. The company is headquartered in Incheon, South Korea.",KRW,Information Technology,Technology Hardware & Equipment,"Electronic Equipment, Instruments & Components",KSC,XKRX,KOSPI Stock Market,South Korea,,Incheon,,https://www.anpcb.co.kr,Nano Cap,KR7015260003,,BBG000BDVWC0,BBG000BDVWC0,BBG001S6K5N4,False
015350.KS,Busan City Gas. Co. Ltd.,"Busan City Gas. Co. Ltd. operates as a city gas distributor in South Korea. The company offers city gas for domestic, commercial, business, industrial, and power business purposes, including business or commercial buildings, house heating and cooking, combined heat and power generation, cooling, and vehicle CNG. It also provides district energy and energy diagnosis services; CNG fuel systems that include compressors, control panels, storage tanks, and fuel dispensers; small-scale co-generation systems that produces heat and energy; gas-engine driven heat pumps for cooling and heating; and fuel cell co-generation systems, which produces electricity and hot water. The company was founded in 1981 and is based in Busan, South Korea. Busan City Gas. Co. Ltd. is a subsidiary of SK E&S Co., Ltd.",KRW,Utilities,Utilities,Gas Utilities,KSC,XKRX,KOSPI Stock Market,South Korea,,Busan,613-713,http://www.skens.com/busan/main/index.do,Small Cap,,,,,,True
015360.KS,"INVENI Co., Ltd.","Yesco Holdings Co., Ltd. engages in the supply of city gas. It also offers gas equipment, tank terminals, air-conditioning and heating equipment, CNG chargers, gas equipment, and water treatment construction solutions, as well as biogas. It supplies LNG to 1.14 million households in the Seoul metropolitan area. The company also produces and sells precast concrete; and engages in housing design and wood processing activities. The company was founded in 1981 and is headquartered in Seoul, South Korea.",KRW,Utilities,Utilities,Gas Utilities,KSC,XKRX,KOSPI Stock Market,South Korea,,Seoul,,http://www.yescoholdings.com,Micro Cap,KR7015360001,,BBG000HTNFY1,BBG000HTNFY1,BBG001S9DWC9,False
015540.KS,"THELMA Therapeutics Co., Ltd.","THELMA Therapeutics Co., Ltd. operates as a biopharmaceutical company in South Korea and internationally. The company develops TLM-01, a non-alcoholic steatohepatitis drug; TLM-02, an antiviral agent for COVID-19; TLM-03/TLM-04, an anticancer drug for solid and blood cancer; and TLM-05, a liver cancer drug. It also offers radioembolization and brachytherapy devices for the cancer treatments. The company was formerly known as Medipartner Biotechnology. Co., Ltd. THELMA Therapeutics Co., Ltd. was founded in 1981 and is headquartered in Seoul, South Korea.",KRW,Industrials,Commercial & Professional Services,Professional Services,KSC,XKRX,KOSPI Stock Market,South Korea,,Seoul,,http://thelma.co.kr,Micro Cap,,,,,,False
015590.KS,"DKME Co., Ltd.","Curo Co.,Ltd. manufactures and sells power and chemical plant machinery and equipment in South Korea and internationally. The company offers chemical equipment products, including shell and tube heat exchangers, waste heat boilers, towers and columns, pressure vessels, and reactors. It also provides energy plant products, such as heat recovery steam generators, industrial boilers, co-generation power boilers, and auxiliary boilers. The company was formerly known as Daekyung Machinery & Engineering Co., Ltd. The company was founded in 1981 and is headquartered in Ulsan, South Korea.",KRW,Industrials,Capital Goods,Machinery,KSC,XKRX,KOSPI Stock Market,South Korea,,Ulsan,680-110,http://www.dkme.com,Small Cap,KR7015590003,,BBG000BGQBN3,BBG000BGQBN3,BBG001S711R8,False
015760.KS,Korea Electric Power Corporation,"Korea Electric Power Corporation, an integrated electric utility company, generates, transmits, and distributes electricity in South Korea and internationally. The company operates through Transmission and Distribution, Electric Power Generation (Nuclear), Electric Power Generation (Non-nuclear), Plant Maintenance & Engineering Service, and Others segments. It generates power from nuclear, coal, oil, liquefied natural gas, internal combustion, combined-cycle, integrated gasification combined cycle, hydro, wind, solar, fuel cell, biogas, and other sources. As of December 31, 2020, the company had a total of 697 generation units, including nuclear, thermal, hydroelectric, and internal combustion units with an installed generation capacity of 83,854 megawatts. Its transmission system consisted of 34,664 circuit kilometers of lines of 765 kilovolts and others, including high-voltage direct current lines, as well as 877 substations with an installed transformer capacity of 336,926 megavolt-amperes; and distribution system included 129,789 megavolt-amperes of transformer capacity and 9,787,967 units of support with a total line length of 514,779 circuit kilometers. The company provides electricity to residential, commercial, educational, industrial, agricultural, street lighting, and overnight power usage. It also offers fly ashes recycling, utility plant maintenance and engineering, resources development, electric power information technology, facility maintenance, electric meter reading, security, information, and communication line leasing services, as well as sells nuclear fuel. Korea Electric Power Corporation was founded in 1961 and is headquartered in Naju-si, South Korea.",KRW,Utilities,Utilities,Electric Utilities,KSC,XKRX,KOSPI Stock Market,South Korea,,Naju-Si,58322,https://home.kepco.co.kr,Large Cap,KR7015760002,,BBG000BFZLV4,BBG000BFZLV4,BBG001S6TR84,False
015860.KS,"ILJIN Holdings Co., Ltd.","ILJIN Holdings Co., Ltd. operates as a parts/material specialized company worldwide. The company offers high voltage electric cables, Cu wire and aluminum alloys, extra high voltage transformers and blockers, and electrical devices for power distribution. It also provides elecfoil used for secondary batteries; industrial diamonds for automobile, aircraft, energy, and semi-conductor industries, as well as the construction and machinery market; diamond wires; and sapphire ingots and wafers. In addition, the company offers touchscreen panels for smartphones and tablet pcs; and precisive steel tubes for automobiles, hydraulic cylinder tubes for heavy machinery, various shapes for L/M systems, and extra precisive stainless tubes for semi-conductors. Further, it provides composite fuel tanks, and LED lighting and display products; constructs various architectural designs and skyscrapers; and offers acoustic, diagnostic, research, and therapeutic ultrasound based medical systems. Additionally, the company broadcasts various cultural programs; and offers integrated IT solutions, such as system integration, system maintenance, IT infrastructure operation, and IT consulting. ILJIN Holdings Co., Ltd. was founded in 1968 and is headquartered in Seoul, South Korea.",KRW,Industrials,Capital Goods,Electrical Equipment,KSC,XKRX,KOSPI Stock Market,South Korea,,Seoul,121-040,http://www.iljin.co.kr,Micro Cap,KR7015860000,,BBG000BH08L8,BBG000BH07K1,BBG001S71ZR3,False
015890.KS,"Taekyung Industry.Co., Ltd.","Taekyung Industry.Co., Ltd. manufactures and sells ultra-fine ground calcium carbonate, ferroalloy, and hydrogen sulfide adsorbent basic materials in South Korea and internationally. The company offers ferroalloy products, such as high-carbon ferromanganese and silico-manganese products. It also provides liquid-type ultrafine heavy calcium carbonate for coating art paper and whiteboards, as well as for matte paper, water-based paints, and pillars. In addition, the company offers DETOX-S to absorb hydrogen sulfide; DETOX-B to absorb basic gas; and carbides. Further, it provides lime products, such as quicklime, slaked lime, calcium hydroxide, and light calcium carbonate; petro coke fuel; zinc oxide and zinc dust products; vaporizers; steelmaking refining agents; and various industrial gases, including acetylene, oxygen, carbon dioxide, nitrogen, LPG, and argon, as well as various environmental treatment agents, such as liquid calcified lime. Additionally, the company offers halogen bulbs automobiles; lamps; and LED lighting products, as well as operates highway rest areas; and service areas, gas stations, and LPG charging stations. Taekyung Industry.Co., Ltd. was founded in 1975 and is headquartered in Seoul, South Korea.",KRW,Materials,Materials,Chemicals,KSC,XKRX,KOSPI Stock Market,South Korea,,Seoul,157-841,http://www.taekyung.co.kr,Micro Cap,KR7015890007,,BBG000FSY6T9,BBG000FSY6T9,BBG001S8MXS2,False
016090.KS,"Daehyun Co.,Ltd.","Daehyun Co., Ltd. manufactures and sells women's clothing in South Korea. The company markets its products under various brand names, including Blu Pepe, CC Collect, Zooc, Dewl, and Mojo S Phine. It also operates Envy department stores. The company was founded in 1982 and is headquartered in Seoul, South Korea.",KRW,Consumer Discretionary,Consumer Durables & Apparel,"Textiles, Apparel & Luxury Goods",KSC,XKRX,KOSPI Stock Market,South Korea,,Seoul,,http://www.daehyun.co.kr,Nano Cap,KR7016090003,,BBG000BHNLY0,BBG000BHNLY0,BBG001S75DD3,False
016360.KS,"Samsung Securities Co., Ltd.","Samsung Securities Co., Ltd. is a company listed on the KOSPI Stock Market under the ticker 016360. It operates in the Capital Markets industry within the Financials sector. The company is headquartered in Seoul, South Korea.",KRW,Financials,Diversified Financials,Capital Markets,KSC,XKRX,KOSPI Stock Market,South Korea,,Seoul,06620,https://www.samsungpop.com,Mid Cap,KR7016360000,,BBG000BFWM63,BBG000BFWM63,BBG001S6T519,False
016380.KS,"KG Dongbu Steel Co.,Ltd.","KG Dongbu Steel Co.,Ltd. is a company listed on the KOSPI Stock Market under the ticker 016380. It operates in the Metals & Mining industry within the Materials sector. The company is headquartered in Seoul, South Korea.",KRW,Materials,Materials,Metals & Mining,KSC,XKRX,KOSPI Stock Market,South Korea,,Seoul,04517,https://www.kg-steel.co.kr,Small Cap,KR7016380008,,BBG000BCS1J7,BBG000BCS1J7,BBG001S5P0X1,False
016450.KS,"Hansae Yes24 Holdings Co., Ltd","Hansae Yes24 Holdings Co., Ltd., through its subsidiaries, produces and sells fabrics in South Korea and internationally. It offers baby clothes under the Moimoln brand name; operates a kid sports multi play shop; operates an online bookstore; publishes books/textbooks; distributes cultural products, including music, DVD/Blu-ray, and gift products; offers ticket booking services; and provides digital contents, such as Web novels, light novels, and comics. The company was formerly known as Hansae Co. Ltd. and changed its name to Hansae Yes24 Holdings Co., Ltd. in 2009. Hansae Yes24 Holdings Co., Ltd. was founded in 1982 and is based in Seoul, South Korea.",KRW,Consumer Discretionary,Consumer Durables & Apparel,"Textiles, Apparel & Luxury Goods",KSC,XKRX,KOSPI Stock Market,South Korea,,Seoul,07242,http://www.hansaeyes24.com,Micro Cap,KR7016450009,,BBG000C1K769,BBG000C1K6Z9,BBG001SD5X46,False
016580.KS,"Whan In Pharm Co.,Ltd.","Whan In Pharm Co.,Ltd., a pharmaceutical company, develops, manufactures, markets, and sells therapeutic products in South Korea. It offers anti-depressants, anti-psychotics, nootropics and anti-dementia, anti-epileptics, cardiovascular, gastrointestinal, antibiotics, antiviral agents, antihistamines, anti-inflammatory and analgesics, metabolic disorders, respiratory, central nervous system, other drug products. The company was founded in 1978 and is headquartered in Seoul, South Korea.",KRW,Health Care,"Pharmaceuticals, Biotechnology & Life Sciences",Pharmaceuticals,KSC,XKRX,KOSPI Stock Market,South Korea,,Seoul,05855,http://www.whanin.com,Micro Cap,KR7016580003,,BBG000H0NSK1,BBG000H0NSK1,BBG001S931K9,False
016590.KS,"Shindaeyang Paper Co., Ltd.","Shindaeyang Paper Co., Ltd. engages in the production and sale of stencil paper in Korea. It offers base papers for corrugated cardboards; and corrugated cardboard/boxes, single, double, and triple wall corrugated fiber boards. The company was founded in 1982 and is based in Ansan, South Korea.",KRW,Materials,Materials,Paper & Forest Products,KSC,XKRX,KOSPI Stock Market,South Korea,,Ansan-Si,,http://www.dygroup.co.kr,Micro Cap,KR7016590002,,BBG000G4GJB2,BBG000G4GHG1,BBG001S8QXT7,False
016610.KS,"DB Securities Co., Ltd.","DB Securities Co., Ltd. is a company listed on the KOSPI Stock Market under the ticker 016610. It operates in the Capital Markets industry within the Financials sector. The company is headquartered in Seoul, South Korea.",KRW,Financials,Diversified Financials,Capital Markets,KSC,XKRX,KOSPI Stock Market,South Korea,,Seoul,07331,https://www.dbsec.co.kr,Small Cap,KR7016610008,,BBG000BFYPS0,BBG000BFYPS0,BBG001S6TM03,False
016710.KS,"Daesung Holdings Co., Ltd.","Daesung Holdings Co., Ltd. engages in the energy, educational content, and information and communication businesses in South Korea. It supplies city gas to household, business, and industrial customers; and operates power generation, heat supply, landfill gas resource facilities, as well as acts as a consignment agent for city gas customer management, safety management of city gas facilities, construction of city gas supply and facilities, and gas connection construction. The company is also involved in the vehicle fuel retail business; call center outsourcing CRM, ASP, and talent dispatch businesses; and investment business. In addition, it provides distance education services for professionals in the companies and education sites; customized professional training courses for parents, instructors, prospective teachers, and companies; and various courses for foreign language, humanities, leadership, OA, and liberal arts through PC and mobile devices, as well as develops education programs for cooperative learning, strategic thinking, and insight and problem solving. Further, the company offers IT integrated management services, IT outsourcing and system integration services, oracle transaction based recovery solutions, RFID-based CNG charging POS systems, and apartment management ASP services, as well as supplies mobile terminals to retailers. Additionally, it provides VOIP service; and manages Skype services. The company was formerly known as Daegu City Gas Co., Ltd. and changed its name to Daesung Holdings Co., Ltd. in 2009. Daesung Holdings Co., Ltd. was founded in 1983 and is headquartered in Daegu, South Korea.",KRW,Utilities,Utilities,Gas Utilities,KSC,XKRX,KOSPI Stock Market,South Korea,,Daegu,,http://www.daesung-holdings.com,Micro Cap,KR7016710006,,BBG000C4XPC2,BBG000C4XP41,BBG001SDML70,False
016740.KS,"DUAL Co., Ltd.","DUAL Co., Ltd. manufactures and sells automobile parts in South Korea and internationally. Its products comprise car fabrics, seats, and air bags. The company was founded in 1971 and is headquartered in Seoul, South Korea.",KRW,Consumer Discretionary,Automobiles & Components,Auto Components,KSC,XKRX,KOSPI Stock Market,South Korea,,Seoul,,http://www.idual.co.kr,Micro Cap,KR7016740003,,BBG00D5TH147,BBG001BWBM12,BBG001TVH7L0,False
016800.KS,Fursys Inc.,"Fursys Inc. designs, manufactures, and sells office and home furniture products primarily in South Korea. It primarily offers desks and panels, executive officer chairs, lobby chairs, conference and lecture systems, sofas, sofa tables, and other accessories, as well as furniture for libraries and dormitories. The company also provides healthcare related furniture for the use in medical equipment, ward, clinical, nursing station, workspace, lab, elementary and secondary science lab, and resting standby areas. It markets its products under the FURSYS, iloom, and SIDIZ brands. Fursys Inc. was founded in 1983 and is based in Seoul, Korea.",KRW,Consumer Discretionary,Consumer Durables & Apparel,Household Durables,KSC,XKRX,KOSPI Stock Market,South Korea,,Seoul,100-011,http://www.fursys.com,Micro Cap,KR7016800005,,BBG000FPNKQ9,BBG000FPNJ82,BBG001S8M3K6,False
016880.KS,"Woongjin Co., Ltd.","Woongjin Co., Ltd. provides IT services in South Korea. It provides ERP solutions for businesses, small and medium-sized businesses, and small factories; cloud platform solutions, such as amazon web service, microsoft azure, customer relationship management solutions, and NAVER works groupware; and Woongjin rental management system and mobility solutions. The company also offers IT consulting and outsourcing, system integration, and digital signage services; and business shared services, such as FM and call center services. Woongjin Co., Ltd. was founded in 1980 and is headquartered in Seoul, South Korea.",KRW,Industrials,Capital Goods,Industrial Conglomerates,KSC,XKRX,KOSPI Stock Market,South Korea,,Seoul,,http://www.woongjin.co.kr,Micro Cap,KR7016880007,,BBG000FQ10J3,BBG000FQ1076,BBG001S8M594,False
017040.KS,"Kwang Myung Electric Co.,Ltd","Kwang Myung Electric Co.,Ltd develops and manufactures power distribution machinery in South Korea. It offers high and low voltage switchgears; gas insulated switchgears; package switchgears; motor control centers; protection relays and control panels; panel boards; and bus ducts. The company also provides automatic control systems, such as power monitoring systems, machineries/air handling units, digital meters, digital electric power monitoring equipment, water handling devices, SCADA, and current sensors. In addition, it engages in generation and distribution of solar power. Kwang Myung Electric Co.,Ltd was founded in 1955 and is headquartered in Ansan-si, South Korea.",KRW,Industrials,Capital Goods,Electrical Equipment,KSC,XKRX,KOSPI Stock Market,South Korea,,Seoul,425-100,http://www.kmec.co.kr,Micro Cap,KR7017040007,,BBG000BH09V5,BBG000BH09K7,BBG001S71ZS2,True
017180.KS,"MYUNGMOON Pharm co.,Ltd","MYUNGMOON Pharm co.,Ltd engages in the research, development, production, distribution, and sale of pharmaceuticals in South Korea and internationally. It offers prescription drugs, including anti osteoarthritis, anti-inflammatory analgesics, antiphlogistic enzymes, muscle relaxant, anti rheumarthritis, antibiotics and antifungal, respiratory agents, GI therapeutics, circulation agents, anti-hypertension agents, antidiabetic drugs, narcotics, anesthetic agents, central nervous system products, female hormone products, osteoporotic therapeutics, urogentital agents, adrenocortical hormone products, oncology agents, other preparations, fillers, and anti-obesity agents for pharmacotherapy. The company also provides OTC products, such as antinausants, genitourinary system products, anti gum disease products, hepatics, parasiticides, cathartic, oral disease products, antidiarrheal agents, digestive system products, cold drugs, calcium products, nasal sprays, multiple vitamin products, eye nutrition products, eye drops, blood circulation products, circulatory solvents, skin external preparations, and topical analgesic products. In addition, it offers health supplements, quasi drugs, and blended juices. MYUNGMOON Pharm co.,Ltd was founded in 1983 and is headquartered in Seoul, South Korea.",KRW,Health Care,"Pharmaceuticals, Biotechnology & Life Sciences",Pharmaceuticals,KSC,XKRX,KOSPI Stock Market,South Korea,,Seoul,06258,http://www.mmpharm.co.kr,Nano Cap,KR7017180001,,BBG000BK7P09,BBG000BK7NP7,BBG001SN3S92,False
017370.KS,"Wooshin Systems Co., Ltd.","Wooshin Systems Co., Ltd. manufactures and sells automotive body assembly systems and body parts in South Korea and internationally. The company offers automotive body assembly systems, including robotic, gate change, index, sliding, and overhead hinge framers; roller and W/H roll hemmings, hemming presses, and table tops; and geo pallet, skid, lift and carry, friction, and linear motor systems, as well as plain shuttles, accumulators, and part feeders. It also provides automotive interior components, such as A-pillar, B-pillar, C-pillar, door center trim panel, real speaker grill, arm rest, and seat back panel; and door parts, hoods, trunk-lids, and seat belts. The company was founded in 1984 and is headquartered in Siheung-si, South Korea.",KRW,Consumer Discretionary,Automobiles & Components,Auto Components,KSC,XKRX,KOSPI Stock Market,South Korea,,Siheung-Si,,http://www.wooshinsys.co.kr,Nano Cap,KR7017370008,,BBG000K3F1X5,BBG000K3F1B9,BBG001SJG846,False
017390.KS,"Seoul City Gas Co., Ltd.","Seoul City Gas Co., Ltd. supplies natural gas to residential, commercial, and industrial customers in South Korea. The company operates 4,441 kilometers of distribution pipelines covering a total distribution area of 1,249 square kilometers. It serves approximately 2.47 million families in the 11 areas of North Western Seoul, as well as the cities of Gyunggi-do. The company was founded in 1970 and is headquartered in Seoul, South Korea.",KRW,Utilities,Utilities,Gas Utilities,KSC,XKRX,KOSPI Stock Market,South Korea,,Seoul,,http://www.seoulgas.co.kr,Micro Cap,KR7017390006,,BBG000FVM7L1,BBG000FVM642,BBG001S8ND78,False
017550.KS,"Soosan Heavy Industries Co., Ltd.","Soosan Heavy Industries Co., Ltd. manufactures and sells hydraulic breakers in South Korea. It also provides truck-mounted, truck, and stationary cranes; drill rigs; special purpose machinery, such as pedestal boom systems and ANFO charger trucks; and rods. Soosan Heavy Industries Co., Ltd. was founded in 1984 and is headquartered in Hwaseong, South Korea.",KRW,Industrials,Capital Goods,Machinery,KSC,XKRX,KOSPI Stock Market,South Korea,,Hwaseong-si,,http://www.soosanheavy.com,Micro Cap,KR7017550005,,BBG000BGHWY5,BBG000BGHWY5,BBG001S75GH2,False
017670.KS,"SK Telecom Co., Ltd.","SK Telecom Co., Ltd. is a company listed on the KOSPI Stock Market under the ticker 017670. It operates in the Telecommunication Services industry within the Communication Services sector. The company is headquartered in Seoul, South Korea.",KRW,Communication Services,Telecommunication Services,Diversified Telecommunication Services,KSC,XKRX,KOSPI Stock Market,South Korea,,Seoul,04539,https://www.sktelecom.com,Large Cap,KR7017670001,,BBG000BG79W9,BBG000BG79W9,BBG001S72810,False
017800.KS,"Hyundai Elevator Co., Ltd","Hyundai Elevator Co., Ltd. designs, manufactures, installs, maintains, and modernizes elevators, escalators, and moving walks in South Korea and internationally. The company offers ultra-high speed elevators under the THE EL and THE EL DUO names; high-speed elevators under the i-XEL name; and low and mid-speed elevators under the LUXEN, NEW YZER, NEO, and VIVALDI names, as well as observation, hospital, freight and automobile, and marine elevators. It also provides auto parking systems and services; and advanced remote maintenance systems. In addition, the company engages in the real estate leasing, tourist accommodation, travel, construction, and finance businesses. Hyundai Elevator Co., Ltd. was founded in 1984 and is headquartered in Icheon, South Korea.",KRW,Industrials,Capital Goods,Machinery,KSC,XKRX,KOSPI Stock Market,South Korea,,Icheon-Si,17336,http://www.hyundaielevator.co.kr,Small Cap,KR7017800004,,BBG000FW38Q3,BBG000FW37W8,BBG001S8NJ57,False
017810.KS,Pulmuone Corporate,"Pulmuone Corporate manufactures, sells, and distributes foods and beverages in South Korea, the United States, China, and Japan. The company provides functional foods, mineral water, and fermented milk products, as well as meal, concession, and catering services; and distributes whole foods. It also offers health and living solutions. Pulmuone Corporate was founded in 1981 and is headquartered in Eumseong-eup, South Korea.",KRW,Consumer Staples,"Food, Beverage & Tobacco",Food Products,KSC,XKRX,KOSPI Stock Market,South Korea,,Eumseong-eup,,https://www.pulmuone.co.kr,Micro Cap,KR7017810003,,BBG000FT6KB6,BBG000FT6K26,BBG001S8MZP0,False
017900.KS,AUK Corp.,"AUK Corp. manufactures and sells electronic parts in South Korea and internationally. The company's products comprise opto sensors, such as emitters, detectors, LED's, IR receiver modules, infrared transceiver modules, photo interrupters, optical encoders, paper and UV sensors, and distance sensors; power semiconductor devices, including MOSFET, bipolar transistors, diodes, power management IC, analog IC, IGBTs, SiC power devices, and package information products; and LED and silicon photo chips. Its products are used for various applications comprising monitors, audio devices, set top boxes/DVD's, cameras, mobile phones and notebooks, refrigerators, air-conditioners, washing machines, robot cleaners, air and water purifiers, printers and copiers, ATM's and vending machines, medical equipment, LED lighting, and conveyors, as well as in automotive, induction heating, and industrial and drone applications. The company was founded in 1984 and is based in Iksan, South Korea.",KRW,Information Technology,Semiconductors & Semiconductor Equipment,Semiconductors & Semiconductor Equipment,KSC,XKRX,KOSPI Stock Market,South Korea,,Iksan-si,,http://www.auk.co.kr,Small Cap,KR7017900002,,BBG000H0Q1W4,BBG000H0Q181,BBG001S931N6,False
017940.KS,E1 Corporation,"E1 Corporation is a company listed on the KOSPI Stock Market under the ticker 017940. It operates in the Oil, Gas & Consumable Fuels industry within the Energy sector. The company is headquartered in Seoul, South Korea.",KRW,Energy,Energy,"Oil, Gas & Consumable Fuels",KSC,XKRX,KOSPI Stock Market,South Korea,,Seoul,04386,https://www.e1.co.kr,Small Cap,KR7017940008,,BBG000BJ2XY3,BBG000BJ2XY3,BBG001S88260,False
017960.KS,"Hankuk Carbon Co., Ltd.","Hankuk Carbon Co., Ltd. produces and sells composite materials in South Korea. It offers carbon prepregs for airplanes and industrial applications, as well as carbon fiber sheets for repairing buildings and bridges; and LNG heat insulation panels for storage and transportation applications. The company also provides glass papers for use in floor decoration materials, tile carpets, print substrates, waterproof streets, heat insulation panels, and filters. In addition, it offers components of vehicles and trains, interior and exterior sandwich panels, and heat insulating panels for vessels, as well as laminates for archery, electrical insulation, and building reinforcement products. Further, the company provides copper cladded laminates of PCB substrates; and dry films, as well as household and semiconductor package products. Hankuk Carbon Co., Ltd. was founded in 1984 and is headquartered in Miryang, South Korea.",KRW,Materials,Materials,Chemicals,KSC,XKRX,KOSPI Stock Market,South Korea,,Miryang-si,50403,http://www.hcarbon.com,Small Cap,KR7017960006,,BBG000FVGVH0,BBG000FVGVH0,BBG001S8NCN2,False
018250.KS,"Aekyung Industrial Co., Ltd.","Aekyung Industrial Co., Ltd. engages in the research, development, manufacture, and sale of household and beauty products in South Korea. It provides beauty care products, including hair and body care products, and cosmetics; health care products, such as dental care and health products; and home care products comprising laundry detergents, dishwashing detergents, and others. The company was founded in 1985 and is headquartered in Seoul, South Korea.",KRW,Consumer Staples,Household & Personal Products,Household Products,KSC,XKRX,KOSPI Stock Market,South Korea,,Seoul,04051,http://www.aekyung.co.kr,Micro Cap,KR7018250001,,BBG00K14LFM4,BBG001BP71J9,BBG001TRG5H9,False
018260.KS,"Samsung SDS Co.,Ltd.","Samsung SDS Co.,Ltd. is a company listed on the KOSPI Stock Market under the ticker 018260. It operates in the IT Services industry within the Information Technology sector. The company is headquartered in Seoul, South Korea.",KRW,Information Technology,Software & Services,IT Services,KSC,XKRX,KOSPI Stock Market,South Korea,,Seoul,05510,https://www.samsungsds.com,Large Cap,KR7018260000,,BBG0077VG4T1,BBG0077VG4T1,BBG001SFSGY0,False
018470.KS,"Choil Aluminum Co., Ltd.","Choil Aluminum Co., Ltd. operates as an aluminum rolling company in South Korea. The company provides coiled sheets that are used in foil stock, condenser cases, electric wire covers, insulator covering materials, fin stock, and mold transformers; and sheets and plates for use in litho sheets, cosmetic caps, P.P. caps/closure sheets, name plates, and sound proofing walls. It also offers embossed sheets, which are used in exterior and interior decoration for construction; circled sheets for use in household goods and reflector for light applications; and bands for cosmetic caps and electrical and electronic parts. Choil Aluminum Co., Ltd. was founded in 1975 and is headquartered in Gyeongsan, South Korea.",KRW,Materials,Materials,Metals & Mining,KSC,XKRX,KOSPI Stock Market,South Korea,,Gyeongsan,,http://www.choilal.co.kr,Micro Cap,KR7018470005,,BBG000BGZTN4,BBG000BGZSW6,BBG001S71YT4,False
018500.KS,"Dongwon Metal Co., Ltd.","Dongwon Metal Co., Ltd. is a company listed on the KOSPI Stock Market under the ticker 018500. It operates in the Auto Components industry within the Consumer Discretionary sector. The company is headquartered in Gyeongsan-si, South Korea.",KRW,Consumer Discretionary,Automobiles & Components,Auto Components,KSC,XKRX,KOSPI Stock Market,South Korea,,Gyeongsan-si,,https://www.dwmic.com,Nano Cap,KR7018500009,,BBG000G4FD17,BBG000G4FD17,BBG001S8QXS8,False
018670.KS,"SK Gas Co., Ltd.","SK Gas Co., Ltd. is a company listed on the KOSPI Stock Market under the ticker 018670. It operates in the Oil, Gas & Consumable Fuels industry within the Energy sector. The company is headquartered in Seongnam-si, South Korea.",KRW,Energy,Energy,"Oil, Gas & Consumable Fuels",KSC,XKRX,KOSPI Stock Market,South Korea,,Seongnam-si,13493,https://www.skgas.co.kr,Small Cap,KR7018670000,,BBG000BVS5Y9,BBG000BVS5Y9,BBG001S9Z9N4,False
018880.KS,Hanon Systems,"Hanon Systems manufactures, distributes, and sells automotive thermal and energy management solutions for conventional, electric, hybrid, fuel cell, and autonomous vehicles in South Korea, Europe, Asia, and the Americas. The company offers heating ventilation, and air conditioning (HVAC) systems; and radiators, blowers, compressors and clutches, front end modules, exhaust gas recirculation modules, electronic coolant pumps and valves, electronic waste gate actuators, and electronic throttle bodies. It also provides fluid transport products, including refrigerant lines, coolant lines, transmission oil cooler lines, accumulators, receiver driers, internal heat exchangers, and metal seal fittings, as well as powertrain cooling systems and thermal and emissions solutions. In addition, the company offers automatic and manual front and rear temperature controls that operate the HVAC systems; cluster ion generators; and cooling modules, such as radiators, condensers, fans, and shrouds. Further, it is involved in the development, technology consultation, import, and export of auto parts. The company was formerly known as Halla Visteon Climate Control Corporation and changed its name to Hanon Systems in August 2015. Hanon Systems was founded in 1986 and is headquartered in Daejeon, South Korea. Hanon Systems operates as a subsidiary of Hahn & Co. Auto Holdings Co., Ltd.",KRW,Consumer Discretionary,Automobiles & Components,Auto Components,KSC,XKRX,KOSPI Stock Market,South Korea,,Daejeon,,http://www.hanonsystems.com,Mid Cap,KR7018880005,,BBG000H5XQP8,BBG000H5XPZ9,BBG001S95Z68,False
019170.KS,"Shinpoong Pharmaceutical Co., Ltd.","Shin Poong Pharm.Co.,Ltd. manufactures and sells pharmaceutical products in South Korea. The company offers cephalosporin antibiotics; penicillin antibiotics; and finished products. It also provides active pharmaceutical ingredients; Pyramax, an anti-malarial drug; drugs for treating hypercholesterolemia, knee osteoarthritis and shoulder periarthritis, and surgical adhesion barrier; and over the counter products. The company also exports its products to approximately 50 countries. Shin Poong Pharm.Co.,Ltd. was founded in 1962 and is headquartered in Seoul, South Korea.",KRW,Health Care,"Pharmaceuticals, Biotechnology & Life Sciences",Pharmaceuticals,KSC,XKRX,KOSPI Stock Market,South Korea,,Seoul,06246,http://shinpoong.co.kr,Small Cap,KR7019170000,,BBG000BG6399,BBG000BG62G3,BBG001S71TG9,False
019175.KS,"Shinpoong Pharmaceutical Co.,Ltd","Shin Poong Pharm.Co.,Ltd. manufactures and sells pharmaceutical products in South Korea. The company offers cephalosporin antibiotics; penicillin antibiotics; and finished products. It also provides active pharmaceutical ingredients; Pyramax, an anti-malarial drug; drugs for treating hypercholesterolemia, knee osteoarthritis and shoulder periarthritis, and surgical adhesion barrier; and over the counter products. The company also exports its products to approximately 50 countries. Shin Poong Pharm.Co.,Ltd. was founded in 1962 and is headquartered in Seoul, South Korea.",KRW,Health Care,"Pharmaceuticals, Biotechnology & Life Sciences",Pharmaceuticals,KSC,XKRX,KOSPI Stock Market,South Korea,,Seoul,06246,http://shinpoong.co.kr,Micro Cap,KR7019171008,,BBG000BHF9D9,BBG000BHF9D9,BBG001S7C2G6,False
019180.KS,THN Corporation,"THN Corporation is a company listed on the KOSPI Stock Market under the ticker 019180. It operates in the Auto Components industry within the Consumer Discretionary sector. The company is headquartered in Daegu, South Korea.",KRW,Consumer Discretionary,Automobiles & Components,Auto Components,KSC,XKRX,KOSPI Stock Market,South Korea,,Daegu,,https://www.th-net.co.kr,Micro Cap,KR7019180009,,BBG000H5WGN3,BBG000H5WGN3,BBG001S95Z22,False
019440.KS,"SeAH SPECIALSTEEL CO., LTD.","SeAH SPECIALSTEEL CO., LTD. manufactures and sells steel materials for automotive, electronics, and mechanical industries in South Korea and internationally. The company offers cold heading quality wires used in making coupling parts, such as bolts, nuts, and small screws, as well as in parts for machines, including cars and electrical equipment; and cold drawn bars used as machine parts and electronics materials. It also provides peeled bars for cylinder rods in excavators, lifts, loaders, and other construction machines, as well as for engines, vessels, industrial ball screws, cold forged parts in cars, etc.; and bar to bar products. In addition, it offers hydrogen bell furnace annealed products and seam-free wire. The company was formerly known as Changwon Steel Co., Ltd. and changed its name to SeAH SPECIALSTEEL CO., LTD. in June 1988. The company was founded in 1986 and is headquartered in Pohang, South Korea. SeAH SPECIALSTEEL CO., LTD. is a subsidiary of SeAH Holdings Corporation.",KRW,Materials,Materials,Metals & Mining,KSC,XKRX,KOSPI Stock Market,South Korea,,Pohang,,http://www.seahsp.co.kr,Micro Cap,KR7019440007,,BBG000KRL8H8,BBG000KRL8H8,BBG001SPV9W2,True
019490.KS,Hitron Systems Inc.,"Hitron Systems Inc. manufactures and sells security devices in Korea and internationally. The company offers network cameras, such as box/housing, indoor dome, bullet, PTZ, specialty, VP dome, and corrosion proof cameras; and network video recorders. It also provides analog cameras comprising AHD, TVI, box/housing, dome, bullet, PTZ, AF, and specialty cameras. In addition, the company offers digital video recorders; and storage, controller, housing, bracket, ETC, and encoder accessories, as well as software. Further, it provides integrated surveillance system solutions. The company was founded in 1986 and is headquartered in Anseong, South Korea.",KRW,Industrials,Commercial & Professional Services,Commercial Services & Supplies,KSC,XKRX,KOSPI Stock Market,South Korea,,Anseong,,http://www.hitron.co.kr,Nano Cap,KR7019490002,,BBG000CFXRF0,BBG000CFXRF0,BBG001SC6478,True
019680.KS,"Daekyo Co., Ltd.","Daekyo Co., Ltd., together with its subsidiaries, provides educational services for children worldwide. It offers Noonnoppi, a one-on-one management system that provides educational instructions after assessment of learner's characteristics and gives scientific feedback after analysis of the learner's performance; CAIHONG, an one-on-one home visit learning program that develops intonation and listening, speaking, reading, and writing skills; Daekyo Firstclass, a study room system; and Dream Mentor, an integrated mentoring program that supports activities of children and adolescents to find and realize their dreams. The company also provides SOBICS, an education brand that facilitates infants, toddlers, and pre-teens to think and dream big; Soluny Forum, a learning system that enables learners to engage in group discussions; Ggumdal, which provides a range of contents aligned to the trends in today's education to toddlers who are learning to walk and run, as well as to the elementary grade school kids who seek to expand their knowledge; Daekyo textbook that is used in school classrooms for beginner English, middle school Korean, English, mathematics, social studies, science, Chinese literature, everyday Japanese, and everyday Chinese; Daekyo Kids TV, an edutainment channel for children, which produces and offers fun and instructive programs; SangSang Kids, a reading service; and Daekyo Baby TV, a channel for babies. In addition, it operates Eye Level learning centers; publishes textbooks and reference books; and provides Chinese language programs, as well as Internet-based education through a professional Japanese teacher. Further, the company operates Kids JAM, a children's academy. The company was founded in 1975 and is headquartered in Seoul, South Korea. Daekyo Co., Ltd. is a subsidiary of Daekyo Holdings Co.,Ltd.",KRW,Consumer Discretionary,Consumer Services,Diversified Consumer Services,KSC,XKRX,KOSPI Stock Market,South Korea,,Seoul,08708,http://www.daekyo.com,Micro Cap,KR7019680008,,BBG000G9LKR5,BBG000G9LK31,BBG001SH5P71,False
019685.KS,"Daekyo Co., Ltd.","Daekyo Co., Ltd., together with its subsidiaries, provides educational services for children worldwide. It offers Noonnoppi, a one-on-one management system that provides educational instructions after assessment of learner's characteristics and gives scientific feedback after analysis of the learner's performance; CAIHONG, an one-on-one home visit learning program that develops intonation and listening, speaking, reading, and writing skills; Daekyo Firstclass, a study room system; and Dream Mentor, an integrated mentoring program that supports activities of children and adolescents to find and realize their dreams. The company also provides SOBICS, an education brand that facilitates infants, toddlers, and pre-teens to think and dream big; Soluny Forum, a learning system that enables learners to engage in group discussions; Ggumdal, which provides a range of contents aligned to the trends in today's education to toddlers who are learning to walk and run, as well as to the elementary grade school kids who seek to expand their knowledge; Daekyo textbook that is used in school classrooms for beginner English, middle school Korean, English, mathematics, social studies, science, Chinese literature, everyday Japanese, and everyday Chinese; Daekyo Kids TV, an edutainment channel for children, which produces and offers fun and instructive programs; SangSang Kids, a reading service; and Daekyo Baby TV, a channel for babies. In addition, it operates Eye Level learning centers; publishes textbooks and reference books; and provides Chinese language programs, as well as Internet-based education through a professional Japanese teacher. Further, the company operates Kids JAM, a children's academy. The company was founded in 1975 and is headquartered in Seoul, South Korea. Daekyo Co., Ltd. is a subsidiary of Daekyo Holdings Co.,Ltd.",KRW,Consumer Discretionary,Consumer Services,Diversified Consumer Services,KSC,XKRX,KOSPI Stock Market,South Korea,,Seoul,08708,http://www.daekyo.com,Nano Cap,KR7019681006,,BBG000K3T482,BBG000K3T482,BBG001SJGC56,False
020000.KS,HANDSOME Corp.,"HANDSOME Corp. operates as a fashion retail company in South Korea and internationally. The company offers T-shirts, blouses, shirts, knits, pants, skirts, and dresses for women; T-shirts, shirts, knits, pants, and suits for men; and top and bottom clothing products for kids. It also provides jackets, jumpers, trench coats, cardigans/vests, coats, and down jumpers; and bags, shoes, hats, jewelry, scarfs/mufflers, socks, ties, and others. In addition, the company offers lifestyle products, including fabrics, fragrances, and other accessories; skincare products and other accessories; dishes, boards/trays, cutleries, coffee/tea products, fabrics/napkins, and other accessories; stationary products, books, and other accessories; and fashion products and other accessories for pets. The company manufactures and retails fashion brands, such as TIME, MINE, SYSTEM, SJSJ, DECKE, the CASHMERE, LATT BY T, OBZEE, O'2nd, 2nd floor, SJYP, Rouge & Lounge, TIME homme, and SYSTEM homme; and distributes imported luxury fashion brands, including LANVIN, BALLY, CALVIN KLEIN, DKNY, CANALI, CLUB MONACO, TOMMY HILFIGER, TOMMY JEANS, AMERICAN EAGLE OUTFITTERS, etc. Further, it operates multi-brand concept stores under the MUE, TOM GREYHOUND, and FOURM names. The company was founded in 1987 and is based in Seoul, South Korea.",KRW,Consumer Discretionary,Consumer Durables & Apparel,"Textiles, Apparel & Luxury Goods",KSC,XKRX,KOSPI Stock Market,South Korea,,Seoul,,http://www.thehandsome.com/ko/,Small Cap,KR7020000006,,BBG000H0FLG0,BBG000H0FKS9,BBG001S93049,False
020120.KS,"KidariStudio, Inc.","KidariStudio, Inc., a representative content company, develops various media content worldwide. The company develops e-book, e-learning, and Webtoon content. It publishes e-books in various fields, such as fantasy, martial arts, romance, BL, light novel, sensual novel, and other fields. The company was formerly known as Daouincube, Inc. and changed its name to KidariStudio, Inc. in March 2018. The company was founded in 1987 and is headquartered in Seoul, South Korea. KidariStudio, Inc. is a subsidiary of Daou Data Corp.",KRW,Communication Services,Media & Entertainment,Interactive Media & Services,KSC,XKRX,KOSPI Stock Market,South Korea,,Seoul,,http://www.kidaristudio.com,Micro Cap,KR7020120002,,BBG000C1ZJR4,BBG000C1ZJH5,BBG001S7QVW9,False
020150.KS,"ILJIN Materials Co., Ltd.","ILJIN Materials Co., Ltd. produces and sells elecfoils in Korea and internationally. Its elecfoils are used as core material for electronic products. The company offers I2B that creates the anode current collector of lithium secondary battery; and IHT, a high bending low illuminance elecfoil for FPCB; and UTC, a very thin elecfoil developed suitable for microcircuiting, high density, high integration, and high multilayering of PCBs. The company also provides I2K, an elecfoil used as a negative electrode collector for small lithium secondary batteries; VLP, a special elecfoil with low illuminance and high strength characteristics used for integrated circuit packaging substrates for semiconductor mounting; ICS, a general-purpose product used as the main material for printed circuit board and copper clad laminate; and I2S to expand the capacity of the secondary battery. In addition, it offers ISS a higher tensile item that is being considered for application of next-generation secondary batteries; HVLP elecfoil suitable for high-speed transmission; and TRT/HRT elecfoils used for base station antennas. The company was formerly known as Iljin Elecfoil Co., Ltd. and changed its name to ILJIN Materials Co., Ltd. in 2010. ILJIN Materials Co., Ltd. was founded in 1987 and is headquartered in Seoul, South Korea.",KRW,Industrials,Capital Goods,Electrical Equipment,KSC,XKRX,KOSPI Stock Market,South Korea,,Seoul,,http://www.iljinm.co.kr,Mid Cap,KR7020150009,,BBG001F4F470,BBG001F4F470,BBG001V08067,False
020560.KS,"Asiana Airlines, Inc.","Asiana Airlines, Inc. provides air transportation services for passengers and cargo in South Korea and internationally. It also provides ancillary services related to the airline and travel industries. The company was founded in 1988 and is based in Seoul, South Korea.",KRW,Industrials,Transportation,Airlines,KSC,XKRX,KOSPI Stock Market,South Korea,,Seoul,157-713,http://www.flyasiana.com,Small Cap,KR7020560009,,BBG000DL15V1,BBG000DL1541,BBG001SDMYJ9,False
020760.KS,"Iljin Display Co., Ltd.","Iljin Display Co., Ltd. manufactures and sells IT components and materials in South Korea and internationally. The company offers touch screen, force touch, bio-metrics, and flexible touch panels, as well as sapphire wafers. Its touch screen panels are used in mobiles, tablet PCs, automotive electronics, home appliances, laptop PCs, and industrial applications; and sapphire wafers are used in mobile devices, LED TVs, and lighting devices, as well as in cover glasses, wearable glasses, and micro LEDs in mobile products. The company was founded in 1994 and is based in Pyeongtaek, South Korea.",KRW,Information Technology,Technology Hardware & Equipment,"Electronic Equipment, Instruments & Components",KSC,XKRX,KOSPI Stock Market,South Korea,,Pyeongtaek,17792,http://www.iljindisplay.com,Micro Cap,KR7020760005,,BBG000GD7TM8,BBG000GD7SN9,BBG001SK0VH5,True
021050.KS,"Seowon Co., Ltd.","Seowon Co., Ltd. manufactures and sells non-ferrous metals in South Korea. The company offers brass billets, slabs, and ingots, as well as bronze ingots; and recycles brass ash, granular brass and aluminum, clove, sludge, mill berry, oxidized copper, and grinding powder, as well as copper rods for electric wires and copper billets. Its products are used in various applications, such as cars and industrial machinery parts, electrical and electronic equipment parts, ship building components and firefighting facilities, faucets, heat exchange appliances parts, and high-tech equipment and heavy industry products. The company was founded in 1988 and is headquartered in Ansan, South Korea.",KRW,Industrials,Capital Goods,Machinery,KSC,XKRX,KOSPI Stock Market,South Korea,,Ansan-Si,15999,http://www.swbrass.co.kr,Nano Cap,KR7021050000,,BBG000FRX6Z5,BBG000FRX6Q5,BBG001S8MPQ1,False
021240.KS,"COWAY Co., Ltd.","Coway Co., Ltd. operates in the home wellness appliances industry in South Korea, the United States, Malaysia, China, Thailand, Indonesia, and Vietnam. It provides air purifiers, water purifiers, bidets, juicers, water softeners, and other home wellness appliances; and Internet of Things products and services to care for people's lives in a fundamental manner. The company is also involved in the provision of mattress rental and air conditioner disinfection cleaning services; and automatic matching services. In addition, it offers anti-aging cosmetics under the Re:NK brand; fermented oriental herbal cosmetics under the Allvit brand; and functional healthy food under the Healthygru: brand. Further, the company provides water and sewage treatment, sewage and wastewater reuse, industrial water purification, and industrial wastewater treatment services; and rents water purifiers, bidets, etc. Coway Co., Ltd. was founded in 1989 and is headquartered in Seoul, South Korea.",KRW,Consumer Discretionary,Consumer Durables & Apparel,Household Durables,KSC,XKRX,KOSPI Stock Market,South Korea,,Seoul,100-759,http://www.coway.com,Mid Cap,KR7021240007,,BBG000DBD6B0,BBG000DBD5Z6,BBG001S9FTW2,False
022100.KS,Posco Dx Company Ltd.,"POSCO, together with its subsidiaries, manufactures and sells steel rolled products and plates in South Korea and internationally. It operates through four segments: Steel, Construction, Trading, and Others. The company offers hot and cold rolled steel, stainless steel, plates, wire rods, and silicon steel sheets. It also plans, designs, and constructs industrial plants, civil engineering projects, and commercial and residential buildings; exports and imports steel products and raw materials; and generates electricity; produces gas and refuse derived fuel, as well as provides network and system integration, and logistics services. In addition, the company is involved in the engineering and construction; computer hardware and software distribution; economic research and consulting; business facility maintenance; architecture and consulting; investment in venture, energy, and bio tech industries; electronic commerce; intellectual property services and consulting; refractories and quicklime manufacturing and sales; transporting and warehousing; real estate development, rental, sale, and management; house and train manufacturing and management; and education and real estate business. Further, it engages in the resource development; mine development; business facility maintenance; fuel cell; iron ore and coal sales; and cargo handling business, as well as operates housing business agency. Additionally, the company manufactures and sells coated, and anode material. It also engages in loading and unloading; IT service and DVR; electric control engineering; forest resources development; refractory materials sales and furnace maintenance; rice processing; grain sales; packing materials manufacturing; and social enterprise businesses. POSCO was incorporated in 1968 and is headquartered in Pohang, South Korea.",KRW,Information Technology,Software & Services,IT Services,KSC,XKRX,KOSPI Stock Market,South Korea,,Pohang,37861,https://www.poscodx.com,Mid Cap,KR7022100002,,BBG000FH5T60,BBG000FH5T60,BBG001SGJ536,False
023000.KS,"Samwonsteel Co., Ltd.","Samwonsteel Co., Ltd. develops and supplies bars and auto spring materials for the automotive industry in South Korea, Japan, China, India, the United States, Southeast Asia, Europe, and Latin America. It offers round and square edge flat bars, round bars, peeled bars, centerless ground bars, pipes, and parabolic and multi-leaf springs for automobiles. The company also provides coil springs, stabilizer bars, and torsion bars. In addition, it focuses on the development and production of high-performance and high-stress materials for lightweight vehicles. The company was founded in 1992 and is headquartered in Pohang, South Korea.",KRW,Materials,Materials,Metals & Mining,KSC,XKRX,KOSPI Stock Market,South Korea,,Pohang,790-841,http://www.samwon-steel.co.kr,Micro Cap,KR7023000003,,BBG001R0LZV2,BBG001R0LZT5,BBG001V1Y1G3,False
023150.KS,"MH Ethanol Co.,Ltd.","MH Ethanol Co.,Ltd. engages in the manufacture and sale of alcohol products in South Korea. The company is involved in the golf course business; wastewater treatment activities; and manufacturing of machine equipment. It also offers dry leaf and carbon dioxide. The company was founded in 1978 and is headquartered in Masan-si, South Korea.",KRW,Consumer Staples,"Food, Beverage & Tobacco",Beverages,KSC,XKRX,KOSPI Stock Market,South Korea,,Masan-Si,,http://www.mhethanol.com,Nano Cap,KR7023150006,,BBG000HTNJX4,BBG000HTNJ91,BBG001S9DWD8,False
023350.KS,Korea Engineering Consultants Corp.,"Korea Engineering Consultants Corp. provides civil engineering services to public and private clients in Korea and internationally. It offers engineering and design, construction supervision and management, survey site investigation, and geo technical engineering services. The company provides its services for roads, highways, airports, ports, harbors, railroads, bridges, structures, traffic systems, water supply and sewage systems, power supply and communication facilities, industrial plants, water resources, environmental facilities, urban planning, and landscaping and leisure projects, as well as offers soil and foundation, survey, and electrical and mechanical engineering services. It also undertakes various civil construction projects for harbor facility, bridge, tunnel, road, and water supply and sewage systems; building construction projects for educational research, culture, and sports facilities; and army division projects, as well as provides civil consulting services. The company was formerly known as Kukje Industrial Consultant Co., Ltd. and changed its name to Korea Engineering Consultants Corp. in August 1966. Korea Engineering Consultants Corp. was founded in 1963 and is based in Seoul, South Korea. Korea Engineering Consultants Corp. is a subsidiary of Kecc Holdings Inc.",KRW,Industrials,Capital Goods,Construction & Engineering,KSC,XKRX,KOSPI Stock Market,South Korea,,Seoul,,http://www.kecc.co.kr,Nano Cap,KR7023350002,,BBG001KQDX46,BBG001KQDX37,BBG001V0R8N0,False
023450.KS,"Dongnam Chemical Co., Ltd.","Dongnam Chemical Co., Ltd. is a company listed on the KOSPI Stock Market under the ticker 023450. It operates in the Chemicals industry within the Materials sector. The company is headquartered in Gongju, South Korea.",KRW,Materials,Materials,Chemicals,KSC,XKRX,KOSPI Stock Market,South Korea,,Gongju,32610,https://www.dongnamchem.com,Micro Cap,KR7023450000,,BBG000HTNKW2,BBG000HTNKW2,BBG001S9DWF6,False
023530.KS,"Lotte Shopping Co., Ltd.","Lotte Shopping Co., Ltd. engages in the retail operations through department stores, outlet stores, discount stores, supermarkets, health and beauty stores, specialty stores, home shopping, online malls, and convenience stores channels. The company also operates a chain of multiplex movie theaters under the Lotte Cinema brand name and engages in film production and distribution activities under the Lotte Cultureworks. In addition, it is involved in retailing of consumer electronics, e-commerce, and TV home shopping. The company was formerly known as Hyupwoo Industrial Co., Ltd. and changed its name to Lotte Shopping Co., Ltd. in November 1979. Lotte Shopping Co., Ltd. was founded in 1970 and is based in Seoul, South Korea.",KRW,Consumer Discretionary,Retailing,Multiline Retail,KSC,XKRX,KOSPI Stock Market,South Korea,,Seoul,,http://www.lotteshopping.com,Mid Cap,KR7023530009,,BBG000BXDWG2,BBG000BXDW54,BBG001SBGDZ8,False
023590.KS,Daou Technology Inc.,"Daou Technology Inc. provides IT and finance services in Japan, China, Indonesia, Vietnam, and France. The company specializes in banking and securities, as well as manages KIWOOM's trading system. It offers marketing communication services, such as texting, Internet fax, business text message, mobile coupon, delivery application, brochure advertisement, bulk mail, and virtual number; online commerce solutions, including P2P commerce, SNS commerce, and online order management; biz infra provides self-developed services comprising business platform, cloud, IDC, and domain services; and financial IT professional services. The company was founded in 1986 and is headquartered in Yongin, South Korea.",KRW,Information Technology,Software & Services,IT Services,KSC,XKRX,KOSPI Stock Market,South Korea,,Yongin-Si,,http://www.daou.com,Small Cap,KR7023590003,,BBG000BVSB12,BBG000BVS953,BBG001S9Z9R0,False
023800.KS,"INZI Controls Co.,Ltd.","INZI Controls Co.,Ltd. provides automobile parts in South Korea and internationally. The company offers thermal management system parts, including coolant control valves, thermostats, thermostat housing assemblies, electric thermostats, bypass valves, and coolant temperature sensors; and xEV parts, such as battery cases, FCEV coolant temperature sensors, and battery thermal management parts. It also provides engineering plastic parts, including cylinder head covers, air cleaners, air intake manifolds, and valve body covers. In addition, the company offers knock sensors, temperature sensors, pressure relief valves, solenoid valves, vacuum actuators, fuel pressure regulators, oil pressure switches, and solenoid valve integrated vacuum actuators, as well as turbocharger actuators and oil filters. INZI Controls Co.,Ltd. was founded in 1978 and is headquartered in Siheung-si, South Korea.",KRW,Consumer Discretionary,Automobiles & Components,Auto Components,KSC,XKRX,KOSPI Stock Market,South Korea,,Siheung-Si,,http://www.inzi.co.kr,Micro Cap,KR7023800006,,BBG000BVS882,BBG000BVS7R3,BBG001S9Z9Q1,False
023810.KS,INFAC Corporation,"INFAC Corporation manufactures and sells auto parts in South Korea and internationally. The company offers control cables, such as hood latch release, automatic and manual transmission shift, parking brake, accelerator, fuel filler, shift lock, key interlock, and manual park release cables, as well as flexible shafts for power seats; battery cables, including wiring harness products; and ignition cables comprising high tension and spark plug cables. It also provides actuators consisting of motor, hydraulic/pneumatic, and solenoid actuators; smart key system, active, and passive antennas; feeder cable assembly products comprising high frequency and AVN feeder cables; and shell, disk, and air horns, as well as parts for electric vehicles and hybrid electric vehicles. The company was formerly known as Samyeong Cable Co., Ltd. and changed its name to INFAC Corporation in 2004. INFAC Corporation was founded in 1969 and is headquartered in Seoul, South Korea.",KRW,Consumer Discretionary,Automobiles & Components,Auto Components,KSC,XKRX,KOSPI Stock Market,South Korea,,Seoul,,http://www.infac.co.kr,Nano Cap,KR7023810005,,BBG000C1M8D7,BBG000C1M856,BBG001SD5ZX9,False
023960.KS,"SC Engineering Co., Ltd","SC Engineering Co., Ltd is a company listed on the KOSPI Stock Market under the ticker 023960. It operates in the Construction & Engineering industry within the Industrials sector. The company is headquartered in Seoul, South Korea.",KRW,Industrials,Capital Goods,Construction & Engineering,KSC,XKRX,KOSPI Stock Market,South Korea,,Seoul,07649,https://www.sc-eng.com,Nano Cap,KR7023960008,,BBG000BVSBZ5,BBG000BVSBZ5,BBG001S9Z9S9,False
024070.KS,"Wiscom Co.,Ltd.","Wiscom Co.,Ltd. manufactures and sells plastic products in South Korea. It operates through PNP and Manufacturing divisions. The company offers HFFR and HFIX, crosslinked type XLPE, power cable, communication cable, flame retardant cable, heat resistant cable, cold resistant cable, oil resistant, solar power cable, marine cable, automobile cable, automobile interior/exterior, rat and ant repellent, equipment wire PVC, hose pipe, and other compounds; and coating compounds for voltage power cables, as well as semi-conductive compounds for cables. It also produces soft/hard PVC, PO, masterbatch, and conductive compounds; and LG Chem/LG MMA OEM products, such as ABS/PS compounds, EP compounds, PMMA compounds, etc. The company was founded in 1973 and is headquartered in Ansan-si, South Korea.",KRW,Materials,Materials,Chemicals,KSC,XKRX,KOSPI Stock Market,South Korea,,Ansan-Si,,http://www.wiscom.co.kr,Nano Cap,KR7024070005,,BBG000G6KZL5,BBG000G6KYW6,BBG001S8RGR5,False
024090.KS,DCM Corp.,"DCM Corp. is a company listed on the KOSPI Stock Market under the ticker 024090. It operates in the Metals & Mining industry within the Materials sector. The company is headquartered in Yangsan-si, South Korea.",KRW,Materials,Materials,Metals & Mining,KSC,XKRX,KOSPI Stock Market,South Korea,,Yangsan-si,50539,https://www.dcmcorp.co.kr,Micro Cap,KR7024090003,,BBG000DB9GR6,BBG000DB9GR6,BBG001SD5C88,False
024110.KS,Industrial Bank of Korea,"Industrial Bank of Korea is a company listed on the KOSPI Stock Market under the ticker 024110. It operates in the Banks industry within the Financials sector. The company is headquartered in Seoul, South Korea.",KRW,Financials,Banks,Banks,KSC,XKRX,KOSPI Stock Market,South Korea,,Seoul,04541,https://www.ibk.co.kr,Large Cap,KR7024110009,,BBG000C40K84,BBG000C40K84,BBG001SD64X7,False
024720.KS,"Kolmar Korea Holdings Co., Ltd.","Kolmar Korea Holdings Co., Ltd. manufactures and sells cosmetics, pharmaceuticals, and health functional foods in South Korea and internationally. It offers skin care, makeup, hair care, body care, and baby products, as well as functional cosmetics and perfumes. The company also provides quasi-drugs and health supplements. Kolmar Korea Holdings Co., Ltd. was founded in 1990 and is headquartered in Sejong City, South Korea.",KRW,Consumer Staples,Household & Personal Products,Household Products,KSC,XKRX,KOSPI Stock Market,South Korea,,Sejong City,,http://www.kolmar.co.kr,Micro Cap,KR7024720005,,BBG000C1DZB9,BBG000C1DYW9,BBG001S91CW4,False
024890.KS,"DAEWON Chemical Co., Ltd.","DAEWON Chemical Co., Ltd. manufactures and supplies polyurethane synthetic leather and wallpaper to sporting goods companies in South Korea. The company offers synthetic leather; make-up blender for skin make-up under the h.natural brand name; masks and filters; wallpapers; and back and polishing pads. It is also involved in di-methyl formamide waste refining business. The company was founded in 1974 and is headquartered in Seoul, South Korea.",KRW,Materials,Materials,Chemicals,KSC,XKRX,KOSPI Stock Market,South Korea,,Seoul,,http://www.daewon21.co.kr,Nano Cap,KR7024890006,,BBG000BSF4J0,BBG000BSF4J0,BBG001SB22H7,False
024900.KS,"DY DEOKYANG Co.,Ltd.","DY DEOKYANG Co.,Ltd. is a company listed on the KOSPI Stock Market under the ticker 024900 and traded in KRW. It is classified in the Consumer Discretionary sector (Auto Components). Its country is South Korea.",KRW,Consumer Discretionary,Automobiles & Components,Auto Components,KSC,XKRX,KOSPI Stock Market,South Korea,,Ulsan,44247,https://dydeokyang.co.kr,Micro Cap,KR7024900003,,BBG000BWZYT2,BBG000BWZYT2,BBG001SB2287,False
025000.KS,"KPX Chemical Co.,Ltd.","KPX Chemical Co.,Ltd. manufactures and sells polyols in South Korea. The company offers polymer polyols, PU systems, and general base polyols. Its products include polyurethane for use in furniture/bedding, automotive, refrigerator, construction materials/LNG insulation, C.A.S.E, and other companies; and electron materials for semiconductor and LCD chemical companies. KPX Chemical Co.,Ltd. was founded in 1974 and is headquartered in Seoul, South Korea.",KRW,Materials,Materials,Chemicals,KSC,XKRX,KOSPI Stock Market,South Korea,,Seoul,,http://www.kpxchemical.com,Micro Cap,KR7025000001,,BBG000FNBY96,BBG000FNBXT6,BBG001S8LV98,False
025530.KS,"SJM Holdings Co.,Ltd.","SJM Holdings Co.,Ltd. is a company listed on the KOSPI Stock Market under the ticker 025530. It operates in the Auto Components industry within the Consumer Discretionary sector. The company is headquartered in Ansan-si, South Korea.",KRW,Consumer Discretionary,Automobiles & Components,Auto Components,KSC,XKRX,KOSPI Stock Market,South Korea,,Ansan-si,15433,https://www.sjmholdings.co.kr,Nano Cap,KR7025530007,,BBG000BPG735,BBG000BPG735,BBG001S9L5Z4,False
025540.KS,"Korea Electric Terminal Co., Ltd.","Korea Electric Terminal Co., Ltd. is a company listed on the KOSPI Stock Market under the ticker 025540. It operates in the Electrical Equipment industry within the Industrials sector. The company is headquartered in Incheon, South Korea.",KRW,Industrials,Capital Goods,Electrical Equipment,KSC,XKRX,KOSPI Stock Market,South Korea,,Incheon,21999,https://www.ket.com,Small Cap,KR7025540006,,BBG000DSMCB0,BBG000DSMCB0,BBG001S8CQT7,False
025560.KS,Mirae Corporation,"Mirae Corporation manufactures and sells semiconductor equipment primarily in South Korea, China, and rest of Asia, Europe, Africa, north America, and south America. It offers hybrid placement and insertion systems; reel tape feeders; and SMT software consisting of standard machine software, feeder barcode systems, LED rank control systems, offline editor software, offline feeder setup software, and line manager systems. The company also provides accessories, such as reel exchangers, feeder stackers, trolleys, stick feeders, internal reel exchangers, bar code systems, off-line trolley setup kits, LSM2 supplies, manual trays, feeder precision adjustion stations, and reel tape cutters. In addition, it offers memory and module test handlers, and burn in sorters; and linear motor technology products, as well as MRM series. Mirae Corporation was founded in 1983 and is headquartered in Cheonan, South Korea.",KRW,Information Technology,Semiconductors & Semiconductor Equipment,Semiconductors & Semiconductor Equipment,KSC,XKRX,KOSPI Stock Market,South Korea,,Cheonan-si,31093,http://www.mirae.co.kr,Micro Cap,KR7025560004,,BBG000HMRZV1,BBG000HMRZ69,BBG001S99SF0,False
025620.KS,CHA AI Healthkare,"Jayjun Cosmetic Co., Ltd. manufactures and sells various cosmetic products in South Korea. The company offers facial care products, including mask pack, eigel patch, skincare, cleansing, and suncare products; makeup; collagen jelly and other relates products; skin cells, moisture moisturizing, whitening brightening, and sensitive calm moisture care products; nutritional elasticity and anti-aging nutritional care products; and trouble and UV protection care products. It serves its products in China, the Southeast Asia, the Americas, and Europe. The company was formerly known as Jayjun Co., Ltd. and changed its name to Jayjun Cosmetic Co., Ltd. Jayjun Cosmetic Co., Ltd. was founded in 1972 and is headquartered in Incheon, South Korea.",KRW,Consumer Discretionary,Consumer Durables & Apparel,"Textiles, Apparel & Luxury Goods",KSC,XKRX,KOSPI Stock Market,South Korea,,Incheon,,http://www.jayjun.co.kr,Micro Cap,KR7025620006,,BBG000FV21J9,BBG000FV21J9,BBG001S8N6Y3,False
025750.KS,"Hansol Homedeco Co., Ltd.","Hansol Homedeco Co., Ltd. manufactures and distributes furniture components, interior materials, and other products in South Korea. The company offers furniture components, such as medium density fiberboards, low pressure melamine products, PET boards, furniture doors, SB floors, steel floors, reinforced floors, flooring products, door molding materials, wall materials, and sheet materials. It also engages in the plantation business; production of steam energy using renewable energy; and provision of lumber products and saw dust. The company was formerly known as Jeonju Imsan Co., Ltd. and changed its name to Hansol Homedeco Co., Ltd. in January 2003. Hansol Homedeco Co., Ltd. was incorporated in 1991 and is headquartered in Seoul, South Korea with additional office locations in Yeongnam, Daegu, and Honam. It has a factory location in Iksan, South Korea.",KRW,Consumer Discretionary,Consumer Durables & Apparel,Household Durables,KSC,XKRX,KOSPI Stock Market,South Korea,,Seoul,07071,http://www.hansolhomedeco.co.kr,Nano Cap,KR7025750001,,BBG000BYGS03,BBG000BYGRM1,BBG001SBGY64,False
025820.KS,"Leeku Industrial Co., Ltd.","Leeku Industrial Co., Ltd. operates in the non-ferrous material industry in South Korea. It offers oxygen-free, tough pitch, and phosphorus deoxidized copper; red brass; brass; phosphor bronze; and other alloys, including detonator brass, naval brass, tin brass, tin copper, LEEKU ferrous copper, and CuFe2P. The company was founded in 1968 and is headquartered in Ansan, South Korea.",KRW,Industrials,Capital Goods,Machinery,KSC,XKRX,KOSPI Stock Market,South Korea,,Ansan,,http://www.leeku.net,Micro Cap,KR7025820002,,BBG000FWKKK3,BBG000FWKKK3,BBG001S8NMV1,False
025860.KS,Namhae Chemical Corporation,"Namhae Chemical Corporation produces and sells agricultural materials in South Korea and internationally. It offers fertilizers, which contain nitrogen, phosphoric acid, and potassium; and basic chemical products, such as ammonia, sulfuric and fuming sulfuric acid, phosphoric acid, gypsum, hexafluorosilicic acid, sulphate of potash, and hydrochloric acid for use as basic materials in consumer goods, as well as operates gas stations. The company also exports its products. Namhae Chemical Corporation was founded in 1974 and is based in Yeosu, South Korea.",KRW,Materials,Materials,Construction Materials,KSC,XKRX,KOSPI Stock Market,South Korea,,Yeosu,,http://www.nhchem.co.kr,Micro Cap,KR7025860008,,BBG000CJPLM6,BBG000CJPL73,BBG001S81SZ8,False
025890.KS,"Hankook Steel Co., Ltd.","Hankook Steel Co., Ltd. manufactures and sells steel products in South Korea. The company offers rudder horns, propeller boss, lower casting, stern boss and tubes, and tillers for shipbuilding; crowns, frames, column, discharge heads, roll chocks, slag pots, tee dies, bending dies, girth gears, holding blocks, mill housing, tables, and trunnions for industrial purpose; and turbine casting, valve body, butterfly valves, and gate valves for power generation applications. It also provides ingot for forging, such as general, round, and E.S.R ingots. The company was founded in 1960 and is headquartered in Haman, South Korea.",KRW,Materials,Materials,Metals & Mining,KSC,XKRX,KOSPI Stock Market,South Korea,,Haman,,http://www.hascokorea.com,Nano Cap,KR7025890005,,BBG000BX00X7,BBG000BX00X7,BBG001SB22J5,False
026890.KS,"STIC Investments, Inc.","STIC Investments, Inc. is a company listed on the KOSPI Stock Market under the ticker 026890. It operates in the Capital Markets industry within the Financials sector. The company is headquartered in Seoul, South Korea.",KRW,Financials,Diversified Financials,Capital Markets,KSC,XKRX,KOSPI Stock Market,South Korea,,Seoul,06194,https://www.stic.co.kr,Micro Cap,KR7026890004,,BBG000BCFB72,BBG000BCFB72,BBG001S63F79,False
026940.KS,"Bookook Steel Co., Ltd.","Bookook Steel Co., Ltd. produces and sells various steel sheets, steel pipes, and section steel products for automobiles, electronics, and construction companies in South Korea. Its products include hot/cold-rolled steel strips, hot-rolled sheets, cold-rolled steel sheets, galvanized steel pipes, carbon steel pipes and square pipes for general structural purpose, and C-type lip channels. The company was founded in 1948 and is based in Gwangju, South Korea.",KRW,Materials,Materials,Metals & Mining,KSC,XKRX,KOSPI Stock Market,South Korea,,Gwangju,506-258,http://www.bks.co.kr,Nano Cap,KR7026940007,,BBG000C1NF22,BBG000C1NDQ1,BBG001SD6109,False
026960.KS,Dong Suh Companies Inc.,"Dong Suh Companies Inc. engages in the food, packaging, tea, logistics, food research, and procurement and export businesses. The company distributes food materials, such as whole kernel sweet corn, olives, tropical fruits cocktail, pickled cucumber, sugar syrups, condensed milk, cookie powders, frying oils, strawberries, sauces, sausages, syrups, tomato paste, and pickles; and beverages, including juice cocktails and energy drinks. It also provides teas comprising black, corn, and green tea, as well as tea mixes and powders; and coffee, cheese, desserts, and snacks, as well as exports coffee creamer to various countries; and engages in plastic packaging business. The company offers its products under the Richards, Richs Valley Fresh, San Benito, Kraft, Mondelez, Red Bull, Ocean Spray, Tarra, Dongsuh Tea, Nalley, Diamond, Sun-Maid, Stewart & Jasper, 1883, Badoit, and Evian brand names. Dong Suh Companies Inc. was founded in 1975 and is based in Seoul, South Korea.",KRW,Consumer Staples,Food & Staples Retailing,Food & Staples Retailing,KSC,XKRX,KOSPI Stock Market,South Korea,,Seoul,,http://www.dongsuh.com,Small Cap,KR7026960005,,BBG000DBN4P9,BBG000DBN4P9,BBG001SD6519,False
027410.KS,Bgf Co. Ltd.,"Bgf Co. Ltd. is a company listed on the KOSPI Stock Market under the ticker 027410. It operates in the Transportation industry within the Industrials sector. The company is headquartered in Seoul, South Korea.",KRW,Industrials,Transportation,,KSC,XKRX,KOSPI Stock Market,South Korea,,Seoul,07336,https://www.bgf.co.kr,Micro Cap,KR7027410000,,BBG006DB9VY2,BBG006DB9VY2,BBG006DB9W25,False
027740.KS,"Maniker.Co.,Ltd","Maniker.Co.,Ltd engages in hatching, breeding, slaughtering, and processing of chickens. The company primarily produces and exports various frozen, refrigerated, and retort products, such as meat processed foods, smoked chicken, frozen cooked foods, and ham and sausages. It distributes its products through chicken specialty stores, department stores, hotels, direct management stores, and discount stores, as well as Internet or phone. The company was formerly known as DaeYun Food Co., Ltd. and changed its name to Maniker.Co.,Ltd in October 1998. The company was founded in 1962 and is based in Yongin-si, South Korea.",KRW,Consumer Staples,"Food, Beverage & Tobacco",Food Products,KSC,XKRX,KOSPI Stock Market,South Korea,,Yongin-Si,,http://www.maniker.co.kr,Nano Cap,KR7027740000,,BBG000DWCGR6,BBG000DWCFR8,BBG001SGL2G6,False
027970.KS,Hankuk Paper MFG. Co. Ltd.,Hankuk Paper MFG. Co. Ltd. is a company listed on the KOSPI Stock Market under the ticker 027970 and traded in KRW. It is classified in the Materials sector (Paper & Forest Products). Its country is South Korea.,KRW,Materials,Materials,Paper & Forest Products,KSC,XKRX,KOSPI Stock Market,South Korea,,Ulsan,06178,https://www.hankukpaper.com,Micro Cap,KR7027970003,,BBG000H0M693,BBG000H0M693,BBG001S931J1,False
028050.KS,"Samsung Engineering Co., Ltd.","Samsung Engineering Co., Ltd. is a company listed on the KOSPI Stock Market under the ticker 028050. It operates in the Construction & Engineering industry within the Industrials sector. The company is headquartered in Seoul, South Korea.",KRW,Industrials,Capital Goods,Construction & Engineering,KSC,XKRX,KOSPI Stock Market,South Korea,,Seoul,05288,https://www.samsungena.com,Mid Cap,KR7028050003,,BBG000HTQXQ8,BBG000HTQXQ8,BBG001S9DWT1,False
028100.KS,Dong-Ah Geological Engineering Company Ltd.,"Dong-Ah Geological Engineering Company Ltd. operates as a construction company in South Korea and internationally. It undertakes tunnel construction, ground improvement, and engineering works. The company was founded in 1971 and is headquartered in Busan, South Korea.",KRW,Industrials,Capital Goods,Construction & Engineering,KSC,XKRX,KOSPI Stock Market,South Korea,,Busan,46235,http://www.dage.co.kr,Micro Cap,KR7028100006,,BBG000BWDBR8,BBG000BWDB70,BBG001SCSZ75,False
028260.KS,Samsung C&T Corporation,"Samsung C&T Corporation is a company listed on the KOSPI Stock Market under the ticker 028260. It operates in the Construction & Engineering industry within the Industrials sector. The company is headquartered in Seoul, South Korea.",KRW,Industrials,Capital Goods,Construction & Engineering,KSC,XKRX,KOSPI Stock Market,South Korea,,Seoul,05288,https://www.samsungcnt.com,Large Cap,KR7028260008,,BBG000D5PS68,BBG000D5PS68,BBG001SD2CM5,False
02826K.KS,Samsung C&T Corporation,"Samsung C&T Corporation is a company listed on the KOSPI Stock Market under the ticker 02826K. It operates in the Construction & Engineering industry within the Industrials sector. The company is headquartered in Seoul, South Korea.",KRW,Industrials,Capital Goods,Construction & Engineering,KSC,XKRX,KOSPI Stock Market,South Korea,,Seoul,05288,https://www.samsungcnt.com,Large Cap,KR702826K016,,BBG009WB81Q1,BBG009WB81Q1,BBG009WB81V5,False
028670.KS,"Pan Ocean Co., Ltd.","Pan Ocean Co., Ltd., together with its subsidiaries, provides marine transportation and other related services worldwide. It operates through four segments: Bulk Carrier Service, Container Service, Tanker Service, and Other Shipping Services. The company offers break bulk liner services for steel, coal, wood, equipment, and machinery cargoes; tramper services for dry bulk cargo shipping, such as iron ore, coal, grain, sugar, logs, minerals, and scrap iron; large bulker services for dry bulk cargo comprising grain, coal, minerals, and iron ore; and container services. It also provides tanker services for palm oil, crude oil, naptha, gasoline, diesel, kerosene, jet fuel, and heavy oil for power generation; oils and fats; and petrochemicals, which comprise benzene, toluene, xylene, base oil, and caustic soda, as well as liquefied natural gas carrier services. In addition, the company offers heavy lifter services for large equipment, machinery, devices, etc.; and tug boats, drill ships, barges, ocean platforms, etc. Further, it is involved in the trading and logistics of agriculture products, such as corn, soybean, wheat, and soybean meal. The company was formerly known as STX Pan Ocean Co., Ltd. and changed its name to Pan Ocean Co., Ltd. in January 2014. Pan Ocean Co., Ltd. was founded in 1966 and is headquartered in Seoul, South Korea. Pan Ocean Co., Ltd. is a subsidiary of Harim Holdings Co., Ltd.",KRW,Industrials,Transportation,Marine,KSC,XKRX,KOSPI Stock Market,South Korea,,Seoul,03157,https://www.panocean.com,Mid Cap,KR7028670008,,BBG000SJTY38,BBG000SJTY38,BBG001SP3ZC7,False
029460.KS,"KC Co., Ltd.","KC Co., Ltd. is a company listed on the KOSPI Stock Market under the ticker 029460. It operates in the Semiconductors & Semiconductor Equipment industry within the Information Technology sector. The company is headquartered in Anseong-si, South Korea.",KRW,Information Technology,Semiconductors & Semiconductor Equipment,Semiconductors & Semiconductor Equipment,KSC,XKRX,KOSPI Stock Market,South Korea,,Anseong-si,04560,http://www.kct.co.kr,Small Cap,KR7029460003,,BBG000BJRFV8,BBG000BJRFV8,BBG001S7YL43,False
029530.KS,"sindoh Co.,Ltd.","sindoh Co.,Ltd. manufactures and sells office products in Korea and internationally. It offers digital color and mono multi-function printers; color and mono laser printers; fax machines; production printers; UV printers; and supplies, such as thermal paper products. The company was founded in 1960 and is based in Seoul, South Korea.",KRW,Industrials,Commercial & Professional Services,Commercial Services & Supplies,KSC,XKRX,KOSPI Stock Market,South Korea,,Seoul,133-705,http://www.sindoh.com,Micro Cap,KR7029530003,,BBG000HTNBT6,BBG000HTNB07,BBG001S9DW84,False
029780.KS,"Samsung Card Co., Ltd.","Samsung Card Co., Ltd. is a company listed on the KOSPI Stock Market under the ticker 029780. It operates in the Consumer Finance industry within the Financials sector. The company is headquartered in Seoul, South Korea.",KRW,Financials,Diversified Financials,Consumer Finance,KSC,XKRX,KOSPI Stock Market,South Korea,,Seoul,04514,https://www.samsungcard.com,Mid Cap,KR7029780004,,BBG000CY7F46,BBG000CY7F46,BBG001SFSGT6,False
030000.KS,Cheil Worldwide Inc.,"Cheil Worldwide Inc. provides various marketing solutions worldwide. It offers strategic, creative, and media solutions; integrated digital marketing solution and social media platform; and experiential marketing solutions, such as events, exhibitions, sports, and retail marketing solutions. The company was founded in 1973 and is headquartered in Seoul, South Korea.",KRW,Communication Services,Media & Entertainment,Media,KSC,XKRX,KOSPI Stock Market,South Korea,,Seoul,,http://www.cheil.com/hq,Small Cap,KR7030000004,,BBG000C1LHH4,BBG000C1LH66,BBG001SBRJS1,False
030190.KS,"NICE Information Service Co., Ltd.","NICE Information Service Co., Ltd. provides credit bureau and corporate intelligence services for individual and corporate customers in South Korea. It offers individual credit records and history, and authentication solution and services. The company's services for individuals include credit composite service for business commerce, self-credit evaluation solution consulting, self-credit management Internet service, and NICE ID service, which provides identifiable services, such as NICE IPIN, name verification, and self-authentication without using registration number. Its services for corporate customers comprise information inquiry, industrial analysis information, client credit management, information data, corporate evaluation, corporate credit risk consulting, technology credit evaluation, and corporate information additional services. It provides information on 4.2 million companies; and 500,000 politicians and business people through various channels, including online and offline to support business decision making. The company was formerly known as NICE Credit Information Service Co., Ltd. and changed its name to NICE Information Service Co., Ltd.in August 2013. NICE Information Service Co., Ltd. was founded in 1985 and is based in Seoul, South Korea.",KRW,Financials,Diversified Financials,Consumer Finance,KSC,XKRX,KOSPI Stock Market,South Korea,,Seoul,07237,https://www.niceinfo.co.kr,Small Cap,KR7030190003,,BBG000BVMN49,BBG000BVMN49,BBG001SF9NL0,False
030200.KS,KT Corporation,"KT Corporation provides integrated telecommunications and platform services in Korea and internationally. The company offers fixed-line telephone services, including local, domestic long-distance, international long-distance, and voice over Internet protocol telephone services, as well as interconnection services; broadband Internet access service and other Internet-related services; and data communication services, such as fixed-line and leased line services, as well as broadband Internet connection services. It also provides media and content services, including IPTV, satellite TV, digital music, e-commerce, online advertising consulting, and digital comics and novels services; and credit card processing and other financial services. In addition, the company offers information technology and network services, and satellite services; sells handsets and miscellaneous telecommunications equipment; develops and sells residential units and commercial real estate; and rents real estate properties. Further, it maintains public telephones; offers security, B2C and B2B, investment fund, software development and data processing, value added network, system integration and maintenance, mobile marketing, PCS distribution, satellite broadcasting, cloud system implementation, network installation and management, and data center development and related services. Additionally, the company is involved in the Internet banking ASP and security solutions, residential building development and supply, sports group management, technology business finance, software development and supply, submarine cable construction and maintenance, and trunk radio systems businesses. As of December 31, 2020, the company served approximately 22.3 million mobile subscribers and 8.8 million IPTV subscribers. The company was formerly known as Korea Telecom Corp. and changed its name to KT Corporation in March 2002. KT Corporation was founded in 1981 and is headquartered in Seongnam, South Korea.",KRW,Communication Services,Telecommunication Services,Diversified Telecommunication Services,KSC,XKRX,KOSPI Stock Market,South Korea,,Seongnam-si,13606,https://www.kt.com,Mid Cap,KR7030200000,,BBG000BMQ2T4,BBG000BMQ2T4,BBG001S6P5Q6,False
030210.KS,"Daol Investment & Securities Co., Ltd.","Daol Investment & Securities Co., Ltd. is a company listed on the KOSPI Stock Market under the ticker 030210. It operates in the Capital Markets industry within the Financials sector. The company is headquartered in Seoul, South Korea.",KRW,Financials,Diversified Financials,Capital Markets,KSC,XKRX,KOSPI Stock Market,South Korea,,Seoul,07328,https://www.daolsecurities.com,Micro Cap,KR7030210009,,BBG000HQJSK9,BBG000HQJSK9,BBG001S9C0X7,False
030610.KS,"Kyobo Securities Co.,Ltd.","Kyobo Securities Co., Ltd., a securities company, provides various financial services in South Korea. It provides project-related financial services, such as project financing, structured finance, merger and acquisition, investment, and consultancy services; corporate financial services, including issuance of mezzanine bonds that comprise CB and RCPS, and acquisition of public and private placement corporate bonds, as well as the design and consultancy of project structures related to project financing; and initial public offering services. The company also offers financial solutions for funding of real estate development, local governments' development projects, SOC, green energy development, and other businesses; and online and offline brokerage services for futures products, including indices, currencies, energy, interest rates, metals, and agriculture and livestock products, as well as fixed income brokerage services for individuals, institutions, foundations, and corporates. In addition, it engages in issuing, brokering, and managing of derivatives linked bonds and securities, and structured securities; acts as an intermediary for various equity-linked products, such as stocks and derivatives, and futures and options; provides brokerage services to institutional and retail clients; and offers wealth, customer asset, and risk management services. The company was formerly known as Daehan Securities Co., Ltd. and changed its name to Kyobo Securities Co., Ltd. in April 1994. The company was founded in 1949 and is headquartered in Seoul, South Korea. Kyobo Securities Co., Ltd. is a subsidiary of Kyobo Life Insurance Co., Ltd.",KRW,Financials,Diversified Financials,Capital Markets,KSC,XKRX,KOSPI Stock Market,South Korea,,Seoul,150-737,http://www.iprovest.com,Small Cap,KR7030610000,,BBG000BJK8F9,BBG000BJK841,BBG001S8TK49,False
030720.KS,"Dong Won Fisheries Co., Ltd.","Dong Won Fisheries Co., Ltd., together with its subsidiaries, operates as a diversified seafood company in South Korea and internationally. It produces breaded hoki, processed seafood for food service, and frozen ready to cook products, as well as offers freezing, refrigeration, and fish processing services. The company also manufactures and supplies breadcrumbs to frozen and instant product companies; and offers cold storage services. It operates 18 deep sea fishing vessels. Dong Won Fisheries Co., Ltd. was founded in 1970 and is based in Seoul, South Korea.",KRW,Consumer Staples,Food & Staples Retailing,Food & Staples Retailing,KSC,XKRX,KOSPI Stock Market,South Korea,,Seoul,,http://www.dongwonfish.co.kr,Nano Cap,KR7030720007,,BBG000DST092,BBG000DSSZ41,BBG001S8CS40,False
030790.KS,"BK TOPS Co., Ltd.","BK TOPS Co., Ltd. operates as an IT service company in South Korea. It offers system integration services in the areas of finance, public affairs, production, etc.; and IT outsourcing services, including integrated management, application operation, and infrastructure/computerized equipment management, as well as financial, big data, HR, and mobile and cloud solutions. The company also distributes raw materials, such as oils, aggregates, and bituminous coal; and auxiliary materials, as well as provides integrated purchase proxy services on consumable materials and consumer goods. The company was formerly known as T tops Co., Ltd. BK TOPS Co., Ltd. was founded in 1991 and is headquartered in Seoul, South Korea.",KRW,Information Technology,Software & Services,IT Services,KSC,XKRX,KOSPI Stock Market,South Korea,,Seoul,138-861,http://www.tynetworks.co.kr,Micro Cap,KR7030790000,,,,,True
031210.KS,"Seoul Guarantee Insurance Co., Ltd.","Seoul Guarantee Insurance Co., Ltd. is a company listed on the KOSPI Stock Market under the ticker 031210. It operates in the Insurance industry within the Financials sector. The company is headquartered in Seoul, South Korea.",KRW,Financials,Insurance,Insurance,KSC,XKRX,KOSPI Stock Market,South Korea,,Seoul,03128,https://www.sgic.co.kr,Mid Cap,KR7031210008,,BBG000DDV6C5,BBG000DDV6C5,BBG001SJ5580,False
031430.KS,"Shinsegae International Co., Ltd.","Shinsegae International Co., Ltd. operates as a fashion retailer in South Korea. It offers fashion, beauty, and lifestyle brands. The company also designs, manufactures, and distributes fashion, beauty, and living products. It operates through a network of approximately 860 stores. The company was founded in 1979 and is based in Seoul, South Korea.",KRW,Consumer Discretionary,Consumer Durables & Apparel,"Textiles, Apparel & Luxury Goods",KSC,XKRX,KOSPI Stock Market,South Korea,,Seoul,,http://www.sikorea.co.kr,Micro Cap,KR7031430002,,BBG001QT9041,BBG000QSB391,BBG001T8K4Z9,False
031440.KS,SHINSEGAE FOOD Inc.,"SHINSEGAE FOOD Inc. engages in the food manufacture, food distribution, restaurant, and consignment meal service businesses in South Korea. It offers soups, stews, casseroles, salads, processed meat, sauces, noodles and rice cakes, baked goods, and fresh foods; and supplies food to a range of customers, such as restaurant franchises, food manufacturers, and hotels and resorts. The company also provides contracted food services in commercial complexes and public facilities comprising airports, golf courses, outlets, resorts, hospitals, highway service stations, travel terminals, and train stations. In addition, it offers food services to a range of facilities, such as offices, research centers, hospitals, and universities. The company was founded in 1979 and is based in Seoul, South Korea.",KRW,Consumer Staples,"Food, Beverage & Tobacco",Food Products,KSC,XKRX,KOSPI Stock Market,South Korea,,Seoul,,http://www.shinsegaefood.com,Small Cap,KR7031440001,,BBG000DQSGF5,BBG000DQSFC0,BBG001S6P345,True
031820.KS,"Itcencts Co.,Ltd.","Itcencts Co.,Ltd. is a company listed on the KOSPI Stock Market under the ticker 031820 and traded in KRW. It is classified in the Information Technology sector (Communications Equipment). Its country is South Korea.",KRW,Information Technology,Technology Hardware & Equipment,Communications Equipment,KSC,XKRX,KOSPI Stock Market,South Korea,,Seoul,07378,https://www.itcencts.com,Micro Cap,KR7031820004,,BBG000BPHMC1,BBG000BPHMC1,BBG001S9LB63,False
032350.KS,"Lotte Tour Development Co., Ltd.","Lotte Tour Development Co., Ltd. is a company listed on the KOSPI Stock Market under the ticker 032350. It operates in the Hotels, Restaurants & Leisure industry within the Consumer Discretionary sector. The company is headquartered in Jeju-si, South Korea.",KRW,Consumer Discretionary,Consumer Services,"Hotels, Restaurants & Leisure",KSC,XKRX,KOSPI Stock Market,South Korea,,Jeju-si,63082,https://www.lottetour.com,Small Cap,KR7032350001,,BBG000P21L90,BBG000P21L90,BBG001SQVLQ0,False
032560.KS,"Hwang Kum Steel & Technology Co., Ltd","Hwang Kum Steel & Technology Co., Ltd produces and supplies stainless steel products in South Korea. The company offers hot-rolled (HR), cold-rolled, section steel, surface processing, long, shape processing, and stainless steel pipe products; and carbon steel products comprising HR steel for general structures and high strength steel, checkered plates, flat bars, and sheath tubes. It offers its products under the TITAMAX brand. The company was founded in 1986 and is headquartered in Ansan, South Korea.",KRW,Materials,Materials,Metals & Mining,KSC,XKRX,KOSPI Stock Market,South Korea,,Ansan-Si,,http://www.hwangkum.com,Micro Cap,KR7032560005,,BBG000C1PF66,BBG000C1PF66,BBG001SD62L4,False
032640.KS,LG Uplus Corp.,"LG Uplus Corp. provides various telecommunication services primarily in South Korea. The company provides mobile services, including 5G, telecommunication, and roaming services; and home media services comprising AI and IoT, as well as Internet, IPTV, homeboy, bundle, and Internet phone services. It also provides services to corporate customers comprising drone control systems, telecommunications services for business, business phone services, Internet services, security, business IT services, marketing/customer management services, and industrial IoT services, as well as facilities/services/security solutions and affiliated products. In addition, the company is involved in the handset sale activities; provision of telemarketing and other business support services; investment fund activities; and cable television and broadcasting businesses. LG Uplus Corp. was founded in 1996 and is headquartered in Seoul, South Korea.",KRW,Communication Services,Telecommunication Services,Diversified Telecommunication Services,KSC,XKRX,KOSPI Stock Market,South Korea,,Seoul,,http://www.uplus.co.kr,Mid Cap,KR7032640005,,BBG000F8XLW7,BBG000F8XL84,BBG001SG1X52,False
032830.KS,"Samsung Life Insurance Co., Ltd.","Samsung Life Insurance Co., Ltd. is a company listed on the KOSPI Stock Market under the ticker 032830. It operates in the Insurance industry within the Financials sector. The company is headquartered in Seoul, South Korea.",KRW,Financials,Insurance,Insurance,KSC,XKRX,KOSPI Stock Market,South Korea,,Seoul,06620,https://www.samsunglife.com,Large Cap,KR7032830002,,BBG000FGB8Z9,BBG000FGB8Z9,BBG001SLQNX5,False
033180.KS,"KH Feelux Co., Ltd.","KH Feelux Co., Ltd. engages in the research, design, engineering, manufacturing, and sale of electronic ballast and lighting systems in Asia, Europe, and North America. It offers FLX, FLXible, AC, MonoRail, FLT track system, Luxfeel, and B2C collection products, as well as dimming systems for use in hotels, department stores, restaurants, offices, residences, schools, leisure clubs, stage sets, retail areas, etc. The company was formerly known as Feelux Co., Ltd and changed its name to KH Feelux Co., Ltd. in March 2021. KH Feelux Co., Ltd. was founded in 1975 and is headquartered in Yangju, South Korea.",KRW,Industrials,Capital Goods,Electrical Equipment,KSC,XKRX,KOSPI Stock Market,South Korea,,Yangju-Si,,http://www.feelux.com,Small Cap,KR7033180001,,BBG000C1Q7J9,BBG000C1Q6Y4,BBG001SD63B3,True
033240.KS,"Jahwa Electronics. Co., Ltd","Jahwa Electronics. Co., Ltd manufactures and sells precision electronic components in South Korea and internationally. The company offers BLDC and geared motors, PTC heaters, and rare earth motors for automobiles; and camera modules, integrated OIS and shutter actuators, auto focus actuators, and vibration motors for mobiles. It also provides charge and supply rollers, magroller assemblies, and developer rollers for laser printers and copiers; PTC thermistors and plastic magnets for home appliances; and thermal spread sheets for displays, as well as Nd-Fe-B magnet. The company was founded in 1981 and is headquartered in Cheongju, South Korea.",KRW,Information Technology,Technology Hardware & Equipment,"Electronic Equipment, Instruments & Components",KSC,XKRX,KOSPI Stock Market,South Korea,,Cheongju,363-922,http://www.jahwa.co.kr,Small Cap,KR7033240003,,BBG000BMVQ24,BBG000BMVP62,BBG001SBYPS9,False
033250.KS,"CHASYS Co., Ltd.","CHASYS Co., Ltd. manufactures and sells automotive chassis systems and rear axles in South Korea and internationally. Its products include front suspension systems, such as sub frames, and center members and impact beams; rear suspension systems, including modules, axles, and crossmembers; arms/links; trailer hitches; and other products. The company was formerly known as Samlip Precision Co., Ltd. and changed its name to CHASYS Co., Ltd. in December 2002. CHASYS Co., Ltd. was founded in 1989 and is based in Gyeongsan, South Korea.",KRW,Consumer Discretionary,Automobiles & Components,Auto Components,KSC,XKRX,KOSPI Stock Market,South Korea,,Gyeongsan,38488,http://www.chasys.com,Nano Cap,KR7033250002,,BBG000D99R24,BBG000D99QC5,BBG001SD4KR0,False
033270.KS,Korea United Pharm Inc.,"Korea United Pharm Inc. is a company listed on the KOSPI Stock Market under the ticker 033270. It operates in the Pharmaceuticals industry within the Health Care sector. The company is headquartered in Seoul, South Korea.",KRW,Health Care,"Pharmaceuticals, Biotechnology & Life Sciences",Pharmaceuticals,KSC,XKRX,KOSPI Stock Market,South Korea,,Seoul,339-841,https://www.kup.co.kr,Micro Cap,KR7033270000,,BBG000C3TCG4,BBG000C3TCG4,BBG001S9YSX2,False
033530.KS,"Sejong Industrial Co., Ltd.","Sejong Industrial Co., Ltd. engages in the research and development, production, and supply of automotive parts in South Korea and internationally. The company offers exhaust systems, including exhaust manifold, catalytic converter, selective catalytic reduction (SCR), sub resonator, and main resonator products for passenger and commercial vehicles. It also provides electronic devices, such as hydrogen sensor, pressure sensor, pressure relief valve-H2, and water trap components of driving devices for hydrogen fuel cell vehicles; electromechanical parts and functions modules related to the exhaust systems comprising nitrogen oxide sensors, temperature sensors, differential pressure sensors, oxygen sensors, particulate matter sensors, and urea-SCR systems; and wheel speed sensors. In addition, the company develops green energy products, such as portable fuel cell system, which uses hydrogen energy; and power generator that changes liquefied petroleum gas into hydrogen gas and converts it into electricity. Sejong Industrial Co., Ltd. was founded in 1976 and is based in Ulsan, South Korea.",KRW,Consumer Discretionary,Automobiles & Components,Auto Components,KSC,XKRX,KOSPI Stock Market,South Korea,,Ulsan,,http://www.sjku.co.kr,Micro Cap,KR7033530007,,BBG000C1QPB7,BBG000C1QPB7,BBG001SD63Q7,False
033780.KS,KT&G Corporation,"KT&G Corporation is a company listed on the KOSPI Stock Market under the ticker 033780. It operates in the Tobacco industry within the Consumer Staples sector. The company is headquartered in Daejeon, South Korea.",KRW,Consumer Staples,"Food, Beverage & Tobacco",Tobacco,KSC,XKRX,KOSPI Stock Market,South Korea,,Daejeon,306-712,https://www.ktng.com,Large Cap,KR7033780008,,BBG000C2X255,BBG000C2X255,BBG001SDC4D2,False
033920.KS,"Muhak Co., Ltd.","Muhak Co., Ltd. manufactures and sells liquors in South Korea. It offers diluted shochu products, fruit liquors, and liqueurs. The company was founded in 1929 and is headquartered in Changwon, South Korea.",KRW,Consumer Staples,"Food, Beverage & Tobacco",Beverages,KSC,XKRX,KOSPI Stock Market,South Korea,,Changwon-Si,,http://www.muhak.co.kr,Micro Cap,KR7033920000,,BBG000C1QTC8,BBG000C1QT01,BBG001SD63S5,False
034020.KS,"Doosan Heavy Industries & Construction Co., Ltd.","Doosan Heavy Industries & Construction Co., Ltd. operates as an engineering, procurement, and construction contractor worldwide. The company offers coal-fired and heavy oil thermal, cycle, and biomass power plants; gas and steam turbines, generators, boiler, air pollution control, heat exchangers, and transportation equipment; plant upgrades, outage services, plant assessment and engineering, operation and maintenance, and asset management services; generates power through wind and solar power, energy storage systems, and micro-grids; and supplies equipment for nuclear power plants, including nuclear reactor and internal structure, steam generator, nuclear reactor coolant pump, control element drive mechanism pressurizer, head assembly, fuel handling equipment, fuel storage rack, post-tensioning system of the containment building, heat exchanger, pressure vessels, and tanks. It also offers seawater desalination plants; drinking water, sewage treatment and reuse, and sludge treatment and resource recycling systems, as well as industrial water and wastewater solutions; and water treatment equipment comprising ultrasonic solubilization devices and dissolved air flotation equipment. In addition, the company provides integrated heads with nozzles, nuclear energy shells, rotor shafts, turbine casings, and runners; crankshafts, marine shafts, and stern forge products; work rolls, backup rolls, plate backup rolls, and mill housing structures; plastic mold steel and tool steel; press roller and kiln tires, roller, and kiln tires, as well as steel casting, forging products, and welding structures. Further, it constructs highways/railroads, and port/landfill/water and sewage projects; business facilities, research/medical/factory facilities, and residential-commercial complexes/apartments; and nuclear and LNG power plants, and transmission lines. The company was founded in 1962 and is headquartered in Changwon, South Korea.",KRW,Industrials,Capital Goods,Machinery,KSC,XKRX,KOSPI Stock Market,South Korea,,Changwon-Si,51711,http://www.doosanheavy.com,Large Cap,KR7034020008,,BBG000C4SV53,BBG000C4SV53,BBG001SBZ762,False
034120.KS,Seoul Broadcasting System,"Seoul Broadcasting System engages in the broadcasting, cultural service, and advertising businesses in South Korea and internationally. It provides terrestrial TV and radio broadcasting services based on broadcasting law. The company sells TV program contents to cable PP, satellite broadcasting, Internet and IP TV, and other customers. It is also involved in cultural projects, such as exhibitions and entertainment performances. The company was founded in 1990 and is headquartered in Seoul, South Korea.",KRW,Communication Services,Media & Entertainment,Entertainment,KSC,XKRX,KOSPI Stock Market,South Korea,,Seoul,,http://www.sbs.co.kr,Micro Cap,KR7034120006,,BBG000DBN870,BBG000DBN7Y2,BBG001SD6564,False
034220.KS,"LG Display Co, Ltd AMERICAN DEPOSITORY SHARES","LG Display Co., Ltd. manufactures and sells thin-film transistor liquid crystal display (TFT-LCD) and organic light emitting diode (OLED) technology-based display panels in South Korea, China, rest of Asia, Poland, other European countries, and the United States. The company's TFT-LCD and OLED technology-based display panels are primarily used in televisions, notebook computers, desktop monitors, tablet computers, and mobile devices. It also provides display panels for industrial and other applications, including entertainment systems, automotive displays, portable navigation devices, and medical diagnostic equipment. The company was formerly known as LG.Philips LCD Co., Ltd. and changed its name to LG Display Co., Ltd. in March 2008. LG Display Co., Ltd. was founded in 1985 and is headquartered in Seoul, South Korea.",KRW,Information Technology,Technology Hardware & Equipment,"Electronic Equipment, Instruments & Components",KSC,XKRX,KOSPI Stock Market,South Korea,,Seoul,07336,http://www.lgdisplay.com,Mid Cap,KR7034220004,,BBG000F5DG01,BBG000F5DG01,BBG001SDCYD6,False
034230.KS,"Paradise Co., Ltd.","Paradise Co., Ltd. engages in resort, hotel, game, travel, and leisure businesses in South Korea. The company operates Paradise City, an integrated resort consisting of hotels, conventions, casinos, plazas, art galleries, spas, and clubs. It also operates the Paradise Hotel & Resort, a five-star hotel with 711 rooms; Art Paradiso, a lifestyle boutique hotel with 58 rooms; Paradise Hotel Busan, a five-star hotel with 532 guest rooms. In addition, the company operates casinos, including the Paradise Casino, Paradise Casino Walkerhill, Paradise Casino Busan, and Paradise Casino Jeju Grand; Paradise Spa Dogo, a spa destination. Further, it provides travel agency services; and distributes wines. The company was founded in 1972 and is headquartered in Seoul, South Korea.",KRW,Consumer Discretionary,Consumer Services,"Hotels, Restaurants & Leisure",KSC,XKRX,KOSPI Stock Market,South Korea,,Seoul,04560,https://www.paradise.co.kr,Small Cap,KR7034230003,,BBG000BLBPN7,BBG000BLBPN7,BBG001S9Y3G6,False
034300.KS,Shinsegae Engineering & Construction Inc.,"Shinsegae Engineering & Construction Inc. provides construction services in South Korea and internationally. The company undertakes commercial facilities, logistics and production plants, educational and office facilities, hotels and resorts, residential facilities, roads and railways, ports, environmental and energy, and other construction projects. It also renovates and remodels commercial and residential facilities; and develops and operates a golf club. Shinsegae Engineering & Construction Inc. was founded in 1991 and is based in Seoul, South Korea.",KRW,Industrials,Capital Goods,Construction & Engineering,KSC,XKRX,KOSPI Stock Market,South Korea,,Seoul,,http://www.shinsegae-enc.com,Micro Cap,KR7034300004,,,,,False
034310.KS,"NICE Holdings Co., Ltd.","NICE Holdings Co., Ltd. is a company listed on the KOSPI Stock Market under the ticker 034310. It operates in the Capital Markets industry within the Financials sector. The company is headquartered in Seoul, South Korea.",KRW,Financials,Diversified Financials,Capital Markets,KSC,XKRX,KOSPI Stock Market,South Korea,,Seoul,07237,https://www.nice.co.kr,Small Cap,KR7034310003,,BBG000D4BTS0,BBG000D4BTS0,BBG001SHHDK0,False
034590.KS,"Incheon City Gas Co., Ltd.","Incheon City Gas Co., Ltd. supplies gas in South Korea. The company operates through a pipeline network of 1,534 kilometers. It also supplies electricity. The company was founded in 1983 and is headquartered in Incheon, South Korea.",KRW,Utilities,Utilities,Gas Utilities,KSC,XKRX,KOSPI Stock Market,South Korea,,Incheon,,http://www.icgas.co.kr,Micro Cap,KR7034590000,,BBG000JY9CM4,BBG000JY9BV6,BBG001SPMMX2,False
034730.KS,SK Inc.,"SK Inc. is a company listed on the KOSPI Stock Market under the ticker 034730. It operates in the Industrial Conglomerates industry within the Industrials sector. The company is headquartered in Seoul, South Korea.",KRW,Industrials,Capital Goods,Industrial Conglomerates,KSC,XKRX,KOSPI Stock Market,South Korea,,Seoul,03188,https://www.sk-inc.com,Large Cap,KR7034730002,,BBG000C2JFR8,BBG000C2JFR8,BBG001SCK8M6,False
03473K.KS,SK Inc.,"SK Inc. is a company listed on the KOSPI Stock Market under the ticker 03473K. It operates in the Industrial Conglomerates industry within the Industrials sector. The company is headquartered in Seoul, South Korea.",KRW,Industrials,Capital Goods,Industrial Conglomerates,KSC,XKRX,KOSPI Stock Market,South Korea,,Seoul,03188,https://www.sk-inc.com,Large Cap,KR703473K016,,BBG009S28854,BBG009S28854,BBG009S28890,False
034830.KS,Korea Real Estate Investment & Trust Co. Ltd.,"KOREIT, a real estate investment trust, engages in the investment, development, and management of real estate properties in South Korea. It also involves in land development trust, management trust, profit certificate trust, proxy business and agency business, real estate consulting, real estate investment trusts, and asset-backed securities businesses. The company was founded in 1996 and is based in Seoul, South Korea.",KRW,Real Estate,Real Estate,Equity Real Estate Investment Trusts (REITs),KSC,XKRX,KOSPI Stock Market,South Korea,,Seoul,06132,http://www.koreit.co.kr,Micro Cap,KR7034830000,,BBG000BR2T92,BBG000BR2T92,BBG001S9NVP6,False
035000.KS,HS Ad Inc.,"GIIR Inc., together with its subsidiaries, operates as an advertising and marketing communications company in South Korea and internationally. The company was founded in 1962 and is headquartered in Seoul, South Korea.",KRW,Communication Services,Media & Entertainment,Media,KSC,XKRX,KOSPI Stock Market,South Korea,,Seoul,,http://www.g2rgroup.com,Micro Cap,KR7035000009,,BBG000D99RR7,BBG000D99RR7,BBG001SD4KS9,False
035150.KS,"BAIKSAN Co,. Ltd","BAIKSAN Co,. Ltd engages in the production, manufacture, and sale of artificial and synthetic leather in South Korea. Its products are used in shoes, clothing, bags, balls, sports products, cases for electronics, furniture, interior materials of automobiles, and other goods. The company was formerly known as Baiksan Hwasugn Co., Ltd. and changed its name to BAIKSAN Co,. Ltd in April 1998. The company was founded in 1984 and is headquartered in Siheung-si, South Korea.",KRW,Consumer Discretionary,Consumer Durables & Apparel,"Textiles, Apparel & Luxury Goods",KSC,XKRX,KOSPI Stock Market,South Korea,,Siheung-Si,,http://www.baiksan.co.kr,Micro Cap,KR7035150002,,BBG000D99N14,BBG000D99MQ9,BBG001SD4KJ9,False
035250.KS,"Kangwon Land, Inc.","Kangwon Land, Inc. engages in the casino, tourist hotel, and ski resorts businesses in South Korea. Its business also covers condominium, golf course, and a water park. The company operates the Kangwon Land Casino with 200 game tables, 1,360 slot machines, and video games. It also operates the Kangwonland Hotel, Convention Hotel, High1 Hotel, Mountain Condominium, Valley Condominium, and Hill Condo; High1 Ski Resort; High1 CC public golf course; and a gambling addiction care center, as well as High1 sports teams. Kangwon Land, Inc. was founded in 1998 and is based in Jeongseon, South Korea.",KRW,Consumer Discretionary,Consumer Services,"Hotels, Restaurants & Leisure",KSC,XKRX,KOSPI Stock Market,South Korea,,Jeongseon,26154,http://kangwonland.high1.com,Mid Cap,KR7035250000,,BBG000H44R35,BBG000H44QB8,BBG001SHK729,False
035420.KS,NAVER Corporation,"NAVER Corporation, together with its subsidiaries, provides internet and online search portal, and mobile messenger platform services in South Korea, Japan, and internationally. The company offers Naver, a search portal that offers various content topic boards; LINE, a messaging application; Naver Clova, an integrated AI platform; Papago, an automated interpretation application; WHALE, a web browser; Naver Map, a navigation application; V LIVE, a celebrities free global live streaming platform; Webtoon, a promotion system for mobile comics; SERIES, a paid content platform; SNOW, a camera; BAND, a mobile community platform; and AudioClip, an audio content platform. It also provides an online information distribution, business support, workforce supply, employee dispatch, software development and distribution, mobile service development, exhibition and performance planning, IT infrastructure, software consulting, mobile billing system planning and development, telecommunication, and mobile advertising services. In addition, NAVER Corporation is involved in the manufacture of cosmetics; electronic financial business; film production and distribution; real estate rental, and investment and information business; and character and doll wholesale and retail activities. The company was formerly known as NHN Corporation. NAVER Corporation was founded in 1999 and is headquartered in Seongnam, South Korea.",KRW,Communication Services,Media & Entertainment,Interactive Media & Services,KSC,XKRX,KOSPI Stock Market,South Korea,,Seongnam-si,13561,http://www.navercorp.com,Large Cap,KR7035420009,,BBG000PFC193,BBG000PF9ZK9,BBG001SL9SX3,False
035510.KS,"SHINSEGAE Information & Communication Co., LTD","SHINSEGAE Information & Communication Co., LTD. offers information technology (IT) services in South Korea. It offers operation and maintenance of IT system; IDC services, such as IDC deployment and IT outsourcing, IT infrastructure construction and supply, diagnosing and optimizing online content services; system integration; and network integration services. It also provides SSG LBS platform for browsing locations; SSGPAY, a mobile integrated payment services; information services, such as eCvan which includes additional services to assist in the settlement and closing of deliveries; goodMD, an integrated online sales management solution; messaging services; and eCtax, a service that electronically issues, transmits, receives, and archives tax invoices. In addition, the company provides online and offline education services, as well as development, maintenance, and comprehensive system operation services. Further, it engages in the supply and maintenance of mobile Web and PC Web standard UI/UX development platform, Web reporting/electronic document, middleware and APM, and information security solutions; and hardware equipment and smart electronic IT devices, as well as provides games through e-mart game store and ssg.com. The company was founded in 1997 and is based in Seoul, South Korea.",KRW,Information Technology,Software & Services,IT Services,KSC,XKRX,KOSPI Stock Market,South Korea,,Seoul,,http://www.shinsegae-inc.com,Micro Cap,KR7035510007,,BBG000DP2Q72,BBG000DP2PW6,BBG001SGG209,False
035720.KS,Kakao Corp.,"Kakao Corp. operates mobile and other online platforms in South Korea. Its platform operations comprise its talk business, portal business, and other business, which provide users with the ability to communicate, search content, shop, and make payments online, as well as use services, such as mobile transportation applications. The company offers its services under the brands of Kakao, Daum, and Melon. The company was formerly known as Daum Kakao Corp. and changed its name to Kakao Corp. in October 2015. Kakao Corp. was founded in 1995 and is headquartered in Jeju, South Korea.",KRW,Communication Services,Media & Entertainment,Interactive Media & Services,KSC,XKRX,KOSPI Stock Market,South Korea,,Jeju-Si,63309,http://www.kakaocorp.com,Large Cap,KR7035720002,,BBG000C3SLM8,BBG000C3SL93,BBG001SDGVB0,False
036420.KS,ContentreeJoongAng corp.,"Jcontentree corp., a media company, engages in the production and distribution of broadcasting programs in South Korea and internationally. The company produces and distributes media contents for various wired and wireless platforms. It also produces dramas; and operates movie theaters. The company was founded in 1987 and is headquartered in Seoul, South Korea.",KRW,Communication Services,Media & Entertainment,Entertainment,KSC,XKRX,KOSPI Stock Market,South Korea,,Seoul,,http://www.jcontentree.com,Nano Cap,KR7036420008,,BBG000CGVC27,BBG000CGVC27,BBG001SF2FB5,False
036460.KS,Korea Gas Corporation,"Korea Gas Corporation is a company listed on the KOSPI Stock Market under the ticker 036460. It operates in the Gas Utilities industry within the Utilities sector. The company is headquartered in Daegu, South Korea.",KRW,Utilities,Utilities,Gas Utilities,KSC,XKRX,KOSPI Stock Market,South Korea,,Daegu,41062,https://www.kogas.or.kr,Mid Cap,KR7036460004,,BBG000C4WJ73,BBG000C4WJ73,BBG001SDLPK7,False
036530.KS,"SNT Holdings Co., Ltd.","SNT Holdings Co., Ltd. is a company listed on the KOSPI Stock Market under the ticker 036530. It operates in the Industrial Conglomerates industry within the Industrials sector. The company is headquartered in Seoul, South Korea.",KRW,Industrials,Capital Goods,Industrial Conglomerates,KSC,XKRX,KOSPI Stock Market,South Korea,,Seoul,06234,https://www.hisntholdings.com,Small Cap,KR7036530004,,BBG000CF6M34,BBG000CF6M34,BBG001SDZWL6,False
036570.KS,Ncsoft Corporation,"Ncsoft Corporation develops and publishes multiplayer online games in South Korea and internationally. The company offers casual games, mobile games, and characters games. Ncsoft Corporation was founded in 1997 and is headquartered in Seongnam, South Korea.",KRW,Communication Services,Media & Entertainment,Entertainment,KSC,XKRX,KOSPI Stock Market,South Korea,,Seongnam-si,,http://kr.ncsoft.com/kr/index.do,Mid Cap,KR7036570000,,BBG000BZZ9X5,BBG000BZZ983,BBG001SFMH65,False
036580.KS,Farmsco,"Farmsco, together with its subsidiaries, engages in the manufacture and sale of feeds in South Korea. It is also involved in the livestock processing, slaughter, and storage activities; distribution of corn; pig farming; fertilizer business; manufacture of ham and sausages; poultry business; and horseback riding business. The company was formerly known as Daesang Farmsco Co., Ltd. and changed its name to Farmsco in April 2009. The company was founded in 1999 and is headquartered in Anseong, South Korea. Farmsco is a subsidiary of Harim Holdings Co., Ltd.",KRW,Consumer Staples,"Food, Beverage & Tobacco",Food Products,KSC,XKRX,KOSPI Stock Market,South Korea,,Anseong-si,,http://www.farmsco.com,Micro Cap,KR7036580009,,BBG000DG84X6,BBG000DG84J2,BBG001S9RGR3,False
037270.KS,"YG Plus, Inc.","YG Plus, Inc. is a company listed on the KOSPI Stock Market under the ticker 037270. It operates in the Media industry within the Communication Services sector. The company is headquartered in Seoul, South Korea.",KRW,Communication Services,Media & Entertainment,Media,KSC,XKRX,KOSPI Stock Market,South Korea,,Seoul,07326,https://www.ygplus.com,Micro Cap,KR7037270006,,BBG000PXM2C7,BBG000PXM2C7,BBG001SLWWX8,False
037560.KS,LG HelloVision Corp.,"LG HelloVision Corp. home connectivity solutions in South Korea. It offers broadcasting and communication technologies, such as digital cable TV, UHD broadcasting, giga Internet, and cloud broadcasting services; high-speed Internet services; telephone services; mobile services; and rental of home appliances, TVs, PCs, and laptops. The company was formerly known as CJ Hello Co., Ltd. and changed its name to LG HelloVision Corp. in December 2019. LG HelloVision Corp. was founded in 1995 and is headquartered in Seoul, South Korea.",KRW,Communication Services,Media & Entertainment,Media,KSC,XKRX,KOSPI Stock Market,South Korea,,Seoul,03923,http://www.lghellovision.net,Micro Cap,KR7037560000,,BBG003BVDG20,BBG000W29FK4,BBG001T5RP27,False
037710.KS,"Gwangju Shinsegae Co., Ltd.","Gwangju Shinsegae Co., Ltd. operates department stores under the E-Mart name in South Korea. The company was formerly known as Gwangju Shinsegae Department Co., Ltd. and changed its name to Gwangju Shinsegae Co., Ltd. in 2006. Gwangju Shinsegae Co., Ltd. was founded in 1995 and is based in Gwangju, South Korea.",KRW,Consumer Discretionary,Retailing,Multiline Retail,KSC,XKRX,KOSPI Stock Market,South Korea,,Gwangju,,http://www.gjshinsegae.co.kr,Micro Cap,KR7037710001,,BBG000LVCVS5,BBG000LVCTY3,BBG001S74NH8,False
039130.KS,Hanatour Service Inc.,"Hanatour Service Inc. provides travel and related services in South Korea, Northeast and Southeast Asia, the United States, and Europe. The company offers individual travel, honeymoon, cruise lines, leisure sports, education/business, and golf travel packages. It also distribution of travel information and providing information to customers based on travel information through its travel information platform tourtips.com, as well as provides real-time tourism information through Jeju mobile application; and IT services, including information on hotels, network integration systems, airline products, disaster recovery systems, integrated business information systems, and information security management system certification services, as well as Mileage Club membership and communication services through the HanaTour Loyalty System. In addition, the company develops and operates Tour de Café, a coffeehouse brand that offers specialty coffees, premium teas, and homemade desserts; Tour de Gourmet, a restaurant brand that offers signature dishes from various countries; YOULAM the Grill, a BBQ restaurant that serves meat dishes located in downtown Seoul; and YOULAM, a casual Korean restaurant. Further, it produces and distributes cultural products; operates SM duty free stores in Incheon and Seoul; and plans, invests in, and produces various cultural performances through its tourism service distribution network, as well as through its agencies and partners. The company was formerly known as Kook-Jin travel Agency and changed its name to Hanatour Service Inc. in March 1996. Hanatour Service Inc. was founded in 1993 and is headquartered in Seoul, South Korea.",KRW,Consumer Discretionary,Consumer Services,"Hotels, Restaurants & Leisure",KSC,XKRX,KOSPI Stock Market,South Korea,,Seoul,,http://www.hanatourcompany.com,Small Cap,KR7039130000,,BBG000DRZNP9,BBG000DRZNP9,BBG001SGJ7T4,False
039490.KS,"Kiwoom Securities Co., Ltd.","Kiwoom Securities Co., Ltd., together with its subsidiaries, provides online brokerage services in South Korea and internationally. The company offers online trading system to trade in foreign stock, local and overseas futures, and F/X margin trading, as well as equity, futures, and option deals. It also provides derivatives and futures trading services; and equity capital market services, such as initial pricing offering and recapitalization, as well as recruiting and underwriting of bonds, including convertible bonds and bonds with warrant. In addition, the company offers debt capital market services comprising underwriting corporate debt and asset-backed securities, and liquidating assets; structured financing services, including alternative investment, shipping finance, and green finance; and investment, risk management, and asset management services. Further, it provides research services that comprise analysis of equity and investment strategy; and operates a savings bank that provides financial services to the local residents and small-medium companies. Kiwoom Securities Co., Ltd. was founded in 2000 and is headquartered in Seoul, South Korea.",KRW,Financials,Diversified Financials,Capital Markets,KSC,XKRX,KOSPI Stock Market,South Korea,,Seoul,07331,http://www.kiwoom.com,Mid Cap,KR7039490008,,BBG000BB8HF0,BBG000BB8H42,BBG001S5TTL7,False
039570.KS,"HDC I-Controls Co., Ltd.","HDC I-Controls Co., Ltd. provides construction IT solutions in South Korea, Southeast Asia, and the Middle East. The company provides green IoT solutions, such as connected lighting and integrated management center solutions, as well as iBEMS, a building energy management solution; and smart home solutions, including home control, smart LED lighting, smart DC power distribution, smart parking, and unit ventilation systems. It also offers smart building solutions comprising FRONNIX and Smartstruxure building management systems; security and room management systems; and iCos, a central monitoring device for air conditioning systems, power, lighting, access control, IS, and CCTV integration. In addition, the company offers firefighting electrical solutions, including BESTIN Fire Guard, an intelligent firefighting system; R-type system comprising receivers, repeaters, and power supply devices; photoelectric, fixed temperature, and rate of rise detectors; and guide lights. Further, it offers smart infrastructure solutions that include Smart Road for vehicle to vehicle and vehicle to road communication; signal, communications, and electrical and mechanical systems for railway operations; and Smart Port, a solution for automated port operations. The company was formerly known as I Controls Inc. and changed its name to HDC I-Controls Co., Ltd. in April 2018. HDC I-Controls Co., Ltd. was founded in 1999 and is based in Seongnam, South Korea.",KRW,Information Technology,Technology Hardware & Equipment,"Electronic Equipment, Instruments & Components",KSC,XKRX,KOSPI Stock Market,South Korea,,Seongnam-si,13556,http://www.icontrols.co.kr,Micro Cap,KR7039570007,,BBG009T0VS84,BBG000BWYXY9,BBG001SJD8F7,False
041650.KS,"Sangsin Brake Co., Ltd.","Sangsin Brake Co., Ltd. engages in the manufacture and sale of brakes and other vehicle friction materials in South Korea and internationally. The company offers brake pads, brake linings, brake assemblies, brake shoe assemblies, rail brakes, retarders, tuning parts, yaw brakes, brake discs and drums, and brake parts under the HI-Q, HAGEN, and HARDRON brands. Its products are used in racing and premium cars, passenger and foreign vehicles, taxis, buses, and other commercial vehicles. The company was formerly known as Sangsin Brake Ind. Co., Ltd. and changed its name to Sangsin Brake Co., Ltd. in March 2002. Sangsin Brake Co., Ltd. was founded in 1953 and is headquartered in Daegu, South Korea.",KRW,Consumer Discretionary,Automobiles & Components,Auto Components,KSC,XKRX,KOSPI Stock Market,South Korea,,Daegu,43023,http://www.sangsin.com,Nano Cap,KR7041650003,,BBG000KQCNY8,BBG000KQCNJ5,BBG001SJPXH7,False
042660.KS,"Hanwha Ocean Co., Ltd.","Hanwha Ocean Co., Ltd. is a company listed on the KOSPI Stock Market under the ticker 042660 and traded in KRW. It is classified in the Industrials sector (Transportation). Its country is South Korea.",KRW,Industrials,Transportation,,KSC,XKRX,KOSPI Stock Market,South Korea,,Geoje-si,53302,https://www.hanwhaocean.com,Large Cap,KR7042660001,,BBG000DCMWH5,BBG000DCMWH5,BBG001SGX5M9,False
042670.KS,"Doosan Infracore Co., Ltd.","Doosan Infracore Co., Ltd. engages in the infrastructure support business in South Korea and internationally. It manufactures and sells construction equipment, engines, attachments, and utility equipment. The company offers excavators, wheel loaders, portable air compressors, articulated dump trucks, lighting systems, and portable power equipment. It also provides cabin raisers, module units, tilting and elevating cabins, buckets, grapples, crushers, demolition equipment, and material handling equipment. In addition, the company offers off-highway and on-highway, and marine diesel engines, and gas engines for buses and trucks, power generators, and ships; and parts and services. It sells its products under the Doosan, Bobcat, and Geith brands. Doosan Infracore Co., Ltd. was founded in 1937 and is headquartered in Incheon, South Korea.",KRW,Industrials,Capital Goods,Machinery,KSC,XKRX,KOSPI Stock Market,South Korea,,Incheon,,http://www.doosaninfracore.com,Mid Cap,KR7042670000,,BBG000DCMZ33,BBG000DCMZ33,BBG001SGX5Q5,True
042700.KS,"HANMI Semiconductor Co., Ltd.","HANMI Semiconductor Co., Ltd. manufactures and sells semiconductor equipment in South Korea and internationally. The company offers vision placement equipment; flip chip, TSV dual stacking, TC, flip chip, jumbo panel flip chip, and die flip chip bonders; and EMI shield vision attach and detach, EMI shield vision placement, EMI shield tape mounter, EMI shield tape laser cutting, EMI shield tape demounter, vision inspection, and converlay attach equipment. It also provides power ECU auto, test handler, vision placement, trim, and form/singulation devices, as well as 3D vision inspection equipment; auto mold, compression auto mold, mechanical mold press, and hydraulic mold press equipment; laser marking, laser wafer marking, laser ablation, laser cutting, and laser cutting/deflash equipment. In addition, the company offers cam press trim and form, micro cam press, CSP singulation, pick and place, die soater, strip mounter, and test equipment. HANMI Semiconductor Co., Ltd. was founded in 1980 and is based in Incheon, South Korea.",KRW,Information Technology,Semiconductors & Semiconductor Equipment,Semiconductors & Semiconductor Equipment,KSC,XKRX,KOSPI Stock Market,South Korea,,Incheon,,http://www.hanmisemi.com,Large Cap,KR7042700005,,BBG000GRLQN6,BBG000GRLPS3,BBG001SJNJC5,False
044380.KS,"JOOYONTECH CO., Ltd","JOOYONTECH CO., Ltd manufactures, distributes, sells, and services PCs in South Korea. It offers general and gaming desktops; laptops/ tablets, such as slim notebooks, tablets, and mobile devices; gaming laptops and monitors; portable touch monitors; CCTVs; and TVs. The company was founded in 1988 and is headquartered in Seoul, South Korea.",KRW,Information Technology,Technology Hardware & Equipment,"Technology Hardware, Storage & Peripherals",KSC,XKRX,KOSPI Stock Market,South Korea,,Seoul,,http://www.jooyon.co.kr,Nano Cap,KR7044380004,,BBG000LW9FS2,BBG000LW9F84,BBG001SQ59K2,False
044450.KS,KSS Line Ltd.,"KSS Line Ltd. provides marine transportation services for liquefied petroleum gas and petrochemical products in South Korea. The company's gas cargoes include anhydrous ammonia, butadiene, butane, butane 1, C4 raffinate, ethylene, propane, propylene, vinyl chloride monomer, and others. Its chemical cargoes consist of acetic acid, acetone, acrylonitrile monomer, aniline, benzene, toluene, xylene, base oil cumene, cyclohexane, dioctyl phthalate, ethanol, kerosene, methanol, methyl, ethyl, ketone, mono ethylene glycol, nitric acid, octanol, phenol, pyrolysis gasoline, styrene monomer, vinyl acetate monomer, and others. The company operates a fleet of 6 chemical vessels, 2 tanker vessels, and 4 LNG vessels. The company was formerly known as Korea Special Shipping Co., Ltd. and changed its name to KSS Line Ltd. in July 1999. KSS Line Ltd. was founded in 1969 and is headquartered in Seoul, South Korea.",KRW,Industrials,Transportation,Marine,KSC,XKRX,KOSPI Stock Market,South Korea,,Seoul,03163,http://www.kssline.com,Micro Cap,KR7044450005,,BBG000MDCT27,BBG000MDCSR2,BBG001SKCGB1,False
044820.KS,"Cosmax BTI, Inc.","Cosmax BTI, Inc. engages in the development, production, and supply of beauty products, health functional foods, pharmaceuticals, and special containers and equipment for customers in South Korea. The company offers sun and foundation creams; makeup creams and bases; hair and cleansing products; mascara and nail products; various color formulations and skin tones; lip sticks and shadows; lip essence and liquid products; body and mask sheets; powder pact products and makeup pencils; and fragrance products. It exports its products to approximately 30 countries. The company was founded in 1992 and is headquartered in Seongnam, South Korea.",KRW,Consumer Staples,Household & Personal Products,Household Products,KSC,XKRX,KOSPI Stock Market,South Korea,,Seongnam-si,,http://www.cosmaxbti.com,Micro Cap,KR7044820009,,BBG000G4D1K4,BBG000G4D0X2,BBG001SH3H08,False
047040.KS,"Daewoo Engineering & Construction Co., Ltd.","Daewoo Engineering & Construction Co., Ltd. engages in construction business in South Korea and internationally. It constructs civil projects, including highways, roads and bridges, railways and subways, harbors and reclamation facilities, environmental projects, and leisure facilities; building works, such as office buildings, hotels and condominiums, commercial complexes, educational and medical facilities, and exhibition and sports centers; and plants comprising thermal power, cogeneration, tidal power, nuclear power plant, LNG storage, and other facilities. The company also constructs apartments, urban residential and commercial complexes, townhouses and villas, and studio apartments and urban lifestyle homes, as well as provides urban redevelopment, reconstruction, and remodeling services. Daewoo Engineering & Construction Co., Ltd. was founded in 1973 and is headquartered in Seoul, South Korea. Daewoo Engineering & Construction Co., Ltd. is a subsidiary of Kdb Investment No.1 Limited.",KRW,Industrials,Capital Goods,Construction & Engineering,KSC,XKRX,KOSPI Stock Market,South Korea,,Seoul,,http://www.daewooenc.com,Mid Cap,KR7047040001,,BBG000D5FFV9,BBG000D5FF76,BBG001SG55Q6,False
047050.KS,Posco International Corporation,"POSCO, together with its subsidiaries, manufactures and sells steel rolled products and plates in South Korea and internationally. It operates through four segments: Steel, Construction, Trading, and Others. The company offers hot and cold rolled steel, stainless steel, plates, wire rods, and silicon steel sheets. It also plans, designs, and constructs industrial plants, civil engineering projects, and commercial and residential buildings; exports and imports steel products and raw materials; and generates electricity; produces gas and refuse derived fuel, as well as provides network and system integration, and logistics services. In addition, the company is involved in the engineering and construction; computer hardware and software distribution; economic research and consulting; business facility maintenance; architecture and consulting; investment in venture, energy, and bio tech industries; electronic commerce; intellectual property services and consulting; refractories and quicklime manufacturing and sales; transporting and warehousing; real estate development, rental, sale, and management; house and train manufacturing and management; and education and real estate business. Further, it engages in the resource development; mine development; business facility maintenance; fuel cell; iron ore and coal sales; and cargo handling business, as well as operates housing business agency. Additionally, the company manufactures and sells coated, and anode material. It also engages in loading and unloading; IT service and DVR; electric control engineering; forest resources development; refractory materials sales and furnace maintenance; rice processing; grain sales; packing materials manufacturing; and social enterprise businesses. POSCO was incorporated in 1968 and is headquartered in Pohang, South Korea.",KRW,Materials,Materials,Metals & Mining,KSC,XKRX,KOSPI Stock Market,South Korea,,Pohang,21998,http://www.posco.com,Mid Cap,KR7047050000,,BBG000D5DZR2,BBG000D5DZR2,BBG001SHKJ50,False
047400.KS,Union Materials Corp.,"Union Materials Corp. is a company listed on the KOSPI Stock Market under the ticker 047400. It operates in the Construction Materials industry within the Materials sector. The company is headquartered in Daegu, South Korea.",KRW,Materials,Materials,Construction Materials,KSC,XKRX,KOSPI Stock Market,South Korea,,Daegu,704-320,https://www.unionmaterials.com,Nano Cap,KR7047400007,,BBG000P1Z7M1,BBG000P1Z7M1,BBG001T5FTW9,False
047810.KS,"Korea Aerospace Industries, Ltd.","Korea Aerospace Industries, Ltd. is a company listed on the KOSPI Stock Market under the ticker 047810. It operates in the Aerospace & Defense industry within the Industrials sector. The company is headquartered in Sacheon, South Korea.",KRW,Industrials,Capital Goods,Aerospace & Defense,KSC,XKRX,KOSPI Stock Market,South Korea,,Sacheon,52529,https://www.koreaaero.com,Mid Cap,KR7047810007,,BBG000BVP7L2,BBG000BVP7L2,BBG001SF9RY7,False
049800.KS,"Woojin Plaimm Co., Ltd.","Woojin Plaimm Co., Ltd. manufactures and sells plastic injection molding machines in South Korea and internationally. It offers hydraulic, electric, two platen, and vertical type of injection molding machines. The company was founded in 1985 and is headquartered in Boeun-Gu, South Korea.",KRW,Industrials,Capital Goods,Machinery,KSC,XKRX,KOSPI Stock Market,South Korea,,Boeun-Gun,376-840,http://www.woojinplaimm.com,Nano Cap,KR7049800006,,BBG000BLGCL3,BBG000BLGBP1,BBG001S95R57,False
051600.KS,"KEPCO Plant Service & Engineering Co.,Ltd.","KEPCO Plant Service & Engineering Co.,Ltd. provides maintenance services for electric power and industrial facilities in South Korea. It offers planned outage, commissioning, instrument and control system, and modification and rehabilitation services, as well as routine maintenance, including preventive, predictive, and corrective maintenance services; and power electronics, vibration diagnosis, performance evaluation, life assessment, and insulation diagnosis for electric facilities. It also provides maintenance services for transmission sites and substations, such as transmission lines, live wires, and high-voltage direct currency transformers, as well as restoration of overhead transmission lines; and construction, construction supervision, engineering, and safety diagnosis of transmission lines. In addition, the company operates and maintains nuclear and other power plants; provides NPP maintenance services. Further, it engages in the development of various technologies, such as maintenance techniques and automation, diagnosis and evaluation of machineries, machinery welding maintenance and related engineering services, ICT convergence, new and renewable energy, robotics, nuclear decommissioning, non-destructive examination, and 3D-printing commercialization. Additionally, the company provides various services, such as diagnosis of turbo machineries, hydraulic technology, vibration analysis, electric facilities, thermal performance diagnosis and evaluation, life assessment/ boiler diagnosis, I&C engineering, insulation diagnosis, computational analysis, and assessment; and maintenance and engineering services for nuclear power plants. It also repairs gas and steam turbine components; constructs solar energy power plants; and offers rotor maintenance and balancing services and high temperature gas turbine components. The company was founded in 1984 and is based in Naju, South Korea. KEPCO Plant Service & Engineering Co.,Ltd. is a subsidiary of Korea Electric Power Corporation.",KRW,Industrials,Capital Goods,Machinery,KSC,XKRX,KOSPI Stock Market,South Korea,,Naju-Si,58326,http://www.kps.co.kr,Small Cap,KR7051600005,,BBG000MJH451,BBG000MJH399,BBG001SKDQ55,False
051630.KS,Chinyang Chemical Corporation,"Chinyang Chemical Corporation manufactures and sells chemical products in South Korea. It offers PVC floor coverings for residential and commercial use; and PVC leather for home, general, and office furniture applications, as well as for automobile seats, various bags, synthetic leather clothes, and other applications. The company also provides non-PVC artificial leather products under the FRIEN name; PVC tarpaulin products; wallpapers; and PVC deco sheets. The company was founded in 1963 and is headquartered in Ulsan, South Korea.",KRW,Materials,Materials,Chemicals,KSC,XKRX,KOSPI Stock Market,South Korea,,Ulsan,,http://www.chinyang.co.kr,Nano Cap,KR7051630002,,BBG000CYHYD4,BBG000CYHYD4,BBG001SGW0L2,False
051900.KS,"LG H&H Co., Ltd.","LG H&H Co., Ltd. is a company listed on the KOSPI Stock Market under the ticker 051900. It operates in the Household & Personal Products industry within the Consumer Staples sector. The company is headquartered in Seoul, South Korea.",KRW,Consumer Staples,Household & Personal Products,Household Products,KSC,XKRX,KOSPI Stock Market,South Korea,,Seoul,03184,https://www.lghnh.com,Mid Cap,KR7051900009,,BBG000BB23H5,BBG000BB23H5,BBG001S5QFN8,False
051905.KS,"LG H&H Co., Ltd.","LG H&H Co., Ltd. is a company listed on the KOSPI Stock Market under the ticker 051905. It operates in the Household & Personal Products industry within the Consumer Staples sector. The company is headquartered in Seoul, South Korea.",KRW,Consumer Staples,Household & Personal Products,Household Products,KSC,XKRX,KOSPI Stock Market,South Korea,,Seoul,03184,https://www.lghnh.com,Mid Cap,KR7051901007,,BBG000HPCYV3,BBG000HPCYV3,BBG001SHSGB1,False
051910.KS,"LG Chem, Ltd.","LG Chem, Ltd. is a company listed on the KOSPI Stock Market under the ticker 051910. It operates in the Chemicals industry within the Materials sector. The company is headquartered in Seoul, South Korea.",KRW,Materials,Materials,Chemicals,KSC,XKRX,KOSPI Stock Market,South Korea,,Seoul,07336,https://www.lgchem.com,Large Cap,KR7051910008,,BBG000HPD1L5,BBG000HPD1L5,BBG001SHSGD9,False
051915.KS,"LG Chem, Ltd.","LG Chem, Ltd. is a company listed on the KOSPI Stock Market under the ticker 051915. It operates in the Chemicals industry within the Materials sector. The company is headquartered in Seoul, South Korea.",KRW,Materials,Materials,Chemicals,KSC,XKRX,KOSPI Stock Market,South Korea,,Seoul,07336,https://www.lgchem.com,Large Cap,KR7051911006,,BBG000HPD2W1,BBG000HPD2W1,BBG001SHSGH5,False
052690.KS,"KEPCO Engineering & Construction Company, Inc.","KEPCO Engineering & Construction Company, Inc. engages in designing, engineering, procurement, and construction of power plants in South Korea and internationally. The company offers architect engineering and nuclear steam supply system designing services. It also engages in engineering, procurement, construction, and test run of nuclear power plants; and provision of technological support service to enhance the performance and upgrade the power of nuclear power plants that are being operated. In addition, the company offers technological services to the power plants in operation, including facilities improvement of nuclear power plants, replacement of devices and facilities, and supporting certifications; and fuel management, and low and intermediate level radioactive waste disposal services. Further, it constructs thermal power plants; and engages in fuel conversion of power plants in operation, performance improvement, and lifetime extension. Additionally, the company is involved in the design of combined heat and power plants, and cycle power plants; renewable energy business; transmission and distribution/substation business; greenhouse gas mitigation; and engineering and construction of flue gas desulfurization systems, DeNOx systems, water and wastewater treatment facilities, wastewater recycling facilities, and desalinization facilities. The company was formerly known as Korea Power Engineering Company, Inc. and changed its name to KEPCO Engineering & Construction Company, Inc. in July 2010. KEPCO Engineering & Construction Company, Inc. was founded in 1975 and is headquartered in Gimcheon, South Korea.",KRW,Industrials,Capital Goods,Construction & Engineering,KSC,XKRX,KOSPI Stock Market,South Korea,,Gimcheon,39660,http://www.kepco-enc.com,Mid Cap,KR7052690005,,BBG000PDFRD3,BBG000PDFR52,BBG001T5M4F5,False
053210.KS,"KT Skylife Co., Ltd.","KT Skylife Co., Ltd., a media company, provides digital satellite broadcasting services in South Korea. It offers skylife satellite broadcasting, Internet, mobile, and sky home appliances, as well as UHD TV and PC. The company was founded in 2002 and is headquartered in Seoul, South Korea. KT Skylife Co., Ltd is a subsidiary of KT Corporation.",KRW,Communication Services,Media & Entertainment,Media,KSC,XKRX,KOSPI Stock Market,South Korea,,Seoul,121-830,http://www.skylife.co.kr,Micro Cap,KR7053210001,,BBG001M0K394,BBG000H0NTL8,BBG001SHHRJ1,False
053690.KS,"HanmiGlobal Co., Ltd.","HanmiGlobal Co., Ltd. provides construction project management services in South Korea and internationally. It offers construction project management services; construction supervision services; environmental/energy consulting and engineering services; and CM for fee/CM at risk services. The company also provides commissioning, operation, and maintenance services; and specialized services, including cost management, planning and feasibility review, design and claim management, due diligence, and schedule and facility management services. It undertakes various projects, including tall buildings, commercial and sales facilities, business and research facilities, complex facilities, energy, infrastructure, and other various projects. The company was formerly known as Hanmiparsons Co., Ltd. and changed its name to HanmiGlobal Co., Ltd. in March 2011. HanmiGlobal Co., Ltd. was founded in 1996 and is headquartered in Seoul, South Korea.",KRW,Industrials,Capital Goods,Construction & Engineering,KSC,XKRX,KOSPI Stock Market,South Korea,,Seoul,06164,http://www.hanmiglobal.com,Micro Cap,KR7053690004,,BBG000J4MM89,BBG000J4ML90,BBG001T3HR10,False
055490.KS,"Tapex Co., Ltd.","Tapex Co., Ltd. manufactures and sells adhesive tapes in South Korea. The company provides various tapes that are used in the areas of electronic products, including flat panel displays, semiconductors, secondary batteries, optic lens moldings, electronic insulations, electrical fittings, (F) PCBs, and touch panels, as well as for EMI shielding, lead frame plating, and other applications; packing applications; and in home/office products, such as kitchen utensils, tapes, and household items. It also exports its products to approximately 10 countries. The company was formerly known as Seotong Chemical Co., Ltd. The company was founded in 1977 and is headquartered in Hwaseong-si, South Korea.",KRW,Materials,Materials,Chemicals,KSC,XKRX,KOSPI Stock Market,South Korea,,Hwaseong-si,,http://www.tapex.co.kr,Micro Cap,KR7055490007,,BBG00HNLFKZ1,BBG003DDWXH4,BBG003DDWXJ2,False
055550.KS,"Shinhan Financial Group Co., Ltd.","Shinhan Financial Group Co., Ltd. provides financial products and services in South Korea and internationally. The company operates through five segments: Banking, Credit Card, Securities, Life Insurance, and Others. It offers retail banking services, including demand, savings, and fixed deposit-taking; checking accounts; mortgage and home equity, and retail lending; electronic banking and automatic teller machines (ATM); and bill paying, payroll and check-cashing, currency exchange, and wire fund transfer services. The company also provides corporate banking services, such as investment banking, real estate financing, overseas real estate and development project financing, infrastructure and structured financing, equity/venture investments, mergers and acquisitions consulting; securitization and derivatives services comprising securities and derivative products, and foreign exchange trading; and working capital loans and facilities loans. In addition, it is involved in treasury and investment activities in international capital markets consisting of foreign currency-denominated securities trading, foreign exchange trading and services, trade-related financial services, international factoring services, and foreign banking operations. Further, the company offers trust account management, securities brokerage, and asset management services, as well as leasing and equipment financing, savings banking, loan collection and credit reporting, collective investment administration, private equity investment, and financial system development services. As of December 31, 2020, it operated a network of 859 service centers; 5,472 ATMs; 12 cash dispensers; and 37 digital kiosks. Shinhan Financial Group Co., Ltd. was founded in 1982 and is headquartered in Seoul, South Korea.",KRW,Financials,Banks,Banks,KSC,XKRX,KOSPI Stock Market,South Korea,,Seoul,04513,http://www.shinhangroup.com,Large Cap,KR7055550008,,BBG000K7N844,BBG000K7N844,BBG001SBXGD6,False
057050.KS,Hyundai Home Shopping Network Corporation,"Hyundai Home Shopping Network Corporation, together with its subsidiaries, operates as an online shopping company in South Korea. The company offers fashion clothing/underwear; luxury goods/accessories; beauty products, including skincare, body care, perfume, hair care, make up, and other products; fresh/processed food; health food; living/kitchen/health; furniture/bedding/home; childbirth/infant; home appliances/digital; sports/leisure/care; travel/tickets/rentals/insurance; and hobbies/culture/companion products. It is also involved in the manufacturing and sale of building materials, such as flooring products, as well as cosmetics and pharmaceutical raw materials; digital solution business; and wholesale and retail of clothing. Hyundai Home Shopping Network Corporation was founded in 2001 and is headquartered in Seoul, South Korea. Hyundai Home Shopping Network Corporation operates as a subsidiary of Hyundai G.F. Holdings Co., Ltd.",KRW,Consumer Discretionary,Retailing,,KSC,XKRX,KOSPI Stock Market,South Korea,,Seoul,,https://www.hmall.com,Micro Cap,KR7057050007,,BBG0014K8KG8,BBG000C3VY82,BBG001SV7XQ0,True
058430.KS,"POSCO STEELEON Co., Ltd.","POSCO, together with its subsidiaries, manufactures and sells steel rolled products and plates in South Korea and internationally. It operates through four segments: Steel, Construction, Trading, and Others. The company offers hot and cold rolled steel, stainless steel, plates, wire rods, and silicon steel sheets. It also plans, designs, and constructs industrial plants, civil engineering projects, and commercial and residential buildings; exports and imports steel products and raw materials; and generates electricity; produces gas and refuse derived fuel, as well as provides network and system integration, and logistics services. In addition, the company is involved in the engineering and construction; computer hardware and software distribution; economic research and consulting; business facility maintenance; architecture and consulting; investment in venture, energy, and bio tech industries; electronic commerce; intellectual property services and consulting; refractories and quicklime manufacturing and sales; transporting and warehousing; real estate development, rental, sale, and management; house and train manufacturing and management; and education and real estate business. Further, it engages in the resource development; mine development; business facility maintenance; fuel cell; iron ore and coal sales; and cargo handling business, as well as operates housing business agency. Additionally, the company manufactures and sells coated, and anode material. It also engages in loading and unloading; IT service and DVR; electric control engineering; forest resources development; refractory materials sales and furnace maintenance; rice processing; grain sales; packing materials manufacturing; and social enterprise businesses. POSCO was incorporated in 1968 and is headquartered in Pohang, South Korea.",KRW,Materials,Materials,Metals & Mining,KSC,XKRX,KOSPI Stock Market,South Korea,,Pohang,21998,http://www.posco.com,Micro Cap,KR7058430000,,BBG000CZ77Q7,BBG000CZ77Q7,BBG001SFWX50,False
058650.KS,SeAH Holdings Corporation,"SeAH Holdings Corporation is a company listed on the KOSPI Stock Market under the ticker 058650. It operates in the Metals & Mining industry within the Materials sector. The company is headquartered in Seoul, South Korea.",KRW,Materials,Materials,Metals & Mining,KSC,XKRX,KOSPI Stock Market,South Korea,,Seoul,04036,https://www.seah.co.kr,Small Cap,KR7058650003,,BBG000JZ1TW1,BBG000JZ1TW1,BBG001SJDJ36,False
058730.KS,"Development Advance Solution Co.,Ltd.","Development Advance Solution Co.,Ltd. is a company listed on the KOSPI Stock Market under the ticker 058730. It operates in the Metals & Mining industry within the Materials sector. The company is headquartered in Hwasun-eup, South Korea.",KRW,Materials,Materials,Metals & Mining,KSC,XKRX,KOSPI Stock Market,South Korea,,Hwasun-eup,,https://dasco.kr,Nano Cap,KR7058730003,,BBG000L85N57,BBG000L85N57,BBG001SJXQ29,False
058850.KS,ktcs corporation,"ktcs corporation operates as a contact business company in South Korea. The company offers online and offline services, such as home and mobile product customer, Olleh plaza, and roaming center services; and contact center services to local government, public sector, hospital, and corporate customers, as well as financial institutions. It also provides directory services; communication products and cosmetics through distribution channels; site-oriented consulting services; and battery-sharing cables. In addition, the company is involved in the promotion of work force management system solution; installation of call processing wallboards at customer centers; and implementation of counseling management system for contact centers. ktcs corporation was founded in 2001 and is headquartered in Daejeon, South Korea.",KRW,Industrials,Commercial & Professional Services,Professional Services,KSC,XKRX,KOSPI Stock Market,South Korea,,Daejeon,302-716,http://www.ktcs.co.kr,Micro Cap,KR7058850009,,BBG0014Q0FD7,BBG0014Q0FC8,BBG001TBBDK8,False
058860.KS,KTIS Corporation,"KTIS Corporation engages in the customer service business in South Korea. The company offers general and professional consultation services related to fixed products and solutions; and customer contact services, including call center operation, consulting, facility leasing, construction and AP development support, talent dispatching and education, and contact/outsourcing services, as well as numbering services. It is also involved in the mobile distribution business; and provision of tourist reward services. KTIS Corporation was founded in 2001 and is headquartered in Seoul, South Korea.",KRW,Communication Services,Telecommunication Services,Diversified Telecommunication Services,KSC,XKRX,KOSPI Stock Market,South Korea,,Seoul,,http://www.ktis.co.kr,Micro Cap,KR7058860008,,BBG00193L2D9,BBG00193L2C0,BBG001TG18M7,False
060370.KS,LS Marine Solution Co Ltd,"LS Marine Solution Co Ltd is a company listed on the KOSPI Stock Market under the ticker 060370. It operates in the Construction & Engineering industry within the Industrials sector. The company is headquartered in Busan, South Korea.",KRW,Industrials,Capital Goods,Construction & Engineering,KSC,XKRX,KOSPI Stock Market,South Korea,,Busan,48731,https://www.lsmarinesolution.co.kr,Small Cap,KR7060370004,,BBG000LKKS70,BBG000LKKS70,BBG001SK20H1,False
060980.KS,HL Holdings Corporation,"Halla Holdings Corp. engages in the automobile, construction, and education/sports businesses in South Korea and internationally. The company offers automobile parts. It also operates a port terminal; a university; an ice hockey club; and a golf club. The company was formerly known as Mando Corporation and changed its name to Halla Holdings Corp. in October 2014. Halla Holdings Corp. was founded in 1962 and is based in Seoul, South Korea.",KRW,Consumer Discretionary,Automobiles & Components,Auto Components,KSC,XKRX,KOSPI Stock Market,South Korea,,Seoul,,http://www.halla.com,Micro Cap,KR7060980000,,BBG000QRJQF7,BBG000QRJQF7,BBG001T8J3T0,False
062040.KS,"Sanil Electric Co., Ltd.","Sanil Electric Co., Ltd. is a company listed on the KOSPI Stock Market under the ticker 062040. It operates in the Electrical Equipment industry within the Industrials sector. The company is headquartered in Ansan-si, South Korea.",KRW,Industrials,Capital Goods,Electrical Equipment,KSC,XKRX,KOSPI Stock Market,South Korea,,Ansan-si,15655,https://www.sanil.co.kr,Mid Cap,KR7062040001,,BBG001WT5DH6,BBG001WT5DH6,BBG001WT5DJ4,False
063160.KS,CKD Bio Corp.,"CKD Bio Corp. manufactures and distributes drug substances based on fermentation, synthesis, and biotechnology in South Korea. It offers drug substances in the areas of antibiotic, ß-lactamase inhibitors, immunosuppressants, anticancer drugs, obesity treatment drugs, dry eye, antivirus, antituberculosis, antihyperlipidemics, and probiotics. The company also provides contract research and development, and manufacturing services for active pharmaceutical ingredients and intermediates, and probiotics. It also exports its products. The company was founded in 1941 and is headquartered in Seoul, South Korea.",KRW,Health Care,"Pharmaceuticals, Biotechnology & Life Sciences",Pharmaceuticals,KSC,XKRX,KOSPI Stock Market,South Korea,,Seoul,03742,http://www.ckdbio.com,Micro Cap,KR7063160006,,BBG000LDWB16,BBG000LDW9D8,BBG001S6NWH9,False
064350.KS,Hyundai Rotem Company,"Hyundai Rotem Company manufactures and sells railway vehicles, defense systems, and plants and machinery in South Korea and internationally. The company produces railway vehicles, such as electric multiple units, high-speed trains, light rail vehicles, magnetically levitated vehicles, trams, diesel multiple units, locomotives, passenger coaches, freight wagons, and electrical equipment; and railway systems comprising signaling, communications, electricity/power, machinery/PSD, and system engineering, project records, as well as depot facilities, maintenance, railway vehicles modernization, parts, and repair services. It also offers defense systems, including MBTs and family vehicles, wheel type combat vehicles, mock training equipment, future weapon systems, and other products. In addition, the company provides engineering, manufacturing, procurement, installation, and commissioning services in the field of steelmaking facilities, automotive manufacturing facilities, power plants, and environmental facilities for various infrastructures. Hyundai Rotem Company was founded in 1977 and is headquartered in Uiwang, South Korea.",KRW,Industrials,Transportation,Road & Rail,KSC,XKRX,KOSPI Stock Market,South Korea,,Uiwang-si,,http://www.hyundai-rotem.co.kr,Mid Cap,KR7064350002,,BBG0058YVH76,BBG000D20Z75,BBG001SFZKY3,False
064400.KS,Lg Cns,"Lg Cns is a company listed on the KOSPI Stock Market under the ticker 064400. It operates in the IT Services industry within the Information Technology sector. The company is headquartered in Seoul, South Korea.",KRW,Information Technology,Software & Services,IT Services,KSC,XKRX,KOSPI Stock Market,South Korea,,Seoul,07795,https://www.lgcns.com,Mid Cap,KR7064400005,,BBG000S84792,BBG000S84792,BBG001T2BS25,False
064960.KS,"SNT Motiv Co., Ltd.","SNT Motiv Co., Ltd. produces, develops, and sells products for defense and automotive industries in South Korea and internationally. It offers motors, engine/transmission components, electric/electronic products, chassis, airbags, power train parts, shock absorbers, semi conduct machinery components, die castings, and defense products, as well as suspension systems, wheels and tires, and knuckles. The company was formerly known as S&T Motiv Co., Ltd. and changed its name to SNT Motiv Co., Ltd. in February 2021. SNT Motiv Co., Ltd. was founded in 1981 and is headquartered in Busan, South Korea.",KRW,Consumer Discretionary,Automobiles & Components,Auto Components,KSC,XKRX,KOSPI Stock Market,South Korea,,Busan,,http://www.sntmotiv.com,Small Cap,KR7064960008,,BBG000BL5T01,BBG000BL5SP6,BBG001S93DW0,False
066570.KS,LG Electronics Inc.,"LG Electronics Inc. is a global leader in consumer electronics, mobile communications, and home appliances. The company manufactures a wide range of products, including televisions, refrigerators, smartphones, and air conditioners. LG Electronics is headquartered in Seoul, South Korea.",KRW,Information Technology,Technology Hardware & Equipment,"Electronic Equipment, Instruments & Components",KSC,XKRX,KOSPI Stock Market,South Korea,,Seoul,07336,https://www.lge.co.kr,Large Cap,KR7066570003,,BBG000MND269,BBG000MND269,BBG001SKG0B2,False
066575.KS,LG Electronics Inc.,"LG Electronics Inc. is a global leader in consumer electronics, mobile communications, and home appliances. The company manufactures a wide range of products, including televisions, refrigerators, smartphones, and air conditioners. LG Electronics is headquartered in Seoul, South Korea.",KRW,Information Technology,Technology Hardware & Equipment,"Electronic Equipment, Instruments & Components",KSC,XKRX,KOSPI Stock Market,South Korea,,Seoul,07336,https://www.lge.co.kr,Large Cap,KR7066571001,,BBG000L7SZH4,BBG000L7SZH4,BBG001SJXGW8,False
067830.KS,Savezone I&C Corporation,"Savezone I&C Corporation engages in the operation of fashion discount stores in South Korea. The company also operates convenience facilities, such as laundry, pharmacy, food court, art gallery, as well as Tap Play Coffee, a specialty coffee shop and Happy Day Festival, a café. In addition, it is involved in the operation of Save Zone Flower, which offers gifts, flowers, and potted plants; gift certificate dispensers; repair shop; specialty restaurant district; and Save Zone Sports Center, a fitness center. The company was formerly known as Uless Co., Ltd. and changed its name to Savezone I&C Corporation in 2004. Savezone I&C Corporation was founded in 2002 and is headquartered in Seoul, South Korea.",KRW,Consumer Discretionary,Retailing,Multiline Retail,KSC,XKRX,KOSPI Stock Market,South Korea,,Seoul,,https://esavezone.co.kr,Micro Cap,KR7067830000,,BBG000G5HBF1,BBG000G5H993,BBG001SD8CM9,False
068270.KS,"Celltrion, Inc.","Celltrion, Inc., together with its subsidiaries, develops and produces therapeutics based on proteins including oncology treatment drugs in South Korea. The company markets Remsima, Truxima, and Herzuma products; generic pharmaceuticals; covid-19 test kits. Its antibody biosimilar pipeline includes CT-P39 for the treatment of asthma, urticaria; CT-P17 for the treatment of rheumatoid arthritis; CT-P16 for the treatment of metastatic colorectal cancer and breast cancer; CT-P41 for the treatment of osteoporosis and bone loss; CT-P43 for the treatment of psoriasis, crohn's disease, and ulcerative colitis; CT-P42 for the treatment of diabetic macular edema; CT-P27 for the treatment of pandemic/seasonal influenza; CT-P59 for the treatment of COVID-19; and CT-G20 for the treatment of Cardiomyopathy. The company was founded in 2002 and is headquartered in Incheon, South Korea.",KRW,Health Care,"Pharmaceuticals, Biotechnology & Life Sciences",Biotechnology,KSC,XKRX,KOSPI Stock Market,South Korea,,Incheon,,http://www.celltrion.com,Large Cap,KR7068270008,,BBG000F7Q419,BBG000F7P1Y0,BBG001SNFZR3,False
068290.KS,"Samsung Publishing Co., Ltd","Samsung Publishing Co., Ltd is a company listed on the KOSPI Stock Market under the ticker 068290. It operates in the Media industry within the Communication Services sector. The company is headquartered in Seoul, South Korea.",KRW,Communication Services,Media & Entertainment,Media,KSC,XKRX,KOSPI Stock Market,South Korea,,Seoul,06668,https://www.mylittletiger.co.kr,Nano Cap,KR7068290006,,BBG000NYGBH9,BBG000NYGBH9,BBG001SL0MM7,False
069260.KS,Huchems Fine Chemical Corporation,"Huchems Fine Chemical Corporation manufactures and sells fine and basic chemical products in South Korea and internationally. It operates through Chemical and Environment-Friendly divisions. Its fine chemicals comprise DNT, a raw material of TDI for use in polyurethanes and explosives, as well as serves as a base material for styrofoam, plastic, and synthetic leather applications; and mononitrobenzene, a raw material of MDI and polyurethanes, which is used as a material for auto interior/exterior applications, as well as a base material in making of artificial timber, insulation in electrical equipment, construction materials, packaging material, and synthetic leather. The company's fine chemical products also include dilute nitric acid for use in metallurgy, concentrated nitric acid, ammonium nitrate, polyurethane, etc., as well as for textile dyes and pigments; and concentrated nitric acid that is used in explosives, decolorizing agents, DNT, medicines, etc., as well as for use as synthetic fiber raw material; and ammonium nitrate as a raw material for explosives, and gas for semiconductors and medical gas. In addition, it offers methanol, which is used to produce MTBE for fuel oil or denatured alcohol and for materials synthesis of formaldehyde; urea for industry for use in resins, paints, feeds, synthetic detergents, wastewater treatments, dyes, etc., as well as for producing adhesives; and ammonia to produce fertilizers, caprolactam, nitric acid, ammoniation of rice straw and refrigerants, and ammonia as a patent medicine and flavor producing material. The company is also involved in the clean development mechanism project business; and provision of urea solutions. Huchems Fine Chemical Corporation was founded in 2002 and is headquartered in Seoul, South Korea.",KRW,Materials,Materials,Chemicals,KSC,XKRX,KOSPI Stock Market,South Korea,,Seoul,100-705,http://www.huchems.com,Small Cap,KR7069260008,,BBG000FN6F57,BBG000FN6F57,BBG001SGX2X4,False
069460.KS,"Daeho Al Co.,Ltd.","Daeho Al Co.,Ltd. produces and sells various aluminum products in South Korea. It offers aluminum coils and sheets that are used as material for various industries, such as LCD, PDP, PDA, mobile phone, vehicle, etc.; circle sheets for use in kitchen utensil industries, etc.; and special steel materials for use in the construction, as well as products for nano and bio industries. The company is based in Daegu, South Korea.",KRW,Materials,Materials,Metals & Mining,KSC,XKRX,KOSPI Stock Market,South Korea,,Daegu,,http://www.daeho-al.com,Micro Cap,KR7069460004,,BBG000NHTQL4,BBG000NHTPD5,BBG001SKSJN5,True
069620.KS,"Daewoong pharmaceutical Co.,Ltd.","Daewoong pharmaceutical Co.,Ltd. manufactures and sells pharmaceutical products in South Korea and internationally. It offers products in therapeutic areas, such as central nervous system, endocrinology, musculoskeletal, nephrology, antineoplastic, cardiovascular, gastrointestinal, metabolic, antiviral, analgesic, antacid, and digestive diseases, as well as wound, iron supplements, and muti-vitamins. The company also provides COVID-19 PCR kit, COVID-19 IgG/IgM RDT, and viral transport medium medical devices. The company was founded in 1945 and is headquartered in Seoul, South Korea.",KRW,Health Care,"Pharmaceuticals, Biotechnology & Life Sciences",Pharmaceuticals,KSC,XKRX,KOSPI Stock Market,South Korea,,Seoul,135-715,http://www.daewoong.com,Small Cap,KR7069620003,,BBG000C8L291,BBG000C8L1R3,BBG001SF5V18,False
069640.KS,"Hansaemk Co.,Ltd.","Hansaemk Co.,Ltd. manufactures and sells women's and men's casual clothes in South Korea and internationally. It sells its products under the PGA TOUR, LPGA, NBA, NBA KIDS, BUCKAROO, TBJ, and ANDEW brands. The company was formerly known as MK Trend Co., Ltd. Hansaemk Co.,Ltd. was founded in 1995 and is headquartered in Seoul, South Korea. Hansaemk Co.,Ltd. is a subsidiary of Hansae Yes24 Holdings Co., Ltd.",KRW,Consumer Discretionary,Consumer Durables & Apparel,"Textiles, Apparel & Luxury Goods",KSC,XKRX,KOSPI Stock Market,South Korea,,Seoul,,http://www.hansaemk.com,Nano Cap,KR7069640001,,BBG001KD5K97,BBG001KD5K97,BBG001V0MW98,False
069730.KS,DSR Wire Corp,"DSR Wire Corp manufactures wire and wire rope in South Korea. It provides high carbon steel wire, music spring wire, hard drawn steel wire, and zinc coated steel wire, as well as PowerMax rope and OT wire. The company offers its products for mooring, lifting, fishing, oil and gas, mining, leisure, logging, crane, automotive, general use, electronics, construction, agriculture, and consumer goods sectors. The company was formerly known as Chunki Wire Rope Industry Ltd and changed its name to DSR Wire Corp in May 2000. DSR Wire Corp was founded in 1971 and is headquartered in Suncheon, South Korea.",KRW,Industrials,Capital Goods,Electrical Equipment,KSC,XKRX,KOSPI Stock Market,South Korea,,Suncheon,,http://www.dsr.com,Micro Cap,KR7069730000,,BBG000MJH656,BBG000MJH5K1,BBG001SKDQ64,False
069960.KS,"Hyundai Department Store Co., Ltd.","Hyundai Department Store Co.,Ltd operates various department stores located in Apgujeong-dong and Cheonho-dong, Gangdong District in South Korea. It also provides real estate agency services. The company was founded in 2002 and is headquartered in Seoul, South Korea.",KRW,Consumer Discretionary,Retailing,Multiline Retail,KSC,XKRX,KOSPI Stock Market,South Korea,,Seoul,201,http://www.ehyundai.com,Small Cap,KR7069960003,,BBG000P250Y4,BBG000P250Y4,BBG001SGT0R0,False
070960.KS,HJ Magnolia Yongpyong Hotel & Resort,"HJ Magnolia Yongpyong Hotel & Resort owns and operates a resort in South Korea. Its facilities include ski, golf, and lodging, as well as rental shops, restaurants, ball rooms, meeting rooms, and leisure sports facilities. The company was founded in 1975 and is based in Pyeongchang-gun, South Korea.",KRW,Consumer Discretionary,Consumer Services,"Hotels, Restaurants & Leisure",KSC,XKRX,KOSPI Stock Market,South Korea,,Pyeongchang-gun,232-950,http://www.yongpyong.co.kr,Micro Cap,KR7070960000,,,,,False
071050.KS,"Korea Investment Holdings Co., Ltd.","Korea Investment Holdings Co., Ltd. is a company listed on the KOSPI Stock Market under the ticker 071050. It operates in the Capital Markets industry within the Financials sector. The company is headquartered in Seoul, South Korea.",KRW,Financials,Diversified Financials,Capital Markets,KSC,XKRX,KOSPI Stock Market,South Korea,,Seoul,07321,https://www.koreaholdings.com,Mid Cap,KR7071050009,,BBG000PF9WM4,BBG000PF9WM4,BBG001SL9ST8,False
071055.KS,"Korea Investment Holdings Co., Ltd.","Korea Investment Holdings Co., Ltd. is a company listed on the KOSPI Stock Market under the ticker 071055. It operates in the Capital Markets industry within the Financials sector. The company is headquartered in Seoul, South Korea.",KRW,Financials,Diversified Financials,Capital Markets,KSC,XKRX,KOSPI Stock Market,South Korea,,Seoul,07321,https://www.koreaholdings.com,Mid Cap,KR7071051007,,BBG000J8DQM5,BBG000J8DQM5,BBG001SJ1V23,False
071090.KS,"Histeel Co.,Ltd.","Histeel Co.,Ltd. produces and sells steel pipes and tubes in South Korea. It offers line, pressure, and structural pipes, as well as pipe piles; and square, ordinary, and automotive pipes. The company was founded in 1957 and is headquartered in Seoul, South Korea.",KRW,Materials,Materials,Metals & Mining,KSC,XKRX,KOSPI Stock Market,South Korea,,Seoul,,http://hi-steel.co.kr,Micro Cap,KR7071090005,,BBG000PG0HL5,BBG000PG0GJ0,BBG001SLBBS3,False
071320.KS,Korea District Heating Corp.,"Korea District Heating Corp. is a company listed on the KOSPI Stock Market under the ticker 071320. It operates in the Electric Utilities industry within the Utilities sector. The company is headquartered in Seongnam-si, South Korea.",KRW,Utilities,Utilities,Electric Utilities,KSC,XKRX,KOSPI Stock Market,South Korea,,Seongnam-si,13585,https://www.kdhc.co.kr,Small Cap,KR7071320006,,BBG000SJVMC1,BBG000SJVMC1,BBG001SX92S0,False
071840.KS,"LOTTE Himart Co.,Ltd.","LOTTE Himart Co.,Ltd. retails in home appliances in South Korea. Its product categories include TVs, refrigerators, washers and dryers; home, beauty, and health appliances; seasonal appliances; computers; camera, game, and sound products; mobile phone; living and kitchen goods; furniture, and home décor and care products; sports fashion and leisure products; office and stationery products; hobby, travel, and pet products; vehicles and tools; books and toys; fashion products; beauty products, such as makeup, perfume, accessories, and healthcare; and food products, comprising of sweets, snacks, water beverages, coffee, milk, instant food, sauce, and health/diet food. The company also offers home care services. It operates 466 LOTTE HIMART stores, as well as online store. LOTTE Himart Co.,Ltd. was formerly known as Hi-mart Co., Ltd. and changed its name to LOTTE Himart Co.,Ltd. in November 2012. The company was founded in 1987 and is headquartered in Seoul, South Korea. LOTTE Himart Co., Ltd. is a subsidiary of Lotte Shopping Co., Ltd.",KRW,Consumer Discretionary,Retailing,Specialty Retail,KSC,XKRX,KOSPI Stock Market,South Korea,,Seoul,,http://www.e-himart.co.kr,Micro Cap,KR7071840003,,BBG001Q5Z2S4,BBG000BTYB92,BBG001SC90G3,False
071950.KS,"KOAS Co., Ltd.","KOAS Co., Ltd. produces and sells office furniture in South Korea. It offers office, executive, conference, classroom, laboratory, dormitory, library, U.S. army, and hospital furniture; executive, office, multi-use, and public chairs; conference tables; sofas and tables; and interactive whiteboards, as well as student, training center, and amenity furniture. KOAS Co., Ltd. also exports its products to approximately 34 countries. The company was formerly known as Koaswell, Co., Ltd. and changed its name to KOAS Co., Ltd. in 2011. KOAS Co., Ltd. was founded in 1984 and is headquartered in Seoul, South Korea.",KRW,Consumer Discretionary,Consumer Durables & Apparel,Household Durables,KSC,XKRX,KOSPI Stock Market,South Korea,,Seoul,,http://www.ikoas.com,Nano Cap,KR7071950000,,BBG000H824W7,BBG000H82457,BBG001SP4BS2,False
071970.KS,"HD-Hyundai Marine Engine Co., Ltd.","HD-Hyundai Marine Engine Co., Ltd. is a company listed on the KOSPI Stock Market under the ticker 071970. It operates in the Machinery industry within the Industrials sector. The company is headquartered in Changwon-Si, South Korea.",KRW,Industrials,Capital Goods,Machinery,KSC,XKRX,KOSPI Stock Market,South Korea,,Changwon-Si,51707,https://www.hd-marineengine.com,Small Cap,KR7071970008,,BBG000MQ4V77,BBG000MQ4V77,BBG001SQDFB9,False
072130.KS,UANGEL Corporation,"UANGEL Corporation provides mobile network, IoT, service platform, and edutech solutions in South Korea and internationally. It develops various commercial core solutions for local mobile communication services, including 4G LTE and IoT services. The company's mobile network solutions include unified IP multimedia subsystem, next generation intelligent network, integrated signaling controller, policy and charging control, convergence billing, and messaging solutions, as well as multimedia broadcast/multicast services for LTE and public safety-LTE. It also provides IoT solutions, such as F.QMS, a quality management solution for smart factories; C.FMS, a facility management solution for smart cities; C.STS, a safety and tracking solution for smart cities; E.EVCS, an electronic vehicle charging and service solution for smart energy; and IoT Service Gateway, which offers mobile communication network function to external service providers as an open API or manages small capacity data communication with the IoT terminal. In addition, the company offers Customized Ring-Back Tone, BizConnect, BizMessaging, Call Manager Office, smart banking, and non-face-to-face real name authentication system services platforms. Further, it provides ToMoKids, a children's play and learn solution; ToMoNOTE, an online-offline integrated teaching activity support program for early childhood education by teachers in the preschool institutes, as well as offers learning curriculum in physical exercise and health, communication, social relations, art experience, and nature exploration areas; and ToMoRING, a smart sharing service for use as a home schooling material that provides school memo function between the institute and parents, album sharing function, and educational contents. The company offers mobile communication solutions to 20 operators in 16 countries. UANGEL Corporation was founded in 1999 and is headquartered in Seongnam, South Korea.",KRW,Communication Services,Telecommunication Services,Diversified Telecommunication Services,KSC,XKRX,KOSPI Stock Market,South Korea,,Seongnam-si,,http://www.uangel.com,Nano Cap,KR7072130008,,BBG000PRGDG9,BBG000PRGD06,BBG001SLPKV4,False
072710.KS,"NongShim Holdings Co.,Ltd.","NongShim Holdings Co., Ltd., together with its subsidiaries, manufactures and sells food products in South Korea. It provides instant noodles, snacks, and beverages. The company also processes agricultural, livestock, and marine products, powder soups, seasoning, etc.; distributes agricultural and livestock products; manufactures and sells cooking oil, dried processed foods, and seasoned foods; and trades, import, and export goods. The company is also involved in cultivation, breeding, and aquaculture of agricultural and livestock products; warehouse storage business; sale of real estate and rental business; e-commerce and Internet-related business; manufacturing, processing, and marketing of health functional foods; and manufactures packaging materials. In addition, it engages in the business related to environmental facilities; energy and water resource facilities; provision of services related to industrial technology; industrial technology education and training business; construction activities related to civil engineering, building, and base works; factory automation and software business; design and leasing of industrial facilities and architecture activities; issuance of product sales agreement; electricity works; and energy diagnosis, renewable energy, earthwork, food service, reforestation and afforestation, landscape facility installation, and factory facility maintenance businesses. Further, it manufactures and sells industrial machinery and food processing equipment; sells liquor; operates sports facilities such as golf course, swimming pool, and tennis and gate ball court. The company was founded in 1965 and is based in Seoul, South Korea.",KRW,Consumer Staples,"Food, Beverage & Tobacco",Food Products,KSC,XKRX,KOSPI Stock Market,South Korea,,Seoul,,http://www.nongshimholdings.co.kr,Small Cap,KR7072710007,,BBG000NL6S63,BBG000NL6S63,BBG001SKT8X7,False
073240.KS,"Kumho Tire Co., Inc.","Kumho Tire Co., Inc. engages in the manufacture, sale, and export of tires in South Korea and internationally. It provides tires for passenger cars, light trucks and SUV/CUV, buses, and commercial vehicles, as well as original equipment. The company was founded in 1960 and is headquartered in Gwangju, South Korea.",KRW,Consumer Discretionary,Automobiles & Components,Auto Components,KSC,XKRX,KOSPI Stock Market,South Korea,,Gwangju,,http://www.kumhotire.com,Small Cap,KR7073240004,,BBG000QMT1K6,BBG000QMT0X4,BBG001SN6SH0,False
074610.KS,"Enplus Co., Ltd.","• Enplus Co., Ltd manufactures and sells fire trucks in South Korea. It offers firefighting chemical vehicles and pump cars; fire water tank cars, fireman ladder cars, and structural work vehicles; ambulances; and environmental and special vehicles, such as compressed cars, amrol trucks, road cleaning vehicles, sewer dredging cars, autoclaves, and rolling dumps. The company also provides smart air purification vehicles, smart air cleaner bus shelters, graphene powder, graphene solutions, and secondary battery and ESS for electric vehicles. The company was formerly known as NANOMEDICS Co., Ltd. and changed its name to Enplus Co., Ltd in April 2020. Enplus Co., Ltd was founded in 1966 and is headquartered in Hwaseong, South Korea.",KRW,Industrials,Capital Goods,Machinery,KSC,XKRX,KOSPI Stock Market,South Korea,,Hwaseong-si,18284,http://www.en3.co.kr,Nano Cap,KR7074610007,,BBG000Q0T6X9,BBG000Q0T6J5,BBG001SM1890,False
075180.KS,Saeron Automotive Corporation,"Saeron Automotive Corporation manufactures and sells brake pads and linings, and rotor facings. The company was founded in 1999 and is based in Cheonan-si, South Korea. Saeron Automotive Corporation is a subsidiary of Nisshinbo Holdings Inc.",KRW,Consumer Discretionary,Automobiles & Components,Auto Components,KSC,XKRX,KOSPI Stock Market,South Korea,,Cheonan-si,,http://www.saeronauto.co.kr,Nano Cap,KR7075180000,,BBG000D96PW8,BBG000D96PK1,BBG001SMHKY8,False
075580.KS,"Sejin Heavy Industries Co., Ltd.","Sejin Heavy Industries Co., Ltd. manufactures and sells shipbuilding equipment in South Korea. It offers deck houses, upper deck units, LPG/LNG cargo tanks, and topside and plant modules, as well as living quarters for the crew of offshore structures. Sejin Heavy Industries Co., Ltd. was founded in 1999 and is headquartered in Ulsan, South Korea.",KRW,Industrials,Transportation,Marine,KSC,XKRX,KOSPI Stock Market,South Korea,,Ulsan,45011,http://www.sejinheavy.com,Small Cap,KR7075580001,,BBG001BNZQL5,BBG001BNZQL5,BBG001TR7MP3,False
077500.KS,Uniquest Corporation,"Uniquest Corporation distributes electronic components in South Korea and internationally. The company offers 3D multimedia, sensor, and wireless solutions; power products, and communication ICs and PLDs for networking system and communications; and semiconductor solutions for digital consumers, such as media center, smart TV, and smart home. It also provides design, logistics, and technical support services, as well as consulting and training services. The company was formerly known as Uniquest Korea, Co. Ltd. and changed its name to Uniquest Corporation in 2003. The company was founded in 1993 and is headquartered in Seongnam, South Korea.",KRW,Information Technology,Technology Hardware & Equipment,"Electronic Equipment, Instruments & Components",KSC,XKRX,KOSPI Stock Market,South Korea,,Seongnam-si,13591,http://www.uniquest.co.kr,Micro Cap,KR7077500007,,BBG000PTY2C3,BBG000PTY1Y1,BBG001SLSPZ6,False
077970.KS,"STX Engine Co.,Ltd.","STX Engine Co.,Ltd. is a company listed on the KOSPI Stock Market under the ticker 077970. It operates in the Machinery industry within the Industrials sector. The company is headquartered in Changwon-Si, South Korea.",KRW,Industrials,Capital Goods,Machinery,KSC,XKRX,KOSPI Stock Market,South Korea,,Changwon-Si,642-315,https://www.stxengine.co.kr,Small Cap,KR7077970002,,BBG000FNTBK4,BBG000FNTBK4,BBG001SGXD15,False
078000.KS,"Telcoware Co.,Ltd.","Telcoware Co.,Ltd. provides wired and wireless communication solutions in South Korea. The company offers 5G core solutions, such as network repository function component, network slicing selection function, unified data repository, unified data management, security edge protection proxy, 5G-EIR (Equipment Identity Register), short message service function, authentication server function, policy control function, and multi-access edge computing systems. It also provides IMS infra solutions, including call session control function that performs SIP-based call control and session handling in the 3G network, and provides various multimedia services; home subscriber servers; interconnection border control functions; media gateway control functions; and session border asptroller, a network boundary node. In addition, the company offers IMS applications, such as telephony application servers, RCS IM systems, and media resource functions; and mobile (3G/4G) solutions, such as home location registers, authentication centers, WCDMA EIRs, IoT-HSS solution, and number portability database products. Further, it provides roaming and other solutions comprising gateway location registers, gateway home location registers, roaming signal monitoring systems, and roaming signal monitoring systems, as well as WiFi network authentication, account, and authorization servers; NFV management and orchestration solution that provides NFV-based network service operation functions; and C4-SSW (Softswitch) systems. Additionally, the company offers video surveillance and intelligent video analysis solutions; and Telcobase main memory database management system, as well as laser detection-based light detection and ranging solution. Telcoware Co.,Ltd. was founded in 2000 and is based in Seoul, South Korea.",KRW,Communication Services,Telecommunication Services,Diversified Telecommunication Services,KSC,XKRX,KOSPI Stock Market,South Korea,,Seoul,,http://www.telcoware.com,Micro Cap,KR7078000007,,BBG000KSD625,BBG000KSC341,BBG001SJQMN3,False
078520.KS,"Able C&C Co., Ltd.","Able C&C Co., Ltd. is a company listed on the KOSPI Stock Market under the ticker 078520. It operates in the Household & Personal Products industry within the Consumer Staples sector. The company is headquartered in Seoul, South Korea.",KRW,Consumer Staples,Household & Personal Products,Household Products,KSC,XKRX,KOSPI Stock Market,South Korea,,Seoul,04534,https://www.able-cnc.com,Micro Cap,KR7078520004,,BBG000QP0LG1,BBG000QP0LG1,BBG001SN9XR5,False
078930.KS,GS Holdings Corp.,"GS Holdings Corp. is a company listed on the KOSPI Stock Market under the ticker 078930. It operates in the Industrial Conglomerates industry within the Industrials sector. The company is headquartered in Seoul, South Korea.",KRW,Industrials,Capital Goods,Industrial Conglomerates,KSC,XKRX,KOSPI Stock Market,South Korea,,Seoul,06141,https://www.gs.co.kr,Mid Cap,KR7078930005,,BBG000P3K9R4,BBG000P3K9R4,BBG001SBGXX6,False
078935.KS,GS Holdings Corp.,"GS Holdings Corp. is a company listed on the KOSPI Stock Market under the ticker 078935. It operates in the Industrial Conglomerates industry within the Industrials sector. The company is headquartered in Seoul, South Korea.",KRW,Industrials,Capital Goods,Industrial Conglomerates,KSC,XKRX,KOSPI Stock Market,South Korea,,Seoul,06141,https://www.gs.co.kr,Mid Cap,KR7078931003,,BBG000Q47NF8,BBG000Q47NF8,BBG001SM5G16,False
079160.KS,"CJ CGV Co., Ltd.","CJ CGV Co., Ltd. is a company listed on the KOSPI Stock Market under the ticker 079160. It operates in the Entertainment industry within the Communication Services sector. The company is headquartered in Seoul, South Korea.",KRW,Communication Services,Media & Entertainment,Entertainment,KSC,XKRX,KOSPI Stock Market,South Korea,,Seoul,03926,http://www.cgv.co.kr,Small Cap,KR7079160008,,BBG000QNVSK2,BBG000QNVSK2,BBG001SN9BF6,False
079430.KS,Hyundai Livart Furniture Company Limited,"Hyundai Livart Furniture Company Limited manufactures and sells furniture and wooden products in South Korea and internationally. It operates through five segments: B2C Furniture, Office Furniture, Furniture for Special Sales, B2B, and Others. The company offers cabinets, beds, built-in painted doors, household goods, and finished products; office desks, drawers, bookcases, partitions, etc.; and woodworking, kitchen and general furniture, and wooden windows to construction companies. It distributes and sells eco-friendly boards; and construction materials, packaging materials, uniforms, etc., as well as engages in the construction and commodity brokerage activities. In addition, the company is involved in the wholesale, retail, and sale of general merchandise and corporate clothing. It offers its products through offline stores and online malls, as well as direct sales. The company was formerly known as Livart Furniture Co., Ltd. and changed its name to Hyundai Livart Furniture Company Limited in April 2014. Hyundai Livart Furniture Company Limited was founded in 1977 and is headquartered in Yongin-si, South Korea.",KRW,Consumer Discretionary,Consumer Durables & Apparel,Household Durables,KSC,XKRX,KOSPI Stock Market,South Korea,,Yongin-Si,,http://www.hyundailivart.co.kr,Micro Cap,KR7079430005,,BBG000JQ9YP0,BBG000JQ9YH9,BBG001SPKQY4,False
079550.KS,"LIG Nex1 Co., Ltd.","LIG Nex1 Co., Ltd. develops and produces various weapon systems worldwide. The company offers precision guided munitions, which include ground-based guided missiles; ship-launched/air-launched guided missiles; and underwater guided missiles. It also provides intelligence, surveillance, and reconnaissance products that include radar systems, electronic optics/imaging radars, and SONAR surveillance systems. In addition, the company offers command and control systems, such as ground-based command and control systems for unmanned aerial systems, tactical data links, vehicle command and control systems, and surface combat management systems; and tactical communication/navigation systems comprising satellite navigation systems, data links for unmanned drones, and strategic communication systems. Further, it provides avionics consisting of mission, display, flight control, and communication/navigation/identification systems; airborne, ground-based, and maritime electronic warfare systems; unmanned drone/robotics systems, which include unmanned systems/robotics projects and unmanned drone/robotics for ships; and cyber warfare/M&S/high-energy weapon systems. LIG Nex1 Co., Ltd. was founded in 1976 and is headquartered in Yongin, South Korea.",KRW,Industrials,Capital Goods,Aerospace & Defense,KSC,XKRX,KOSPI Stock Market,South Korea,,Yongin-Si,446-798,http://www.lignex1.com,Large Cap,KR7079550000,,BBG0015X4SY6,BBG0015X4SY6,BBG001TC92D1,False
079980.KS,Huvis Corporation,"Huvis Corporation develops, manufactures, and sells chemicals and fiber materials in South Korea and internationally. The company offers staple fibers, including spinning, non-woven and non-woven special, and stuffing fibers for use in automobile, furniture, sanitary product, cleaner, filter, non-woven fabric, civil/construction material, clothing, sport wear, premium padding, innerwear, bedding, accessories, and interior applications; and filament yarns, such as apparel, casual sports, interior, and eco products for use in women and men suits, outdoor wear, swimsuits, casual wear, seat covers, beddings, and wet tissues. It also provides regular, homo-PET, and specialty PET resins that are used in filament yarns, staple fibers, various PET bottles, industrial materials, films, sheets, and masterbatches; and Meta Aramid and polyphenylene sulfide super fibers for use in protection garment, safety garment, industrial material, insulation material, automotive heat-resisting material, and industrial filter applications. In addition, the company offers non-woven, high tenacity yarn, spunbond, geogrid, and monofilament industrial materials that are used in various areas comprising industrial, consumer, civil engineering/construction, and sanitary applications. Huvis Corporation was founded in 2000 and is headquartered in Seoul, South Korea.",KRW,Consumer Discretionary,Consumer Durables & Apparel,"Textiles, Apparel & Luxury Goods",KSC,XKRX,KOSPI Stock Market,South Korea,,Seoul,,http://www.huvis.com,Nano Cap,KR7079980009,,BBG002CQR6B9,BBG000BM06V0,BBG001S9BK28,False
081000.KS,Iljin Diamond Co. Ltd.,"Iljin Diamond Co., Ltd. manufactures and sells tool materials in South Korea, the United States, Europe, Japan, China, and internationally. It offers ILJIN polycrystalline diamond, a material used for cutting tools; ILJIN polycrystalline cubic boron nitride, a material used for cutting tools; ILJIN synthetic diamond for use in saw blades, cutters, core drill bits, etc.; and ILJIN premium synthetic diamond for use in mining bits and multi-wires to cut granite applications. The company also provides ILJIN metal bond diamond for the processing of nonferrous materials; ILJIN resin and vitrified bond diamond, a synthetic diamond that is used to process nonferrous materials; ILJIN micron powder, a micron-sized synthetic diamond and CBN powder that are used in manufacturing processes, such as grinding, polishing, and finishing in various industries, such as electronics, semiconductors, and automobiles; and shape reformed diamond. In addition, it offers ILJIN CBN powder, a material for processing various metallic materials comprising super-alloy, bearing steel, and heat-treated steel; tungsten carbide rod used in various processes of work piece materials in the fields of automobile, aircraft, energy, IT, and medicine; tungsten carbide roll and diamond wire that are used to cut solar cell silicon, LED sapphire, and the glass for mobile phone screens; and polycrystalline diamond compact products. The company was founded in 1985 and is based in Seoul, South Korea. Iljin Diamond Co., Ltd. is a subsidiary of ILJIN Holdings Co., Ltd.",KRW,Industrials,Capital Goods,Machinery,KSC,XKRX,KOSPI Stock Market,South Korea,,Seoul,,http://www.iljindiamond.com,Micro Cap,KR7081000002,,BBG000NT0WQ1,BBG000NT0W81,BBG001SKXF93,False
081660.KS,Misto Holdings Corp.,"Misto Holdings Corp., together with its subsidiaries, engages in the sale of textile products, clothing, footwear, leather products, watches, cosmetics, golf equipment, and other products in South Korea, the United States, and internationally. It is also involved in the retail and wholesale of apparel and footwear under the FILA brand. In addition, the company manufactures and sells golf products, including golf balls, golf clubs, and golf gears under the Titleist brand; and licenses FILA branded products. It operates approximately 529 stores. The company was formerly known as FILA Korea Ltd. and changed its name to Misto Holdings Corp. in January 2020. Misto Holdings Corp. was founded in 1991 and is headquartered in Seoul, South Korea.",KRW,Consumer Discretionary,Consumer Durables & Apparel,"Textiles, Apparel & Luxury Goods",KSC,XKRX,KOSPI Stock Market,South Korea,,Seoul,,http://www.filaholdings.com,Small Cap,KR7081660003,,BBG000DH0P92,BBG000DH0P92,BBG001SGC016,False
082740.KS,"Hanwha Engine Co., Ltd.","Hanwha Engine Co., Ltd. is a company listed on the KOSPI Stock Market under the ticker 082740. It operates in the Machinery industry within the Industrials sector. The company is headquartered in Changwon-Si, South Korea.",KRW,Industrials,Capital Goods,Machinery,KSC,XKRX,KOSPI Stock Market,South Korea,,Changwon-Si,51561,https://www.hanwha-engine.com,Mid Cap,KR7082740002,,BBG000VNG382,BBG000VNG382,BBG001T3MVY9,False
083420.KS,"Green Chemical Co., Ltd.","Green Chemical Co., Ltd. is a company listed on the KOSPI Stock Market under the ticker 083420. It operates in the Chemicals industry within the Materials sector. The company is headquartered in Seosan-Si, South Korea.",KRW,Materials,Materials,Chemicals,KSC,XKRX,KOSPI Stock Market,South Korea,,Seosan-Si,31900,https://www.korgc.com,Micro Cap,KR7083420000,,BBG000BSFQD7,BBG000BSFQD7,BBG001SHFQN0,False
084010.KS,"Daehan Steel Co., Ltd.","Daehan Steel Co., Ltd. manufactures and sells steel products in South Korea and internationally. It offers square billets; deformed bars used as construction material for building concrete structures; processed rebars; and bars in coils for reducing the loss of rebar and enhancing productivity. The company was founded in 1954 and is headquartered in Busan, South Korea.",KRW,Materials,Materials,Metals & Mining,KSC,XKRX,KOSPI Stock Market,South Korea,,Busan,,http://www.idaehan.com,Micro Cap,KR7084010008,,BBG000DDK441,BBG000DDK325,BBG001SMJY03,False
084670.KS,Dongyang Express Corp.,"Dongyang Express Corp. is a company listed on the KOSPI Stock Market under the ticker 084670. It operates in the Road & Rail industry within the Industrials sector. The company is headquartered in Seoul, South Korea.",KRW,Industrials,Transportation,Road & Rail,KSC,XKRX,KOSPI Stock Market,South Korea,,Seoul,06545,https://www.dyexpress.co.kr,Nano Cap,KR7084670009,,BBG000HWG9S3,BBG000HWG9S3,BBG001SP9S46,False
084680.KS,"E-World Co.,Ltd.","E-World Co.,Ltd. is a company listed on the KOSPI Stock Market under the ticker 084680. The company is headquartered in Daegu, South Korea.",KRW,,,,KSC,XKRX,KOSPI Stock Market,South Korea,,Daegu,,https://www.eworld.kr,Nano Cap,KR7084680008,,BBG000F675G3,BBG000F675G3,BBG001SNDL14,False
084690.KS,"Daesang Holdings Co., Ltd.","Daesang Holdings Co., Ltd. engages in the general food business in South Korea and internationally. It offers traditional pastes, such as Sunchang and Sunshine Dameun; seasonings, such as MIWON, Gamchimi, and Masten; agro fishery food products, including vinegar and fish sauces; fresh food comprising Kimchi and tofu; western food products; deli; processed meat foods; and frozen foods. The company also produces starches and sweeteners; flavor enhancers, amino acids, and microalgae based ingredients; phenylalanine, glutamine, arginine, and lysine products; and researches and develops food processing technologies. Daesang Holdings Co., Ltd. was founded in 1956 and is based in Seoul, South Korea.",KRW,Consumer Staples,"Food, Beverage & Tobacco",Food Products,KSC,XKRX,KOSPI Stock Market,South Korea,,Seoul,,http://www.daesang.co.kr,Micro Cap,KR7084690007,,BBG000BCL3P3,BBG000BCL355,BBG001S74LL7,False
084695.KS,"Daesang Holdings Co., Ltd.","Daesang Holdings Co., Ltd. engages in the general food business in South Korea and internationally. It offers traditional pastes, such as Sunchang and Sunshine Dameun; seasonings, such as MIWON, Gamchimi, and Masten; agro fishery food products, including vinegar and fish sauces; fresh food comprising Kimchi and tofu; western food products; deli; processed meat foods; and frozen foods. The company also produces starches and sweeteners; flavor enhancers, amino acids, and microalgae based ingredients; phenylalanine, glutamine, arginine, and lysine products; and researches and develops food processing technologies. Daesang Holdings Co., Ltd. was founded in 1956 and is based in Seoul, South Korea.",KRW,Consumer Staples,"Food, Beverage & Tobacco",Food Products,KSC,XKRX,KOSPI Stock Market,South Korea,,Seoul,,http://www.daesang.co.kr,Micro Cap,KR7084691005,,BBG000BCLR07,BBG000BCLR07,BBG001S76DC3,False
084870.KS,"TBH Global Co., Ltd","TBH Global Co., Ltd operates as a fashion company in China, Singapore, Malaysia, Armenia, Mongolia, and Saudi Arabia. The company offers its products under the Basic House, Mind Bridge, The Class, Jucy Judy, Marcbrick, and Spello brand names. It operates 1,800 stores. The company was formerly known as The Basic House Co., Ltd. and changed its name to TBH Global Co., Ltd in April 2016. TBH Global Co., Ltd was founded in 2001 and is headquartered in Seoul, South Korea.",KRW,Consumer Discretionary,Consumer Durables & Apparel,"Textiles, Apparel & Luxury Goods",KSC,XKRX,KOSPI Stock Market,South Korea,,Seoul,06153,http://tbhglobal.co.kr,Nano Cap,KR7084870005,,BBG000PRFG19,BBG000PRFFT1,BBG001SJXVT9,False
085310.KS,"NK Co., Ltd.","NK Co., Ltd. is a company listed on the KOSPI Stock Market under the ticker 085310. It operates in the Machinery industry within the Industrials sector. The company is headquartered in Busan, South Korea.",KRW,Industrials,Capital Goods,Machinery,KSC,XKRX,KOSPI Stock Market,South Korea,,Busan,07206,https://www.nkcf.com,Nano Cap,KR7085310001,,BBG000TZY2M4,BBG000TZY2M4,BBG001T0TLP0,False
085620.KS,"Mirae Asset Life Insurance Co., Ltd.","Mirae Asset Life Insurance Co., Ltd. is a company listed on the KOSPI Stock Market under the ticker 085620. It operates in the Insurance industry within the Financials sector. The company is headquartered in Seoul, South Korea.",KRW,Financials,Insurance,Insurance,KSC,XKRX,KOSPI Stock Market,South Korea,,Seoul,07330,https://life.miraeasset.com,Small Cap,KR7085620003,,BBG0099QLDR2,BBG0099QLDR2,BBG001T0M9W6,False
086280.KS,"Hyundai Glovis Co., Ltd.","Hyundai Glovis Co., Ltd. provides logistics and transportation services primarily for the automobile industry in South Korea and internationally. It offers in/outbound logistics services comprising packaging, storage, customs clearance, shipping, and freight services; vehicle transportation services, such as car transportation, pre-delivery quality inspection, pre-export duties, and harbor unloading services; parts logistics services; general and special cargo services; and logistics consulting services. The company also provides bulk logistics services, including inland transportation, coastal shipping, procurement, production, sales logistics, and international freight forwarding services for steel, industrial machineries, factory equipment, other big heavy-weight cargos, heavy equipment, facility equipment, and tools and materials used in plant construction. In addition, it offers overseas shipment services for finished vehicles through a fleet of approximately 80 vessels; and bulk export and import services. Further, the company provides comprehensive distribution services, such as auto parts procurement, quality control, customs clearance, packing, transportation, etc. services for overseas car factories. Additionally, it is involved in the distribution of used-cars; trading of raw materials that include aluminum, copper, scrap, hot rolled/cold rolled steel products, and other products. The company was formerly known as Glovis Co., Ltd. and changed its name to Hyundai Glovis Co., Ltd. in November 2011. Hyundai Glovis Co., Ltd. was founded in 2001 and is headquartered in Seoul, South Korea.",KRW,Industrials,Transportation,Air Freight & Logistics,KSC,XKRX,KOSPI Stock Market,South Korea,,Seoul,,http://www.glovis.net,Large Cap,KR7086280005,,BBG000BQ1C65,BBG000BQ1BK1,BBG001SB9SW6,False
086790.KS,Hana Financial Group Inc.,"Hana Financial Group Inc., through its subsidiaries, provides financial services in South Korea. The company engages in the commercial banking, trust banking, foreign exchange, and merchant banking; investment trading, brokerage, advisory, investment, and security investment trust services; and leasing, installment financing, and corporate and consumer loan businesses. It also provides real estate investment trust, life insurance, asset management and investment advisory, investment management, and loan services; property and liability insurance, reinsurance, and insurance payments; trust services for securities companies; and accounting and trust services for banks, pension funds, and other companies, as well as investments to venture firms and start-up companies. In addition, it develops and maintains software for the financial service industry. Hana Financial Group Inc. was founded in 1971 and is based in Seoul, South Korea.",KRW,Financials,Banks,Banks,KSC,XKRX,KOSPI Stock Market,South Korea,,Seoul,04538,http://www.hanafn.com,Large Cap,KR7086790003,,BBG000J3H1F5,BBG000J3FZK6,BBG001SPCR35,False
088260.KS,E Kocref Cr-Reit,"E Kocref Cr-Reit engages in the acquisition, development, management, and leasing of real estate properties. The company has elected to be taxed as a real estate investment trust. As a result, it would not be subject to corporate income tax on that portion of its net income that is distributed to shareholders. The company was founded in 2005 and is based in Seoul, South Korea. E Kocref Cr-Reit is a subsidiary of ELAND RETAIL.Ltd.",KRW,Real Estate,Real Estate,Equity Real Estate Investment Trusts (REITs),KSC,XKRX,KOSPI Stock Market,South Korea,,Seoul,06158,http://www.ereits.co.kr,Micro Cap,KR7088260005,,BBG00L2R46S3,BBG004TBLR48,BBG004TBLR57,False
088350.KS,"Hanwha Life Insurance Co., Ltd.","Hanwha Life Insurance Co., Ltd. provides various insurance products to individual and corporate customers in South Korea, Vietnam, China, Indonesia, and internationally. The company offers health, retirement, investment, group, accident, and savings insurance products; retirement pension plans; consulting services; and asset management products. It offers its products through financial planner, group financial planner, general agency, and bancassurance, as well as through online. The company was formerly known as Korea Life Insurance Co., Ltd. and changed its name to Hanwha Life Insurance Co., Ltd. in October 2012. Hanwha Life Insurance Co., Ltd. was founded in 1946 and is headquartered in Seoul, South Korea.",KRW,Financials,Insurance,Insurance,KSC,XKRX,KOSPI Stock Market,South Korea,,Seoul,07345,http://www.hanwhalife.com,Mid Cap,KR7088350004,,BBG000D0FFP7,BBG000D0FFJ4,BBG001SFX9W2,False
088790.KS,"Jindo.Co., Ltd.","Jindo.Co., Ltd. manufactures, distributes, and sells fashion products in South Korea. It offers fur products under the Jindo Fur, Elfee, Uba, and Cleve brands. The company was formerly known as Jindo F & Co., Ltd. and changed its name to Jindo.Co., Ltd. in 2010. Jindo.Co., Ltd. was founded in 1973 and is headquartered in Seoul, South Korea.",KRW,Consumer Discretionary,Consumer Durables & Apparel,"Textiles, Apparel & Luxury Goods",KSC,XKRX,KOSPI Stock Market,South Korea,,Seoul,,http://www.jindofand.co.kr,Nano Cap,KR7088790001,,BBG000LHSQZ2,BBG000LHRP76,BBG001SQ1QZ2,False
089470.KS,"HDC Hyundai Engineering Plastics Co., Ltd.","HDC Hyundai Engineering Plastics Co., Ltd. develops, produces, and supplies various plastic materials in South Korea and internationally. The company offers polypropylene (PP) compound materials for use in producing automotive, interior/exterior materials, electrical and electronics components, water purifiers, etc. It also provides thermoplastic elastomers; cross linkable polyethylene products, such as graftmers and catalyst M/B products; matt compounds consisting of BOPP, IPP, blown films, and blow molding compounds; PE, PP, and EVA based adhesive resins; pipe coating resins; and nylon and EVOH based barrier resins. In addition, the company offers engineering plastics comprising nylon compounds, PET and PBT compounds, PBT/PET alloys, PC/ABS and PC/PBT alloys, PPE/PA and PPE/PS alloys, and PPS compounds; general purpose and high impact polystyrene products, which are used in various areas from household goods to electrical appliances; and expandable polystyrene products that are primarily used for shock absorption or packing materials. Further, it provides construction materials, including polybutylene and polyethylene for raised temperature pipes; pipe connectors, including PB, brass, and water tap connectors; chlorinated polyvinyl chloride pipes and joints; uniform water supply brass BT systems, such as faucet flow control valves; and integrated drainage systems. Additionally, HDC Hyundai Engineering Plastics Co., Ltd. distributes products for use in cold and hot water supply, and heating applications. The company was formerly known as Hyundai Engineering Plastics Co., Ltd. HDC Hyundai Engineering Plastics Co., Ltd. was founded in 1988 and is headquartered in Dangjin, South Korea.",KRW,Consumer Discretionary,Automobiles & Components,Auto Components,KSC,XKRX,KOSPI Stock Market,South Korea,,Dangjin-si,,http://www.hdc-hyundaiep.com,Micro Cap,KR7089470009,,BBG000BJXZ29,BBG000BJXY40,BBG001SCJKW0,False
089590.KS,"Jeju Air Co., Ltd.","Jeju Air Co., Ltd. provides airline services in South Korea, Japan, China, Taiwan, the Philippines, Vietnam, Thailand, and Guam. It also offers in-flight, airport, and other additional services. The company was founded in 2005 and is based in Jeju, South Korea. Jeju Air Co., Ltd. is a subsidiary of AK Holdings, Inc.",KRW,Industrials,Transportation,Airlines,KSC,XKRX,KOSPI Stock Market,South Korea,,Jeju-Si,,http://www.jejuair.net,Micro Cap,KR7089590004,,BBG00B3GYJV3,BBG00B3GYJT6,BBG001T91549,False
089860.KS,"LOTTE rental co.,ltd.","LOTTE rental co.,ltd. is a company listed on the KOSPI Stock Market under the ticker 089860. The company is headquartered in Anyang-si, South Korea.",KRW,,,,KSC,XKRX,KOSPI Stock Market,South Korea,,Anyang-si,14042,https://www.lotterental.com,Small Cap,KR7089860001,,BBG000RD8Y08,BBG000RD8Y08,BBG001SS2CX0,False
090080.KS,"Pyung Hwa Industrial Co., Ltd.","Pyung Hwa Industrial Co., Ltd. manufactures and sells automotive and general industrial rubber parts in South Korea and internationally. It offers anti-vibration systems, including powertrain mounts, suspension and chassis, advanced products, engine systems, and engine belt systems; products for fuel systems, braking/steering systems, and air and cooling systems; and caterpillar and road wheel rubber products for combat vehicles and specialized rubber. The company was founded in 1950 and is based in Daegu, South Korea. Pyung Hwa Industrial Co., Ltd. is a subsidiary of Pyung Hwa Holdings Co., Ltd.",KRW,Consumer Discretionary,Automobiles & Components,Auto Components,KSC,XKRX,KOSPI Stock Market,South Korea,,Daegu,,http://www.ph.co.kr,Nano Cap,KR7090080003,,BBG000D45BZ8,BBG000D45BF0,BBG001SMD879,False
090350.KS,"NOROO PAINT & COATINGS Co., Ltd.","NOROO PAINT & COATINGS Co., Ltd. develops, manufactures, and sells paints in South Korea and internationally. It provides floor, waterproof, heavy duty, PCM, household electrical appliance, and industrial coating products, as well as architecture and automotive refinish paint products; and resin products. The company offers its products under the SOON&SOO, Pantone Paint, YEGREENA, NOROOWAY, HiQ, Q-Fit, Natural, Color stain, Pororo Paint, and Energy Saver brands. It also engages in the market research and networking activities. The company was founded in 1945 and is based in Anyang-si, South Korea. NOROO PAINT & COATINGS Co., Ltd is a subsidiary of NOROO Holdings Co., Ltd.",KRW,Materials,Materials,Chemicals,KSC,XKRX,KOSPI Stock Market,South Korea,,Anyang-Si,,http://www.noroopaint.com,Micro Cap,KR7090350000,,BBG000BHXG61,BBG000BHXG61,BBG001SBZ2Q1,False
090355.KS,"NOROO PAINT & COATINGS Co., Ltd.","NOROO PAINT & COATINGS Co., Ltd. develops, manufactures, and sells paints in South Korea and internationally. It provides floor, waterproof, heavy duty, PCM, household electrical appliance, and industrial coating products, as well as architecture and automotive refinish paint products; and resin products. The company offers its products under the SOON&SOO, Pantone Paint, YEGREENA, NOROOWAY, HiQ, Q-Fit, Natural, Color stain, Pororo Paint, and Energy Saver brands. It also engages in the market research and networking activities. The company was founded in 1945 and is based in Anyang-si, South Korea. NOROO PAINT & COATINGS Co., Ltd is a subsidiary of NOROO Holdings Co., Ltd.",KRW,Materials,Materials,Chemicals,KSC,XKRX,KOSPI Stock Market,South Korea,,Anyang-Si,,http://www.noroopaint.com,Micro Cap,KR7090351008,,BBG000PPKHF0,BBG000PPKHF0,BBG001SR7V29,False
090370.KS,"Metalabs Co., Ltd.","Metalabs Co., Ltd. primarily provides clothing in South Korea. It also manufactures and distributes prescription drugs, medical devices, and masks; develops peptide-based bio products; offers medical management services; and distributes cosmetics, as well as operates dating applications. The company was formerly known as Avista Inc. and changed its name to Metalabs Co., Ltd. in April 2018. Metalabs Co., Ltd. was founded in 2000 and is based in Seoul, South Korea.",KRW,Consumer Discretionary,Consumer Durables & Apparel,"Textiles, Apparel & Luxury Goods",KSC,XKRX,KOSPI Stock Market,South Korea,,Seoul,,http://metalabs.co.kr,Nano Cap,KR7090370008,,BBG000MDQJC3,BBG000MDQHG3,BBG001SQB5M1,False
090430.KS,Amorepacific Corporation,"Amorepacific Corporation manufactures and sells beauty, household, and healthcare products worldwide. The company offers skincare products, cleansers, toners and fluids, moisturizers, eye care products, serums, masks, and special care and travel products. It provides anti-ageing, dryness, tone and texture, sun protection, and makeup products. The company was founded in 1945 and is based in Seoul, South Korea.",KRW,Consumer Staples,Household & Personal Products,Household Products,KSC,XKRX,KOSPI Stock Market,South Korea,,Seoul,,http://www.amorepacific.com,Mid Cap,KR7090430000,,BBG000M38N36,BBG000M38MQ3,BBG001SB9P52,False
090435.KS,Amorepacific Corporation,"Amorepacific Corporation manufactures and sells beauty, household, and healthcare products worldwide. The company offers skincare products, cleansers, toners and fluids, moisturizers, eye care products, serums, masks, and special care and travel products. It provides anti-ageing, dryness, tone and texture, sun protection, and makeup products. The company was founded in 1945 and is based in Seoul, South Korea.",KRW,Consumer Staples,Household & Personal Products,Household Products,KSC,XKRX,KOSPI Stock Market,South Korea,,Seoul,,http://www.amorepacific.com,Mid Cap,KR7090431008,,BBG000PQKZ22,BBG000PQKZ22,BBG001SC5CM4,False
090460.KS,"BH Co., Ltd.","BH Co., Ltd. is a company listed on the KOSPI Stock Market under the ticker 090460. It operates in the Electronic Equipment, Instruments & Components industry within the Information Technology sector. The company is headquartered in Incheon, South Korea.",KRW,Information Technology,Technology Hardware & Equipment,"Electronic Equipment, Instruments & Components",KSC,XKRX,KOSPI Stock Market,South Korea,,Incheon,21300,https://www.bhe.co.kr,Small Cap,KR7090460007,,BBG000QGL065,BBG000QGL065,BBG001SS56G9,False
091090.KS,SEWON E&C Co. Ltd.,"SEWONCELLONTECH Co., Ltd. engages in the process equipment, mechatronics system, and regenerative medical system businesses worldwide. The company manufactures and sells petrochemical, oil refining, gas, and power plant equipment, as well as exports plant equipment to countries, such as the Middle East region. It also manufactures and sells hydraulic and pneumatic pressure equipment for use in the fields of automobile, steel and iron manufacture, nonferrous metal facilities and machine tools, catapult, press, construction equipment, industrial vehicles, and marine shipbuilding; and products for glass lining equipment and centrifugal separators. In addition, the company provides cell therapy, bio-collagen, and regenerative medical systems. The company was founded in 1971 and is headquartered in Seoul, South Korea.",KRW,Industrials,Capital Goods,Machinery,KSC,XKRX,KOSPI Stock Market,South Korea,,Seoul,07330,http://www.sewoncellontech.com,Micro Cap,KR7091090001,,,,,True
091810.KS,Trinity Airways,"Trinity Airways is a company listed on the KOSPI Stock Market under the ticker 091810. It operates in the Transportation industry within the Industrials sector. The company is headquartered in Daegu, South Korea.",KRW,Industrials,Transportation,,KSC,XKRX,KOSPI Stock Market,South Korea,,Daegu,07505,https://www.twayair.com,Micro Cap,KR7091810002,,BBG003QHSYS2,BBG003QHSYS2,BBG003QHSYV8,False
092200.KS,DAE-IL Corporation,"DAE-IL Corporation manufactures and sells powertrain systems for automobiles, motorcycles, and heavy equipment in South Korea and internationally. It offers car transmission and engine gears; trans and drive axles, and transmission and excavator products; and motorcycle transmission and engine products, as well as production and measurement systems. The company also manufactures electric automobiles, motorcycles, and trucks. In addition, it exports its products. DAE-IL Corporation was founded in 1976 and is headquartered in Ulsan, South Korea.",KRW,Consumer Discretionary,Automobiles & Components,Auto Components,KSC,XKRX,KOSPI Stock Market,South Korea,,Ulsan,,http://www.dicorp.co.kr,Micro Cap,KR7092200005,,BBG000RR2F31,BBG000RR2DP2,BBG001SV3NP7,False
092220.KS,Kec Corporation,"Kec Corporation is a company listed on the KOSPI Stock Market under the ticker 092220. It operates in the Semiconductors & Semiconductor Equipment industry within the Information Technology sector. The company is headquartered in Seoul, South Korea.",KRW,Information Technology,Semiconductors & Semiconductor Equipment,Semiconductors & Semiconductor Equipment,KSC,XKRX,KOSPI Stock Market,South Korea,,Seoul,06775,https://www.keccorp.com,Micro Cap,KR7092220003,,BBG000LR5750,BBG000LR5750,BBG001SQ47P2,False
092230.KS,"KPX Holdings Co.,Ltd.","KPX Holdings Co.,Ltd., through its subsidiaries, engages in chemical, construction, and freight transportation businesses. It supplies polymer polyol and PU systems for furniture, shoes, textile, automobile, appliances, construction, container, and other industries; and produces pharmaceutical API and intermediates, and fine chemical products. The company also operates tank terminals; handles and stores liquid freight; leases real estate properties; and constructs and rents buildings. KPX Holdings Co.,Ltd. was founded in 2006 and is based in Seoul, South Korea.",KRW,Industrials,Capital Goods,Industrial Conglomerates,KSC,XKRX,KOSPI Stock Market,South Korea,,Seoul,04143,http://www.kpxholdings.com,Micro Cap,KR7092230002,,BBG000PN69H7,BBG000PN69D1,BBG001SP1CG6,False
092440.KS,Kishin Corporation,"Kishin Corporation provides mold bases, die sets, and precision plates in South Korea. The company's die set products include stripper, die set, and MG guides, as well as shanks and press guide parts. Its mold products are used in the manufacture of mobile handsets, vehicles, and other products. The company was founded in 1975 and is based in Incheon, South Korea.",KRW,Industrials,Capital Goods,Machinery,KSC,XKRX,KOSPI Stock Market,South Korea,,Incheon,405-300,http://www.kishin.com,Nano Cap,KR7092440007,,BBG000SQ3W07,BBG000SQ3V72,BBG001SXSWN8,False
092780.KS,"DYP Co.,Ltd","Dong Yang Piston Co., Ltd., together with its subsidiaries, manufactures and sells automotive parts in South Korea and internationally. It offers compact pistons for gasoline, diesel, LPI, and hybrid engines used in passenger cars and SUVs; mid-size pistons for diesel and natural gas engines used in vans, mini buses, compact trucks, and buses; and large-size pistons for gasoline engines used in medium and heavy duty trucks, construction equipment, and generators. The company also provides small pistons for msall gasoline engines used in two-wheelers, including motorcycles; pistons for military vehicles and vessels, as well as agricultural vehicles, such as tractors, combines, etc.; piston pins for automobile engines; diamond cutting tools for piston machining; and ring carriers for gas and diesel engine pistons, as well as cylinder liners for diesel engines. In addition, it implements assembly of various components, such as piston rings, pins, and con rods with pistons. Dong Yang Piston Co., Ltd. was founded in 1967 and is based in Ansan, South Korea.",KRW,Consumer Discretionary,Automobiles & Components,Auto Components,KSC,XKRX,KOSPI Stock Market,South Korea,,Ansan-Si,425-839,http://www.dypiston.co.kr,Nano Cap,KR7092780006,,BBG002CHTT72,BBG002CHTT72,BBG002CHTT81,False
093050.KS,LF Corp.,"LF Corp. is a company listed on the KOSPI Stock Market under the ticker 093050. It operates in the Textiles, Apparel & Luxury Goods industry within the Consumer Discretionary sector. The company is headquartered in Seoul, South Korea.",KRW,Consumer Discretionary,Consumer Durables & Apparel,"Textiles, Apparel & Luxury Goods",KSC,XKRX,KOSPI Stock Market,South Korea,,Seoul,06017,https://www.lfcorp.com,Small Cap,KR7093050003,,BBG000Q1QJX2,BBG000Q1QJX2,BBG001SRMYD4,False
093240.KS,"hyungji Elite Co., Ltd.","hyungji Elite Co., Ltd. produces and sells school uniforms in Korea. It offers school uniforms under Elite brand name. The company also produces and supplies uniforms for the Samsung Group. In addition, it provides fashion products under the Young Age, Portfolio, Miss & Mister, and Sonobi brands; apparel for women under the RAGELLO brand; shoes under the Esquire brand; and jackets, trousers, jogging sets, and coats. The company was formerly known as Elite Basic Inc. and changed its name to hyungji Elite Co., Ltd. in October 2015. hyungji Elite Co., Ltd. was founded in 1969 and is based in Seoul, South Korea.",KRW,Consumer Discretionary,Consumer Durables & Apparel,"Textiles, Apparel & Luxury Goods",KSC,XKRX,KOSPI Stock Market,South Korea,,Seoul,,http://www.hyungji-elite.com,Nano Cap,KR7093240000,,BBG000P1Z5Y2,BBG000P1Z590,BBG001T5FTS4,False
093370.KS,"Foosung Co., Ltd.","Foosung Co., Ltd. manufactures and sells chemicals in South Korea. It offers refrigerants, such as organic fluorine compounds and polyurethane resins; lithium secondary cells; and inorganic fluorine compounds and other products. The company also provides specialty gases, including semiconductor gases, which are used by semiconductor manufacturing industries; mixture gases for use in welding, laser, medical, marine, and radiometric applications; calibration standard gases used for the calibration of analyzers, as well as for quality control and process control activities; ultra-high purity gases for experimentation and research activities in the semiconductor, petrochemical, and metalworking industries; and other specialty gases. In addition, it is involved in the clean development mechanism operations. The company was founded in 1983 and is headquartered in Hwaseong, South Korea.",KRW,Materials,Materials,Chemicals,KSC,XKRX,KOSPI Stock Market,South Korea,,Hwaseong-si,,http://www.foosungchem.com,Small Cap,KR7093370005,,BBG000FB3DD2,BBG000FB3CX2,BBG001SNHN98,False
094280.KS,Hyosung ITX Co. Ltd.,"Hyosung ITX Co. Ltd. provides business solutions in South Korea. The company offers IT services, such as content delivery services, including media delivery, file download, cache, and global services; data center services comprising co-location, managed hosting, and security control services; media player, media security, combined transcoding, and contents synchronization services; and cloud hosting and storage, and private cloud services for customers in various fields comprising education, finance, shopping, games, music, movies, and public institutions. It is also involved in the display solution business that offer visual equipment, such as projectors to schools, businesses, and others. In addition, the company offers contact center solutions that provide consulting channels, including phone, fax, email, SNS, etc. for public institution, finance, telecommunication, retail, and manufacturing sectors. Hyosung ITX Co. Ltd. was founded in 1997 and is headquartered in Seoul, South Korea.",KRW,Information Technology,Software & Services,IT Services,KSC,XKRX,KOSPI Stock Market,South Korea,,Seoul,,http://www.hyosungitx.com,Micro Cap,KR7094280005,,BBG000BGWKK9,BBG000BGWK38,BBG001SBHSP5,False
094800.KS,Mirae Asset Asia Pacific Real Estate 1 Investment Company,"Mirae Asset MAPS Asia Pacific Real Estate 1 Investment Co. functions as an investment entity primarily engaged in real estate ventures. It channels capital into projects spanning the entire commercial property lifecycle, from procurement and oversight to rental and divestment. This firm was established on January 9, 2007, and its principal office is located in Seoul, South Korea.",KRW,Real Estate,Real Estate,Equity Real Estate Investment Trusts (REITs),KSC,XKRX,KOSPI Stock Market,South Korea,,Seoul,04539,https://www.miraeasset.com,Small Cap,KR7094800000,,BBG000BKSR20,BBG000BKSR20,BBG00GC0GNP5,False
095570.KS,"AJ Networks Co.,Ltd.","AJ Networks Co.,Ltd. is a company listed on the KOSPI Stock Market under the ticker 095570. The company is headquartered in Seoul, South Korea.",KRW,,,,KSC,XKRX,KOSPI Stock Market,South Korea,,Seoul,05836,https://ajnetworks.co.kr/ENG,Micro Cap,KR7095570008,,BBG002PC0NJ0,BBG002PC0NJ0,BBG002PC0NK8,False
095720.KS,"Woongjin Thinkbig Co., Ltd.","Woongjin Thinkbig Co., Ltd. operates as a book publisher for various age groups in South Korea. It develops and offers educational and cultural content for toddlers to adults, including member-only workbooks, complete works series for children, study rooms, learning centers, online and offline book publishing services, etc. The company publishes books in various genres, including literature, humanities, social science, history, economy and business administration, self-development, children education, lifestyle, etc. It also provides children reading, customized reading design, and visiting learning services. Woongjin Thinkbig Co., Ltd. was founded in 1980 and is based in Paju, South Korea.",KRW,Communication Services,Media & Entertainment,Media,KSC,XKRX,KOSPI Stock Market,South Korea,,Paju-Si,10881,http://www.wjthinkbig.com,Nano Cap,KR7095720009,,BBG000R1DRY6,BBG000R1DRT2,BBG001SSYXP8,False
096760.KS,JW Holdings Corporation,"JW Holdings Corporation is a company listed on the KOSPI Stock Market under the ticker 096760. It operates in the Pharmaceuticals industry within the Health Care sector. The company is headquartered in Gwacheon-si, South Korea.",KRW,Health Care,"Pharmaceuticals, Biotechnology & Life Sciences",Pharmaceuticals,KSC,XKRX,KOSPI Stock Market,South Korea,,Gwacheon-si,13840,https://www.jw-holdings.co.kr,Micro Cap,KR7096760004,,BBG000RMVWL3,BBG000RMVWL3,BBG001STXXB2,False
096770.KS,"SK Innovation Co., Ltd.","SK Innovation Co., Ltd. is a company listed on the KOSPI Stock Market under the ticker 096770. It operates in the Oil, Gas & Consumable Fuels industry within the Energy sector. The company is headquartered in Seoul, South Korea.",KRW,Energy,Energy,"Oil, Gas & Consumable Fuels",KSC,XKRX,KOSPI Stock Market,South Korea,,Seoul,,https://www.skinnovation.com,Large Cap,KR7096770003,,BBG000R4Y4D1,BBG000R4Y4D1,BBG001ST46B3,False
096775.KS,"SK Innovation Co., Ltd.","SK Innovation Co., Ltd. is a company listed on the KOSPI Stock Market under the ticker 096775. It operates in the Oil, Gas & Consumable Fuels industry within the Energy sector. The company is headquartered in Seoul, South Korea.",KRW,Energy,Energy,"Oil, Gas & Consumable Fuels",KSC,XKRX,KOSPI Stock Market,South Korea,,Seoul,,https://www.skinnovation.com,Large Cap,KR7096771001,,BBG000RRC0Z8,BBG000RRC0Z8,BBG001SV49T3,False
097230.KS,"HJ Shipbuilding & Construction Co., Ltd.","HJ Shipbuilding & Construction Co., Ltd. is a company listed on the KOSPI Stock Market under the ticker 097230 and traded in KRW. It is classified in the Industrials sector (Aerospace & Defense). Its country is South Korea.",KRW,Industrials,Capital Goods,Aerospace & Defense,KSC,XKRX,KOSPI Stock Market,South Korea,,Busan,49004,https://www.hjsc.co.kr,Small Cap,KR7097230007,,BBG000RTQ5M2,BBG000RTQ5M2,BBG001SV8WR0,False
097520.KS,"MCNEX Co., Ltd","MCNEX Co., Ltd manufactures and sells camera modules in South Korea and internationally. It offers mobile and automotive camera modules. The company was founded in 2004 and is based in Seoul, South Korea.",KRW,Information Technology,Technology Hardware & Equipment,"Electronic Equipment, Instruments & Components",KSC,XKRX,KOSPI Stock Market,South Korea,,Incheon,,https://www.mcnex.com,Micro Cap,KR7097520001,,BBG002PC1TC3,BBG002PC1TC3,BBG002PC1TD2,False
097950.KS,CJ Cheiljedang Corporation,"CJ Cheiljedang Corporation engages food and bio businesses. It offers processed meat and frozen food, fresh food, seasoning, sweeteners, flour, edible oil, and starch, as well as seaweed, dessert, snack, and health-functional food; and amino acids and feed. CJ Cheiljedang Corporation was founded in 1953 and is based in Seoul, South Korea.",KRW,Consumer Staples,"Food, Beverage & Tobacco",Food Products,KSC,XKRX,KOSPI Stock Market,South Korea,,Seoul,,http://www.cj.co.kr,Small Cap,KR7097950000,,BBG000RSMF00,BBG000RSMDH7,BBG001SV6WB9,False
097955.KS,CJ Cheiljedang Corporation,"CJ Cheiljedang Corporation engages food and bio businesses. It offers processed meat and frozen food, fresh food, seasoning, sweeteners, flour, edible oil, and starch, as well as seaweed, dessert, snack, and health-functional food; and amino acids and feed. CJ Cheiljedang Corporation was founded in 1953 and is based in Seoul, South Korea.",KRW,Consumer Staples,"Food, Beverage & Tobacco",Food Products,KSC,XKRX,KOSPI Stock Market,South Korea,,Seoul,,http://www.cj.co.kr,Small Cap,KR7097951008,,BBG000RSML70,BBG000RSML70,BBG001SV6WP4,False
100090.KS,"SK oceanplant Co.,Ltd","SK oceanplant Co.,Ltd is a company listed on the KOSPI Stock Market under the ticker 100090. It operates in the Aerospace & Defense industry within the Industrials sector. The company is headquartered in Goseong, South Korea.",KRW,Industrials,Capital Goods,Aerospace & Defense,KSC,XKRX,KOSPI Stock Market,South Korea,,Goseong,52918,https://www.skoceanplant.com,Small Cap,KR7100090000,,BBG000GGFGL1,BBG000GGFGL1,BBG001T2XN22,False
100220.KS,Visang Education Inc,"Visang Education Inc publishes elementary, middle, and high school textbooks in South Korea. The company offers Wings, an interactive English program; Challenge, an English learning program with AR/MR technology; englisheye, an English academy; JUMPSKY, an edutainment facility for healthy mind; WISECAMP, an integrated subject program; soobakc.com for Internet lectures of various subjects; TESOM, a test and evaluation solutions for Math; VISANG Ivytz educational institutes for English and Mathematics; and VISANG Practice Test, an entrance examination consulting service, as well as EBS Nurisam. It also provides Viva Sam, a service that supports teachers at the elementary, and middle and high schools; VISANG TSCHOOl, a remote education training institute for teachers; Mom & Talk, a community of parents; Soohak Plus Learning, an education institute solutions for customized classes; MasterTOPIK, an Internet lectures for TOPIK; and MasterKOREAN, a customized-type Internet lectures for learning Korean language, as well as digital textbooks, and supplementary books. The company was formerly known as Visang, Inc. and changed its name to Visang Education Inc in 2009. Visang Education Inc was founded in 1997 and is based in Seoul, South Korea.",KRW,Communication Services,Media & Entertainment,Media,KSC,XKRX,KOSPI Stock Market,South Korea,,Seoul,,http://www.visang.com,Nano Cap,KR7100220003,,BBG000C49CQ3,BBG000C498Z2,BBG001SV9N62,False
100250.KS,Chinyang Holdings Corp.,"Chinyang Holdings Corp., through its subsidiaries, engages in the manufacture and sale of polyurethane plastic foam products. The company also offers PVC flooring and synthetic leather products, as well as automobile interior parts. In addition, it provides real-estate marketing, leasing, and trade transaction services. Chinyang Holdings Corp. was founded in 2008 and is based in Busan, South Korea.",KRW,Materials,Materials,Chemicals,KSC,XKRX,KOSPI Stock Market,South Korea,,Busan,,http://www.cyholdings.kr,Micro Cap,KR7100250000,,BBG000THNXZ4,BBG000THNXS2,BBG001T065J7,False
100840.KS,"SNT Energy Co., Ltd.","SNT Energy Co., Ltd. is a company listed on the KOSPI Stock Market under the ticker 100840. It operates in the Machinery industry within the Industrials sector. The company is headquartered in Changwon-Si, South Korea.",KRW,Industrials,Capital Goods,Machinery,KSC,XKRX,KOSPI Stock Market,South Korea,,Changwon-Si,51573,https://www.hisnt.com,Small Cap,KR7100840008,,BBG000TX0RX9,BBG000TX0RX9,BBG001T0P169,False
101140.KS,"INBIOGEN CO.,Ltd","INBIOGEN CO.Ltd manufactures and sells footwear for children, youth, and adults in South Korea and internationally. The company markets its products under the ARTIS, SPECS, WANGJA, NEOSPEC, and CHAMPION brands. The company was formerly known as BTONE CO.,Ltd. INBIOGEN CO.Ltd was founded in 1949 and is based in Pyeongtaek, South Korea.",KRW,Consumer Discretionary,Consumer Durables & Apparel,"Textiles, Apparel & Luxury Goods",KSC,XKRX,KOSPI Stock Market,South Korea,,Pyeongtaek-Si,17908,http://www.inbiogen.co.kr,Nano Cap,KR7101140002,,BBG000V0TPL4,BBG000V0TP25,BBG001T0WDT0,False
101530.KS,"Haitai Confectionery&Foods Co.,ltd.","Haitai Confectionery&Foods Co.,ltd. produces and sells snack food products in Northeast Asia. Its products include dry confectioneries, ice creams, frozen food, chocolate, biscuits, candies, gums, and breads. The company was founded in 1945 and is headquartered in Seoul, South Korea. Haitai Confectionery&Foods Co.,ltd. is a subsidiary of CROWNHAITAI Holdings CO.,LTD.",KRW,Consumer Staples,"Food, Beverage & Tobacco",Food Products,KSC,XKRX,KOSPI Stock Market,South Korea,,Seoul,03737,https://www.ht.co.kr,Micro Cap,KR7101530004,,BBG00CLHTNX4,BBG000PSMGH2,BBG001SRCGX2,False
102260.KS,"Dongsung Chemical Co., Ltd.","Dongsung Chemical Co., Ltd. is a company listed on the KOSPI Stock Market under the ticker 102260. It operates in the Chemicals industry within the Materials sector. The company is headquartered in Seoul, South Korea.",KRW,Materials,Materials,Chemicals,KSC,XKRX,KOSPI Stock Market,South Korea,,Seoul,,https://www.dongsungchemical.co.kr,Micro Cap,KR7102260007,,BBG000BJK217,BBG000BJK217,BBG001SCBK67,False
102280.KS,"SBW, Inc.","SBW, Inc. manufactures, distributes, and sells underwear in South Korea. The company offers innerwear under the TRY, CHAVILLE, HEAT UP, COOLUTION, S.MILE, CRIKET, JAMES CASTLER, M:MUR, UBER MAN, and CHIVANT brands. It also ofeers its products online. The company was formerly known as SSANGBANGWOOL&TRYGROUP.Inc and changed its name to SBW, Inc. in 2011. SBW, Inc. was founded in 1954 and is headquartered in Seoul, South Korea.",KRW,Consumer Discretionary,Consumer Durables & Apparel,"Textiles, Apparel & Luxury Goods",KSC,XKRX,KOSPI Stock Market,South Korea,,Seoul,,http://www.sbw.co.kr,Micro Cap,KR7102280005,,BBG000TRG331,BBG000TRG2Q8,BBG001T0FDZ2,True
102460.KS,"REYON Pharmaceutical Co., Ltd.","REYON Pharmaceutical Co., Ltd. manufactures and sells finished medicines and APIs in South Korea and internationally. The company offers its products under the areas of adrenal corticosteroides; angiotensin II receptor antagonists; anticholinergics; antiemetic; antihypertensives; anti-inflammatory enzymes; antilipidemic, antirheumatic, and oral hypoglycemic agents; anti-peptic ulcer; antispasmodics; benign prostatic hypertrophy; cough and cold remedies; cardiac stimulant; genitourinary smooth muscle relaxants; hemostatics; immunosuppressants; rheumatoid arthritis; local anesthetics; migraine drugs; miscellaneous cardiovascular system drugs; neuromuscular disorder related drugs; nootropics and neurotonics; NSAIDs; respiratory stimulants; skeletal muscle relaxants; and vasodilators. REYON Pharmaceutical Co., Ltd. was founded in 1955 and is headquartered in Seoul, South Korea.",KRW,Health Care,"Pharmaceuticals, Biotechnology & Life Sciences",Pharmaceuticals,KSC,XKRX,KOSPI Stock Market,South Korea,,Seoul,,http://reyonpharm.co.kr,Micro Cap,KR7102460003,,BBG000QWQBQ9,BBG000QWQBM3,BBG001T8PBC3,False
103140.KS,Poongsan Corporation,"Poongsan Corporation develops, manufactures, markets, exports, and sells fabricated nonferrous metal, defense, and precision forging products in South Korea and internationally. It offers copper and copper alloy sheets, strips, and rods, as well as thin plates, bimetals, and coin blanks; leadframe materials; titanium tubes; stainless steel strips; and copper-based roofing materials. The company's copper and copper alloy sheets and strips are used for interior and exterior applications in commercial and residential real estate, construction, machinery, automobiles, electrical and electronics, semiconductors, telecommunication, and electronic parts industries. It also provides military ammunitions, including small arms, anti-aircraft guns, mortars, howitzers, tank guns, recoilless guns, naval guns, and mid-to large-size weaponries; commercial ammunitions, such as precision made cartridges for recreational hunting and competitive shooting; and semi-finished products and components used in the production of ammunitions, such as primers, fuses, bullet jacket cups, case cups, discs, cones, rotating bands, links, tungsten penetrators, and shell bodies, as well as fuses for use in naval ammunitions, mortar shells, and multiple launch rocket systems. In addition, the company produces chemicals, such as nitrocellulose and nitroglycerine for use in propellants; and precision products, including connector parts for electric and electronic industries, multi-guage copper strips, precision dies, gauges and tools, and metal machinery and facilities. Further, it builds metal processing machineries and other customized equipment for the steel, automobile, and defense industries; and specializes in rolling related products, such as annealing, pickling, degreasing, buffing, tin plating, and slitting machineries, as well as scalping lines and rolling oil coolant systems. Poongsan Corporation was founded in 1968 and is headquartered in Seoul, South Korea.",KRW,Industrials,Capital Goods,Machinery,KSC,XKRX,KOSPI Stock Market,South Korea,,Seoul,120-837,http://www.poongsan.co.kr,Small Cap,KR7103140000,,BBG000TFBN83,BBG000TFBMS3,BBG001T00XR3,False
103590.KS,"Iljin Electric Co.,Ltd","Iljin Electric Co.,Ltd operates as a heavy electric machinery company worldwide. The company offers heavy electric systems, including high voltage substation facilities, power distribution equipment, fittings, and smart electricity devices; and power cables and systems, such as high voltage cable and accessories, insulated wire, medium and low voltage cable, and overhead transmission line. It also provides mechanical and electrical copper rods, and aluminum rods; and renewable energy solutions, including photovoltaic power plant EPC. The company was founded in 1968 and is headquartered in Seoul, South Korea. Iljin Electric Co.,Ltd is a subsidiary of ILJIN Holdings Co., Ltd.",KRW,Industrials,Capital Goods,Electrical Equipment,KSC,XKRX,KOSPI Stock Market,South Korea,,Seoul,121-716,http://www.iljinelectric.com,Mid Cap,KR7103590006,,BBG000CCW110,BBG000CCW0N8,BBG001SLTSX1,False
104700.KS,KISCO Corp.,"KISCO Corp. develops and produces steel products in South Korea. The company offers reinforcing bars, forged steel products, billets, and ingots, as well as industrial gases, including oxygen, liquid nitrogen, and argon. KISCO Corp. was founded in 1957 and is headquartered in Changwon, South Korea.",KRW,Materials,Materials,Metals & Mining,KSC,XKRX,KOSPI Stock Market,South Korea,,Changwon,,http://www.kisco.co.kr,Micro Cap,KR7104700000,,BBG000DHSN51,BBG000DHSMN3,BBG001T14883,False
105560.KS,KB Financial Group Inc.,"KB Financial Group Inc. is a company listed on the KOSPI Stock Market under the ticker 105560. It operates in the Banks industry within the Financials sector. The company is headquartered in Seoul, South Korea.",KRW,Financials,Banks,Banks,KSC,XKRX,KOSPI Stock Market,South Korea,,Seoul,07331,https://www.kbfg.com,Large Cap,KR7105560007,,BBG000BPHXR1,BBG000BPHXR1,BBG001SQTD63,False
105630.KS,"Hansae Co., Ltd.","Hansae Co., Ltd. manufactures and sells finished clothing products in Vietnam, Indonesia, Nicaragua, Guatemala, Myanmar, and Haiti. It also exports its products to the United States and other countries. The company was founded in 1982 and is headquartered in Seoul, South Korea.",KRW,Consumer Discretionary,Consumer Durables & Apparel,"Textiles, Apparel & Luxury Goods",KSC,XKRX,KOSPI Stock Market,South Korea,,Seoul,,http://www.hansae.com,Micro Cap,KR7105630008,,BBG000DSQN77,BBG000DSQMV2,BBG001T1Z1X6,False
105840.KS,Woojin Inc.,"Woojin Inc. manufactures and sells sensing and measurement related instruments in South Korea. It offers various instruments ranging from the ICI that measures the amount of neutrons, digital indicators, T/C, fast RTDs, and electromagnetic flow meters and recorders for nuclear power plants. The company also provides automation equipment, such as the slag layer measurement device or the FIMT temperature measuring device; condition monitoring systems to predict and prevent unexpected equipment accidents that could occur in industrial areas; and temperature sensors to temperature related fields, including nuclear power, semiconductor, petrochemical, airline, ship construction, geo technology, and genetic engineering. In addition, it develops various materials comprising vibration damping alloys and high silicon cast iron for applications in civil engineering, steel production, and airline and road construction industries. Further, the company offers Vortex, positive displacement, and electromagnetic flow meters to hydroelectric, gas, petrochemical, and other industries. Woojin Inc. is based in Hwaseong, South Korea.",KRW,Information Technology,Technology Hardware & Equipment,"Electronic Equipment, Instruments & Components",KSC,XKRX,KOSPI Stock Market,South Korea,,Hwaseong-si,,http://www.woojininc.com,Micro Cap,KR7105840003,,BBG000R1QYR5,BBG000R1QY77,BBG001T901M9,False
107590.KS,"Miwon Holdings Co., Ltd.","Miwon Holdings Co., Ltd. produces and sells chemical products for UV/EB curing systems in Korea and internationally. The company offers acrylate and methacrylate monomers, oligomers, photo initiators, and other related fine chemicals. Its products are used in wood, metal, plastic, nail art, printing inks, adhesive, electronic, optical film, and CD/DVD/bluray applications. The company was founded in 1983 and is headquartered in Yongin, South Korea.",KRW,Materials,Materials,Chemicals,KSC,XKRX,KOSPI Stock Market,South Korea,,Yongin-Si,16864,http://www.miramer.com,Micro Cap,KR7107590002,,BBG000BNQMD5,BBG000BNQM27,BBG001SQDRF9,False
108320.KS,"LX Semicon Co., Ltd.","LX Semicon Co., Ltd. is a company listed on the KOSPI Stock Market under the ticker 108320. It operates in the Semiconductors & Semiconductor Equipment industry within the Information Technology sector. The company is headquartered in Daejeon, South Korea.",KRW,Information Technology,Semiconductors & Semiconductor Equipment,Semiconductors & Semiconductor Equipment,KSC,XKRX,KOSPI Stock Market,South Korea,,Daejeon,34027,https://www.lxsemicon.com,Small Cap,KR7108320003,,BBG000QV0403,BBG000QV0403,BBG001T8M432,False
108670.KS,"LG Hausys, Ltd.","LG Hausys, Ltd. manufactures and sells building and decorative materials, high-performance materials, and automotive materials and parts in the United States, Europe, India, China, and internationally. The company offers building and decorative materials, including windows, glass and flooring products, wallpapers, building insulators, wood polymer composites, interior stone and films, PF boards, and solid surfaces and engineered stones. It also provides industrial films, such as home appliance films, and signs and graphics; automotive materials and components comprising automotive skins, lightweight components, general parts, automotive fabrics, and automotive parts; and vinyl coated materials. LG Hausys, Ltd. is headquartered in Seoul, South Korea.",KRW,Industrials,Capital Goods,Building Products,KSC,XKRX,KOSPI Stock Market,South Korea,,Seoul,,http://www.lghausys.co.kr,Micro Cap,KR7108670001,,BBG000BFMWB6,BBG000BFMWB6,BBG001SGH2H0,False
108675.KS,"LG Hausys, Ltd.","LG Hausys, Ltd. manufactures and sells building and decorative materials, high-performance materials, and automotive materials and parts in the United States, Europe, India, China, and internationally. The company offers building and decorative materials, including windows, glass and flooring products, wallpapers, building insulators, wood polymer composites, interior stone and films, PF boards, and solid surfaces and engineered stones. It also provides industrial films, such as home appliance films, and signs and graphics; automotive materials and components comprising automotive skins, lightweight components, general parts, automotive fabrics, and automotive parts; and vinyl coated materials. LG Hausys, Ltd. is headquartered in Seoul, South Korea.",KRW,Industrials,Capital Goods,Building Products,KSC,XKRX,KOSPI Stock Market,South Korea,,Seoul,,http://www.lghausys.co.kr,Micro Cap,KR7108671009,,BBG000BFSWH4,BBG000BFSWH4,BBG001SGWP19,False
111110.KS,Hojeon Limited,"Hojeon Limited, a clothing company, produces and sells garments in South Korea, Indonesia, and Vietnam. It offers woven sportswear, special functional outdoor clothing, and sports team's uniforms. The company was founded in 1985 and is headquartered in Seoul, South Korea.",KRW,Consumer Discretionary,Consumer Durables & Apparel,"Textiles, Apparel & Luxury Goods",KSC,XKRX,KOSPI Stock Market,South Korea,,Seoul,,http://www.hojeon.co.kr,Nano Cap,KR7111110003,,BBG00FMGGZR2,BBG001V4PTW8,BBG002MX65Q2,False
111770.KS,Youngone Corporation,"Youngone Corporation engages in the manufacture and sale of clothing, shoes, and supplies market worldwide. The company offers technical outdoor clothing and sportswear, knitwear, sweaters, and casual wear; sports, casual, sneakers, winter boots, military boots, and safety boots; and hiking, travel, casual, and business bags, as well as camping supplies. In addition, it produces nylon and polyester products. Youngone Corporation was founded in 1974 and is based in Seoul, South Korea. Youngone Corporation is a subsidiary of Youngone Holdings Co., Ltd.",KRW,Consumer Discretionary,Consumer Durables & Apparel,"Textiles, Apparel & Luxury Goods",KSC,XKRX,KOSPI Stock Market,South Korea,,Seoul,04500,https://www.youngone.co.kr,Mid Cap,KR7111770004,,BBG000CL0008,BBG000CKZZF9,BBG001T03KM3,False
112610.KS,CS Wind Corporation,"CS Wind Corporation is a company listed on the KOSPI Stock Market under the ticker 112610. It operates in the Machinery industry within the Industrials sector. The company is headquartered in Seoul, South Korea.",KRW,Industrials,Capital Goods,Machinery,KSC,XKRX,KOSPI Stock Market,South Korea,,Seoul,06050,https://www.cswind.com,Small Cap,KR7112610001,,BBG000VDL8D1,BBG000VDL8D1,BBG001T264K4,False
114090.KS,"Grand Korea Leisure Co., Ltd.","Grand Korea Leisure Co., Ltd. is a company listed on the KOSPI Stock Market under the ticker 114090. It operates in the Hotels, Restaurants & Leisure industry within the Consumer Discretionary sector. The company is headquartered in Seoul, South Korea.",KRW,Consumer Discretionary,Consumer Services,"Hotels, Restaurants & Leisure",KSC,XKRX,KOSPI Stock Market,South Korea,,Seoul,06086,https://www.grandkorea.com,Small Cap,KR7114090004,,BBG000PPGK13,BBG000PPGK13,BBG001T5TJY4,False
117580.KS,"Daesung Energy Co., Ltd.","Daesung Energy Co., Ltd. supplies natural gas primarily in Daegu metropolitan area, South Korea. It develops and offers SolaWin system, a hybrid wind and solar system; solid refuse fuel systems; and community energy systems for the generation of renewable energy and power generation. The company also operates 12 compressed natural gas stations. Daesung Energy Co., Ltd. supplies natural gas to residential, commercial, and industrial customers. The company was founded in 1983 and is based in Daegu, South Korea. Daesung Energy Co., Ltd. is a subsidiary of Daesung Holdings Co., Ltd.",KRW,Utilities,Utilities,Gas Utilities,KSC,XKRX,KOSPI Stock Market,South Korea,,Daegu,,http://www.daesungenergy.com,Micro Cap,KR7117580001,,BBG00191HWZ8,BBG00191HWY9,BBG001TFZDJ5,False
118000.KS,"Metacare Co., Ltd.","Metacare Co., Ltd. engages in the medical, life and health, pharmaceutical, and storage businesses. It sells medical equipment and appliances, health equipment, medicines, and computer servers. Metacare Co., Ltd. was formerly known as Wooridul Life Sciences Limited and changed its name to Metacare Co., Ltd. in April 2014. Metacare Co., Ltd. was founded in 2009 and is based in Seoul, South Korea.",KRW,Health Care,"Pharmaceuticals, Biotechnology & Life Sciences",Pharmaceuticals,KSC,XKRX,KOSPI Stock Market,South Korea,,Hwaseong-si,,http://www.wooridulls.co.kr,Nano Cap,KR7118000009,,BBG000PCX3X6,BBG000PCX3X6,BBG001T5LX26,False
119650.KS,"KC Cottrell Co., Ltd.","KC Cottrell Co., Ltd. engages in the research and development, engineering, construction, operation, supply, and post-management of environmental equipment and technology. It provides flue gas cleaning systems, dust collecting and desulfurization equipment, air quality control systems, dry electrostatic precipitators, wet electrostatic precipitators, bag filters, ash handling systems, tunnel ESPs, hybrid module type precipitators, wet flue gas desulfurization systems, gas suspension absorber systems, and dry sorbent injection systems. The company also offers selective catalytic reduction systems, VOC and odour control systems, exhaust gas cleaning systems, solar power systems, biomass and waste to energy systems, dampers, AQCS and industrial equipment, ESP casing systems, B/F casing systems, steel structure systems, round ducts, square ducts, hoppers, stacks, GGHs, tanks, gas scrubbers, wet ESP casing systems, gas cooler systems, VBF systems, and vessel scrubbers. In addition, it provides retrofit and maintenance services. KC Cottrell Co., Ltd. was founded in 1973 and is headquartered in Seoul, South Korea.",KRW,Industrials,Capital Goods,Construction & Engineering,KSC,XKRX,KOSPI Stock Market,South Korea,,Seoul,,http://www.kc-cottrell.com,Micro Cap,KR7119650000,,BBG000PLDZ85,BBG000PLDYN1,BBG001T5P2J2,True
120030.KS,"CHOSUN WELDING POHANG Co., Ltd","CHOSUN WELDING POHANG Co., Ltd produces and sells welding materials in Korea. It offers covered arc welding electrodes, stick electrodes, submerged arc materials, and solid wires, as well as Mag wires for use in carbon dioxide gas arc welding applications. The company was founded in 1949 and is headquartered in Pohang, South Korea. CHOSUN WELDING POHANG Co., Ltd is a subsidiary of CS Holdings Co., Ltd.",KRW,Industrials,Capital Goods,Machinery,KSC,XKRX,KOSPI Stock Market,South Korea,,Pohang,,http://www.chosunwelding.com/en/company/affiliate/Introduce.asp,Micro Cap,KR7120030002,,BBG000PPGVS0,BBG000PPGVS0,BBG001T5TKH0,False
120110.KS,"Kolon Industries, Inc.","Kolon Industries, Inc. engages in industrial materials, chemicals, films/electronic materials, and fashion businesses. The company produces and sells industrial materials, such as polyester and hybrid tire cords; airbags; technical yarn; artificial leather; polyester spunbond nonwoven fabrics under the FINON brand; aromatic amide under the Heracron brand; and Cleanfil–S, a water treatment membrane, as well as Ecomate-H, a hydrogen fuel cell membrane humidifier. It also offers polyester, nylon, coated, and prism films; dry film resist; and materials for panels, such as overcoat, encapsulation, and low temperature materials. In addition, the company provides hydrocarbon resins; phenolic resins under the HiRENOL brand; epoxy resins under the HiROXY brand; polyurethane resins; and PET resins under the INOPET brand. Further, it manufactures outdoor, sports, and golf clothing products under the KOLON SPORT, HEAD, ELORD, Jack Nicklaus, WAAC, ELORD CLUB, and HONMA brands; men's casuals under the Series, Customellow, CAMBRIDGE MEMBERS, GGIO II, epigram, Henry Cottons, brentwood, and S'LOW brands; and women's casual wear under the LUCKY CHOUETTE. Additionally, the company offers fashion shoes under the SUECOMMA BONNIE; handbags, shoes, and other accessories under the COURONNE brand; and other fashion products under the BLNKBLANC and Archivépke brands; premium fashion products under the Marc Jacobs, NEIL BARRETT, LOEWE, and IRO brands; upcycling and redesigning fashion clothes under the RE;CODE brand; and cosmetics under the M.CURIE brand. Furthermore, it operates Common Ground, a container complex shopping mall; Kolon Mall, a fashion and lifestyle online mall; Jane's, a women's fashion and lifestyle online shop; BySeries, an urban vintage multi-brand shop that offers various fashion products; online and offline integrated logistics center; and global sourcing platform. Kolon Industries, Inc. was founded in 1957 and is headquartered in Seoul, South Korea.",KRW,Materials,Materials,Chemicals,KSC,XKRX,KOSPI Stock Market,South Korea,,Seoul,,http://www.kolonindustries.com,Small Cap,KR7120110002,,BBG000PNZCB4,BBG000PNZB80,BBG001T5T2K6,False
120115.KS,"Kolon Industries, Inc.","Kolon Industries, Inc. engages in industrial materials, chemicals, films/electronic materials, and fashion businesses. The company produces and sells industrial materials, such as polyester and hybrid tire cords; airbags; technical yarn; artificial leather; polyester spunbond nonwoven fabrics under the FINON brand; aromatic amide under the Heracron brand; and Cleanfil–S, a water treatment membrane, as well as Ecomate-H, a hydrogen fuel cell membrane humidifier. It also offers polyester, nylon, coated, and prism films; dry film resist; and materials for panels, such as overcoat, encapsulation, and low temperature materials. In addition, the company provides hydrocarbon resins; phenolic resins under the HiRENOL brand; epoxy resins under the HiROXY brand; polyurethane resins; and PET resins under the INOPET brand. Further, it manufactures outdoor, sports, and golf clothing products under the KOLON SPORT, HEAD, ELORD, Jack Nicklaus, WAAC, ELORD CLUB, and HONMA brands; men's casuals under the Series, Customellow, CAMBRIDGE MEMBERS, GGIO II, epigram, Henry Cottons, brentwood, and S'LOW brands; and women's casual wear under the LUCKY CHOUETTE. Additionally, the company offers fashion shoes under the SUECOMMA BONNIE; handbags, shoes, and other accessories under the COURONNE brand; and other fashion products under the BLNKBLANC and Archivépke brands; premium fashion products under the Marc Jacobs, NEIL BARRETT, LOEWE, and IRO brands; upcycling and redesigning fashion clothes under the RE;CODE brand; and cosmetics under the M.CURIE brand. Furthermore, it operates Common Ground, a container complex shopping mall; Kolon Mall, a fashion and lifestyle online mall; Jane's, a women's fashion and lifestyle online shop; BySeries, an urban vintage multi-brand shop that offers various fashion products; online and offline integrated logistics center; and global sourcing platform. Kolon Industries, Inc. was founded in 1957 and is headquartered in Seoul, South Korea.",KRW,Materials,Materials,Chemicals,KSC,XKRX,KOSPI Stock Market,South Korea,,Seoul,,http://www.kolonindustries.com,Small Cap,KR7120111000,,BBG000PNXS67,BBG000PNXS67,BBG001T5SZY9,False
122900.KS,iMarketKorea Inc.,"iMarketKorea Inc. operates as an industrial material distribution service company in South Korea and internationally. It offers purchasing agency/purchasing consulting/B2B auction services; export/local sourcing/global sourcing network services; industrial materials/construction materials/IT distribution services; and medicine distribution/medical material distribution/online distribution services, as well as operates an online shopping mall. The company was founded in 2000 and is headquartered in Seoul, South Korea.",KRW,Industrials,Commercial & Professional Services,Professional Services,KSC,XKRX,KOSPI Stock Market,South Korea,,Seoul,,http://www.imarketkorea.com,Micro Cap,KR7122900004,,BBG000QZ72T0,BBG000QZ71K1,BBG001T8SYY6,False
123690.KS,"Hankook Cosmetics Co., Ltd.","Hankook Cosmetics Co., Ltd. produces and sells cosmetics in South Korea and internationally. It offers its products under the Sansim, Hyoum, Ossion, Jutanhak, Secret Nature, Calli, GENERTE, A3F[on], Temptation, CONTINUE, Chess The Classic, CLASSYGIRL, Beautri, BEAUTENIQUE, Dr Medix, and Parapam brands. The company was founded in 1961 and is based in Seoul, South Korea.",KRW,Consumer Staples,Household & Personal Products,Household Products,KSC,XKRX,KOSPI Stock Market,South Korea,,Seoul,03188,http://www.ihkcos.com,Micro Cap,KR7123690000,,BBG000QBW8J3,BBG000QBW8F7,BBG001T6SVX7,False
123700.KS,"SJM Co., Ltd.","SJM Co., Ltd. is a company listed on the KOSPI Stock Market under the ticker 123700. It operates in the Auto Components industry within the Consumer Discretionary sector. The company is headquartered in Ansan-Si, South Korea.",KRW,Consumer Discretionary,Automobiles & Components,Auto Components,KSC,XKRX,KOSPI Stock Market,South Korea,,Ansan-Si,15599,https://www.sjmflex.co.kr,Nano Cap,KR7123700007,,BBG000QC31Q0,BBG000QC31Q0,BBG001T6T7V1,False
123890.KS,"Korea Asset In Trust Co., Ltd.","Korea Asset In Trust Co., Ltd. is a company listed on the KOSPI Stock Market under the ticker 123890. It operates in the Equity Real Estate Investment Trusts (REITs) industry within the Real Estate sector. The company is headquartered in Seoul, South Korea.",KRW,Real Estate,Real Estate,Equity Real Estate Investment Trusts (REITs),KSC,XKRX,KOSPI Stock Market,South Korea,,Seoul,06210,https://www.kait.com,Micro Cap,KR7123890006,,BBG000Q2LB71,BBG000Q2LB71,BBG001T6C678,False
126560.KS,"Hyundai Futurenet Co., Ltd","Hyundai Futurenet Co., Ltd provides digital cable TV services in South Korea. It offers multi-channel, high-definition, and bi-directional broadcasting services, as well as ultra-speed Internet connection and Internet telephone services; and B2B rental and digital signage services for local communities. The company also distributes content for terrestrial, CATV, satellite, IPTV, and HD broadcasting; and provides cable advertising services. The company was formerly known as Hyundai HCN Co., Ltd. Hyundai Futurenet Co., Ltd was founded in 1995 and is headquartered in Seoul, South Korea.",KRW,Communication Services,Media & Entertainment,Entertainment,KSC,XKRX,KOSPI Stock Market,South Korea,,Seoul,,http://www.hyundaifuturenet.co.kr,Micro Cap,KR7126560002,,BBG001BCP0W5,BBG000C133Q5,BBG001SKLD00,False
128820.KS,"Daesung Industrial Co., Ltd.","Daesung Industrial Co., Ltd. engages in the retail sale and distribution of energy in South Korea. The company is involved in operating 40 petroleum stations and 15 LP gas filling stations; supplying various vehicle and industrial fuels, energy to heat houses, etc.; and heat absorption generating and oil field development activities. It also offers hydraulic and pneumatic pressure tools and appliances, geared motors, industrial robots, and industrial bearings; and computer systems, and network construction and consulting. In addition, the company constructs apartment houses; and distributes food products, such as olive oil, honey, organic green tea and rice, coffee, baby food, sweet potato, etc. under the Nature's Food brand name. Daesung Industrial Co., Ltd. was founded in 1968 and is headquartered in Seoul, South Korea.",KRW,Energy,Energy,"Oil, Gas & Consumable Fuels",KSC,XKRX,KOSPI Stock Market,South Korea,,Seoul,152-888,http://www.daesung.co.kr,Micro Cap,KR7128820008,,BBG000QPKDW9,BBG000QPKD95,BBG001T88RG3,False
128940.KS,"Hanmi Pharm. Co., Ltd.","Hanmi Pharm. Co., Ltd. operates as a pharmaceutical company worldwide. It develops treatments for diabetes, obesity, cancer, autoimmune, and rare diseases. The company was founded in 1973 and is based in Seoul, South Korea.",KRW,Health Care,"Pharmaceuticals, Biotechnology & Life Sciences",Pharmaceuticals,KSC,XKRX,KOSPI Stock Market,South Korea,,Seoul,05545,http://www.hanmipharm.com,Mid Cap,KR7128940004,,BBG000QKWSN4,BBG000QKWS63,BBG001T7SKZ7,False
129260.KS,Intergis Co.Ltd,"Intergis Co.Ltd provides logistics services in South Korea, China, Brazil, Vietnam, and internationally. The company operates bulk and container piers; and transports steel products, coal, grain, and other bulk cargoes, as well as provides ship management and inland transportation services. It is also involved in the provision of logistics services for import and export cargo, such as ocean shipment/air transport, customs clearance, storage, etc.; loading and unloading facilities; logistics consulting services; and value-added services, which include storage, assembly, packing, etc. The company was formerly known as Dongkuk Transportaion Co., Ltd. Intergis Co.Ltd was founded in 1956 and is headquartered in Busan, South Korea.",KRW,Industrials,Transportation,Air Freight & Logistics,KSC,XKRX,KOSPI Stock Market,South Korea,,Busan,,http://www.intergis.co.kr,Nano Cap,KR7129260006,,BBG0027ZGQQ7,BBG000PR31X0,BBG001T5WG85,False
130660.KS,"Korea Electric Power Industrial Development Co., Ltd","Korea Electric Power Industrial Development Co., Ltd is a company listed on the KOSPI Stock Market under the ticker 130660. It operates in the Electric Utilities industry within the Utilities sector. The company is headquartered in Seoul, South Korea.",KRW,Utilities,Utilities,Electric Utilities,KSC,XKRX,KOSPI Stock Market,South Korea,,Seoul,04515,https://www.kepid.co.kr,Micro Cap,KR7130660004,,BBG00191L3C2,BBG00191L3C2,BBG001TFZG99,False
133820.KS,"Fine Besteel Co., Ltd.","Fine Besteel Co., Ltd. provides various steel products in South Korea. Its products include inverted, unequal, and equal angle products, as well as channel, I-beam, and cyber tour products. The company was founded in 2007 and is based in Changnyeong, South Korea.",KRW,Materials,Materials,Metals & Mining,KSC,XKRX,KOSPI Stock Market,South Korea,,Changnyeong,,http://www.finebesteel.com,Nano Cap,KR7133820001,,BBG006LJ4863,BBG000PBYJW3,BBG001T5LM84,False
134380.KS,"Miwon Chemicals Co., Ltd.","Miwon Chemicals Co., Ltd. develops, manufactures, and sells performance chemicals for use in the rubber, detergent, and personal care industries worldwide. Its products include sulfurs; sulfuric acids, oleums, and refined sulfuric acids; linear alkylbenzene and dodecylbenzene sulphonic acids; alkyl and alkyl ether sulfates; and rubber chemicals, such as prevalcanization inhibitors and tire bonding agents. The company was founded in 1959 and is headquartered in Anyang, South Korea.",KRW,Materials,Materials,Chemicals,KSC,XKRX,KOSPI Stock Market,South Korea,,Anyang,430-806,http://www.miwonchemicals.com,Micro Cap,KR7134380005,,BBG0015X4PM5,BBG0015X4PL6,BBG001TC92G8,False
134790.KS,Sidiz.Inc.,"Sidiz.Inc. manufactures and sells office furniture in South Korea and internationally. The company offers stools, conference chairs, interior chairs, portable chairs, and accessories. It offers products through stores. The company was formerly known as Teems, Inc. Sidiz.Inc. was founded in 2010 and is headquartered in Eumseong, South Korea. Fursys Inc., Educational Furniture and Education Materials business operates independently of Fursys Inc. as of January 27, 2011.",KRW,Consumer Discretionary,Consumer Durables & Apparel,Household Durables,KSC,XKRX,KOSPI Stock Market,South Korea,,Eumseong,,http://www.sidiz.com,Nano Cap,KR7134790005,,BBG0016ZRBB7,BBG0016ZRB90,BBG001TCNFJ0,False
136490.KS,"Sunjin Co.,Ltd.","Sunjin Co.,Ltd. engages in pig farming, feed, and meat processing and distribution businesses in South Korea. The company offers feed for pig and dairy farming, and fattening purposes; and steak/patty, cutlet, balls/mini meat patty, fried food, ham, sausage, bacon/smoked, topping, ready-to-cook food, and other products. It also manufactures and services automation machinery and ICT equipment that is used in the livestock environment; and provides services for farm management, as well as operates pig and chicken farms in South-Asian countries. The company also exports its pork meat and feed to Japan and internationally. Sunjin Co.,Ltd. was founded in 1979 and is based in Seoul, South Korea. Sunjin Co.,Ltd. operates as a subsidiary of Harim Holdings Co., Ltd.",KRW,Consumer Staples,"Food, Beverage & Tobacco",Food Products,KSC,XKRX,KOSPI Stock Market,South Korea,,Seoul,05372,http://www.sj.co.kr,Micro Cap,KR7136490000,,BBG001799HV9,BBG001799HT2,BBG001TCR492,False
137310.KS,"SD BioSensor, Inc","SD BioSensor, Inc is a company listed on the KOSPI Stock Market under the ticker 137310. The company is headquartered in Suwon, South Korea.",KRW,,,,KSC,XKRX,KOSPI Stock Market,South Korea,,Suwon,16690,https://www.sdbiosensor.com,Small Cap,KR7137310009,,BBG001D91CN0,BBG001D91CN0,BBG001V05D08,False
138040.KS,Meritz Financial Group Inc.,"Meritz Financial Group Inc., through its subsidiaries, provides various financial services in South Korea. The company offers fire, marine, long-term, automobile, and general insurance products, as well as credit financing, asset management, etc.; and securities and OTC derivatives investment/brokerage and trading, trust, and investment consulting and discretion services. It is also involved in the provision of car financing, personal loan, and corporate financing services; real estate investment trusts management services; and commissioned management of investment trusts. The company was founded in 2007 and is based in Seoul, South Korea.",KRW,Financials,Diversified Financials,Capital Markets,KSC,XKRX,KOSPI Stock Market,South Korea,,Seoul,,http://www.meritzgroup.com,Large Cap,KR7138040001,,BBG000R4Q9C0,BBG000R4Q930,BBG001T94CS5,False
138490.KS,"Kolon Plastics, Inc.","Kolon Plastics, Inc. produces and sells engineering plastic products in South Korea and internationally. The company's products include KOCETAL-POM, a polyacetal resin of a copolymer type; KOPA-PA6, a plastic material based on polyamide-6; KOPA-PA66, a thermoplastic resin; SPESIN-PBT, a thermal plastic resin; KOPEL-TPC-ET, a thermoplastic polyester elastomer; KOPET- PET materials; KOPPS polyphenylene sulfide resins; KompoGTe long fiber reinforced thermoplastics; NOPLA, a PEN-PET copolyester; KOPHOS-PC, a polycarbonate; and INKRAYON Flex thermoplastic elastomers. Its products are used in automobile, electricity and electronics, and life materials. Kolon Plastics, Inc. operates in approximately 90 countries, including South Korea, Japan, the United States, and Europe. The company was formerly known as KTP Inc. and changed its name to Kolon Plastics, Inc. in June 2008. Kolon Plastics, Inc. was founded in 1996 and is based in Gimcheon, South Korea.",KRW,Materials,Materials,Chemicals,KSC,XKRX,KOSPI Stock Market,South Korea,,Gimcheon-si,,http://www.kolonplastics.com,Micro Cap,KR7138490008,,,,,True
138930.KS,BNK Financial Group Inc.,"BNK Financial Group Inc., together with its subsidiaries, provides various financial products and services. It accepts various deposit products; and provides foreign exchange, inquiry, trust, transfer, and card services, as well as loans. The company also provides personal credit facility, leasing/installment finance, business loan factoring, bill discounted, and auto loans; and currency/commodity futures and securities services. In addition, it operates as a venture asset management company; offers IT services, as well as debt collection and credit information services; and engages in the rental of cars, offices, and machinery. Further, the company provides specialized credit finance, investment brokerage and trading, savings bank, financial advisory and collective investment, credit investigation and collection agency, and start-up investment company advisory services, as well as develops and supplies system software. BNK Financial Group Inc. serves customers through a network of branches and representative offices in Korea and internationally. The company was formerly known as BS Financial Group Inc. and changed its name to BNK Financial Group Inc. in April 2015. BNK Financial Group Inc. was founded in 1967 and is headquartered in Busan, South Korea.",KRW,Financials,Banks,Banks,KSC,XKRX,KOSPI Stock Market,South Korea,,Busan,,http://www.bnkfg.com,Mid Cap,KR7138930003,,BBG001K9KN84,BBG001K9KN75,BBG001V0MHM6,False
139130.KS,"DGB Financial Group Co., Ltd.","DGB Financial Group Co., Ltd. provides various banking products and services primarily in South Korea. The company offers deposit products; insurance policy loans; installment and automobile finance, corporate loans, personal loans, and new technology business finance, as well as leasing services; foreign exchange services; financial products comprising investment funds and bancassurance; and asset management and online banking services. It also provides investment trading, investment brokerage, discretionary investment, and investment advisory services; coverage, endowment, pension, and variable insurance products; electronic payment settlement agency services, as well as issues and manages electronic payment services; and claim collection, credit check, lease inspection, and civil complaint services. In addition, the company offers information system development, operation, maintenance, and integration services; IT consulting and related education services; and e-commerce and Internet related services, as well as sells, rents, and maintains information equipment and software. As of December 31, 2018, it operated through a network of 336 branches. DGB Financial Group Co., Ltd. was founded in 1967 and is based in Daegu, South Korea.",KRW,Financials,Banks,Banks,KSC,XKRX,KOSPI Stock Market,South Korea,,Daegu,,http://www.dgbfg.co.kr,Mid Cap,KR7139130009,,BBG00185NFV4,BBG00185NFV4,BBG001TCVG90,False
139480.KS,E-MART Inc.,"E-MART Inc. is a company listed on the KOSPI Stock Market under the ticker 139480. The company is headquartered in Seoul, South Korea.",KRW,,,,KSC,XKRX,KOSPI Stock Market,South Korea,,Seoul,04511,https://company.emart.com,Small Cap,KR7139480008,,BBG001J399N6,BBG001J399N6,BBG001V0GKM6,False
143210.KS,Hands Corporation Ltd.,"Hands Corporation Ltd. manufactures and sells aluminum wheels for automobiles in South Korea, the United States, Yurub, Asia, and Africa. The company was formerly known as Donghwa and Co., Ltd. and changed its name to Hands Corporation Ltd. in September 2012. Hands Corporation Ltd. was founded in 1972 and is based in Incheon, South Korea.",KRW,Consumer Discretionary,Automobiles & Components,Auto Components,KSC,XKRX,KOSPI Stock Market,South Korea,,Incheon,22836,http://www.handscorp.co.kr,Micro Cap,KR7143210003,,BBG00F32VQT5,BBG00F32VQS6,BBG00F32VQX0,True
144620.KS,"Kolon Materials, Inc.","Kolon Materials, Inc. provides textile products worldwide. It offers nylon and polyester yarn products; and fabrics. The company is based in Gwacheon, South Korea. Kolon Materials, Inc. is a subsidiary of Kolon Industries, Inc.",KRW,Consumer Discretionary,Consumer Durables & Apparel,"Textiles, Apparel & Luxury Goods",KSC,XKRX,KOSPI Stock Market,South Korea,,Gwacheon,,http://www.kolonmaterials.com,Micro Cap,,,,,,False
145210.KS,"Dynamic Design Co., Ltd.","Saehwa IMC Co., Ltd. primarily engages in the manufacture and sale of tire molds and tire production equipment in Korea. The company offers casting and engraving molds, and containers; and tire manufacturing equipment, such as tire building machines, drums, and curing presses. It also serves customers in North America, Europe, China, and rest of Asia. The company was founded in 1981 and is headquartered in Gwangju, South Korea.",KRW,Industrials,Capital Goods,Machinery,KSC,XKRX,KOSPI Stock Market,South Korea,,Gwangju,,http://www.saehwaimc.com,Micro Cap,KR7145210001,,BBG003QVFQC9,BBG003QVFQC9,BBG003QVFQD8,True
145270.KS,"K-TOP Reits Co.,Ltd.","K-TOP Reits Co.,Ltd. is a company listed on the KOSPI Stock Market under the ticker 145270. It operates in the Equity Real Estate Investment Trusts (REITs) industry within the Real Estate sector. The company is headquartered in Seoul, South Korea.",KRW,Real Estate,Real Estate,Equity Real Estate Investment Trusts (REITs),KSC,XKRX,KOSPI Stock Market,South Korea,,Seoul,,https://www.ktopreits.co.kr,Nano Cap,KR7145270005,,BBG002D56HV1,BBG002D56HV1,BBG002D56J38,False
145720.KS,"Dentium CO., LTD","Dentium Co.,Ltd. manufactures and sells dental implant products worldwide. Its dental implant systems include superline, implantium, simpleline II, slimline, overdenture system, NR line, and implantium II. The company also provides surgical instruments, such as surgical, drill stopper, sinus, osteotome, trephine bur, prosthetic, planning, restorative, and help kits, as well as harvest drills, sinus elevators, GBR systems, surgical guides, temporary shells, white seals, TN brushes, and guide systems; regeneration products, including bone grafts, membranes, and tissue regeneration products; and digital dentistry products. In addition, it offers lab products; and iCT motors and injections. The company was formerly known as Biostech Co., Ltd. and changed its name to Dentium Co.,Ltd. in August 2002. The company was founded in 2000 and is headquartered in Seoul, South Korea.",KRW,Health Care,Health Care Equipment & Services,Health Care Equipment & Supplies,KSC,XKRX,KOSPI Stock Market,South Korea,,Seoul,,http://www.dentium.com,Micro Cap,KR7145720009,,BBG00FVVQLF2,BBG00896Q6X1,BBG00896Q6Y0,False
145990.KS,Samyang Corporation,"Samyang Corporation produces and sells chemicals and foodstuff in Korea and internationally. The company offers engineering plastics for use in electrical, electronic, automotive, medical, security, mechanical parts, and optical applications; and ion exchange resins. It also provides materials for TFT-LCDs and touch panels, including column spacer and over coat. In addition, the company provides sugar, flour, and premixes; oils and fats; margarine and shortenings; soybean, corn, rapeseed, cotton seed, and sunflower oils; and bakery ingredients, sweeteners, and starch and starch sugar products under the Q.one, Q.one Trusweet, Q.one Easy Tomorrow, and Q.one Homemade brands. Further, it distributes confectionery ingredients, western and Chinese foodstuffs, and chicken and other ingredients. Samyang Corporation was founded in 1924 and is based in Seoul, South Korea. Samyang Corporation operates as a subsidiary of Samyang Holdings Corporation.",KRW,Industrials,Capital Goods,Industrial Conglomerates,KSC,XKRX,KOSPI Stock Market,South Korea,,Seoul,03129,http://www.samyangcorp.com,Small Cap,KR7145990008,,BBG001Z7FHJ9,BBG001Z7FHH1,BBG001Z7FHL6,False
145995.KS,Samyang Corporation,"Samyang Corporation produces and sells chemicals and foodstuff in Korea and internationally. The company offers engineering plastics for use in electrical, electronic, automotive, medical, security, mechanical parts, and optical applications; and ion exchange resins. It also provides materials for TFT-LCDs and touch panels, including column spacer and over coat. In addition, the company provides sugar, flour, and premixes; oils and fats; margarine and shortenings; soybean, corn, rapeseed, cotton seed, and sunflower oils; and bakery ingredients, sweeteners, and starch and starch sugar products under the Q.one, Q.one Trusweet, Q.one Easy Tomorrow, and Q.one Homemade brands. Further, it distributes confectionery ingredients, western and Chinese foodstuffs, and chicken and other ingredients. Samyang Corporation was founded in 1924 and is based in Seoul, South Korea. Samyang Corporation operates as a subsidiary of Samyang Holdings Corporation.",KRW,Industrials,Capital Goods,Industrial Conglomerates,KSC,XKRX,KOSPI Stock Market,South Korea,,Seoul,03129,http://www.samyangcorp.com,Small Cap,KR7145991006,,BBG001Z7FLV6,BBG001Z7FLV6,BBG001Z7FLY3,False
153360.KS,Hi Gold Ocean No.3 Ship Investment Company,"Hi Gold Ocean No.3 Ship Investment Company was founded in 2011 and is headquartered in Jeju-si, Jeju-do, South Korea.",KRW,Industrials,Transportation,Marine,KSC,XKRX,KOSPI Stock Market,South Korea,,Jeju-si,690732,http://www.kmarin.co.kr,Nano Cap,,,,,,True
155660.KS,DSR Corp,"DSR Corporation manufactures and sells wires and wire ropes worldwide. It offers fiber ropes, slings/webbings, wire ropes, and wires for various applications, such as mooring, lifting, fishing, oil and gas, mining, leisure, logging, crane, automotive, general use, electronics, construction, agriculture, and consumer goods. The company was founded in 1940 and is headquartered in Busan, South Korea.",KRW,Consumer Discretionary,Consumer Durables & Apparel,"Textiles, Apparel & Luxury Goods",KSC,XKRX,KOSPI Stock Market,South Korea,,Busan,,http://www.dsrcorp.com,Micro Cap,KR7155660004,,BBG004DYZ5W7,BBG000HNQFT7,BBG001SP82C5,False
155900.KS,Badaro No. 19 Ship Investment Company,"Badaro No. 19 Ship Investment Company, through its subsidiary, acquires and operates vessels. The company was founded in 2011 and is headquartered in Jeju, South Korea.",KRW,Industrials,Transportation,Marine,KSC,XKRX,KOSPI Stock Market,South Korea,,Jeju-Si,,,Nano Cap,,,,,,True
161000.KS,"Aekyungchemical Co., Ltd.","Aekyung Petrochemical Co., Ltd. researches and develops, manufactures, and sells phthalic anhydride (PA) and plasticizers in South Korea and internationally. The company offers PA for use as an ingredient to manufacture plasticizer, unsaturated polyester resin (UPR), paint, and other products.; maleic anhydride, which is used as the ingredient of UPR and paper-sizing agent; itaconic acid, an additive to enhance the properties of commodity resin and medium for diverse chemicals; and refined glycerin for use in various business areas ranging from additives for food, cosmetics, and industrial materials. It also provides plasticizer, which is used as an additive to make plastics flexible, as well as in PVC resin; ester polyol, an ingredient of polyurethane, which is used in various fields, such as sandwich panel, PIR panel, cold insulation material, and adhesive; polyurethane system rigid polyurethane foam for use in construction material industries; and anode materials for secondary battery. In addition, it offers bio diesel, an alternative fuel made of vegetable oil; and bio heavy fuel oil for power generation. Aekyung Petrochemical Co., Ltd. was founded in 1970 and is headquartered in Seoul, South Korea. Aekyung Petrochemical Co., Ltd. is a subsidiary of AK Holdings, Inc.",KRW,Materials,Materials,Chemicals,KSC,XKRX,KOSPI Stock Market,South Korea,,Seoul,08298,http://www.akp.co.kr,Small Cap,KR7161000005,,BBG002Y3K1P9,BBG002Y3K1P9,BBG002Y3K1S6,False
161390.KS,"Hankook Tire & Technology Co., Ltd.","Hankook Tire & Technology Co., Ltd. manufactures, distributes, and sells tires, tubes, and alloy wheels worldwide. It provides tires for passenger cars, SUVs, light trucks, buses, and trucks, as well as competition tires. The company is also involved in the manufacture and sale of tire molds and injection molds; trading and consulting; facilities management service and backing; and computer printing activities. It provides its products under the Hankook, Laufenn, and Kingstar brands. The company was formerly known as Hankook Tire Co., Ltd. and changed its name to Hankook Tire & Technology Co., Ltd. in May 2019. Hankook Tire Co., Ltd. was founded in 1941 and is headquartered in Seongnam-si, South Korea.",KRW,Consumer Discretionary,Automobiles & Components,Auto Components,KSC,XKRX,KOSPI Stock Market,South Korea,,Seongnam-si,13494,http://www.hankooktire.com,Mid Cap,KR7161390000,,BBG002Y3BKP7,BBG002Y0WN38,BBG002Y0WN47,False
161890.KS,"Kolmar Korea Co., Ltd.","Kolmar Korea Co., Ltd. researches, develops, produces, and sells beauty and health products in South Korea and internationally. It offers various cosmetic products, including skin care, makeup, baby, hair care, and body care products, as well as perfume, functional cosmetics, and qusi drugs. The company also provides prescription, over-the-counter, and bioequivalent drugs; drugs for dermatology and circulatory system; ointment and external, and oral solutions; and oral solids. In addition, it offers health functional food comprising health supplements; ingredients; special purpose food; and individually recognized health supplements. The company was founded in 2012 and is headquartered in Sejong, South Korea.",KRW,Consumer Staples,Household & Personal Products,Household Products,KSC,XKRX,KOSPI Stock Market,South Korea,,Sejong City,,http://www.kolmar.co.kr,Mid Cap,KR7161890009,,BBG003FC4LF3,BBG003327766,BBG003327775,False
163560.KS,"DRB Industrial Co., Ltd.","DRB Industrial Co., Ltd. is a company listed on the KOSPI Stock Market under the ticker 163560. It operates in the Machinery industry within the Industrials sector. The company is headquartered in Busan, South Korea.",KRW,Industrials,Capital Goods,Machinery,KSC,XKRX,KOSPI Stock Market,South Korea,,Busan,,https://www.drbworld.com,Micro Cap,KR7163560006,,BBG0032ZNXC2,BBG0032ZNXC2,BBG0032ZNYG6,False
170900.KS,"Dong-A ST Co., Ltd.","Dong-A ST Co., Ltd. is a company listed on the KOSPI Stock Market under the ticker 170900. It operates in the Pharmaceuticals industry within the Health Care sector. The company is headquartered in Seoul, South Korea.",KRW,Health Care,"Pharmaceuticals, Biotechnology & Life Sciences",Pharmaceuticals,KSC,XKRX,KOSPI Stock Market,South Korea,,Seoul,02587,https://www.donga-st.com,Micro Cap,KR7170900005,,BBG003LCCHG5,BBG003LCCHG5,BBG003LCCHH4,False
172580.KS,Hi Gold Ocean Kmarin No.12 Ship Investment Company,"Hi Gold Ocean Kmarin No.12 Ship Investment Company, through its subsidiaries, invests in vessels. The company was founded in 2013 and is headquartered in Cheju, South Korea.",KRW,Industrials,Capital Goods,Aerospace & Defense,KSC,XKRX,KOSPI Stock Market,South Korea,,Cheju,,,Nano Cap,,,,,,True
175330.KS,"JB Financial Group Co., Ltd.","JB Financial Group Co., Ltd. is a company listed on the KOSPI Stock Market under the ticker 175330. It operates in the Banks industry within the Financials sector. The company is headquartered in Jeonju-si, South Korea.",KRW,Financials,Banks,Banks,KSC,XKRX,KOSPI Stock Market,South Korea,,Jeonju-si,561-711,https://www.jbfg.com,Mid Cap,KR7175330000,,BBG004MFGTN7,BBG004MFGTN7,BBG004MFGTS2,False
178920.KS,"PI Advanced Materials Co., Ltd.","PI Advanced Materials Co., Ltd. is a company listed on the KOSPI Stock Market under the ticker 178920. It operates in the Chemicals industry within the Materials sector. The company is headquartered in Seoul, South Korea.",KRW,Materials,Materials,Chemicals,KSC,XKRX,KOSPI Stock Market,South Korea,,Seoul,04527,https://www.pimaterials.com/main/index.jsp.html,Small Cap,KR7178920005,,BBG001CDWGP7,BBG001CDWGP7,BBG001TWYN25,False
180640.KS,Hanjin Kal,"Hanjin Kal, together with its subsidiaries, provides airline services. It owns and operates 166 aircrafts and scheduled flights to 124 cities in 44 countries worldwide. The company also owns and operates three hotels; operates a resort hotel; provides computerized reservation services; and offers travel and tourism related services. In addition, it provides building management services, including building maintenance services, parking lot operation and maintenance, and facility rental services. Further, the company is also involved in golf, leisure, food, and accommodation businesses. Hanjin Kal was founded in 2013 and is based in Seoul, South Korea.",KRW,Industrials,Transportation,Air Freight & Logistics,KSC,XKRX,KOSPI Stock Market,South Korea,,Seoul,04532,http://www.hanjinkal.co.kr,Mid Cap,KR7180640005,,BBG004CGN514,BBG004CGN505,BBG004CGN532,False
18064K.KS,Hanjin Kal,"Hanjin Kal, together with its subsidiaries, provides airline services. It owns and operates 166 aircrafts and scheduled flights to 124 cities in 44 countries worldwide. The company also owns and operates three hotels; operates a resort hotel; provides computerized reservation services; and offers travel and tourism related services. In addition, it provides building management services, including building maintenance services, parking lot operation and maintenance, and facility rental services. Further, the company is also involved in golf, leisure, food, and accommodation businesses. Hanjin Kal was founded in 2013 and is based in Seoul, South Korea.",KRW,Industrials,Transportation,Air Freight & Logistics,KSC,XKRX,KOSPI Stock Market,South Korea,,Seoul,04532,http://www.hanjinkal.co.kr,Mid Cap,KR718064K016,,BBG004CVSG30,BBG004CVSG21,BBG004CVSG58,False
181710.KS,NHN Corporation,"NHN Corporation, an IT company, provides gaming, payment, entertainment, IT, and advertisement solutions in South Korea and internationally. It offers PAYCO, a payment service for online and offline stores; and NHN KCP, an integrated e-payment service. The company also provides comico, a Webtoon platform; Bugs, a music portal operating music streaming and online music distribution business; Ticketlink, a concert, culture, and sports ticket booking service; and Doctortour, a travel service that offers various travel packages. In addition, it offers Shop by, an online shopping mall solution, Godomall 5, an e-commerce solution for small and medium sized markets, TOAST, an integrated cloud solution; TOAST Cam, a smart cloud IP camera; TOAST File, a personal cloud service that helps file storage and management; and TOAST Cloud Center, a cloud data center. Further, the company provides NHN ACE, an integrated advertisement and marketing platform; OPEN Ads, a marketing data curation service; More, an onsite marketing solution; I am School, an education management platform; and Pink Diary, a female health care app for Korean society of obstetricians and gynecologists developed based on consultation by doctors. The company was formerly known as NHN Entertainment Corp. and changed its name to NHN Corporation in April 2019. NHN Corporation was founded in 2013 and is headquartered in Seongnam, South Korea.",KRW,Communication Services,Media & Entertainment,Entertainment,KSC,XKRX,KOSPI Stock Market,South Korea,,Seongnam-si,13487,http://www.nhn.com/en/index.nhn,Small Cap,KR7181710005,,BBG00474MYY9,BBG00474MYX0,BBG00474MZ03,False
183190.KS,"Asia Cement Co.,Ltd.","Asia Cement Co.,Ltd. is a company listed on the KOSPI Stock Market under the ticker 183190. It operates in the Construction Materials industry within the Materials sector. The company is headquartered in Seoul, South Korea.",KRW,Materials,Materials,Construction Materials,KSC,XKRX,KOSPI Stock Market,South Korea,,Seoul,,https://www.asiacement.co.kr,Micro Cap,KR7183190008,,BBG004JLWKZ6,BBG004JLWKZ6,BBG004JLWL39,False
185750.KS,Chong Kun Dang Pharmaceutical Corp.,"Chong Kun Dang pharmaceutical Corp. engages in the manufacturing, marketing, and selling of medicines in South Korea and internationally. It provides prescription drugs for anti-hypertension, anti-hyperlipidemia, and anti-diabetics; over-the-counter drugs, such as Penzal, Prefemine, and Modcol, as well as consumer health products, such as insecticides, hair dye, etc.; and healthcare supplements with preventive benefits. The company also exports its products. Chong Kun Dang pharmaceutical Corp. was founded in 1941 and is headquartered in Seoul, South Korea.",KRW,Health Care,"Pharmaceuticals, Biotechnology & Life Sciences",Pharmaceuticals,KSC,XKRX,KOSPI Stock Market,South Korea,,Seoul,,http://www.ckdpharm.com,Small Cap,KR7185750007,,BBG004SF7PQ6,BBG004SF7PP7,BBG004SF7PT3,False
192080.KS,"DoubleUGames Co., Ltd.","DoubleUGames Co., Ltd. develops games. The company offers W. Casino, a social casino game, as well as table games and slot machines. It also operates one source multiplatform, as well as offers PC and mobile games. The company operates in approximately 120 countries. DoubleUGames Co., Ltd. was founded in 2012 and is based in Seoul, South Korea.",KRW,Communication Services,Media & Entertainment,Entertainment,KSC,XKRX,KOSPI Stock Market,South Korea,,Seoul,,http://www.doubleugames.com,Small Cap,KR7192080000,,BBG00B0H5F26,BBG00B0H5F17,BBG00B0H5F53,False
192400.KS,"Cuckoo Holdings Co., Ltd.","Cuckoo Holdings Co., Ltd., together with its subsidiaries, manufactures and sells kitchen appliances. The company offers rice cookers; kitchen appliances, such as microwave, mixer, blender, multi cooker, electric griller, air fryer, dish washer and dryer, electric insulation pot and kettle, and pressure bath products; rental products, including water purifier, air cleaner, dehumidifier, massage chair, cleanser, and pet products; and home appliances comprising air cleaner and purifying dehumidifier, bidet, cleanser, clothes dryer, vacuum cleaner, fan, steam iron, electrolytic sterilizing machine, and ice maker. It also provides pots, frying pans/woks, tumblers, and kitchen scales; bedding and furniture products comprising mattress and frame; pet dry room and stroller, harness, water dispenser, and feeder; air purifier, dehumidifier, water purifier, cleanser, per dry room, double sided multi grill, and pet drinker filters; and other products. The company sells its products under the Cuckoo brand. Cuckoo Holdings Co., Ltd. was founded in 1978 and is based in Yangsan, South Korea.",KRW,Information Technology,Technology Hardware & Equipment,"Electronic Equipment, Instruments & Components",KSC,XKRX,KOSPI Stock Market,South Korea,,Yangsan-si,,http://www.cuckoo.co.kr,Small Cap,KR7192400000,,BBG006Q73KB2,BBG001V4BBP0,BBG002MWZX63,False
192650.KS,"DREAMTECH Co., Ltd.","DREAMTECH Co., Ltd. designs, develops, produces, and sells modules for smartphone, automotive LED, home appliance, fingerprint, sensor, IT convergence, and medical/ healthcare applications in South Korea and internationally. The company was founded in 1998 and is based in Seongnam, South Korea.",KRW,Information Technology,Technology Hardware & Equipment,"Electronic Equipment, Instruments & Components",KSC,XKRX,KOSPI Stock Market,South Korea,,Seongnam,,http://www.idreamtech.co.kr,Small Cap,KR7192650000,,BBG00M6K8MJ3,BBG007SVKGC4,BBG007SVKGD3,False
192820.KS,"Cosmax, Inc.","Cosmax, Inc. researches, develops, produces, and sells cosmetic, health function food, and pharmaceutical products in Korea and internationally. The company offers skincare, color cosmetics, and hair care products, as well as mask sheets and eye patches. It also develops and manufactures medical supplies and devices; raw materials for cosmetic products; and functional containers and filling packaging products for cosmetics. The company was formerly known as Miroto Korea and changed its name to Cosmax, Inc. in 1994. Cosmax, Inc. was founded in 1992 and is headquartered in Hwaseong, South Korea.",KRW,Consumer Staples,Household & Personal Products,Household Products,KSC,XKRX,KOSPI Stock Market,South Korea,,Seongnam-si,,http://www.cosmax.com,Mid Cap,KR7192820009,,BBG005GXTB66,BBG005GXTB57,BBG005GXTB93,False
194370.KS,JS Corporation,"JS Corporation is a company listed on the KOSPI Stock Market under the ticker 194370. It operates in the Textiles, Apparel & Luxury Goods industry within the Consumer Discretionary sector. The company is headquartered in Seoul, South Korea.",KRW,Consumer Discretionary,Consumer Durables & Apparel,"Textiles, Apparel & Luxury Goods",KSC,XKRX,KOSPI Stock Market,South Korea,,Seoul,05638,https://www.jskor.com,Micro Cap,KR7194370003,,BBG003FWW7K3,BBG003FWW7K3,BBG003FWW7L2,False
195870.KS,"HAESUNG DS Co., Ltd.","HAESUNG DS Co., Ltd. manufactures and sells semiconductor components in South Korea and internationally. The company offers lead frames for use in automotive, mobile device, personal computer, and consumer electronics applications; package substrates for use in flash memory, mobile DRAM, and graphic DRAM applications; and graphene for application in the energy, sensor, bio, military, ink, and display industries. It is also involved in developing bio healthcare sensors, which enables in checking physical activity and status of health, as well as applying sensors to wearable and IT devices. The company was founded in 1984 and is headquartered in Seoul, South Korea.",KRW,Information Technology,Semiconductors & Semiconductor Equipment,Semiconductors & Semiconductor Equipment,KSC,XKRX,KOSPI Stock Market,South Korea,,Seoul,06178,http://www.haesungds.co.kr,Small Cap,KR7195870001,,BBG00CX6VCQ4,BBG0069MZMX5,BBG0069MZMY4,False
200880.KS,"Seoyon E-Hwa Co., Ltd.","Seoyon E-Hwa Co., Ltd. develops, manufactures, and sells automobile-interior parts in South Korea and internationally. It provides door trims, bumpers, consoles, package trays, pillar trims, screen assys, seats, head linings, rear and covering shelves, and screen assemblies for passenger vehicles, commercial vehicles, heavy equipment, and ships. The company was formerly known as Hanil E-Hwa Co., Ltd. and changed its name to Seoyon E-Hwa Co., Ltd. in January 2016. Seoyon E-Hwa Co., Ltd. was founded in 1972 and is based in Anyang-si, South Korea.",KRW,Consumer Discretionary,Automobiles & Components,Auto Components,KSC,XKRX,KOSPI Stock Market,South Korea,,Anyang-Si,,http://www.seoyoneh.com,Micro Cap,KR7200880003,,BBG005CHXM93,BBG005CHXM84,BBG005CHXMD8,False
204320.KS,Mando Corporation,"Mando Corporation manufactures and sells automobile parts in South Korea and internationally. The company offers braking systems, such as caliper brakes, master cylinder and boosters, drum brakes, electric parking brakes, active hydraulic boost Gen3 products, integrated dynamic brakes, and active retraction calipers, as well as ABS, TCS, and ESC products; steering systems, including steering gear systems, manual steering gears, hydraulic power steering gears, intermediate shafts, steering columns, and electric power steering systems; and suspension systems comprising damper spring modules, shock absorbers, suspension struts, self-levelizers, and semi-active suspension systems. It also provides driver assistance systems consisting of smart cruise control, lane keeping assist, smart parking assist, blind spot detection, and autonomous emergency braking systems; and electronics, such as power packs, Yaw and G sensors, ultrasonic sensors, torque sensors, torque angle sensors, radars, and front camera modules. The company was founded in 1962 and is headquartered in Pyeongtaek, South Korea.",KRW,Consumer Discretionary,Automobiles & Components,Auto Components,KSC,XKRX,KOSPI Stock Market,South Korea,,Pyeongtaek,,http://www.mando.com,Small Cap,KR7204320006,,BBG0069GM6P6,BBG0069GM6P6,BBG0069GM6Q5,False
207940.KS,"Samsung Biologics Co.,Ltd.","Samsung Biologics Co., Ltd. engages in the contract manufacturing organization business for biopharmaceuticals products. It is involved in the provision of contract development organization services, including cell line development, upstream and downstream processes, and analytical methods and formulations. The company also offers aseptic filling, lyophilization, finishing, storage and shipping, and support services; and quality assurance and control, as well as biosafety and analytical testing services. In addition, it engages in the development and commercialization of biosimilar drugs; and manufactures mammalian cell-based antibody drugs. The company was founded in 2011 and is headquartered in Incheon, South Korea.",KRW,Health Care,"Pharmaceuticals, Biotechnology & Life Sciences",Biotechnology,KSC,XKRX,KOSPI Stock Market,South Korea,,Incheon,21987,http://samsungbiologics.com,Large Cap,KR7207940008,,BBG00DLBLKV1,BBG0060N9DS7,BBG0060N9DT6,False
210540.KS,DY Power Corporation,"DY Power Corporation is a company listed on the KOSPI Stock Market under the ticker 210540. It operates in the Machinery industry within the Industrials sector. The company is headquartered in Changwon-Si, South Korea.",KRW,Industrials,Capital Goods,Machinery,KSC,XKRX,KOSPI Stock Market,South Korea,,Changwon-Si,642-120,https://power.dy.co.kr,Micro Cap,KR7210540001,,BBG006S3JDB8,BBG006S3JDB8,BBG006S3JDC7,False
210980.KS,SK D&D Co. Ltd.,"SK D&D Co. Ltd. is a company listed on the KOSPI Stock Market under the ticker 210980. It operates in the Real Estate Management & Development industry within the Real Estate sector. The company is headquartered in Seongnam-si, South Korea.",KRW,Real Estate,Real Estate,Real Estate Management & Development,KSC,XKRX,KOSPI Stock Market,South Korea,,Seongnam-si,13493,https://www.skdnd.com,Nano Cap,KR7210980009,,BBG000DB6T19,BBG000DB6T19,BBG001T0X0X2,False
213500.KS,"Hansol Paper Co., Ltd.","Hansol Paper Co., Ltd. produces, distributes, and sells paper products in South Korea and internationally. It offers printing and writing, specialty, fine, and thermal paper products, as well as carton boards used in various packaging materials for medicines, confectionary, daily supplies, etc. The company was formerly known as Chonju Paper Mfg. Co., Ltd. and changed its name to Hansol Paper Co., Ltd. in October 1992. Hansol Paper Co., Ltd. was founded in 1965 and is headquartered in Seoul, South Korea.",KRW,Materials,Materials,Paper & Forest Products,KSC,XKRX,KOSPI Stock Market,South Korea,,Seoul,,http://www.hansolpaper.co.kr,Micro Cap,KR7213500002,,BBG004DZ23V6,BBG004DZ23T9,BBG004DZ23Y3,False
214320.KS,Innocean Worldwide Inc.,"Innocean Worldwide Inc. provides marketing and communications services worldwide. The company offers advertising services; digital services, including providing campaigns for online, mobile, social, and other means in the media environment and advanced digital platform operations; and experiential services, such as planning and producing content to induce significant consumer behaviors. It also provides marketing services, such as brand diagnosis, problem extraction, discovery of market opportunities, brand positioning, and communication strategy development; and media services. The company was founded in 2005 and is headquartered in Seoul, South Korea.",KRW,Communication Services,Media & Entertainment,Media,KSC,XKRX,KOSPI Stock Market,South Korea,,Seoul,135-937,http://www.innocean.com,Small Cap,KR7214320004,,BBG006PVPMB2,BBG001V4CDH4,BBG002MX00D3,False
214330.KS,"Kumho HT, Inc","Kumho HT, Inc produces and sells automotive bulbs, electrical equipment, and LED PCBA modules in Asian countries, North America, and Europe. The company's S25 bulbs include front and rear turn signal, tail/stop, and back-up lamps, as well as daytime running and rear combination lamps. It also provides head position and fog lamps; wedge bulbs comprise dashboard/door courtesy, position/license, map, room/high mounted stop, and overhead console/backup/rear combination lamps; festoon bulbs comprising map and room/luggage/glove box/sun visor/door courtesy lamps; and halogen bulbs comprising head lights and fog lamps. The company was founded in 1988 and is headquartered in Gwangju, South Korea.",KRW,Consumer Discretionary,Automobiles & Components,Auto Components,KSC,XKRX,KOSPI Stock Market,South Korea,,Gwangju,,http://www.kumhoht.co.kr,Nano Cap,KR7214330003,,BBG00B4W6LQ9,BBG001V4DJ08,BBG002MX0702,False
214390.KS,"Kyongbo Pharmaceutical Co., Ltd","Kyongbo Pharmaceutical Co., Ltd manufactures and sells active pharmaceutical ingredients in South Korea. The company offers general, cephalosporins, and anti-cancer APIs; prescription drugs, including anesthetic, cardiovascular, digestive, and antibiotics; and OTC drugs. It also exports its products to 30 countries worldwide. The company was formerly known as Kyongbo Chemical Co. Ltd. and changed its name to Kyongbo Pharmaceutical Co., Ltd in March 2002. Kyongbo Pharmaceutical Co., Ltd was founded in 1987 and is headquartered in Asan, South Korea.",KRW,Health Care,"Pharmaceuticals, Biotechnology & Life Sciences",Pharmaceuticals,KSC,XKRX,KOSPI Stock Market,South Korea,,Asan,,http://www.kbpharma.co.kr,Micro Cap,KR7214390007,,BBG002PBZTD7,BBG002PBZTD7,BBG002PBZTF5,False
214420.KS,"Tonymoly Co., Ltd","Tonymoly Co., Ltd provides beauty care products under the TONYMOLY brand in South Korea and internationally. It offers skin care, cleansing, and care products; make up for face, lip, child, and nail; body, perfume, and hair products; and skincare, as well as beauty accessories. Tonymoly Co., Ltd sells its products through its stores and online. Tonymoly Co., Ltd was founded in 2006 and is headquartered in Seoul, South Korea.",KRW,Consumer Staples,Household & Personal Products,Household Products,KSC,XKRX,KOSPI Stock Market,South Korea,,Seoul,,http://tonystreet.com,Micro Cap,KR7214420002,,BBG009BLBJN2,BBG003QVFTJ6,BBG003QVFTK4,False
226320.KS,"It'S Hanbul Co., Ltd.","It'S Hanbul Co., Ltd. develops, manufactures, and sells cosmetics in South Korea and internationally. It offers skin care products, including toners, lotions, serums, gels/creams, emulsions, and effectors, as well as eye care, sun care, cleansings care, packs/masks, etc.; base makeups, such as BB/CC creams, concealers, high lighters, foundations, and powders; point makeups comprising eye care, lip care, eye shadow/brow, nail care, cheek/blushers, and high lighters; and body care products, which includes wash/scrubs, lotions/creams, perfumes, and mists/oils. The company also provides hair care and styling products; men and baby care products; hand/foot products; and brushes, puffs, and other beauty accessories products. The company was formerly known as It'S SKIN Co., Ltd. and changed its name to It'S Hanbul Co., Ltd. in 2017. It'S Hanbul Co., Ltd. was founded in 1989 and is headquartered in Seoul, South Korea.",KRW,Consumer Staples,Household & Personal Products,Household Products,KSC,XKRX,KOSPI Stock Market,South Korea,,Seoul,,http://www.itsskin.com,Micro Cap,KR7226320000,,BBG00B6V62J9,BBG008F6K9Z2,BBG008F6KB05,False
227840.KS,"HYUNDAI Corp. HOLDINGS Co., Ltd.","HYUNDAI Corp. HOLDINGS Co., Ltd. is a company listed on the KOSPI Stock Market under the ticker 227840. It operates in the Food & Staples Retailing industry within the Consumer Staples sector. The company is headquartered in Seoul, South Korea.",KRW,Consumer Staples,Food & Staples Retailing,Food & Staples Retailing,KSC,XKRX,KOSPI Stock Market,South Korea,,Seoul,06710,https://www.hyundaicorpholdings.com,Micro Cap,KR7227840006,,BBG0099TW4Y6,BBG0099TW4Y6,BBG0099TW555,False
229640.KS,LS Eco Energy Ltd.,"LS Eco Energy Ltd. is a company listed on the KOSPI Stock Market under the ticker 229640. It operates in the Electrical Equipment industry within the Industrials sector. The company is headquartered in Seoul, South Korea.",KRW,Industrials,Capital Goods,Electrical Equipment,KSC,XKRX,KOSPI Stock Market,South Korea,,Seoul,14199,https://www.lsecoenergy.com,Small Cap,KR7229640008,,BBG00DLBFRW2,BBG00DLBFRW2,BBG00DLBFS05,False
234080.KS,JW Lifescience Corporation,"JW Lifescience Corporation is a company listed on the KOSPI Stock Market under the ticker 234080. It operates in the Pharmaceuticals industry within the Health Care sector. The company is headquartered in Dangjin-si, South Korea.",KRW,Health Care,"Pharmaceuticals, Biotechnology & Life Sciences",Pharmaceuticals,KSC,XKRX,KOSPI Stock Market,South Korea,,Dangjin-si,31720,https://www.jw-lifescience.co.kr,Micro Cap,KR7234080000,,BBG000NBK925,BBG000NBK925,BBG001T546V2,False
241560.KS,Doosan Bobcat Inc.,"Doosan Bobcat Inc. designs, manufactures, markets, and distributes construction and portable power equipment in South Korea and internationally. It offers compact loaders and excavators, utility products, telehandlers, and attachments for construction, rental, landscaping, agriculture, grounds maintenance, government, utility, industry, and mining industries. The company also provides air compressors, drill modules, generators, light towers, and light compaction products; and buckets, quick couplers, angle tilt buckets, rippers, crushers, grapples, pallet forks, and hydraulic thumbs. It sells its products under the Bobcat, Doosan, and Geith brand names. The company was formerly known as Doosan Infracore Bobcat Holdings Co., Ltd. and changed its name to Doosan Bobcat Inc. in January 2015. Doosan Bobcat Inc. was founded in 1958 and is headquartered in Seoul, South Korea.",KRW,Industrials,Capital Goods,Machinery,KSC,XKRX,KOSPI Stock Market,South Korea,,Seoul,,http://www.doosanbobcat.com/en,Mid Cap,KR7241560002,,BBG00D8Z79Z0,BBG008D6MMK9,BBG008D6MML8,False
241590.KS,"Hwaseung Enterprise Co., Ltd.","Hwaseung Enterprise Co., Ltd. manufactures and sells shoes for sporting goods. It also purchases and sells natural rubber, synthetic rubber, recycled rubber, and EVA; and pepper and chemical materials, as well as supplies water to shoe manufacturing companies. The company sells its natural rubber to shoes, tires, and adhesive tapes production factories. It exports its products to Korea, Indonesia, and China. The company was founded in 2015 and is based in Seoul, South Korea. Hwaseung Enterprise Co., Ltd. is a subsidiary of Hwaseung Industries Co., Ltd.",KRW,Consumer Discretionary,Consumer Durables & Apparel,"Textiles, Apparel & Luxury Goods",KSC,XKRX,KOSPI Stock Market,South Korea,,Seoul,,http://www.hsenterprise.co.kr,Micro Cap,KR7241590009,,BBG00DLY45W2,BBG00DLY45V3,BBG00DLY45Z9,False
244920.KS,Aplus Asset Advisor Co. Ltd,"Aplus Asset Advisor Co. Ltd provides life and non-life insurance products. The company offers GI, cancer/medical, nursing/silver, fetal and child care, pension/variable annuity/savings, variable universal, car, driver, fire, and other insurance products. It also provides financial advisory and consulting services. The company was founded in 2007 and is based in Seoul, South Korea.",KRW,Financials,Insurance,Insurance,KSC,XKRX,KOSPI Stock Market,South Korea,,Seoul,06621,http://www.aplusga.com,Micro Cap,KR7244920005,,BBG00XV8VS54,BBG00CZQ27Q1,BBG00CZQ27R0,False
248070.KS,"Solum Co., Ltd.","Solum Co., Ltd. manufactures and markets power modules, digital tuners, and electronic shelf labels to customers in South Korea and internationally. It also offers TV and monitor displays, adapters, servers, LED power modules, travel chargers for mobile devices, and data system and LED power supply units. The company was founded in 2015 and is based in Yongin-si, South Korea.",KRW,Information Technology,Technology Hardware & Equipment,"Electronic Equipment, Instruments & Components",KSC,XKRX,KOSPI Stock Market,South Korea,,Yongin-si,,http://www.solu-m.com,Small Cap,KR7248070005,,BBG00YLPVT08,BBG00FNBDFK6,BBG00FNBDFL5,False
248170.KS,Sempio Foods Company,"Sempio Foods Company manufactures and sells soy based sauces in South Korea. The company offers vegetable essence yondu, jang pastes, Korean cuisine sauces, noodles, canned foods, dried seafood, tea, drinking vinegar, and miscellaneous products under the Sempio brand name. It also exports its products to approximately 76 countries. Sempio Foods Company was founded in 1946 and is headquartered in Seoul, South Korea.",KRW,Consumer Staples,"Food, Beverage & Tobacco",Food Products,KSC,XKRX,KOSPI Stock Market,South Korea,,Seoul,100728,http://www.sempio.com,Micro Cap,KR7248170003,,BBG00CB4N0Y9,BBG00CB4N0X0,BBG00CB4N113,False
249420.KS,"Ildong Pharmaceutical Co., Ltd.","Ildong Pharmaceutical Co., Ltd. develops, manufactures, and sells pharmaceutical products in South Korea. The company offers active lactic acid bacterial and anti-diarrheal agents, antibiotics, antifungal and antiviral products, anti-histamine drugs, antineoplastic agents, and NSAIDs and analgesics, as well as vitamins, minerals, and nutrients; and drugs for blood circulation, cardiovascular and central nervous system, dental, endocrine and metabolic system, gastrointestinal system, respiratory system, topical preparation, and urogenital system applications. It also provides raw material drugs; health foods and foods; cosmetics; medical devices for scar treatment; and other drugs for treating thick wounds, osteoarthritis, periarthritis of shoulder, and artificial tears, as well as feminine cleanser products. In addition, the company manages licenses and provides contract manufacturing services. It also exports its products to approximately 20 countries worldwide. Ildong Pharmaceutical Co., Ltd. a strategic collaboration with Evotec SE to accelerate the development of various Ildong's proprietary projects through access to Evotec's INDiGO platform. The company was founded in 1941 and is headquartered in Seoul, South Korea.",KRW,Health Care,"Pharmaceuticals, Biotechnology & Life Sciences",Pharmaceuticals,KSC,XKRX,KOSPI Stock Market,South Korea,,Seoul,,http://www.ildong.com,Small Cap,KR7249420001,,BBG00CF4FTS8,BBG00CF4FTS8,BBG00CF4FTY1,False
251270.KS,Netmarble Corporation,"Netmarble Corporation, along with its subsidiaries, develops and publishes online and mobile games in South Korea and internationally. It also engages in apparel, asset management, real estate development, and advertising and marketing businesses. The company was founded in 2000 and is based in Seoul, South Korea.",KRW,Communication Services,Media & Entertainment,Entertainment,KSC,XKRX,KOSPI Stock Market,South Korea,,Seoul,152-848,http://www.netmarble.com,Mid Cap,KR7251270005,,BBG00G8Z8250,BBG0067TSV79,BBG0067TSV88,False
259960.KS,"KRAFTON, Inc.","KRAFTON, Inc. is a company listed on the KOSPI Stock Market under the ticker 259960. It operates in the Entertainment industry within the Communication Services sector. The company is headquartered in Seongnam-si, South Korea.",KRW,Communication Services,Media & Entertainment,Entertainment,KSC,XKRX,KOSPI Stock Market,South Korea,,Seongnam-si,,https://www.krafton.com,Mid Cap,KR7259960003,,BBG00FWX8WX3,BBG00FWX8WX3,BBG00FWX8WY2,False
264900.KS,"Crown Confectionery Co., Ltd.","Crown Confectionery Co., Ltd. manufactures and sells confectionery products in Korea. It offers biscuits, cakes, snacks, candies, and chocolates. The company offers its products primarily under the Heim, Couque D'Asse, Sando, Vic Pie, Jolly Pong, Concho/Conchi, Corn-Chip, Shinzzang, and Mychew brands. The company was founded in 1947 and is headquartered in Seoul, South Korea.",KRW,Consumer Staples,"Food, Beverage & Tobacco",Food Products,KSC,XKRX,KOSPI Stock Market,South Korea,,Seoul,,https://www.crown.co.kr,Micro Cap,KR7264900002,,BBG00F15LVG4,BBG00F15LVF5,BBG00F15LVH3,False
26490K.KS,"Crown Confectionery Co., Ltd.","Crown Confectionery Co., Ltd. manufactures and sells confectionery products in Korea. It offers biscuits, cakes, snacks, candies, and chocolates. The company offers its products primarily under the Heim, Couque D'Asse, Sando, Vic Pie, Jolly Pong, Concho/Conchi, Corn-Chip, Shinzzang, and Mychew brands. The company was founded in 1947 and is headquartered in Seoul, South Korea.",KRW,Consumer Staples,"Food, Beverage & Tobacco",Food Products,KSC,XKRX,KOSPI Stock Market,South Korea,,Seoul,,https://www.crown.co.kr,Micro Cap,KR726490K013,,BBG00G41Z2S4,BBG00G41Z2S4,BBG00G41Z2X8,False
267250.KS,"Hyundai Heavy Industries Holdings Co., Ltd.","Hyundai Heavy Industries Holdings Co., Ltd. provides solutions in the heavy industry and energy sectors, ranging from shipbuilding and offshore engineering to refinery, petrochemical, and smart energy management businesses. It provides shipbuilding solutions, marine engine machinery, and offshore plants, as well as ship lifecycle maintenance services; industrial robots and robotic automation systems; electrical machinery and systems for power generation, transmission, and distribution, as well as energy management solutions and smart ship solutions; construction equipment and industrial vehicles, including excavators, wheel loaders, forklifts, and skid steer loaders; heat recovery steam generators, circulating fluidized bed combustion boilers, and other industrial boilers and auxiliary components; and machinery parts, such as MCVs, swing and travel motors, hydraulic cylinders, transmission products, drive axles, and spare parts. The company also offers petroleum, petrochemicals, lubricant products, benzene, toluene, para-xylene, mixed xylene, condensates, lube base oils, carbon black, and BTX; oil storage and shipping services; and solar products, such as PV modules, ESS, and inverters. In addition, it provides design inspection, parts services bunkering, and maintenance and aftermarket services. The company was formerly known as Hyundai Robotics Co., Ltd. and changed its name to Hyundai Heavy Industries Holdings Co., Ltd. in March 2018. Hyundai Heavy Industries Holdings Co., Ltd. was founded in 2017 and is headquartered in Daegu, South Korea.",KRW,Industrials,Capital Goods,Machinery,KSC,XKRX,KOSPI Stock Market,South Korea,,Daegu,,http://www.hyundai-holdings.com,Large Cap,KR7267250009,,BBG00FB27NN6,BBG00FB27NN6,BBG00FB27NS1,False
267260.KS,HD Hyundai Electric,"HD Hyundai Electric is a company listed on the KOSPI Stock Market under the ticker 267260. It operates in the Electrical Equipment industry within the Industrials sector. The company is headquartered in Seongnam-si, South Korea.",KRW,Industrials,Capital Goods,Electrical Equipment,KSC,XKRX,KOSPI Stock Market,South Korea,,Seongnam-si,22502,https://www.hd-hyundaielectric.com,Large Cap,KR7267260008,,BBG00FB1L9R9,BBG00FB1L9R9,BBG00FB1L9S8,False
267270.KS,"HD Construction Equipment Co., Ltd.","HD Construction Equipment Co., Ltd. is a company listed on the KOSPI Stock Market under the ticker 267270. It operates in the Machinery industry within the Industrials sector. The company is headquartered in Seoul, South Korea.",KRW,Industrials,Capital Goods,Machinery,KSC,XKRX,KOSPI Stock Market,South Korea,,Seoul,13553,https://www.hd-ce.com,Mid Cap,KR7267270007,,BBG00FB27KQ9,BBG00FB27KQ9,BBG00FB27KR8,False
267290.KS,"Kyungdong City Gas Co., Ltd","Kyungdong City Gas Co., Ltd engages in the manufacture and supply of liquefied natural gas through a network of pipelines. The company operates city gas safety agency services and gas construction through customer service companies; manufactures and sells gas equipment; and retails vehicle fuel. It also provides natural gas related engineering services; gas cooling and heating, and power generation facilities services; plumbing rental services; and data analysis, development, sale, maintenance and exchange, and transmission services. The company was incorporated in 1977 and is headquartered in Ulsan, South Korea.",KRW,Utilities,Utilities,Gas Utilities,KSC,XKRX,KOSPI Stock Market,South Korea,,Ulsan,,http://www.kdgas.co.kr,Micro Cap,KR7267290005,,BBG00F903VT3,BBG00F903VS4,BBG00F903VX8,False
267850.KS,"Asiana IDT, Inc.","Asiana IDT, Inc. provides ICT services in South Korea. The company provides consulting, system development, and IT outsourcing services, as well as operation and maintenance services. It serves airline, construction, airport, finance, transportation, and manufacturing sectors. The company was founded in 1991 and is headquartered in Seoul, South Korea. Asiana IDT, Inc. is a subsidiary of Asiana Airlines, Inc.",KRW,Information Technology,Software & Services,IT Services,KSC,XKRX,KOSPI Stock Market,South Korea,,Seoul,03161,http://www.asianaidt.com,Micro Cap,KR7267850006,,BBG00M8QHVT7,BBG000MHTTH4,BBG001T4S104,False
268280.KS,"Miwon Specialty Chemical Co., Ltd.","Miwon Specialty Chemical Co., Ltd. engages in the production and supply of basic raw materials for UV/EB curing systems in Korea and internationally. The company's product line includes acrylate and methacrylate monomers, oligomers, photoinitiators, and other related fine chemicals. Its products are used in wood, metal, plastic, nail art, printing ink, adhesive, electronic, optical film, and CD/DVD/Bluray applications. The company was founded in 1959 is headquartered in Yongin, South Korea.",KRW,Materials,Materials,Chemicals,KSC,XKRX,KOSPI Stock Market,South Korea,,Yongin-Si,16864,http://www.miramer.com,Small Cap,KR7268280005,,BBG00FJ1SYL5,BBG00FJ1SX46,BBG00FJ1SX55,False
271560.KS,ORION Corp.,"ORION Corp. is a company listed on the KOSPI Stock Market under the ticker 271560. It operates in the Food Products industry within the Consumer Staples sector. The company is headquartered in Seoul, South Korea.",KRW,Consumer Staples,"Food, Beverage & Tobacco",Food Products,KSC,XKRX,KOSPI Stock Market,South Korea,,Seoul,04369,https://www.orionworld.com,Mid Cap,KR7271560005,,BBG00FDGYNT7,BBG00FDGYNT7,BBG00FDGYNV4,False
271940.KS,"Iljin Hysolus Co., Ltd.","Iljin Hysolus Co., Ltd. is a company listed on the KOSPI Stock Market under the ticker 271940. It operates in the Auto Components industry within the Consumer Discretionary sector. The company is headquartered in Bongdong-eup, South Korea.",KRW,Consumer Discretionary,Automobiles & Components,Auto Components,KSC,XKRX,KOSPI Stock Market,South Korea,,Bongdong-eup,55322,https://www.hysolus.co.kr,Small Cap,KR7271940009,,BBG011R4DP44,BBG011R4DP44,BBG011R4DP53,False
271980.KS,"Jeil Pharmaceutical Co.,Ltd","Jeil Pharmaceutical Co.,Ltd develops and supplies pharmaceutical products primarily in South Korea. It provides products in the areas of antibiotic, gatrointestinal, cardiovascular, neuropyschiatry, oncology, endocrinology, urology, antiviral, and antihistamine. The company also exports its products to approximately 40 countries in ASEAN, Central and South America, Africa, etc. Jeil Pharmaceutical Co.,Ltd was founded in 1959 and is headquartered in Seoul, South Korea. Jeil Pharmaceutical Co.,Ltd operates independently of Jeil Pharma Holdings Inc as of June 2, 2017.",KRW,Health Care,"Pharmaceuticals, Biotechnology & Life Sciences",Pharmaceuticals,KSC,XKRX,KOSPI Stock Market,South Korea,,Seoul,06543,http://www.jeilpharm.co.kr,Micro Cap,KR7271980005,,BBG00FRSN2Y8,BBG00FRSN2X9,BBG00FRSN312,False
272210.KS,"Hanwha Systems Co., Ltd.","Hanwha Systems Co., Ltd. is a company listed on the KOSPI Stock Market under the ticker 272210. It operates in the Aerospace & Defense industry within the Industrials sector. The company is headquartered in Seoul, South Korea.",KRW,Industrials,Capital Goods,Aerospace & Defense,KSC,XKRX,KOSPI Stock Market,South Korea,,Seoul,04541,https://www.hanwhasystems.com,Large Cap,KR7272210006,,BBG000R6CCV2,BBG000R6CCV2,BBG001T9FDG4,False
272450.KS,"Jin Air Co., Ltd.","Jin Air Co., Ltd. is a company listed on the KOSPI Stock Market under the ticker 272450. It operates in the Transportation industry within the Industrials sector. The company is headquartered in Seoul, South Korea.",KRW,Industrials,Transportation,,KSC,XKRX,KOSPI Stock Market,South Korea,,Seoul,07570,https://www.jinair.com,Micro Cap,KR7272450008,,BBG001S4JMT8,BBG001S4JMT8,BBG001V3R6P6,False
272550.KS,Samyang Packaging Corporation,"Samyang Packaging Corporation manufactures and sells PET bottles that are used for various types of food and beverages in South Korea. The company offers heat resistant, heat and pressure resistant, pressure resistant, normal pressure, and miscellaneous bottles for use as PET bottles of beverages, such as fruit drinks, sports drinks, and coffee. It is also involved in the production and supply of various preforms; PET recycling activities; and aseptic filling business under the Asepsys name. The company is headquartered in Seoul, South Korea. Samyang Packaging Corporation is a subsidiary of Samyang Corporation.",KRW,Materials,Materials,Containers & Packaging,KSC,XKRX,KOSPI Stock Market,South Korea,,Seoul,110-725,http://www.samyangpackaging.com,Micro Cap,KR7272550005,,BBG00J1X12S8,BBG00CJZXHH3,BBG00CJZXHJ1,False
278470.KS,"APR Co., Ltd.","APR Co., Ltd. is a company listed on the KOSPI Stock Market under the ticker 278470. It operates in the Household & Personal Products industry within the Consumer Staples sector. The company is headquartered in Seoul, South Korea.",KRW,Consumer Staples,Household & Personal Products,Household Products,KSC,XKRX,KOSPI Stock Market,South Korea,,Seoul,05551,https://www.apr-in.com,Mid Cap,KR7278470000,,BBG00LPLPXF3,BBG00LPLPXF3,BBG00LPLPXG2,False
280360.KS,"Lotte Wellfood Co.,Ltd","Lotte Wellfood Co.,Ltd engages in the manufacture and sale of various confectionery products in South Korea and internationally. Its products include chewing gums, chocolates, biscuits, ice-creams, cakes, snacks, candies, bread, frozen cooked foods, HMR, ham/sausages, dairy products, baby food, edible fats and oils, and food ingredients. The company was formerly known as Lotte Confectionery Co., Ltd. and changed its name to Lotte Wellfood Co.,Ltd in April 2023. Lotte Wellfood Co.,Ltd was founded in 1967 and is headquartered in Seoul, South Korea.",KRW,Consumer Staples,"Food, Beverage & Tobacco",Food Products,KSC,XKRX,KOSPI Stock Market,South Korea,,Seoul,21987,http://www.lottewellfood.com,Small Cap,KR7280360009,,BBG00GKRGJH5,BBG00GKRGJG6,BBG00GKRGJL0,False
281820.KS,"KCTech Co., Ltd.","KCTech Co., Ltd. engages in the manufacture and distribution of semiconductor systems, display systems, and electronic materials in South Korea. The company offers semiconductor equipment, including chemical mechanical polishing systems and wet cleaning systems; display equipment, such as wet stations, atmospheric pressure plasma cleaners, CO2 clearers, and coater and tract systems; and electronic materials comprising dielectric slurry and additive, and metal slurry products. KCTech Co., Ltd. was founded in 1987 and is headquartered in Anseong, South Korea.",KRW,Information Technology,Semiconductors & Semiconductor Equipment,Semiconductors & Semiconductor Equipment,KSC,XKRX,KOSPI Stock Market,South Korea,,Anseong,,http://www.kctech.com,Small Cap,KR7281820001,,BBG00GXD6SR2,BBG00GXD6SR2,BBG00GXD6SW6,False
282330.KS,BGF retail Co. Ltd.,"BGF retail Co. Ltd. is a company listed on the KOSPI Stock Market under the ticker 282330. It operates in the Food & Staples Retailing industry within the Consumer Staples sector. The company is headquartered in Seoul, South Korea.",KRW,Consumer Staples,Food & Staples Retailing,Food & Staples Retailing,KSC,XKRX,KOSPI Stock Market,South Korea,,Seoul,,https://www.bgfretail.com,Small Cap,KR7282330000,,BBG00GW74856,BBG00GW74856,BBG00GW74892,False
284740.KS,"CUCKOO Homesys Co., Ltd","Cuckoo Homesys Co., Ltd. engages in the manufacture, sale, and rental of household appliances. It sells and rents water purifiers, bidets, air purifiers, and water softeners. The company was founded in 2017 and is headquartered in Siheung, South Korea. Cuckoo Homesys Co., Ltd. operates independently of Cuckoo Holdings Co., Ltd. as of January 12, 2018.",KRW,Information Technology,Technology Hardware & Equipment,"Electronic Equipment, Instruments & Components",KSC,XKRX,KOSPI Stock Market,South Korea,,Siheung-Si,,http://www.cuckoorental.co.kr,Small Cap,KR7284740008,,BBG00H50PJ98,BBG00H50PJ89,BBG00H50PJD3,False
285130.KS,"SK Chemicals Co., Ltd.","SK Chemicals Co., Ltd. is a company listed on the KOSPI Stock Market under the ticker 285130. It operates in the Chemicals industry within the Materials sector. The company is headquartered in Seongnam-si, South Korea.",KRW,Materials,Materials,Chemicals,KSC,XKRX,KOSPI Stock Market,South Korea,,Seongnam-si,13494,https://www.skchemicals.com,Small Cap,KR7285130001,,BBG00H0JZKC4,BBG00H0JZKC4,BBG00H0JZKH9,False
28513K.KS,"SK Chemicals Co.,Ltd","SK Chemicals Co.,Ltd is a company listed on the KOSPI Stock Market under the ticker 28513K. It operates in the Chemicals industry within the Materials sector. The company is headquartered in Seongnam-si, South Korea.",KRW,Materials,Materials,Chemicals,KSC,XKRX,KOSPI Stock Market,South Korea,,Seongnam-si,13494,https://www.skchemicals.com,Small Cap,KR728513K010,,BBG00JG252T5,BBG00JG252T5,BBG00JG252Y9,False
286940.KS,Lotte Innovate Co Ltd,"Lotte Innovate Co Ltd is a company listed on the KOSPI Stock Market under the ticker 286940. It operates in the IT Services industry within the Information Technology sector. The company is headquartered in Seoul, South Korea.",KRW,Information Technology,Software & Services,IT Services,KSC,XKRX,KOSPI Stock Market,South Korea,,Seoul,08500,https://www.lotteinnovate.com,Micro Cap,KR7286940002,,BBG00J6CV3Q6,BBG00J6CV3Q6,BBG00J6CV3R5,False
293480.KS,"Hana Pharm Co., Ltd.","Hana Pharm Co., Ltd. develops and provides various pharmaceutical products in South Korea and internationally. It offers anesthetics, narcotic analgesics, antiemetics, muscle relaxants, cardiovascular and endocrine system, gastrointestinal system, respiratory system, antibiotics, dermatology, urinology, osteoporosis, and central nervous system products, as well as analgesics, antipyretics, and anti-inflammatory drugs. The company was founded in 1958 and is headquartered in Seoul, South Korea.",KRW,Health Care,"Pharmaceuticals, Biotechnology & Life Sciences",Pharmaceuticals,KSC,XKRX,KOSPI Stock Market,South Korea,,Seoul,,http://www.hanaph.co.kr,Micro Cap,KR7293480000,,BBG00LSC4127,BBG00LSC4118,BBG00LSC4154,False
293940.KS,"Shinhan Alpha REIT Co., Ltd.","Shinhan Alpha REIT Co., Ltd. is a real estate investment trust (REIT) company located in South Korea. They invest in and manage a portfolio of real estate assets to generate income for investors. The REIT is managed by Shinhan Asset Management.",KRW,Real Estate,Real Estate,Equity Real Estate Investment Trusts (REITs),KSC,XKRX,KOSPI Stock Market,South Korea,,Seoul,,http://www.shalphareit.com,Small Cap,KR7293940003,,BBG00LGG9FC4,BBG00L19ZYY2,BBG00L19ZYZ1,False
294870.KS,HDC Hyundai Development Company,"HDC Hyundai Development Company, operates as a financial real estate company, provides real estate services primarily in South Korea. The company is involved in urban development, multi-use development, and large scale apartment complex development; housing development; architectural and civil engineering projects; and energy plant market activities. HDC Hyundai Development Company was founded in 1976 and is headquartered in Seoul, South Korea.",KRW,Industrials,Capital Goods,Construction & Engineering,KSC,XKRX,KOSPI Stock Market,South Korea,,Seoul,,http://www.hdc-dvp.com,Small Cap,KR7294870001,,BBG00JF8B9F6,BBG00JF8B9F6,BBG00JF8B9K0,False
298000.KS,Hyosung Chemical Corporation,"Hyosung Chemical Corporation produces and sells a range of chemical products in South Korea and internationally. The company offers polypropylene (PP)/DH, PP-R and PP-B for pipes, medical PP, PP for transparent containers and special films, PP for compounding and heat resistant appliances, and PP for caps and other applications under the TOPILENE brand name. It also provides nylon films used for food packaging and as a packaging material for various household products; and PET films used for electric and electronic materials, as well as various other industrial materials, including packaging and optic materials. In addition, the company offers high-purity terephthalic acid, which is used as a raw material for polyester fibers, as well as to produce tire cords, pet bottles, and polyester films; and NF3 and special industrial gases used for high-tech products, such as semiconductors, displays, and solar cells. Further, it provides tri-acetyl cellulose films for LCDs; and POKETONE polymer. Hyosung Chemical Corporation is headquartered in Seoul, South Korea.",KRW,Materials,Materials,Chemicals,KSC,XKRX,KOSPI Stock Market,South Korea,,Seoul,06578,http://www.hyosungchemical.com,Micro Cap,KR7298000001,,BBG00JNJG0M9,BBG00JNJG0L0,BBG00JNJG0Q5,False
298020.KS,Hyosung TNC Corporation,"Hyosung TNC Corporation manufactures fiber in South Korea and internationally. It offers spandex for the textile industry under the creora brand name; nylon textile filaments, such as micro-fine denier yarn, nylon polyester yarn, bonding yarn, high tenacity yarn, hollow yarn, cool touch yarn, high luster yarn, and far-infrared yarn, as well as recyclable nylon; and polyester fibers, including cotton-replicating polyester yarn, cool touch yarn, odor-resistant yarn, heat generating yarn, latent crimped yarn, far-infrared yarn, and recycled polyester fiber. The company also provides general apparel, workwear, and industrial fabrics; and dyed products comprising nylon 2-way spandex, polyester 2-way spandex, multiple microdenier fiber, cotton union cloth, and polyester fabrics. In addition, it offers marketing services in the trading sector with steel, chemicals, and LED markets. Further, the company operates a cold/frozen storage warehouse in the Seoul Metropolitan Area. Hyosung TNC Corporation was founded in 1957 and is headquartered in Seoul, South Korea.",KRW,Consumer Discretionary,Consumer Durables & Apparel,"Textiles, Apparel & Luxury Goods",KSC,XKRX,KOSPI Stock Market,South Korea,,Seoul,04144,http://www.hyosungtnc.com,Small Cap,KR7298020009,,BBG00JNJFFR2,BBG00JNJF9F9,BBG00JNJF9G8,False
298040.KS,Hyosung Heavy Industries Corporation,"Hyosung Heavy Industries Corporation manufactures and sells heavy electrical equipment in South Korea and internationally. It offers transmission and distribution products, such as power, oil-immersed distribution, cast-resin, and special transformers; shunt reactors, high voltage switchgears, medium/ low voltage switchgears, and high voltage direct current transmission systems; STATCOM, a power electronic based device to enhance the power system stability and quality; and turnkey solutions for various applications, including nuclear power, conventional power, renewable energy, water treatment, mining and steel, and industrial plants, as well as substations and oil and gas facilities. The company also provides system and engineering solutions, including condition monitoring systems; asset health management, power system maintenance, power automation, and process automation solutions; and renewable energy products comprising energy storage systems, solar inverters, and wind turbines, as well as engineering, procurement, and construction services for solar energy projects. In addition, it offers high and low voltage motors, DC motors, general industrial and special-purpose motors, commercial generators, and emergency power generators; chemical equipment, filling stations, and industrial gas supplying systems; gear boxes, motors, and special gear units; and ARC, resistance, and special spot welding machines. Further, the company undertakes various construction projects, including housing, redevelopment and reconstruction, business and commercial facilities, civil engineering and environment, and SOC. Additionally, it provides power conditioning systems for the commercial, industrial, and utility-scale markets; and power management systems, which are used to communicate and optimally control the hardware and batteries. It exports its products to North America, the Middle East, and Europe. The company was founded in 1962 and is headquartered in Seoul, South Korea.",KRW,Industrials,Capital Goods,Machinery,KSC,XKRX,KOSPI Stock Market,South Korea,,Seoul,04144,http://www.hyosungheavyindustries.com,Large Cap,KR7298040007,,BBG00JNJFFG4,BBG00JNJFFG4,BBG00JNJFFL8,False
298050.KS,Hyosung Advanced Materials Corporation,"Hyosung Advanced Materials Corporation manufactures and sells industrial, polyester, nylon, and carpet yarns in South Korea and internationally. The company also offers aramid fiber and carbon fiber materials; polyester tire cords, steel cords, and bead wires for tire reinforcement; and airbag fabrics and cushions, as well as hose wires and conveyor belt wires. The company serves various industries, such as automobile, civil engineering, architecture, construction, and transportation industries. The company was founded in 2018 and is based in Seoul, South Korea.",KRW,Industrials,Capital Goods,Machinery,KSC,XKRX,KOSPI Stock Market,South Korea,,Seoul,04144,http://www.hyosungadvancedmaterials.com,Small Cap,KR7298050006,,BBG00JNJFST2,BBG00JNJFST2,BBG00JNJFSY6,False
298690.KS,"Air Busan Co., Ltd.","Air Busan Co., Ltd. provides passenger airline services. It offers domestic and international flight services. The company was founded in 2007 and is headquartered in Busan, South Korea.",KRW,Industrials,Transportation,Airlines,KSC,XKRX,KOSPI Stock Market,South Korea,,Busan,46721,http://en.airbusan.com,Micro Cap,KR7298690009,,BBG00MNLZ876,BBG000D99X49,BBG001SMHLZ5,False
300720.KS,"Hanil Cement Co., Ltd.","Hanil Cement Co., Ltd. produces and sells cements, ready-mixed concretes, and admixtures. The company offers Hanil Remicon for construction sites; and dry mortar products under the Remitar brand name. It also exports its products. The company was founded in 1961 and is headquartered in Seoul, South Korea.",KRW,Materials,Materials,Construction Materials,KSC,XKRX,KOSPI Stock Market,South Korea,,Seoul,06252,http://www.hanilcement.com,Small Cap,KR7300720000,,BBG00JWSTR73,BBG00JWSTR73,BBG00JWSTRD6,False
302440.KS,"SK bioscience Co.,Ltd.","SK bioscience Co.,Ltd. is a company listed on the KOSPI Stock Market under the ticker 302440. It operates in the Biotechnology industry within the Health Care sector. The company is headquartered in Seongnam-si, South Korea.",KRW,Health Care,"Pharmaceuticals, Biotechnology & Life Sciences",Biotechnology,KSC,XKRX,KOSPI Stock Market,South Korea,,Seongnam-si,13494,https://www.skbioscience.com,Mid Cap,KR7302440003,,BBG00N9MHSP4,BBG00N9MHSP4,BBG00N9MHSY4,False
306200.KS,SeAH Steel Corporation,"SeAH Steel Corporation is a company listed on the KOSPI Stock Market under the ticker 306200. It operates in the Metals & Mining industry within the Materials sector. The company is headquartered in Seoul, South Korea.",KRW,Materials,Materials,Metals & Mining,KSC,XKRX,KOSPI Stock Market,South Korea,,Seoul,04036,https://www.seahsteel.co.kr,Small Cap,KR7306200007,,BBG00KK5K5V3,BBG00KK5K5V3,BBG00KK5K5W2,False
307950.KS,Hyundai Autoever Corporation,"Hyundai Autoever Corporation provides information and communication technology services. The company offers IT services for automotive industry, such as cloud, digital marketing, mobility, dealer management system, vehicle security, V2X communication/security, driving info collection/analysis, and artificial intelligence; and smart factory solutions, including production management, quality control, logistics management, energy and facility management, and IoT platform. It also provides smart SOC products comprising smart building, which controls home appliances from mobile devices or automobile; smart traffic, an application that offers real time information to prevent traffic accidents; and smart grid, which offers microgrid, a standardized energy platform, cloud based integrated energy management systems, and business value analysis of new renewable energy sources. In addition, the company offers fintech platforms, such as big data analysis and open API; and smart security solutions, which includes biometric authentication, security control solutions, and white hat hacking. Hyundai Autoever Corporation was formerly known as Autoever Systems Co., Ltd. and changed its name to Hyundai Autoever Corporation in January 2011. The company was founded in 2000 and is headquartered in Seoul, South Korea.",KRW,Information Technology,Software & Services,IT Services,KSC,XKRX,KOSPI Stock Market,South Korea,,Seoul,06179,http://www.hyundai-autoever.com,Mid Cap,KR7307950006,,BBG006NDDMJ9,BBG006FTB7N3,BBG006FTB7P1,False
308170.KS,"CTR Mobility Co.,Ltd.","CENTRAL MOTEK Co.Ltd. manufactures and sells automotive parts. The company offers axle assembly, aluminum forging, steering, suspension, engine, front and rear brake axle module, power train, and transmission parts. It markets its products in Asia, North America, Europe, and Australia. CENTRAL MOTEK Co.Ltd. was founded in 1971 and is headquartered in Gimhae, South Korea.",KRW,Consumer Discretionary,Automobiles & Components,Auto Components,KSC,XKRX,KOSPI Stock Market,South Korea,,Gimhae,,http://www.ctrmotek.co.kr,Nano Cap,KR7308170000,,BBG00QKPQRG9,BBG00QKPQRG9,BBG00QKPQRL3,False
316140.KS,Woori Financial Group Inc.,"Woori Financial Group Inc., together with its subsidiaries, operates as a commercial bank that provides a range of financial services to individual, business, and institutional customers in South Korea. It operates through Banking, Credit Card, Investment Banking, and Others segments. The company offers savings, demand, installment, time deposits, and certificates of deposits; and working capital, facilities, general purpose household, mortgage, and home equity loans. It also offers debit and credit cards, cash services, card loans, and related services; lease and trade financing; and securities operation, sale of financial instruments, project financing, and other related activities. In addition, the company provides credit purchase, cash advance, foreign exchange services and dealing, import and export-related services, offshore lending, syndicated loans and foreign currency securities investment, investment trust products, bancassurance, and private equity funds. Further, it is involved in the real estate, system software development and maintenance, financing, credit information, securities investment and trading, derivatives trading, asset securitization, and other service and credit financing businesses. The company also offers automated telephone banking system, Internet, and mobile banking services. As of December 31, 2020, it served customers through a network of 821 branches and 4,531 ATMs. The company was founded in 1899 and is headquartered in Seoul, South Korea.",KRW,Financials,Banks,Banks,KSC,XKRX,KOSPI Stock Market,South Korea,,Seoul,04632,http://www.woorifg.com,Large Cap,KR7316140003,,BBG00N03QC43,BBG00LLPTRV9,BBG00LLPTRW8,False
317400.KS,Xi S&D Inc.,"Xi S&D Inc. is a company listed on the KOSPI Stock Market under the ticker 317400. It operates in the Real Estate Management & Development industry within the Real Estate sector. The company is headquartered in Seoul, South Korea.",KRW,Real Estate,Real Estate,Real Estate Management & Development,KSC,XKRX,KOSPI Stock Market,South Korea,,Seoul,100705,https://www.xisnd.com,Micro Cap,KR7317400000,,BBG006FB5K87,BBG006FB5K87,BBG006FB5K96,False
322000.KS,"Hyundai Energy Solutions Co.,Ltd","Hyundai Energy Solutions Co.,Ltd is a company listed on the KOSPI Stock Market under the ticker 322000. The company is headquartered in Seongnam-si, South Korea.",KRW,,,,KSC,XKRX,KOSPI Stock Market,South Korea,,Seongnam-si,13553,https://www.hd-hyundaies.co.kr,Small Cap,KR7322000001,,BBG00QJDS379,BBG00QJDS379,BBG00QJDS3C3,False
323410.KS,KakaoBank Corp.,"KakaoBank Corp. is a company listed on the KOSPI Stock Market under the ticker 323410. It operates in the Banks industry within the Financials sector. The company is headquartered in Seongnam-si, South Korea.",KRW,Financials,Banks,Banks,KSC,XKRX,KOSPI Stock Market,South Korea,,Seongnam-si,13494,https://www.kakaobank.com,Mid Cap,KR7323410001,,BBG00BLT3N95,BBG00BLT3N95,BBG00BLT3ND0,False
326030.KS,"SK Biopharmaceuticals Co., Ltd.","SK Biopharmaceuticals Co., Ltd. is a company listed on the KOSPI Stock Market under the ticker 326030. It operates in the Biotechnology industry within the Health Care sector. The company is headquartered in Seongnam-si, South Korea.",KRW,Health Care,"Pharmaceuticals, Biotechnology & Life Sciences",Biotechnology,KSC,XKRX,KOSPI Stock Market,South Korea,,Seongnam-si,13494,https://www.skbp.com,Mid Cap,KR7326030004,,BBG002Q871F3,BBG002Q871F3,BBG002Q871G2,False
329180.KS,"Hd Hyundai Heavy Industries Co., Ltd.","Hd Hyundai Heavy Industries Co., Ltd. is a company listed on the KOSPI Stock Market under the ticker 329180. It operates in the Aerospace & Defense industry within the Industrials sector. The company is headquartered in Ulsan, South Korea.",KRW,Industrials,Capital Goods,Aerospace & Defense,KSC,XKRX,KOSPI Stock Market,South Korea,,Ulsan,44032,https://www.hhi.co.kr,Large Cap,KR7329180004,,BBG012398B08,BBG012398B08,BBG00Q99D794,False
330590.KS,"LOTTE REIT Co., Ltd.","LOTTE REIT Co., Ltd. is a company listed on the KOSPI Stock Market under the ticker 330590. It operates in the Equity Real Estate Investment Trusts (REITs) industry within the Real Estate sector. The company is headquartered in Seoul, South Korea.",KRW,Real Estate,Real Estate,Equity Real Estate Investment Trusts (REITs),KSC,XKRX,KOSPI Stock Market,South Korea,,Seoul,05551,https://www.lottereit.co.kr,Small Cap,KR7330590001,,BBG00P432P87,BBG00P432P87,BBG00P432P96,False
334890.KS,"IGIS Value Plus REIT Co., Ltd.","Igis Value Plus Reit Co., Ltd. engages in the acquisition, development, management, and lease of real estate properties. It also trades in securities. The company was founded in 2019 and is based in Seoul, South Korea.",KRW,Real Estate,Real Estate,Equity Real Estate Investment Trusts (REITs),KSC,XKRX,KOSPI Stock Market,South Korea,,Seoul,07241,https://www.igisvaluereit.com,Micro Cap,KR7334890001,,BBG00V86PRW7,BBG00V86PRT1,BBG00V86PS73,False
336260.KS,"Doosan Fuel Cell Co., Ltd.","Doosan Fuel Cell Co., Ltd. develops and distributes power generation fuel cells in South Korea. The company primarily offers M400 fuel cell that produces approximately 440KW of power and heat. Its fuel cells are used in power plants, refrigerated warehouses, large buildings, and hot springs, as well as natural gas, LPG, and hydrogen projects. Doosan Fuel Cell Co. Ltd has a strategic collaboration and license agreement with Ceres Power Holdings plc. The company was founded in 2019 and is headquartered in Iksan-si, South Korea.",KRW,Industrials,Capital Goods,Electrical Equipment,KSC,XKRX,KOSPI Stock Market,South Korea,,Iksan-si,04563,http://www.doosanfuelcell.com,Mid Cap,KR7336260005,,BBG00NWP2T75,BBG00NWP2T66,BBG00NWP2TB0,False
33626K.KS,"Doosan Fuel Cell Co., Ltd.","Doosan Fuel Cell Co., Ltd. develops and distributes power generation fuel cells in South Korea. The company primarily offers M400 fuel cell that produces approximately 440KW of power and heat. Its fuel cells are used in power plants, refrigerated warehouses, large buildings, and hot springs, as well as natural gas, LPG, and hydrogen projects. Doosan Fuel Cell Co. Ltd has a strategic collaboration and license agreement with Ceres Power Holdings plc. The company was founded in 2019 and is headquartered in Iksan-si, South Korea.",KRW,Industrials,Capital Goods,Electrical Equipment,KSC,XKRX,KOSPI Stock Market,South Korea,,Iksan-si,04563,http://www.doosanfuelcell.com,Small Cap,KR733626K013,,BBG00Q1W0VT0,BBG00Q1W0VT0,BBG00Q1W0VZ3,False
33626L.KS,"Doosan Fuel Cell America, Inc.","Doosan Fuel Cell America, Inc. designs, engineers, and manufactures stationary fuel cells for commercial and industrial applications. It offers Doosan PureCell system, an energy solution for generating clean electricity and heat through an electrochemical process with no combustion or moving parts, and natural gas. The company also provides multi-fuel cell installations for data centers, industrial facilities, and microgrids, as well as single fuel cell applications for commercial buildings. It also offers project development, installation, remote monitoring and control, equipment services, and financial solutions in partnership with finance providers. The company's products have applications in commercial mixed-use, data centers and telcom, education, healthcare, industrial, retail, and utility markets. Doosan Fuel Cell America, Inc. was formerly known as ClearEdge Power, Inc. As a result of the acquisition of ClearEdge Power, Inc. by Doosan Corporation, ClearEdge Power, Inc.'s name was changed. The company was founded in 2003 and is headquartered in South Windsor, Connecticut. As of July 18, 2014, Doosan Fuel Cell America, Inc. operates as a subsidiary of Doosan Corporation.",KRW,Industrials,Capital Goods,Electrical Equipment,KSC,XKRX,KOSPI Stock Market,United States,CT,South Windsor,06074,http://www.doosanfuelcell.com,Small Cap,KR733626K021,,BBG00Q1W0WS9,BBG00Q1W0WS9,BBG00Q1W0WY2,False
336370.KS,Solus Advanced Materials Co. Ltd.,"Solus Advanced Materials Co. Ltd. provides materials and solutions in South Korea and Europe. It offers battery copper foil for use in electric car battery; copper foil for use in various electronic equipment; electro materials for use in organic light emitting diode display devices, such as mobile, TV, and vehicle/tablet/PCs; and natural bio materials for use in pharmaceutical, cosmeceutical, and nutraceutical ingredients, as well as provides customized development manufacturing services. The company was formerly known as Doosan Solus Co., Ltd. The company was founded in 2019 and is based in Seoul, South Korea. Solus Advanced Materials Co. Ltd. is a subsidiary of Skylake Equity Partners Limited.",KRW,Information Technology,Technology Hardware & Equipment,"Electronic Equipment, Instruments & Components",KSC,XKRX,KOSPI Stock Market,South Korea,,Seoul,03129,http://www.solusadvancedmaterials.com,Small Cap,KR7336370002,,BBG00NWP2SD0,BBG00NWP2SC1,BBG00NWP2SH6,False
33637K.KS,"Solus Advanced Materials Co., Ltd.","Solus Advanced Materials Co., Ltd. is a company listed on the KOSPI Stock Market under the ticker 33637K. It operates in the Metals & Mining industry within the Materials sector. The company is headquartered in Iksan-si, South Korea.",KRW,Materials,Materials,Metals & Mining,KSC,XKRX,KOSPI Stock Market,South Korea,,Iksan-si,54584,https://www.solusadvancedmaterials.com,Small Cap,KR733637K010,,BBG00Q1W0XJ7,BBG00Q1W0XJ7,BBG00QGJPV61,False
33637L.KS,Solus Advanced Materials Co. Ltd.,"Solus Advanced Materials Co. Ltd. provides materials and solutions in South Korea and Europe. It offers battery copper foil for use in electric car battery; copper foil for use in various electronic equipment; electro materials for use in organic light emitting diode display devices, such as mobile, TV, and vehicle/tablet/PCs; and natural bio materials for use in pharmaceutical, cosmeceutical, and nutraceutical ingredients, as well as provides customized development manufacturing services. The company was formerly known as Doosan Solus Co., Ltd. The company was founded in 2019 and is based in Seoul, South Korea. Solus Advanced Materials Co. Ltd. is a subsidiary of Skylake Equity Partners Limited.",KRW,Materials,Materials,Metals & Mining,KSC,XKRX,KOSPI Stock Market,South Korea,,Iksan-si,54584,https://www.solusadvancedmaterials.com,Micro Cap,KR733637K028,,BBG00Q1W0XW2,BBG00Q1W0XW2,BBG00Q1W0Y05,False
338100.KS,"NH Prime REIT Co., Ltd.","NH Prime REIT Co., Ltd. is a company listed on the KOSPI Stock Market under the ticker 338100. It operates in the Equity Real Estate Investment Trusts (REITs) industry within the Real Estate sector. The company is headquartered in Seoul, South Korea.",KRW,Real Estate,Real Estate,Equity Real Estate Investment Trusts (REITs),KSC,XKRX,KOSPI Stock Market,South Korea,,Seoul,07330,http://www.nhprimereit.com,Micro Cap,KR7338100001,,BBG00QVF57T2,BBG00QVF57T2,BBG00QVF57Y6,False
339770.KS,"Kyochon Food&Beverage Co., Ltd.","Kyochon Food&Beverage Co., Ltd. operates restaurants in South Korea and internationally. The company offers fried chicken. It operates 29 branches and 1,198 franchises. The company was founded in 1991 and is headquartered in Osan, South Korea.",KRW,Consumer Discretionary,Consumer Services,"Hotels, Restaurants & Leisure",KSC,XKRX,KOSPI Stock Market,South Korea,,Osan-si,18150,http://www.kyochonfnb.com,Micro Cap,KR7339770000,,BBG003QVG151,BBG003QVG151,BBG003QVG160,False
344820.KS,KCC GLASS Corporation,"KCC GLASS Corporation is a company listed on the KOSPI Stock Market under the ticker 344820. It operates in the Construction Materials industry within the Materials sector. The company is headquartered in Seoul, South Korea.",KRW,Materials,Materials,Construction Materials,KSC,XKRX,KOSPI Stock Market,South Korea,,Seoul,,https://www.kccglass.co.kr,Micro Cap,KR7344820006,,BBG00PPP0X17,BBG00PPP0X17,BBG00PPP0X26,False
350520.KS,"IGIS RESIDENCE REIT Co., Ltd.","IGIS Residence Reit Co., Ltd. operates as a real estate investment fund based on rented houses. The company was founded in 2020 and is based in Seoul, South Korea.",KRW,Real Estate,Real Estate,Equity Real Estate Investment Trusts (REITs),KSC,XKRX,KOSPI Stock Market,South Korea,,Seoul,07241,http://www.igisresidencereit.com,Micro Cap,KR7350520003,,BBG00VPZ4PV2,BBG00VPZ4PT5,BBG00VPZ4PY9,False
352820.KS,"HYBE Co., Ltd.","Big Hit Entertainment Co., Ltd. engages in music production, publishing, and artist development and management businesses. It is also involved in IP and platform activities. The company was founded in 2005 and is headquartered in Seoul, South Korea.",KRW,Communication Services,Media & Entertainment,Entertainment,KSC,XKRX,KOSPI Stock Market,South Korea,,Seoul,,http://www.bighitcorp.com,Mid Cap,KR7352820005,,BBG00X3DWQ57,BBG008G10GC3,BBG008G10GD2,False
353200.KS,"DAEDUCK ELECTRONICS Co.,Ltd.","Daeduck Electronics Co., Ltd. provides various printed circuit boards (PCB) in South Korea and internationally. It offers thin PCBs for semiconductor packaging; and PCBs for smartphones market, as well as solutions to support 5G communication and autonomous vehicles market segments. The company is headquartered in Ansan-si, South Korea.",KRW,Information Technology,Technology Hardware & Equipment,"Electronic Equipment, Instruments & Components",KSC,XKRX,KOSPI Stock Market,South Korea,,Ansan-Si,,http://www.daeduck.com,Mid Cap,KR7353200009,,BBG00R0JTH36,BBG00R0JTH27,BBG00R0JTH63,False
35320K.KS,"DAEDUCK ELECTRONICS Co.,Ltd.","Daeduck Electronics Co., Ltd. provides various printed circuit boards (PCB) in South Korea and internationally. It offers thin PCBs for semiconductor packaging; and PCBs for smartphones market, as well as solutions to support 5G communication and autonomous vehicles market segments. The company is headquartered in Ansan-si, South Korea.",KRW,Information Technology,Technology Hardware & Equipment,"Electronic Equipment, Instruments & Components",KSC,XKRX,KOSPI Stock Market,South Korea,,Ansan-Si,,http://www.daeduck.com,Mid Cap,KR735320K011,,BBG00TZ3KGP6,BBG00TZ3KGP6,BBG00TZ3KGT2,False
357120.KS,Koramco Energy Plus Reit,"Koramco Energy Plus Reit operates as a real estate investment trust with 187 directly-managed gas stations in Korea. The company has elected to be taxed as a REIT under the Internal Revenue Code of 1986 and would not be subject to federal corporate income taxes, if it distributes at least 90% of its taxable income to its stockholders. Koramco Energy Plus Reit is based in Seoul, South Korea.",KRW,Real Estate,Real Estate,Equity Real Estate Investment Trusts (REITs),KSC,XKRX,KOSPI Stock Market,South Korea,,Seoul,06158,http://www.koramco.co.kr,Micro Cap,KR7357120005,,BBG00VZNQRT3,BBG00VZNQRT3,BBG00VZNQRY7,False
357250.KS,"Miraeasset Maps REIT 1 Co., Ltd.","Miraeasset Maps Reit1 Co., Ltd. operates as a retail REIT in South Korea. It primarily invests in commercial facilities in Gwanggyo Central Prugio City located in Gwanggyo New City, Gyeonggi-do. The company is based in Seoul, South Korea.",KRW,Real Estate,Real Estate,Equity Real Estate Investment Trusts (REITs),KSC,XKRX,KOSPI Stock Market,South Korea,,Seoul,03159,http://maps1reit-miraeasset.irpage.co.kr,Nano Cap,KR7357250000,,BBG00VVMBBR2,BBG00VVMBBQ3,BBG00VVMBBV7,False
361610.KS,"SK IE Technology Co., Ltd.","SK IE Technology Co., Ltd. is a company listed on the KOSPI Stock Market under the ticker 361610. It operates in the Electronic Equipment, Instruments & Components industry within the Information Technology sector. The company is headquartered in Seoul, South Korea.",KRW,Information Technology,Technology Hardware & Equipment,"Electronic Equipment, Instruments & Components",KSC,XKRX,KOSPI Stock Market,South Korea,,Seoul,03188,https://skietechnology.com,Small Cap,KR7361610009,,BBG00XKK05F2,BBG00XKK05F2,BBG00XKK05G1,False
363280.KS,"TY Holdings Co., Ltd","TY Holdings Co., Ltd is a company listed on the KOSPI Stock Market under the ticker 363280. It operates in the Media industry within the Communication Services sector. The company is headquartered in Seoul, South Korea.",KRW,Communication Services,Media & Entertainment,Media,KSC,XKRX,KOSPI Stock Market,South Korea,,Seoul,07241,https://ty-holdings.co.kr/m/en,Micro Cap,KR7363280009,,BBG00RHTWKG1,BBG00RHTWKG1,BBG00RHTWKM4,False
365550.KS,"ESR Kendall Square REIT Co., Ltd.","ESR Kendall Square REIT Co., Ltd. operates as a logistics REIT in South Korea. It develops and operates logistics centers. The company was founded in 2020 and is Seoul, South Korea.",KRW,Real Estate,Real Estate,Equity Real Estate Investment Trusts (REITs),KSC,XKRX,KOSPI Stock Market,South Korea,,Seoul,07326,http://www.esrks-reit.com,Small Cap,KR7365550003,,BBG00Y99QCH3,BBG00Y99QCG4,BBG00Y99QCN6,False
373220.KS,"LG Energy Solution, Ltd.","LG Energy Solution, Ltd. is a company listed on the KOSPI Stock Market under the ticker 373220. It operates in the Electrical Equipment industry within the Industrials sector. The company is headquartered in Seoul, South Korea.",KRW,Industrials,Capital Goods,Electrical Equipment,KSC,XKRX,KOSPI Stock Market,South Korea,,Seoul,07335,https://www.lgensol.com,Large Cap,KR7373220003,,BBG00ZN6CKP8,BBG00ZN6CKP8,BBG00ZN6CKS5,False
375500.KS,"DL E&C Co.,Ltd.","DL E&C Co.,Ltd. is a company listed on the KOSPI Stock Market under the ticker 375500. It operates in the Construction & Engineering industry within the Industrials sector. The company is headquartered in Seoul, South Korea.",KRW,Industrials,Capital Goods,Construction & Engineering,KSC,XKRX,KOSPI Stock Market,South Korea,,Seoul,07800,https://www.dlenc.co.kr,Mid Cap,KR7375500006,,BBG00XGC5RL5,BBG00XGC5RL5,BBG00XGC5RV4,False
377300.KS,Kakao Pay Corp.,"Kakao Pay Corp. is a company listed on the KOSPI Stock Market under the ticker 377300. It operates in the Commercial & Professional Services industry within the Industrials sector. The company is headquartered in Seongnam-si, South Korea.",KRW,Industrials,Commercial & Professional Services,,KSC,XKRX,KOSPI Stock Market,South Korea,,Seongnam-si,04542,https://www.kakaopay.com,Mid Cap,KR7377300009,,BBG00GXP1NT9,BBG00GXP1NT9,BBG00GXP1NV6,False
378850.KS,"Hwaseung R&A Co., Ltd.","Hwaseung R&A Co., Ltd. primarily produces and sells automobile parts worldwide. The company offers weather strip products, including front and rear glass molding products, hood weather strips, sun roof weather strips, glass run products, fixed weather strips, door opening weather strips, door seal and door drip weather strips, trunk lids, and inner and outer door belts. It also provides air conditioning, power steering return, fuel, radiator, brake vacuum, heater, fuel filler, power steering pressure, hydraulic brake, and intercooler hoses. Hwaseung R&A Co., Ltd. is based in Yangsan, South Korea.",KRW,Consumer Discretionary,Automobiles & Components,Auto Components,KSC,XKRX,KOSPI Stock Market,South Korea,,Yangsan,50592,http://www.hsrna.com,Micro Cap,,,BBG00XNNZ3W1,BBG00XNNZ3V2,BBG00XNNZ3Z8,False
381970.KS,"KG Mobility Platform Co., Ltd.","KG Mobility Platform Co., Ltd. is a company listed on the KOSPI Stock Market under the ticker 381970. It operates in the Specialty Retail industry within the Consumer Discretionary sector. The company is headquartered in Seoul, South Korea.",KRW,Consumer Discretionary,Retailing,Specialty Retail,KSC,XKRX,KOSPI Stock Market,South Korea,,Seoul,07210,https://www.kcar.com,Micro Cap,KR7381970003,,BBG00L7ZKG91,BBG00L7ZKG91,BBG00L7ZKGB8,False
383220.KS,"F&F Co., Ltd","F&F Co., Ltd is a company listed on the KOSPI Stock Market under the ticker 383220. It operates in the Textiles, Apparel & Luxury Goods industry within the Consumer Discretionary sector. The company is headquartered in Seoul, South Korea.",KRW,Consumer Discretionary,Consumer Durables & Apparel,"Textiles, Apparel & Luxury Goods",KSC,XKRX,KOSPI Stock Market,South Korea,,Seoul,06138,https://www.fnf.co.kr,Small Cap,KR7383220001,,BBG00Y94S6M9,BBG00Y94S6M9,BBG00Y94S6R4,False
383800.KS,LX Holdings Corp.,"LX Holdings Corp. is a company listed on the KOSPI Stock Market under the ticker 383800. It operates in the Diversified Financials industry within the Financials sector. The company is headquartered in Seoul, South Korea.",KRW,Financials,Diversified Financials,,KSC,XKRX,KOSPI Stock Market,South Korea,,Seoul,03184,https://www.lxholdings.co.kr,Small Cap,KR7383800000,,BBG00YC90SF4,BBG00YC90SF4,BBG00YC90SK8,False
395400.KS,"SK Reits Co., Ltd.","SK Reits Co., Ltd. is a company listed on the KOSPI Stock Market under the ticker 395400. It operates in the Equity Real Estate Investment Trusts (REITs) industry within the Real Estate sector. The company is headquartered in Seoul, South Korea.",KRW,Real Estate,Real Estate,Equity Real Estate Investment Trusts (REITs),KSC,XKRX,KOSPI Stock Market,South Korea,,Seoul,07332,https://www.skreit.co.kr,Small Cap,KR7395400005,,BBG0121G24F0,BBG0121G24F0,BBG0121G24K4,False
402340.KS,"SK Square Co., Ltd.","SK Square Co., Ltd. is a company listed on the KOSPI Stock Market under the ticker 402340. It operates in the Semiconductors & Semiconductor Equipment industry within the Information Technology sector. The company is headquartered in Seoul, South Korea.",KRW,Information Technology,Semiconductors & Semiconductor Equipment,Semiconductors & Semiconductor Equipment,KSC,XKRX,KOSPI Stock Market,South Korea,,Seoul,04539,https://www.sksquare.com,Large Cap,KR7402340004,,BBG011CLDZ86,BBG011CLDZ86,BBG011CLDZD0,False
403550.KS,SOCAR Inc.,"SOCAR Inc. is a company listed on the KOSPI Stock Market under the ticker 403550. It operates in the Software industry within the Information Technology sector. The company is headquartered in Jeju-si, South Korea.",KRW,Information Technology,Software & Services,Software,KSC,XKRX,KOSPI Stock Market,South Korea,,Jeju-si,63126,https://www.socarcorp.kr,Small Cap,KR7403550007,,BBG00BT1R911,BBG00BT1R911,BBG00BT1R920,False
432320.KS,"KB STAR REIT Co., Ltd.","KB STAR REIT Co., Ltd. is a company listed on the KOSPI Stock Market under the ticker 432320. It operates in the Equity Real Estate Investment Trusts (REITs) industry within the Real Estate sector. The company is headquartered in Seoul, South Korea.",KRW,Real Estate,Real Estate,Equity Real Estate Investment Trusts (REITs),KSC,XKRX,KOSPI Stock Market,South Korea,,Seoul,07326,https://kbstarreit.com/en,Micro Cap,KR7432320000,,BBG0199MCX05,BBG0199MCX05,BBG0199MCX41,False
439260.KS,"Daehan Shipbuilding Co., Ltd.","Daehan Shipbuilding Co., Ltd. is a company listed on the KOSPI Stock Market under the ticker 439260. It operates in the Aerospace & Defense industry within the Industrials sector. The company is headquartered in Haenam-eup, South Korea.",KRW,Industrials,Capital Goods,Aerospace & Defense,KSC,XKRX,KOSPI Stock Market,South Korea,,Haenam-eup,59000,https://www.daehanship.com,Small Cap,KR7439260001,,BBG001V4C9H3,BBG001V4C9H3,BBG002MX0016,False
443060.KS,HD Hyundai Marine Solution Co,"HD Hyundai Marine Solution Co is a company listed on the KOSPI Stock Market under the ticker 443060. It operates in the Aerospace & Defense industry within the Industrials sector. The company is headquartered in Busan, South Korea.",KRW,Industrials,Capital Goods,Aerospace & Defense,KSC,XKRX,KOSPI Stock Market,South Korea,,Busan,48058,https://www.hd-marinesolution.com,Mid Cap,KR7443060009,,BBG00YC8BJQ2,BBG00YC8BJQ2,BBG00YC8BJR1,False
450080.KS,Ecopro Mat,"Ecopro Mat is a company listed on the KOSPI Stock Market under the ticker 450080. It operates in the Chemicals industry within the Materials sector. The company is headquartered in Pohang, South Korea.",KRW,Materials,Materials,Chemicals,KSC,XKRX,KOSPI Stock Market,South Korea,,Pohang,28117,https://ecopromaterials.com,Mid Cap,KR7450080007,,BBG00JC3TVM4,BBG00JC3TVM4,BBG00JC3TVN3,False
453340.KS,Hyundai Green Food,"Hyundai Green Food is a company listed on the KOSPI Stock Market under the ticker 453340. It operates in the Food & Staples Retailing industry within the Consumer Staples sector. The company is headquartered in Yongin, South Korea.",KRW,Consumer Staples,Food & Staples Retailing,Food & Staples Retailing,KSC,XKRX,KOSPI Stock Market,South Korea,,Yongin,16827,https://www.hyundaigreenfood.com,Small Cap,KR7453340002,,BBG019Q12LK7,BBG019Q12LK7,BBG019Q12LP2,False
454910.KS,Doosan Robotics Inc.,"Doosan Robotics Inc. is a company listed on the KOSPI Stock Market under the ticker 454910. It operates in the Machinery industry within the Industrials sector. The company is headquartered in Suwon-si, South Korea.",KRW,Industrials,Capital Goods,Machinery,KSC,XKRX,KOSPI Stock Market,South Korea,,Suwon-si,07326,https://www.doosanrobotics.com,Mid Cap,KR7454910001,,BBG00CX1V045,BBG00CX1V045,BBG00CX1V036,False
456040.KS,OCI Company Ltd.,"OCI Company Ltd., together with its subsidiaries, manufactures and sells basic chemical products in Korea, the United States, China, Asia, Europe, and internationally. The company operates through four segments: Basic Chemicals, Carbon Chemicals, Energy Solutions, and Others. It provides basic chemicals, such as polysilicon used for solar power generation and semiconductors; phosphoric acid, which is used in semiconductor wafer etchant material, LCD etchant material, food additives, and metal surface treatment agents; hydrogen peroxide used as an environmentally friendly oxidant in healthcare, food, and cosmetic industries; fumed silica that is used in construction, automobile, semiconductors, etc.; and vacuum insulation panels. The company also offers petrochemical and carbon materials, including carbon black used as reinforcing rubber elasticity and color rubber, as well as ink, paint, and conductive materials; benzene, toluene, and xylene used as a base material; pitch used as a binding agent in anodes for aluminum smelting, and other binding applications; plasticizers that enhance flexibility, low-temperature resistance, and processability of PVC products; and TDI used in foam type products, such as the components of vehicles, beds, paints, and adhesives. In addition, it provides develops and operates solar PV energy and cogeneration power plants. Further, the company manufactures and sells percarbonate, solar tracker and panels, pesticides, coal tar, carbon black, as well as solar energy equipment and related materials. Additionally, it develops real estate; invests in and operates information system; supplies steam and hot water; and offers manpower and jobs for business support services. The company was formerly known as DC Chemical Co., Ltd. and changed its name to OCI Company Ltd. in April 2009. OCI Company Ltd. was founded in 1959 and is headquartered in Seoul, South Korea.",KRW,Materials,Materials,Chemicals,KSC,XKRX,KOSPI Stock Market,South Korea,,Seoul,04532,https://www.oci.co.kr,Mid Cap,KR7456040005,,BBG01BPC7CD2,BBG01BPC7CD2,BBG01BPC7CM2,False
457190.KS,"ISU Specialty Chemical Co., Ltd.","ISU Specialty Chemical Co., Ltd. is a company listed on the KOSPI Stock Market under the ticker 457190. It operates in the Chemicals industry within the Materials sector. The company is headquartered in Seoul, South Korea.",KRW,Materials,Materials,Chemicals,KSC,XKRX,KOSPI Stock Market,South Korea,,Seoul,06575,https://www.isuspecialtychemical.com,Small Cap,KR7457190007,,BBG01BTPJFP6,BBG01BTPJFP6,BBG01BTPJFT2,False
460860.KS,Dongkuk Steel Mill Company Limited,"Dongkuk Steel Mill Company Limited is a company listed on the KOSPI Stock Market under the ticker 460860. It operates in the Metals & Mining industry within the Materials sector. The company is headquartered in Seoul, South Korea.",KRW,Materials,Materials,Metals & Mining,KSC,XKRX,KOSPI Stock Market,South Korea,,Seoul,04539,https://www.dongkuksteel.com,Micro Cap,KR7460860000,,BBG01BY1R0R5,BBG01BY1R0R5,BBG01BY1R0W9,False
462870.KS,Shift Up,"Shift Up is a company listed on the KOSPI Stock Market under the ticker 462870. It operates in the Entertainment industry within the Communication Services sector. The company is headquartered in Seoul, South Korea.",KRW,Communication Services,Media & Entertainment,Entertainment,KSC,XKRX,KOSPI Stock Market,South Korea,,Seoul,06611,http://www.shiftup.co.kr,Small Cap,KR7462870007,,BBG018PPMCJ7,BBG018PPMCJ7,BBG018PPMCS7,False
480370.KS,CK Solution,"CK Solution is a company listed on the KOSPI Stock Market under the ticker 480370. It operates in the Machinery industry within the Industrials sector. The company is headquartered in Yongin-si, South Korea.",KRW,Industrials,Capital Goods,Machinery,KSC,XKRX,KOSPI Stock Market,South Korea,,Yongin-si,17064,https://www.cksolution.co.kr,Micro Cap,KR7480370006,,BBG01Q9RL3W7,BBG01Q9RL3W7,BBG01Q9RL419,False
481850.KS,"Shinhan Global Active REIT Co., Ltd.","Shinhan Global Active REIT Co., Ltd. is a company listed on the KOSPI Stock Market under the ticker 481850. It operates in the Equity Real Estate Investment Trusts (REITs) industry within the Real Estate sector. The company is headquartered in Seoul, South Korea.",KRW,Real Estate,Real Estate,Equity Real Estate Investment Trusts (REITs),KSC,XKRX,KOSPI Stock Market,South Korea,,Seoul,04520,http://shglobalreit.com,Nano Cap,KR7481850006,,BBG01N0W2VD2,BBG01N0W2VD2,BBG01N0W2VJ6,False
484870.KS,"MNC Solution Co., Ltd.","MNC Solution Co., Ltd. is a company listed on the KOSPI Stock Market under the ticker 484870. It operates in the Machinery industry within the Industrials sector. The company is headquartered in Changwon, South Korea.",KRW,Industrials,Capital Goods,Machinery,KSC,XKRX,KOSPI Stock Market,South Korea,,Changwon,51528,https://www.mncsolution.com/en,Small Cap,KR7484870001,,BBG01QPRFWG0,BBG01QPRFWG0,BBG01QPRFWL4,False
500001.KS,Shinhan K200 USD Futures BuySel,Shinhan K200 USD Futures BuySel is an Exchange Traded Note (ETN) or fund offered by Shinhan Investment Corporation that likely provides exposure to the KOSPI 200 index by utilizing USD-denominated futures contracts with a buy-sell strategy. It aims to generate returns based on the performance of the KOSPI 200 futures while managing currency risk.,KRW,Financials,Diversified Financials,,KSC,XKRX,KOSPI Stock Market,,,,,,,,,,,,False
500002.KS,Shinhan USD K200 Futures BuySel,Shinhan USD K200 Futures BuySel is an Exchange Traded Note (ETN) or fund offered by Shinhan Investment Corporation that likely provides exposure to the KOSPI 200 index by utilizing USD-denominated futures contracts with a buy-sell strategy. It aims to generate returns based on the performance of the KOSPI 200 futures while managing currency risk.,KRW,Financials,Diversified Financials,,KSC,XKRX,KOSPI Stock Market,,,,,,,,,,,,False
500020.KS,Shinhan Investment Corporation - Leverage DJIA Futures Fund,Shinhan Investment Corporation - Leverage DJIA Futures Fund is a leveraged fund offered by Shinhan Investment Corporation that seeks to provide magnified returns based on the performance of the Dow Jones Industrial Average (DJIA) futures. It likely uses financial instruments and strategies to amplify both gains and losses compared to a direct investment in DJIA futures.,KRW,Financials,Diversified Financials,,KSC,XKRX,KOSPI Stock Market,,,,,,,,,BBG00D8KD904,BBG00D8KD904,BBG00D8KD913,False
500040.KS,Shinhan Leverage Copper Futures,"Shinhan Leverage Copper Futures is a leveraged investment product offered by Shinhan, likely an Exchange Traded Note (ETN) or fund, that aims to provide magnified returns based on the performance of copper futures contracts. It uses financial leverage to amplify both the gains and losses associated with changes in the price of copper futures.",KRW,Materials,Materials,,KSC,XKRX,KOSPI Stock Market,,,,,,,,,BBG00M0H3RZ2,BBG00M0H3RZ2,BBG00M0H3S35,False
500043.KS,Shinhan K200 Condor 4/10% 2204-,"Shinhan K200 Condor 4/10% 2204- is a structured product or strategy, likely offered by Shinhan Investment Corporation, based on the KOSPI 200 index using a condor options strategy. The 4/10% likely refers to the strike price range of the options involved, and ""2204-"" indicates the expiration date (likely April 2022 or related to that period).",KRW,Financials,Diversified Financials,,KSC,XKRX,KOSPI Stock Market,,,,,,,,,,,,False
500044.KS,Shinhan K200 Condor 6/10% 2204-,"Shinhan K200 Condor 6/10% 2204- is a structured product or strategy, likely offered by Shinhan Investment Corporation, based on the KOSPI 200 index using a condor options strategy. The 6/10% likely refers to the strike price range of the options involved, and ""2204-"" indicates the expiration date (likely April 2022 or related to that period).",KRW,Financials,Diversified Financials,,KSC,XKRX,KOSPI Stock Market,,,,,,,,,,,,False
500045.KS,Shinhan S&P500 VIX S/T Futures,Shinhan S&P500 VIX S/T Futures is an Exchange Traded Note (ETN) or fund offered by Shinhan Investment Corporation that provides exposure to short-term futures contracts on the VIX (Volatility Index) related to the S&P 500. It allows investors to gain exposure to market volatility as measured by the VIX.,KRW,Financials,Diversified Financials,,KSC,XKRX,KOSPI Stock Market,,,,,,,,,,,,False
500046.KS,Shinhan K200 Mthly Short Strang,"Shinhan K200 Mthly Short Strang is a structured product or strategy, likely offered by Shinhan Investment Corporation, based on the KOSPI 200 index and utilizing a monthly short straddle strategy. This involves selling both a call and a put option on the KOSPI 200 with the same strike price and expiration date, aiming to profit from low volatility.",KRW,Financials,Diversified Financials,,KSC,XKRX,KOSPI Stock Market,,,,,,,,,,,,False
500047.KS,Shinhan K200 Mthly Short Strang,"Shinhan K200 Mthly Short Strang is a structured product or strategy, likely offered by Shinhan Investment Corporation, based on the KOSPI 200 index and utilizing a monthly short straddle strategy. This involves selling both a call and a put option on the KOSPI 200 with the same strike price and expiration date, aiming to profit from low volatility.",KRW,Financials,Diversified Financials,,KSC,XKRX,KOSPI Stock Market,,,,,,,,,,,,False
500048.KS,Shinhan K200 Strangle 3% Call 2,"Shinhan K200 Strangle 3% Call 2 is a structured product or strategy, likely offered by Shinhan Investment Corporation, based on the KOSPI 200 index and employing a strangle options strategy. The ""3% Call 2"" likely refers to the strike price of the call option being 3% above the current KOSPI 200 level and potentially indicates the number of call options involved.",KRW,Financials,Diversified Financials,,KSC,XKRX,KOSPI Stock Market,,,,,,,,,,,,False
500049.KS,Shinhan K200 Strangle 5% Call 2,"Shinhan K200 Strangle 5% Call 2 is a structured product or strategy, likely offered by Shinhan Investment Corporation, based on the KOSPI 200 index and employing a strangle options strategy. The ""5% Call 2"" likely refers to the strike price of the call option being 5% above the current KOSPI 200 level and potentially indicates the number of call options involved.",KRW,Financials,Diversified Financials,,KSC,XKRX,KOSPI Stock Market,,,,,,,,,,,,False
50F041.KS,POSCO,"POSCO, together with its subsidiaries, manufactures and sells steel rolled products and plates in South Korea and internationally. It operates through four segments: Steel, Construction, Trading, and Others. The company offers hot and cold rolled steel, stainless steel, plates, wire rods, and silicon steel sheets. It also plans, designs, and constructs industrial plants, civil engineering projects, and commercial and residential buildings; exports and imports steel products and raw materials; and generates electricity; produces gas and refuse derived fuel, as well as provides network and system integration, and logistics services. In addition, the company is involved in the engineering and construction; computer hardware and software distribution; economic research and consulting; business facility maintenance; architecture and consulting; investment in venture, energy, and bio tech industries; electronic commerce; intellectual property services and consulting; refractories and quicklime manufacturing and sales; transporting and warehousing; real estate development, rental, sale, and management; house and train manufacturing and management; and education and real estate business. Further, it engages in the resource development; mine development; business facility maintenance; fuel cell; iron ore and coal sales; and cargo handling business, as well as operates housing business agency. Additionally, the company manufactures and sells coated, and anode material. It also engages in loading and unloading; IT service and DVR; electric control engineering; forest resources development; refractory materials sales and furnace maintenance; rice processing; grain sales; packing materials manufacturing; and social enterprise businesses. POSCO was incorporated in 1968 and is headquartered in Pohang, South Korea.",KRW,Materials,Materials,Metals & Mining,KSC,XKRX,KOSPI Stock Market,South Korea,,Pohang,21998,http://www.posco.com,Large Cap,US6934831099,693483109,,,BBG001S65ZZ2,False
510009.KS,Daishin Inverse Iron Ore Future,Daishin Inverse Iron Ore Future is a fund or note that provides the inverse performance of iron ore futures. It is offered by Daishin Securities in South Korea. Investors use it to profit from or hedge against declines in iron ore prices.,KRW,Materials,Materials,Metals & Mining,KSC,XKRX,KOSPI Stock Market,,,,,,,,,,,,False
520004.KS,MiraeAsset Electronics Core5 ET,"MiraeAsset Electronics Core5 ET is an Exchange Traded Note (ETN) managed by Mirae Asset Daewoo Co., Ltd, focusing on tracking the performance of a basket of five core electronics companies in South Korea. The ETN provides investors with exposure to the leading companies in the South Korean electronics sector. It is listed on the Korea Exchange.",KRW,Information Technology,Technology Hardware & Equipment,,KSC,XKRX,KOSPI Stock Market,,,,,,,,,,,,False
520005.KS,MiraeAsset Inverse Electronics,"MiraeAsset Inverse Electronics is an Exchange Traded Note (ETN) managed by Mirae Asset Daewoo Co., Ltd, providing inverse exposure to the South Korean electronics sector. This ETN is designed to increase in value when the electronics sector declines. It is listed on the Korea Exchange.",KRW,Information Technology,Technology Hardware & Equipment,,KSC,XKRX,KOSPI Stock Market,,,,,,,,,,,,False
520006.KS,MiraeAsset EnergyChem. Core5 ET,"MiraeAsset EnergyChem. Core5 ET is an Exchange Traded Note (ETN) managed by Mirae Asset Daewoo Co., Ltd, focusing on tracking the performance of a basket of five core companies in the South Korean energy and chemical sectors. The ETN provides investors with exposure to the leading companies in the South Korean energy and chemical sectors. It is listed on the Korea Exchange.",KRW,Energy,Energy,,KSC,XKRX,KOSPI Stock Market,,,,,,,,,,,,False
520007.KS,MiraeAsset Inverse EnergyChem.,"MiraeAsset Inverse EnergyChem. is an Exchange Traded Note (ETN) managed by Mirae Asset Daewoo Co., Ltd, providing inverse exposure to the South Korean energy and chemical sectors. This ETN is designed to increase in value when the energy and chemical sectors decline. It is listed on the Korea Exchange.",KRW,Energy,Energy,,KSC,XKRX,KOSPI Stock Market,,,,,,,,,,,,False
520009.KS,MiraeAsset Leverage Crude Futur,"MiraeAsset Leverage Crude Futur is an Exchange Traded Note (ETN) managed by Mirae Asset Daewoo Co., Ltd, providing leveraged exposure to crude oil futures. This ETN seeks to amplify the daily returns of crude oil futures, offering investors the potential for higher gains but also greater risk. It is listed on the Korea Exchange.",KRW,Energy,Energy,"Oil, Gas & Consumable Fuels",KSC,XKRX,KOSPI Stock Market,,,,,,,,,BBG00CRD7597,BBG00CRD7597,BBG00CRD75B4,False
520011.KS,MiraeAsset Inverse Crude Future,"MiraeAsset Inverse Crude Future is an Exchange Traded Note (ETN) managed by Mirae Asset Daewoo Co., Ltd, providing inverse exposure to crude oil futures. This ETN is designed to increase in value when crude oil futures decline. It is listed on the Korea Exchange.",KRW,Energy,Energy,"Oil, Gas & Consumable Fuels",KSC,XKRX,KOSPI Stock Market,,,,,,,,,,,,False
520014.KS,"Mirae Asset Daewoo Co., Ltd.","Mirae Asset Securities Co., Ltd. offers a broad range of financial and brokerage solutions, encompassing wealth management, investment banking, and securities trading. The firm was established on September 23, 1970, and its headquarters are located in Seoul, South Korea.",KRW,Financials,Diversified Financials,Capital Markets,KSC,XKRX,KOSPI Stock Market,South Korea,,Seoul,,https://securities.miraeasset.com,Mid Cap,,,,,,False
520026.KS,MiraeAsset KOSPI ShortStrangle,"MiraeAsset KOSPI ShortStrangle is an Exchange Traded Note (ETN) managed by Mirae Asset Daewoo Co., Ltd, employing a short strangle strategy on the KOSPI index. A short strangle involves selling both a call and a put option on the same underlying asset, with different strike prices. It is listed on the Korea Exchange.",KRW,Financials,Banks,Banks,KSC,XKRX,KOSPI Stock Market,,,,,,,,,,,,False
520030.KS,MiraeAsset KRXGold Auto-KO-C 23,"MiraeAsset KRXGold Auto-KO-C 23 is an Exchange Traded Note (ETN) managed by Mirae Asset Daewoo Co., Ltd, providing exposure to gold and incorporating a knock-out feature. This ETN tracks the performance of gold and includes a mechanism where the note can be terminated if the price of gold reaches a certain level. It is listed on the Korea Exchange.",KRW,Financials,Banks,Banks,KSC,XKRX,KOSPI Stock Market,,,,,,,,,,,,False
52G221.KS,POSCO,"POSCO, together with its subsidiaries, manufactures and sells steel rolled products and plates in South Korea and internationally. It operates through four segments: Steel, Construction, Trading, and Others. The company offers hot and cold rolled steel, stainless steel, plates, wire rods, and silicon steel sheets. It also plans, designs, and constructs industrial plants, civil engineering projects, and commercial and residential buildings; exports and imports steel products and raw materials; and generates electricity; produces gas and refuse derived fuel, as well as provides network and system integration, and logistics services. In addition, the company is involved in the engineering and construction; computer hardware and software distribution; economic research and consulting; business facility maintenance; architecture and consulting; investment in venture, energy, and bio tech industries; electronic commerce; intellectual property services and consulting; refractories and quicklime manufacturing and sales; transporting and warehousing; real estate development, rental, sale, and management; house and train manufacturing and management; and education and real estate business. Further, it engages in the resource development; mine development; business facility maintenance; fuel cell; iron ore and coal sales; and cargo handling business, as well as operates housing business agency. Additionally, the company manufactures and sells coated, and anode material. It also engages in loading and unloading; IT service and DVR; electric control engineering; forest resources development; refractory materials sales and furnace maintenance; rice processing; grain sales; packing materials manufacturing; and social enterprise businesses. POSCO was incorporated in 1968 and is headquartered in Pohang, South Korea.",KRW,Materials,Materials,Metals & Mining,KSC,XKRX,KOSPI Stock Market,South Korea,,Pohang,21998,http://www.posco.com,Large Cap,US6934831099,693483109,,,BBG001S65ZZ2,False
52G468.KS,POSCO,"POSCO, together with its subsidiaries, manufactures and sells steel rolled products and plates in South Korea and internationally. It operates through four segments: Steel, Construction, Trading, and Others. The company offers hot and cold rolled steel, stainless steel, plates, wire rods, and silicon steel sheets. It also plans, designs, and constructs industrial plants, civil engineering projects, and commercial and residential buildings; exports and imports steel products and raw materials; and generates electricity; produces gas and refuse derived fuel, as well as provides network and system integration, and logistics services. In addition, the company is involved in the engineering and construction; computer hardware and software distribution; economic research and consulting; business facility maintenance; architecture and consulting; investment in venture, energy, and bio tech industries; electronic commerce; intellectual property services and consulting; refractories and quicklime manufacturing and sales; transporting and warehousing; real estate development, rental, sale, and management; house and train manufacturing and management; and education and real estate business. Further, it engages in the resource development; mine development; business facility maintenance; fuel cell; iron ore and coal sales; and cargo handling business, as well as operates housing business agency. Additionally, the company manufactures and sells coated, and anode material. It also engages in loading and unloading; IT service and DVR; electric control engineering; forest resources development; refractory materials sales and furnace maintenance; rice processing; grain sales; packing materials manufacturing; and social enterprise businesses. POSCO was incorporated in 1968 and is headquartered in Pohang, South Korea.",KRW,Materials,Materials,Metals & Mining,KSC,XKRX,KOSPI Stock Market,South Korea,,Pohang,21998,http://www.posco.com,Large Cap,US6934831099,693483109,,,BBG001S65ZZ2,False
52G469.KS,POSCO,"POSCO, together with its subsidiaries, manufactures and sells steel rolled products and plates in South Korea and internationally. It operates through four segments: Steel, Construction, Trading, and Others. The company offers hot and cold rolled steel, stainless steel, plates, wire rods, and silicon steel sheets. It also plans, designs, and constructs industrial plants, civil engineering projects, and commercial and residential buildings; exports and imports steel products and raw materials; and generates electricity; produces gas and refuse derived fuel, as well as provides network and system integration, and logistics services. In addition, the company is involved in the engineering and construction; computer hardware and software distribution; economic research and consulting; business facility maintenance; architecture and consulting; investment in venture, energy, and bio tech industries; electronic commerce; intellectual property services and consulting; refractories and quicklime manufacturing and sales; transporting and warehousing; real estate development, rental, sale, and management; house and train manufacturing and management; and education and real estate business. Further, it engages in the resource development; mine development; business facility maintenance; fuel cell; iron ore and coal sales; and cargo handling business, as well as operates housing business agency. Additionally, the company manufactures and sells coated, and anode material. It also engages in loading and unloading; IT service and DVR; electric control engineering; forest resources development; refractory materials sales and furnace maintenance; rice processing; grain sales; packing materials manufacturing; and social enterprise businesses. POSCO was incorporated in 1968 and is headquartered in Pohang, South Korea.",KRW,Materials,Materials,Metals & Mining,KSC,XKRX,KOSPI Stock Market,South Korea,,Pohang,21998,http://www.posco.com,Large Cap,US6934831099,693483109,,,BBG001S65ZZ2,False
52G470.KS,POSCO,"POSCO, together with its subsidiaries, manufactures and sells steel rolled products and plates in South Korea and internationally. It operates through four segments: Steel, Construction, Trading, and Others. The company offers hot and cold rolled steel, stainless steel, plates, wire rods, and silicon steel sheets. It also plans, designs, and constructs industrial plants, civil engineering projects, and commercial and residential buildings; exports and imports steel products and raw materials; and generates electricity; produces gas and refuse derived fuel, as well as provides network and system integration, and logistics services. In addition, the company is involved in the engineering and construction; computer hardware and software distribution; economic research and consulting; business facility maintenance; architecture and consulting; investment in venture, energy, and bio tech industries; electronic commerce; intellectual property services and consulting; refractories and quicklime manufacturing and sales; transporting and warehousing; real estate development, rental, sale, and management; house and train manufacturing and management; and education and real estate business. Further, it engages in the resource development; mine development; business facility maintenance; fuel cell; iron ore and coal sales; and cargo handling business, as well as operates housing business agency. Additionally, the company manufactures and sells coated, and anode material. It also engages in loading and unloading; IT service and DVR; electric control engineering; forest resources development; refractory materials sales and furnace maintenance; rice processing; grain sales; packing materials manufacturing; and social enterprise businesses. POSCO was incorporated in 1968 and is headquartered in Pohang, South Korea.",KRW,Materials,Materials,Metals & Mining,KSC,XKRX,KOSPI Stock Market,South Korea,,Pohang,21998,http://www.posco.com,Large Cap,US6934831099,693483109,,,BBG001S65ZZ2,False
530023.KS,Samsung Leverage ChinaA50 Futur,"This is a leveraged Exchange Traded Note (ETN) that tracks the China A50 futures index. As a leveraged ETN, it aims to provide a multiple (likely 2x) of the daily returns of the underlying index. It's issued by Samsung.",KRW,Financials,Banks,Banks,KSC,XKRX,KOSPI Stock Market,,,,,,,,,,,,False
530060.KS,Samsung KOSPI Short Strangle 5%,"This is an Exchange Traded Note (ETN) using a short strangle strategy on the KOSPI index with a 5% out-of-the-money (OTM) component. The strategy involves selling both a call and a put option with strike prices 5% away from the current index level, aiming to profit from low volatility. It's issued by Samsung.",KRW,Financials,Banks,Banks,KSC,XKRX,KOSPI Stock Market,,,,,,,,,BBG00MGY0KB2,BBG00MGY0KB2,BBG00MGY0KG7,False
530066.KS,Samsung KOSPI PutWrite 4% OTM E,"This is an Exchange Traded Note (ETN) that uses a PutWrite strategy on the KOSPI index, specifically writing put options that are 4% out-of-the-money (OTM). It aims to generate income from the premiums received for selling these put options. The ETN is issued by Samsung.",KRW,Financials,Banks,Banks,KSC,XKRX,KOSPI Stock Market,,,,,,,,,,,,False
550057.KS,QV KOSPI Vol Matching Strangle,This is an Exchange Traded Note (ETN) that employs a KOSPI Volatility Matching Strangle strategy. The ETN likely aims to generate returns by selling both call and put options on the KOSPI index while managing the volatility exposure. It is issued by QV.,KRW,Financials,Banks,Banks,KSC,XKRX,KOSPI Stock Market,,,,,,,,,,,,False
57G097.KS,POSCO,"POSCO, together with its subsidiaries, manufactures and sells steel rolled products and plates in South Korea and internationally. It operates through four segments: Steel, Construction, Trading, and Others. The company offers hot and cold rolled steel, stainless steel, plates, wire rods, and silicon steel sheets. It also plans, designs, and constructs industrial plants, civil engineering projects, and commercial and residential buildings; exports and imports steel products and raw materials; and generates electricity; produces gas and refuse derived fuel, as well as provides network and system integration, and logistics services. In addition, the company is involved in the engineering and construction; computer hardware and software distribution; economic research and consulting; business facility maintenance; architecture and consulting; investment in venture, energy, and bio tech industries; electronic commerce; intellectual property services and consulting; refractories and quicklime manufacturing and sales; transporting and warehousing; real estate development, rental, sale, and management; house and train manufacturing and management; and education and real estate business. Further, it engages in the resource development; mine development; business facility maintenance; fuel cell; iron ore and coal sales; and cargo handling business, as well as operates housing business agency. Additionally, the company manufactures and sells coated, and anode material. It also engages in loading and unloading; IT service and DVR; electric control engineering; forest resources development; refractory materials sales and furnace maintenance; rice processing; grain sales; packing materials manufacturing; and social enterprise businesses. POSCO was incorporated in 1968 and is headquartered in Pohang, South Korea.",KRW,Materials,Materials,Metals & Mining,KSC,XKRX,KOSPI Stock Market,South Korea,,Pohang,21998,http://www.posco.com,Large Cap,US6934831099,693483109,,,BBG001S65ZZ2,False
57G099.KS,POSCO,"POSCO, together with its subsidiaries, manufactures and sells steel rolled products and plates in South Korea and internationally. It operates through four segments: Steel, Construction, Trading, and Others. The company offers hot and cold rolled steel, stainless steel, plates, wire rods, and silicon steel sheets. It also plans, designs, and constructs industrial plants, civil engineering projects, and commercial and residential buildings; exports and imports steel products and raw materials; and generates electricity; produces gas and refuse derived fuel, as well as provides network and system integration, and logistics services. In addition, the company is involved in the engineering and construction; computer hardware and software distribution; economic research and consulting; business facility maintenance; architecture and consulting; investment in venture, energy, and bio tech industries; electronic commerce; intellectual property services and consulting; refractories and quicklime manufacturing and sales; transporting and warehousing; real estate development, rental, sale, and management; house and train manufacturing and management; and education and real estate business. Further, it engages in the resource development; mine development; business facility maintenance; fuel cell; iron ore and coal sales; and cargo handling business, as well as operates housing business agency. Additionally, the company manufactures and sells coated, and anode material. It also engages in loading and unloading; IT service and DVR; electric control engineering; forest resources development; refractory materials sales and furnace maintenance; rice processing; grain sales; packing materials manufacturing; and social enterprise businesses. POSCO was incorporated in 1968 and is headquartered in Pohang, South Korea.",KRW,Materials,Materials,Metals & Mining,KSC,XKRX,KOSPI Stock Market,South Korea,,Pohang,21998,http://www.posco.com,Large Cap,US6934831099,693483109,,,BBG001S65ZZ2,False
57G609.KS,POSCO,"POSCO, together with its subsidiaries, manufactures and sells steel rolled products and plates in South Korea and internationally. It operates through four segments: Steel, Construction, Trading, and Others. The company offers hot and cold rolled steel, stainless steel, plates, wire rods, and silicon steel sheets. It also plans, designs, and constructs industrial plants, civil engineering projects, and commercial and residential buildings; exports and imports steel products and raw materials; and generates electricity; produces gas and refuse derived fuel, as well as provides network and system integration, and logistics services. In addition, the company is involved in the engineering and construction; computer hardware and software distribution; economic research and consulting; business facility maintenance; architecture and consulting; investment in venture, energy, and bio tech industries; electronic commerce; intellectual property services and consulting; refractories and quicklime manufacturing and sales; transporting and warehousing; real estate development, rental, sale, and management; house and train manufacturing and management; and education and real estate business. Further, it engages in the resource development; mine development; business facility maintenance; fuel cell; iron ore and coal sales; and cargo handling business, as well as operates housing business agency. Additionally, the company manufactures and sells coated, and anode material. It also engages in loading and unloading; IT service and DVR; electric control engineering; forest resources development; refractory materials sales and furnace maintenance; rice processing; grain sales; packing materials manufacturing; and social enterprise businesses. POSCO was incorporated in 1968 and is headquartered in Pohang, South Korea.",KRW,Materials,Materials,Metals & Mining,KSC,XKRX,KOSPI Stock Market,South Korea,,Pohang,21998,http://www.posco.com,Large Cap,US6934831099,693483109,,,BBG001S65ZZ2,False
57G610.KS,POSCO,"POSCO, together with its subsidiaries, manufactures and sells steel rolled products and plates in South Korea and internationally. It operates through four segments: Steel, Construction, Trading, and Others. The company offers hot and cold rolled steel, stainless steel, plates, wire rods, and silicon steel sheets. It also plans, designs, and constructs industrial plants, civil engineering projects, and commercial and residential buildings; exports and imports steel products and raw materials; and generates electricity; produces gas and refuse derived fuel, as well as provides network and system integration, and logistics services. In addition, the company is involved in the engineering and construction; computer hardware and software distribution; economic research and consulting; business facility maintenance; architecture and consulting; investment in venture, energy, and bio tech industries; electronic commerce; intellectual property services and consulting; refractories and quicklime manufacturing and sales; transporting and warehousing; real estate development, rental, sale, and management; house and train manufacturing and management; and education and real estate business. Further, it engages in the resource development; mine development; business facility maintenance; fuel cell; iron ore and coal sales; and cargo handling business, as well as operates housing business agency. Additionally, the company manufactures and sells coated, and anode material. It also engages in loading and unloading; IT service and DVR; electric control engineering; forest resources development; refractory materials sales and furnace maintenance; rice processing; grain sales; packing materials manufacturing; and social enterprise businesses. POSCO was incorporated in 1968 and is headquartered in Pohang, South Korea.",KRW,Materials,Materials,Metals & Mining,KSC,XKRX,KOSPI Stock Market,South Korea,,Pohang,21998,http://www.posco.com,Large Cap,US6934831099,693483109,,,BBG001S65ZZ2,False
57G611.KS,POSCO,"POSCO, together with its subsidiaries, manufactures and sells steel rolled products and plates in South Korea and internationally. It operates through four segments: Steel, Construction, Trading, and Others. The company offers hot and cold rolled steel, stainless steel, plates, wire rods, and silicon steel sheets. It also plans, designs, and constructs industrial plants, civil engineering projects, and commercial and residential buildings; exports and imports steel products and raw materials; and generates electricity; produces gas and refuse derived fuel, as well as provides network and system integration, and logistics services. In addition, the company is involved in the engineering and construction; computer hardware and software distribution; economic research and consulting; business facility maintenance; architecture and consulting; investment in venture, energy, and bio tech industries; electronic commerce; intellectual property services and consulting; refractories and quicklime manufacturing and sales; transporting and warehousing; real estate development, rental, sale, and management; house and train manufacturing and management; and education and real estate business. Further, it engages in the resource development; mine development; business facility maintenance; fuel cell; iron ore and coal sales; and cargo handling business, as well as operates housing business agency. Additionally, the company manufactures and sells coated, and anode material. It also engages in loading and unloading; IT service and DVR; electric control engineering; forest resources development; refractory materials sales and furnace maintenance; rice processing; grain sales; packing materials manufacturing; and social enterprise businesses. POSCO was incorporated in 1968 and is headquartered in Pohang, South Korea.",KRW,Materials,Materials,Metals & Mining,KSC,XKRX,KOSPI Stock Market,South Korea,,Pohang,21998,http://www.posco.com,Large Cap,US6934831099,693483109,,,BBG001S65ZZ2,False
57G612.KS,POSCO,"POSCO, together with its subsidiaries, manufactures and sells steel rolled products and plates in South Korea and internationally. It operates through four segments: Steel, Construction, Trading, and Others. The company offers hot and cold rolled steel, stainless steel, plates, wire rods, and silicon steel sheets. It also plans, designs, and constructs industrial plants, civil engineering projects, and commercial and residential buildings; exports and imports steel products and raw materials; and generates electricity; produces gas and refuse derived fuel, as well as provides network and system integration, and logistics services. In addition, the company is involved in the engineering and construction; computer hardware and software distribution; economic research and consulting; business facility maintenance; architecture and consulting; investment in venture, energy, and bio tech industries; electronic commerce; intellectual property services and consulting; refractories and quicklime manufacturing and sales; transporting and warehousing; real estate development, rental, sale, and management; house and train manufacturing and management; and education and real estate business. Further, it engages in the resource development; mine development; business facility maintenance; fuel cell; iron ore and coal sales; and cargo handling business, as well as operates housing business agency. Additionally, the company manufactures and sells coated, and anode material. It also engages in loading and unloading; IT service and DVR; electric control engineering; forest resources development; refractory materials sales and furnace maintenance; rice processing; grain sales; packing materials manufacturing; and social enterprise businesses. POSCO was incorporated in 1968 and is headquartered in Pohang, South Korea.",KRW,Materials,Materials,Metals & Mining,KSC,XKRX,KOSPI Stock Market,South Korea,,Pohang,21998,http://www.posco.com,Large Cap,US6934831099,693483109,,,BBG001S65ZZ2,False
57G613.KS,POSCO,"POSCO, together with its subsidiaries, manufactures and sells steel rolled products and plates in South Korea and internationally. It operates through four segments: Steel, Construction, Trading, and Others. The company offers hot and cold rolled steel, stainless steel, plates, wire rods, and silicon steel sheets. It also plans, designs, and constructs industrial plants, civil engineering projects, and commercial and residential buildings; exports and imports steel products and raw materials; and generates electricity; produces gas and refuse derived fuel, as well as provides network and system integration, and logistics services. In addition, the company is involved in the engineering and construction; computer hardware and software distribution; economic research and consulting; business facility maintenance; architecture and consulting; investment in venture, energy, and bio tech industries; electronic commerce; intellectual property services and consulting; refractories and quicklime manufacturing and sales; transporting and warehousing; real estate development, rental, sale, and management; house and train manufacturing and management; and education and real estate business. Further, it engages in the resource development; mine development; business facility maintenance; fuel cell; iron ore and coal sales; and cargo handling business, as well as operates housing business agency. Additionally, the company manufactures and sells coated, and anode material. It also engages in loading and unloading; IT service and DVR; electric control engineering; forest resources development; refractory materials sales and furnace maintenance; rice processing; grain sales; packing materials manufacturing; and social enterprise businesses. POSCO was incorporated in 1968 and is headquartered in Pohang, South Korea.",KRW,Materials,Materials,Metals & Mining,KSC,XKRX,KOSPI Stock Market,South Korea,,Pohang,21998,http://www.posco.com,Large Cap,US6934831099,693483109,,,BBG001S65ZZ2,False
57G675.KS,POSCO,"POSCO, together with its subsidiaries, manufactures and sells steel rolled products and plates in South Korea and internationally. It operates through four segments: Steel, Construction, Trading, and Others. The company offers hot and cold rolled steel, stainless steel, plates, wire rods, and silicon steel sheets. It also plans, designs, and constructs industrial plants, civil engineering projects, and commercial and residential buildings; exports and imports steel products and raw materials; and generates electricity; produces gas and refuse derived fuel, as well as provides network and system integration, and logistics services. In addition, the company is involved in the engineering and construction; computer hardware and software distribution; economic research and consulting; business facility maintenance; architecture and consulting; investment in venture, energy, and bio tech industries; electronic commerce; intellectual property services and consulting; refractories and quicklime manufacturing and sales; transporting and warehousing; real estate development, rental, sale, and management; house and train manufacturing and management; and education and real estate business. Further, it engages in the resource development; mine development; business facility maintenance; fuel cell; iron ore and coal sales; and cargo handling business, as well as operates housing business agency. Additionally, the company manufactures and sells coated, and anode material. It also engages in loading and unloading; IT service and DVR; electric control engineering; forest resources development; refractory materials sales and furnace maintenance; rice processing; grain sales; packing materials manufacturing; and social enterprise businesses. POSCO was incorporated in 1968 and is headquartered in Pohang, South Korea.",KRW,Materials,Materials,Metals & Mining,KSC,XKRX,KOSPI Stock Market,South Korea,,Pohang,21998,http://www.posco.com,Large Cap,US6934831099,693483109,,,BBG001S65ZZ2,False
57GD09.KS,POSCO,"POSCO, together with its subsidiaries, manufactures and sells steel rolled products and plates in South Korea and internationally. It operates through four segments: Steel, Construction, Trading, and Others. The company offers hot and cold rolled steel, stainless steel, plates, wire rods, and silicon steel sheets. It also plans, designs, and constructs industrial plants, civil engineering projects, and commercial and residential buildings; exports and imports steel products and raw materials; and generates electricity; produces gas and refuse derived fuel, as well as provides network and system integration, and logistics services. In addition, the company is involved in the engineering and construction; computer hardware and software distribution; economic research and consulting; business facility maintenance; architecture and consulting; investment in venture, energy, and bio tech industries; electronic commerce; intellectual property services and consulting; refractories and quicklime manufacturing and sales; transporting and warehousing; real estate development, rental, sale, and management; house and train manufacturing and management; and education and real estate business. Further, it engages in the resource development; mine development; business facility maintenance; fuel cell; iron ore and coal sales; and cargo handling business, as well as operates housing business agency. Additionally, the company manufactures and sells coated, and anode material. It also engages in loading and unloading; IT service and DVR; electric control engineering; forest resources development; refractory materials sales and furnace maintenance; rice processing; grain sales; packing materials manufacturing; and social enterprise businesses. POSCO was incorporated in 1968 and is headquartered in Pohang, South Korea.",KRW,Materials,Materials,Metals & Mining,KSC,XKRX,KOSPI Stock Market,South Korea,,Pohang,21998,http://www.posco.com,Large Cap,US6934831099,693483109,,,BBG001S65ZZ2,False
57GD10.KS,POSCO,"POSCO, together with its subsidiaries, manufactures and sells steel rolled products and plates in South Korea and internationally. It operates through four segments: Steel, Construction, Trading, and Others. The company offers hot and cold rolled steel, stainless steel, plates, wire rods, and silicon steel sheets. It also plans, designs, and constructs industrial plants, civil engineering projects, and commercial and residential buildings; exports and imports steel products and raw materials; and generates electricity; produces gas and refuse derived fuel, as well as provides network and system integration, and logistics services. In addition, the company is involved in the engineering and construction; computer hardware and software distribution; economic research and consulting; business facility maintenance; architecture and consulting; investment in venture, energy, and bio tech industries; electronic commerce; intellectual property services and consulting; refractories and quicklime manufacturing and sales; transporting and warehousing; real estate development, rental, sale, and management; house and train manufacturing and management; and education and real estate business. Further, it engages in the resource development; mine development; business facility maintenance; fuel cell; iron ore and coal sales; and cargo handling business, as well as operates housing business agency. Additionally, the company manufactures and sells coated, and anode material. It also engages in loading and unloading; IT service and DVR; electric control engineering; forest resources development; refractory materials sales and furnace maintenance; rice processing; grain sales; packing materials manufacturing; and social enterprise businesses. POSCO was incorporated in 1968 and is headquartered in Pohang, South Korea.",KRW,Materials,Materials,Metals & Mining,KSC,XKRX,KOSPI Stock Market,South Korea,,Pohang,21998,http://www.posco.com,Large Cap,US6934831099,693483109,,,BBG001S65ZZ2,False
57GD11.KS,POSCO,"POSCO, together with its subsidiaries, manufactures and sells steel rolled products and plates in South Korea and internationally. It operates through four segments: Steel, Construction, Trading, and Others. The company offers hot and cold rolled steel, stainless steel, plates, wire rods, and silicon steel sheets. It also plans, designs, and constructs industrial plants, civil engineering projects, and commercial and residential buildings; exports and imports steel products and raw materials; and generates electricity; produces gas and refuse derived fuel, as well as provides network and system integration, and logistics services. In addition, the company is involved in the engineering and construction; computer hardware and software distribution; economic research and consulting; business facility maintenance; architecture and consulting; investment in venture, energy, and bio tech industries; electronic commerce; intellectual property services and consulting; refractories and quicklime manufacturing and sales; transporting and warehousing; real estate development, rental, sale, and management; house and train manufacturing and management; and education and real estate business. Further, it engages in the resource development; mine development; business facility maintenance; fuel cell; iron ore and coal sales; and cargo handling business, as well as operates housing business agency. Additionally, the company manufactures and sells coated, and anode material. It also engages in loading and unloading; IT service and DVR; electric control engineering; forest resources development; refractory materials sales and furnace maintenance; rice processing; grain sales; packing materials manufacturing; and social enterprise businesses. POSCO was incorporated in 1968 and is headquartered in Pohang, South Korea.",KRW,Materials,Materials,Metals & Mining,KSC,XKRX,KOSPI Stock Market,South Korea,,Pohang,21998,http://www.posco.com,Large Cap,US6934831099,693483109,,,BBG001S65ZZ2,False
57GD13.KS,POSCO,"POSCO, together with its subsidiaries, manufactures and sells steel rolled products and plates in South Korea and internationally. It operates through four segments: Steel, Construction, Trading, and Others. The company offers hot and cold rolled steel, stainless steel, plates, wire rods, and silicon steel sheets. It also plans, designs, and constructs industrial plants, civil engineering projects, and commercial and residential buildings; exports and imports steel products and raw materials; and generates electricity; produces gas and refuse derived fuel, as well as provides network and system integration, and logistics services. In addition, the company is involved in the engineering and construction; computer hardware and software distribution; economic research and consulting; business facility maintenance; architecture and consulting; investment in venture, energy, and bio tech industries; electronic commerce; intellectual property services and consulting; refractories and quicklime manufacturing and sales; transporting and warehousing; real estate development, rental, sale, and management; house and train manufacturing and management; and education and real estate business. Further, it engages in the resource development; mine development; business facility maintenance; fuel cell; iron ore and coal sales; and cargo handling business, as well as operates housing business agency. Additionally, the company manufactures and sells coated, and anode material. It also engages in loading and unloading; IT service and DVR; electric control engineering; forest resources development; refractory materials sales and furnace maintenance; rice processing; grain sales; packing materials manufacturing; and social enterprise businesses. POSCO was incorporated in 1968 and is headquartered in Pohang, South Korea.",KRW,Materials,Materials,Metals & Mining,KSC,XKRX,KOSPI Stock Market,South Korea,,Pohang,21998,http://www.posco.com,Large Cap,US6934831099,693483109,,,BBG001S65ZZ2,False
57GD87.KS,POSCO,"POSCO, together with its subsidiaries, manufactures and sells steel rolled products and plates in South Korea and internationally. It operates through four segments: Steel, Construction, Trading, and Others. The company offers hot and cold rolled steel, stainless steel, plates, wire rods, and silicon steel sheets. It also plans, designs, and constructs industrial plants, civil engineering projects, and commercial and residential buildings; exports and imports steel products and raw materials; and generates electricity; produces gas and refuse derived fuel, as well as provides network and system integration, and logistics services. In addition, the company is involved in the engineering and construction; computer hardware and software distribution; economic research and consulting; business facility maintenance; architecture and consulting; investment in venture, energy, and bio tech industries; electronic commerce; intellectual property services and consulting; refractories and quicklime manufacturing and sales; transporting and warehousing; real estate development, rental, sale, and management; house and train manufacturing and management; and education and real estate business. Further, it engages in the resource development; mine development; business facility maintenance; fuel cell; iron ore and coal sales; and cargo handling business, as well as operates housing business agency. Additionally, the company manufactures and sells coated, and anode material. It also engages in loading and unloading; IT service and DVR; electric control engineering; forest resources development; refractory materials sales and furnace maintenance; rice processing; grain sales; packing materials manufacturing; and social enterprise businesses. POSCO was incorporated in 1968 and is headquartered in Pohang, South Korea.",KRW,Materials,Materials,Metals & Mining,KSC,XKRX,KOSPI Stock Market,South Korea,,Pohang,21998,http://www.posco.com,Large Cap,US6934831099,693483109,,,BBG001S65ZZ2,False
58FH64.KS,POSCO,"POSCO, together with its subsidiaries, manufactures and sells steel rolled products and plates in South Korea and internationally. It operates through four segments: Steel, Construction, Trading, and Others. The company offers hot and cold rolled steel, stainless steel, plates, wire rods, and silicon steel sheets. It also plans, designs, and constructs industrial plants, civil engineering projects, and commercial and residential buildings; exports and imports steel products and raw materials; and generates electricity; produces gas and refuse derived fuel, as well as provides network and system integration, and logistics services. In addition, the company is involved in the engineering and construction; computer hardware and software distribution; economic research and consulting; business facility maintenance; architecture and consulting; investment in venture, energy, and bio tech industries; electronic commerce; intellectual property services and consulting; refractories and quicklime manufacturing and sales; transporting and warehousing; real estate development, rental, sale, and management; house and train manufacturing and management; and education and real estate business. Further, it engages in the resource development; mine development; business facility maintenance; fuel cell; iron ore and coal sales; and cargo handling business, as well as operates housing business agency. Additionally, the company manufactures and sells coated, and anode material. It also engages in loading and unloading; IT service and DVR; electric control engineering; forest resources development; refractory materials sales and furnace maintenance; rice processing; grain sales; packing materials manufacturing; and social enterprise businesses. POSCO was incorporated in 1968 and is headquartered in Pohang, South Korea.",KRW,Materials,Materials,Metals & Mining,KSC,XKRX,KOSPI Stock Market,South Korea,,Pohang,21998,http://www.posco.com,Large Cap,US6934831099,693483109,,,BBG001S65ZZ2,False
58G015.KS,POSCO,"POSCO, together with its subsidiaries, manufactures and sells steel rolled products and plates in South Korea and internationally. It operates through four segments: Steel, Construction, Trading, and Others. The company offers hot and cold rolled steel, stainless steel, plates, wire rods, and silicon steel sheets. It also plans, designs, and constructs industrial plants, civil engineering projects, and commercial and residential buildings; exports and imports steel products and raw materials; and generates electricity; produces gas and refuse derived fuel, as well as provides network and system integration, and logistics services. In addition, the company is involved in the engineering and construction; computer hardware and software distribution; economic research and consulting; business facility maintenance; architecture and consulting; investment in venture, energy, and bio tech industries; electronic commerce; intellectual property services and consulting; refractories and quicklime manufacturing and sales; transporting and warehousing; real estate development, rental, sale, and management; house and train manufacturing and management; and education and real estate business. Further, it engages in the resource development; mine development; business facility maintenance; fuel cell; iron ore and coal sales; and cargo handling business, as well as operates housing business agency. Additionally, the company manufactures and sells coated, and anode material. It also engages in loading and unloading; IT service and DVR; electric control engineering; forest resources development; refractory materials sales and furnace maintenance; rice processing; grain sales; packing materials manufacturing; and social enterprise businesses. POSCO was incorporated in 1968 and is headquartered in Pohang, South Korea.",KRW,Materials,Materials,Metals & Mining,KSC,XKRX,KOSPI Stock Market,South Korea,,Pohang,21998,http://www.posco.com,Large Cap,US6934831099,693483109,,,BBG001S65ZZ2,False
58G094.KS,POSCO,"POSCO, together with its subsidiaries, manufactures and sells steel rolled products and plates in South Korea and internationally. It operates through four segments: Steel, Construction, Trading, and Others. The company offers hot and cold rolled steel, stainless steel, plates, wire rods, and silicon steel sheets. It also plans, designs, and constructs industrial plants, civil engineering projects, and commercial and residential buildings; exports and imports steel products and raw materials; and generates electricity; produces gas and refuse derived fuel, as well as provides network and system integration, and logistics services. In addition, the company is involved in the engineering and construction; computer hardware and software distribution; economic research and consulting; business facility maintenance; architecture and consulting; investment in venture, energy, and bio tech industries; electronic commerce; intellectual property services and consulting; refractories and quicklime manufacturing and sales; transporting and warehousing; real estate development, rental, sale, and management; house and train manufacturing and management; and education and real estate business. Further, it engages in the resource development; mine development; business facility maintenance; fuel cell; iron ore and coal sales; and cargo handling business, as well as operates housing business agency. Additionally, the company manufactures and sells coated, and anode material. It also engages in loading and unloading; IT service and DVR; electric control engineering; forest resources development; refractory materials sales and furnace maintenance; rice processing; grain sales; packing materials manufacturing; and social enterprise businesses. POSCO was incorporated in 1968 and is headquartered in Pohang, South Korea.",KRW,Materials,Materials,Metals & Mining,KSC,XKRX,KOSPI Stock Market,South Korea,,Pohang,21998,http://www.posco.com,Large Cap,US6934831099,693483109,,,BBG001S65ZZ2,False
58G135.KS,POSCO,"POSCO, together with its subsidiaries, manufactures and sells steel rolled products and plates in South Korea and internationally. It operates through four segments: Steel, Construction, Trading, and Others. The company offers hot and cold rolled steel, stainless steel, plates, wire rods, and silicon steel sheets. It also plans, designs, and constructs industrial plants, civil engineering projects, and commercial and residential buildings; exports and imports steel products and raw materials; and generates electricity; produces gas and refuse derived fuel, as well as provides network and system integration, and logistics services. In addition, the company is involved in the engineering and construction; computer hardware and software distribution; economic research and consulting; business facility maintenance; architecture and consulting; investment in venture, energy, and bio tech industries; electronic commerce; intellectual property services and consulting; refractories and quicklime manufacturing and sales; transporting and warehousing; real estate development, rental, sale, and management; house and train manufacturing and management; and education and real estate business. Further, it engages in the resource development; mine development; business facility maintenance; fuel cell; iron ore and coal sales; and cargo handling business, as well as operates housing business agency. Additionally, the company manufactures and sells coated, and anode material. It also engages in loading and unloading; IT service and DVR; electric control engineering; forest resources development; refractory materials sales and furnace maintenance; rice processing; grain sales; packing materials manufacturing; and social enterprise businesses. POSCO was incorporated in 1968 and is headquartered in Pohang, South Korea.",KRW,Materials,Materials,Metals & Mining,KSC,XKRX,KOSPI Stock Market,South Korea,,Pohang,21998,http://www.posco.com,Large Cap,US6934831099,693483109,,,BBG001S65ZZ2,False
58G380.KS,POSCO,"POSCO, together with its subsidiaries, manufactures and sells steel rolled products and plates in South Korea and internationally. It operates through four segments: Steel, Construction, Trading, and Others. The company offers hot and cold rolled steel, stainless steel, plates, wire rods, and silicon steel sheets. It also plans, designs, and constructs industrial plants, civil engineering projects, and commercial and residential buildings; exports and imports steel products and raw materials; and generates electricity; produces gas and refuse derived fuel, as well as provides network and system integration, and logistics services. In addition, the company is involved in the engineering and construction; computer hardware and software distribution; economic research and consulting; business facility maintenance; architecture and consulting; investment in venture, energy, and bio tech industries; electronic commerce; intellectual property services and consulting; refractories and quicklime manufacturing and sales; transporting and warehousing; real estate development, rental, sale, and management; house and train manufacturing and management; and education and real estate business. Further, it engages in the resource development; mine development; business facility maintenance; fuel cell; iron ore and coal sales; and cargo handling business, as well as operates housing business agency. Additionally, the company manufactures and sells coated, and anode material. It also engages in loading and unloading; IT service and DVR; electric control engineering; forest resources development; refractory materials sales and furnace maintenance; rice processing; grain sales; packing materials manufacturing; and social enterprise businesses. POSCO was incorporated in 1968 and is headquartered in Pohang, South Korea.",KRW,Materials,Materials,Metals & Mining,KSC,XKRX,KOSPI Stock Market,South Korea,,Pohang,21998,http://www.posco.com,Large Cap,US6934831099,693483109,,,BBG001S65ZZ2,False
58G381.KS,POSCO,"POSCO, together with its subsidiaries, manufactures and sells steel rolled products and plates in South Korea and internationally. It operates through four segments: Steel, Construction, Trading, and Others. The company offers hot and cold rolled steel, stainless steel, plates, wire rods, and silicon steel sheets. It also plans, designs, and constructs industrial plants, civil engineering projects, and commercial and residential buildings; exports and imports steel products and raw materials; and generates electricity; produces gas and refuse derived fuel, as well as provides network and system integration, and logistics services. In addition, the company is involved in the engineering and construction; computer hardware and software distribution; economic research and consulting; business facility maintenance; architecture and consulting; investment in venture, energy, and bio tech industries; electronic commerce; intellectual property services and consulting; refractories and quicklime manufacturing and sales; transporting and warehousing; real estate development, rental, sale, and management; house and train manufacturing and management; and education and real estate business. Further, it engages in the resource development; mine development; business facility maintenance; fuel cell; iron ore and coal sales; and cargo handling business, as well as operates housing business agency. Additionally, the company manufactures and sells coated, and anode material. It also engages in loading and unloading; IT service and DVR; electric control engineering; forest resources development; refractory materials sales and furnace maintenance; rice processing; grain sales; packing materials manufacturing; and social enterprise businesses. POSCO was incorporated in 1968 and is headquartered in Pohang, South Korea.",KRW,Materials,Materials,Metals & Mining,KSC,XKRX,KOSPI Stock Market,South Korea,,Pohang,21998,http://www.posco.com,Large Cap,US6934831099,693483109,,,BBG001S65ZZ2,False
58G471.KS,POSCO,"POSCO, together with its subsidiaries, manufactures and sells steel rolled products and plates in South Korea and internationally. It operates through four segments: Steel, Construction, Trading, and Others. The company offers hot and cold rolled steel, stainless steel, plates, wire rods, and silicon steel sheets. It also plans, designs, and constructs industrial plants, civil engineering projects, and commercial and residential buildings; exports and imports steel products and raw materials; and generates electricity; produces gas and refuse derived fuel, as well as provides network and system integration, and logistics services. In addition, the company is involved in the engineering and construction; computer hardware and software distribution; economic research and consulting; business facility maintenance; architecture and consulting; investment in venture, energy, and bio tech industries; electronic commerce; intellectual property services and consulting; refractories and quicklime manufacturing and sales; transporting and warehousing; real estate development, rental, sale, and management; house and train manufacturing and management; and education and real estate business. Further, it engages in the resource development; mine development; business facility maintenance; fuel cell; iron ore and coal sales; and cargo handling business, as well as operates housing business agency. Additionally, the company manufactures and sells coated, and anode material. It also engages in loading and unloading; IT service and DVR; electric control engineering; forest resources development; refractory materials sales and furnace maintenance; rice processing; grain sales; packing materials manufacturing; and social enterprise businesses. POSCO was incorporated in 1968 and is headquartered in Pohang, South Korea.",KRW,Materials,Materials,Metals & Mining,KSC,XKRX,KOSPI Stock Market,South Korea,,Pohang,21998,http://www.posco.com,Large Cap,US6934831099,693483109,,,BBG001S65ZZ2,False
58G472.KS,POSCO,"POSCO, together with its subsidiaries, manufactures and sells steel rolled products and plates in South Korea and internationally. It operates through four segments: Steel, Construction, Trading, and Others. The company offers hot and cold rolled steel, stainless steel, plates, wire rods, and silicon steel sheets. It also plans, designs, and constructs industrial plants, civil engineering projects, and commercial and residential buildings; exports and imports steel products and raw materials; and generates electricity; produces gas and refuse derived fuel, as well as provides network and system integration, and logistics services. In addition, the company is involved in the engineering and construction; computer hardware and software distribution; economic research and consulting; business facility maintenance; architecture and consulting; investment in venture, energy, and bio tech industries; electronic commerce; intellectual property services and consulting; refractories and quicklime manufacturing and sales; transporting and warehousing; real estate development, rental, sale, and management; house and train manufacturing and management; and education and real estate business. Further, it engages in the resource development; mine development; business facility maintenance; fuel cell; iron ore and coal sales; and cargo handling business, as well as operates housing business agency. Additionally, the company manufactures and sells coated, and anode material. It also engages in loading and unloading; IT service and DVR; electric control engineering; forest resources development; refractory materials sales and furnace maintenance; rice processing; grain sales; packing materials manufacturing; and social enterprise businesses. POSCO was incorporated in 1968 and is headquartered in Pohang, South Korea.",KRW,Materials,Materials,Metals & Mining,KSC,XKRX,KOSPI Stock Market,South Korea,,Pohang,21998,http://www.posco.com,Large Cap,US6934831099,693483109,,,BBG001S65ZZ2,False
58G473.KS,POSCO,"POSCO, together with its subsidiaries, manufactures and sells steel rolled products and plates in South Korea and internationally. It operates through four segments: Steel, Construction, Trading, and Others. The company offers hot and cold rolled steel, stainless steel, plates, wire rods, and silicon steel sheets. It also plans, designs, and constructs industrial plants, civil engineering projects, and commercial and residential buildings; exports and imports steel products and raw materials; and generates electricity; produces gas and refuse derived fuel, as well as provides network and system integration, and logistics services. In addition, the company is involved in the engineering and construction; computer hardware and software distribution; economic research and consulting; business facility maintenance; architecture and consulting; investment in venture, energy, and bio tech industries; electronic commerce; intellectual property services and consulting; refractories and quicklime manufacturing and sales; transporting and warehousing; real estate development, rental, sale, and management; house and train manufacturing and management; and education and real estate business. Further, it engages in the resource development; mine development; business facility maintenance; fuel cell; iron ore and coal sales; and cargo handling business, as well as operates housing business agency. Additionally, the company manufactures and sells coated, and anode material. It also engages in loading and unloading; IT service and DVR; electric control engineering; forest resources development; refractory materials sales and furnace maintenance; rice processing; grain sales; packing materials manufacturing; and social enterprise businesses. POSCO was incorporated in 1968 and is headquartered in Pohang, South Korea.",KRW,Materials,Materials,Metals & Mining,KSC,XKRX,KOSPI Stock Market,South Korea,,Pohang,21998,http://www.posco.com,Large Cap,US6934831099,693483109,,,BBG001S65ZZ2,False
58G544.KS,POSCO,"POSCO, together with its subsidiaries, manufactures and sells steel rolled products and plates in South Korea and internationally. It operates through four segments: Steel, Construction, Trading, and Others. The company offers hot and cold rolled steel, stainless steel, plates, wire rods, and silicon steel sheets. It also plans, designs, and constructs industrial plants, civil engineering projects, and commercial and residential buildings; exports and imports steel products and raw materials; and generates electricity; produces gas and refuse derived fuel, as well as provides network and system integration, and logistics services. In addition, the company is involved in the engineering and construction; computer hardware and software distribution; economic research and consulting; business facility maintenance; architecture and consulting; investment in venture, energy, and bio tech industries; electronic commerce; intellectual property services and consulting; refractories and quicklime manufacturing and sales; transporting and warehousing; real estate development, rental, sale, and management; house and train manufacturing and management; and education and real estate business. Further, it engages in the resource development; mine development; business facility maintenance; fuel cell; iron ore and coal sales; and cargo handling business, as well as operates housing business agency. Additionally, the company manufactures and sells coated, and anode material. It also engages in loading and unloading; IT service and DVR; electric control engineering; forest resources development; refractory materials sales and furnace maintenance; rice processing; grain sales; packing materials manufacturing; and social enterprise businesses. POSCO was incorporated in 1968 and is headquartered in Pohang, South Korea.",KRW,Materials,Materials,Metals & Mining,KSC,XKRX,KOSPI Stock Market,South Korea,,Pohang,21998,http://www.posco.com,Large Cap,US6934831099,693483109,,,BBG001S65ZZ2,False
58G586.KS,POSCO,"POSCO, together with its subsidiaries, manufactures and sells steel rolled products and plates in South Korea and internationally. It operates through four segments: Steel, Construction, Trading, and Others. The company offers hot and cold rolled steel, stainless steel, plates, wire rods, and silicon steel sheets. It also plans, designs, and constructs industrial plants, civil engineering projects, and commercial and residential buildings; exports and imports steel products and raw materials; and generates electricity; produces gas and refuse derived fuel, as well as provides network and system integration, and logistics services. In addition, the company is involved in the engineering and construction; computer hardware and software distribution; economic research and consulting; business facility maintenance; architecture and consulting; investment in venture, energy, and bio tech industries; electronic commerce; intellectual property services and consulting; refractories and quicklime manufacturing and sales; transporting and warehousing; real estate development, rental, sale, and management; house and train manufacturing and management; and education and real estate business. Further, it engages in the resource development; mine development; business facility maintenance; fuel cell; iron ore and coal sales; and cargo handling business, as well as operates housing business agency. Additionally, the company manufactures and sells coated, and anode material. It also engages in loading and unloading; IT service and DVR; electric control engineering; forest resources development; refractory materials sales and furnace maintenance; rice processing; grain sales; packing materials manufacturing; and social enterprise businesses. POSCO was incorporated in 1968 and is headquartered in Pohang, South Korea.",KRW,Materials,Materials,Metals & Mining,KSC,XKRX,KOSPI Stock Market,South Korea,,Pohang,21998,http://www.posco.com,Large Cap,US6934831099,693483109,,,BBG001S65ZZ2,False
58G611.KS,POSCO,"POSCO, together with its subsidiaries, manufactures and sells steel rolled products and plates in South Korea and internationally. It operates through four segments: Steel, Construction, Trading, and Others. The company offers hot and cold rolled steel, stainless steel, plates, wire rods, and silicon steel sheets. It also plans, designs, and constructs industrial plants, civil engineering projects, and commercial and residential buildings; exports and imports steel products and raw materials; and generates electricity; produces gas and refuse derived fuel, as well as provides network and system integration, and logistics services. In addition, the company is involved in the engineering and construction; computer hardware and software distribution; economic research and consulting; business facility maintenance; architecture and consulting; investment in venture, energy, and bio tech industries; electronic commerce; intellectual property services and consulting; refractories and quicklime manufacturing and sales; transporting and warehousing; real estate development, rental, sale, and management; house and train manufacturing and management; and education and real estate business. Further, it engages in the resource development; mine development; business facility maintenance; fuel cell; iron ore and coal sales; and cargo handling business, as well as operates housing business agency. Additionally, the company manufactures and sells coated, and anode material. It also engages in loading and unloading; IT service and DVR; electric control engineering; forest resources development; refractory materials sales and furnace maintenance; rice processing; grain sales; packing materials manufacturing; and social enterprise businesses. POSCO was incorporated in 1968 and is headquartered in Pohang, South Korea.",KRW,Materials,Materials,Metals & Mining,KSC,XKRX,KOSPI Stock Market,South Korea,,Pohang,21998,http://www.posco.com,Large Cap,US6934831099,693483109,,,BBG001S65ZZ2,False
900140.KS,LVMC Holdings,"LVMC Holdings manufactures and distributes automobiles and motorcycles in Vietnam and internationally. The company sells automobiles, commercial trucks, and heavy equipment, as well as provides after-sales and installment finance services; and manufactures, sells, and exports DAEHAN brand cars. It also manufactures, sells, exports, and services motorcycles under the KOLAO name; sells parts and accessories of automobiles and motorcycles; and provides maintenance services for automobiles and motorcycles. In addition, LVMC Holdings engages in used car trading business; and providing rental services. The company was formerly known as KOLAO Holdings and changed its name to LVMC Holdings in 2018. LVMC Holdings was founded in 1997 and is based in Ho Chi Minh City, Vietnam.",KRW,Consumer Discretionary,Automobiles & Components,Automobiles,KSC,XKRX,KOSPI Stock Market,Vietnam,,Ho Chi Minh City,,http://www.lvmcholdings.net,Micro Cap,KYG5307W1015,,BBG0017TN2Y9,BBG0017TN2X0,BBG001TCSCD8,False
950210.KS,Prestige BioPharma Limited,"Prestige BioPharma Limited, a biopharmaceutical company, focuses on the development of biosimilars and new antibody therapeutics in the Asia Pacific. It primarily engages in the development of new and similar antibody drugs for solid tumor, pancreatic cancer, and arthritis. The company was founded in 2015 and is headquartered in Singapore.",KRW,Health Care,"Pharmaceuticals, Biotechnology & Life Sciences",Biotechnology,KSC,XKRX,KOSPI Stock Market,Singapore,,Singapore,118222,http://www.prestigebiopharma.com,Micro Cap,KR8702070002,,BBG00Y4Y6M38,BBG00Y4Y6M29,BBG00Y4Y6M65,False
