symbol,name,summary,currency,sector,industry_group,industry,exchange,mic,market,country,state,city,zipcode,website,market_cap,isin,cusip,figi,composite_figi,shareclass_figi,delisted
ABRD.ME,Public Joint Stock Company Abrau-Durso,"Public Joint Stock Company Abrau-Durso produces and sells wine in Russia. The company offers its wine under the Millezims, Alexander II, Brut D'Or Blanc De Blancs, Victor Dravigny, Imperial Domain, Russian Sparkling Wine, Abrau Light, Abrau Wine, and Foliage brand names. It also engages in the culinary school, hotel, spa, restaurant, cafe, event, and confectionery businesses. In addition, the company exports its products. The company was founded in 1870 and is headquartered in Moscow, Russia. Public Joint Stock Company Abrau-Durso is a subsidiary of OOO Aktiv-Media.",RUB,Consumer Staples,"Food, Beverage & Tobacco",Beverages,MCX,MISX,Moscow Exchange,Russia,,Moscow,117186,http://www.abraudurso.ru,Micro Cap,RU000A0JS5T7,X0000B109,BBG002W2FT69,BBG002W2FT69,BBG002W2FTB3,False
ACKO.ME,Public joint-stock company Asko-Strakhovanie,"Public joint-stock company Asko-Strakhovanie provides various insurance products and services in Russia. The company offers auto, property, health, business risk, employee voluntary medical, and accident insurance products. It also offers life and health insurance products for drivers and passengers. The company was formerly known as Public Join-Stock Company 'Insurance Company YUZHURAL-ASKO' and changed its name to Public joint-stock company Asko-Strakhovanie in June 2018. Public joint-stock company Asko-Strakhovanie is founded in 1990 and is based in Chelyabinsk, Russia.",RUB,Financials,Insurance,Insurance,MCX,MISX,Moscow Exchange,Russia,,Chelyabinsk,454091,http://www.acko.ru,Nano Cap,RU000A0JXS91,,BBG00HT224Q7,BBG00HT224Q7,BBG00H42M614,True
AFKS.ME,Sistema Public Joint Stock Financial Corporation,"Sistema Public Joint Stock Financial Corporation, together with its subsidiaries, operates in the telecommunications, retail, high technology, finance, pulp and paper, utilities, pharmaceuticals, healthcare, agriculture, real estate, and tourism businesses in Russia and internationally. The company operates through Mobile TeleSystems, Segezha Group, RTI, and Ozon Holdings Limited segments. It provides mobile and fixed voice, broadband, internet access, pay TV, cable and satellite television, digital, mobile application, financial and e-commerce, and content and entertainment services; and produces plywood, paper sacks, unbleached sack paper, and sawn timber products. The company also develops, manufactures, and supplies complex radar, information and integrated automated control systems and command centers, communications equipment, and electronic devices; and operates online platform for retail store, travel agency, electronic library, and various financial services, as well as healthcare facilities that offers prevention, diagnosis, treatment, and rehabilitation services for children and adults. In addition, it engages in the asset management and venture capital activities; crop and dairy farming, and vegetable and fruit growing activities; and developing and manufacturing of air-, sea-, and land-based systems; and civilian unmanned projects. Further, the company develops, manufactures, and sells pharmaceutical and generic drugs; owns, develops, constructs, and rents real estate properties; transmits and distributes electricity; and operates hotels, as well as children's and women's clothes and accessories, and underwear under the Acoola, Concept Club, and Infinity Lingerie brand names through a network of 350 stores. Sistema Public Joint Stock Financial Corporation was founded in 1993 and is based in Moscow, Russia.",RUB,Communication Services,Telecommunication Services,Diversified Telecommunication Services,MCX,MISX,Moscow Exchange,Russia,,Moscow,125009,http://www.sistema.com,Small Cap,US48122U2042,48122U204,,,BBG001SNPL84,False
AFLT.ME,Public Joint Stock Company Aeroflot - Russian Airlines,"Public Joint Stock Company Aeroflot - Russian Airlines, together with its subsidiaries, provides passenger and cargo air transportation services in Russia and internationally. It also offers other aviation services from Moscow Sheremetyevo Airport. In addition, the company provides airline catering, finance, education, and technical maintenance services, as well as operates a hotel. As of December 31, 2019, it operated a fleet of 359 aircraft. The company was founded in 1923 and is headquartered in Moscow, Russia.",RUB,Industrials,Transportation,Airlines,MCX,MISX,Moscow Exchange,Russia,,Moscow,119019,http://www.aeroflot.ru,Small Cap,RU0009062285,,BBG004S683W7,BBG004S683W7,BBG001S8STT4,False
AGRO.ME,Ros Agro PLC,"Ros Agro PLC operates as an integrated agricultural holding company in Russia and internationally. It operates through four segments: Sugar, Meat, Agriculture, and Oil and Fat. The Sugar segment engages in the production of white granulated sugar, cane sugar, white lump sugar, beet and betaine molasses, dried sugar beet cossettes, long grain/round grain raw rice, polished round and long grain rice, long grain steamed rice, buckwheat, and oat flakes. This segment markets its products under the Chaikofsky, Mon Cafe, Russkii Sakhar, Brauni, and Warm Traditions brand names. The Meat segment is involved in the breeding of livestock; and cultivation and production of pigs under the Slovo Myasnika brand. The Agriculture segment engages in the cultivation of sugar beet, wheat, barley, soya, corn, sunflower, and other agricultural crops; and dairy cattle livestock. The Oil and Fat segment is involved in the extraction and processing of vegetable oils; and production and sale of bottled vegetable oils, mayonnaise and sauces, margarine and spreads, jams, soaps, industrial fats, and meal, and mustard. This segment markets its products primarily under the Ya lublu gotovit, EZhK, Mechta Khosiaiki, Schedroye leto, Rossiyanka, Maslava, Formula chistoty, Uzor, Detskoe, Solnechniy luch, SolPro, and GRAND, Gotovim doma, Soyaco, Food Expert, and Colibri Fiori brand names. The company was formerly known as Matchzone Holdings Limited and changed its name to Ros Agro PLC in February 2011. Ros Agro PLC was founded in 1995 and is based in Nicosia, Cyprus.",RUB,Consumer Staples,Household & Personal Products,Household Products,MCX,MISX,Moscow Exchange,Cyprus,,Nicosia,1060,http://www.rusagrogroup.ru,Small Cap,US7496552057,749655205,BBG007N0Z376,BBG007N0Z367,BBG001T8KKJ1,True
AKRN.ME,Public Joint Stock Company Acron,"Public Joint Stock Company Acron, together with its subsidiaries, manufactures, distributes, and sells chemical fertilizers and related mineral primary and by-products. The company provides mineral fertilizers, including complex and nitrogen fertilizers; organic compounds comprising methanol, formalin, urea-formaldehyde resins, melamine-urea-formaldehyde resins, and dipping resins; and non-organic compounds, such as low and high density ammonium nitrate, conversion calcium carbonate, liquid carbon dioxide, and urea for diesel exhaust fluid production. It also offers rare earth elements (REE) from apatite concentrate process flows consisting of cerium, lanthanum, neodymium, and didymium, as well as concentrates of light, medium, and heavy REE; and apatite concentrate and ammonia. In addition, the company operates seaport terminals. It operates in Latin America, European Union, Russia, the United States, Canada, Asia, the People's Republic of China, Commonwealth of Independent States, and internationally. The company was incorporated in 1992 and is headquartered in Moscow, Russia. Public Joint Stock Company Acron is a subsidiary of JSC Acron Group.",RUB,Materials,Materials,Chemicals,MCX,MISX,Moscow Exchange,Russia,,Moscow,123610,http://www.acron.ru,Mid Cap,RU0009028674,,BBG004S688G4,BBG004S688G4,BBG001S8L4D3,False
ALBK.ME,Public Joint Stock Company Best Efforts Bank,"Public Joint Stock Company Best Efforts Bank provides a range of banking services to professional market participants in Russia. The company provides single cash position and portfolio margining services; and classical banking services, such as settlement and cash services to individual entrepreneurs, individuals in private practice, and credit institutions, as well as offers deposits and loans to individuals. It also acts as an intermediary for legal entities; provides custodial services; and offers access to the trading venues of Moscow and Saint-Petersburg Exchanges. In addition, the company focuses on IT and outsourcing solutions for its clients, as well as investment banking and customer services; and providing remote identification services of the client, as well as back office services for small and medium companies. It serves approximately 40 clients. The company was founded in 1990 and is based in Moscow, Russia. As of January 21, 2020, Public Joint Stock Company Best Efforts Bank operates as a subsidiary of Public Joint-Stock Company SAINT PETERSBURG EXCHANGE.",RUB,Financials,Banks,Banks,MCX,MISX,Moscow Exchange,Russia,,Moscow,127006,http://www.besteffortsbank.ru,Micro Cap,RU000A0JS2M9,,,,,True
ALNU.ME,PJSC ALROSA-Nyurba,"PJSC ALROSA-Nyurba engages in the mining of diamonds in Russia. It holds the mining licenses for the Nyurbinskoye and Botuobinskoye primary deposits in the Nyurba District of the Republic of Sakha. The company was formerly known as Open Joint Stock Company ALROSA-Nyurba and changed its name to PJSC ALROSA-Nyurba in December 2015. The company was founded in 1997 and is based in Moscow, Russia. PJSC ALROSA-Nyurba is a subsidiary of Public Joint Stock Company ALROSA.",RUB,Materials,Materials,Metals & Mining,MCX,MISX,Moscow Exchange,Russia,,Moscow,115184,http://eng.alrosa.ru/corporate-structure/ojsc-alrosa-nyurba-nyurba/,Small Cap,RU000A0JP468,,,,,True
ALRS.ME,Public Joint Stock Company ALROSA,"Public Joint Stock Company ALROSA, together with subsidiaries, operates as a diamond mining company. The company operates through Diamonds, Transportation, Social Infrastructure, and Other Activities segments. It is involved in the exploration and extraction of diamond reserves; and marketing and distribution of raw and cut diamonds. The company operates mining facilities in Mirny, Udachny, Aikhal, Nyurba, and Anabar located in Western Yakutia, as well as in the Arkhangelsk region. The company also offers airline, transportation, and financial services; and services at transportation terminals, ports, and airports. In addition, it engages in construction of sports complexes; and cultural facilities, such as cinemas and theatres and other social infrastructure. Further, the company extracts gas; and produces electricity. It operates in Belgium, Russia, India, the United Arab Emirates, Israel, China, Switzerland, Angola, the United Kingdom, the Republic of Botswana, Belarus, the United States, Armenia, and internationally. The company was founded in 1957 and is headquartered in Mirny, Russia.",RUB,Materials,Materials,Metals & Mining,MCX,MISX,Moscow Exchange,Russia,,Mirny,678174,http://www.alrosa.ru,Small Cap,RU0007252813,,BBG004S68B31,BBG004S68B31,BBG001SB2B32,False
AMEZ.ME,Public Joint Stock Company Ashinskiy metallurgical works,"Public Joint Stock Company 'Ashinskiy metallurgical works' operates as a metallurgical company in Russia. The company manufactures and sells amorphous and nanocrystalline alloys; hot-rolled and cold-rolled steel sheets; flat carbon and stainless sheets; ribbons and tape wires; and stainless steel durable products under the AMET brand. It serves household, chemical, aviation, and space industries. The company was founded in 1898 and is based in Chelyabinsk, Russia.",RUB,Materials,Materials,Metals & Mining,MCX,MISX,Moscow Exchange,Russia,,Chelyabinsk,456010,http://www.amet.ru,Micro Cap,RU000A0B88G6,,BBG000RJWGC4,BBG000RJWGC4,BBG001SL4LG2,False
APRI.ME,PJSC APRI,"PJSC APRI is a company listed on the Moscow Exchange under the ticker APRI. It operates in the Commercial & Professional Services industry within the Industrials sector. The company is headquartered in Chelyabinsk, Russia.",RUB,Industrials,Commercial & Professional Services,,MCX,MISX,Moscow Exchange,Russia,,Chelyabinsk,454091,https://www.aprigroup.ph,Nano Cap,RU000A108LJ5,,BBG01P16YV48,BBG01P16YV48,BBG01P16YV93,False
APTK.ME,Public Joint-Stock Company Pharmacy Chain 36.6,"Public Joint-Stock Company Pharmacy Chain 36.6 operates pharmacies in Russia. Its pharmacies offer health and beauty products. The company serves customers under the 36.6, Romir, and Gorzdrav brands. Public Joint-Stock Company Pharmacy Chain 36.6 was founded in 1991 and is based in Moscow, Russia.",RUB,Health Care,"Pharmaceuticals, Biotechnology & Life Sciences",Pharmaceuticals,MCX,MISX,Moscow Exchange,Russia,,Moscow,121096,http://pharmacychain366.ru,Small Cap,RU0008081765,,BBG000NSZ487,BBG000NSZ487,BBG001S7YK27,False
AQUA.ME,PJSC Russian Aquaculture,"PJSC Russian Aquaculture engages in the farming and distribution of fish and caviar in the Republic of Karelia and Murmansk region, Russia. It cultivates red fish products, such as Atlantic salmon and rainbow trout. The company was formerly known as OJSC Russian Sea Group and changed its name to PJSC Russian Aquaculture in February 2015. PJSC Russian Aquaculture was founded in 1997 and is headquartered in Moscow, Russia.",RUB,Consumer Staples,"Food, Beverage & Tobacco",Food Products,MCX,MISX,Moscow Exchange,Russia,,Moscow,121353,http://www.russaquaculture.ru,Small Cap,RU000A0JQTS3,X74360102,BBG000W325F7,BBG000W325F7,BBG001SV1113,False
ARSA.ME,Arsagera Asset Management,"Arsagera Asset Management is a publicly owned investment manager. The firm provides its services to individuals. It manages equity, fixed income and balanced mutual funds for its clients. It invests in bonds and equity. Arsagera Asset Management is based in Saint-Petersburg, Russia.",RUB,Financials,Diversified Financials,Capital Markets,MCX,MISX,Moscow Exchange,Russia,,Saint-Petersburg,,http://www.arsagera.ru,Nano Cap,RU000A0JP0Q7,,BBG000VBMPW5,BBG000VBMPW5,BBG001T20DK0,False
ASSB.ME,Astrakhan Power Sale Company Public Joint-Stock Company,"Astrakhan Power Sale Company Public Joint Stock Company supplies power primarily in Russia. It purchases and sells electricity to consumers, industrial enterprises, social infrastructure facilities, housing and communal services, and commercial organizations. The company is headquartered in Astrakhan, Russia.",RUB,Utilities,Utilities,Electric Utilities,MCX,MISX,Moscow Exchange,Russia,,Astrakhan,414000,http://www.astsbyt.ru,Nano Cap,RU000A0D8MM8,,BBG000FJ8645,BBG000FJ8645,BBG001SNL5V7,False
ASTR.ME,PJSC Astra Group,"PJSC Astra Group is a company listed on the Moscow Exchange under the ticker ASTR. It operates in the IT Services industry within the Information Technology sector. The company is headquartered in Moscow, Russia.",RUB,Information Technology,Software & Services,IT Services,MCX,MISX,Moscow Exchange,Russia,,Moscow,117105,,Small Cap,RU000A106T36,,BBG01JRXN2X9,BBG01JRXN2X9,BBG01JRXN312,False
AVAN.ME,AVANGARD Joint Stock BANK,"AVANGARD Joint Stock BANK provides various banking products and services to individual and corporate clients in Russia. The company offers deposits, car loans, and bank and corporate cards; and securities and precious metals transaction, safe box, settlement and cash, currency control, and money transfer services, as well as Internet banking services. It is also involved in the documentary operations; and the financing of import contracts. The company operates 300 offices in 75 cities. AVANGARD Joint Stock BANK was founded in 1994 and is based in Moscow, Russia.",RUB,Financials,Banks,Banks,MCX,MISX,Moscow Exchange,Russia,,Moscow,115035,http://www.avangard.ru,Small Cap,RU000A0DM7B3,05379B107,BBG000BTX3H2,BBG000BTX3H2,BBG001SHTBD9,False
BANE.ME,Public Joint Stock Oil Company Bashneft,"Public Joint Stock Oil Company Bashneft engages in the development and implementation, exploration, production, and refining of oil reserves in Russia. The company's primary oil producing regions includes the Volga-Ural province, Timan-Pechora, and Western Siberia. It produces and sells motor fuels. The company was founded in 1932 and is based in Moscow, Russia. Public Joint Stock Oil Company Bashneft is a subsidiary of Public Joint Stock Company Rosneft Oil Company.",RUB,Energy,Energy,"Oil, Gas & Consumable Fuels",MCX,MISX,Moscow Exchange,Russia,,Moscow,119180,http://www.bashneft.ru,Mid Cap,RU0007976957,,BBG004S68758,BBG004S68758,BBG001SHZMS2,False
BANEP.ME,Public Joint Stock Oil Company Bashneft,"Public Joint Stock Oil Company Bashneft engages in the development and implementation, exploration, production, and refining of oil reserves in Russia. The company's primary oil producing regions includes the Volga-Ural province, Timan-Pechora, and Western Siberia. It produces and sells motor fuels. The company was founded in 1932 and is based in Moscow, Russia. Public Joint Stock Oil Company Bashneft is a subsidiary of Public Joint Stock Company Rosneft Oil Company.",RUB,Energy,Energy,"Oil, Gas & Consumable Fuels",MCX,MISX,Moscow Exchange,Russia,,Moscow,119180,http://www.bashneft.ru,Mid Cap,RU0007976965,,BBG004S686N0,BBG004S686N0,BBG001SK7LC5,False
BELU.ME,NovaBev Group PJSC,"NovaBev Group PJSC, together with its subsidiaries, engages in the production, wholesale, and retail of distilled alcohol and food products in Russia and internationally. It operates through three segments: Alcohol, Retail, and Food Production. The company provides vodkas primarily under the Beluga, Myagkov, Belenkaya, Russian Ice, Tsar, White owl, and Arkhangelskaya brands; and brandy primarily under the Bastion, Zolotoy Rezerv, Staraya Gvardia, and Kamenniy Lev brands, as well as bitter under the Doctor August, Beluga Hunting, and Captain's brands. It also offers absinthe, balm, wine, whiskey, gin, calvados, cognac, liquor, tincture, rum, and tequila. The company was formerly known as Public Joint- Stock Company ‘Synergy' and changed its name to NovaBev Group PJSC in June 2017. NovaBev Group PJSC was founded in 1998 and is based in Moscow, Russia.",RUB,Consumer Staples,"Food, Beverage & Tobacco",Beverages,MCX,MISX,Moscow Exchange,Russia,,Moscow,119180,http://www.belugagroup.ru,Small Cap,RU000A0HL5M1,,BBG000TY1C41,BBG000TY1C41,BBG001T0QMF2,False
BISVP.ME,Public Joint-Stock Company Bashinformsvyaz RUB1 PRF'A'(USD),"Public Joint-Stock Company Bashinformsvyaz provides telecommunications services in the Republic of Bashkortostan, Russia, offering fixed-line telephony, mobile communications, internet access, and digital television. The company targets both residential and corporate customers. The company is headquartered in Ufa, Russia.",RUB,Communication Services,Telecommunication Services,,MCX,MISX,Moscow Exchange,Russia,,,,,Micro Cap,RU0009100176,,BBG000KGXMN1,BBG000KGXMN1,BBG001SB8GL5,False
BLNG.ME,Belon Joint Stock Company,"Belon Joint Stock Company extracts, processes, and produces coal and related products in Russia. It offers coking coal and concentrates. The company was founded in 1991 and is based in Belovo, Russia. Belon Joint Stock Company is a subsidiary of MMK - Mining Assets Management S.A.",RUB,Materials,Materials,Metals & Mining,MCX,MISX,Moscow Exchange,Russia,,Belovo,652607,http://www.belon.ru,Micro Cap,RU000A0J2QG8,,BBG000VQWH86,BBG000VQWH86,BBG001SR2GQ1,False
BRZL.ME,Public Joint Stock Company Buryatzoloto,"Public Joint Stock Company Buryatzoloto engages in the exploration and production of gold properties in the Republic of Buryatia. The company also explores for silver deposits. It owns two underground mines, including Kholbinsky and Irokinda mines located in the Republic of Buryatia. The company was founded in 1991 and is based in Ulan-Ude, Russia. Public Joint Stock Company Buryatzoloto operates as a subsidiary of Nord Gold SE.",RUB,Materials,Materials,Metals & Mining,MCX,MISX,Moscow Exchange,Russia,,Ulan-Ude,670045,http://www.buryatzoloto.ru,Micro Cap,RU0009288658,,BBG002B24058,BBG002B24058,BBG001SBH2V5,False
BSPB.ME,Bank Saint-Petersburg Public Joint-Stock Company,"“Bank “Saint-Petersburg” Public Joint-Stock Company, a universal bank, provides a range of banking products and services to individuals and corporates in Russia. The company's Corporate Banking division offers payment and settlement services, corporate loans, investment banking services, risk hedging solutions, and deposits. It also provides loans to small and medium enterprises comprising working capital, purchase equipment, vehicles, real estate, and other property finance; loans to agricultural enterprises; and a range of services related to documentary operations and international trade finance, as well as develops services for Exim companies. The company's Retail Banking division offers term deposits and current accounts; payments and transfers solutions; and mortgage, car, and consumer loans, as well as issues bank cards and provides related services. Its Private Banking division provides products and services to individuals, including concierge services related to traveling, creation of wine collections, real estate purchase, and art-banking. The company's Digital Banking division offers e-banking system for retail customers; and Internet banking services through i.bspb.ru, as well as mobile banking applications. The company operates 58 offices in Saint Petersburg; 1 branch and 1 office in Moscow; and 1 branch and 5 offices Kaliningrad, as well as the Leningrad region and Novosibirsk. The company was founded in 1990 and is headquartered in Saint Petersburg, Russia.",RUB,Financials,Banks,Banks,MCX,MISX,Moscow Exchange,Russia,,Saint Petersburg,195112,http://www.bspb.ru,Small Cap,RU0009100945,,BBG000QJW156,BBG000QJW156,BBG001S7D3Z2,False
BSPBP.ME,BANK ST PETERSBURG,"Bank St. Petersburg is a Russian regional bank offering a range of financial services including retail banking, corporate banking, and investment services. The bank operates primarily in the Northwestern region of Russia, with its headquarters in St. Petersburg. It serves both individuals and businesses with banking solutions.",RUB,Financials,Banks,,MCX,MISX,Moscow Exchange,Russia,,,,,,,,BBG00Z197548,BBG00Z197548,BBG00Z197593,False
CBOM.ME,Credit Bank of Moscow (public joint-stock company),"Credit Bank of Moscow public joint-stock company provides various banking products and services in Russia. The company operates through six segments: Corporate Business, Retail Banking, Investment, Treasury, Cash Operations, and Subsidiary Banks. The Corporate Business segment offers corporate and overdraft lending, factoring, financial and operating leasing, letters of credit, guarantees, corporate deposit, and settlements and money transfer services. The Retail Banking segment provides retail demand and term deposit services; retail lending, including cash loans, car loans and mortgages, and private banking services; and banking card products, as well as settlements services. The Investment segment engages in the provision of securities trading and brokerage in securities, repo transactions, and foreign exchange services. The Treasury segment offers interbank lending and borrowings from banks, as well as issues domestic bonds and promissory notes. The Cash Operations segment engages in cash handling, calculation, and transportation activities. The Subsidiary Banks segment consists of JSC “RUSNARBANK”, Investment Bank VESTA (LLC), and LLC “Bank SKS”. It operates through 132 branches, 1,008 ATMs, and 6,784 payment terminals. The company was founded in 1992 and is based in Moscow, Russia. Credit Bank of Moscow public joint-stock company is a subsidiary of Limited Liability Company Concern ROSSIUM",RUB,Financials,Banks,Banks,MCX,MISX,Moscow Exchange,Russia,,Moscow,107045,http://mkb.ru,Mid Cap,RU000A0JUG31,,BBG009GSYN76,BBG009GSYN76,BBG001TC2HV5,False
CHEP.ME,Public Joint Stock Company Chelyabinsk Pipe-Rolling Plant,"Public Joint Stock Company Chelyabinsk Pipe Plant produces and sells welded and seamless steel pipe products for fuel and energy industries in Russia. The company operates through four segments: Steel Pipe Production, Oilfield Services, Trunk Pipeline Systems, and Scrap Procurement. It offers casings, tubing, boiler tubes, cold-finished and hot-finished pipes and tubes, small-diameter welded pipes, and stainless steel pipes; pipeline transport; and high pressure pumps. The company pipeline fittings, which include tee, elbow, reducer, cap, split tees, cold and hot induction bends, and 3D bends products. In addition, it offers ball, bellows-type globe, check, globe, and swing check valves; electrical submersible motors; gas separators and dispersers; surface pumping system; and perforated liner products. It serves oil and gas industry, housing, utilities infrastructure, and industrial applications. It exports its products to the European Union, the Commonwealth of Independent States, North America, the Middle East, and North Africa. The company was founded in 1942 and is based in Chelyabinsk, Russia. As of March 16, 2021, Public Joint Stock Company ""Chelyabinsk Pipe-Rolling Plant"" operates as a subsidiary of PAO TMK.",RUB,Industrials,Capital Goods,Machinery,MCX,MISX,Moscow Exchange,Russia,,Chelyabinsk,454129,http://www.chelpipe.ru,Small Cap,RU0009066807,,,,,True
CHGZ.ME,Public Joint Stock Company RN-Western Siberia,"Public Joint Stock Company RN-Western Siberia provides legal, libraries, and archiving services in Russia. The company was formerly known as Public Joint Stock Company Chernogorneft and changed its name to Public Joint Stock Company RN-Western Siberia in December 2016. The company was founded in 1992 and is based in Nizhnevartovsk, Russia. Public Joint Stock Company RN-Western Siberia is a subsidiary of Joint Stock Company ""RN Holding"".",RUB,Energy,Energy,"Oil, Gas & Consumable Fuels",MCX,MISX,Moscow Exchange,Russia,,Nizhnevartovsk,628609,https://www.rosneft.ru,Nano Cap,RU0009082291,,BBG000NLLWQ5,BBG000NLLWQ5,BBG001S74426,False
CHKZ.ME,"Chelyabinsk Forge-and-Press Plant, Public Joint Stock Company","Chelyabinsk Forge-and-Press Plant, Public Joint Stock Company operates as a forging company in Russia and internationally. The company offers hot-die forgings and machined parts, cold sheet-metal stampings, flanges, wheels and rims, and special purpose vehicles, as well as finished pipeline fittings. It serves automotive and agriculture industries. The company was founded in 1942 and is based in Chelyabinsk, Russia.",RUB,Industrials,Capital Goods,Machinery,MCX,MISX,Moscow Exchange,Russia,,Chelyabinsk,454012,http://www.chkpz.ru,Micro Cap,RU000A0JNST0,,BBG000VQM8Q7,BBG000VQM8Q7,BBG001SQST41,False
CHMF.ME,PAO Severstal,"PAO Severstal, together with its subsidiaries, operates as an integrated steel and steel-related mining company in Russia, Europe, CIS, the Middle East, North America, Africa, Central and South America, and Asia. The company operates through two segments, Severstal Resources and Severstal Russian Steel. It produces iron ore pellets, iron ore concentrates, crushed stones, and ferrite strontium powder; and coking and steam coal, and coking coal concentrates; blast furnace unfluxed and fluxed pellets, as well as iron ore to steel producers. The company also provides flat and long-rolled products, hot and cold-rolled flat products, galvanized and color coated products, and long-steel applications for use in automotive and construction industry; pipes for use in oil and gas pipeline projects; and cold-drawn steel products, steel shapes, railway fasteners, low carbon and high carbon wires, nails, steel fiber products, steel wire ropes, wire strands, steel meshes and fasteners, and carbonyl iron powders. In addition, it engages in repair and steel construction, air transport, scrap processing, steel machining, and shipping operations. The company offers metal products for construction and service processing, oil and gas, tube and pipe, machinery, automotive, and other companies. The company was formerly known as Open Joint-Stock Company Severstal and changed its name to PAO Severstal in December 2014. PAO Severstal was founded in 1955 and is headquartered in Moscow, Russia.",RUB,Materials,Materials,Metals & Mining,MCX,MISX,Moscow Exchange,Russia,,Moscow,127299,http://www.severstal.com,Mid Cap,RU0009046510,,BBG00475K6C3,BBG00475K6C3,BBG001S8JNY1,False
CHMK.ME,Chelyabinsk Metallurgical Plant PAO,"Chelyabinsk Metallurgical Plant PAO manufactures and sells steel products in Russia. It offers pig iron and steel semi-finished products; flat products, including hot-rolled plates, sheets, and strips, as well as cold-rolled sheets and strips; long products comprising hot-rolled round steel bars, wire rods, and reinforcing steel bars; rolled sections; and rail profiles. The company's products are used in various industries, such as nuclear, heavy and chemical engineering, power, automobile and agricultural machine building, and bearing and pipe-rolling plants. It also offers its products for constructors; and producers of medical equipment and instruments. The company is based in Chelyabinsk, Russia. Chelyabinsk Metallurgical Plant PAO is a subsidiary of Mechel PAO.",RUB,Materials,Materials,Metals & Mining,MCX,MISX,Moscow Exchange,Russia,,Chelyabinsk,454047,http://www.mechel.com/sector/steel/chelyabinskiy-metallurgicheskiy-kombinat/,Micro Cap,RU0007665170,,BBG000RP8V70,BBG000RP8V70,BBG001S8PJQ2,False
CNTL.ME,Central Telegraph Public Joint Stock Company,"Central Telegraph Public Joint Stock Company provides telecommunication services to individuals and legal entities, and telecommunications operators in Russia. It offers fixed and mobile telephony; Internet access and IPTV; communication channels leasing services; documentary telecommunications; and business solutions, such as virtual office station IP PBX, video surveillance, and the office-key. The company also provides telegram and telex services; and solutions for small and medium-sized, and large businesses. It offers its services through a multi-service network of 4,900 kilometers. The company was founded in 1852 and is based in Moscow, Russia. Central Telegraph Public Joint Stock Company is a subsidiary of Public Joint Stock Company Long-Distance and International Telecommunications Rostelecom.",RUB,Communication Services,Telecommunication Services,Diversified Telecommunication Services,MCX,MISX,Moscow Exchange,Russia,,Moscow,125375,http://www.moscow.cnt.ru,Nano Cap,RU0007665147,,BBG000MMC8L2,BBG000MMC8L2,BBG001S63BZ7,False
CNTLP.ME,Central Telegraph Public Joint Stock Company,"Central Telegraph Public Joint Stock Company provides telecommunication services to individuals and legal entities, and telecommunications operators in Russia. It offers fixed and mobile telephony; Internet access and IPTV; communication channels leasing services; documentary telecommunications; and business solutions, such as virtual office station IP PBX, video surveillance, and the office-key. The company also provides telegram and telex services; and solutions for small and medium-sized, and large businesses. It offers its services through a multi-service network of 4,900 kilometers. The company was founded in 1852 and is based in Moscow, Russia. Central Telegraph Public Joint Stock Company is a subsidiary of Public Joint Stock Company Long-Distance and International Telecommunications Rostelecom.",RUB,Communication Services,Telecommunication Services,Diversified Telecommunication Services,MCX,MISX,Moscow Exchange,Russia,,Moscow,125375,http://www.moscow.cnt.ru,Nano Cap,RU0007665139,,BBG0027F0Y27,BBG0027F0Y27,BBG001SD4FW5,False
DELI.ME,Carsharing Russia JSC,"Carsharing Russia JSC is a company listed on the Moscow Exchange under the ticker DELI. The company is headquartered in Moscow, Russia.",RUB,,,,MCX,MISX,Moscow Exchange,Russia,,Moscow,107023,https://invest.delimobil.ru,Micro Cap,RU000A107J11,,BBG01LCGV7B1,BBG01LCGV7B1,BBG01LCGV7H5,False
DIAS.ME,Diasoft JSC,"Diasoft JSC is a company listed on the Moscow Exchange under the ticker DIAS. It operates in the Software industry within the Information Technology sector. The company is headquartered in Moscow, Russia.",RUB,Information Technology,Software & Services,Software,MCX,MISX,Moscow Exchange,Russia,,Moscow,127018,https://www.diasoft.ru,Micro Cap,RU000A107ER5,,BBG01LGGX1W5,BBG01LGGX1W5,BBG01LGGX208,False
DIOD.ME,DIOD Maker of Eco-Friendly Equipment and Nutrition Public Joint Stock Company,"DIOD Maker of Eco-Friendly Equipment and Nutrition Public Joint Stock Company researches, develops, manufactures, and sells nutritional supplements, pharmaceuticals, active cosmetics, and health equipment for home use. The company offers dihydroquercetine that is used in the production of nutritional supplements, drugs, cosmetics, and food additives; biologically active food additives; healthy cosmetics and skin care products; clinical nutrition products; and medical and environmental technology products. It also provides medicines to cure and prevent the development of socially important vascular and coronary diseases, inflammatory joint diseases, and weight-related problems, as well as diseases related to male and female reproductive health. The company markets its products primarily under the Capilar, Arthro-Active, Phase 2, Stella, Viardo, Iod-Active, and Selenium-Active brand names. It sells its products through wholesalers and foreign partners in Russia, Belarus, Ukraine, Kazakhstan, Georgia, Armenia, Serbia, Montenegro, Moldova, Latvia, the Czech Republic, Bulgaria, and internationally. DIOD Maker of Eco-Friendly Equipment and Nutrition Public Joint Stock Company was founded in 1931 and is based in Moscow, Russia.",RUB,Health Care,"Pharmaceuticals, Biotechnology & Life Sciences",Pharmaceuticals,MCX,MISX,Moscow Exchange,Russia,,Moscow,115114,http://www.diod.ru,Nano Cap,RU000A0JQWC1,254543101,BBG000R0L782,BBG000R0L782,BBG001T30534,False
DSKY.ME,Public Joint Stock Company Detsky Mir,"Public Joint Stock Company Detsky Mir, a multi-format digital retailer, operates a chain of children's clothing and goods retail stores. The company offers toys and games, products for newborns, apparel and footwear, art and craft sets, recreational goods, car seats, furniture, and stationery, as well as pet goods. As of March 1, 2021, it operated through a network of 834 Detsky Mir stores located in 331 cities in Russia, Kazakhstan, and Belarus; 16 Detmir Pickup stores; and 21 Zoozavr stores, as well as detmir.ru, an online store. The company was founded in 1947 and is based in Moscow, Russia.",RUB,Consumer Discretionary,Retailing,Multiline Retail,MCX,MISX,Moscow Exchange,Russia,,Moscow,127238,http://www.detmir.ru,Small Cap,RU000A0JSQ90,,BBG000BN56Q9,BBG000BN56Q9,BBG001SF0TN4,False
DVEC.ME,Public joint stock company FAR-EASTERN ENERGY COMPANY,"Public joint stock company FAR-EASTERN ENERGY COMPANY supplies electricity to individuals and enterprises in Russia. It purchases and sells electricity in the wholesale market. The company serves individuals and corporate customers in the territory of Primorsky Krai, Khabarovsk region, Amur region, and Jewish autonomous region. The company is based in Vladivostok, Russia. Public joint stock company FAR-EASTERN ENERGY COMPANY operates as a subsidiary of Public Joint-Stock Company Federal Hydro-Generating Company - RusHydro.",RUB,Utilities,Utilities,Electric Utilities,MCX,MISX,Moscow Exchange,Russia,,Vladivostok,690091,http://www.dvec.ru,Small Cap,RU000A0JP2W1,,BBG000V07CB8,BBG000V07CB8,BBG001STJPL4,False
DZRD.ME,Public Joint-Stock Company Donskoy Plant of Radiocomponents,"Public Joint-Stock Company Donskoy Plant of Radiocomponents engages in production of electronic components. The company engages in the production of metal-ceramic housings for assembly and sealing of integrated circuits for radio electronics industry. It specializes in the development and manufacture of ceramic parts from vacuum-dense alumina ceramics for use in machinery and consumer goods. It offers a wide range of products, such as ceramic, metal ceramic and glass-ceramic body of the 2nd and 4th types pin count 8 to 42 for the assembly and the protection of integrated circuits; metal- housing for assembly and protection of power semiconductors - diodes, thyristors; insulators with diameter from 0.8 mm to 350 mm from vacuum-tight ceramics; ceramic insulators for automotive spark plugs; ceramic catalysts used in the chemical industry. The company was formerly known as DONSKOY FACTORY OF RADIOCOMPONENTS Open Joint-Stock Company and changed its name to Public Joint-Stock Company Donskoy Plant of Radiocomponents in February 2026. Public Joint-Stock Company Donskoy Plant of Radiocomponents was founded in 1963 and is based in Donskoy, Russia.",RUB,Information Technology,Technology Hardware & Equipment,"Electronic Equipment, Instruments & Components",MCX,MISX,Moscow Exchange,Russia,,Donskoy,301760,https://www.alund.ru,Nano Cap,RU000A0JQW11,,BBG001CPLYK8,BBG001CPLYK8,BBG001TCWBV5,False
DZRDP.ME,Public Joint-Stock Company Donskoy Plant of Radiocomponents,"Public Joint-Stock Company Donskoy Plant of Radiocomponents engages in production of electronic components. The company engages in the production of metal-ceramic housings for assembly and sealing of integrated circuits for radio electronics industry. It specializes in the development and manufacture of ceramic parts from vacuum-dense alumina ceramics for use in machinery and consumer goods. It offers a wide range of products, such as ceramic, metal ceramic and glass-ceramic body of the 2nd and 4th types pin count 8 to 42 for the assembly and the protection of integrated circuits; metal- housing for assembly and protection of power semiconductors - diodes, thyristors; insulators with diameter from 0.8 mm to 350 mm from vacuum-tight ceramics; ceramic insulators for automotive spark plugs; ceramic catalysts used in the chemical industry. The company was formerly known as DONSKOY FACTORY OF RADIOCOMPONENTS Open Joint-Stock Company and changed its name to Public Joint-Stock Company Donskoy Plant of Radiocomponents in February 2026. Public Joint-Stock Company Donskoy Plant of Radiocomponents was founded in 1963 and is based in Donskoy, Russia.",RUB,Information Technology,Technology Hardware & Equipment,"Electronic Equipment, Instruments & Components",MCX,MISX,Moscow Exchange,Russia,,,,,Nano Cap,,,BBG001CPLZX1,BBG001CPLZX1,BBG001S375M7,False
EELT.ME,European Eltech Public Joint Stock Company,"European Eltech Public Joint Stock Company operates in the electrical engineering market. The company provides energy supply, electricity supply, electric lighting, and low-current systems. It also provides engineering, commissioning, and maintenance services, as well as equipment for the construction of turnkey power supply systems; and engineering services for public buildings, industrial facilities, and transport and industrial infrastructure facilities. In addition, the company delivers materials and equipment for electric power supply systems; designs power supply engineering and electric components for public facilities, electric lighting systems, lightning protection and surge voltage protection systems, cable support systems, and other engineering systems; engages in the electrical installation and commissioning works; and provides electric laboratory and facility commissioning services. Further, it offers energy conservation and audit services for the manufacturing industry, warehouse complexes, shopping and business centers, etc. The company serves electric power, oil and gas, steel and mining, engineering, telecommunications and data processing centers, chemical, and food sectors. It distributes electrical equipment in Belarus, Kazakhstan, Turkmenistan, Kyrgyzstan, Uzbekistan, and Russia. European Eltech Public Joint Stock Company was founded in 2004 and is based in Moscow, Russia.",RUB,Industrials,Capital Goods,Electrical Equipment,MCX,MISX,Moscow Exchange,Russia,,Moscow,129344,http://www.euroetpao.ru,Nano Cap,RU000A0JWW54,,BBG001V474L5,BBG001V474L5,BBG002MWYS92,False
ELTZ.ME,Electrozink Public Joint-Stock Company,"Electrozink Public Joint-Stock Company produces and sells various non-ferrous metallurgy products in Russia. Its non-ferrous metallurgy product includes zinc, zinc-aluminum alloys, and cadmium; non-ferrous metallurgy chemical products, including sulfuric acids; and lead products. The company was founded in 1898 and is based in Verkhnyaya Pyshma, Russia. Electrozink Public Joint-Stock Company is a subsidiary of Ural Mining and Metallurgical Company.",RUB,Materials,Materials,Metals & Mining,MCX,MISX,Moscow Exchange,Russia,,Verkhnyaya Pyshma,624091,http://electrozink.ugmk.com,Nano Cap,RU000A0B66V1,,,,,False
ENPG.ME,En+ Group International public joint-stock company,"En+ Group International public joint-stock company is a leading international vertically integrated aluminum and hydropower producer. The company's core business segments include aluminum production and power generation. The company is headquartered in Moscow, Russia.",RUB,Materials,Materials,Metals & Mining,MCX,MISX,Moscow Exchange,Russia,,Kaliningrad,236006,https://www.enplusgroup.com,Mid Cap,RU000A100K72,,BBG000RMWQD4,BBG000RMWQD4,BBG001STXYV8,False
ENRU.ME,Public Joint-Stock Company Enel Russia,"Public Joint-Stock Company Enel Russia generates and sells electric power and heat in Russia. Its installed capacity is approximately 5,628.7 megawatts for power and 2,032 GCal/h for heat. The company was founded in 2004 and is based in Yekaterinburg, Russia. Public Joint-Stock Company Enel Russia is a subsidiary of Enel SpA.",RUB,Utilities,Utilities,Electric Utilities,MCX,MISX,Moscow Exchange,Russia,,Yekaterinburg,620014,http://www.enelrussia.ru,Small Cap,RU000A0F5UN3,,,,,True
ETLN.ME,Etalon Group PLC,"Etalon Group PLC, together with its subsidiaries, primarily engages in residential development and construction business in Saint-Petersburg metropolitan and Moscow metropolitan areas in Russia. It operates through three segments: Residential Development, Construction Services, and Other Operations. The Residential Development segment constructs residential real estate properties, including flats, built-in premises, and parking places. The Construction Services segment provides construction services for third parties. The Other Operations segment sells construction materials; constructs stand-alone premises for commercial use; and offers various services related to sale and servicing of premises. The company was founded in 1987 and is based in Nicosia, Cyprus.",RUB,Real Estate,Real Estate,Real Estate Management & Development,MCX,MISX,Moscow Exchange,Cyprus,,Nicosia,1065,http://www.etalongroup.com,Micro Cap,,,BBG00RM6M4V5,BBG00RM6M4T8,BBG001V0Y5N8,False
EUTR.ME,EuroTrans JSC,"EuroTrans JSC is a company listed on the Moscow Exchange under the ticker EUTR. It operates in the Road & Rail industry within the Industrials sector. The company is headquartered in Moscow, Russia.",RUB,Industrials,Transportation,Road & Rail,MCX,MISX,Moscow Exchange,Russia,,Moscow,125047,https://evrotrans-ao.ru,Nano Cap,RU000A1002V2,,,,BBG01K8L9G59,False
FEES.ME,Public Joint-Stock Company Federal Grid Company of Unified Energy System,"Public Joint-Stock Company Federal Grid Company of Unified Energy System operates and manages electricity transmission grid infrastructure of Unified National Electric Grid in Russia. The company offers electricity transmission services to regional distribution companies, retail electricity suppliers, and large industrial enterprises; and maintains and develops the grid system and supervises grid facilities and infrastructure in 79 Russian regions. It also provides electricity transmission and technological connection services to participants of the wholesale electricity and capacity market. The company operates approximately 148,270 kilometers of transmission lines and 951 substations with approximately 352 GVA. The company was founded in 2002 and is based in Moscow, Russia. Public Joint-Stock Company Federal Grid Company of Unified Energy System is a subsidiary of PJSC Rosseti.",RUB,Utilities,Utilities,Electric Utilities,MCX,MISX,Moscow Exchange,Russia,,Moscow,117630,http://www.fsk-ees.ru,Small Cap,RU000A0JPNN9,,BBG00475JZZ6,BBG00475JZZ6,BBG001ST9646,False
FESH.ME,Far-Eastern Shipping Company PLC.,"Far-Eastern Shipping Company PLC. provides logistics services in Russia and internationally. It operates through five segments: Shipping, Linear and Logistics, Railway Services, Ports, and Bunkering. The company offers container transportation; logistics services, such as multimodal transportation, land transportation, customs clearance, less-than-container load shipping, and storage and IT system integration services; Ro-Ro transportation; project logistics services; rail transportation; sea freight shipping; ship agency services; and container tracing services. Its shipping services include ship ownership, management, and chartering out services; and port and terminal services comprise cargo handling, stevedoring, container storage and rental, and related port services and facilities. Far-Eastern Shipping Company PLC. was founded in 1880 and is headquartered in Moscow, Russia.",RUB,Industrials,Transportation,Air Freight & Logistics,MCX,MISX,Moscow Exchange,Russia,,Moscow,115035,http://www.fesco.ru,Mid Cap,RU0008992318,,BBG000QF1Q17,BBG000QF1Q17,BBG001S74LV6,False
FIVE.ME,X5 Retail Group N.V.,"X5 Retail Group N.V. operates as a food retailer in Russia. As of December 31, 2020, the company had 17,707 company-operated stores, including 16,709 Pyaterochka proximity stores, 933 Perekrestok supermarkets, 56 Karusel hypermarkets, 4 Chizhik hard discounters, and 5 Perekrestok Vprok dark stores. It also engages in wholesale operations and online retail business, as well as providing franchise and other services. The company was founded in 1975 and is headquartered in Amsterdam, the Netherlands.",RUB,Consumer Staples,Food & Staples Retailing,Food & Staples Retailing,MCX,MISX,Moscow Exchange,Netherlands,,Amsterdam,1077 XV,http://www.x5.ru,Mid Cap,,33829M101,BBG00JXPFBN0,BBG00JXPFBN0,BBG001SN5H85,True
FIXP.ME,Fix Price Group Ltd.,"Fix Price Group Ltd. engages in the variety value retailing business in Russia and internationally. It operates approximately 4,200 stores. The company was founded in 2007 and is based in Moscow, Russia.",RUB,Consumer Staples,Household & Personal Products,Household Products,MCX,MISX,Moscow Exchange,Russia,,Moscow,125284,http://ir.fix-price.com,Small Cap,US33835G2057,33835G205,BBG00ZDPWZS9,BBG00ZDPWZS9,BBG00ZDN1T20,True
FLOT.ME,PAO Sovcomflot,"PAO Sovcomflot, a shipping company, provides maritime transportation services for hydrocarbons in Russia. It operates in five segments: Offshore Services, Gas Transportation, Crude Oil Transportation, Oil Products Transportation, and Other. The company is involved in the transportation of crude oil, petroleum products and bulk cargoes, and liquefied natural gas and liquefied petroleum gas; supply and servicing of offshore platforms; management of terminals; shuttle shipment of oil; and offshore seismic exploration activities. As of October 28, 2020, it operated through a fleet of 146 vessels with a total deadweight of approximately 12.6 million tons. The company was formerly known as OAO Sovcomflot and changed its name to PAO Sovcomflot in December 2014. PAO Sovcomflot was founded in 1988 and is headquartered in Moscow, Russia.",RUB,Industrials,Transportation,Marine,MCX,MISX,Moscow Exchange,Russia,,Moscow,125047,http://www.scf-group.ru,Mid Cap,RU000A0JXNU8,,BBG000R04X57,BBG000R04X57,BBG001SPLTN9,False
GAZA.ME,Public Joint Stock Company GAZ,"Public Joint Stock Company GAZ manufactures and sells commercial motor vehicles primarily in Russia. The company offers light commercial vehicles under the GAZelle NEXT, GAZelle BUSINESS, and Sobol names; and medium duty trucks under the GAZon Next, GAZ-3309, Sadko, and Zemliak names, as well as specialty vehicles. It also provides all-wheel–drive off-road and heavy duty trucks; buses and coaches; diesel engines, fuel injection equipment for diesel engines, and gearboxes; and auto components, such as iron castings, forged products, stampings, dies and molds, tools, systems and assemblies, and non-ferrous castings. The company was formerly known as Open Joint Stock Company GAZ and changed its name to Public Joint Stock Company GAZ in June 2016. The company is based in Nizhny Novgorod, Russia. Public Joint Stock Company GAZ is a subsidiary of Russkie Mashiny, Ooo.",RUB,Consumer Discretionary,Automobiles & Components,Automobiles,MCX,MISX,Moscow Exchange,Russia,,Nizhny Novgorod,603950,http://www.gazgroup.ru,Micro Cap,RU0009034268,,BBG0027SYKK2,BBG0027SYKK2,BBG001S66Y20,False
GAZAP.ME,Public Joint Stock Company GAZ,"Public Joint Stock Company GAZ manufactures and sells commercial motor vehicles primarily in Russia. The company offers light commercial vehicles under the GAZelle NEXT, GAZelle BUSINESS, and Sobol names; and medium duty trucks under the GAZon Next, GAZ-3309, Sadko, and Zemliak names, as well as specialty vehicles. It also provides all-wheel–drive off-road and heavy duty trucks; buses and coaches; diesel engines, fuel injection equipment for diesel engines, and gearboxes; and auto components, such as iron castings, forged products, stampings, dies and molds, tools, systems and assemblies, and non-ferrous castings. The company was formerly known as Open Joint Stock Company GAZ and changed its name to Public Joint Stock Company GAZ in June 2016. The company is based in Nizhny Novgorod, Russia. Public Joint Stock Company GAZ is a subsidiary of Russkie Mashiny, Ooo.",RUB,Consumer Discretionary,Automobiles & Components,Automobiles,MCX,MISX,Moscow Exchange,Russia,,Nizhny Novgorod,603950,http://www.gazgroup.ru,Micro Cap,,,,,,False
GAZP.ME,Public Joint Stock Company Gazprom,"Public Joint Stock Company Gazprom, an integrated energy company, engages in the geological exploration, production, processing, storage, transportation, and sale of gas, gas condensates, and oil in Russia and internationally. The company operates through Production of Gas, Transportation of Gas, Distribution of Gas, Gas Storage, Production of Crude Oil and Gas Condensate, Refining, and Electric and Heat Energy Generation and Sales segments. It also produces coalbed methane; and owns Unified Gas Supply System, a gas transmission system totaling approximately 175.2 kilometers that comprises 254 compressor stations with a total capacity of 46.8 megawatts in Russia. In addition, the company operates underground gas storage facilities; operates oil refining and petrochemical complexes; generates and sells electric and heat energy; produces crude oil and gas condensate; and produces other goods, as well as provides other works and rendering of other services. Further, it offers oil, gas condensate, and other hydrocarbons; and sells refined products. Public Joint Stock Company Gazprom was founded in 1993 and is headquartered in Moscow, Russia.",RUB,Energy,Energy,"Oil, Gas & Consumable Fuels",MCX,MISX,Moscow Exchange,Russia,,Moscow,117997,http://www.gazprom.com,Large Cap,RU0007661625,,BBG004730RP0,BBG004730RP0,BBG001S744F2,False
GCHE.ME,Public Joint Stock Company Cherkizovo Group,"Public Joint Stock Company Cherkizovo Group, together with its subsidiaries, produces and processes meat in Russia and internationally. It operates through five segments: Meat Processing, Chicken, Pork, Grain, and Turkey. The company produces a range of processed meat products, including sausages, ham, hot dogs, etc. It also engages in the breeding, raising, and processing of broilers; sale of chilled and frozen chicken products; breeding, raising, and sale of live pigs; and production and sale of pork meat. In addition, the company is involved in the farming of wheat and other crops; purchase and resale of turkey meat; sale of non-hatchery eggs; and other services. It offers its products under the Cherkizovo, Petelinka, Kurinoe Tsarstvo, and Pava-Pava brands. Public Joint Stock Company Cherkizovo Group is headquartered in Moscow, Russia.",RUB,Consumer Staples,"Food, Beverage & Tobacco",Food Products,MCX,MISX,Moscow Exchange,Russia,,Moscow,125047,http://cherkizovo.com,Small Cap,RU000A0JL4R1,,BBG000RTHVK7,BBG000RTHVK7,BBG001SLNBD6,False
GECO.ME,CGRM Genetiko JSC,"CGRM Genetiko JSC is a company listed on the Moscow Exchange under the ticker GECO. It operates in the Biotechnology industry within the Health Care sector. The company is headquartered in Moscow, Russia.",RUB,Health Care,"Pharmaceuticals, Biotechnology & Life Sciences",Biotechnology,MCX,MISX,Moscow Exchange,Russia,,Moscow,121205,https://genetico.ru,Nano Cap,RU000A105BN4,,BBG01GG03CZ7,BBG01GG03CZ7,BBG00W7VXLW5,False
GEMA.ME,International Medical Center of Biomaterials Processing and Cryostorage Public Joint-stock company,"International Medical Center of Biomaterials Processing and Cryostorage Public Joint-stock company operates as a licensed bank for personal storage of cord blood stem cells in Russia and the CIS countries. The company is based in Moscow, Russia. International Medical Center of Biomaterials Processing and Cryostorage Public Joint-stock company is a subsidiary of Human Stem Cells Institute PJSC.",RUB,Health Care,Health Care Equipment & Services,Health Care Providers & Services,MCX,MISX,Moscow Exchange,Russia,,Moscow,119333,http://www.gemabank.ru,Nano Cap,RU000A100GC7,,,,,False
GEMC.ME,PJSC United Medical Group,"PJSC United Medical Group is a company listed on the Moscow Exchange under the ticker GEMC. It operates in the Health Care Providers & Services industry within the Health Care sector. The company is headquartered in Limassol, Cyprus.",RUB,Health Care,Health Care Equipment & Services,Health Care Providers & Services,MCX,MISX,Moscow Exchange,Cyprus,,Limassol,3032,http://www.umg.com.cy,Small Cap,RU000A107JE2,,BBG011MCM288,BBG011MCM288,BBG011MCM2C3,False
GLTR.ME,Globaltrans Investment Plc,"Globaltrans Investment Plc, together with its subsidiaries, provides freight rail transportation, railcar leasing, and ancillary services in Russia, Estonia, and Ukraine. It transports metallurgical cargoes, oil products and oil, coal, and construction materials; and leases and maintains rolling stock. As of December 31, 2020, the company operated a fleet of 71,688 units, including t 67,762 owned units and 3,926 leased units. It serves various Blue-chip, metals and mining, oil and gas, and other industrial sectors. The company was incorporated in 2004 and is based in Moscow, Russia.",RUB,Industrials,Transportation,Road & Rail,MCX,MISX,Moscow Exchange,Russia,,Moscow,,http://www.globaltrans.com,Small Cap,US37949E2046,37949E204,BBG00Y04Q9Q0,BBG00Y04Q9P1,BBG001T2B1R7,True
GMKN.ME,Public Joint Stock Company Mining and Metallurgical Company Norilsk Nickel,"Public Joint Stock Company Mining and Metallurgical Company Norilsk Nickel, together with its subsidiaries, operates as a metals and mining company in Europe, Asia, North and South America, Russia, and the CIS countries. The company operates through GMK Group, South Cluster, KGMK Group, NN Harjavalta, GRK Bystrinskoye, Other Mining, and Other Non-Metallurgical segments. It explores for, extracts, and refines ore and nonmetallic minerals; and sale of base and precious metals produced from ore. The company's products include nickel, palladium, copper, platinum, cobalt, rhodium, iridium, ruthenium, silver, gold, selenium, tellurium, sulphur, sodium sulfate, and sodium chloride. It is also involved in property and equipment rental, gas extraction and transportation, electricity production and distribution, construction, mining and metallurgy repairs, spare parts production, geological works and construction, distribution, research, fuel supply, river shipping, and airport businesses, as well as acts as an air company. Public Joint Stock Company Mining and Metallurgical Company Norilsk Nickel was incorporated in 1997 and is based in Moscow, Russia.",RUB,Materials,Materials,Metals & Mining,MCX,MISX,Moscow Exchange,Russia,,Moscow,123100,http://www.nornickel.com,Large Cap,US55315J1025,55315J102,,,BBG001S7TK05,False
GTRK.ME,Public Joint Stock Company Globaltruck Management,"Public Joint Stock Company Globaltruck Management provides full truck load trucking services in Russia and internationally. It offers standard transportation services using full truck load long-haul trucks; and temperature-controlled transportation services. As of June 30, 2017, the company operated a fleet of 1,090 trucks, as well as 1,170 trailers, including 768 tents and 402 refrigerator trailers. It serves retail, fast-moving consumer goods, manufacturing, bulk, e-commerce, and parcel industry sectors. The company was founded in 2016 and is based in Moscow, Russia. Public Joint Stock Company Globaltruck Management is a subsidiary of GT Globaltruck Limited.",RUB,Industrials,Transportation,Road & Rail,MCX,MISX,Moscow Exchange,Russia,,Moscow,105082,http://www.gt-m.ru,Nano Cap,RU000A0ZYD22,,BBG00HY6V6H5,BBG00HY6V6H5,BBG00HY6V6L0,False
HALS.ME,Public Joint Stock Company SG-Development,"Public Joint Stock Company SG-Development engages in the development and rental of real estate properties in Russia. The company develops residential and commercial projects. Its projects portfolio includes residential complexes, business quarters, shopping centers, mixed-use complexes, and landmark urban facilities, including Children's Dreamhouse Mall, SkyLight Business Center, and Danilovsky Fort Business Center. The company is based in Moscow, Russia. Public Joint Stock Company SG-Development is a subsidiary of VTB Bank public joint-stock company.",RUB,Real Estate,Real Estate,Real Estate Management & Development,MCX,MISX,Moscow Exchange,Russia,,Moscow,115184,http://en.hals-development.ru,Micro Cap,RU000A0JNP96,,,,,True
HHRU.ME,HeadHunter Group PLC,"HeadHunter Group PLC, together with its subsidiaries, operates an online recruitment platform in Russia, Kazakhstan, Belarus, and internationally. The company offers employers and recruiters paid access to its curriculum vitae database and job postings platform; and job seekers and employers with a range of value-added services. It provides its services for businesses that are looking for job seekers to fill vacancies inside their organizations. The company was formerly known as Zemenik Trading Limited and changed its name to HeadHunter Group PLC in March 2018. HeadHunter Group PLC was founded in 2000 and is headquartered in Moscow, Russia.",RUB,Industrials,Commercial & Professional Services,Professional Services,MCX,MISX,Moscow Exchange,Russia,,Moscow,129085,http://hh.ru,Mid Cap,US42207L1061,42207L106,BBG00XMJTZW7,BBG00XMJTZV8,BBG00KHGQ0J2,False
HIMCP.ME,Khimprom Public Joint stock company,"Khimprom Public Joint stock company manufactures and sells various chemical products in Russia and internationally. The company provides inorganic, organic, organochlorine, organophosphorus, organosilicon, rubber chemicals, surfactants, and reagents for power system, oil-producing, and petrochemical industries, as well as chemicals for polymeric materials. It also offers hydrogen peroxide for textile, and pulp and paper industries. The company was founded in 1960 and is based in Novocheboksarsk, Russia.",RUB,Materials,Materials,Chemicals,MCX,MISX,Moscow Exchange,Russia,,Novocheboksarsk,429965,http://www.himprom.com,Nano Cap,RU0009099006,,BBG002B9SW57,BBG002B9SW57,BBG001S7J5J9,False
HNFG.ME,Henderson JSC,"Henderson JSC is a company listed on the Moscow Exchange under the ticker HNFG. It operates in the Textiles, Apparel & Luxury Goods industry within the Consumer Discretionary sector.",RUB,Consumer Discretionary,Consumer Durables & Apparel,"Textiles, Apparel & Luxury Goods",MCX,MISX,Moscow Exchange,Russia,,,,https://henderson.ru,Micro Cap,RU000A106XF2,,BBG01K0SQCL4,BBG01K0SQCL4,BBG01K0SQCQ9,False
HYDR.ME,Public Joint-Stock Company Federal Hydro-Generating Company - RusHydro,"Public Joint-Stock Company Federal Hydro-Generating Company - RusHydro, together with its subsidiaries, generates, transmits, distributes, and sells electricity and heat energy in Russia. It generates power through approximately 60 renewable energy source facilities, including hydropower, wind power, and geo-thermal. The company has an installed electricity generation capacity of 39.5 GW. It also engages in the research and development, engineering, and electricity retail activities. The company was founded in 2004 and is based in Moscow, Russia.",RUB,Utilities,Utilities,Independent Power and Renewable Electricity Producers,MCX,MISX,Moscow Exchange,Russia,,Moscow,127006,http://www.rushydro.ru,Mid Cap,RU000A0JPKH7,,BBG00475K2X9,BBG00475K2X9,BBG001SG14T0,False
IGST.ME,Izhstal PAO,"Izhstal PAO manufactures and sells steel and stainless long products in Russia. The company provides hot-rolled round and hexagon steel bars from stainless and alloy steel; and hot-rolled round, square, and hexagon bars. Its products are used in machine-building, making bearings, rigs, cutting instruments operating at high temperatures and cutting speeds, springs, medical equipment, consumer goods, etc. The company serves customers in aircraft, defense, automotive, agricultural, power, oil and gas, and construction industries. It also exports its products to North America, Europe, and the CIS countries. The company is based in Izhevsk, Russia.",RUB,Materials,Materials,Metals & Mining,MCX,MISX,Moscow Exchange,Russia,,Izhevsk,426006,http://www.mechel.com/sector/steel/izhstal/,Nano Cap,RU0002155292,,BBG002B2JF59,BBG002B2JF59,BBG001S9LPJ8,False
IGSTP.ME,Izhstal PAO,"Izhstal PAO manufactures and sells steel and stainless long products in Russia. The company provides hot-rolled round and hexagon steel bars from stainless and alloy steel; and hot-rolled round, square, and hexagon bars. Its products are used in machine-building, making bearings, rigs, cutting instruments operating at high temperatures and cutting speeds, springs, medical equipment, consumer goods, etc. The company serves customers in aircraft, defense, automotive, agricultural, power, oil and gas, and construction industries. It also exports its products to North America, Europe, and the CIS countries. The company is based in Izhevsk, Russia.",RUB,Materials,Materials,Metals & Mining,MCX,MISX,Moscow Exchange,Russia,,Izhevsk,426006,http://www.mechel.com/sector/steel/izhstal/,Nano Cap,,,BBG002B2JCL8,BBG002B2JCL8,BBG001S9ZBT3,False
INGR.ME,Public Joint Stock Company INGRAD,"Public Joint Stock Company INGRAD, together with its subsidiaries, engages in investing in, developing, managing, and disposing real estate projects in Russia. It focuses on office buildings, large-scale residential communities, middle-class residential real estate, and retail centers and hotels. The company's property portfolio comprises Pavlovo project, Pavlovo Podvorye project, Pavlovo I project, Domnikov project, Pestovo project, Martemianovo project, Sochi Hotel and Residential Complex, Lukino project, Gorki-10 project, Lukino project, Large Pestovo project, and Zavidovo project, as well as project assets in Klinsky district, Dmitrovsky district, and Tver region. It also engages in the production and distribution of fabricated homes, as well as provides hotel services. Public Joint Stock Company INGRAD serves contractors, buyers/sellers of property, tenants, and banks. The company was founded in 2002 and is based in Moscow, the Russian Federation.
 Public Joint Stock Company INGRAD, together with its subsidiaries, engages in investing in, developing, managing, and disposing real estate projects in Russia. It focuses on office buildings, large-scale residential communities, middle-class residential real estate, and retail centers and hotels. The company's property portfolio comprises Pavlovo project, Pavlovo Podvorye project, Pavlovo I project, Domnikov project, Pestovo project, Martemianovo project, Sochi Hotel and Residential Complex, Lukino project, Gorki-10 project, Lukino project, Large Pestovo project, and Zavidovo project, as well as project assets in Klinsky district, Dmitrovsky district, and Tver region. It also engages in the production and distribution of fabricated homes, as well as provides hotel services. Public Joint Stock Company INGRAD serves contractors, buyers/sellers of property, tenants, and banks. The company was founded in 2002 and is based in Moscow, the Russian Federation. Public Joint Stock Company ""INGRAD"" operates as a subsidiary of Limited Liability Company Concern ROSSIUM",RUB,Real Estate,Real Estate,Real Estate Management & Development,MCX,MISX,Moscow Exchange,Russia,,Moscow,123104,http://www.opin.ru,Small Cap,RU000A0DJ9B4,457187102,BBG000RJXRQ4,BBG000RJXRQ4,BBG001S8LQ26,False
IRAO.ME,Public Joint Stock Company Inter RAO UES,"Public Joint Stock Company Inter RAO UES operates as a diversified energy holding company in Russia and internationally. The company operates through Supply in the Russian Federation, Electric Power Generation in the Russian Federation, Thermal Power Generation in the Russian Federation, Trading in the Russian Federation and Europe, Foreign Assets, and Engineering in the Russian Federation segments. It produces, supplies, exports, and imports electricity; and offers engineering services. The company generates electricity through thermal, hydro, wind, and gas sources. It also engages in export of power industry equipment; and management of distribution grids outside Russia. The company was founded in 1997 and is based in Moscow, Russia.",RUB,Utilities,Utilities,Electric Utilities,MCX,MISX,Moscow Exchange,Russia,,Moscow,119435,http://www.interrao.ru,Mid Cap,RU000A0JPNM1,,BBG004S68473,BBG004S68473,BBG001SPPYS9,False
IRGZ.ME,Irkutsk Public Joint Stock Company of Energetics and Electrification,"Irkutsk Public Joint Stock Company of Energetics and Electrification engages in the power generation activities in Russia. The company operates three hydraulic power plants and nine thermal power plants with an installed capacity of 12.9 thousand MW. It also operates electricity and heat transmission networks. The company was founded in 1992 and is based in Irkutsk, Russia. Irkutsk Public Joint Stock Company of Energetics and Electrification is a subsidiary of EuroSibEnergo PLC.",RUB,Utilities,Utilities,Electric Utilities,MCX,MISX,Moscow Exchange,Russia,,Irkutsk,664025,http://irkutskenergo.ru,Small Cap,RU0008960828,,,,,False
IRKT.ME,PJSC Yakovlev,"PJSC Yakovlev, designs, tests, manufactures, sells, and markets military and civil aircraft for Russian and foreign governments. It also offers after-sales support services. The company was founded in 1932 and is headquartered in Moscow, Russia. Irkut Corporation is a subsidiary of Public Joint Stock Company United Aircraft Corporation.",RUB,Industrials,Capital Goods,Aerospace & Defense,MCX,MISX,Moscow Exchange,Russia,,Moscow,125315,http://www.irkut.com,Mid Cap,RU0006752979,,BBG000FWGSZ5,BBG000FWGSZ5,BBG001SC0WX3,False
ISKJ.ME,Public Joint-Stock Company Human Stem Cells Institute,"Public Joint-Stock Company ‘Human Stem Cells Institute' operates as a biotech company primarily in Russia. The company engages in the drug discovery, research and development, and marketing of proprietary products and services in the field of regenerative medicine; bio-insurance; medical genetics, including reproductive genetics; gene therapy; and biopharmaceutics. It owns and operates Gemabank, a family cord blood stem cell bank in Russia and the CIS; and Reprobank, a reproductive cell and tissue bank for personal storage of reproductive cells and tissues, as well as a sperm/oocyte donation. The company also offers Neovasculgen, a gene-therapy drug for treatment of peripheral arterial disease, including critical limb ischemia; and SPRS-therapy (service for personal regeneration of skin), a set of personalized diagnostics and treatment procedures for repairing skin damages. In addition, it operates GENETICO, a medical genetics center and molecular diagnostic lab that provides a range of genetic analysis and counseling services for the early detection, prediction, and prophylactic treatment of genetic disorders, including reproductive system diseases; and provides preimplantation genetic diagnosis and screening that includes testing of developing embryos for monogenic inherited diseases and chromosome abnormalities during an in vitro fertilization cycle. Further, the company offers non-invasive prenatal testing of fetal chromosome abnormalities; and develops Gemacell, a cell-based drug candidate for treatment of myocardial infarction. Additionally, it provides range of diagnostic services for identification of genetic predisposition to oncological diseases; and distributes cell processing equipment. The company was founded in 2003 and is based in Moscow, Russia. Public Joint-Stock Company ‘Human Stem Cells Institute' is a subsidiary of PJSC International Medical Center Processings and Kriokhraneniya of Biomaterialy.",RUB,Health Care,"Pharmaceuticals, Biotechnology & Life Sciences",Biotechnology,MCX,MISX,Moscow Exchange,Russia,,Moscow,129110,http://hsci.ru,Nano Cap,,,,,,False
IVAT.ME,PJSC IVA,"PJSC IVA is a company listed on the Moscow Exchange under the ticker IVAT. It operates in the IT Services industry within the Information Technology sector. The company is headquartered in Moscow, Russia.",RUB,Information Technology,Software & Services,IT Services,MCX,MISX,Moscow Exchange,Russia,,Moscow,123112,https://iva.ru/en,Micro Cap,RU000A108GD8,,BBG01N7367N7,BBG01N7367N7,BBG01N7367T1,False
JNOS.ME,Public Joint Stock Company Slavneft-Yaroslavnefteorgsintez,"Public Joint Stock Company Slavneft-Yaroslavnefteorgsintez produces and sells oil products in Russia. It offers motor gasoline, diesel fuel, and jet fuel products; compressor and hydrostatic, industrial, turbine, and base oils; road, roof, and construction bitumen products; paraffin and wax products; and aromatic hydrocarbons, as well as liquefied gases and fuel oils. The company was founded in 1961 and is based in Yaroslavl, Russia.",RUB,Energy,Energy,"Oil, Gas & Consumable Fuels",MCX,MISX,Moscow Exchange,Russia,,Yaroslavl,150023,http://www.refinery.yaroslavl.su,Small Cap,RU0009100895,,BBG000CVM618,BBG000CVM618,BBG001SB3GH5,False
JNOSP.ME,Public Joint Stock Company Slavneft-Yaroslavnefteorgsintez,"Public Joint Stock Company Slavneft-Yaroslavnefteorgsintez produces and sells oil products in Russia. It offers motor gasoline, diesel fuel, and jet fuel products; compressor and hydrostatic, industrial, turbine, and base oils; road, roof, and construction bitumen products; paraffin and wax products; and aromatic hydrocarbons, as well as liquefied gases and fuel oils. The company was founded in 1961 and is based in Yaroslavl, Russia.",RUB,Energy,Energy,"Oil, Gas & Consumable Fuels",MCX,MISX,Moscow Exchange,Russia,,Yaroslavl,150023,http://www.refinery.yaroslavl.su,Small Cap,RU0009101927,,BBG000CVM887,BBG000CVM887,BBG001SB3GK1,False
KAZT.ME,Public Joint Stock Company KuibyshevAzot,"Public Joint Stock Company KuibyshevAzot, together with its subsidiaries, engages in the manufacture, distribution, and sale of various chemicals in Russia, Asia, rest of Europe, and internationally. The company operates through Caprolactam and Derivatives, and Ammonia and Nitrogen Fertilizers segments. It offers anhydrous ammonia, ammonium nitrate, urea, ammonium sulphate, and UAN, capolactam, polyamide 6 chips, engineering plastics, polyamide 6 recylced. The company also provides industrial yarn and cord fabrics, cyclohexanone, and cyclohexane chemical substances. The company is also involved in the transportation of finished goods; sale of construction materials; sale of electric power; production of engineering plastics and synthetic fibers; and the provision of rental services. The company was formerly known as KuibyshevAzot Joint Stock Company and changed its name to Public Joint Stock Company KuibyshevAzot in November 2016. Public Joint Stock Company KuibyshevAzot was founded in 1961 and is based in Togliatti, Russia.",RUB,Materials,Materials,Chemicals,MCX,MISX,Moscow Exchange,Russia,,Togliatti,445007,http://www.kuazot.ru,Small Cap,RU000A0B9BV2,,BBG002B9MYC1,BBG002B9MYC1,BBG001SRL003,False
KAZTP.ME,Public Joint Stock Company KuibyshevAzot,"Public Joint Stock Company KuibyshevAzot, together with its subsidiaries, engages in the manufacture, distribution, and sale of various chemicals in Russia, Asia, rest of Europe, and internationally. The company operates through Caprolactam and Derivatives, and Ammonia and Nitrogen Fertilizers segments. It offers anhydrous ammonia, ammonium nitrate, urea, ammonium sulphate, and UAN, capolactam, polyamide 6 chips, engineering plastics, polyamide 6 recylced. The company also provides industrial yarn and cord fabrics, cyclohexanone, and cyclohexane chemical substances. The company is also involved in the transportation of finished goods; sale of construction materials; sale of electric power; production of engineering plastics and synthetic fibers; and the provision of rental services. The company was formerly known as KuibyshevAzot Joint Stock Company and changed its name to Public Joint Stock Company KuibyshevAzot in November 2016. Public Joint Stock Company KuibyshevAzot was founded in 1961 and is based in Togliatti, Russia.",RUB,Materials,Materials,Chemicals,MCX,MISX,Moscow Exchange,Russia,,Togliatti,445007,http://www.kuazot.ru,Small Cap,,,BBG002B9T6Y1,BBG002B9T6Y1,BBG001SRN653,False
KBSB.ME,Public Joint Stock Company TNS energo Kuban,"Public Joint Stock Company “TNS energo Kuban” purchases and sells electric energy in the Krasnodar region and the Republic of Adygea. The company purchases electricity from the wholesale and retail electrical energy markets; and sells it to consumers and grid companies in the wholesale and retail electrical energy marketsThe company was formerly known as Kubanenergosbyt OJSC and changed its name to Public Joint Stock Company “TNS energo Kuban” in August 2017. The company was founded in 2006 and is based in Krasnodar, Russia. Public Joint Stock Company “TNS energo Kuban” is a subsidiary of Public Joint Stock Company Group of Companies TNS energo.",RUB,Utilities,Utilities,Electric Utilities,MCX,MISX,Moscow Exchange,Russia,,Krasnodar,350000,http://kuban.tns-e.ru,Micro Cap,RU000A0JNJ11,,BBG000BSCKB5,BBG000BSCKB5,BBG001SHF4V0,False
KBTK.ME,Public Joint Stock Company Kuzbasskaya Toplivnaya Company,"Public Joint Stock Company 'Kuzbasskaya Toplivnaya Company', together with its subsidiaries, engages in the extraction and production of thermal coal. The company operates through four segments: Domestic Sales of Produced Coal, Export Sales of Produced Coal, Resale of Purchased Coal, and Other Operations. It operates open-pit mines located in the territory of the Kemerovo region in Russia. The company is also involved in the wholesale supply of coal in Russia and internationally. In addition, it engages in the retail sale of coal to households, and municipal and commercial boilers through its distribution networks located in the Kemerovo, Omsk, Novosibirsk, and Altai regions, as well as in Poland. Further, the company is involved in the resale of coal purchased from other coal producers; generation of electricity, heat power, and hot water; provision of storage and railroad transportation services; and lease of land. It has operations in Russia, the European Union, and Asia. The company was founded in 2000 and is headquartered in Kemerovo, Russia. As of February 27, 2020, Public Joint Stock Company 'Kuzbasskaya Toplivnaya Company' operates as a subsidiary of Kilton Overseas Limited.",RUB,Materials,Materials,Metals & Mining,MCX,MISX,Moscow Exchange,Russia,,Kemerovo,650000,http://ktk.company/en/company,Micro Cap,RU000A0JPYD7,,,,,True
KCHE.ME,Public Joint Stock Company Kamchatskenergo,"Public Joint Stock Company Kamchatskenergo engages in the generation, transmission, distribution, and sale of electric and thermal energy in Russia. It also offers services for the operation of energy facilities; and undertakes other activities. The company was founded in 1964 and is based in Petropavlovsk-Kamchatskiy, Russia. Public Joint Stock Company Kamchatskenergo is a subsidiary of PJSC RusHydro.",RUB,Utilities,Utilities,Electric Utilities,MCX,MISX,Moscow Exchange,Russia,,Petropavlovsk-Kamchatsky,683000,http://kamenergo.ru,Small Cap,RU0006753498,,BBG000P69JH9,BBG000P69JH9,BBG001SB9CM2,False
KCHEP.ME,Public Joint Stock Company Kamchatskenergo,"Public Joint Stock Company Kamchatskenergo engages in the generation, transmission, distribution, and sale of electric and thermal energy in Russia. It also offers services for the operation of energy facilities; and undertakes other activities. The company was founded in 1964 and is based in Petropavlovsk-Kamchatskiy, Russia. Public Joint Stock Company Kamchatskenergo is a subsidiary of PJSC RusHydro.",RUB,Utilities,Utilities,Electric Utilities,MCX,MISX,Moscow Exchange,Russia,,Petropavlovsk-Kamchatsky,683000,http://kamenergo.ru,Small Cap,,,BBG000J5X8M9,BBG000J5X8M9,BBG001SBTZ94,False
KGKC.ME,Public Joint Stock Company Kurgan Generation Company,"Public Joint Stock Company Kurgan Generation Company produces electricity and heat in Russia. It operates electric power generating facilities with a total installed capacity of 473 megawatts; and heat generating facilities with an installed capacity of 2093 gigacalories per hour. The company was founded in 2006 and is based in Kurgan, Russia.",RUB,Utilities,Utilities,Independent Power and Renewable Electricity Producers,MCX,MISX,Moscow Exchange,Russia,,Kurgan,640003,http://www.kgk-kurgan.ru,Micro Cap,RU000A0JP120,,BBG001BBFTQ2,BBG001BBFTQ2,BBG001TK5WV1,False
KGKCP.ME,Public Joint Stock Company Kurgan Generation Company,"Public Joint Stock Company Kurgan Generation Company produces electricity and heat in Russia. It operates electric power generating facilities with a total installed capacity of 473 megawatts; and heat generating facilities with an installed capacity of 2093 gigacalories per hour. The company was founded in 2006 and is based in Kurgan, Russia.",RUB,Utilities,Utilities,Independent Power and Renewable Electricity Producers,MCX,MISX,Moscow Exchange,Russia,,Kurgan,640003,http://www.kgk-kurgan.ru,Micro Cap,,,BBG003LD1D92,BBG003LD1D92,BBG003J5FYN5,False
KLSB.ME,Kaluga Power Sale Company Public Joint-Stock Company,"Kaluga Power Sale Company Public Joint-Stock Company engages in the production, wholesale, and retail of electrical energy in the Kaluga region, Russia. It operates a gas turbine plant that has an installed capacity of approximately 20.8 MW of electricity and 49.88 Gcal/h thermal energy. The company was founded in 2004 and is based in Kaluga, Russia. Kaluga Power Sale Company Public Joint-Stock Company operates as a subsidiary of Kaluzhskaya gorodskaya energeticheskaya kompaniya OAO.",RUB,Utilities,Utilities,Electric Utilities,MCX,MISX,Moscow Exchange,Russia,,Kaluga,,http://www.ksc.kaluga.ru,Nano Cap,RU000A0DKZK3,,BBG000DBD6F6,BBG000DBD6F6,BBG001SMHYK3,False
KLVZ.ME,Crystal Alcohol Group,"Crystal Alcohol Group is a company listed on the Moscow Exchange under the ticker KLVZ. It operates in the Beverages industry within the Consumer Staples sector. The company is headquartered in Moscow, Russia.",RUB,Consumer Staples,"Food, Beverage & Tobacco",Beverages,MCX,MISX,Moscow Exchange,Russia,,Moscow,121357,https://klvz.ru,Nano Cap,RU000A107KX0,,,,BBG01LNRN9T1,False
KMAZ.ME,KAMAZ Publicly Traded Company,"KAMAZ Publicly Traded Company manufactures, markets, and sells trucks and spare parts. It offers buses; dump, high sided, and loader crane trucks; trailers; mixer trucks; engines; and chassis. The company is also involved in the manufacturing and sale of specialized machinery and spare parts; car components; water supply and electric power transmission activities; leasing of non-residential premises, trucks, and buses; provision of hotel and recreation resort services; provision of non-state pension fund and compulsory pension insurance; truck distribution and maintenance; and other activities. It offers its products through a distribution and service network in Russia, the Commonwealth of Independent States, and internationally. The company also exports its products. KAMAZ Publicly Traded Company was founded in 1969 and is based in Naberezhnye Chelny, Russia.",RUB,Industrials,Capital Goods,Machinery,MCX,MISX,Moscow Exchange,Russia,,Naberezhnye Chelny,423827,http://www.kamaz.ru,Small Cap,RU0008959580,,BBG000LNHHJ9,BBG000LNHHJ9,BBG001S6MNB6,False
KMEZ.ME,"Kovrov Mechanical Plant, Public Joint-Stock Company","Public Joint Stock Company Kovrov Mechanical Plant develops and manufactures gas centrifuges for the nuclear industry in Russia. The company's gas centrifuges are used for the separation of uranium isotopes. It also produces and sells permanent magnets and magnet systems; manufactures various tools; and leases non-residential office premises and production areas, as well as engaged in water supply services. The company was founded in 1950 and is based in Kovrov, Russia. Public Joint Stock Company Kovrov Mechanical Plant operates as a subsidiary of JSC TVEL.",RUB,Industrials,Capital Goods,Aerospace & Defense,MCX,MISX,Moscow Exchange,Russia,,Kovrov,,http://www.kvmz.ru,Nano Cap,RU0006753613,,BBG000Q136G4,BBG000Q136G4,BBG001SM1SL2,False
KOGK.ME,Korshynov Mining Plant Public Joint Stock Company,"Korshynov Mining Plant Public Joint Stock Company engages in the mining of iron ore in Russia. It operates Korshunovsky open pit, Rudnogorsky open pit, and the Korshunovsky concentrating plant. The company is based in Zheleznogorsk, Russia. Korshynov Mining Plant Public Joint Stock Company operates as a subsidiary of Mechel Mining OAO.",RUB,Materials,Materials,Metals & Mining,MCX,MISX,Moscow Exchange,Russia,,Zheleznogorsk,665651,http://www.mechel.com/sector/mining/korshunovskij_gok,Micro Cap,RU0002155359,,BBG000R41LN8,BBG000R41LN8,BBG001SNNYS6,True
KRKN.ME,Public Joint Stock Company Saratov Oil Refinery,"Public Joint Stock Company Saratov Oil Refinery engages in oil refining activities. It also sells materials, fixed assets, and processing services. The company was founded in 1994 and is based in Saratov, Russia. Public Joint Stock Company Saratov Oil Refinery is a subsidiary of Public Joint Stock Company Rosneft Oil Company.",RUB,Energy,Energy,"Oil, Gas & Consumable Fuels",MCX,MISX,Moscow Exchange,Russia,,Saratov,410022,http://www.saratov-npz.ru,Micro Cap,RU0009100408,,BBG002B2J6C1,BBG002B2J6C1,BBG001SBBVJ1,False
KRKNP.ME,Public Joint Stock Company Saratov Oil Refinery,"Public Joint Stock Company Saratov Oil Refinery engages in oil refining activities. It also sells materials, fixed assets, and processing services. The company was founded in 1994 and is based in Saratov, Russia. Public Joint Stock Company Saratov Oil Refinery is a subsidiary of Public Joint Stock Company Rosneft Oil Company.",RUB,Energy,Energy,"Oil, Gas & Consumable Fuels",MCX,MISX,Moscow Exchange,Russia,,Saratov,410022,http://www.saratov-npz.ru,Nano Cap,RU0009100416,,BBG002B2J5X0,BBG002B2J5X0,BBG001S9Z874,False
KRKOP.ME,Public Joint Stock Company The Taganrog Boiler-Making Works Krasny Kotelshchik,"Public Joint Stock Company The Taganrog Boiler-Making Works Krasny Kotelshchik engages in the design, manufacture, and integrated supply of equipment for thermal power industry. It manufactures and sells boilers comprising fired steam, waste-heat, biomass, and oil and gas industrial boilers, as well as boilers for burning municipal solid waste and biomass. The company also provides heat-exchange and auxiliary equipment; boilers components and equipment for boilers; heat recovery steam generators; heating surfaces; and connection parts and components of the pipelines. In addition, it offers various types of filters, including clarifying, sorption carbon, regenerative, and trapping; and exchangers, such as mixed bed ion, parallel flow ion, and counter flow ion, as well as hydraulic agitators and pressure tanks for the storage of concentrated agents. The company provides its products under TKZ brand name. Public Joint Stock Company The Taganrog Boiler-Making Works Krasny Kotelshchik was founded in 1896 and is based in Taganrog, Russia. The company is a subsidiary of PJSC EnergoMashinostroitelny Alliance.",RUB,Industrials,Capital Goods,Machinery,MCX,MISX,Moscow Exchange,Russia,,Taganrog,,http://www.tkz.su,Micro Cap,,,BBG002B2D325,BBG002B2D325,BBG001SB96M5,False
KROT.ME,Public Joint-Stock Company Krasnyj Octyabr,"Public Joint-Stock Company Krasnyj Octyabr produces and sells confectionery products in Russia. The company was founded in 1867 and is based in Moscow, Russia.",RUB,Consumer Staples,"Food, Beverage & Tobacco",Food Products,MCX,MISX,Moscow Exchange,Russia,,Moscow,107140,http://www.redoct.msk.ru,Micro Cap,RU0008913850,,BBG000NLB2G3,BBG000NLB2G3,BBG001S77M05,False
KROTP.ME,Joint-Stock Company Krasnyj Octyabr RUB1 PRF(RUB),"Joint-Stock Company Krasnyj Octyabr manufactures and sells confectionery products. Their product range includes chocolates, candies, wafers, and other sweets. The company is based in Moscow, Russia.",RUB,Consumer Staples,"Food, Beverage & Tobacco",Food Products,MCX,MISX,Moscow Exchange,Russia,,Moscow,107140,https://www.redoct.msk.ru,Micro Cap,RU0008913868,,BBG000NLB601,BBG000NLB601,BBG001S9RF77,False
KRSB.ME,Public Joint Stock Company Krasnoyarskenergosbyt,"Public Joint Stock Company Krasnoyarskenergosbyt sells electricity in Russia. The company also engages in the sale and maintenance of electricity meters; testing and measuring parameters of electrical equipment; conducting thermal imaging surveys; and preparing documentation for concluding an energy supply contract. In addition, it provides services in the fields of housing and communal services, such as plumbing, electrical, and general construction. Public Joint Stock Company Krasnoyarskenergosbyt is based in Krasnoyarsk, Russia.",RUB,Utilities,Utilities,Electric Utilities,MCX,MISX,Moscow Exchange,Russia,,Krasnoyarsk,660017,http://www.es.krasnoyarsk.ru,Micro Cap,RU000A0HMLY1,,BBG000VPC602,BBG000VPC602,BBG001SS93K7,False
KRSBP.ME,Public Joint Stock Company Krasnoyarskenergosbyt,"Public Joint Stock Company Krasnoyarskenergosbyt sells electricity in Russia. The company also engages in the sale and maintenance of electricity meters; testing and measuring parameters of electrical equipment; conducting thermal imaging surveys; and preparing documentation for concluding an energy supply contract. In addition, it provides services in the fields of housing and communal services, such as plumbing, electrical, and general construction. Public Joint Stock Company Krasnoyarskenergosbyt is based in Krasnoyarsk, Russia.",RUB,Utilities,Utilities,Electric Utilities,MCX,MISX,Moscow Exchange,Russia,,Krasnoyarsk,660017,http://www.es.krasnoyarsk.ru,Micro Cap,,,BBG000VPC6Y5,BBG000VPC6Y5,BBG001SS9PL7,False
KTSB.ME,"Publichnoe Akcionernoe Obshestvo ""Kostromskaya Sbytovaya Compania""","Publichnoe Akcionernoe Obshestvo ""Kostromskaya Sbytovaya Compania"" is involved in the supply of electricity to consumers in Russia. The company engages in the wholesale and retail of electricity in the Kostroma region. The company was incorporated in 2005 and is based in Kostroma, Russia. Publichnoe Akcionernoe Obshestvo ""Kostromskaya Sbytovaya Compania"" operates as a subsidiary of Rusenergocapital Management Company.",RUB,Utilities,Utilities,Electric Utilities,MCX,MISX,Moscow Exchange,Russia,,Kostroma,156013,https://www.k-sc.ru,Nano Cap,RU000A0D8LW9,,,,,False
KTSBP.ME,Public Joint Stock Company Kostroma Power Sale Company RUB0.04 PRF(RUB),"Public Joint Stock Company Kostroma Power Sale Company engages in the sale and distribution of electricity to consumers in the Kostroma region of Russia. The company supplies power to residential, commercial, and industrial customers. The company is based in Kostroma, Russia.",RUB,Utilities,Utilities,,MCX,MISX,Moscow Exchange,Russia,,,,,Nano Cap,,,,,,False
KUBE.ME,Rosseti Kuban PJSC,"Rosseti Kuban PJSC, a power grid company, provides electricity transmission and distribution services in Russia. It operates approximately 91.644 thousand kilometers of electricity transmission lines. The company serves 6 million people in the Krasnodar region and the Republic of Adygea. It is also involved in the organization of recreation and health improvement facilities for children and adults; and arrangement and holding of seminars and conferences. In addition, the company designs, installs, and commissions metering units for electricity, gas, and technological equipment; and supplies hot and cold water. The company was formerly known as Kuban power and electrification public joint stock company and changed its name to Rosseti Kuban PJSC in October 2020. The company is based in Krasnodar, Russia. Rosseti Kuban PJSC is a subsidiary of PJSC Rosseti.",RUB,Utilities,Utilities,Electric Utilities,MCX,MISX,Moscow Exchange,Russia,,Krasnodar,350033,http://rosseti-kuban.ru,Small Cap,RU0009046767,,BBG000CV6PB3,BBG000CV6PB3,BBG001S76M79,True
KUZB.ME,Kuznetsky Bank Public joint stock company,"Kuznetsky Bank Public joint stock company provides a range of financial services to individuals, small and medium-sized enterprises, individual entrepreneurs, and private and corporate clients in Penza, Russia. It offers various deposits; loans; bank cards; consumer and mortgage lending; utility payments; coins; money transfer; settlement and cash services; guarantee; foreign exchange; safe deposit box rental; acquiring; and payroll services, as well as online and other banking services. The company was founded in 1990 and is headquartered in Penza, Russia.",RUB,Financials,Banks,Banks,MCX,MISX,Moscow Exchange,Russia,,Penza,440000,http://www.kuzbank.ru,Nano Cap,RU000A0JSQ66,,BBG003C53JK1,BBG003C53JK1,BBG003C53JP6,False
KZOS.ME,Kazan Public Joint Stock Company Organichesky sintez,"Kazan Public Joint Stock Company Organichesky sintez, together with its subsidiaries, produces and sells chemical products in Russia. The company offers high and medium density, linear low density, and bimodal high density polyethylene; polyethylene pipes and fittings for gas and water supply; and polyethylene compositions for the production of cord items shells, high-speed extrusion, rotary molding production, and cable compositions of polyethylene. It also provides phenol for producing caprolactam, diphenylpropane, medicines, synthetic resins, plasticizers, and herbicides; acetone for producing acetic anhydride, acetonecyanhydrine, and diphenylolpropane, as well as for use as a solvent in various industrial applications; and bisphenol-A for the production of polycarbonate, brominated flame retardants, and stabilizers for various polymers, as well as epoxide, polysulfone, polyarylate, special phenolic, polyester imide, and unsaturated ester resins. In addition, the company offers polycarbonates used for the production of automotive head lamps, optical lenses, compact discs, helmets, and blood filters, as well as high-precision parts, such as pinions, bushings, etc.; and polycarbonate sheets for producing multi-layer glasses used in buildings, sport facilities, and greenhouses glazing. Further, it provides ethylene that is used as feed stock for propylene and ethylene oxide; propylene used for the production of polypropylene, phenol, acetone, and propylene oxide; and ethylene oxide products for the preparation of crude oil, such as corrosion, paraffin inhibitors, proxanols, proxamines, and demulsifiers. The company was founded in 1958 and is based in Kazan, Russia. Kazan Public Joint Stock Company Organichesky sintez is a subsidiary of OOO Telecom-Management.",RUB,Materials,Materials,Chemicals,MCX,MISX,Moscow Exchange,Russia,,Kazan,420051,http://www.kazanorgsintez.ru,Small Cap,RU0009089825,,BBG0029SFXB3,BBG0029SFXB3,BBG001S9Q3T1,False
KZOSP.ME,Kazan Public Joint Stock Company Organichesky sintez,"Kazan Public Joint Stock Company Organichesky sintez, together with its subsidiaries, produces and sells chemical products in Russia. The company offers high and medium density, linear low density, and bimodal high density polyethylene; polyethylene pipes and fittings for gas and water supply; and polyethylene compositions for the production of cord items shells, high-speed extrusion, rotary molding production, and cable compositions of polyethylene. It also provides phenol for producing caprolactam, diphenylpropane, medicines, synthetic resins, plasticizers, and herbicides; acetone for producing acetic anhydride, acetonecyanhydrine, and diphenylolpropane, as well as for use as a solvent in various industrial applications; and bisphenol-A for the production of polycarbonate, brominated flame retardants, and stabilizers for various polymers, as well as epoxide, polysulfone, polyarylate, special phenolic, polyester imide, and unsaturated ester resins. In addition, the company offers polycarbonates used for the production of automotive head lamps, optical lenses, compact discs, helmets, and blood filters, as well as high-precision parts, such as pinions, bushings, etc.; and polycarbonate sheets for producing multi-layer glasses used in buildings, sport facilities, and greenhouses glazing. Further, it provides ethylene that is used as feed stock for propylene and ethylene oxide; propylene used for the production of polypropylene, phenol, acetone, and propylene oxide; and ethylene oxide products for the preparation of crude oil, such as corrosion, paraffin inhibitors, proxanols, proxamines, and demulsifiers. The company was founded in 1958 and is based in Kazan, Russia. Kazan Public Joint Stock Company Organichesky sintez is a subsidiary of OOO Telecom-Management.",RUB,Materials,Materials,Chemicals,MCX,MISX,Moscow Exchange,Russia,,Kazan,420051,http://www.kazanorgsintez.ru,Small Cap,RU0006753456,,BBG0029SG1C1,BBG0029SG1C1,BBG001SKYTS1,False
LEAS.ME,PJSC LC Europlan,"PJSC LC Europlan is a company listed on the Moscow Exchange under the ticker LEAS. It operates in the Capital Markets industry within the Financials sector. The company is headquartered in Moscow, Russia.",RUB,Financials,Diversified Financials,Capital Markets,MCX,MISX,Moscow Exchange,Russia,,Moscow,119049,https://www.europlan.ru,Small Cap,RU000A0ZZFS9,,BBG00FSDXC77,BBG00FSDXC77,BBG00FSDXC86,False
LIFE.ME,Public Joint-Stock Company Pharmsynthez,"Public Joint-Stock Company ‘Pharmsynthez', a pharmaceutical company, researches, manufactures, and distributes officinal and generic active pharmaceutical ingredients in Russia and CIS countries. The company offers officinal medicines, including Neovir, Segidrin, Fenasid, and Penkrofton that are used in oncology, gynecology, treatment of immune deficiencies, and tuberculosis. Public Joint-Stock Company ‘Pharmsynthez' has partnership with HiFiBiO Therapeutics Inks for the clinical development and commercialization of its SARS-CoV-2 neutralizing antibody in Russia. Public Joint-Stock Company ‘Pharmsynthez' was founded in 1996 and is based in St. Petersburg, Russia.",RUB,Health Care,"Pharmaceuticals, Biotechnology & Life Sciences",Biotechnology,MCX,MISX,Moscow Exchange,Russia,,Saint Petersburg,197110,http://www.pharmsynthez.com,Nano Cap,RU000A0JR514,,BBG0019K04R5,BBG0019K04R5,BBG001T956N2,False
LKOH.ME,PJSC Lukoil,"PJSC LUKOIL, together with its subsidiaries, engages in exploration, production, refining, marketing, and distribution of oil and gas. The company's Exploration and Production segment explores, develops, and produces crude oil and gas. Its Refining, Marketing and Distribution segment engages in refining; petrochemical and transport operations; marketing and trading of crude oil, natural gas, and refined products; and generation, transportation, and sale of electricity and heat, as well as provides related services. The company operates a retail network of 5,044 filling stations in 19 countries. PJSC LUKOIL was founded in 1993 and is based in Moscow, Russia.",RUB,Energy,Energy,"Oil, Gas & Consumable Fuels",MCX,MISX,Moscow Exchange,Russia,,Moscow,101000,http://www.lukoil.com,Large Cap,US69343P1057,69343P105,,,BBG001S8QGC2,False
LNTA.ME,Lenta PLC,"Lenta PLC, together with its subsidiaries, develops and operates hypermarket and supermarket stores. As of December 31, 2020, it operated 254 hypermarkets and 139 supermarkets in 89 cities across Russia. The company was founded in 1993 and is headquartered in Saint Petersburg, Russia. Lenta PLC is a subsidiary of Severgroup LLC.",RUB,Consumer Discretionary,Consumer Durables & Apparel,Household Durables,MCX,MISX,Moscow Exchange,Russia,,Saint Petersburg,197374,http://www.lentainvestor.com,Mid Cap,RU000A102S15,,BBG0063FKTD9,BBG0063FKTD9,BBG0063FKTL0,False
LNZL.ME,Lena Gold-Mining Public Joint Stock Company Lenzoloto,"Lena Gold-Mining Public Joint Stock Company Lenzoloto engages in the exploration, mining, development, and production of gold properties in Russia. It is also involved in the airport rental business; repair, maintenance, and leasing of production assets; design and exploration work of engineering and geological research activities; sale of goods and materials; and provision of transport services. The company was founded in 1992 and is based in Bodaybo, Russia. Lena Gold-Mining Public Joint Stock Company Lenzoloto is a subsidiary of JSC Polyus Krasnoyarsk.",RUB,Materials,Materials,Metals & Mining,MCX,MISX,Moscow Exchange,Russia,,Bodaybo,666904,http://www.len-zoloto.ru,Small Cap,RU000A0JP1N2,,BBG000SK7JS5,BBG000SK7JS5,BBG001SBFR79,True
LNZLP.ME,Lena Gold-Mining Public Joint Stock Company Lenzoloto,"Lena Gold-Mining Public Joint Stock Company Lenzoloto engages in the exploration, mining, development, and production of gold properties in Russia. It is also involved in the airport rental business; repair, maintenance, and leasing of production assets; design and exploration work of engineering and geological research activities; sale of goods and materials; and provision of transport services. The company was founded in 1992 and is based in Bodaybo, Russia. Lena Gold-Mining Public Joint Stock Company Lenzoloto is a subsidiary of JSC Polyus Krasnoyarsk.",RUB,Materials,Materials,Metals & Mining,MCX,MISX,Moscow Exchange,Russia,,Bodaybo,666904,http://www.len-zoloto.ru,Small Cap,RU000A0JP1P7,,BBG000SR0YS4,BBG000SR0YS4,BBG001SQRY87,True
LPSB.ME,Lipetsk Power Sale Company Open Joint-Stock Company,"Lipetsk Power Sale Company Open Joint-Stock Company engages in the supply of electricity to businesses and individuals in the Lipetsk region, Russia. It serves 14,000 organizations and approximately 550,000 individual customers. The company was founded in 2005 and is based in Lipetsk, Russia. Lipetsk Power Sale Company Open Joint-Stock Company is a subsidiary of Zefavel Trading Limited.",RUB,Utilities,Utilities,Electric Utilities,MCX,MISX,Moscow Exchange,Russia,,Lipetsk,398024,http://www.lesk.ru,Micro Cap,RU000A0D8MR7,,BBG000DD0BC8,BBG000DD0BC8,BBG001SMJNG0,False
LSNG.ME,Public Joint stock company Rosseti Lenenergo,"Public Joint-Stock Company Lenenergo operates as an electricity distribution company in Russia. The company offers electricity transmission and distribution, grid connection, and other services related with electricity supply. It also provides repair and maintenance of equipment for third-party legal entities; connection/disconnection services for consumers; engineering services, such as designing utilities and systems of power supply and electric lighting; services on organization of electricity metering; installation, checkout, and repair of the power equipment; and insulation resistance measurement. In addition, the company is involved in the testing, diagnosing, and inspection of electrical installations, as well as offers educational and other services. It operates 0.4-110 kilovolt (kV) networks with an installed capacity of 31,503 megavolt-ampere; 638 electric power transmission lines of the 110-750 kV with the total length of 12,498.7 kilometers; and 386 transformer substations in Saint Petersburg and the Leningrad region. The company was founded in 1886 and is based in Saint Petersburg, Russia. Public Joint-Stock Company Lenenergo is a subsidiary of Rosseti, Public Joint Stock Company.",RUB,Utilities,Utilities,Electric Utilities,MCX,MISX,Moscow Exchange,Russia,,Saint Petersburg,196247,http://www.lenenergo.ru,Small Cap,RU0009034490,,BBG000NLC9Z6,BBG000NLC9Z6,BBG001S8SXS6,False
LSNGP.ME,Public Joint stock company Rosseti Lenenergo,"Public Joint-Stock Company Lenenergo operates as an electricity distribution company in Russia. The company offers electricity transmission and distribution, grid connection, and other services related with electricity supply. It also provides repair and maintenance of equipment for third-party legal entities; connection/disconnection services for consumers; engineering services, such as designing utilities and systems of power supply and electric lighting; services on organization of electricity metering; installation, checkout, and repair of the power equipment; and insulation resistance measurement. In addition, the company is involved in the testing, diagnosing, and inspection of electrical installations, as well as offers educational and other services. It operates 0.4-110 kilovolt (kV) networks with an installed capacity of 31,503 megavolt-ampere; 638 electric power transmission lines of the 110-750 kV with the total length of 12,498.7 kilometers; and 386 transformer substations in Saint Petersburg and the Leningrad region. The company was founded in 1886 and is based in Saint Petersburg, Russia. Public Joint-Stock Company Lenenergo is a subsidiary of Rosseti, Public Joint Stock Company.",RUB,Utilities,Utilities,Electric Utilities,MCX,MISX,Moscow Exchange,Russia,,Saint Petersburg,196247,http://www.lenenergo.ru,Mid Cap,RU0009092134,,BBG000NLCCM3,BBG000NLCCM3,BBG001S9TVL4,False
LSRG.ME,PJSC LSR Group,"PJSC LSR Group, together with its subsidiaries, engages in the real estate development, homebuilding, and construction materials businesses. The company operates through Building Materials, Real Estate Development and Construction, and Other segments. It produces and sells bricks, concrete and reinforced concrete items, ready-mix concrete and mortars, aerated concrete blocks, crushed stone products, crushed granite, and land-based and marine-dredged sand extraction products; and provides tower cranes services. The company also develops residential and commercial real estate properties; and offers prefabricated panel construction, contracting, subcontracting, and engineering services in civil and industrial construction. In addition, it provides construction contracting services; and transports construction materials. The company primarily operates in Saint Petersburg, the Leningrad region, Moscow, and Yekaterinburg. PJSC LSR Group was founded in 1993 and is based in Saint Petersburg, Russia.",RUB,Real Estate,Real Estate,Real Estate Management & Development,MCX,MISX,Moscow Exchange,Russia,,Saint Petersburg,190031,http://www.lsrgroup.ru,Small Cap,RU000A0JPFP0,,BBG004S68C39,BBG004S68C39,BBG001SPLPN7,False
LVHK.ME,Levenhuk Inc.,"Levenhuk Inc. manufactures and sells optical devices and instruments. It offers telescopes, microscopes, binoculars, spotting scopes, magnifiers, monoculars, and accessories, as well as microscope slides, star charts, cleaning accessories for optics, and educational materials on natural science. The company offers its optics primarily under the Levenhuk brand name. It operates through a dealer network in the United States, Canada, India, Azerbaijan, Southeast Asia, and Europe. The company was founded in 2002 and is headquartered in Tampa, Florida.",RUB,Information Technology,Technology Hardware & Equipment,"Electronic Equipment, Instruments & Components",MCX,MISX,Moscow Exchange,United States,FL,Tampa,33612,http://www.levenhuk.com,Nano Cap,RU000A0JT7Y2,,BBG003NZBX41,BBG003NZBX32,BBG003NZBXC2,False
MAGE.ME,Public Joint Stock Company Magadanenergo,"Public Joint Stock Company Magadanenergo engages in the generation, transmission, and distribution of electricity and heat in Russia. The company is also involved in the repair, reconstruction, and modernization of energy facilities, as well as maintenance of transport, buildings, and structures of the power system. It also conducts repairs for transformers and generators, as well as other installations; and manufactures and repairs equipment of power units of heat, coils, boilers heating surfaces, half couplings, fittings, gas ducts, etc. The company supplies electricity in the Magadan region, Chukotka Autonomous district, and Nizhnekolymsky Oymyakon ulus; and heat in Magadan, Anadyr, Pevek, Myaundzha, and Egvekinot. It has electric power stations with an installed capacity of 320 MW; and installed thermal capacity of the stations is 646 Gcal / h. Public Joint Stock Company Magadanenergo was founded in 1966 and is based in Magadan, Russia.",RUB,Utilities,Utilities,Electric Utilities,MCX,MISX,Moscow Exchange,Russia,,Magadan,685000,http://www.magadanenergo.ru,Nano Cap,RU0006758919,,BBG0018X73Z4,BBG0018X73Z4,BBG001S8ZPB3,False
MAGEP.ME,Public Joint Stock Company Magadanenergo,"Public Joint Stock Company Magadanenergo engages in the generation, transmission, and distribution of electricity and heat in Russia. The company is also involved in the repair, reconstruction, and modernization of energy facilities, as well as maintenance of transport, buildings, and structures of the power system. It also conducts repairs for transformers and generators, as well as other installations; and manufactures and repairs equipment of power units of heat, coils, boilers heating surfaces, half couplings, fittings, gas ducts, etc. The company supplies electricity in the Magadan region, Chukotka Autonomous district, and Nizhnekolymsky Oymyakon ulus; and heat in Magadan, Anadyr, Pevek, Myaundzha, and Egvekinot. It has electric power stations with an installed capacity of 320 MW; and installed thermal capacity of the stations is 646 Gcal / h. Public Joint Stock Company Magadanenergo was founded in 1966 and is based in Magadan, Russia.",RUB,Utilities,Utilities,Electric Utilities,MCX,MISX,Moscow Exchange,Russia,,Magadan,685000,http://www.magadanenergo.ru,Nano Cap,,,BBG0018X75N2,BBG0018X75N2,BBG001S8ZPH7,False
MAGN.ME,Public Joint Stock Company Magnitogorsk Iron & Steel Works,"Public Joint Stock Company Magnitogorsk Iron & Steel Works, together with its subsidiaries, produces and sells ferrous metal products in Russia and the CIS countries, the Middle East, Asia, Europe, and Africa. It offers rolled products made of high-strength steels; flat products, including hot rolled coils, hot rolled sheets, cold rolled coils and sheets, black plates, and cold rolled narrow strips; long products, such as wire rods, rebars, square bars, strips, and round bars; and coated products comprising color coated products, hot dip galvanized products, and tin plates. The company also provides cold formed sections; special hot rolled sections; shaped sections, such as U-beams, angles, and hot rolled beams; water and gas mains pipes; slabs; square and rectangular billets for re-rolling; products for the automotive industry; and miscellaneous products. In addition, it is also involved in production of metal hardware; maintenance of metallurgical equipment; production of cement and refractory materials; collection and processing of metal scrap; mining, refining, and sale of coal; and trading activities. The company was founded in 1932 and is based in Magnitogorsk, Russia. Public Joint Stock Company Magnitogorsk Iron & Steel Works is a subsidiary of Mintha Holding Limited.",RUB,Materials,Materials,Metals & Mining,MCX,MISX,Moscow Exchange,Russia,,Magnitogorsk,455000,http://www.mmk.ru,Mid Cap,RU0009084396,,BBG004S68507,BBG004S68507,BBG001SDRQ10,False
MAIL.ME,VK Company Limited,"VK Company Limited operates as an Internet company primarily in Russia and other CIS states. The company operates through Communications and Social, Games, and New Initiatives segments. The Communication and Social segment provides email, instant messaging, and portal as well as social network Vkontakte, OK, and My World. It also engages in user payments for virtual gifts, stickers and music subscriptions, online advertising, including display and context advertising. The Games segment provides online gaming services, including MMO, social and mobile games, games streaming and platform solutions under the MY.GAMES brand. The New Initiatives segment provides Youla classified advertising. The company was formerly known as Digital Sky Technologies Limited and changed its name to VK Company Limited in October 2010. VK Company Limited was founded in 1998 and is based in Limassol, Cyprus.",RUB,Information Technology,Software & Services,Software,MCX,MISX,Moscow Exchange,Cyprus,,Limassol,3107,http://www.corp.mail.ru,Mid Cap,US5603172082,560317208,,,BBG001TCQY97,True
MBNK.ME,MTS Bank,"MTS Bank is a company listed on the Moscow Exchange under the ticker MBNK. It operates in the Banks industry within the Financials sector. The company is headquartered in Moscow, Russia.",RUB,Financials,Banks,Banks,MCX,MISX,Moscow Exchange,Russia,,Moscow,107045,http://www.mtsbank.ru,Small Cap,RU000A0JRH43,,BBG01MN7RG95,BBG01MN7RG95,BBG001ST3PD0,False
MDMG.ME,MD Medical Group Investments Plc,"MD Medical Group Investments Plc, an investment holding company, operates a chain of clinics that provide healthcare services for women and children in Russia. It offers a range of services in the areas of obstetrics and gynecology, fertility and in-vitro fertilization treatment, and pediatrics, as well as diagnostics, urology, radiology, surgery, traumatology, rehabilitation, cardiology, oncology, endovascular, laboratory testing, and others. The company also retails pharmaceutics; provides assistance and rental services; and operates as a management company, as well as holds land. As of February 1, 2021, it managed 42 healthcare facilities, including 6 hospitals and 36 out-patient clinics in Moscow Region, St. Petersburg, Ufa, Perm, Samara and the Samara Region, Irkutsk, Novosibirsk, Irkutsk, Yaroslavl, Ryazan, Kostroma, Novokuznetsk, Krasnoyarsk, Omsk, Barnaul, Vladimir, Tyumen, Voronezh, Nizhny Novgorod, Volgograd, Tula, Kazan, Vladivostok, Krasnodar, and Rostov on Don. The company was founded in 2006 and is headquartered in Nicosia, Cyprus. MD Medical Group Investments Plc is a subsidiary of MD Medical Holding Limited.",RUB,Health Care,Health Care Equipment & Services,Health Care Providers & Services,MCX,MISX,Moscow Exchange,Cyprus,,Nicosia,2024,http://www.mcclinics.com,Small Cap,RU000A108KL3,,BBG01N5LLJ29,BBG003GTV1S5,BBG003GTV1V1,False
MFGS.ME,Joint-stock company Slavneft-Megionneftegas,"Joint-stock company Slavneft-Megionneftegas, together with its subsidiaries, engages in the oil and gas production activities in Russia. The company operates 28 license areas in the production area of Megion oilmen. It also provides services for the transmission of electricity; technical supervision of power facilities; and maintains the power system. In addition, the company explores for and prospects hydrocarbon deposits. Further, it builds wells in nature protection zones. The company was founded in 1964 and is based in Megion, Russia. Joint-stock company Slavneft-Megionneftegas is a subsidiary of Public Joint Stock Oil and Gas Company Slavneft.",RUB,Energy,Energy,"Oil, Gas & Consumable Fuels",MCX,MISX,Moscow Exchange,Russia,,Megion,628684,http://www.sn-mng.ru,Small Cap,RU0009011126,,BBG000NLK3N3,BBG000NLK3N3,BBG001S8G8Z6,False
MFGSP.ME,Joint-stock company Slavneft-Megionneftegas,"Joint-stock company Slavneft-Megionneftegas, together with its subsidiaries, engages in the oil and gas production activities in Russia. The company operates 28 license areas in the production area of Megion oilmen. It also provides services for the transmission of electricity; technical supervision of power facilities; and maintains the power system. In addition, the company explores for and prospects hydrocarbon deposits. Further, it builds wells in nature protection zones. The company was founded in 1964 and is based in Megion, Russia. Joint-stock company Slavneft-Megionneftegas is a subsidiary of Public Joint Stock Oil and Gas Company Slavneft.",RUB,Energy,Energy,"Oil, Gas & Consumable Fuels",MCX,MISX,Moscow Exchange,Russia,,Megion,628684,http://www.sn-mng.ru,Small Cap,,,BBG000NLL888,BBG000NLL888,BBG001S9TVP0,False
MGNT.ME,Public Joint Stock Company Magnit,"Public Joint Stock Company Magnit, together with its subsidiaries, engages in the retail and distribution of food and consumer goods under the Magnit name. It operates retail business through convenience stores, cosmetic stores, supermarkets, drogerie stores, pharmacies, and others. As of March 31, 2021, the company operated 39 distribution centers and 21,900 stores, including 15,098 convenience, 471 supermarkets, and 6,331 drogerie stores in 3,770 cities and towns throughout 7 federal regions of Russia. It also trades in medicines and medical products; produces medical devices; and engages in the software product development, IT operation, import, rent, and other activities. The company was founded in 1994 and is headquartered in Krasnodar, Russia.",RUB,Consumer Staples,Household & Personal Products,Household Products,MCX,MISX,Moscow Exchange,Russia,,Krasnodar,350072,http://www.magnit.com,Small Cap,RU000A0JKQU8,55953Q202,BBG004RVFCY3,BBG004RVFCY3,BBG001SQ3QC5,False
MGNZ.ME,Open joint stock company Solikamsk magnesium works,"Open joint stock company Solikamsk magnesium works manufactures and sells magnesium, chemical, and rare metals products for use in high-tech industries in Russia and internationally. The company's magnesium products include pure and alloy magnesium metals, potash, carnallite, calcium hypochlorite solution, and fluxes. It also provides chemical products, such as calcium chloride solution, liquid chlorine, lime, and lime slurry milk, as well as calcium strontium carbonate. In addition, the company offers carbonates and oxides of rare earths; chemical concentrates, pentachlorides, and pentoxides of niobium and tantalum; and titanium sponge and tetrachloride, as well as rare earths compounds and lithium niobates. Open joint stock company Solikamsk magnesium works was founded in 1936 and is based in Solikamsk, Russia.",RUB,Materials,Materials,Metals & Mining,MCX,MISX,Moscow Exchange,Russia,,Solikamsk,618541,http://www.smw.ru,Nano Cap,RU0009100911,,BBG000FJXMJ6,BBG000FJXMJ6,BBG001SB3H01,False
MGTS.ME,Public Joint Stock Company Moscow City Telephone Network,"Public Joint Stock Company Moscow City Telephone Network provides telecommunications services in Russia. It operates through MGTS Service and Other, and MGTS Commercial segments. The company offers telecommunication services; communication services, including internet access, IP telephony, digital television, and mobile communications through a virtual operator (MVNO) model on MTS networks; and office and home management services, such as cloud video surveillance, which is involved to provide internet and implement video surveillance in educational institutions. Public Joint Stock Company Moscow City Telephone Network was founded in 1882 and is based in Moscow, Russia. Public Joint Stock Company Moscow City Telephone Network is a subsidiary of Mobile TeleSystems Public Joint Stock Company.",RUB,Communication Services,Telecommunication Services,,MCX,MISX,Moscow Exchange,Russia,,Moscow,119017,https://www.mgts.ru,Small Cap,RU0009036461,,BBG000NT5184,BBG000NT5184,BBG001S8KFR4,False
MGTSP.ME,Public Joint Stock Company Moscow City Telephone Network,"Public Joint Stock Company Moscow City Telephone Network provides telecommunications services in Russia. It operates through MGTS Service and Other, and MGTS Commercial segments. The company offers telecommunication services; communication services, including internet access, IP telephony, digital television, and mobile communications through a virtual operator (MVNO) model on MTS networks; and office and home management services, such as cloud video surveillance, which is involved to provide internet and implement video surveillance in educational institutions. Public Joint Stock Company Moscow City Telephone Network was founded in 1882 and is based in Moscow, Russia. Public Joint Stock Company Moscow City Telephone Network is a subsidiary of Mobile TeleSystems Public Joint Stock Company.",RUB,Communication Services,Telecommunication Services,,MCX,MISX,Moscow Exchange,Russia,,Moscow,119017,https://www.mgts.ru,Mid Cap,RU0009036479,,,,,False
MISB.ME,Public Joint-stock Company TNS energo Mari El,"Public Joint-stock Company TNS energo Mari El supplies electricity in the territory of the Republic of Mari El. The company serves 313,165 individuals and 7,714 legal entities. It also offers electronic receipts and mobile application services. The company was formerly known as Joint-Stock Company Marienergosbyt and changed its name to Public Joint-stock Company TNS energo Mari El in June 2015. The company is based in Yoshkar-Ola, Russia. Public Joint-stock Company TNS energo Mari El is a subsidiary of Public Joint Stock Company Group of Companies TNS energo.",RUB,Utilities,Utilities,Electric Utilities,MCX,MISX,Moscow Exchange,Russia,,Yoshkar-Ola,424019,http://www.mari-el.tns-e.ru,Micro Cap,RU000A0D8K33,,BBG000DD65R9,BBG000DD65R9,BBG001SMJRK6,False
MISBP.ME,Public Joint-stock Company TNS energo Mari El RUB0.1 PRF(USD),,RUB,Utilities,Utilities,,MCX,MISX,Moscow Exchange,Russia,,,,,Nano Cap,,,BBG000DD66T5,BBG000DD66T5,BBG001SMJRM4,False
MOEX.ME,Public Joint-Stock Company Moscow Exchange MICEX-RTS,"Public Joint-Stock Company Moscow Exchange MICEX-RTS, an integrated exchange, provides competitive trading, clearing, settlement, depository, and information services to market participants. The company is also involved in the repository service, commodities exchange, financial service, fintech start-up, and information security service businesses. It operates on the foreign currencies exchange, government securities and money, derivative financial instruments, equities, corporate and regional bonds, and commodities markets. The company was founded in 1992 and is based in Moscow, Russia.",RUB,Financials,Diversified Financials,Capital Markets,MCX,MISX,Moscow Exchange,Russia,,Moscow,125009,http://www.moex.com,Mid Cap,RU000A0JR4A1,,BBG004730JJ5,BBG004730JJ5,BBG0042MPMD0,False
MRKC.ME,"Interregional Distribution Grid Company of Centre, Public Joint Stock Company","Interregional Distribution Grid Company of Centre, Public Joint Stock Company operates as an electric grid company of Russia. The company provides power transmission and distribution; and grid connections services. It supplies electricity to the industrial manufacturers, transport companies, agricultural producers, community facilities, and guaranteeing suppliers. The company was founded in 2004 and is headquartered in Moscow, Russia. Interregional Distribution Grid Company of Centre, Public Joint Stock Company is a subsidiary of PJSC ROSSETI.",RUB,Utilities,Utilities,Electric Utilities,MCX,MISX,Moscow Exchange,Russia,,Moscow,119017,http://www.mrsk-1.ru,Small Cap,RU000A0JPPL8,589339209,BBG000VH7TZ8,BBG000VH7TZ8,BBG001T29QK2,False
MRKK.ME,Public Joint Stock Company ROSSETI Northern Caucasus,"Public Joint Stock Company ""ROSSETI Northern Caucasus"" provides power transmission and distribution services in the Republic of Ingushetia. It also engages in the technological connection of consumers to the grid infrastructure; and buys and sells electric power and capacity in wholesale and retail markets. The company is based in Pyatigorsk, Russia. Public Joint Stock Company ""ROSSETI Northern Caucasus"" operates as a subsidiary of Rosseti, Public Joint Stock Company.",RUB,Utilities,Utilities,Electric Utilities,MCX,MISX,Moscow Exchange,Russia,,Pyatigorsk,357506,http://www.rossetisk.ru,Small Cap,RU000A0JPPQ7,,,,,False
MRKP.ME,"Interregional Distribution Grid Company of Center and Volga Region, Public Joint Stock Company","Interregional Distribution Grid Company of Center and Volga Region, Public Joint Stock Company, together with its subsidiaries, engages in the transmission and distribution of electricity in Russia. It offers power transmission and distribution services to electric grids located in Vladimir, Ivanovo, Kaluga, Kirov, Nizhny Novgorod, Ryazan, and Tula regions, as well as in the Republic of Mary El and the Republic of Udmurtia. The company also designs, installs, and commissions metering stations for electricity, hot and cold water supply, heat energy, gas, and boiler plants and supporting processing equipment, as well as provides facilities maintenance services; and supplies heat energy. In addition, it offers medical rehabilitation services; physical, healthcare, and spa services; accommodation and catering services; transport and warehouse services; and vehicles repair and maintenance services. The company was founded in 2007 and is headquartered in Nizhny Novgorod, Russia. Interregional Distribution Grid Company of Center and Volga Region, Public Joint Stock Company is a subsidiary of Rosseti, Public Joint Stock Company.",RUB,Utilities,Utilities,Electric Utilities,MCX,MISX,Moscow Exchange,Russia,,Nizhny Novgorod,603950,http://www.mrsk-cp.ru,Small Cap,RU000A0JPN96,X3991X106,BBG000VG1034,BBG000VG1034,BBG001T0JBC7,False
MRKS.ME,Public Joint Stock Company Interregional Distribution Grid Company of Siberia,"Public Joint-Stock Company Interregional Distribution Grid Company of Siberia, together with its subsidiaries, transmits and distributes electricity for power grids in Russia. It also provides services for technological connection of consumers to the network. The company was founded in 2005 and is based in Krasnoyarsk, Russia. Public Joint-Stock Company Interregional Distribution Grid Company of Siberia is a subsidiary of PJSC Russian Grids.",RUB,Utilities,Utilities,Electric Utilities,MCX,MISX,Moscow Exchange,Russia,,Krasnoyarsk,660021,http://rosseti-sib.ru,Small Cap,RU000A0JPPF0,,,,,False
MRKU.ME,"Interregional Distribution Grid Company of Urals, Joint Stock Company","Interregional Distribution Grid Company of Urals, Joint Stock Company provides electricity transmission, distribution, and sales services in Russia. The company offers networks connection, and power equipment and safety control testing services; and collects, transmits, and processes technological information, including metering and performance data. It is involved in the operation of technical management and control over energy-saving and consumption; and maintenance, diagnostics, repair of power lines, measurement and metering devices, relay and stability control schemes, etc. In addition, the company undertakes engineering, construction and reconstruction, upgrading, installation, and mounting of networks and grid facilities. It operates a network of 122,733 km of 0.4-220 kV aerial lines; 7,224 km of 0.4-110 kV cable lines; 1,049 35-220-kV substations with the capacity of 21,863 MVA; and 31,864 6-10(35)/0.4-kV substations with the capacity of 9,228 MVA. The company was founded in 2005 and is based in Yekaterinburg, Russia. Interregional Distribution Grid Company of Urals, Joint Stock Company is a subsidiary of Rosseti, Public Joint Stock Company.",RUB,Utilities,Utilities,Electric Utilities,MCX,MISX,Moscow Exchange,Russia,,Yekaterinburg,620026,http://www.mrsk-ural.ru,Small Cap,RU000A0JPPT1,,BBG000VKG4R5,BBG000VKG4R5,BBG001SGSGS5,False
MRKV.ME,Public Joint Stock Company Rosseti Volga,"Public Joint Stock Company Rosseti Volga transmits and distributes electric power in Russia. It is involved in the technological connection to electric grids. It offers hotel accommodation, sanatorium, and resort, as well as medical treatment and prophylactic services; produces and trades in foodstuff; organizes public catering; and engages in trading, intermediary, sale, and marketing operations. It maintains working capacity of electric and thermal networks; undertakes design, and civil and knot works of the accounts of electric power, and hot and cold water supply; designs, installs, and adjusts the knots of the accounts of heat, gas, and process equipment; installs and adjusts process equipment, boiler installations, and auxiliaries; installs and adjusts instrumentations and units fuel consuming units; organizes and carries out power audit; and engages in the civil repair works, assembly, specialized works on installation of systems of gas supply, and service of objects. It provides medical, advisory, expert, tourist, informational, organizational, and administrative services; conducts prophylactic, sanitary, and informational works; and offers institution's employee protection services, as well as organizes active rest and cultural leisure for patients, recreation events, physical training, sports, tourist, children's recreational camps, and other mass events. It also transports passengers by motor transport and cars, as well as cargoes by motor transport; rents motor transport, agricultural and construction machinery, and equipment to individuals and legal entities; and maintains and repairs motor vehicles. The company was formerly known as Interregional Distribution Grid Company of Volga, Public Joint-Stock Company and changed its name to Public Joint Stock Company Rosseti Volga in August 2020. The company was founded in 2007 and is based in Saratov, Russia. Public Joint Stock Company Rosseti Volga is a subsidiary of Rosseti, Public Joint Stock Company.",RUB,Utilities,Utilities,Electric Utilities,MCX,MISX,Moscow Exchange,Russia,,Saratov,410031,http://www.rossetivolga.ru,Small Cap,RU000A0JPPN4,,BBG000PKWCQ7,BBG000PKWCQ7,BBG001SR3DG8,False
MRKY.ME,Public Joint Stock Company ROSSETI South,"Public Joint Stock Company ""ROSSETI South"" transmits and distributes electricity in Russia. It also engages in the technical testing, research and certification, analysis of the mechanical and electrical characteristics of the finished product, design and construction works, professional, scientific, technical, and other activities; production, processing, and sale of agricultural products; telephone service and commercial activities, as well as the provision of management consulting, excursions, cultural, and entertainment services. The company also operates sanatorium recreation facility associated with the treatment and rehabilitation of adults, parents with children, and organized groups of school age children. It serves electricity retailers, entities of the wholesale and retail electricity markets, and local grid organizations. The company was founded in 2007 and is based in Rostov-on-Don, Russia. Public Joint Stock Company ""ROSSETI South"" operates as a subsidiary of Rosseti, Public Joint Stock Company.",RUB,Utilities,Utilities,Electric Utilities,MCX,MISX,Moscow Exchange,Russia,,Rostov-on-Don,344002,http://rosseti-yug.ru,Micro Cap,RU000A0JPPG8,,,,,False
MRKZ.ME,Public Joint-Stock Company Interregional Distribution Grid Company of the North-West,"Public Joint-Stock Company Interregional Distribution Grid Company of the North-West, together with its subsidiaries owns and operates electric power transmission and distribution grids in the North-Western region of Russia. The company operates 177.1 thousand kilometers (km) of overhead transmission lines; 176,064 thousand km of cable power lines; and 35KV substations. It also operates and develops power metering system services.The company was founded in 2004 and is headquartered in Saint Petersburg, Russia. Public Joint-Stock Company Interregional Distribution Grid Company of the North-West is a subsidiary of Rosseti, Public Joint Stock Company.",RUB,Utilities,Utilities,Electric Utilities,MCX,MISX,Moscow Exchange,Russia,,Saint Petersburg,196247,http://www.mrsksevzap.ru,Micro Cap,RU000A0JPPB9,,BBG000TJ6F42,BBG000TJ6F42,BBG001SV9SP0,False
MRSB.ME,Mordovia Energy Retail Company Public Joint-Stock Company,"Mordovia Energy Retail Company Public Joint-Stock Company, an energy company, purchases and sells electricity in the wholesale and retail markets in Russia. It provides various services, including consulting and other, AMR, and installation of electricity meters related to the implementation of the electricity to businesses and individuals, as well as services for the commercialization of electric power. The company supplies electricity to 6,190 businesses and 214,521 individuals. Mordovia Energy Retail Company Public Joint-Stock Company was founded in 1964 and is based in Saransk, Russia.",RUB,Utilities,Utilities,Electric Utilities,MCX,MISX,Moscow Exchange,Russia,,Saransk,,http://www.mesk.ru,Nano Cap,RU000A0D9AJ7,,BBG000MFYK81,BBG000MFYK81,BBG001SQBJG8,False
MSNG.ME,Public Joint Stock Company Mosenergo,"Public Joint Stock Company Mosenergo engages in the generation of heat and electric power in the Moscow City and Moscow region. It operates in two segments, Electric Energy and Heat Energy. The company owns 15 power plants with an operational capacity of approximately 12,825 megawatts of electricity; and 43, 211 gigacalories/hour of heat capacity. It is also involved in the provision of repair and reconstruction services. In addition, the company provides electrical engineering services. Public Joint Stock Company Mosenergo was founded in 1886 and is based in Moscow, Russia. Public Joint Stock Company Mosenergo is a subsidiary of Gazprom Energoholding LLC.",RUB,Utilities,Utilities,Independent Power and Renewable Electricity Producers,MCX,MISX,Moscow Exchange,Russia,,Moscow,119526,http://www.mosenergo.ru,Small Cap,RU0008958863,,BBG004S687W8,BBG004S687W8,BBG001S7WF66,False
MSRS.ME,Public Joint-Stock Company Rosseti Moscow Region,"Public Joint-Stock Company ""Rosseti Moscow Region"", together with its subsidiaries, engages in the transmission of electricity through electrical networks primarily in Moscow, Russia. It also installs, repairs, and maintains electrical equipment; and offers technical connection services. The company was formerly known as Public Joint Stock Company “Moscow United Electric Grid Company” and changed its name to Public Joint Stock Company “Rosseti Moscow Region” in July 2020. The company is headquartered in Moscow, Russia. Public Joint-Stock Company ""Rosseti Moscow Region"" operates as a subsidiary of Rosseti, Public Joint Stock Company.",RUB,Utilities,Utilities,Electric Utilities,MCX,MISX,Moscow Exchange,Russia,,Moscow,115114,http://www.rossetimr.ru,Small Cap,RU000A0ET7Y7,,BBG004S687G6,BBG004S687G6,BBG001SP2838,False
MSTT.ME,Public Joint Stock Company Mostotrest,"Public Joint Stock Company Mostotrest operates as a transport infrastructure construction company in of Russia. It operates through Construction and Services segments. The company is involved in the engineering, construction, and overhaul of highways and bridges, railways and railway bridges, airfields and airports, and ports and waterways. It also constructs and overhauls other infrastructure projects, including construction projects of subway lines, tunnels, and monorails; and non-infrastructure works comprising the construction of foundations for business centers, residential houses, and shopping malls, as well as undertakes shore protection and other ancillary works. In addition, the company provides road maintenance, heavy maintenance, equipment and systems maintenance, toll collection, and traffic safety inspectors services. It primarily serves federal state agencies of the Russian ministry of transport, state corporations, regional and municipal authorities, and private customers. The company was founded in 1930 and is based in Moscow, Russia. Public Joint Stock Company Mostotrest is a subsidiary of JSC TFK-Finance.",RUB,Industrials,Capital Goods,Construction & Engineering,MCX,MISX,Moscow Exchange,Russia,,Moscow,121087,http://www.mostotrest.ru,Micro Cap,RU0009177331,,BBG004S68DD6,BBG004S68DD6,BBG001S5X6K3,False
MTLR.ME,Mechel PAO,"Mechel PAO, together with its subsidiaries, engages in mining, steel, and power businesses in Russia, Asia, Europe, the Commonwealth of Independent States, the Middle East, the United States, and internationally. Its Mining segment produces and sells coking, metallurgical, and steam coal; coke; chemical products, including coal tar, coal benzene, and other compounds; and iron ore and iron ore concentrates. The company's Steel segment produces and sells semi-finished steel products, long steel products, and carbon and stainless flat products; ferrosilicon products; and pig iron, as well as metal products, including wire products, stampings and forgings, structural shapes, beams, and rails. Its Power segment generates and supplies electricity, heat energy, and other power resources to third parties. Mechel PAO also offers sea, rail, and motor transportation logistics services to third parties. The company was formerly known as Mechel OAO and changed its name to Mechel PAO in March 2016. Mechel PAO was incorporated in 2003 and is based in Moscow, Russia.",RUB,Materials,Materials,Metals & Mining,MCX,MISX,Moscow Exchange,Russia,,Moscow,125167,http://www.mechel.com,Micro Cap,RU000A0DKXV5,,BBG004S68598,BBG004S68598,BBG001SG45K3,False
MTLRP.ME,Mechel PAO,"Mechel PAO, together with its subsidiaries, engages in mining, steel, and power businesses in Russia, Asia, Europe, the Commonwealth of Independent States, the Middle East, the United States, and internationally. Its Mining segment produces and sells coking, metallurgical, and steam coal; coke; chemical products, including coal tar, coal benzene, and other compounds; and iron ore and iron ore concentrates. The company's Steel segment produces and sells semi-finished steel products, long steel products, and carbon and stainless flat products; ferrosilicon products; and pig iron, as well as metal products, including wire products, stampings and forgings, structural shapes, beams, and rails. Its Power segment generates and supplies electricity, heat energy, and other power resources to third parties. Mechel PAO also offers sea, rail, and motor transportation logistics services to third parties. The company was formerly known as Mechel OAO and changed its name to Mechel PAO in March 2016. Mechel PAO was incorporated in 2003 and is based in Moscow, Russia.",RUB,Materials,Materials,Metals & Mining,MCX,MISX,Moscow Exchange,Russia,,Moscow,125167,http://www.mechel.com,Micro Cap,RU000A0JPV70,,BBG004S68FR6,BBG004S68FR6,BBG001T3NB18,False
MTSS.ME,Mobile TeleSystems Public Joint Stock Company,"Mobile TeleSystems Public Joint Stock Company provides telecommunication services primarily in Russia. It offers voice and data transmission, internet access, broadband, pay TV, and various value added services through wireless and fixed lines; financial services; and integration services, as well as sells equipment, accessories, and software. The company also provides cloud computing services, data analysis tools, cybersecurity systems, and intelligent IoT solutions for B2B clients; provides My MTS self care app, mobile music, mobile TV, and video-on demand; and owns eSport clubs and MTS online shop. In addition, it offers banking and e-commerce services. The company was founded in 1993 and is headquartered in Moscow, Russia. Mobile TeleSystems Public Joint Stock Company is a subsidiary of Sistema Public Joint-Stock Financial Corporation.",RUB,Communication Services,Telecommunication Services,Diversified Telecommunication Services,MCX,MISX,Moscow Exchange,Russia,,Moscow,109147,http://www.ir.mts.ru,Mid Cap,RU0007775219,,BBG004S681W1,BBG004S681W1,BBG001SBZY90,False
MVID.ME,Public Joint Stock Company M.video,"Public Joint Stock Company M.video, together with its subsidiaries, operates a chain of consumer electronic outlets and online internet stores in Russia. The company engages in the sale of television, audio, video, and Hi-Fi products, as well as home appliances and digital equipment; and the provision of related services. As of December 31, 2019, it had a network of 1,038 stores, including 983 leased stores and 55 owned stores. The company was founded in 1993 and is headquartered in Moscow, Russia. Public Joint Stock Company M.video operates as a subsidiary of Ericaria Holdings Limited.",RUB,Consumer Discretionary,Retailing,Specialty Retail,MCX,MISX,Moscow Exchange,Russia,,Moscow,105066,http://www.mvideo.ru,Micro Cap,RU000A0JPGA0,,BBG004S68CP5,BBG004S68CP5,BBG001T0H1M0,False
NAUK.ME,Public joint stock company NPO Nauka,"Public joint stock company NPO Nauka manufactures and sells aerospace equipment in Russia and internationally. It offers products, such as dehumidifiers, dampers, valves, pneumatic controls, ground control boards, pressure regulators, heat exchangers, turbo refrigerators, air controlling units, filters, and air ejectors, as well as electronic control and monitoring units, signaling devices, and regulators. The company also provides services, such as design support, architectural supervision, testing center services, test and control laboratory, and implementation of unclaimed components. Public joint stock company NPO Nauka was founded in 1893 and is based in Moscow, Russia.",RUB,Industrials,Capital Goods,Aerospace & Defense,MCX,MISX,Moscow Exchange,Russia,,Moscow,125040,http://www.npo-nauka.ru,Micro Cap,RU000A0JRPX9,,BBG002BLR408,BBG002BLR408,BBG001SL4568,False
NFAZ.ME,NEFAZ Publicly Traded Company,"NEFAZ Publicly Traded Company operates in the automobile industry in Russia. It produces buses, tank trucks, flatbed trailers, crew buses, fire fighting equipment, semi-trailers, tank semi-trailers, tank trailers, dump trucks, tipper semi-trailers, tipper trailers, flatbed trailers, and agricultural machinery, as well as car chassis and spare parts. The company was founded in 1977 and is based in Neftekamsk, Russia. NEFAZ Publicly Traded Company operates as a subsidiary of KAMAZ Publicly Traded Company.",RUB,Consumer Discretionary,Automobiles & Components,Automobiles,MCX,MISX,Moscow Exchange,Russia,,Neftekamsk,452680,http://www.nefaz.ru,Nano Cap,RU0009115604,,BBG00226CJM0,BBG00226CJM0,BBG001SL45F8,False
NKHP.ME,Public Joint Stock Company Novorossyisk Grain Plant,"Public Joint Stock Company Novorossyisk Grain Plant owns and operates grain terminals in Russia. The company provides grain cargo transshipment, warehouse, and berthing services. It also engages in the processing of wheat flour. The company was founded in 1882 and is based in Novorossiysk, Russia. Public Joint Stock Company Novorossyisk Grain Plant is a subsidiary of United Grain Company JSC.",RUB,Industrials,Transportation,Marine,MCX,MISX,Moscow Exchange,Russia,,Novorossiysk,353909,http://www.novoroskhp.ru,Micro Cap,RU000A0BLWD7,,BBG00BGKYH17,BBG00BGKYH17,BBG00BGKYH08,False
NKNC.ME,Public Joint Stock Company Nizhnekamskneftekhim,"Public Joint Stock Company Nizhnekamskneftekhim produces and sells petrochemicals in Russia. The company operates through Production and Sales of Petrochemicals, and Petrochemicals Trading segments. It offers plastics, glycols, rubbers, polyesters, surfactants, monomers, ethylene and propylene oxides, methyl-tert-butyl ether, resins, products of organic synthesis, gases, hydrocarbon and alpha-olefins fractions, and other products. The company is also involved in general equipment repairs and construction, repairs and maintenance, food supplies and catering, non-woven textile materials production, gas and derivative products transportation, road freight transport, sports, water purification, and petrochemicals trading activities. It exports its products to Europe, Asia, and other countries. The company was founded in 1967 and is based in Nizhnekamsk, Russia. Public Joint Stock Company Nizhnekamskneftekhim is a subsidiary of OOO Telecom-Management.",RUB,Materials,Materials,Chemicals,MCX,MISX,Moscow Exchange,Russia,,Nizhnekamsk,423574,http://www.nknh.ru,Small Cap,RU0009100507,,BBG000GQSRR5,BBG000GQSRR5,BBG001SB3H38,False
NKNCP.ME,Public Joint Stock Company Nizhnekamskneftekhim,"Public Joint Stock Company Nizhnekamskneftekhim produces and sells petrochemicals in Russia. The company operates through Production and Sales of Petrochemicals, and Petrochemicals Trading segments. It offers plastics, glycols, rubbers, polyesters, surfactants, monomers, ethylene and propylene oxides, methyl-tert-butyl ether, resins, products of organic synthesis, gases, hydrocarbon and alpha-olefins fractions, and other products. The company is also involved in general equipment repairs and construction, repairs and maintenance, food supplies and catering, non-woven textile materials production, gas and derivative products transportation, road freight transport, sports, water purification, and petrochemicals trading activities. It exports its products to Europe, Asia, and other countries. The company was founded in 1967 and is based in Nizhnekamsk, Russia. Public Joint Stock Company Nizhnekamskneftekhim is a subsidiary of OOO Telecom-Management.",RUB,Materials,Materials,Chemicals,MCX,MISX,Moscow Exchange,Russia,,Nizhnekamsk,423574,http://www.nknh.ru,Small Cap,RU0006765096,,BBG000GQSVC2,BBG000GQSVC2,BBG001SD76P0,False
NKSH.ME,PJSC Nizhnekamskshina,"PJSC Nizhnekamskshina manufactures and distributes tires in Russian and CIS countries. It offers tires for passenger and light trucks under the KAMA and Viatti brand names. The company was founded in 1971 and is based in Almetyevsk, Russia. PJSC Nizhnekamskshina is a subsidiary of OOO Tatneft-Neftekhim Management Company.",RUB,Consumer Discretionary,Automobiles & Components,Auto Components,MCX,MISX,Moscow Exchange,Russia,,Almetyevsk,423400,http://shinakama.tatneft.ru,Nano Cap,RU0009100515,,BBG002B9P9K4,BBG002B9P9K4,BBG001SB3H47,False
NLMK.ME,Public Joint Stock Company Novolipetsk Steel,"Public Joint Stock Company Novolipetsk Steel, together with its subsidiaries, manufactures and sells steel products. It operates in six segments: Mining, Russian Flat Products, Russian Long Products, NLMK USA, NLMK DanSteel and Plates Distribution Network, and Investments in NBH. The Mining segment mines, processes, and sells iron ore, fluxing limestone, and metallurgical dolomite, as well as supplies raw materials to the steel segment and third parties. The Russian Flat Products segment produces and sells coke and steel products, such as pig iron, steel slabs, hot rolled steel, cold rolled steel, galvanized cold rolled sheets, and cold rolled sheets with polymeric coatings, as well as electro-technical steel. The Russian Long Products segment produces long products, reinforcing rebars, and metalware from scrap iron collection and recycling. The NLMK USA segment produces and sells steel products in the United States. The NLMK DanSteel and Plates Distribution Network segment produces and sells steel plates in Europe and internationally. The Investments in NBH segment produces hot rolled and cold rolled coils, plates, and galvanized and pre-pained steel products, as well as operates steel service centers. The company's products are used in oil and gas infrastructure, automotive, truck, railroad transportation, mining machinery, agriculture machinery, construction, white good, and energy equipment applications. It has operations in Russia, North America, the European Union, the Middle East, Commonwealth of Independent States, Central and South America, Asia, Oceania, and internationally. The company was founded in 1931 and is based in Lipetsk, Russia. Public Joint Stock Company Novolipetsk Steel is a subsidiary of Fletcher Group Holdings Limited.",RUB,Materials,Materials,Metals & Mining,MCX,MISX,Moscow Exchange,Russia,,Lipetsk,398040,http://www.nlmk.com,Mid Cap,US67011E2046,67011E204,,,BBG001SLK533,False
NMTP.ME,Public Joint Stock Company Novorossiysk Commercial Sea Port,"Public Joint Stock Company Novorossiysk Commercial Sea Port, together with its subsidiaries, provides stevedoring, port, and sea vessel services in Russia. The company's stevedoring services include loading and unloading of oil, oil products, grains, mineral fertilizers, chemicals, containers, timber, timber products, metal products, sugar, and other cargo, as well as fuel bunkering; and other port services comprises freight forwarding, storage, custom documentation, repacking, and ship repair. It also engages in the rental and resale of energy and utilities; provides fleet services, including tugging, towing, and other related services; and operates container and passenger terminals. In addition, the company provides emergency services, such as transferring vessels to shelter zones during emergencies, cleaning and containment services for oil or other liquid spills in and around the port, and hazardous material response and waste management services, as well as mooring and bunkering services. It serves ship owners or marine agents, freight owners or freight owners/agents, freighters, and other customers. The company was founded in 1845 and is based in Novorossiysk, Russia. Public Joint Stock Company Novorossiysk Commercial Sea Port is a subsidiary of Public Joint Stock Company Transneft.",RUB,Industrials,Transportation,Transportation Infrastructure,MCX,MISX,Moscow Exchange,Russia,,Novorossiysk,353900,http://www.nmtp.info,Small Cap,RU0009084446,,BBG004S68BR5,BBG004S68BR5,BBG001S8HLP7,False
NNSB.ME,Public Joint-Stock Company TNS energo Nizhny Novgorod,"Public Joint-Stock Company TNS energo Nizhny Novgorod operates as an energy supply company in the Nizhny Novgorod region. The company serves approximately 34.9 thousand legal entities and 1.22 million individuals. Its clients include industrial enterprises, small and medium businesses, public sector institutions, and individuals. The company is based in Nizhny Novgorod, Russia. Public Joint-Stock Company TNS energo Nizhny Novgorod is a subsidiary of Public Joint Stock Company Group of Companies TNS energo.",RUB,Utilities,Utilities,Electric Utilities,MCX,MISX,Moscow Exchange,Russia,,Nizhny Novgorod,603950,http://nn.tns-e.ru,Micro Cap,RU000A0ET5A1,,BBG000J1TPS9,BBG000J1TPS9,BBG001SHJC57,False
NNSBP.ME,Public Joint-Stock Company TNS energo Nizhny Novgorod,"Public Joint-Stock Company TNS energo Nizhny Novgorod operates as an energy supply company in the Nizhny Novgorod region. The company serves approximately 34.9 thousand legal entities and 1.22 million individuals. Its clients include industrial enterprises, small and medium businesses, public sector institutions, and individuals. The company is based in Nizhny Novgorod, Russia. Public Joint-Stock Company TNS energo Nizhny Novgorod is a subsidiary of Public Joint Stock Company Group of Companies TNS energo.",RUB,Utilities,Utilities,Electric Utilities,MCX,MISX,Moscow Exchange,Russia,,Nizhny Novgorod,603950,http://nn.tns-e.ru,Micro Cap,,,BBG000J1Z285,BBG000J1Z285,BBG001SPC8Z2,False
NSVZ.ME,Public Joint Stock Company Nauka-Telecom,"Public Joint Stock Company Nauka-Telecom provides telecommunication services in Russia and internationally. The company offers individual solutions for the construction and maintenance of telecommunications and IT networks. It also provides Internet, IP-telephony, Wi-Fi and SCS networks, digital interactive television, cloud, and outsourcing services; and telephony services, including telephone numbers, and long distance and international communication services, as well as local communication services. In addition, the company designs, creates, installs, and maintains video surveillance and fixing systems, fire alarms, access control systems, and security alarms; protects data and resources from various cyber attacks; and places equipment in data centers. Further, it provides assistance in the implementation of projects; and system integration services. The company serves developers, management and large companies, corporations, small and medium businesses, and communication operators. The company was founded in 1999 and is based in Moscow, Russia. Public Joint Stock Company Nauka-Telecom is a subsidiary of OAO Multiregional Transit Telecom.",RUB,Communication Services,Telecommunication Services,Diversified Telecommunication Services,MCX,MISX,Moscow Exchange,Russia,,Moscow,127287,http://www.naukanet.ru,Nano Cap,RU000A0JQLB6,,BBG002BCQK67,BBG002BCQK67,BBG001T5MS08,False
NVTK.ME,PAO Novatek,"PAO NOVATEK, an independent oil and gas company, engages in the acquisition, exploration, development, production, processing, marketing, and export of natural gas and liquid hydrocarbons. It principally holds interests in reserves located in the Yamal-Nenets Autonomous Region, Western Siberia. The company sells natural gas, stable gas condensate, gas condensate refined products, liquefied petroleum gas, crude oil and gas condensate refined products, naphtha, diesel fuel, methanol, and petrol. It also provides transportation, geological and geophysical research, repair and maintenance of energy equipment, and rent and other services; and operates retail stations. PAO NOVATEK sells its products in Russia, Europe, the Asia-Pacific region, the Middle East, and North America. The company was formerly known as OAO NOVATEK and changed its name to PAO NOVATEK in October 2016. PAO NOVATEK was founded in 1994 and is based in Tarko-Sale, Russia.",RUB,Energy,Energy,"Oil, Gas & Consumable Fuels",MCX,MISX,Moscow Exchange,Russia,,Tarko-Sale,629850,http://www.novatek.ru,Large Cap,US6698881090,669888109,,,BBG001SP90J1,False
OGKB.ME,Public Joint-Stock Company Second Generating Company of the Electric Power Wholesale Market,"Public Joint-Stock Company ‘Second Generating Company of the Electric Power Wholesale Market', together with its subsidiaries, generates and sells electricity and thermal energy in Russia. As of December 31, 2019, it had 12 active power plants with total installed electric capacity of 19 MW and heat capacity of 3,959.28 Gcal. The company serves the wholesale market of electric energy; and supplies electricity, heat, and thermal energy to the retail electricity and industrial consumers. It is also involved in the organization and implementation of fire prevention, firefighting, and rescue works; designing and construction management; and provision of cargo and passenger transportation, industrial railway transportation, and sanatorium and resort services, as well as invests in securities. The company was founded in 2005 and is based in Saint Petersburg, Russia. Public Joint-Stock Company ‘Second Generating Company of the Electric Power Wholesale Market' is a subsidiary of Public Joint Stock Company Centrenergoholding.",RUB,Utilities,Utilities,Independent Power and Renewable Electricity Producers,MCX,MISX,Moscow Exchange,Russia,,Saint Petersburg,196140,http://www.ogk2.ru,Small Cap,RU000A0JNG55,,,,,False
OKEY.ME,GDR OKEY Group ORD SHS,"O'Key Group S.A., together with its subsidiaries, operates a retail chain in Russia. It primarily operates hypermarkets and supermarkets under the O'KEY brand name; and discounter stores under Da! brand name. As of April 18, 2019, the company operated 162 stores, including 78 hypermarkets and 84 discounters in Russia. It is also involved in real estate business; and supply of food, non-food, and private-label products. The company was formerly known as Dorinda Holding S.A. and changed its name to O'KEY Group S.A. in June 2010. O'Key Group S.A. was founded in 2001 and is based in Luxembourg City, Luxembourg.",RUB,Consumer Staples,Food & Staples Retailing,Food & Staples Retailing,MCX,MISX,Moscow Exchange,Luxembourg,,Luxembourg City,1855,http://www.okmarket.ru,Micro Cap,US6708662019,670866201,,,,False
OMZZP.ME,Open Joint Stock Company OMZ,"Open Joint Stock Company OMZ operates as a heavy machine-building company in Russia and internationally. The company manufactures equipment for nuclear power plants; and storing and transporting spent nuclear fuel, as well as provides investment engineering and servicing for nuclear power plants. It is involved in the development and implementation of technologies for the production of air separation equipment, supply of industrial gases, and development of comprehensive solutions for associated gas, natural gas, and liquefied natural gas. The company also manufactures equipment for nuclear power plants; and equipment for hydrocracking units, hydrotreating units, catalytic cracking units, and others. In addition, it produces special steels for power and nuclear power, metallurgical, mining, and petrochemical machine-building, as well as special-purpose items. Further, the company designs and produces general industrial and special-purpose valves, including shutoff, gate, butterfly, control, ball, check, swing check, hermetically sealed, relief, and instrumentation valves; and products for ship-building, such as autonomous, self-installing shaft line slip bearings. Additionally, it provides engineering integrated solutions and services. Open Joint Stock Company OMZ was founded in 1996 and is based in Moscow, Russia.",RUB,Industrials,Capital Goods,Machinery,MCX,MISX,Moscow Exchange,Russia,,Moscow,115035,http://www.omz.ru,Large Cap,,,,,,False
ORUP.ME,Public Joint-Stock Company OR,"Public Joint-Stock Company OR engages in the manufacture, wholesale, retail, and franchising of footwear, accessories, and related products in Russia. It offers men's and women's footwear products; summer, beach, sport, hiking, and garden-style shoes; and sneakers, and spring-autumn and winter boots, as well as winter and seasonal jackets, windcheaters, and raincoats. As of December 31, 2019, the company operates 908 retail stores, which provides its products under the Westfalika, Peshekhod, Emilia Estra, Rossita, Lisette, S-TEP, All.Go, and Snow Guard brand names. It also provides a range of financial services, such as payment through installments, cash loans, cash payments, etc. In addition, the company operates online stores, such as westfalika.ru, emilia-estra.ru, westfalika-home.ru, lisette.me, and rossita.com. It also engages in the research and development activities in natural sciences and engineering. Public Joint-Stock Company OR was founded in 2003 and is headquartered in Novosibirsk, Russia.",RUB,Consumer Discretionary,Consumer Durables & Apparel,"Textiles, Apparel & Luxury Goods",MCX,MISX,Moscow Exchange,Russia,,Novosibirsk,630110,http://obuvrus.ru,Nano Cap,RU000A0JXKG3,,,,,True
OZON.ME,Ozon Holdings PLC,"Ozon Holdings PLC, together with its subsidiaries, operates as an internet retailer of multi-category consumer products to the general public primarily in the Russian Federation. The company offers products in various categories that include electronics, home and décor products, children's goods, fast moving consumer goods, fresh food, and car parts. It also manages an online marketplace platform that enables third-party sellers to offer their products to consumers on its mobile apps, as well as ozon.ru and ozon.travel websites. In addition, the company provides advertising services to vendors and third-party sellers; and airline and railway tickets. Ozon Holdings PLC was incorporated in 1999 and is based in Nicosia, Cyprus.",RUB,Consumer Discretionary,Retailing,Internet & Direct Marketing Retail,MCX,MISX,Moscow Exchange,Cyprus,,Nicosia,1065,http://www.ozon.ru,Mid Cap,US69269L1044,69269L104,BBG00Y91R9W9,BBG00Y91R9T3,BBG00Y29RQ42,False
PAZA.ME,Public Joint Stock Company Pavlovo Bus,"Public Joint Stock Company Pavlovo Bus produces and sells buses and special vehicles, automotive components, and spare parts in Russia. It also sells illiquid assets. The company was formerly known as Pavlovsky Avtobusny Zavod. The company was founded in 1932 and is based in Pavlovo, Russia. Public Joint Stock Company Pavlovo Bus is a subsidiary of Public Joint Stock Company GAZ.",RUB,Consumer Discretionary,Automobiles & Components,Automobiles,MCX,MISX,Moscow Exchange,Russia,,Pavlovo,606108,http://www.paz-bus.ru,Micro Cap,RU0009083240,,BBG002B2J3V7,BBG002B2J3V7,BBG001S7XH61,False
PHOR.ME,Public Joint-Stock Company PhosAgro,"Public Joint-Stock Company PhosAgro, together with its subsidiaries, engages in the production and distribution of apatite concentrate and mineral fertilizers in Russia and internationally. It operates through two segments, Phosphate-Based Products and Nitrogen-Based Products. The Phosphate-Based Products segment produces and distributes ammophos, diammoniumphosphate, sodium tripolyphosphate, and other phosphate based and complex fertilizers; and apatite concentrate extracted from the apatite-nepheline ore. The Nitrogen-Based Products segment is involved in the production and distribution of ammonia, ammonium nitrate, and urea. It also offers feed phosphates; phosphate rock, syenite alkali aluminium concentrate, titanomagnetite concentrate, nepheline concentrate, and titanite concentrate; and industrial products, such as ammonia solution, nitric acid, aluminium fluoride, sodiumsilicofluoride, sulphuric acid, and oleum. The company was incorporated in 2001 and is headquartered in Moscow, Russia.",RUB,Materials,Materials,Chemicals,MCX,MISX,Moscow Exchange,Russia,,Moscow,119333,http://www.phosagro.com,Mid Cap,RU000A0JRKT8,,BBG004S689R0,BBG004S689R0,BBG001TCJSK5,False
PIKK.ME,Public Joint Stock Company PIK-specialized homebuilder,"Public Joint Stock Company PIK-specialized homebuilder develops, constructs, and sells residential real estate properties in Russia. It operates through six segments: Development, Commercial Construction, Maintenance, Industrial, Proptech, and Others. It engages in the construction of residential buildings and areas; production of construction materials, including concrete panels, window frames, and other construction elements; prefabricated panel buildings; and production and sale of IoT-devices. The company also provides maintenance and management of residential buildings and other properties; technical maintenance services for utility systems, and rendering heat, water, and electricity supply services; and internet services, as well as construction services for third party. In addition, it provides apartment rental, repair of premises, and agency services for the sale of residential apartments, as well as implementation of IT solutions. The company was founded in 1994 and is headquartered in Moscow, Russia.",RUB,Real Estate,Real Estate,Real Estate Management & Development,MCX,MISX,Moscow Exchange,Russia,,Moscow,123242,http://www.pik.ru,Mid Cap,RU000A0JP7J7,,BBG004S68BH6,BBG004S68BH6,BBG001SQ7RW7,False
PLZL.ME,Public Joint Stock Company Polyus,"Public Joint Stock Company Polyus, together with its subsidiaries, engages in the extraction, refining, and sale of gold. The company has primary operations in Krasnoyarsk, Irkutsk, and Magadan regions, as well as the Sakha Republic in Russia. It also engages in the research and exploration works. The company was incorporated in 2006 and is based in Moscow, Russia. Public Joint Stock Company Polyus is a subsidiary of Polyus Gold International Limited.",RUB,Materials,Materials,Metals & Mining,MCX,MISX,Moscow Exchange,Russia,,Moscow,123056,http://www.polyus.com,Large Cap,RU000A0JNAA8,,BBG000R607Y3,BBG000R607Y3,BBG001SDNL24,False
PMSB.ME,Public Joint Stock Company Perm Energy Supplying Company,"Public Joint Stock Company Perm Energy Supplying Company engages in the electricity supply to the population and organizations of the Perm Krai. It also sells electricity metering devices, water and gas meters, cable and wiring products, lamps, shield equipment, equipment for receiving digital television, tickets, and products for home and office online. Public Joint Stock Company Perm Energy Supplying Company was formerly known as Perm Power Sale Company Open Joint-Stock Company and changed its name to Public Joint Stock Company Perm Energy Supplying Company in July 2015. The company was founded in 2005 and is headquartered in Perm, Russia with branches in Kungur, Zakamsky, Gubakha, Kudymkar, and Ocher, Russia.",RUB,Utilities,Utilities,Electric Utilities,MCX,MISX,Moscow Exchange,Russia,,Perm,614007,http://www.energos.perm.ru,Micro Cap,RU000A0ET123,,BBG000MZL0Y6,BBG000MZL0Y6,BBG001SLNYG3,False
PMSBP.ME,Public Joint Stock Company Perm Energy Supplying Company,"Public Joint Stock Company Perm Energy Supplying Company engages in the electricity supply to the population and organizations of the Perm Krai. It also sells electricity metering devices, water and gas meters, cable and wiring products, lamps, shield equipment, equipment for receiving digital television, tickets, and products for home and office online. Public Joint Stock Company Perm Energy Supplying Company was formerly known as Perm Power Sale Company Open Joint-Stock Company and changed its name to Public Joint Stock Company Perm Energy Supplying Company in July 2015. The company was founded in 2005 and is headquartered in Perm, Russia with branches in Kungur, Zakamsky, Gubakha, Kudymkar, and Ocher, Russia.",RUB,Utilities,Utilities,Electric Utilities,MCX,MISX,Moscow Exchange,Russia,,Perm,614007,http://www.energos.perm.ru,Micro Cap,,,BBG000MZL2S9,BBG000MZL2S9,BBG001SLNZ34,False
POGR.ME,Petropavlovsk PLC,"Petropavlovsk PLC operates as a gold mining company in the Far East of Russia. The company's principal mining assets include Pioneer, Albyn, and Malomir, as well as various gold licenses covering an area of approximately 3,200 square kilometers located in Amur region. The company also produces silver deposits. In addition, it provides management, finance, construction, project and engineering, research, repair and maintenance, and transportation services; and operates educational institutes. Petropavlovsk PLC was founded in 1994 and is based in London, the United Kingdom.",RUB,Materials,Materials,Metals & Mining,MCX,MISX,Moscow Exchange,United Kingdom,,London,SW1X 7HH,http://www.petropavlovsk.net,,GB0031544546,,,,,True
POLY.ME,Polymetal International plc,"Polymetal International plc operates as a precious metals mining company in Russia, Kazakhstan, East Asia, and Europe. The company operates through five segments: Magadan, Ural, Khabarovsk, Kazakhstan, and Yakutia. It is involved in the exploration, extraction, processing, and reclamation of gold, silver, copper, zinc, and platinum group metals. The company's flagship project is the Kyzyl property located in the East Kazakhstan Region, Kazakhstan. Polymetal International plc was founded in 1998 and is headquartered in Limassol, Cyprus.",RUB,Materials,Materials,Metals & Mining,MCX,MISX,Moscow Exchange,Cyprus,,Limassol,3031,http://www.polymetalinternational.com,Large Cap,JE00B6T5S470,,BBG004PYF2Y1,BBG004PYF2N3,BBG0025RP8J5,True
PRFN.ME,PJSC TEPLANT Vostok,"PJSC TEPLANT Vostok is a company listed on the Moscow Exchange under the ticker PRFN. It operates in the Construction & Engineering industry within the Industrials sector. The company is headquartered in Chelyabinsk, Russia.",RUB,Industrials,Capital Goods,Construction & Engineering,MCX,MISX,Moscow Exchange,Russia,,Chelyabinsk,454074,https://www.profnasteel.ru,Nano Cap,RU000A0JNXF9,,,,BBG003BNWBT9,False
PRMB.ME,Public joint-stock commercial bank Primorye,"Public joint-stock commercial bank Primorye provides commercial banking products and services to corporate and private customers in Russia. It offers deposit products; cash, car, housing, mortgage, and commercial loans; business financing, overdraft facility, and loan refinancing services; letter of credit and bank guarantee; and individual, salary, credit, and corporate cards. The company also provides western union transfer, settlement and cash, documentary collection, trade finance, foreign exchange control, correspondent banking, and financial management services; and currency purchase and sale, and hedging services. In addition, it offers mobile acquiring services; bank safes; securities brokerage and management; and Internet and mobile banking services. The company has branches in the cities of Ussuriisk, Nakhodka, Artem, and Wrangell, as well as in Khabarovsk, Yuzhno-Sakhalinsk, and Irkutsk; representative office in Magadan; and office in Moscow. Public joint-stock commercial bank Primorye was founded in 1994 and is headquartered in Vladivostok, Russia.",RUB,Financials,Banks,Banks,MCX,MISX,Moscow Exchange,Russia,,Vladivostok,690091,http://www.primbank.ru,Micro Cap,RU000A0DPNQ5,,BBG001P1VKH0,BBG001P1VKH0,BBG001SPRL96,False
PRMD.ME,iPROMOMED,iPROMOMED is a company listed on the Moscow Exchange under the ticker PRMD. It operates in the Pharmaceuticals industry within the Health Care sector.,RUB,Health Care,"Pharmaceuticals, Biotechnology & Life Sciences",Pharmaceuticals,MCX,MISX,Moscow Exchange,Russia,,,,https://promomed.pro/en,Small Cap,RU000A108JF7,,,,BBG01NSCZHL2,False
QIWI.ME,QIWI plc,"Qiwi plc, together with its subsidiaries, operates electronic online payment systems primarily in the Russia, Kazakhstan, Moldova, Belarus, Romania, the United Arab Emirates, and internationally. It operates through Payment Services, Consumer Financial Services, and Rocketbank segments. The company offers payment services across online, mobile, and physical channels through a network of approximately 94,000 kiosks and 19,000 terminals that run its proprietary software. It also provides Qiwi Wallet, which is an online and mobile payment processing, and money transfer system that allows customers to pay for the products and services of merchants, as well as perform peer-to-peer money transfers through a virtual wallet; and Visa-branded prepaid cards. In addition, the company offers payment-by installments card systems under the SOVEST brand name; and value added services. Further, it provides digital banking services to retail customers under the Rocketbank name; and to small and medium businesses under the Tochka name. Qiwi plc was incorporated in 2007 and is based in Nicosia, Cyprus.",RUB,Financials,Diversified Financials,Consumer Finance,MCX,MISX,Moscow Exchange,Cyprus,,Nicosia,1087,http://www.qiwi.com,Small Cap,US74735M1080,74735M108,BBG005D1WCQ1,BBG005D1WCQ1,BBG004D379D9,True
RASP.ME,Public Joint Stock Company Raspadskaya,"Public Joint Stock Company Raspadskaya, together with its subsidiaries, engages in the mining of coking coal and anthracites. It holds various coal assets located in the Kemerovo region, Russia, including three underground mines, two open-pit operations, a coal preparation plant, and coal transportation and production facilities. The company's principal asset is the Raspadskaya Mine. It supplies its products to the smelters in Russia, as well as exports to Ukraine, Romania, Hungary, and Bulgaria. The company was founded in 1973 and is based in Mezhdurechensk, Russia. Public Joint Stock Company Raspadskaya is a subsidiary of EVRAZ plc.",RUB,Materials,Materials,Metals & Mining,MCX,MISX,Moscow Exchange,Russia,,Mezhdurechensk,652870,http://www.raspadskaya.com,Small Cap,RU000A0B90N8,,BBG004S68696,BBG004S68696,BBG001SR2P18,False
RAVN.ME,Raven Property Group Limited,"Raven was founded in 2005 to invest in class A warehouse complexes in Russia and lease to Russian and International tenants. Its Ordinary Shares, preference shares and warrants are listed on the Main Market of the London Stock Exchange and admitted to the Official List of the UK Listing Authority and the Official List of The International Stock Exchange (“TISE”). Its Ordinary Shares also have a secondary listing on the main board of the Johannesburg Stock Exchange and the Moscow Stock Exchange. Its convertible preference shares are admitted to the Official List of TISE and to trading on the SETSqx market of the London Stock Exchange. The Group operates out of offices in Guernsey, Cyprus and Moscow and has an investment portfolio of circa 1.9 million square metres of Grade ""A"" warehouses in Moscow, St Petersburg, Rostov-on-Don, Novosibirsk and Nizhny Novgorod and 49,000 square metres of commercial office space in St Petersburg. For further information visit the Company's website: www.theravenpropertygroup.com.",RUB,Real Estate,Real Estate,Real Estate Management & Development,MCX,MISX,Moscow Exchange,United Kingdom,,Guernsey,GY1 6EH,http://www.theravenpropertygroup.com,Micro Cap,GB00B0D5V538,,,,,True
RBCM.ME,Public Joint Stock Company RBC,"Public Joint Stock Company RBC, together with its subsidiaries, operates in the Internet, television, and print media businesses in Russia and internationally. It owns Internet resources, including rbc.ru, a business news portal; lf.rbc.ru, a personal finance portal; sport.rbc.ru, a sport portal; realty.rbc.ru, a real estate portal; style.rbc.ru, a lifestyle portal; autonews.ru, an automobile news website; and cnews.ru, a technology website. The company also operates RBC channel, a business TV channel that covers economic and financial events featuring relevant commentary, interviews and analysis from experts, live stand-up reports, topical programs, reviews of industries, and materials from international news agencies; and publishes and sells RBC daily newspaper and RBC monthly business magazine. In addition, it conducts industry-focused business conferences on relevant topics; offers hosting and domain name registration services; and provides server rental and placement services, as well as SSL certificates and various additional services. Further, the company owns non-business online projects and services. The company was founded in 1993 and is headquartered in Moscow, Russia. Public Joint Stock Company RBC is a subsidiary of AO Sotol Proekt.",RUB,Communication Services,Telecommunication Services,Diversified Telecommunication Services,MCX,MISX,Moscow Exchange,Russia,,Moscow,117393,http://rbcholding.ru/,Nano Cap,RU000A0JR6A6,,BBG001DJNR51,BBG001DJNR51,BBG001T7X5F6,False
RDRB.ME,The Russian Public Joint-Stock Commercial Roads Bank (Public joint-stock company),"The Russian Public Joint-Stock Commercial Roads Bank (Public joint-stock company) provides various financial services in Russia. It offers various deposits and loans; and cash management, leasing, foreign trade support, trade finance, bank-client, collection, and depository services, as well as bank cards. The company also provides safe deposit boxes leasing, securities purchases and sales, conversion, collection, VIP client, and correspondent account services, as well as transfer services without opening an account. It serves road industry, farming, transporting, industrial and housing construction, building materials, trade organizations, and military industrial complex units; individuals; and partner banks. The company has two branches in Krasnodar and St. Petersburg, the Russian Federation; two additional offices in St. Petersburg; and two operating cash registers, such as one in Krasnodar and one in Moscow. The company was founded in 1991 and is headquartered in Moscow, Russia.",RUB,Financials,Banks,Banks,MCX,MISX,Moscow Exchange,Russia,,Moscow,115093,http://www.rdb.ru,Nano Cap,RU000A0JU6Q7,,,,,False
RGSS.ME,Rosgosstrakh Insurance Company (Public Joint Stock Company),"Rosgosstrakh Insurance Company (Public Joint Stock Company) provides insurance products and services to individuals and companies in Russia. The company offers property, health, accident, personal life, transport, trips, responsibility, agriculture, accumulation, space, cargo, and medical insurance; auto insurance, including compulsory insurance of civil liability of car owners, air transport, water transport, and railway vehicles; liability insurance, including compulsory liability insurance for owners of hazardous production facilities; mandatory liability insurance for carriers to passengers; and reinsurance. It also provides insurance against land transport, railway, air, and water transport vehicles; insurance of civil liability for harm caused by defects in goods, works, services; civil liability insurance for causing harm to third parties, and non-performance or improper performance of obligations under the contract; insurance of business and financial risks; and other insurance products. The company was founded in 1921 and is based in Lubertsy, Russia. Rosgosstrakh Insurance Company (Public Joint Stock Company) is a subsidiary of Public Joint-Stock Company Bank Otkritie Financial Corporation.",RUB,Financials,Insurance,Insurance,MCX,MISX,Moscow Exchange,Russia,,Lubertsy,140002,http://www.rgs.ru,Small Cap,RU0008010855,,BBG005S5WCS4,BBG005S5WCS4,BBG001SJKT54,False
RKKE.ME,S.P. Korolev Rocket and Space Public Corporation Energia Open Joint Stock Company,"S.P. Korolev Rocket and Space Public Corporation Energia Open Joint Stock Company operates in the rocket-space industry in Russia, the United States, Egypt, Japan, Italy, and the United Arab Emirates. The company develops and operates international space station; manufactures and launches transport manned space vehicles and transport cargo space vehicles; and conducts research and development activities in the field of building manned transportation systems, space infrastructure, and arranging space expeditions to different areas of circumterrestrial space and the solar system. It also builds automatic space vehicles for multipurpose space systems, including automatic space vehicles of satellite communication and earth remote sensing systems; and manufactures upper stages DM for launching global satellite navigation systems and spacecraft. In addition, the company provides services for commercial launches of foreign astronauts and tourists; communication services; health resort treatment and children's health camp services; and catering, food commodities, security, and printing services. Further, it produces heat carrier, as well as heat energy in the form of steam and hot water. The company was founded in 1946 and is based in Korolev, Russia.",RUB,Industrials,Capital Goods,Aerospace & Defense,MCX,MISX,Moscow Exchange,Russia,,Korolev,141070,http://www.energia.ru,Micro Cap,RU0009095939,,BBG000LWNRP3,BBG000LWNRP3,BBG001S8RT15,False
RNFT.ME,Public Joint Stock Company RussNeft,"Public Joint Stock Company RussNeft, together with its subsidiaries, engages in prospecting, exploration, development, production, marketing of oil and gas products in Europe, the Commonwealth of Independent States, and the Russian Federation. It is also involved in provision of transportation services. The company was founded in 2002 and is based in Moscow, Russia.",RUB,Energy,Energy,"Oil, Gas & Consumable Fuels",MCX,MISX,Moscow Exchange,Russia,,Moscow,115054,http://www.russneft.ru,Micro Cap,RU000A0JSE60,,BBG00F9XX7H4,BBG00F9XX7H4,BBG001SLTG21,False
ROLO.ME,Public Joint Stock Company Rusolovo,"Public Joint Stock Company Rusolovo engages in the mining of tin ore in Russia. The company was founded in 2012 and is based in Moscow, Russia.",RUB,Materials,Materials,Metals & Mining,MCX,MISX,Moscow Exchange,Russia,,Moscow,119049,http://www.rus-olovo.ru,Micro Cap,RU000A0JU1B0,,BBG004Z2RGW8,BBG004Z2RGW8,BBG004Z2QMX5,False
ROSB.ME,Public joint stock company ROSBANK,"Public joint stock company ROSBANK provides financial services to individuals and businesses in Russia. The company operates through Retail Banking; Corporate Banking; and Treasury and Financial Institutions segments. It offers current accounts, savings, deposits, investment savings products, credit and debit cards, consumer loans, and mortgages; and overdrafts, loans and other credit facilities, and derivative products. The company also provides lending, leasing, cash management, payroll, and documentary operation services. In addition, it offers transaction services; trade finance services, which include bank guarantees in Rubles and foreign currency, documentary letters of credit, structuring of transactions, and consulting services; and investment banking services, as well as provides sponsorship in payment systems. Further, the company offers business cash management, corporate lending, and factoring services. Additionally, the company provides foreign exchange and money market operations; investment and risk management solutions, such as hedging; capital market; and brokerage and research services. It also offers asset management, telecommunication, Internet, and ATM services. The company primarily serves medium-sized trade, finance, and technology companies. As of December 31, 2020, it operated through 10 branches. The company was incorporated in 1993 and is headquartered in Moscow, Russia. Public joint stock company ROSBANK is a subsidiary of Société Générale S.A.",RUB,Financials,Banks,Banks,MCX,MISX,Moscow Exchange,Russia,,Moscow,107078,http://www.rosbank.ru,Small Cap,RU000A0HHK26,,BBG000PND2J2,BBG000PND2J2,BBG001SJH0W1,True
ROSN.ME,Public Joint Stock Company Rosneft Oil Company,"Public Joint Stock Company Rosneft Oil Company, together with its subsidiaries, engages in the exploration, development, production, and sale of crude oil and gas. The company produces oil in Western and Eastern Siberia, Volga-and Ural Regions, Far East, Timan-Pechora, Krasnodar Region, and the shelf of Russian seas, including Arctic shelf, as well as in Latin America; and has assets located in Russia and internationally comprising Venezuela, Cuba, Canada, the United States, Brazil, Norway, Germany, Italy, Mongolia, Kyrgyzstan, China, Vietnam, Myanmar, Turkmenistan, Georgia, Armenia, Belarus, Ukraine, Egypt, Mozambique, Iraq, and Indonesia. It is also involved in producing petrochemicals, including ethylene, benzene, propylene, and polyethylene; base and industrial oils; motor and transmission oils for cars and trucks, buses, agricultural and special equipment, and railway and marine transport; special oils for the aviation industry; hydraulic, gear, turbine, compressor, transformer oils, etc.; coolants, softener oils, paraffins, etc.; and additives to fuels and oils. In addition, the company transports and exports crude oil through pipelines, and railway and mixed transportation; engages in the wholesale, retail, storage, and transportation and transshipment of petroleum products; and provides bunkering and aircraft refueling services, as well as bitumen products. Further, it operates a retail network of company-owned and leased filling stations; and provides survey and drilling services. The company was founded in 1993 and is based in Moscow, Russia. Public Joint Stock Company Rosneft Oil Company was formerly a subsidiary of JSC ROSNEFTEGAZ.",RUB,Energy,Energy,"Oil, Gas & Consumable Fuels",MCX,MISX,Moscow Exchange,Russia,,Moscow,117997,http://www.rosneft.com,Large Cap,RU000A0J2Q06,,BBG004731354,BBG004731354,BBG001S8GDS3,False
ROST.ME,Public Joint Stock Company Rosinter Restaurants Holding,"Public Joint Stock Company Rosinter Restaurants Holding, together with its subsidiaries, operates a chain of casual dining restaurants. It primarily operates Italian cuisine under the IL Patio brand; Pan Asian cuisine under the Shikary brand; Japanese cuisine under the Planet Sushi brand; American cuisine under the American Bar & Grill brand; and Russian cuisine under the Mama Russia brand. The company also develops the international brands, including American cuisine under the TGI Fridays brand; and coffee shops under the Costa Coffee brand through a franchise agreement. As of June 30, 2020, it operated 247 outlets in 29 cities in Russia and CIS countries, as well as Central Europe, including Baltic countries. The company was founded in 1990 and is headquartered in Moscow, Russia.",RUB,Consumer Discretionary,Consumer Services,"Hotels, Restaurants & Leisure",MCX,MISX,Moscow Exchange,Russia,,Moscow,111024,http://www.rosinter.com,Nano Cap,RU000A0JP922,778296103,BBG000SD9BC3,BBG000SD9BC3,BBG001SRYRP3,False
RSTI.ME,"Rosseti, Public Joint Stock Company","Rosseti, Public Joint Stock Company, together with its subsidiaries, provides electricity transmission and distribution services in Russia. The company also provides technological connection services. It operates 2.37 million kilometers of power transmission lines; and 517,000 substations with transformer capacity of approximately 802 gigavolt-ampere. The company was formerly known as JSC Russian Grids and changed its name to Rosseti, Public Joint Stock Company in August 2014. Rosseti, Public Joint Stock Company is based in Moscow, Russia.",RUB,Utilities,Utilities,Electric Utilities,MCX,MISX,Moscow Exchange,Russia,,Moscow,121353,http://www.rosseti.ru,Mid Cap,RU000A0JPVJ0,,,,,True
RSTIP.ME,"Rosseti, Public Joint Stock Company","Rosseti, Public Joint Stock Company, together with its subsidiaries, provides electricity transmission and distribution services in Russia. The company also provides technological connection services. It operates 2.37 million kilometers of power transmission lines; and 517,000 substations with transformer capacity of approximately 802 gigavolt-ampere. The company was formerly known as JSC Russian Grids and changed its name to Rosseti, Public Joint Stock Company in August 2014. Rosseti, Public Joint Stock Company is based in Moscow, Russia.",RUB,Utilities,Utilities,Electric Utilities,MCX,MISX,Moscow Exchange,Russia,,Moscow,121353,http://www.rosseti.ru,Mid Cap,US69343X1081,69343X108,,,,True
RTGZ.ME,Public Joint Stock Company Gazprom,"Public Joint Stock Company Gazprom, an integrated energy company, engages in the geological exploration, production, processing, storage, transportation, and sale of gas, gas condensates, and oil in Russia and internationally. The company operates through Production of Gas, Transportation of Gas, Distribution of Gas, Gas Storage, Production of Crude Oil and Gas Condensate, Refining, and Electric and Heat Energy Generation and Sales segments. It also produces coalbed methane; and owns Unified Gas Supply System, a gas transmission system totaling approximately 175.2 kilometers that comprises 254 compressor stations with a total capacity of 46.8 megawatts in Russia. In addition, the company operates underground gas storage facilities; operates oil refining and petrochemical complexes; generates and sells electric and heat energy; produces crude oil and gas condensate; and produces other goods, as well as provides other works and rendering of other services. Further, it offers oil, gas condensate, and other hydrocarbons; and sells refined products. Public Joint Stock Company Gazprom was founded in 1993 and is headquartered in Moscow, Russia.",RUB,Energy,Energy,"Oil, Gas & Consumable Fuels",MCX,MISX,Moscow Exchange,Russia,,Moscow,117997,http://www.gazprom.com,Nano Cap,RU000A0JPG04,,,,,False
RTKM.ME,Public Joint Stock Company Rostelecom,"Public Joint Stock Company Rostelecom provides digital services and solutions in Russia. The company provides Rostelecom Key, an ecosystem of services for households that offers smart home, smart gate bar, and smart meter solutions, as well as integrated video surveillance platform; Pay TV; Wink, an IPTV that does not require a set-top box; smart home service that allows remotely control home appliances, power consumption, and other home services; network infrastructure management, an integrated solution for leasing out, managing, monitoring, and maintaining network equipment; and Virtual PBX, which include communications services and office telephony solutions. It also offers antivirus solutions; Corporate TV, a service that includes interactive TV for corporate customers, and Hotel TV for the hospitality industry; Demo video surveillance platform; Netris CCTV platform, an integrated multifunctional CCTV platform; video analytics subsystem, a solution enabling vendor's video analytics algorithms to be connected to the Netris CCTV platform; Netris VoD Server, a CCTV video core enabling video stream reception, recording, broadcasting, and retransmission system; and Netris iStream ITX, a local programmable camcorder for isolated areas. In addition, the company offers Solar Dozor 7 and Solar webProxy, which are cybersecurity services; scoring and marketing products; VPN mobile and VPN SOHO products; software-defined network/network function virtualization solutions; NVIDIA Geforce NOW, a cloud gaming service; and submarine cables. Further, it provides satellite communication network, TV infrastructure, voice ICT and data transport network, access network, internet access, Wi-Fi, cloud-based video surveillance and analytics, data center infrastructure, information security, over the top video, telemedicine, online education, broadband, and convergence and mobile services. The company was founded in 1993 and is headquartered in Moscow, Russia.",RUB,Communication Services,Telecommunication Services,Diversified Telecommunication Services,MCX,MISX,Moscow Exchange,Russia,,Moscow,115172,http://moscow.rt.ru,Small Cap,RU0008943394,,BBG004S682Z6,BBG004S682Z6,BBG001S78BB6,False
RTKMP.ME,Public Joint Stock Company Rostelecom,"Public Joint Stock Company Rostelecom provides digital services and solutions in Russia. The company provides Rostelecom Key, an ecosystem of services for households that offers smart home, smart gate bar, and smart meter solutions, as well as integrated video surveillance platform; Pay TV; Wink, an IPTV that does not require a set-top box; smart home service that allows remotely control home appliances, power consumption, and other home services; network infrastructure management, an integrated solution for leasing out, managing, monitoring, and maintaining network equipment; and Virtual PBX, which include communications services and office telephony solutions. It also offers antivirus solutions; Corporate TV, a service that includes interactive TV for corporate customers, and Hotel TV for the hospitality industry; Demo video surveillance platform; Netris CCTV platform, an integrated multifunctional CCTV platform; video analytics subsystem, a solution enabling vendor's video analytics algorithms to be connected to the Netris CCTV platform; Netris VoD Server, a CCTV video core enabling video stream reception, recording, broadcasting, and retransmission system; and Netris iStream ITX, a local programmable camcorder for isolated areas. In addition, the company offers Solar Dozor 7 and Solar webProxy, which are cybersecurity services; scoring and marketing products; VPN mobile and VPN SOHO products; software-defined network/network function virtualization solutions; NVIDIA Geforce NOW, a cloud gaming service; and submarine cables. Further, it provides satellite communication network, TV infrastructure, voice ICT and data transport network, access network, internet access, Wi-Fi, cloud-based video surveillance and analytics, data center infrastructure, information security, over the top video, telemedicine, online education, broadband, and convergence and mobile services. The company was founded in 1993 and is headquartered in Moscow, Russia.",RUB,Communication Services,Telecommunication Services,Diversified Telecommunication Services,MCX,MISX,Moscow Exchange,Russia,,Moscow,115172,http://moscow.rt.ru,Small Cap,RU0009046700,,BBG004S685M3,BBG004S685M3,BBG001S8VBM6,False
RTSB.ME,Public Joint-Stock Company TNS energo Rostov-on-Don,"Public Joint-Stock Company TNS energo Rostov-on-Don supplies electricity in the Rostov region, Russia. It serves approximately 1.5 million customers, which include approximately 1.46 million accounts of individuals and approximately 58 thousand accounts of enterprises and organizations. The company was formerly known as OJSC Energosbyt Rostovenergo and changed its name to Public Joint-Stock Company TNS energo Rostov-on-Don in July 2015. Public Joint-Stock Company TNS energo Rostov-on-Don was founded in 2005 and is based in Rostov-on-Don, Russia. Public Joint-Stock Company TNS energo Rostov-on-Don is a subsidiary of Public Joint Stock Company Group of Companies TNS energo.",RUB,Utilities,Utilities,Electric Utilities,MCX,MISX,Moscow Exchange,Russia,,Rostov-on-Don,344022,http://www.rostov.tns-e.ru,Micro Cap,RU000A0D8PB4,,BBG000GQSRP7,BBG000GQSRP7,BBG001SP08Z5,False
RTSBP.ME,Public Joint Stock Company TNS energo Rostov-on-Don,"Public Joint-Stock Company TNS energo Rostov-on-Don supplies electricity in the Rostov region, Russia. It serves approximately 1.5 million customers, which include approximately 1.46 million accounts of individuals and approximately 58 thousand accounts of enterprises and organizations. The company was formerly known as OJSC Energosbyt Rostovenergo and changed its name to Public Joint-Stock Company TNS energo Rostov-on-Don in July 2015. Public Joint-Stock Company TNS energo Rostov-on-Don was founded in 2005 and is based in Rostov-on-Don, Russia. Public Joint-Stock Company TNS energo Rostov-on-Don is a subsidiary of Public Joint Stock Company Group of Companies TNS energo.",RUB,Utilities,Utilities,Electric Utilities,MCX,MISX,Moscow Exchange,Russia,,Rostov-on-Don,344022,http://www.rostov.tns-e.ru,Micro Cap,,,BBG000GVFKL9,BBG000GVFKL9,BBG001SBHVL2,False
RUAL.ME,"United Company RUSAL, International Public Joint-Stock Company","United Company RUSAL, International Public Joint-Stock Company produces and sells aluminum and related products. It operates through four segments: Aluminium, Alumina, Energy, and Mining and Metals. The company is involved in the mining and refining of bauxite and nepheline ore into alumina; the smelting of primary aluminum from alumina; and the fabrication of aluminum and aluminum alloys into semi-fabricated and finished products. Its products include primary aluminum, billets, rolling slabs, primary foundry alloys, wire rods, high-purity aluminum, foil and packaging products, aluminum wheels and powders, alumina and bauxite, corundum, gallium, and silicon products, as well as aluminum anodes for cathodic protection. The company is also involved in the mining and sale of coal; generation and transmission of electricity produced from various sources; and trading businesses. In addition, it offers repair and maintenance, and finance services. The company operates in Russia, Turkey, the Netherlands, the United States, South Korea, Italy, Poland, Japan, Sweden, Germany, France, Norway, Greece, Sweden, China, and internationally. The company was founded in 2000 and is based in Kaliningrad, Russia. United Company RUSAL, International Public Joint-Stock Company is a subsidiary of En+ GROUP International public joint-stock company.",RUB,Materials,Materials,Metals & Mining,MCX,MISX,Moscow Exchange,Russia,,Kaliningrad,236006,http://www.rusal.ru,Mid Cap,RU000A1025V3,,BBG008F2T3V9,BBG008F2T3T2,BBG001SNTNM0,False
RUGR.ME,Public Joint-Stock Company Rusgrain Holding,"Public Joint-Stock Company Rusgrain Holding cultivates, processes, stores, and trades in agricultural products in Russia and internationally. It offers a range of agricultural products, such as poultry products, dairy products, and cereals. The company also operates poultry farms; processes poultry meat in sausages, smoked meats, delicacies, and semi-finished products; and offers chicken eggs and broiler meat. It operates under the Avdon and Turbaslinsky Broiler brand names. In addition, the company produces and supplies feed to poultry farms. Public Joint-Stock Company Rusgrain Holding was founded in 2004 and is based in Ufa, Russia.",RUB,Consumer Staples,"Food, Beverage & Tobacco",Food Products,MCX,MISX,Moscow Exchange,Russia,,Ufa,450018,http://www.rusgrain.ru,Nano Cap,,,,,,True
RUSI.ME,Public Joint-Stock Company Investment Company IC Russ-Invest,"Public Joint-Stock Company Investment Company IC Russ-Invest, an investment company, operates in the financial market in Russia. It offers brokerage, trust management, online trading, sub-brokerage, financial consulting, corporate finance, depositary, and securities issuance services. The company also engages in the implementation of venture projects and IPOs; and sale of a business or part of a business, as well as for getting listed in the Russian stock exchange. The company was formerly known as Open Joint-Stock Company Investment Company IC Russ-Invest and changed its name to Public Joint-Stock Company Investment Company IC Russ-Invest in June 2016. Public Joint-Stock Company Investment Company IC Russ-Invest was founded in 1992 and is based in Moscow, Russia..",RUB,Financials,Diversified Financials,Capital Markets,MCX,MISX,Moscow Exchange,Russia,,Moscow,119019,http://www.russ-invest.com,Micro Cap,RU000A0JQ9W5,,BBG0028Z77G9,BBG0028Z77G9,BBG001SM9C11,False
RZSB.ME,Joint-Stock Company Ryazanenergosbyt,"Joint-Stock Company Ryazanenergosbyt engages in the purchase and sale of electricity in the wholesale and retail markets in the Ryazan Region, Russia. The company also provides rental services for non-residential premises; metering devices installation services; and other goods sales, works, and services. It serves approximately 435,000 household subscribers and 11,000 legal entities. The company was founded in 2005 and is headquartered in Ryazan, Russia. Joint-Stock Company Ryazanenergosbyt is a subsidiary of JSC Energy Supply Company of Rushydro.",RUB,Utilities,Utilities,Electric Utilities,MCX,MISX,Moscow Exchange,Russia,,Ryazan,390005,http://www.resk.ru,Micro Cap,RU000A0D9AF5,,BBG000FJ81J0,BBG000FJ81J0,BBG001SN48Y7,False
SAGO.ME,Public Joint-Stock Energy and Electrification Company Samaraenergo,"Public Joint-Stock Energy and Electrification Company Samaraenergo, an energy sales company, supplies electricity in the Samara region. The company purchases electricity from the wholesale market and supplies it to the retail market and consumers. It also purchases electricity from producers; sells, installs, and repairs various electricity meters; and rents equipment. In addition, the company provides consulting and other services related to the sale of electricity to energy supplying organizations and legal entities; and energy audit and saving, and thermal imaging services, as well as ASKUE installation and maintenance services for legal entities and household consumers. It serves chemical, petrochemical, oil refining, metallurgical, machine building enterprises; and railway transportation; and oil production and building materials production markets, as well as individuals. The company is based in Samara, Russia.",RUB,Utilities,Utilities,Electric Utilities,MCX,MISX,Moscow Exchange,Russia,,Samara,443079,http://www.samaraenergo.ru,Micro Cap,RU0009098255,,BBG000NLDS29,BBG000NLDS29,BBG001S7BYS4,False
SAGOP.ME,Public Joint-Stock Energy and Electrification Company Samaraenergo RUB0.01 PRF(USD),,RUB,,,,MCX,MISX,Moscow Exchange,Russia,,,,,Nano Cap,,,BBG000NLDYT7,BBG000NLDYT7,BBG001SB3HT0,False
SARE.ME,Public Joint Stock Company Saratovenergo,"Public Joint Stock Company Saratovenergo supplies electricity in the Saratov region, Russia. It serves approximately 22,000 legal entities and 660,000 household subscribers. The company was formerly known as Energy and Electrification Joint-Stock Company Saratovenergo and changed its name to Public Joint Stock Company Saratovenergo in June 2015. The company was founded in 1933 and is based in Saratov, Russia. Public Joint Stock Company Saratovenergo is a subsidiary of Public Joint Stock Company Inter RAO UES.",RUB,Utilities,Utilities,Electric Utilities,MCX,MISX,Moscow Exchange,Russia,,Saratov,410005,http://www.saratovenergo.ru,Nano Cap,RU0009100754,,BBG000CV7ZG5,BBG000CV7ZG5,BBG001S679Q8,False
SAREP.ME,Public Joint Stock Company Saratovenergo,"Public Joint Stock Company Saratovenergo supplies electricity in the Saratov region, Russia. It serves approximately 22,000 legal entities and 660,000 household subscribers. The company was formerly known as Energy and Electrification Joint-Stock Company Saratovenergo and changed its name to Public Joint Stock Company Saratovenergo in June 2015. The company was founded in 1933 and is based in Saratov, Russia. Public Joint Stock Company Saratovenergo is a subsidiary of Public Joint Stock Company Inter RAO UES.",RUB,Utilities,Utilities,Electric Utilities,MCX,MISX,Moscow Exchange,Russia,,Saratov,410005,http://www.saratovenergo.ru,Nano Cap,,,BBG000CV8026,BBG000CV8026,BBG001SB3HX5,False
SBER.ME,Sberbank of Russia,"Sberbank of Russia, together with its subsidiaries, provides corporate and retail banking products and services to individuals, small businesses, corporate clients, and financial institutions. The company offers deposit products; pension accounts; payment, transfer, brokerage, and asset management services; car, housing, education, and consumer loans; mortgages; debit and credit cards, and overdraft service; and refinancing products. It also provides derivative, financial instrument, foreign currency, precious metal, corporate structured, and commodities and securities products, as well as debt and capital markets funding, documentary, and other commission services. In addition, it offers life, property, bank card, accident, liability, trust management, investment and universal life, travel, and mutual investment funds insurance products, as well as individual pension plans and corporate pension programs. Additionally, the company provides business bank accounts, platform for exporters and importers, merchant acquiring and international trading services, and corporate cards for small businesses; and loans, investment products and capital markets services, fund investment services, and banking services for corporate clients. It also provides trade finance, interbank lending, currency risk hedging, and treasury services; deposits, custody services, and electronic trading systems; and settlement and cash collection services to financial institutions. As of December 31, 2020, the company operated 11 Regional banks and 14,162 branches in Russia. The company also has operations in 18 countries internationally. Sberbank of Russia was founded in 1841 and is headquartered in Moscow, Russia.",RUB,Financials,Banks,Banks,MCX,MISX,Moscow Exchange,Russia,,Moscow,117997,http://www.sberbank.ru,Large Cap,RU0009029540,,BBG004730N88,BBG004730N88,BBG001S6S583,False
SBERP.ME,Sberbank of Russia,"Sberbank of Russia, together with its subsidiaries, provides corporate and retail banking products and services to individuals, small businesses, corporate clients, and financial institutions. The company offers deposit products; pension accounts; payment, transfer, brokerage, and asset management services; car, housing, education, and consumer loans; mortgages; debit and credit cards, and overdraft service; and refinancing products. It also provides derivative, financial instrument, foreign currency, precious metal, corporate structured, and commodities and securities products, as well as debt and capital markets funding, documentary, and other commission services. In addition, it offers life, property, bank card, accident, liability, trust management, investment and universal life, travel, and mutual investment funds insurance products, as well as individual pension plans and corporate pension programs. Additionally, the company provides business bank accounts, platform for exporters and importers, merchant acquiring and international trading services, and corporate cards for small businesses; and loans, investment products and capital markets services, fund investment services, and banking services for corporate clients. It also provides trade finance, interbank lending, currency risk hedging, and treasury services; deposits, custody services, and electronic trading systems; and settlement and cash collection services to financial institutions. As of December 31, 2020, the company operated 11 Regional banks and 14,162 branches in Russia. The company also has operations in 18 countries internationally. Sberbank of Russia was founded in 1841 and is headquartered in Moscow, Russia.",RUB,Financials,Banks,Banks,MCX,MISX,Moscow Exchange,Russia,,Moscow,117997,http://www.sberbank.ru,Large Cap,RU0009029557,,BBG0047315Y7,BBG0047315Y7,BBG001SB0CB3,True
SELG.ME,Public Joint-Stock Company Seligdar,"Public Joint-Stock Company Seligdar engages in the exploration and development of gold deposits in Russia. It also explores for cassiterite quartz, silicate, and sulphide formations; and tin and copper. The company was founded in 1975 and is based in Aldan, Russia.",RUB,Materials,Materials,Metals & Mining,MCX,MISX,Moscow Exchange,Russia,,Aldan,678900,http://www.seligdar.ru,Small Cap,RU000A0JPR50,,BBG002458LF8,BBG002458LF8,BBG001T2N522,False
SELGP.ME,Public Joint-Stock Company Seligdar,"Public Joint-Stock Company Seligdar is a Russian gold mining company. The company is engaged in exploration, mining, and processing of gold ore. The company is based in Russia.",RUB,Materials,Materials,Metals & Mining,MCX,MISX,Moscow Exchange,,,,,,Micro Cap,,,,,,True
SFIN.ME,PJSC SFI,"PJSC SFI, an investment holding, operates in the financial sector. The company leases passenger cars, commercial vehicles, self-propelled machines, buses, and other assets. It also offers life and property, motor, health, and other insurance products; compulsory pension insurance services; corporate and individual pension plans; and POS lending brokerage services. The company was founded in 1999 and is based in Moscow, Russia.",RUB,Industrials,Commercial & Professional Services,Commercial Services & Supplies,MCX,MISX,Moscow Exchange,Russia,,Moscow,119049,http://www.safmarinvest.ru,Small Cap,RU000A0JVW89,,BBG003LYCMB1,BBG003LYCMB1,BBG003LYCMC0,False
SGZH.ME,Group of Companies Segezha Public Joint Stock Company,"Segezha Group PJSC operates in the forestry industry in Russia and internationally. It operates through four segments: Paper and Packaging, Forestry Management and Woodworking, Plywood and Boards, and Other. The Paper and Packaging segment produces sack paper and artificial parchment from unbleached craft pulp, as well as industrial and consumer packaging in the form of paper sacks, such as paper pouches and retailer bags for use in construction, food, agriculture, chemical, and mineral markets. The Forestry Management and Woodworking segment produces sawn timber products, pellets, woodchips, and fiberboards. This segment is also involved in the wood harvesting operations to supply wood to third parties. The Plywood and Boards segment produces birch plywood for use in the construction, transportation, furniture, flooring, and packaging markets; medium density fiberboards for use in manufacturing doors and wall panels, construction, wood moldings, furniture, and packaging; and briquettes for use as a wood fuel source made from sawdust. The Other segment offers glulam for use in the construction of wooden houses, ceilings in multi-story buildings, load bearing structures, rafter systems, stairs, claddings, and other applications; pre-fabricated glulam-based housing kits to construct wooden houses and multi-story buildings; and CLT panels and sawn timber products. The company was incorporated in 2013 and is based in Moscow, Russia.",RUB,Materials,Materials,Containers & Packaging,MCX,MISX,Moscow Exchange,Russia,,Moscow,123112,http://segezha-group.com,Micro Cap,RU000A102XG9,,BBG0100R9963,BBG0100R9963,BBG0100R9981,False
SIBN.ME,Public Joint Stock Company Gazprom,"Public Joint Stock Company Gazprom, an integrated energy company, engages in the geological exploration, production, processing, storage, transportation, and sale of gas, gas condensates, and oil in Russia and internationally. The company operates through Production of Gas, Transportation of Gas, Distribution of Gas, Gas Storage, Production of Crude Oil and Gas Condensate, Refining, and Electric and Heat Energy Generation and Sales segments. It also produces coalbed methane; and owns Unified Gas Supply System, a gas transmission system totaling approximately 175.2 kilometers that comprises 254 compressor stations with a total capacity of 46.8 megawatts in Russia. In addition, the company operates underground gas storage facilities; operates oil refining and petrochemical complexes; generates and sells electric and heat energy; produces crude oil and gas condensate; and produces other goods, as well as provides other works and rendering of other services. Further, it offers oil, gas condensate, and other hydrocarbons; and sells refined products. Public Joint Stock Company Gazprom was founded in 1993 and is headquartered in Moscow, Russia.",RUB,Energy,Energy,"Oil, Gas & Consumable Fuels",MCX,MISX,Moscow Exchange,Russia,,Moscow,117997,http://www.gazprom.com,Large Cap,RU0009062467,,BBG004S684M6,BBG004S684M6,BBG001S7L3X5,False
SLEN.ME,Public Joint Stock Company Sakhalinenergo,"Public Joint Stock Company “Sakhalinenergo” engages in the production, transmission, marketing, and supply of electricity and heat in Sakhalin Island, Russia. The company was founded in 1963 and is based in Yuzhno-Sakhalinsk, Russia. Public Joint Stock Company ""Sakhalinenergo” is a subsidiary of Public Joint-Stock Company Federal Hydro-Generating Company – RusHydro.",RUB,Utilities,Utilities,Electric Utilities,MCX,MISX,Moscow Exchange,Russia,,Yuzhno-Sakhalinsk,693000,http://www.sahen.elektra.ru,Nano Cap,RU0009280465,,BBG00FX0RGJ4,BBG00FX0RGJ4,BBG001S8RS62,False
SMLT.ME,Samolet Group Public Joint Stock Company,"Samolet Group Public Joint Stock Company engages in the real estate development business in the Russian Federation. It develops, constructs, and sells commercial and residential spaces in Moscow and Leningrad Regions. The company was founded in 2012 and is based in Moscow, Russia.",RUB,Real Estate,Real Estate,Real Estate Management & Development,MCX,MISX,Moscow Exchange,Russia,,Moscow,121108,http://samoletgroup.ru,Micro Cap,RU000A0ZZG02,,BBG00F6NKQX3,BBG00F6NKQX3,BBG00F6NKQY2,False
SNGS.ME,Surgutneftegas Public Joint Stock Company,"Surgutneftegas Public Joint Stock Company, together with its subsidiaries, explores for, produces, processes, and sells hydrocarbons. It operates through Exploration and Production, Refining and Sale, and Other Activities segments. The company explores for oil and gas in Western Siberia, Eastern Siberia, and Timan-Pechora provinces in Russia. It also processes associated petroleum gas; and refines and produces petroleum products, including motor fuels, aromatics, liquid paraffin, roofing and insulation materials, etc., as well as diesel fuel, jet fuel, bitumen, and roofing materials. In addition, the company is involved in wholesaling, retailing, and storing petroleum products, as well as the provision of supplementary services at the gas stations. Further, it provides banking, insurance, engineering, and television and radio broadcasting services; constructs buildings and structures; and manufactures wood construction products. The company was founded in 1964 and is based in Surgut, Russia.",RUB,Energy,Energy,"Oil, Gas & Consumable Fuels",MCX,MISX,Moscow Exchange,Russia,,Surgut,628415,http://www.surgutneftegas.ru,Mid Cap,RU0008926258,,BBG0047315D0,BBG0047315D0,BBG001S5NG13,False
SNGSP.ME,Surgutneftegas Public Joint Stock Company,"Surgutneftegas Public Joint Stock Company, together with its subsidiaries, explores for, produces, processes, and sells hydrocarbons. It operates through Exploration and Production, Refining and Sale, and Other Activities segments. The company explores for oil and gas in Western Siberia, Eastern Siberia, and Timan-Pechora provinces in Russia. It also processes associated petroleum gas; and refines and produces petroleum products, including motor fuels, aromatics, liquid paraffin, roofing and insulation materials, etc., as well as diesel fuel, jet fuel, bitumen, and roofing materials. In addition, the company is involved in wholesaling, retailing, and storing petroleum products, as well as the provision of supplementary services at the gas stations. Further, it provides banking, insurance, engineering, and television and radio broadcasting services; constructs buildings and structures; and manufactures wood construction products. The company was founded in 1964 and is based in Surgut, Russia.",RUB,Energy,Energy,"Oil, Gas & Consumable Fuels",MCX,MISX,Moscow Exchange,Russia,,Surgut,628415,http://www.surgutneftegas.ru,Mid Cap,RU0009029524,,BBG004S681M2,BBG004S681M2,BBG001S925G6,False
SPBE.ME,Public Joint-Stock Company SPB Exchange,"Public Joint-Stock Company SPB Exchange is a company listed on the Moscow Exchange under the ticker SPBE. It operates in the Capital Markets industry within the Financials sector. The company is headquartered in Moscow, Russia.",RUB,Financials,Diversified Financials,Capital Markets,MCX,MISX,Moscow Exchange,Russia,,Moscow,127006,https://www.spbexchange.com,Micro Cap,RU000A0JQ9P9,,BBG002GHV6L9,BBG002GHV6L9,BBG002GHV6M8,False
STSB.ME,Stavropolenergosbyt Public Joint-Stock Company,"Stavropolenergosbyt Public Joint-Stock Company supplies electricity in the Stavropol territory, Russia. It serves approximately half a million customers, including producers, small businesses, and social and budgetary organizations; and the population of villages and cities, and individual entrepreneurs. The company was founded in 2005 and is based in Yessentuki, Russia.",RUB,Utilities,Utilities,Electric Utilities,MCX,MISX,Moscow Exchange,Russia,,Yessentuki,357600,http://www.staves.ru,Nano Cap,RU000A0ET1W4,,BBG000VDT0D0,BBG000VDT0D0,BBG001SRZF14,False
STSBP.ME,Stavropolenergosbyt Public Joint-Stock Company,"Stavropolenergosbyt Public Joint-Stock Company supplies electricity in the Stavropol territory, Russia. It serves approximately half a million customers, including producers, small businesses, and social and budgetary organizations; and the population of villages and cities, and individual entrepreneurs. The company was founded in 2005 and is based in Yessentuki, Russia.",RUB,Utilities,Utilities,Electric Utilities,MCX,MISX,Moscow Exchange,Russia,,Yessentuki,357600,http://www.staves.ru,Nano Cap,,,BBG000VDT2X4,BBG000VDT2X4,BBG001SRZF32,False
SVAV.ME,Sollers Public Joint Stock Company,"Sollers Public Joint Stock Company, together with its subsidiaries, manufactures and sells vehicles in Russia. It offers SUVs and LCVs; and automotive components, assembly kits, and engines. The company markets and sells its products under the UAZ, ZMZ, Ford Sollers, and Mazda Sollers brands. The company was founded in 2002 and is based in Moscow, Russia. Sollers Public Joint Stock Company is a subsidiary of ERFIX LLC.",RUB,Consumer Discretionary,Automobiles & Components,Automobiles,MCX,MISX,Moscow Exchange,Russia,,Moscow,123317,http://www.sollers-auto.com,Micro Cap,RU0006914488,,BBG004S68JR8,BBG004S68JR8,BBG001SL3MX2,False
SVCB.ME,PJSC Sovcombank,"PJSC Sovcombank is a company listed on the Moscow Exchange under the ticker SVCB. It operates in the Banks industry within the Financials sector. The company is headquartered in Kostroma, Russia.",RUB,Financials,Banks,Banks,MCX,MISX,Moscow Exchange,Russia,,Kostroma,156000,https://www.sovcombank.ru/en/about/info,Mid Cap,RU000A0ZZAC4,,BBG000FR4JW2,BBG000FR4JW2,BBG001T2NNB3,False
TASB.ME,Public Joint Stock Company Tambov power supply company,"Public Joint Stock Company Tambov Power Supply Company supplies electricity in the Tambov region, Russia. The company provides electricity to approximately 5,900 legal entities and 257,000 individuals. It serves industrial enterprises, and housing and communal sectors. The company was incorporated in 2005 and is based in Tambov, Russia. Public Joint Stock Company Tambov Power Supply Company is a subsidiary of Public Joint Stock Company Inter RAO UES.",RUB,Utilities,Utilities,Electric Utilities,MCX,MISX,Moscow Exchange,Russia,,Tambov,392000,http://tesk.su,Nano Cap,RU000A0D8NG8,,BBG000MD2ST1,BBG000MD2ST1,BBG001SPLPM8,False
TASBP.ME,Public Joint Stock Company Tambov Power Supply Company RUB0.02 PRF(RUB),,RUB,Utilities,Utilities,,MCX,MISX,Moscow Exchange,Russia,,,,,Nano Cap,,,BBG000MD2WC0,BBG000MD2WC0,BBG001SPLPP5,False
TATN.ME,PJSC Tatneft,"PJSC Tatneft, together with its subsidiaries, engages in exploration, development, and production of crude oil primarily in Russia. The company operates through Exploration and Production, Refining and Marketing, Petrochemical Products, and Banking segments. It holds interests in oil and gas fields located in Tatarstan in Russia. The company is also involved in the refining and marketing crude oil; the purchase and sale of crude oil and refined products from third parties; and retailing activities. In addition, it produces and sells tires; and manufactures and sells equipment, as well as provides engineering, procurement, and construction services for oil, gas, and petrochemical projects. Further, the company sells oilfield equipment, and auxiliary petrochemical related services and materials. Additionally, it is involved in the banking activities. The company was founded in 1950 and is headquartered in Almetyevsk, Russia.",RUB,Energy,Energy,"Oil, Gas & Consumable Fuels",MCX,MISX,Moscow Exchange,Russia,,Almetyevsk,423450,http://www.tatneft.ru,Large Cap,RU0009033591,,BBG004RVFFC0,BBG004RVFFC0,BBG001S8PJN5,False
TATNP.ME,PJSC Tatneft,"PJSC Tatneft, together with its subsidiaries, engages in exploration, development, and production of crude oil primarily in Russia. The company operates through Exploration and Production, Refining and Marketing, Petrochemical Products, and Banking segments. It holds interests in oil and gas fields located in Tatarstan in Russia. The company is also involved in the refining and marketing crude oil; the purchase and sale of crude oil and refined products from third parties; and retailing activities. In addition, it produces and sells tires; and manufactures and sells equipment, as well as provides engineering, procurement, and construction services for oil, gas, and petrochemical projects. Further, the company sells oilfield equipment, and auxiliary petrochemical related services and materials. Additionally, it is involved in the banking activities. The company was founded in 1950 and is headquartered in Almetyevsk, Russia.",RUB,Energy,Energy,"Oil, Gas & Consumable Fuels",MCX,MISX,Moscow Exchange,Russia,,Almetyevsk,423450,http://www.tatneft.ru,Large Cap,RU0006944147,,BBG004S68829,BBG004S68829,BBG001S69X38,False
TCSG.ME,International Public Joint-Stock Company T-Technologies,International Public Joint-Stock Company T-Technologies is a company listed on the Moscow Exchange - MICEX under the ticker TCSG and traded in RUB. It is classified in the Financials sector (Banks). Its country is Russia.,RUB,Financials,Banks,Banks,MCX,MISX,Moscow Exchange,Russia,,Vladivostok,690922,https://t-technologies.ru,Small Cap,US87238U2033,87238U203,,,,False
TGKA.ME,Public Joint Stock Company Territorial Generating Company No. 1,"Public Joint Stock Company ‘Territorial Generating Company' No.1 produces electricity and heat in the North-West region of Russia. The company generates electricity through hydro and thermal sources. It operates 53 electric generating stations in St. Petersburg, the Republic of Karelia, Leningrad Oblast, and Murmansk Oblast. As of March 12, 2020, the company had an installed electric capacity of 6.9 GW and heating capacity of 13.5 thousand GCal/hr. It sells electricity in the wholesale market of Russia, as well as exports to Finland and Norway. The company was formerly known as Joint Stock Company Territorial Generating Company No.1 and changed its name to Public Joint Stock Company ‘Territorial Generating Company' No.1 in August 2016. The company was founded in 2005 and is based in St. Petersburg, Russia. Public Joint Stock Company ‘Territorial Generating Company' No.1 is a subsidiary of Gazprom Energoholding LLC.",RUB,Utilities,Utilities,Electric Utilities,MCX,MISX,Moscow Exchange,Russia,,Saint Petersburg,197198,http://www.tgc1.ru,Micro Cap,RU000A0JNUD0,,,,,False
TGKB.ME,Public Joint-Stock Company Territorial Generation Company No.2,"Public Joint-Stock Company Territorial Generation Company No.2 operates as a thermal power company in the Northwestern and Central Federal districts of Russia. The company produces and supplies electricity, as well as steam and hot water. It also manages 12 power plants, 46 diesel power plants, 69 boilers, and 5 thermal networks. The company was founded in 2005 and is based in Yaroslavl, Russia. Public Joint-Stock Company Territorial Generation Company No.2 is a subsidiary of Sovlink LLC.",RUB,Utilities,Utilities,Independent Power and Renewable Electricity Producers,MCX,MISX,Moscow Exchange,Russia,,Yaroslavl,150003,http://www.tgc-2.ru,Micro Cap,RU000A0JNGS7,,,,,False
TGKBP.ME,Public Joint-Stock Company Territorial Generation Company No.2,"Public Joint-Stock Company Territorial Generation Company No.2 operates as a thermal power company in the Northwestern and Central Federal districts of Russia. The company produces and supplies electricity, as well as steam and hot water. It also manages 12 power plants, 46 diesel power plants, 69 boilers, and 5 thermal networks. The company was founded in 2005 and is based in Yaroslavl, Russia. Public Joint-Stock Company Territorial Generation Company No.2 is a subsidiary of Sovlink LLC.",RUB,Utilities,Utilities,Independent Power and Renewable Electricity Producers,MCX,MISX,Moscow Exchange,Russia,,Yaroslavl,150003,http://www.tgc-2.ru,Micro Cap,,,,,,False
TGKD.ME,Public Joint Stock Company Quadra - Power Generation,"Public Joint Stock Company ""Quadra - Power Generation"", together with its subsidiaries, generates, transmission, and sells electricity and thermal energy in Russia. It is also involved in the transportation of thermal energy. The company sells electricity on the wholesale electricity and capacity market; and thermal energy on the retail market. As of December 31, 2019, it operates electric power plants with an installed capacity of 2,939 MW; and thermal energy plants with an installed capacity of 14,746 gigacalorie per hour that are located in the regions of Belgorod, Bryansk, Voronezh, Kaluga, Kursk, Lipetsk, Orel, Ryazan, Smolensk, Tambov, and Tula. Public Joint Stock Company ""Quadra - Power Generation"" was founded in 2005 and is based in Tula, Russia.",RUB,Utilities,Utilities,Electric Utilities,MCX,MISX,Moscow Exchange,Russia,,Tula,300012,http://www.quadra.ru,Micro Cap,RU000A0JNMZ0,,,,,True
TGKDP.ME,Public Joint Stock Company Quadra - Power Generation,"Public Joint Stock Company ""Quadra - Power Generation"", together with its subsidiaries, generates, transmission, and sells electricity and thermal energy in Russia. It is also involved in the transportation of thermal energy. The company sells electricity on the wholesale electricity and capacity market; and thermal energy on the retail market. As of December 31, 2019, it operates electric power plants with an installed capacity of 2,939 MW; and thermal energy plants with an installed capacity of 14,746 gigacalorie per hour that are located in the regions of Belgorod, Bryansk, Voronezh, Kaluga, Kursk, Lipetsk, Orel, Ryazan, Smolensk, Tambov, and Tula. Public Joint Stock Company ""Quadra - Power Generation"" was founded in 2005 and is based in Tula, Russia.",RUB,Utilities,Utilities,Electric Utilities,MCX,MISX,Moscow Exchange,Russia,,Tula,300012,http://www.quadra.ru,Micro Cap,,,,,,False
TGKN.ME,Public Joint Stock Company Territorial Generation Company No. 14,"Public Joint Stock Company Territorial Generation Company No. 14 engages in the generation and supply of electricity and heat to wholesale market. It offers thermal energy and heat to consumers in the Trans-Baikal Territory and the Republic of Buryatia. The company has 7 thermal power stations and 2 energy complexes with an installed electric power capacity of 649.57 MW and thermal capacity of 3,120.77 Gcal/h. Public Joint Stock Company Territorial Generation Company No. 14 was founded in 2004 and is based in Chita, Russia.",RUB,Utilities,Utilities,Electric Utilities,MCX,MISX,Moscow Exchange,Russia,,Chita,672000,http://www.tgk-14.com,Micro Cap,RU000A0H1ES3,,,,,False
TNSE.ME,Public Joint Stock Company Group of Companies TNS energo,"Public Joint Stock Company Group of Companies TNS energo operates as an independent energy supply company in Russia. The company is also involved in the wholesale of power; and construction and installation of electricity meters. It supplies electricity to approximately 20 million consumers, as well as operates 381 consumer service points in 11 regions of Russia. The company was formerly known as Transneftservis S LLC. Public Joint Stock Company Group of Companies TNS energo was founded in 2003 and is headquartered in Moscow, Russia.",RUB,Utilities,Utilities,Electric Utilities,MCX,MISX,Moscow Exchange,Russia,,Moscow,127006,http://corp.tns-e.ru,Small Cap,RU000A0JUCQ5,,BBG009CWKVN0,BBG009CWKVN0,BBG001SPQSC8,False
TORS.ME,public-stock company Tomsk distribution company,"public-stock company Tomsk distribution company transmits and distributes electricity in Russia. It operates 17,864 kilometers of transmission lines; 137 power centers; and 3,148 substations with a transformer capacity of 3,859 MVA. The company was founded in 1952 and is based in Tomsk, Russia. public-stock company Tomsk distribution company is a subsidiary of Rosseti, Public Joint Stock Company.",RUB,Utilities,Utilities,Electric Utilities,MCX,MISX,Moscow Exchange,Russia,,Tomsk,634041,http://www.trk.tom.ru,Nano Cap,RU000A0ETZF2,,BBG000MDCJV7,BBG000MDCJV7,BBG001SLV9B4,False
TORSP.ME,public-stock company Tomsk distribution company,"public-stock company Tomsk distribution company transmits and distributes electricity in Russia. It operates 17,864 kilometers of transmission lines; 137 power centers; and 3,148 substations with a transformer capacity of 3,859 MVA. The company was founded in 1952 and is based in Tomsk, Russia. public-stock company Tomsk distribution company is a subsidiary of Rosseti, Public Joint Stock Company.",RUB,Utilities,Utilities,Electric Utilities,MCX,MISX,Moscow Exchange,Russia,,Tomsk,634041,http://www.trk.tom.ru,Nano Cap,,,BBG000MDCP25,BBG000MDCP25,BBG001SLVPS0,False
TRMK.ME,PAO TMK,"PAO TMK manufactures, sells, and exports steel pipes for the oil and gas industry. The company operates in three segments: Russia, Americas, and Europe. It offers seamless and welded threaded drill pipes, and casing and tubing that are used in drilling, equipping, and operating oil and gas wells; and oil and gas line pipes for intra-field to transport crude oil and natural gas from the field to oil refineries and storage facilities, as well as to shipment points and distribution nodes. The company also provides seamless industrial pipes for chemical, petrochemical, food, and nuclear industries, as well as for the production of steam boilers, bearings, and various machine parts and components; welded industrial pipes for engineering, construction, housing, and utilities sector; welded large diameter pipe for the construction of oil and gas trunk pipelines, oil field pipelines, general purpose pipelines, and pipelines for heat supply networks and nuclear power stations; and pipes with premium connections for oil and gas wells, including offshore, deep-sea, and the Far North locations, as well as for horizontal and directional wells. In addition, it offers cast billets; anti-corrosion coatings; and oilfield services, as well as services in heat treating, protective coating, premium connections threading, warehousing, and pipe repairing. The company also serves chemical and petrochemical, energy and machine-building, construction, agriculture, and other economic sectors. PAO TMK was founded in 2001 and is based in Moscow, Russia. PAO TMK is a subsidiary of TMK Steel Holding Limited.",RUB,Materials,Materials,Metals & Mining,MCX,MISX,Moscow Exchange,Russia,,Moscow,101000,http://www.tmk-group.com,Small Cap,RU000A0B6NK6,,BBG004TC84Z8,BBG004TC84Z8,BBG001SLNS49,False
TRNFP.ME,Public Joint Stock Company Transneft,"Public Joint Stock Company Transneft, together with its subsidiaries, transports oil and oil products in Russia and internationally. The company operates approximately 67,000 kilometers of trunk oil pipelines; 500 pumping stations; and 24 million cubic meters of storage tanks. It also offers services for oil and oil products transportation; and preventive maintenance, diagnostics, emergency response, and repair services for trunk pipelines. The company was formerly known as Oil Transporting Joint Stock Company Transneft. Public Joint Stock Company Transneft was founded in 1993 and is based in Moscow, Russia.",RUB,Energy,Energy,"Oil, Gas & Consumable Fuels",MCX,MISX,Moscow Exchange,Russia,,Moscow,123112,http://www.transneft.ru,Small Cap,RU0009091573,,BBG00475KHX6,BBG00475KHX6,BBG001SHZPC2,False
TTLK.ME,Tattelecom Public Joint-Stock Company,"Tattelecom Public Joint-Stock Company provides telecommunications services for business and home clients in the Republic of Tatarstan. The company offers local and zonal telephony, high-speed Internet access, IP television (TV), cable and interactive digital TV, telegraph communication, and mobile communications services. It serves approximately 650,000 telephony subscribers and 500,000 high-speed Internet access subscribers. The company is headquartered in Kazan, Russia.",RUB,Communication Services,Telecommunication Services,Diversified Telecommunication Services,MCX,MISX,Moscow Exchange,Russia,,Kazan,420061,http://www.tattelecom.ru,Micro Cap,RU000A0HM5C1,,BBG000RJL816,BBG000RJL816,BBG001SLHX81,False
TUZA.ME,Tuimazinskiy Zavod Avtobetonovozov Publicly Traded Company,"Tuimazinskiy Zavod Avtobetonovozov Publicly Traded Company designs and manufactures special purpose machinery for concrete covering inclined-axis mixers, autoconcrete pumps, and booms. The company provides concrete mixers, stationary concrete pumps, trailers, trailer shorts, fire-fighting foam lifters, linear concrete pumps, and other products. It also offers capacitive equipment, metal structures, and steel castings, as well as plasma cutting and metalworking services. The company was formerly known as OAO Tuimazinskiy Zavod Avtobetonovozov and changed its name to Tuimazinskiy Zavod Avtobetonovozov Publicly Traded Company in November 2016. The company was founded in 1980 and is based in Tuymazy, Russia. Tuimazinskiy Zavod Avtobetonovozov Publicly Traded Company is a subsidiary of KAMAZ Publicly Traded Company.",RUB,Industrials,Capital Goods,Machinery,MCX,MISX,Moscow Exchange,Russia,,Tuymazy,452755,http://www.tzacom.ru,Nano Cap,RU000A0HL7A2,,BBG000R4K9Y2,BBG000R4K9Y2,BBG001SNK7X2,False
UCSS.ME,Public Joint Stock Company United Credit Systems,"Public Joint Stock Company United Credit Systems provides various banking and financial services in Russia. It provides banking services, which includes credit products, deposits, mortgage products, payment services, and money transfers, etc. The company also offers leasing services, such as trains, aircraft and vessels, commercial real estate, equipment, vehicles, and machinery. In addition, it engages in the purchase and sale of securities; and invests in securities and properties. The company is based in Moscow, Russia.",RUB,Financials,Diversified Financials,Capital Markets,MCX,MISX,Moscow Exchange,Russia,,Moscow,107031,http://www.ucsys.ru,Micro Cap,RU000A0JTQK0,,,,,False
UGLD.ME,PJSC Yuzhuralzoloto Group of Companies,PJSC Yuzhuralzoloto Group of Companies is a company listed on the Moscow Exchange under the ticker UGLD. It operates in the Metals & Mining industry within the Materials sector.,RUB,Materials,Materials,Metals & Mining,MCX,MISX,Moscow Exchange,Russia,,,,https://ugold.ru,Mid Cap,RU000A0JPP37,,,,BBG01K8T15K7,False
UKUZ.ME,Southern Kuzbass Coal company Public joint-stock company,"Southern Kuzbass Coal company Public joint-stock company produces coking and steam coal in Russia. Its mines are located in Mezhdurechensk, Kemerovo region. The company was founded in 1993 and is based in Mezhdurechensk, Russia. Southern Kuzbass Coal company Public joint-stock company is a subsidiary of Mechel Mining OAO.",RUB,Materials,Materials,Metals & Mining,MCX,MISX,Moscow Exchange,Russia,,Mezhdurechensk,652877,http://www.mechel.com/sector/mining/yuzhnij_kuzbass,Micro Cap,RU0005294775,,BBG000RK0SD9,BBG000RK0SD9,BBG001SHS1Q8,False
UNAC.ME,Public Joint Stock Company United Aircraft Corporation,"Public Joint Stock Company United Aircraft Corporation, together with its subsidiaries, engages in the development, manufacture, sale, and aftersales maintenance of civil, military, transport, and special-purpose aircraft in Russia. The company offers aircraft primarily under the Sukhoi, MiG, Ilyushin, Tupolev, Yakovlev, MC-21, Superjet 100, and Beriev brands. It is also involved in the modernization, repair, and recycling of aircraft; and training of aircrews. The company was incorporated in 2006 and is headquartered in Moscow, Russia.",RUB,Industrials,Capital Goods,Aerospace & Defense,MCX,MISX,Moscow Exchange,Russia,,Moscow,101000,http://www.uacrussia.ru,Mid Cap,RU000A0JPLZ7,,BBG000Q7ZZY2,BBG000Q7ZZY2,BBG001T61JF3,False
UNKL.ME,Southern Urals Nickel Plant PJSC,"Southern Urals Nickel Plant PJSC engages in the production and sale of nickel products in Russia. The company is based in Orsk, Russia.",RUB,Materials,Materials,Metals & Mining,MCX,MISX,Moscow Exchange,Russia,,Orsk,462424,http://www.unickel.ru,Nano Cap,RU0004887991,,BBG002YFXL29,BBG002YFXL29,BBG001SL5BG3,False
UPRO.ME,Public Joint-Stock Company Unipro,"Public Joint-Stock Company Unipro engages in the generation and sale of electricity and heat in Russia. It operates five power plants with a total capacity of 11,245.1 megawatts. The company sells its electricity and capacity through wholesale electricity and capacity markets to retail companies. Public Joint-Stock Company Unipro is also involved in the provision of engineering and fund management activities. The company was formerly known as Open Joint-Stock Company E.ON Russia and changed its name to Public Joint-Stock Company Unipro in June 2016. The company was founded in 2005 and is headquartered in Moscow, Russia. Public Joint-Stock Company Unipro is a subsidiary of Uniper SE.",RUB,Utilities,Utilities,Independent Power and Renewable Electricity Producers,MCX,MISX,Moscow Exchange,Russia,,Moscow,123112,http://www.unipro.energy,Small Cap,RU000A0JNGA5,,BBG004S686W0,BBG004S686W0,BBG001SC9V84,False
URKZ.ME,Urals Stampings Plant PAO,"Urals Stampings Plant PAO engages in the production and sale of hot stampings and forgings in Russia. The company offers a range of forgings for engineering industries, such as punching compressor and turbine disks for aircraft gas turbine engines; crankshafts, camshafts, and connecting rods for internal combustion engines and compressors; stamping for the fuselage; wings, landing gear, components, and assemblies of modern aircraft in rocket and space industry; axles and gear wheels traction transmission for railway traction and rolling stock; tires for trams; collar and flat flanges, discs of heat-resistant and titanium alloys; shut-off valves in the form of cases, caps, and balls; forgings for hunting and firearms; arms; torsion shafts and cross-pieces for the automotive industry; and blanks for the sling hook and hook cranes. It is also involved in the metal processing and steel production activities. Urals Stampings Plant PAO also exports its products to Bulgaria, Hungary, Germany, Romania, Turkey, France, the Czech Republic, the United States, Ukraine, Belarus, and Kazakhstan. The company was founded in 1942 and is headquartered in Chebarkul, Russia. Urals Stampings Plant PAO is a subsidiary of Mechel PAO.",RUB,Materials,Materials,Metals & Mining,MCX,MISX,Moscow Exchange,Russia,,Chebarkul,456440,http://www.uralkuz.ru,Large Cap,RU000A0JPFY2,,BBG002Z691S1,BBG002Z691S1,BBG001SQP706,False
USBN.ME,Public joint stock company BANK URALSIB,"Public Joint Stock Company BANK URALSIB, together with its subsidiaries, provides various banking products and services to individuals and corporate clients in Russia and internationally. The company operates through Corporate Banking Operations, Retail Banking Operations, Small Business, Leasing Operations, Financial services and Markets, Treasury and Asset-Liability Management Unit, and Corporate Investments and Other Operations segments. Its products and services include commercial lending and deposit taking, settlements and cash transactions, trade finance, and transactions with precious metals; and money transfer and foreign exchange services, and various banking card products. The company is also involved in primary and secondary equity and debt capital markets activities; brokerage services and securities trading, including repurchase agreements transactions and derivative transactions; and placement and raising of funds. In addition, it offers a range of banking services for high net worth individuals, including their savings management and financial advisory. Further, the company invests in and rents retail trade premises, completed residential apartments, residential buildings under construction, and land; manages properties; and provides leasing and management services. It operates through a network of 6 branches. Public Joint Stock Company BANK URALSIB was founded in 1993 and is headquartered in Moscow, Russia.",RUB,Financials,Banks,Banks,MCX,MISX,Moscow Exchange,Russia,,Moscow,119048,http://www.uralsib.ru,Small Cap,RU0006929536,X95203109,BBG000BY39G2,BBG000BY39G2,BBG001S9ZMR1,False
UTAR.ME,Public Joint-Stock Company UTair Aviation,"Public Joint-Stock Company UTair Aviation provides passenger and cargo transportation services on domestic and international routes. It offers its services through aircraft and helicopters. The company was incorporated in 1992 and is based in Surgut, Russia. Public Joint-Stock Company UTair Aviation operates as a subsidiary of OOO AK-invest.",RUB,Industrials,Transportation,Airlines,MCX,MISX,Moscow Exchange,Russia,,Surgut,628422,http://www.utair.ru,Small Cap,RU0007661385,,BBG000BDMZ51,BBG000BDMZ51,BBG001S6P9P9,False
UWGN.ME,Public Joint Stock Company Research and Production Corporation United Wagon Company,"Public Joint Stock Company Research and Production Corporation United Wagon Company engages in the freight car building business in Russia and internationally. The company offers gondolas, hoppers, tank cars, platforms, box and dump cars, bogies, car castings, bogie suspension springs, wheelsets, and flat cars. It also sells and leases railcars; generates power; and issues debt securities. In addition, the company provides goods transportation; utilities; and engineering and construction services. The company operates 72 service centers. Public Joint Stock Company Research and Production Corporation United Wagon Company was incorporated in 2011 and is based in Moscow, Russia.",RUB,Industrials,Transportation,Road & Rail,MCX,MISX,Moscow Exchange,Russia,,Moscow,119002,http://www.uniwagon.com,Mid Cap,RU000A0JVBT9,,BBG008HD3V85,BBG008HD3V85,BBG008HD3V76,True
VGSB.ME,Volgogradenergosbyt Public Joint-Stock Company,"Volgogradenergosbyt Public Joint-Stock Company purchases and sells electricity in the retail market for industrial and other consumers in Volgograd. The company was founded in 2005 and is based in Volgograd, Russia.",RUB,Utilities,Utilities,Electric Utilities,MCX,MISX,Moscow Exchange,Russia,,Volgograd,400001,http://www.energosale34.ru,Micro Cap,RU000A0D8L73,,BBG000FJ6LN3,BBG000FJ6LN3,BBG001SNDGG9,False
VGSBP.ME,Volgogradenergosbyt Public Joint-Stock Company RUB0.12 PRF(RUB),"Volgogradenergosbyt Public Joint-Stock Company RUB0.12 PRF(RUB) is a Russian energy company engaged in the distribution and sale of electricity. The company provides electricity to residential, commercial, and industrial customers in the Volgograd region. Volgogradenergosbyt is based in Russia.",RUB,Utilities,Utilities,,MCX,MISX,Moscow Exchange,Russia,,,,,,,,BBG000FJ6S03,BBG000FJ6S03,BBG001SNDQH6,False
VJGZ.ME,Public Joint Stock Company Varyoganneftegaz,"Public Joint Stock Company Varyoganneftegaz engages in the search, exploration, operation, production, and sale of oil, gas and gas condensate, petroleum products, and natural gas. It is also involved in the trade and procurement activities, as well as rental and management of owned and leased real estate; production and distribution of electricity; mining of common minerals, such as sand and peat; and production, transfer, and distribution of steam and hot water, as well as provides management services. The company was founded in 1993 and is based in Raduzhny, Russia. As of December 29, 2020, Public Joint Stock Company Varyoganneftegaz operates as a subsidiary of The Independent Petroleum Company.",RUB,Energy,Energy,"Oil, Gas & Consumable Fuels",MCX,MISX,Moscow Exchange,Russia,,Raduzhny,,http://www.varyeganneftegaz.ru,Small Cap,RU0009046460,,BBG002B9PYV7,BBG002B9PYV7,BBG001S6SMX8,False
VJGZP.ME,Public Joint Stock Company Varyoganneftegaz,"Public Joint Stock Company Varyoganneftegaz engages in the search, exploration, operation, production, and sale of oil, gas and gas condensate, petroleum products, and natural gas. It is also involved in the trade and procurement activities, as well as rental and management of owned and leased real estate; production and distribution of electricity; mining of common minerals, such as sand and peat; and production, transfer, and distribution of steam and hot water, as well as provides management services. The company was founded in 1993 and is based in Raduzhny, Russia. As of December 29, 2020, Public Joint Stock Company Varyoganneftegaz operates as a subsidiary of The Independent Petroleum Company.",RUB,Energy,Energy,"Oil, Gas & Consumable Fuels",MCX,MISX,Moscow Exchange,Russia,,Raduzhny,,http://www.varyeganneftegaz.ru,Small Cap,RU0007964789,,,,,False
VKCO.ME,VK International Public JS Com,"VK International Public JS Com is a company listed on the Moscow Exchange under the ticker VKCO. It operates in the Software industry within the Information Technology sector. The company is headquartered in Moscow, Russia.",RUB,Information Technology,Software & Services,Software,MCX,MISX,Moscow Exchange,Russia,,Moscow,125167,https://vk.company,Small Cap,RU000A106YF0,,BBG01JPFQH64,BBG01JPFQH64,BBG01JPFQHB8,False
VLHZ.ME,Public Joint Stock Company Vladimir Chemical Plant,"Public Joint Stock Company Vladimir Chemical Plant manufactures plastics for various industries in Russia. Its products include plasticized granulated polyvinylchloride, plasticized PVC sheet materials, RPVCs, PET films, polyethers, and fiberglass goods. The company was founded in 1931 and is based in Vladimir, Russia. Public Joint Stock Company Vladimir Chemical Plant is a subsidiary of Cheshor Enterprises Limited.",RUB,Materials,Materials,Chemicals,MCX,MISX,Moscow Exchange,Russia,,Vladimir,600000,http://www.vhz.su,Nano Cap,RU0007984761,,BBG000PTLZD3,BBG000PTLZD3,BBG001SRDXN5,False
VRSB.ME,"Public Joint-stock Company ""TNS energo Voronezh""","Public Joint-stock Company ""TNS energo Voronezh"" purchases and sells electricity to individuals in the retail electricity market of the region in Russia. The company also sells surplus electricity and capacity on the wholesale electricity market. The company was formerly known as Joint-stock company Voronezh energy selling company and changed its name to Public Joint-stock Company ""TNS energo Voronezh"" in June 2015. Public Joint-stock Company ""TNS energo Voronezh"" was incorporated in 2004 and is based in Voronezh, Russia.",RUB,Utilities,Utilities,Electric Utilities,MCX,MISX,Moscow Exchange,Russia,,Voronezh,394029,https://voronezh.tns-e.ru,Micro Cap,RU000A0DPG67,,BBG000JXYX33,BBG000JXYX33,BBG001SJHCG3,False
VRSBP.ME,"Public Joint-stock Company ""TNS energo Voronezh""","Public Joint-stock Company ""TNS energo Voronezh"" purchases and sells electricity to individuals in the retail electricity market of the region in Russia. The company also sells surplus electricity and capacity on the wholesale electricity market. The company was formerly known as Joint-stock company Voronezh energy selling company and changed its name to Public Joint-stock Company ""TNS energo Voronezh"" in June 2015. Public Joint-stock Company ""TNS energo Voronezh"" was incorporated in 2004 and is based in Voronezh, Russia.",RUB,Utilities,Utilities,Electric Utilities,MCX,MISX,Moscow Exchange,Russia,,,,,Micro Cap,,,BBG000JXYY95,BBG000JXYY95,BBG001SJHJQ7,False
VSMO.ME,public stock company VSMPO-AVISMA Corporation,"public stock company VSMPO-AVISMA Corporation produces and sells titanium in Russia and internationally. Its products include titanium, ferrotitanium, aluminum, and heat exchange equipment. The company serves aircraft construction, energy, oil and gas, building, medicine, and sports industries. public stock company VSMPO-AVISMA Corporation is based in Verkhnyaya Salda, Russia. As of April 5, 2021, the company operates as a subsidiary of Promishlennie Investitsii OOO.",RUB,Materials,Materials,Metals & Mining,MCX,MISX,Moscow Exchange,Russia,,Verkhnyaya Salda,624760,http://www.vsmpo.ru,Mid Cap,RU0009100291,,BBG004S68CV8,BBG004S68CV8,BBG001SB4187,False
VSYD.ME,Public joint-stock company Vyborg Shipyard,"Public joint-stock company Vyborg Shipyard operates as a shipbuilding company in the north-western region of Russia. The company is involved in the construction of small and medium tonnage vessels, icebreaking supply vessels, icebreakers, trawlers, and offshore drilling rigs. It also provides ship repair and upgrading services. The company was founded in 1948 and is based in Vyborg, Russia. Public joint-stock company Vyborg Shipyard operates as a subsidiary of OAO ""Western Shipbuilding Center"".",RUB,Industrials,Capital Goods,Aerospace & Defense,MCX,MISX,Moscow Exchange,Russia,,Vyborg,188800,http://www.vyborgshipyard.ru,Micro Cap,RU0006334372,,BBG003FD9Z83,BBG003FD9Z83,BBG001SRWKS7,False
VSYDP.ME,Public joint-stock company Vyborg Shipyard,"Public joint-stock company Vyborg Shipyard is a Russian shipbuilding company. It constructs various types of vessels and offshore structures. The company is located in Vyborg, Russia.",RUB,Industrials,Capital Goods,Aerospace & Defense,MCX,MISX,Moscow Exchange,Russia,,,,,Micro Cap,,,BBG003FD9YM0,BBG003FD9YM0,BBG001SRWKT6,False
VTBR.ME,VTB Bank (public joint-stock company),"VTB Bank (public joint-stock company), together with its subsidiaries, provides various banking products and services in Russia, OECD, and internationally. The company operates five segments: Corporate-Investment Banking, Medium and Small Banking, Retail Business, Treasury, and Other Business. It offers standard term deposits, structured deposits, promissory notes, and corporate overnight accounts, as well as placement of funds on current accounts; term loans, credit lines, overdraft loans, complex loan products, and consultancy services, as well as loans to the mining industry; and credit operations through remote banking systems. The company also provides cash management products and services; guarantees and letter of credits; documentary and clean collection services; pooling products ; factoring, leasing, pension fund, and registrar services; insurance solutions for corporates and small businesses; investment products and services, including debt and equity capital market products, corporate finance, FX and rates, securitization, commodities, credit derivatives, equities, derivatives, equity repo and structured finance, private equity and special situation solutions, infrastructure and project finance, and portfolio management services; and depository services. In addition, it offers cash and settlement, payment cards, payment processing, custody, syndication, trade and export finance, anti-money laundering and counter terrorist financing policies, construction and development services, treasury, electronic banking, and corporate cards. VTB Bank has strategic partnership with Rostelecom Secures to develop data centers and cloud business. VTB Bank (public joint-stock company) was founded in 1990 and is headquartered in Moscow, Russia.",RUB,Financials,Banks,Banks,MCX,MISX,Moscow Exchange,Russia,,Moscow,109147,http://www.vtb.com/o-banke,Mid Cap,RU000A0JP5V6,,BBG004730ZJ9,BBG004730ZJ9,BBG001S8N931,False
VZRZP.ME,Vozrozhdenie Bank (PJSC),"Vozrozhdenie Bank (PJSC) provides various banking products and services to individuals, small business customers, corporate clients, and financial institutions in Russia. It operates through Corporate and Investment Business, Small and Medium Business, Retail Business, Treasury, and Other segments. The company offers checking and current accounts, demand and time deposits, and certificates of deposit; corporate portfolio, corporate, retail portfolio, mortgage, consumer, car, bank card, and individual loans, as well as loans to small and medium-sized enterprises; guarantee and overdraft facilities; letters of credit; international finance; and cards. It also provides transfer and payment, currency exchange, remote banking, acquisition, cash collection, leasing, factoring, refinancing, trade finance, funds management, securities, and custodian services, as well as internet and mobile banking services; and currency buying, selling, and execution services. It operates through 116 offices and 750 ATMs. The company was founded in 1991 and is headquartered in Moscow, Russia. Vozrozhdenie Bank (PJSC) is a subsidiary of VTB Bank (PJSC).",RUB,Financials,Banks,Banks,MCX,MISX,Moscow Exchange,Russia,,Moscow,101990,http://www.vbank.ru,Micro Cap,,,,,,False
WTCM.ME,Joint Stock Company World Trade Center Moscow,"Joint Stock Company ""World Trade Center Moscow"" operates as a multifunctional business complex in Russia. It provides congress, exhibition, office, hotel, and restaurant services. The company also offers events development services, including the planning, development, and organization of corporate and special events; and operates venues for international conventions, forums and conferences, meetings, exhibitions, dance and sports festivals, weddings, private events, team building, fashion shows, and car demonstrations. In addition, it operates Crowne Plaza, a business hotel; Mezhdunarodnaya, an apartment hotel; Erydan apartment blocks; Holiday Inn Express Moscow – Khovrino hotel; and restaurants, cafes, and bars. The company is based in Moscow, Russia.",RUB,Real Estate,Real Estate,Real Estate Management & Development,MCX,MISX,Moscow Exchange,Russia,,Moscow,123610,http://www.wtcmoscow.ru,Micro Cap,RU0008137070,,BBG000TG6T57,BBG000TG6T57,BBG001SS4CK2,False
WTCMP.ME,Joint Stock Company World Trade Center Moscow RUB1 PRF(RUB),"Joint Stock Company World Trade Center Moscow RUB1 PRF(RUB) is a company that owns and operates the World Trade Center in Moscow, Russia. The center provides office space, conference facilities, and other services for international businesses. The company generates revenue through rentals and service fees.",RUB,Real Estate,Real Estate,,MCX,MISX,Moscow Exchange,Russia,,,,,Micro Cap,,,BBG000TG6VR8,BBG000TG6VR8,BBG001SS4CL1,False
WUSH.ME,WHOOSH Holding,"WHOOSH Holding is a company listed on the Moscow Exchange under the ticker WUSH. The company is headquartered in Moscow, Russia.",RUB,,,,MCX,MISX,Moscow Exchange,Russia,,Moscow,125319,https://whoosh.bike,Nano Cap,RU000A105EX7,,BBG01GLCR3Q9,BBG01GLCR3Q9,BBG01GLCR3V3,False
YAKG.ME,Public Joint Stock Company Yakutsk Fuel and Energy Company,"Public Joint Stock Company Yakutsk Fuel and Energy Company engages in the exploration, extraction, processing, and selling of natural gas, gas condensate, and liquefied petroleum gas in the Republic of Sakha. The company also develops in the Srednevilyuiskoe and Mastakhskoe gas condensate fields, as well as produces and sells motor fuels. It operates 16 fuel stations and 4 gas stations. The company also exports its products. The company was founded in 1963 and is based in Yakutsk, Russia. Public Joint Stock Company Yakutsk Fuel and Energy Company is a subsidiary of A-PROPERTI, OOO.",RUB,Energy,Energy,"Oil, Gas & Consumable Fuels",MCX,MISX,Moscow Exchange,Russia,,Yakutsk,678214,http://www.yatec.ru,Small Cap,RU0007796819,,BBG002B298N6,BBG002B298N6,BBG001S7S082,False
YDEX.ME,MKPAO Yandex,"MKPAO Yandex is a company listed on the Moscow Exchange under the ticker YDEX. It operates in the Interactive Media & Services industry within the Communication Services sector. The company is headquartered in Moscow, Russia.",RUB,Communication Services,Media & Entertainment,Interactive Media & Services,MCX,MISX,Moscow Exchange,Russia,,Moscow,119021,https://yandex.com,Large Cap,RU000A107T19,,BBG01NSDQL68,BBG01NSDQL68,BBG01NSDQLS4,False
YKEN.ME,Public joint stock company Yakutskenergo,"Public joint stock company Yakutskenergo engages in the production, transportation, and marketing of electricity and thermal energy in the Republic of Sakha. The company generates electricity through diesel, thermal, wind, and solar power plants. It also engages in the repair and construction of equipment, heating networks, and overhead lines. As of January 1, 2020, it had an installed electric capacity of 1,138.510 MW; and heat capacity of 1,723.651 Gcal/h. The company was incorporated in 1996 and is based in Yakutsk, Russia.",RUB,Utilities,Utilities,Electric Utilities,MCX,MISX,Moscow Exchange,Russia,,Yakutsk,677009,http://www.yakutskenergo.ru,Micro Cap,RU0009257075,,BBG000HJXDM0,BBG000HJXDM0,BBG001SB9W93,False
YKENP.ME,Public joint stock company Yakutskenergo,"Public joint stock company Yakutskenergo engages in the production, transportation, and marketing of electricity and thermal energy in the Republic of Sakha. The company generates electricity through diesel, thermal, wind, and solar power plants. It also engages in the repair and construction of equipment, heating networks, and overhead lines. As of January 1, 2020, it had an installed electric capacity of 1,138.510 MW; and heat capacity of 1,723.651 Gcal/h. The company was incorporated in 1996 and is based in Yakutsk, Russia.",RUB,Utilities,Utilities,Electric Utilities,MCX,MISX,Moscow Exchange,Russia,,Yakutsk,677009,http://www.yakutskenergo.ru,Micro Cap,,,BBG000PQYM17,BBG000PQYM17,BBG001SP4JY8,False
YNDX.ME,Yandex N.V.,"Yandex N.V., an internet and technology company, provides internet search engine in Russia and internationally. It offers geolocation services, such as Yandex.Maps, Yandex.Navigator, Yandex.Auto, and Yandex.Routing; Yandex.Mail services; Yandex.Disk, a cloud-based storage service; Yandex.Telemost, a video conferencing service; Yandex.Calendar and and Yandex.Notes offers correspondence, time tracking, document management, and conferencing services; Yandex.News, an online news aggregation service; Yandex.Weather hyperlocal weather information services; Yandex Browser for desktops and mobile platforms; and Yandex Search Apps. The company also provides Yandex.Direct, an auction-based advertising placement platform; Yandex Advertising Network service; Yandex.Radar, a market analytics tool; mobile advertising products; Yandex.Metrica, a web analytics system; Yandex.Market, an e-commerce service; Yandex.Station, a smart speaker; Alice, a voice assistant; Yandex.Uslugi that helps to find professionals; and Yandex.Q, a community of experts to share knowledge. In addition, it offers Yandex.Taxi, a ride-sharing service; Auto.ru for used and new cars, commercial vehicles, and spare parts; Yandex.Realty, a real estate classifieds platform; Yandex.Jobs, a job search Website; and Yandex.Travel, a travel aggregator service. Further, it provides KinoPoisk, a Russian language source for movies, TV shows, celebrity content, and entertainment news; Yandex.Music, a music streaming service; Yandex.Afisha to buy tickets to cinemas, theaters, and concerts online; Yandex Plus; Yandex.Studio; and Yandex.TV Program that provides up to date schedule of broadcast, cable and digital TV channels, as well as an option to view certain TV channels online. Additionally, it offers Yandex Zen, a personal recommendation service; Yandex.Cloud, a cloud platform; and Yandex.Drive, a free-floating car-sharing service. The company was incorporated in 2004 and is based in Schiphol, the Netherlands.",RUB,Communication Services,Media & Entertainment,Interactive Media & Services,MCX,MISX,Moscow Exchange,Netherlands,,Schiphol,1118 BG,http://ir.yandex.com,Large Cap,NL0009805522,,BBG006L8G4J9,BBG006L8G4H1,BBG001TBY593,True
YRSB.ME,Public Joint Stock Company TNS Energo Yaroslavl,"Public Joint Stock Company TNS Energo Yaroslavl supplies electricity to the wholesale and retail markets in Russia. It sells electricity to residents and businesses. The company was formerly known as Open Joint Stock Company Yaroslavl Retail Company and changed its name to Public Joint Stock Company TNS Energo Yaroslavl in June 2015. The company was founded in 1936 and is based in Yaroslavl, Russia. Public Joint Stock Company TNS Energo Yaroslavl is a subsidiary of Public Joint Stock Company Group of Companies TNS energo.",RUB,Utilities,Utilities,Electric Utilities,MCX,MISX,Moscow Exchange,Russia,,Yaroslavl,150003,http://www.yar.tns-e.ru,Micro Cap,RU000A0D8760,,BBG000DG57V4,BBG000DG57V4,BBG001SLWTY4,False
YRSBP.ME,Public Joint Stock Company TNS Energo Yaroslavl RUB1 PRF(RUB),,RUB,,,,MCX,MISX,Moscow Exchange,Russia,,,,,Nano Cap,,,BBG000DG5L16,BBG000DG5L16,BBG001SMKGR1,False
ZAYM.ME,Zaymer JSC,"Zaymer JSC is a company listed on the Moscow Exchange under the ticker ZAYM. It operates in the Capital Markets industry within the Financials sector. The company is headquartered in Novosibirsk, Russia.",RUB,Financials,Diversified Financials,Capital Markets,MCX,MISX,Moscow Exchange,Russia,,Novosibirsk,630099,https://zaymer.ru,Micro Cap,RU000A107RM8,,BBG01MF1CYX7,BBG01MF1CYX7,BBG01MF1CZ55,False
ZILL.ME,Public Joint-Stock Company The Likhachov Plant,"Public Joint-Stock Company The Likhachov Plant produces and sells automobiles in Russia. It offers cars and spare parts. The company was founded in 1916 and is based in Moscow, Russia.",RUB,Industrials,Capital Goods,Machinery,MCX,MISX,Moscow Exchange,Russia,,Moscow,115280,http://www.amo-zil.ru/en/,Micro Cap,RU0009086193,,,,,False
ZVEZ.ME,Public Joint Stock Company Zvezda,"Public Joint Stock Company Zvezda develops, manufactures, and sells diesel engines for shipbuilding, rail transport, diesel generators, and industrial units in Russia. It offers high-speed diesel engines and units, ship-reduction and reverse-reduction transmissions, ship and industrial diesel generators, emergency-reserve power plants, and energy equipment for marine equipment, as well as heavy ship gearboxes. The company also provides master-mounting, start-up, maintenance, spare part, repair, training, and consultation services related to its diesel engines; and aluminum casting and mechanical processing services. Public Joint Stock Company Zvezda was founded in 1932 and is based in Saint Petersburg, Russia.",RUB,Consumer Discretionary,Automobiles & Components,Auto Components,MCX,MISX,Moscow Exchange,Russia,,Saint Petersburg,192012,http://www.zvezda.spb.ru,Nano Cap,RU0009091300,,BBG002BHRT66,BBG002BHRT66,BBG001SD4FP3,False
