symbol,name,summary,currency,sector,industry_group,industry,exchange,mic,market,country,state,city,zipcode,website,market_cap,isin,cusip,figi,composite_figi,shareclass_figi,delisted
1010.SR,Riyad Bank,"Riyad Bank provides various banking products and services in the Kingdom of Saudi Arabia. The company operates through Retail Banking, Investment Banking and Brokerage, Corporate Banking, and Treasury and Investments segments. The Retail Banking segment offers deposits, credit, and investment products for individuals and small to medium sized businesses. The Investment Banking and Brokerage segment provides investment management services; and asset management services related to dealing, managing, arranging, advising, and custody of securities. The Corporate Banking segment offers current accounts, deposits, loans, overdrafts, and other credit facilities. The Treasury and Investments segment offers money market, trading, and treasury and derivative products and services, as well as manages investment portfolios. The company also provides saving account and term deposit products; personal, car, and home finance; Islamic banking products and services; and digital banking services. In addition, it owns, buys, and sells real estate; and acts as an agent for insurance products. It operates through a network of approximately 341 branches in the Kingdom of Saudi Arabia; a branch in London, the United Kingdom; an agency in Houston, the United States; and a representative office in Singapore. Riyad Bank was founded in 1957 and is headquartered in Riyadh, the Kingdom of Saudi Arabia.",SAR,Financials,Banks,Banks,SAU,XSAU,Saudi Arabian Stock Exchange,Saudi Arabia,,Riyadh,11416,http://www.riyadbank.com,Large Cap,SA0007879048,,BBG000H1XBB5,BBG000H1X9S2,BBG001SHJ6Z7,False
1020.SR,Bank AlJazira,"Bank AlJazira provides a range of Shari'ah compliant banking products and services for individuals, corporates, small to medium sized businesses, and institutions in the Kingdom of Saudi Arabia. The company operates through Personal Banking, Corporate Banking, Treasury, Brokerage and Asset Management, and Takaful Ta'awuni segments. It offers various personal banking products and services, including saving and current accounts; real estate and personal financing services; safety deposits; money transfer; investment products; and ladies and e-banking services. The company also provides Islamic funding services; global transaction services, such as cash management, trade financing, and corporate payroll services; syndication financing services; and commercial and online banking services, as well as services for the public sector and financial institutions. In addition, it offers investment banking services comprising brokerage and asset management services, as well as corporate investment banking services through initial public offerings, private placement, capital increase, and underwriting. Further, the company provides private banking products and services, including ATM and credit cards, safe deposit lockers, trading commission, foreign currency exchange, short term deposits, and structured products; real-estates investments; wealth management services; and treasury services, including naqa'a and thrift saving programs, foreign exchange, FX forward, structured products, and hedging solutions, as well as margin financing services. As of December 31, 2020, it operated a network of 79 branches and 62 Fawri remittance centers. The company was incorporated in 1975 and is headquartered in Jeddah, the Kingdom of Saudi Arabia.",SAR,Financials,Banks,Banks,SAU,XSAU,Saudi Arabian Stock Exchange,Saudi Arabia,,Jeddah,,http://www.bankaljazira.com,Mid Cap,SA0007879055,,BBG000FRFVZ0,BBG000FRFVK6,BBG001SHJ703,False
1030.SR,The Saudi Investment Bank,"Established in 1976 and headquartered in Riyadh, Kingdom of Saudi Arabia, The Saudi Investment Bank (SAIB) delivers a broad spectrum of commercial and retail banking services. It caters to a diverse client base across Saudi Arabia, including individual consumers, small and medium-sized enterprises (SMEs), and both corporate and institutional customers. The bank organizes its operations into distinct segments: Retail Banking, Corporate Banking, Treasury and Investments, and Asset Management and Brokerage. SAIB's offerings include various account types such as current, salary, Murabaha, and escrow accounts, alongside time deposits. It provides extensive financing solutions, encompassing working capital, Shariah-compliant facilities, contract and project funding, real estate development, home and personal loans, secured lending, trade finance, and syndicated loans. Beyond core banking, the institution is involved in money market activities and international trade services, and offers a full suite of securities services including dealing, management, advisory, and custody. Additional services range from structured products, liquidity management, foreign exchange, treasury and investment solutions, and trade and business finance, to secured finance and cash management. Customers can also access marine cargo insurance, a variety of debit, prepaid, and credit cards, as well as digital banking through internet and phone platforms, payroll services, and efficient payment and transfer and ATM/cash deposit facilities. As of December 31, 2020, SAIB's extensive network comprised 52 branches, 368 ATMs, and 9,800 point-of-sale (POS) terminals.",SAR,Financials,Banks,Banks,SAU,XSAU,Saudi Arabian Stock Exchange,Saudi Arabia,,Riyadh,11481,https://www.saib.com.sa,Mid Cap,SA0007879063,,BBG000BZXX46,BBG000BZXWS2,BBG001SD9GH5,False
1050.SR,Banque Saudi Fransi,"Banque Saudi Fransi provides banking and financial services in the Kingdom of Saudi Arabia and internationally. Its deposit products include demand accounts, saving accounts, current accounts, money market deposits, term deposits, and notice deposits, as well as mada Pay and Apple Pay products. The company's loan portfolio comprises home and personal loans, consumer loans, overdrafts, corporate finance, working capital finance, contract finance, structured finance, trade finance, Islamic finance, project finance, and credit and debit cards, as well as other credit facilities. It also provides forex and derivative products; treasury services, such as trading activities, investment securities, capital markets, and bank's funding operations; and cash and wealth management services. In addition, the company provides investment management services; asset management activities related to dealing, managing, arranging, advising, and custody of securities; retail investment products; international and brokerage services; education, retirement, travel protection, and car protection insurance plans; and ATM, and Islamic and e-banking services. It operates through a network of 87 branches. Banque Saudi Fransi founded in 1977 and is headquartered in Riyadh, the Kingdom of Saudi Arabia.",SAR,Financials,Banks,Banks,SAU,XSAU,Saudi Arabian Stock Exchange,Saudi Arabia,,Riyadh,11554,http://www.alfransi.com.sa,Large Cap,SA0007879782,,BBG000DHFD02,BBG000DHFCH6,BBG001SHJ7H5,False
1060.SR,Saudi Awwal Bank,"Established in Riyadh, Kingdom of Saudi Arabia, in 1978, Saudi Awwal Bank is a leading financial institution that delivers a broad spectrum of banking and financial solutions throughout the Kingdom. The bank strategically manages its operations across several key divisions, including Retail Banking, Corporate and Institutional Banking, and Treasury, along with other supporting segments. For individual clients, its extensive offerings feature various account types, such as current, savings, and commodity investment options; diverse personal and home financing solutions, including loans secured by cash deposits; a comprehensive range of credit, debit, and prepaid cards; and in-depth wealth management services. These wealth services cover asset management, brokerage, securities, investment banking advisory, debt capital markets, project and export finance, equity research, and Takaful (Islamic insurance) services. Additionally, it provides efficient payments and transfer capabilities, exclusive private banking, secure safe deposit lockers, and convenient digital banking access via online, mobile, and telephone channels. Businesses can access deposit accounts, a variety of credit facilities, and specialized business credit cards. The bank also offers advanced liquidity and cash management services, encompassing collection, payment, and point-of-sale solutions. Its trade and receivables finance capabilities include import/export services, guarantees, and tailored structured trade solutions. Investment banking advisory, derivatives trading, repurchase agreements, and Sharia-compliant financial products are also fundamental components of its corporate services. Beyond its core banking activities, Saudi Awwal Bank functions as an insurance agent and engages in the purchasing, selling, and leasing of land and real estate properties. The bank serves its clientele across Saudi Arabia through an extensive network of 108 branches.",SAR,Financials,Banks,Banks,SAU,XSAU,Saudi Arabian Stock Exchange,Saudi Arabia,,Riyadh,13325,https://www.sab.com,Large Cap,SA0007879089,,BBG000FRFYJ2,BBG000FRFY11,BBG001SHJ7R4,False
1080.SR,Arab National Bank,"Arab National Bank, founded in Riyadh, Saudi Arabia in 1979, functions as a comprehensive financial services provider. The institution operates through its core divisions: Retail Banking, Corporate Banking, Treasury, and Investment and Brokerage Services. For individual customers, the bank offers diverse account options, including current, savings, Murabaha, and time deposits. It also provides personal, car lease, and real estate financing, consumer credit advisory services, and both credit and debit cards. ANB extends a broad spectrum of services to its corporate and institutional clients, encompassing credit lines, various loan types, specialized financing for foreign exchange and precious metals, letters of credit, letters of guarantee, and margin trading facilities. The bank additionally delivers cash management, professional treasury, and foreign exchange services, facilitates wire transfers, and provides custody and safekeeping solutions. Islamic banking products are also available. Beyond conventional offerings, ANB's credit-related services include overdrafts, revolving short, medium, and long-term loans, discounted bills, bonding, documentary credit acceptances, and collections. Its product portfolio further features project, contract, and bridge loans, working capital/trade loans, guarantees, and hedging facilities. Through its Investment and Brokerage segment, the bank provides access to mutual funds, margin and equity trading, and private equity services. ANB is also actively involved in asset management, covering the dealing, managing, arranging, advising on, and safeguarding of securities, in addition to general investment management services. Its operations also encompass the leasing of heavy equipment and engaging in property transactions such as purchasing, selling, and leasing land and real estate. Catering to individuals, corporations, institutional clients, and small to medium-sized businesses, Arab National Bank operates an expansive network of 131 branches across the Kingdom of Saudi Arabia, complemented by an international branch in the United Kingdom.",SAR,Financials,Banks,Banks,SAU,XSAU,Saudi Arabian Stock Exchange,Saudi Arabia,,Riyadh,11564,https://www.anb.com.sa,Large Cap,SA0007879105,,BBG000FRFZ09,BBG000FRFYR3,BBG001SHJ847,False
1090.SR,Samba Financial Group,"Samba Financial Group provides various banking products and services. The company operates through four segments: Consumer Banking, Corporate Banking, Treasury, and Investment Banking. The Consumer Banking segment offers individual customer time deposits, current, call, and savings accounts, as well as credit cards, retail investment products, and individual and consumer loans. The Corporate Banking segment provides corporate time deposits, current and call accounts, overdrafts, loans and other credit facilities, and corporate advisory services, as well as derivative portfolios. The Treasury segment primarily manages money market, foreign exchange, commission rate trading, and derivatives for corporate and institutional customers. The Investment Banking segment is involved in the investment management and asset management activities related to dealing, managing, arranging, advising, and custody businesses. The company also offers Islamic banking products, as well as manages real estate projects; and provides debit cards and online banking services. It operates 73 branches in the Kingdom of Saudi Arabia; and two overseas branches. Samba Financial Group was founded in 1955 and is headquartered in Riyadh, the Kingdom of Saudi Arabia. As of April 1, 2021, Samba Financial Group was acquired by The National Commercial Bank.",SAR,Financials,Banks,Banks,SAU,XSAU,Saudi Arabian Stock Exchange,Saudi Arabia,,Riyadh,11421,http://www.samba.com,Large Cap,,,,,,False
1111.SR,Saudi Tadawul Group Holding Company,"Through its network of subsidiaries, Saudi Tadawul Group Holding Company facilitates the official listing and active trading of financial instruments for both domestic and international investors within the Kingdom of Saudi Arabia. The group is responsible for establishing and overseeing the foundational infrastructure for securities exchange. Additionally, it provides essential services such as the secure custody and official registration of securities ownership, the efficient clearing and settlement of transactions, and the wide dissemination of market information. Its service offerings extend to remote electronic voting (e-voting), comprehensive reporting, timely notifications, and data management solutions. The company also actively supports the trading of a diverse array of financial products in the Saudi capital market, including equities, various debt instruments (Sukuk and bonds), exchange-traded funds (ETFs), real estate investment trusts (REITs), mutual funds, and other investment vehicles. Furthermore, its portfolio encompasses robust risk management and trade clearing solutions, complemented by advanced technology services. Established in 2021, the company maintains its primary operations in Riyadh, Saudi Arabia.",SAR,Financials,Diversified Financials,Capital Markets,SAU,XSAU,Saudi Arabian Stock Exchange,Saudi Arabia,,Riyadh,13519,https://www.tadawulgroup.sa,Mid Cap,SA15DHKGHBH4,,BBG013TCL3T3,BBG013PM4JC7,BBG013PM4JF4,False
1120.SR,Al Rajhi Banking and Investment Corporation,"Al Rajhi Banking and Investment Corporation, together with its subsidiaries, engages in banking and investment activities in the Kingdom of Saudi Arabia and internationally. The company operates through four segments: Retail, Corporate, Treasury, and Investment Services and Brokerage. It offers current, affluent, private, ladies, business, and escrow accounts; personal, auto, home, car, real estate, fleet, payroll, POS merchant, contract, invoice, and working capital finance services; credit and debit cards; and vehicle, property, family protection, medical, personal accident, travel, marine and cargo, engineering, machinery breakdown, and professional liability insurance products. The company also provides documentary collection, letters of credit, letters of guarantee, supply chain finance, and e-trade services; cash management services; and investment products. In addition, it offers various corporate products, such as Bai Al Ajel, a financing facility that provides cash to customers; Murabaha contracts that allow customers to purchase raw materials, capital goods, and other consumables from local and international markets; Musharaka that enables customers to import goods and equipment; Istisnaa for financing real estate projects; Akar for investing in properties; and Erad that provides credit facilities against the assignment of rental income for a specific period for those interested in financing a real estate purchase. Further, the company provides treasury products, including direct investment, FX, gold trading, and bank notes; and mutual funds, investment, and local and international share trading services. It operates through a network of 591 branches. The company was founded in 1957 and is headquartered in Riyadh, the Kingdom of Saudi Arabia.",SAR,Financials,Banks,Banks,SAU,XSAU,Saudi Arabian Stock Exchange,Saudi Arabia,,Riyadh,12263-2743,http://www.alrajhibank.com.sa,Large Cap,SA0007879113,,BBG000FBK1L0,BBG000FBK0W0,BBG001SG58J8,False
1140.SR,Bank Albilad,"Bank Albilad provides various banking products and services in the Kingdom of Saudi Arabia. It operates through Retail Banking, Corporate Banking, Treasury, and Investment Banking and Brokerage segments. The Retail Banking segment offers deposits, financing, remittances, and currency exchange products and services to individuals. The Corporate Banking segment provides deposits, financing, and trade services to corporate customers. The Treasury segment offers money market and treasury services. The Investment Banking and Brokerage segment offers investment management services; and undertakes asset management activities related to dealing, managing, arranging, advising, and custody of securities. It also provides payroll payment and vendor registration services; and debit, credit, medad, and household labor cards, as well as e-services. It operates through a network of 111 banking branches and 177 exchange and remittance centers. The company was founded in 2004 and is headquartered in Riyadh, the Kingdom of Saudi Arabia.",SAR,Financials,Banks,Banks,SAU,XSAU,Saudi Arabian Stock Exchange,Saudi Arabia,,Riyadh,3952-12711,http://www.bankalbilad.com,Mid Cap,SA000A0D9HK3,,BBG000DQQJC4,BBG000DQQHL8,BBG001SN49D8,False
1150.SR,Alinma Bank,"Alinma Bank provides banking and investment services in the Kingdom of Saudi Arabia. It operates through Retail Banking, Corporate Banking, Treasury, and Investment and Brokerage segments. The company provides various retail services, including current, family, education, and savings accounts; self-service banking, such as internet, mobile, and phone banking services; debit, credit, traveler, and prepaid cards; point of sale services; car, real estate, personal, and education financing; and bill payment services. It also offers treasury, letters of guarantee, documentary collection, import and export letters of credit, and guarantee verification services; cash management services; corporate partner services; finance and investment products; financial services to small and medium enterprises (SMEs); and payroll management, point of sale, and payment gateway services. In addition, the company provides investment management, asset management, custodianship, advisory, underwriting, and brokerage services; and operates as an insurance agent. Alinma Bank offers its services to individuals, corporates, SMEs, and institutional customers. As of December 31, 2020, the company served through its network of 98 branches. Alinma Bank was founded in 2006 and is headquartered in Riyadh, the Kingdom of Saudi Arabia.",SAR,Financials,Banks,Banks,SAU,XSAU,Saudi Arabian Stock Exchange,Saudi Arabia,,Riyadh,11586,http://www.alinma.com,Large Cap,SA122050HV19,,BBG000LJBVT2,BBG000LJBVF7,BBG001SQ21F8,False
1180.SR,The Saudi National Bank,"The Saudi National Bank is a leading provider of diverse banking and financial services within Saudi Arabia. Its operations are organized into four core divisions: Retail, Wholesale, Capital Market, and International. The Retail division delivers banking solutions, including lending and current accounts, alongside Shariah-compliant products, to individual consumers and private banking clients. The Wholesale segment extends conventional credit facilities and various financing options to small, medium, and large-scale businesses and corporations. This segment also manages a spectrum of treasury and correspondent banking functions, encompassing money market transactions and foreign exchange, in addition to conducting investment and trading activities and mitigating associated liquidity, market, and credit risks. The Capital Market segment specializes in wealth management, asset management, investment banking, and stock brokerage services. Internationally, the bank's International segment provides banking services outside Saudi Arabia. Beyond its primary banking activities, the company also distributes and markets Islamic insurance offerings, functions as a private equity and hedge fund, issues bonds, invests in and manages real estate development ventures, and engages in trading derivatives and repos/reverse repos. Additional services include recruitment and trade finance. Customers also have access to essential amenities such as debit and credit cards, comprehensive online and mobile banking platforms, safe deposit boxes, efficient cash management, and currency exchange services. The Saudi National Bank boasts an extensive domestic presence with 506 branches, 12 retail service centers, 7 corporate service centers, and 130 QuickPay remittance centers across Saudi Arabia. Globally, it maintains four overseas branches in the Kingdom of Bahrain, the United Arab Emirates, Qatar, and the Republic of Singapore. Founded in 1953 and headquartered in Riyadh, Saudi Arabia, the institution was formerly known as The National Commercial Bank, adopting its current name, The Saudi National Bank, in April 2021.",SAR,Financials,Banks,Banks,SAU,XSAU,Saudi Arabian Stock Exchange,Saudi Arabia,,Riyadh,13519-6676,https://www.alahli.com,Large Cap,SA13L050IE10,,BBG0069P8N84,BBG000R504J9,BBG001SQW0V9,False
1182.SR,Amlak International for Real Estate Finance Company,"Amlak International for Real Estate Finance Company provides real estate finance in Saudi Arabia. The company operates through Retail and Corporate segments. It also provides finance products to small and medium sized businesses, and individuals; and financing products to corporate, high net worth individuals, and institutional customers. Amlak International for Real Estate Finance Company was founded in 2007 and is headquartered in Riyadh, the Kingdom of Saudi Arabia.",SAR,Financials,Banks,Thrifts & Mortgage Finance,SAU,XSAU,Saudi Arabian Stock Exchange,Saudi Arabia,,Riyadh,,http://www.amlakint.com,Micro Cap,SA153G80IF11,,BBG00R94W8D5,BBG00R94W8C6,BBG00R94W8F3,False
1183.SR,SHL Finance Co.,"Saudi Home Loans Company (SHL Finance Co.) specializes in providing real estate financing solutions to individuals throughout the Kingdom of Saudi Arabia. Its services include funding the acquisition of various residential properties, such as houses, land plots, and apartments. The company also offers financial backing for real estate developments undertaken by specialized firms, and supports the establishment of commercial and industrial projects. Founded in 2007, the firm is headquartered in Riyadh, Saudi Arabia.",SAR,Financials,Banks,Thrifts & Mortgage Finance,SAU,XSAU,Saudi Arabian Stock Exchange,Saudi Arabia,,Riyadh,11417,https://shlfinance.com,Small Cap,SA15HG50IFH7,,BBG015PBXZZ3,BBG015PBXZY4,BBG015PBY007,False
1201.SR,Takween Advanced Industries,Takween Advanced Industries is a Saudi Arabian company. It manufactures and distributes plastic packaging products. The company's headquarters are located in Saudi Arabia.,SAR,Materials,Materials,Containers & Packaging,SAU,XSAU,Saudi Arabian Stock Exchange,Taiwan,,,,https://www.takweenai.com,Micro Cap,SA130G50IOH8,,BBG002C5YFY2,BBG002C5YFX3,BBG002C5YFZ1,False
1202.SR,Middle East Company for Manufacturing and Producing Paper,"Middle East Company for Manufacturing and Producing Paper, together with its subsidiaries, produces and sells container boards and industrial papers in the Kingdom of Saudi Arabia, the Middle East, Africa, Asia, and Europe. The company operates through two segments, Manufacturing and Trading. It offers MEPFLUTE high performance fluting, MEPLINER test liner, MEPDUAL dual use, MEPKRAFT Kraft liner board, and MEPWHITE white top test liner products for use in beverages, consumer durables, detergents, industrial goods, and processed food industries. The company also provides MEPCHEM semi-chemical fluting products for frozen and fresh food applications; MEPLAMINATE absorbent Kraft products for laminated furniture and shelves, and counters and floors; and MEPGYPSUM plasterboard liners for interior wall lining systems. In addition, it offers MEPCORE core boards for film, tape and label, textiles, and paper applications. Further, the company is involved in the wholesale and retail of paper and used paper, carton, and plastic waste products. Middle East Company for Manufacturing and Producing Paper was founded in 2000 and is based in Jeddah, Saudi Arabia.",SAR,Materials,Materials,Paper & Forest Products,SAU,XSAU,Saudi Arabian Stock Exchange,Saudi Arabia,,Jeddah,21438,http://www.mepco.biz,Small Cap,SA13Q050IP16,,BBG0089NBR82,BBG0089NBR64,BBG0089NBR73,False
1210.SR,Basic Chemical Industries Company,"Basic Chemical Industries Company (BCI), founded in 1973 and based in Dammam, Saudi Arabia, operates as a key manufacturer and supplier of chemical products, primarily within the Kingdom. Its operations are structured across two main divisions: Chemicals, and Adhesives and Other Materials. BCI offers a diverse portfolio of products, including hydrochloric acid, caustic soda, chlorine gas, sodium hypochlorite, and polyurethane chemicals, alongside ferric chloride, hot and cold melt adhesives, and sulfuric acid, which serve numerous industrial applications. Beyond manufacturing, the company's activities span the full chemical supply chain, encompassing sourcing, formulation, processing, international trade (import and export), marketing, distribution, and acting as an agent for chemical sales.",SAR,Materials,Materials,Chemicals,SAU,XSAU,Saudi Arabian Stock Exchange,Saudi Arabia,,Dammam,31431,https://bci.sa,Micro Cap,SA122GF0IT17,,BBG000TDR946,BBG000TDR8G5,BBG001T006C8,False
1211.SR,Saudi Arabian Mining Company (Ma'aden),"Saudi Arabian Mining Company (Ma'aden), together with its subsidiaries, operates as a multi-commodity mining company in the Kingdom of Saudi Arabia and internationally. It operates through Phosphate, Aluminium, and Precious and Base Metals segments. The company primarily mines for gold, phosphate rock, bauxite, low-grade bauxite, kaolin, and magnesite, as well as copper, zinc, and silver concentrates. It principally holds interests in the Mahd Ad-Dahab, Bulghah, Al-Amar, Sukhaybarat, As Suq, Ad Duwayhi, Al-Jalamid, Al-Khabra, Az Zabirah, Al-Ghazallah, and Al-Ba'itha mines. The company also produces aluminum ingots, T-shape ingots, slabs, sheets, and billets; and urea, phosphate, and potassium fertilizer, as well as manages and develops infrastructure projects. Saudi Arabian Mining Company (Ma'aden) was founded in 1997 and is based in Riyadh, the Kingdom of Saudi Arabia.",SAR,Materials,Materials,Metals & Mining,SAU,XSAU,Saudi Arabian Stock Exchange,Saudi Arabia,,Riyadh,11537,http://www.maaden.com.sa,Large Cap,SA123GA0ITH7,,BBG000F7XXT7,BBG000F7XXC5,BBG001SL2891,False
1212.SR,Astra Industrial Group Company,"Astra Industrial Group Company functions as a diversified holding entity, conducting its operations globally through a network of subsidiaries. Its extensive international reach encompasses the Kingdom of Saudi Arabia, various parts of Africa, the United States, Asia, and Europe. The company's broad portfolio of activities includes: Pharmaceuticals: Engaging in the research, production, marketing, and distribution of both branded generic and licensed medicinal products. These address critical therapeutic areas, including central nervous system conditions, cardiovascular health, infectious diseases, respiratory illnesses, and musculoskeletal system disorders. Specialty Chemicals: Manufacturing key ingredients such as masterbatches, dust-free additives, customized thermoplastic compounds, and a variety of liquid and paste colorants, primarily serving the polymer processing, manufacturing, and converting sectors. Agriculture: Producing, importing, and distributing a wide array of agrochemicals, fertilizers, pesticides for public health and veterinary use, seeds, and other essential agricultural supplies. Power and Steel: Producing pre-engineered steel buildings, various steel structures, and fundamental steel products like billets and rebars, predominantly for the construction industry. The company also conducts exploration for ores and minerals as part of its mining operations. Industrial Ventures: Actively involved in the development, operation, management, and investment in industrial plants, alongside undertaking metal-based construction for buildings and structural frameworks. Astra Industrial Group Company was founded in 1988 and is headquartered in Riyadh, Saudi Arabia.",SAR,Industrials,Capital Goods,Industrial Conglomerates,SAU,XSAU,Saudi Arabian Stock Exchange,Saudi Arabia,,Riyadh,11441,https://www.aig.sa,Mid Cap,SA11RGL0IU14,,BBG000FT0TZ7,BBG000FT0TQ7,BBG001T2PGQ0,False
1213.SR,Naseej International Trading Company,"Al Sorayai Trading and Industrial Group Company engages in the manufacture, wholesale, and retail trade of carpets and rugs. The company also imports and sells textiles, curtains, and blankets, as well as polypropylene yarns and threads. It also offers its products online. The company was founded in 1953 and is based in Jeddah, Saudi Arabia.",SAR,Consumer Discretionary,Consumer Durables & Apparel,Household Durables,SAU,XSAU,Saudi Arabian Stock Exchange,Saudi Arabia,,Jeddah,21441,http://www.al-sorayai.com,Micro Cap,SA12GGDGIUH9,,BBG000Q8JHP8,BBG000Q8JH23,BBG001T6PTY4,False
1214.SR,Al Hassan Ghazi Ibrahim Shaker Company,"Al Hassan Ghazi Ibrahim Shaker Company, together with its subsidiaries, engages in the trading, wholesale, and maintenance of spare parts, electronic equipment, household equipment, and air-conditioners in Saudi Arabia, Jordan, and the United Arab Emirates. The company operates through three segments: Heating, Ventilation and Air-Conditioning Solutions; Home Appliances; and All Other. The Heating, Ventilation and Air-Conditioning Solutions segment offers residential and commercial air conditioners, including chillers and related services. The Home Appliances segment provides televisions, washing machines, dryers, refrigerators, irons, gas cookers, and floor care. The All Other segment offers energy solutions and mobiles. The company provides agency services to LG air conditioners, as well as other home appliances brands, including Indesit, Ariston, Maytag, Bompani, Midea, and Panasonic. In addition, it engages in importing, manufacturing, and distributing service of air conditioners and home appliances. The company offers its products through a network of sales outlets, service centers, warehousing facilities, and training academies, as well as a network of distributors, such as specialty retailers and hypermarkets. Al Hassan Ghazi Ibrahim Shaker Company was founded in 1950 and is headquartered in Riyadh, Saudi Arabia.",SAR,Information Technology,Technology Hardware & Equipment,"Electronic Equipment, Instruments & Components",SAU,XSAU,Saudi Arabian Stock Exchange,Saudi Arabia,,Riyadh,11422,http://www.shaker.com.sa,Micro Cap,SA12I0OGIV12,,BBG000QDQ9D0,BBG000QDQ913,BBG001T6WHH1,False
1301.SR,United Wire Factories Company,"United Wire Factories Company manufactures and sells steel wire products for the civil, agricultural, and industrial sectors in the Kingdom of Saudi Arabia. The company provides steel rebars, wire meshes, ladder meshes, nails, and fences, as well as tying, concertina, and barbed wires for use in the construction and building materials sector. It also offers bailing and black annealed wires, cloth hangers, welded wire mesh sheets and rolls, and staple clips for use in civil sector; and black drawn, galvanized, PVC coated, and deformed wires for use in industrial products. In addition, the company also offers lattice wires, metal braiding wires, reinforcing steel bars, reinforcing steels, metal strips, plastic tapes, oxygen wires, metal bondings, and woods, as well as carpentry, iron, angles, rectangles, rectification, cutting, reinforcing, smelting, and rolling of iron, and import and export. United Wire Factories Company was founded in 1990 and is headquartered in Riyadh, the Kingdom of Saudi Arabia.",SAR,Industrials,Capital Goods,Machinery,SAU,XSAU,Saudi Arabian Stock Exchange,Saudi Arabia,,Riyadh,11383,http://unitedwires.com.sa,Micro Cap,SA12RGH0KAH5,,BBG001Y5DZS6,BBG001Y5DZR7,BBG001Y5DZT5,False
1302.SR,Bawan Company,"Bawan Company manufactures and sells building materials to infrastructure, industrial, and commercial and residential development projects in Saudi Arabia, the Arab Gulf, the Middle East, and North Africa. It operates through Metal and Wood, Plastic, Electrical, and Concrete segments. It engages in cutting and bending custom-made steel; manufacturing stainless steel wires and resin epoxy corrosion resistant steel re-bars; iron formation activities; production of corrugated sheets, forming steel bars, wire rod coils, and cold and hot rolled coils; and provision of hand trucks and trolleys, plastering nets, decorative metal pipes, metal props and steel frame scaffolds, metal doors, sliding gates, aluminum doors and windows, hanging aluminum and glass products, ceiling domes, and building claddings. It provides various wood products, including wooden panels covered with melamine; wooden decorative panels; wood packaging materials, such as wooden pallets, packaging boxes, cable drums, and others; and doors, cabinets, and supplementary wooden and hardware products. It offers oil filled electrical hermetically sealed transformers; medium and low voltage electrical products, power substations, electric automation systems, electric safety and security systems, and low-current systems; and electrical transformers. It provides precast and pre-stressed products comprising twin tiles, stairways, concrete columns and beams, concrete tiles, pre-stressed concrete sections, reinforced concrete beams, insulated concrete forms, sidewalk tiles, precast concrete panels, hollow ceilings, concrete columns, bridges, load-bearing walls, retaining walls, fences, concrete traffic barriers, aesthetic concrete elements, car bumpers, architectural wall claddings, and insulating walls and stairways, as well as ready-mix concrete products. It offers plastic packaging and insulation products, and logistics services. The company founded in 1980 and is headquartered in Riyadh, Saudi Arabia. Bawan Company operates as a subsidiary of Atheel Holding Co.",SAR,Industrials,Capital Goods,Building Products,SAU,XSAU,Saudi Arabian Stock Exchange,Saudi Arabia,,Riyadh,,http://www.bawan.com.sa,Small Cap,SA13DG50KB18,,BBG005JZX8S6,BBG005JZX8Q8,BBG005JZX8R7,False
1303.SR,Electrical Industries Company,"Established in Dammam, Kingdom of Saudi Arabia, in 1976, Electrical Industries Company, operating through its subsidiaries, is a prominent provider of electrical equipment and technical services, catering to markets within Saudi Arabia and globally. The company specializes in the production, assembly, and supply of a diverse range of electrical apparatus. Its product offerings include various types of transformers, such as power, distribution, pole and pad-mounted, and slim models. EIC also delivers complete package and unit substations, along with comprehensive cable management systems featuring cable ladders, trays, trunking, communication runways, and related covers and accessories. For low-voltage needs, the company manufactures metal-enclosed switchgears (including Magnum DS and IEC-compliant versions), motor control centers, panel boards, switch racks, and bus and cable ducting systems. Its high-voltage equipment line includes annunciator, protection and control, and synchronizing panels. Furthermore, for medium-voltage applications, EIC supplies indoor metal-clad switchgears, indoor metal-enclosed motor controllers, and associated bus and cable ducts. Beyond product provision, Electrical Industries Company offers an extensive array of industrial services. These services encompass calibration and instrumentation, the refurbishment, modification, and upgrading of existing electrical equipment, transformer oil filling, processing, and filtration, relay setting and coordination studies, and on-site testing and commissioning of electrical installations. The company's customer base spans the commercial, residential, and industrial sectors.",SAR,Industrials,Capital Goods,Electrical Equipment,SAU,XSAU,Saudi Arabian Stock Exchange,Saudi Arabia,,Dammam,31442,https://www.eic.com.sa,Mid Cap,SA13LG50KBH9,,BBG007611SF6,BBG007611SC9,BBG007611SD8,False
1304.SR,Al Yamamah Steel Industries Company,"Al Yamamah Steel Industries Company, established in 1989 and headquartered in Riyadh, Kingdom of Saudi Arabia, is a key producer and supplier of metal goods. The firm caters to the construction, electrical, and telecommunications industries, operating distinctively through its Construction and Electricity divisions. Its broad product catalog features items such as steel hollow sections, various lighting and transmission poles, high masts, overhead transmission line towers, and telecom towers. The company also furnishes metal sheets, steel straps and clips, and structural space frames. Further expanding its offerings, Al Yamamah provides steel welded tubes, reinforcing steel bars, and galvanized poles for illumination and power distribution. Moreover, the company extends its expertise to include the design, fabrication, and galvanization of telecommunication towers, transmission towers, and electrical poles.",SAR,Industrials,Capital Goods,Machinery,SAU,XSAU,Saudi Arabian Stock Exchange,Saudi Arabia,,Riyadh,11534,https://www.yamsteel.com,Small Cap,SA1420I0KC11,,BBG00CLBFKW9,BBG00CLBFFR6,BBG00CLBFFS5,False
1320.SR,Saudi Steel Pipes Company,"Saudi Steel Pipes Company manufactures and sells steel pipes in Saudi Arabia and internationally. It operates through Steel Pipe and Process Equipment segments. The Steel Pipe segment manufactures welded steel pipes by high frequency induction welding and galvanizing, coating, threading, and bending of the pipes used in oil and gas, water, and construction sectors. The Process Equipment segment designs, manufactures, assembles, and maintains heavy process equipment for the utilization of oil and gas, power generation, desalination, mining, solar energy, and offshore plants. The company manufactures black and galvanized steel pipes, ERW/HFI galvanized and threaded steel pipes and seamless pipes, pipes with three-layer external coating by polyethylene and polypropylene in different diameters, pipes with epoxy coating inside, bended pipes in different diameters, space frames, and submerged arc welded pipes, as well as stationary process equipment. It also wholesales iron and steel tubes and hollow shapes; ferrous and non-ferrous metal pipes and accessories; locks, hinges, and other hand tools and metal accessories; and construction and metal materials. Saudi Steel Pipes Company was incorporated in 1980 and is headquartered in Dammam, Saudi Arabia.",SAR,Materials,Materials,Metals & Mining,SAU,XSAU,Saudi Arabian Stock Exchange,Saudi Arabia,,Dammam,31326,http://www.sspipe.com,Small Cap,SA12B050KK11,,BBG000M296B5,BBG000M295Q1,BBG001T4JMB6,False
1321.SR,East Pipes Integrated Company for Industry,"East Pipes Integrated Co. for Industry engages in the manufacturing of pipes. It offers HSAW pipes, double jointing, and coating. Its services include laboratory, technical support, cost effective solutions, and yard management system. The company was founded on May 30, 2010 and is headquartered in Dammam, Saudi Arabia.",SAR,Materials,Materials,Metals & Mining,SAU,XSAU,Saudi Arabian Stock Exchange,Saudi Arabia,,Dammam,31483,https://www.eastpipes.com,Small Cap,SA15GH80KKH0,,BBG0133C7N22,BBG00WJSL879,BBG00WJSL888,False
1322.SR,Al Masane Al Kobra Mining Company,"Established in 2007 and headquartered in Najran, Saudi Arabia, Al Masane Al Kobra Mining Company (AMAK) is a Saudi Arabian enterprise dedicated to the extraction and processing of valuable metals. The firm's core business involves the production of zinc, copper concentrates, silver, and gold. AMAK operates two key mining sites situated in the Najran Province, located in the southwest of the Kingdom: the underground Al Masane mine, which yields copper, zinc, silver, and gold, and the Guyan gold mine.",SAR,Materials,Materials,Metals & Mining,SAU,XSAU,Saudi Arabian Stock Exchange,Saudi Arabia,,Najran,66244-3181,https://www.amak.com.sa,Small Cap,SA15HG50KL10,,BBG015D28KV1,BBG004M23C39,BBG004M23C48,False
1323.SR,United Carton Industries Company,"United Carton Industries Company provides various paper-based packaging solutions in the Kingdom of Saudi Arabia and internationally. The company's corrugated carton products include regular slotted containers, half slotted containers, die cut containers, wrap around cases, high graphic flexographic printing, stitched boxes, and digitally printed corrugated stands and boxes; folding carton products comprise crush lock bottom cases, flat supply products, and round cheese boxes; pulp products; and containerboard products comprising test liner and fluting. Its products are used in various industries, including food, beverages, pharmaceuticals, hardware, shipping, and storage and retail packaging. The company was incorporated in 1988 and is headquartered in Jeddah, the Kingdom of Saudi Arabia.",SAR,Materials,Materials,Containers & Packaging,SAU,XSAU,Saudi Arabian Stock Exchange,Saudi Arabia,,Jeddah,21418,https://www.ucic.com.sa,Micro Cap,SA16AGP0KLH7,,BBG01THMKNV1,BBG01THMKNT4,BBG01THMKNY8,False
1330.SR,Abdullah Abdul Mohsin Al-Khodari Sons Company,"Abdullah Abdul Mohsin Al-Khodari Sons Company operates as a general contracting company in the Middle East. The company is primarily involved in civil engineering, roads and bridges, railways, buildings and infrastructure, water and waste water treatment, oil and gas pipelines in support of petrochemical production, city cleaning and environment, land transportation, and operation and maintenance activities. It also undertakes resorts and housing projects. The company was founded in 1966 and is headquartered in Al Khobar, Saudi Arabia.",SAR,Industrials,Capital Goods,Construction & Engineering,SAU,XSAU,Saudi Arabian Stock Exchange,Saudi Arabia,,Al Khobar,31952,http://www.alkhodari.com,Micro Cap,,,,,,False
1810.SR,Seera Holding Group,"Seera Holding Group, together with its subsidiaries, provides travel and tourism services primarily in the Kingdom of Saudi Arabia, the United Kingdom, Egypt, the United Arab Emirates, Spain, and Lebanon. The company operates through Ticketing, Tourism, Transportation, Property Rentals, and Hospitality segments. It offers air, ferry, and train ticketing services; hotel booking, package holidays, and rooms on rent; car rental, chartered flights, and delivery of shipments services; and property investment and rental services. The company is also involved in event management, IT support, advertising, insurance brokerage, and triptique and international driving license business; and ownership and operation of aircraft, and sports business association activities. It also provides cargo, telecommunication, and hospitality services; SMS/MMS services; online shopping services for fashion and accessories; Hajj and Umrah tours services; and professional drivers. The company offers its products and services under the Discover Saudi, Almosafer, tajawal, Elaa, Mawasim, and Lumi brands. The company was formerly known as Al Tayyar Travel Group Holding Company and changed its name to Seera Holding Group in April 2019. Seera Holding Group was founded in 1979 and is based in Riyadh, the Kingdom of Saudi Arabia.",SAR,Consumer Discretionary,Consumer Services,"Hotels, Restaurants & Leisure",SAU,XSAU,Saudi Arabian Stock Exchange,Saudi Arabia,,Riyadh,,http://www.seera.sa,Small Cap,SA132GSGS910,,BBG0032ZGN69,BBG000Q9XQ52,BBG001T6RPB5,False
1820.SR,BAAN Holding Group Company,"BAAN Holding Group Company operates primarily in the hospitality and entertainment sectors in the Kingdom of Saudi Arabia and the United Arab Emirates. It operates hotels and resorts, restaurants, and meeting and event venues. The company was founded in 1965 and is based in Riyadh, Saudi Arabia.",SAR,Consumer Discretionary,Consumer Services,"Hotels, Restaurants & Leisure",SAU,XSAU,Saudi Arabian Stock Exchange,Saudi Arabia,,Riyadh,11584,http://www.alhokair.com,Micro Cap,SA13IG50SE12,,BBG006GP03L3,BBG000FGZVZ2,BBG001SNKLW2,False
1830.SR,Leejam Sports Company,"Leejam Sports Company owns, operates, and manages sports and fitness centers in the Kingdom of Saudi Arabia and the United Arab Emirates. The company primarily operates seven brands, including Fitness Time Plus, a fitness center for high net worth individuals; Fitness Time, a business class center; Fitness Time Pro, an economy class center for fitness professionals; Fitness Time Junior, a special center for kids and youth; Fitness Time Ladies; Fitness Time Ladies Pro; and Fitness Time Academy, a football and team-sports training center for young athletes. As of January 28, 2021, it operated approximately 137 fitness centers. The company was founded in 2005 and is headquartered in Riyadh, the Kingdom of Saudi Arabia.",SAR,Consumer Discretionary,Consumer Services,"Hotels, Restaurants & Leisure",SAU,XSAU,Saudi Arabian Stock Exchange,Saudi Arabia,,Riyadh,11351,http://www.leejam.com.sa,Small Cap,SA14K0Q0SJ16,,BBG00L4HHYB6,BBG0058WT187,BBG0058WT196,False
1831.SR,Maharah for Human Resources Company,"Maharah for Human Resources Company offers recruitment services for public and private sectors in the Kingdom of Saudi Arabia and the United Arab Emirates. It operates in two segments, Corporate and Individual. The Corporate segment provides labor force services to various industries comprising retail, hospitality, healthcare, operation and maintenance, and banking. The Individual segment offers worker rental services; and khidma, a program for providing part-time housekeepers and home care nurses on an hourly basis, as well as full-time home care nurses. Maharah for Human Resources Company also offers building cleaning services; and operates an online recruitment platform. The company was formerly known as Maharah Foreign Recruitment Company and changed its name to Maharah for Human Resources Company in April 2017. Maharah for Human Resources Company was founded in 2013 and is headquartered in Riyadh, the Kingdom of Saudi Arabia.",SAR,Industrials,Commercial & Professional Services,Professional Services,SAU,XSAU,Saudi Arabian Stock Exchange,Saudi Arabia,,Riyadh,13325,http://www.maharah.com,Small Cap,SA14QH2GSJH8,,BBG00NRWJF41,BBG00NRWJF32,BBG00NRWJF50,False
1832.SR,Sadr Logistics Company,"Sadr Logistics Company, established in 1994 in Buraydah, Kingdom of Saudi Arabia, and previously known as Al Samaani Factory For Metal Industries Company, specializes in delivering comprehensive storage and material handling solutions. The company offers a wide array of products, including various types of pallets (wooden, plastic, and steel), and an extensive range of racking systems such as pallet, drive-in, cantilever, VNA, radio shuttle, and cladding racks, along with shelving units and mezzanines. Beyond core storage, they provide solutions for supermarkets (gondola shelving, shopping carts) and offices (mobile shelves, carousels, lockers), alongside essential handling equipment like forklifts, hand pallets, roll containers, and conveyors. Sadr Logistics also offers warehousing services and infrastructure, encompassing dock levelers, fixed elevators, ramps, fire fighting equipment, and epoxy flooring systems, in addition to advanced warehousing automation solutions. The company's manufacturing expertise extends to prefabricated steel structures, furniture, and the forging, pressing, casting, and rolling of metal products. Its operations are organized into Steel, Wood, Logistics, and Other segments.",SAR,Industrials,Capital Goods,Machinery,SAU,XSAU,Saudi Arabian Stock Exchange,Saudi Arabia,,Buraydah,14342,https://www.sgp.com.sa,Micro Cap,SA1563RGSK16,,BBG00FZX7CH3,BBG00FZX7CF5,BBG00FZX7CK9,False
1833.SR,Almawarid Manpower Company,"Almawarid Manpower Company provides recruitment services for domestic workers, expatriate labor services, and operates temporary employment agency for domestic services in the Kingdom of Saudi Arabia. The company engages in the recruitment of workforce at the various occupational levels for individuals, firms and companies of the private sector, the governments, and mixed institutions. It also offers workforce services for home, such as private driver, female domestic worker, house cook, home farmer, nanny, home expeditor, house tea boy, physical therapist, home nurse, home manager, and home tailor; and building renovation, maintenance, general building cleaning, administrative and support, construction, and catering services. In addition, the company is involved in the searching of employees for positions, including induction or testing and online recruitment agencies, as well as provision of other human resources comprising Saudi human resources on a long-term or permanent basis. Almawarid Manpower Company was incorporated in 2012 and is headquartered in Riyadh, the Kingdom of Saudi Arabia.",SAR,Industrials,Commercial & Professional Services,Professional Services,SAU,XSAU,Saudi Arabian Stock Exchange,Saudi Arabia,,Riyadh,11679,https://www.mawarid.com.sa,Small Cap,SA15QH00SKH0,,BBG01GS54NB4,BBG01G7P8CH7,BBG01G7P8CJ5,False
1834.SR,Saudi Manpower Solutions Co.,"Established in Riyadh, Saudi Arabia, in 2012, Saudi Manpower Solutions Co. operates as a subsidiary of Al Holoul Al Mutakamela Holding Company. The firm offers comprehensive recruitment, workforce management, and logistics support to individuals, governmental bodies, and private enterprises across the Kingdom, segmenting its operations into Corporate, Individual, and Other divisions. Beyond its core staffing and support functions, Saudi Manpower Solutions Co. also handles employee accommodation and transportation logistics, and provides temporary contract labor. Its expansive service portfolio extends to include warehousing for diverse products, wholesale distribution of prepaid cards, bespoke software development, and integrated network and information communications technology (ICT) management and monitoring. Data processing, investment services, and the establishment of web hosting infrastructure are also key offerings. Furthermore, the company delivers full-spectrum administrative services for offices, manages and supervises ground operations for airport service providers, runs temporary employment agencies for expatriate workers, operates call centers, offers mobile communication solutions, leases communication facilities, and provides digital authentication services. Saudi Manpower Solutions Co. caters to a wide array of industries, including operations and maintenance, petrochemicals, industrial, oil and gas, construction, logistics and transportation, healthcare, sports and fitness, food and beverage, telecommunication, engineering, hospitality, agriculture, retail, and education.",SAR,Industrials,Commercial & Professional Services,Professional Services,SAU,XSAU,Saudi Arabian Stock Exchange,Saudi Arabia,,Riyadh,13311,,Small Cap,SA562G3GSL11,,BBG01MNN9JF7,BBG01MNN9JB1,BBG01MNN9JM9,False
1835.SR,Tamkeen Human Resources Company,"Tamkeen Human Resources Company specializes in facilitating human resource placements and delivering essential labor and logistical support to both governmental and private entities. Its operations are divided into three primary divisions: the Corporate Sector, the Individuals Sector, and an 'Other' category. The Corporate Sector division supplies staffing solutions across diverse industries such as hospitality (restaurants, food service), industrial services (operations, maintenance, contracting), medical (healthcare), consumer goods (retail), and information technology. Meanwhile, the Individuals Sector caters to personal needs, offering contracted personnel like household managers, culinary staff, and personal chauffeurs, alongside hourly assistance for tasks such as general housekeeping and cleaning. Established on June 7, 2018, the firm maintains its main office in Riyadh, Saudi Arabia.",SAR,Industrials,Commercial & Professional Services,Professional Services,SAU,XSAU,Saudi Arabian Stock Exchange,Saudi Arabia,,Riyadh,12333,https://www.tamkeenhr.com,Small Cap,SA165GP0SLH5,,BBG01R0V5ZM3,BBG016C3H836,BBG016C3H845,False
2001.SR,Methanol Chemicals Company,"Methanol Chemicals Company manufactures and sells methanol derivatives, formaldehyde derivatives, plasticizers, and various amino resins in the Middle East and internationally. It offers aqueous formaldehyde solution, urea formaldehyde concentrates, hexamethylene tetramine, paraformaldehyde, liquid and powder formaldehyde resins, and phenol formaldehyde resins, as well as urea and melamine formaldehyde powder resins, melamine urea formaldehyde powder resins, sulphonated naphthalene formaldehyde liquid and powder, and sulphonated melamine formaldehyde liquid. The company also provides methanol, carbon monoxide, monomethylamine, di-methylamine, tri-mon-methylamine, dimethylformamide, di-methyl carbon, pentaerythritol, sodium formate, and acetaldehyde. Its products have applications in agricultural fertilizers, pharmaceuticals, solvents, intermediates, the laminates/wood industry, plastics, paper, and the production of concrete admixtures. The company was formerly known as Saudi Formaldehyde Chemical Company Limited. Methanol Chemicals Company was founded in 1989 and is headquartered in Dammam, the Kingdom of Saudi Arabia.",SAR,Materials,Materials,Chemicals,SAU,XSAU,Saudi Arabian Stock Exchange,Saudi Arabia,,Dammam,31471,http://chemanol.com,Small Cap,SA124060V8H1,,BBG000FT0X42,BBG000FT0WC5,BBG001T2PGT7,False
2010.SR,Saudi Basic Industries Corporation,"Saudi Basic Industries Corporation manufactures, markets, and distributes chemicals, polymers, plastics, agri-nutrients, and metal products worldwide. The company operates through Petrochemicals & Specialties, Agri-Nutrients, and Hadeed segments. It offers polymers, such as acrylonitrile butadiene styrene, acrylonitrile styrene acrylate, carbon black, metallocene polyethylene, polybutylene terephthalate, polycarbonate, polycarbonate/acrylonitrile-butadiene-styrene, polyethylene terephthalate, polymethyl methacrylate, polyoxymethylene, polypropylene, polystyrene, polyethylene, polyvinyl chloride, and synthetic rubbers. The company also provides engineering thermoplastic resins and compounds, composites, thermosets and additives, copolymers, and additive manufacturing solutions. In addition, it offers chemicals, including aromatics, chlor-alkali, ethanolamines, ethoxylates, glycols, linear alpha olefins, natural detergent alcohol, olefins and gases, OXO alcohols and performance monomers, and oxygenates. Further, the company provides fertilizers comprising urea, ammonia, and a portfolio of nitrogen-based inorganic products; produces steel products, such as hot and cold rolled flat products, and long products; operates e-business portal for sales; and offers color services under the ColorXpress name. It serves agriculture, automotive, building and construction, consumer, electrical and electronics, healthcare, industrial, mass transportation, and packaging industries. The company was incorporated in 1976 and is headquartered in Riyadh, Saudi Arabia. Saudi Basic Industries Corporation is a subsidiary of Saudi Arabian Oil Company",SAR,Materials,Materials,Chemicals,SAU,XSAU,Saudi Arabian Stock Exchange,Saudi Arabia,,Riyadh,11422,http://www.sabic.com,Large Cap,SA0007879121,,BBG000NGJPR3,BBG000NGJPD8,BBG001SHJ909,False
2020.SR,SABIC Agri-Nutrients Company,"SABIC Agri-Nutrients Company engages in the production, conversion, marketing, and trade of fertilizers in Saudi Arabia and internationally. The company offers urea; ammonia; and nitrogen-based inorganic products, including DAP, MAP, 2-ethyl hexanol, dioctyl phthalate, and other products. It serves industrial, agriculture, automotive, building and construction, consumer electrical and electronics, healthcare, industrial, mass transportation, packaging sectors. SABIC Agri-Nutrients Company was formerly known as Saudi Arabian Fertilizers Company. The company was incorporated in 1965 and is headquartered in Jubail, Saudi Arabia. SABIC Agri-Nutrients Company is a subsidiary of National Chemical Fertilizers Company.",SAR,Materials,Materials,Chemicals,SAU,XSAU,Saudi Arabian Stock Exchange,Saudi Arabia,,Jubail,31961,http://www.safco.com.sa,Large Cap,SA0007879139,,BBG000H26009,BBG000H25ZL0,BBG001SHJ963,False
2030.SR,Saudi Arabia Refineries Co.,"Saudi Arabia Refineries Co. engages in the extraction of crude oil in the Kingdom of Saudi Arabia. It is also involved in the construction of refineries and petrochemical plants; buying and selling of lands and real estate; and management and leasing of non-residential real estate properties, as well as dealing in securities. Saudi Arabia Refineries Co. was founded in 1960 and is based in Jeddah, the Kingdom of Saudi Arabia.",SAR,Industrials,Capital Goods,Industrial Conglomerates,SAU,XSAU,Saudi Arabian Stock Exchange,Saudi Arabia,,Jeddah,23215,http://www.almasafi.com.sa,Micro Cap,SA0007879147,,BBG000H1YPW0,BBG000H1YPF9,BBG001SHJ7J3,False
2040.SR,Saudi Ceramic Company,"Saudi Ceramic Company manufactures and sells ceramic products, water heaters, and other products in Saudi Arabia and internationally. The company offers floor tiles; sanitary ware, such as wash basins, water closets, seat covers, flushing mechanisms, and wash basin mixers; bathroom accessories, including soap holders, towel rods, tissue roll dispensers, shower heads, shattafs, robe hooks, and mirrors; and other products comprising bathtubs, shower trays, bath mixers, and electrical products. It also provides electric, smart, and solar water heaters, as well as spare parts; ceramic road markers; and plastics and acrylics; boilers, special paints for ceramic products, red pottery bricks and derivatives, plastic and ceramic pipes; and drinking water coolers, bathtubs, plastic and ceramic showers, plastic road signs, and various construction and housing project solutions. In addition, the company engages in the extraction, processing, formation, and marketing of raw materials, including silica sand, dolomite, feldspar, red clay, kaolin, limestone, gypsum powder, sandstone, and sand; quarry and mining sites management; construction and management of crushers and mills in raw material sites; and collection of various materials for recycling, including recycling and collection of waste and materials. Further, it is involved in the import, wholesale and retail trade, and electronic commerce of building materials and other products for government and private enterprises. Additionally, the company engages in the construction, repair, reconstruction, and installation of factories and laboratories, and buildings; prefabricated concrete; installation of machinery, equipment, and industrial machinery; and project implementation; repair of vehicles; and operation of restaurants. It offers its products through distributors and wholesalers, as well as through a network of 30 showrooms. The company was founded in 1977 and is headquartered in Riyadh, Saudi Arabia.",SAR,Industrials,Capital Goods,Building Products,SAU,XSAU,Saudi Arabian Stock Exchange,Saudi Arabia,,Riyadh,11481,http://www.saudiceramics.com,Small Cap,SA0007879154,,BBG000BJRYW6,BBG000BJRYD7,BBG001S8QV02,False
2050.SR,Savola Group Company,"Savola Group Company, through its subsidiaries, manufactures and distributes food products in the Middle East, North Africa, and Turkey region. The company operates through five segments: Food Processing, Retail, Food Services, Frozen Foods, and Investments. It offers edible oils, vegetable oils, sugar, pasta, bakery products, specialty fats, seafood, confectionery, and frozen food products. The company also engages in the agro cultivation, services and maintenance, trading and distribution, and real estate related investment activities. In addition, it retails groceries through a chain of hypermarkets, supermarkets, and convenience stores. The company was founded in 1979 and is headquartered in Jeddah, the Kingdom of Saudi Arabia.",SAR,Consumer Staples,"Food, Beverage & Tobacco",Food Products,SAU,XSAU,Saudi Arabian Stock Exchange,Saudi Arabia,,Jeddah,23511-7333,http://www.savola.com,Small Cap,SA0007879162,,BBG000H27918,BBG000H278B9,BBG001SHJ9K7,False
2060.SR,National Industrialization Company,"National Industrialization Company operates in the petrochemicals, chemicals, plastics, engineering, and metals sectors worldwide. The company operates in three segments: Chemical, Petrochemical, and Downstream & Others. It manufactures and sells titanium dioxide, sulphuric acid, titanium chemicals, ultrafine titanium dioxide products, and titanium metal powder; mineral sands; ethylene, polyethylene, propylene, and polypropylene; acrylic acid; lead and sodium sulfate; and plastic sheets. The company also offers technical industrial services; manufactures steel and non-steel castings; produces towed steel wires, spring wires, steel wires for cables, and twisted reinforcement wires to carry the electrical conductors, as well as for use in concrete and welding wires; and produces and markets dry and liquid batteries for vehicles and industrial use. In addition, it conducts technical tests on industrial facilities; chemical, petrochemical, and metal plants; and water desalination and electricity generating plants, as well as sets up various plastic industries. Further, the company engages in the inspection of mechanical equipment and industrial instruments, quality management, and environment systems; provides academic training, information technology consultancy, and laboratory testing services; gathers, recycles, and sells used and damaged batteries, lead, plastics, industrial materials, and environmental waste; produces and markets acrylic boards; and markets and exports chemical, petrochemical, and plastic items. National Industrialization Company was founded in 1985 and is based in Riyadh, the Kingdom of Saudi Arabia.",SAR,Materials,Materials,Chemicals,SAU,XSAU,Saudi Arabian Stock Exchange,Saudi Arabia,,Riyadh,11496,http://www.tasnee.com,Small Cap,SA0007879170,,BBG000H27K86,BBG000H27HY4,BBG001SHJ9V5,False
2070.SR,Saudi Pharmaceutical Industries and Medical Appliances Corporation,"Saudi Pharmaceutical Industries and Medical Appliances develops, manufactures, and markets medicinal products and pharmaceutical formulations in the Kingdom of Saudi Arabia, Egypt, the Middle East, Morocco, and Algeria. The company is also involved in the manufacturing of basic chemical substances and products; medicines for human use, including cosmetics; and wholesale and retail of medicines and related products. In addition, it develops, manufactures, and sells pharmaceutical products and medical appliances; operates and maintains healthcare facilities. Further, the company engages in the research and development of medical science. The company was founded in 1986 and is headquartered in Buraydah, the Kingdom of Saudi Arabia.",SAR,Health Care,"Pharmaceuticals, Biotechnology & Life Sciences",Pharmaceuticals,SAU,XSAU,Saudi Arabian Stock Exchange,Saudi Arabia,,Buraydah,,http://www.spimaco.com.sa,Small Cap,SA0007879188,,BBG000H27M46,BBG000H27KZ6,BBG001SHJ9Z1,False
2080.SR,National Gas & Industerialization Co.,"National Gas & Industerialization Co. engages in the transportation, filling, and marketing of liquefied petroleum gas primarily in Saudi Arabia. The company's products include underground and ground surface gas tanks; gas and fiber cylinders; gas cylinder and tank regulators; and liquid gas. It also provides installation, refill, and maintenance services; and manufactures, transfers, and markets petroleum products, chemicals, glass, and auto parts, as well as markets cylinders, empty tanks, related spare parts, and tank transportation equipment. In addition, the company is involved in the operation of equipment service centers; and the establishment and maintenance of petroleum equipment and vehicles. Its gases are also used for residential, industrial, agricultural, and commercial purposes. National Gas & Industerialization Co. was incorporated in 1963 and is based in Riyadh, Saudi Arabia.",SAR,Utilities,Utilities,Gas Utilities,SAU,XSAU,Saudi Arabian Stock Exchange,Saudi Arabia,,Riyadh,11421,http://www.gasco.com.sa,Small Cap,SA0007879196,,BBG000DHFHV9,BBG000DHFHL0,BBG001SHJB31,False
2081.SR,Alkhorayef Water & Power Technologies,"Alkhorayef Water & Power Technologies designs, constructs, operates, maintains, and manages water and wastewater projects in Saudi Arabia. It provides engineering, procurement, and construction; and operation and maintenance services. The company's services cover domestic and industrial wastewater plants, water treatment plants, water desalination plants, water and wastewater networks and house connections, filtration solutions and membrane systems, main water and sewage lines, strategic tanks, pump/lifting stations, electro-mechanical works, storm water, and water well projects. Its customers include government agencies and institutions, such as Ministry of Water and Electricity, National Water Company, MODON, Sabic, Aramco, Marafiq, Royal Commission, SWCC, Ministry of Defense, etc. The company is based in Riyadh, Saudi Arabia.",SAR,Utilities,Utilities,Water Utilities,SAU,XSAU,Saudi Arabian Stock Exchange,Saudi Arabia,,Riyadh,11595,http://www.alkhorayef.com/en/Company/CompanyDetails/28,Small Cap,SA1591410GH0,,BBG00Z480G04,BBG00YZBZCB5,BBG00YZBZCC4,False
2082.SR,ACWA POWER Company,"ACWA Power Company is a global entity dedicated to financing, developing, building, and operating facilities for electricity generation, green hydrogen production, and water desalination. Its activities are structured across segments encompassing Thermal and Water Desalination, Renewables, and other related areas. Beyond core plant operations, the company provides services including leasing, installation, maintenance, and contracting for power, desalination, and steam plants. It also manages the distribution of electricity, desalinated water, and steam, alongside other complementary business endeavors. The firm utilizes a diverse energy mix, drawing from fossil fuels like oil, coal, and gas, as well as renewable sources such as solar, hydrogen, and wind. ACWA Power currently manages 67 power generation and water desalination projects spanning ten countries: Bahrain, the United Arab Emirates, Azerbaijan, the Kingdom of Saudi Arabia, Oman, Jordan, Egypt, South Africa, Turkey, and Vietnam. Founded in 2004 and headquartered in Riyadh, Kingdom of Saudi Arabia, the company rebranded from International Company for Water and Power Projects to ACWA POWER Company in January 2022.",SAR,Utilities,Utilities,Multi-Utilities,SAU,XSAU,Saudi Arabian Stock Exchange,Saudi Arabia,,Riyadh,11416,https://www.acwapower.com,Large Cap,SA15CGS10H12,,BBG012DBBB80,BBG000Q132T9,BBG001T697S7,False
2083.SR,The Power and Water Utility Company for Jubail and Yanbu,"The Power and Water Utility Company for Jubail and Yanbu (2083.SR) is a key provider of essential utility services, overseeing the comprehensive development, management, operation, and upkeep of vital power and water infrastructure. The company serves a diverse clientele that spans government entities, industrial complexes, commercial enterprises, and residential communities. Its extensive portfolio of services encompasses: Electricity generation, transmission, and distribution. Gas distribution and sales. Integrated water management, including desalinated and treated water systems, as well as sanitary and industrial drainage networks. Specialized cooling solutions such as seawater and district cooling systems, all underpinned by robust transmission and distribution pipeline infrastructure. Established in 2000, the company maintains its headquarters in Jubail, Saudi Arabia.",SAR,Utilities,Utilities,Multi-Utilities,SAU,XSAU,Saudi Arabian Stock Exchange,Saudi Arabia,,Jubail,31961,https://www.marafiq.com.sa,Mid Cap,SA15L0N10HH3,,BBG019XTQWP3,BBG002Z5MZN8,BBG002Z5N063,False
2084.SR,Miahona Co.,"Miahona Company Limited, headquartered in Riyadh, Kingdom of Saudi Arabia, specializes in the development of crucial water and wastewater infrastructure. The firm's extensive operations encompass the entire water cycle, from the production, transportation, and distribution of water, including the construction, operation, and maintenance of desalination plants and water supply networks, to drilling various water wells and advancing water technology for reuse. In the realm of sanitation, Miahona builds, operates, and maintains sophisticated sewer systems, wastewater treatment facilities, disposal plants, and pumping stations. This also includes the comprehensive management of wastewater collection, treatment, recycling, and disposal. Beyond its core water and sewage services, the company undertakes a wide array of infrastructure and construction projects. This involves constructing non-residential buildings like schools, hospitals, and hotels, developing and managing industrial cities, and establishing and operating electricity generation stations. Miahona also builds and maintains torrents networks and general utility projects. Its capabilities extend to public construction contracting, encompassing piping, electrical, mechanical, maintenance, operation, and road works. Additionally, the company engages in land acquisition for development and real estate investment through property sales and rentals. Founded in 2008, Miahona Company Limited operates as a subsidiary of Vision International Investment Company.",SAR,Utilities,Utilities,Water Utilities,SAU,XSAU,Saudi Arabian Stock Exchange,Saudi Arabia,,Riyadh,13336,https://www.miahona.com,Small Cap,SA562G5H0I13,,BBG01MN7MY82,BBG01MLT8XX6,BBG01MLT8XY5,False
2090.SR,National Gypsum Company,"National Gypsum Company manufactures and sells gypsum and its derivatives in the Kingdom of Saudi Arabia and internationally. The company offers regular, and fire and moisture resistant plaster boards; and boards laminated with lead sheet. It also provides gypsum powder products, such as plastering, sprinkling, spraying machine, adhesive, agricultural, and other products. The company was founded in 1958 and is headquartered in Riyadh, the Kingdom of Saudi Arabia.",SAR,Materials,Materials,Construction Materials,SAU,XSAU,Saudi Arabian Stock Exchange,Saudi Arabia,,Riyadh,11411,http://www.gypsco.com.sa,Micro Cap,SA0007879204,,BBG000H28YH5,BBG000H28XW0,BBG001SHJBL1,False
2100.SR,Wafrah for Industry and Development Company,"Wafrah for Industry and Development Company engages in manufacturing, canning, preserving, processing, and marketing food products in Saudi Arabia and internationally. It provides pasta products, potato chips, frozen French fries products, peanut products, and breakfast cereals, as well as frozen, chilled, and cooked meat products. The company markets its products under the Wafra, Caprini, Saudi Garden, and Nemah brands. It is also involved in the treatment and processing of agricultural products; and investment in land property. The company was formerly known as Food Products Company and changed its name to Wafrah for Industry and Development Company in 2014. Wafrah for Industry and Development Company was founded in 1989 and is headquartered in Riyadh, Saudi Arabia.",SAR,Consumer Staples,"Food, Beverage & Tobacco",Food Products,SAU,XSAU,Saudi Arabian Stock Exchange,Saudi Arabia,,Riyadh,11383,http://www.wafrah.com,Micro Cap,SA0007879220,,BBG000H2B7C5,BBG000H2B6Y3,BBG001SHJC48,False
2110.SR,Saudi Cable Company,"Saudi Cable Company (SCC), a publicly listed entity, operates manufacturing facilities across Saudi Arabia, Bahrain, and Turkey. The company and its subsidiaries are deeply involved in the production, distribution, installation, testing, commissioning, and maintenance of a wide array of electrical infrastructure components. This extensive product range includes power cables of extra high, medium, and low voltage, building wires, telecommunication cables, instrumentation and specialized control cables, as well as electrical substations, switchgear, cable accessories, and transformers. Furthermore, the SCC Group maintains a robust network of warehouses to facilitate the supply of all types of cables and related electrical products. SCC also provides comprehensive, end-to-end electrical system solutions, encompassing supply, installation, testing, commissioning, and ongoing maintenance, all supported by advanced digital and information technology systems.",SAR,Industrials,Capital Goods,Electrical Equipment,SAU,XSAU,Saudi Arabian Stock Exchange,Saudi Arabia,,Jeddah,21491,https://www.saudicable.com,Small Cap,SA0007879238,,BBG000H32N83,BBG000H32MH5,BBG001SHJQR2,False
2120.SR,Saudi Advanced Industries Company,"Saudi Advanced Industries Company (SAIC) is an investment vehicle strategically focused on a broad spectrum of industrial initiatives within the Kingdom of Saudi Arabia. Its diversified portfolio encompasses petrochemicals, the glass industry, various industrial services, financial services and investments, and other related ventures. Through its numerous investments, SAIC's activities are extensive. It provides critical heavy maintenance and modification services for both civilian and military aircraft. The company is also a producer of essential chemical components, including aromatic and cyclic compounds, purified tralic acids, and polyester granules used in bottle and packaging manufacturing. SAIC also undertakes comprehensive marine and geophysical studies, encompassing oceanographic research, seismic surveying, and geodetic mapping, all vital for the exploration and development of hydrocarbons, minerals, groundwater, and other natural resources. Furthermore, its operations extend to offshore drilling, utilizing heavy sealers and multi-purpose self-propelled marine platforms for drilling in gulf waters and oil wells, alongside offering general drilling services for oil and gas extraction. The company also directly manufactures petrochemicals and provides mortgage services to individuals and banks. In the glass sector, it handles wholesale and retail distribution, supplies raw materials and accessories, and offers customization services such as coloring, cutting, and installation. Founded in 1987, Saudi Advanced Industries Company maintains its headquarters in Riyadh.",SAR,Industrials,Capital Goods,Industrial Conglomerates,SAU,XSAU,Saudi Arabian Stock Exchange,Saudi Arabia,,Riyadh,13335,https://saic.com.sa,Micro Cap,SA0007879246,,BBG000H355Y0,BBG000H343Y6,BBG001SHJR27,False
2130.SR,Saudi Industrial Development Co.,"Established in Jeddah, Saudi Arabia, in 1992, Saudi Industrial Development Co. manages a broad range of operations. Its primary business involves the production and distribution of mattresses and various sponges, including specialized pressure sponges, along with mattress frames, beds, and related accessories, serving customers both domestically and globally. The company also maintains a significant presence in wholesale and retail trade, offering a wide selection of building essentials such as cement, gypsum, natural and engineered marbles, piping, kitchen fittings, ceramic tiles, faience, porcelain, tools, and sanitary installations. Their retail offerings extend to furniture, home decor items, wooden products, office and household equipment, luxury goods, bathroom fixtures, clothing, carpets, rugs, silverware, crystal, traditional jewelry, and precious stones. Additionally, Saudi Industrial Development Co. is active in general contracting for a diverse portfolio of projects, including residential, commercial, governmental, industrial, and healthcare complexes. The company further diversifies its manufacturing into tire components, seat covers, polyester for mattress padding, toiletries, ceramic wall and floor tiles, and acrylic bathtubs.",SAR,Consumer Discretionary,Consumer Durables & Apparel,Household Durables,SAU,XSAU,Saudi Arabian Stock Exchange,Saudi Arabia,,Jeddah,21473,https://www.sidc.com.sa,Micro Cap,SA0007879253,,BBG000H357G6,BBG000H356X9,BBG001SHJR45,False
2140.SR,Ayyan Investment Company,"Ayyan Investment Company, together with its subsidiaries, engages in the construction of non-residential buildings in the Kingdom of Saudi Arabia. Its non-residential buildings include schools, hospital, hotels, etc. The company also establishes and operates health, education, tourism, and agricultural facilities; and establishes cold storage facilities, transport fleets, and gas stations. In addition, it maintains, manages, and operates industrial and residential properties, as well as hospitals, clinics, medical centers, and dispensaries; owns lands; and invests in securities. Further, the company produces and sells dates and its derivatives. The company was formerly known as Al Ahsa Development Company and changed its name to Ayyan Investment Company in July 2020. Ayyan Investment Company was founded in 1993 and is headquartered in Al Khobar, the Kingdom of Saudi Arabia.",SAR,Financials,Diversified Financials,Capital Markets,SAU,XSAU,Saudi Arabian Stock Exchange,Saudi Arabia,,Al Khobar,31952,http://ayyan.com.sa,Micro Cap,SA0007879261,,BBG000H358Y4,BBG000H35865,BBG001SHJR54,False
2150.SR,The National Company for Glass Industries,"The National Company for Glass Industries (NCGI) specializes in the manufacturing and sale of a diverse range of glass products. Its offerings encompass both reusable and single-use glass bottles, as well as flat float glass. NCGI also provides standard glass packaging solutions for food and beverages, alongside various plain bottles, jars, and custom-designed items. The company's core operations are managed through its Riyadh Factory division. Established in 1990, NCGI is headquartered in Riyadh, Saudi Arabia.",SAR,Materials,Materials,Containers & Packaging,SAU,XSAU,Saudi Arabian Stock Exchange,Saudi Arabia,,Riyadh,11672,http://zoujajglass.com,Small Cap,SA0007879329,,BBG000H359Z1,BBG000H359C6,BBG001SHJR63,False
2160.SR,The Saudi Arabian Amiantit Company,"The Saudi Arabian Amiantit Company, together with its subsidiaries, manufactures and sells various types of pipes and related products in Saudi Arabia, Europe, and internationally. The company operates in two segments, Pipe Manufacturing and Technology, and Water Management. It offers pipe system products, including glass reinforced polyester, glass reinforced vinylester, glass reinforced epoxy, ductile iron, thermoplastic, and reinforced concrete pipes; and develops and licenses related technologies. The company also manufactures and sells underground and aboveground tanks, such as water tanks, chemical tanks, septic tanks, and fuel tanks for residential and industrial applications; and supplies ribbed and non-ribbed, and single wall and double wall tanks, as well as installs underground tanks. In addition, it provides rubber rings and gaskets for the use in pipes and fittings; grommets and bushes for anti-vibration isolation and compression mounting in A/C systems; duct sealing units for use in air condition ducts; insulation tubes and sheets for thermal insulation in refrigeration, heating, ventilation, and air conditioning applications; and industrial valves for water applications. Further, the company offers manholes for the inspection and maintenance, ventilation, cleaning, and flushing of drains or sewers, as well as for housing of pumping stations and inlet drain pits; and fiberglass products, which are used in pipe and tank, transportation, construction, marine, electrical/electronic, wind energy, consumer goods, aerospace, etc. applications. Additionally, it provides water management, and related consultancy and engineering services. The company serves customers in the municipal and urban development, industrial, oil and gas, water transmission and distribution, and water well industries. The Saudi Arabian Amiantit Company was founded in 1968 and is headquartered in Dammam, Saudi Arabia.",SAR,Industrials,Capital Goods,Building Products,SAU,XSAU,Saudi Arabian Stock Exchange,Saudi Arabia,,Dammam,32234,http://www.amiantit.com,Micro Cap,SA0007879337,,BBG000H35CP5,BBG000H35BJ4,BBG001SHJR72,False
2170.SR,Alujain Holding Corporation,"Alujain Holding Corporation manufactures and sells home care products in Saudi Arabia. It operates in two segments, Investments and Manufacturing Home-Care Products. The company offers home care products, such as spray starches and air fresheners; insecticides; and agricultural pesticides. It also manufactures petrochemical products. The company was formerly known as Alujain Corporation and changed its name to Alujain Holding Corporation in February 2020. Alujain Holding Corporation was founded in 1991 and is headquartered in Riyadh, Saudi Arabia.",SAR,Energy,Energy,"Oil, Gas & Consumable Fuels",SAU,XSAU,Saudi Arabian Stock Exchange,Saudi Arabia,,Riyadh,12333,http://www.alujain.sa,Small Cap,SA0007879345,,BBG000H35FX9,BBG000H35FL2,BBG001SHJR81,False
2180.SR,Filling and Packing Materials Manufacturing Company,"Filling and Packing Materials Manufacturing Company develops, produces, and sells jumbo bags and other woven poly-propylene packaging products for industrial, agricultural, and general applications in the Kingdom of Saudi Arabia and internationally. It offers jumbo bags for packing, handling, storage, and transport of materials in bulk quantities; small PP woven bags for packing fertilizers, feeds, grains, barley, flour, salt, sugar, seeds, and other lumpy and fine materials; and valve bags for packing cement, chemical material, feeds, fertilizers, etc. The company also provides strapping bands, which are used to strap small and big boxes, bales, bricks, and various other products; and cable filler yarns and sewing threads used in the manufacture of electric cables. In addition, it offers flame-retardant and conductive fabrics and sacks, including tubular rolls or sheets; and container liner products for transport of dry flow able products. Filling and Packing Materials Manufacturing Company was founded in 1991 and is based in Riyadh, the Kingdom of Saudi Arabia.",SAR,Materials,Materials,Containers & Packaging,SAU,XSAU,Saudi Arabian Stock Exchange,Saudi Arabia,,Riyadh,11492,http://fipco.com.sa,Micro Cap,SA0007879352,,BBG000H35GZ5,BBG000H35GM9,BBG001SHJS34,False
2190.SR,Sustained Infrastructure Holding Company,"Sustained Infrastructure Holding Company focuses on developing, investing in, and providing essential support for industrial zones across Saudi Arabia. Its business is structured around distinct segments: Ports, Logistics, and Water. Established on October 18, 1988, the company maintains its main office in Jeddah, Saudi Arabia.",SAR,Industrials,Transportation,Marine,SAU,XSAU,Saudi Arabian Stock Exchange,Saudi Arabia,,Jeddah,23522,https://www.sisco.com.sa,Small Cap,SA0007879360,,BBG000H35L02,BBG000H35JZ9,BBG001SHJS61,False
2200.SR,Arabian Pipes Company,"Arabian Pipes Company manufactures and markets welded steel pipes for oil and gas, structural, and commercial applications primarily in the Kingdom of Saudi Arabia. The company offers electric resistant welded/HFW, longitudinal submerged-arc welded carbon steel, external coating, threading and coupling, and slitting pipes. It also exports its products to Gulf countries, the Middle East, and North Africa. The company was formerly known as Saudi Joint Stock Co. Arabian Pipes Company was founded in 1991 and is headquartered in Riyadh, the Kingdom of Saudi Arabia.",SAR,Materials,Materials,Metals & Mining,SAU,XSAU,Saudi Arabian Stock Exchange,Saudi Arabia,,Riyadh,11551,http://www.arabian-pipes.com,Micro Cap,SA0007879378,,BBG000H35MP3,BBG000H35M19,BBG001SHJS89,False
2210.SR,Nama Chemicals Co.,"NAMA Chemicals Company, together with its subsidiaries, owns, operates, and manages industrial projects in the petrochemical and chemical sectors in Saudi Arabia and internationally. The company operates through Epoxi Resin Products, Chlor Alkali Products, and Others segments. It provides epoxy, a thermosetting polymer; and anhydrous caustic soda, an indispensable inorganic chemical used in various applications by industries in chemical production, petroleum and natural gas processing, textile finishing process, cleaning products, food processing, beverages, pharmaceuticals, and municipal water and sewage treatment. The company also offers epichlorohydrin, a reactive organic compound for use in the production of epoxy and phenoxy resins, and other polymers, as well as used as a solvent for cellulose, resins, and paints; and other chemical products, such as calcium chloride, hydrochloric acid, and sodium hypochlorite. In addition, it is involved in the real estate business. NAMA Chemicals Company was founded in 1992 and is based in Jubail, the Kingdom of Saudi Arabia.",SAR,Materials,Materials,Chemicals,SAU,XSAU,Saudi Arabian Stock Exchange,Saudi Arabia,,Jubail,31961,http://www.nama.com.sa,Micro Cap,SA0007879386,,BBG000H36XP8,BBG000H36W98,BBG001SHJSG0,True
2220.SR,National Metal Manufacturing and Casting Co.,"National Metal Manufacturing and Casting Co. manufactures and sells metal engineering products and services. The company offers high carbon steel wire products and PC strands for construction and infrastructure projects. It also provides axles for heavy transport vehicles; and various spare parts for the automotive industry. In addition, the company offers metal castings, including machined castings to the automotive, agri and water, crushing and mining, cement plant, oil and gas, engineering, and general manufacturing industries in Asia, the Middle East, and Europe; and technical and engineering services to the oil and gas, petrochemical, and general engineering industries. National Metal Manufacturing and Casting Co. was founded in 1989 and is headquartered in Jubail, Saudi Arabia.",SAR,Materials,Materials,Metals & Mining,SAU,XSAU,Saudi Arabian Stock Exchange,Saudi Arabia,,Jubail,31961,http://maadaniyah.com,Micro Cap,SA0007879394,,,,,False
2222.SR,Saudi Arabian Oil Company,"Saudi Arabian Oil Company operates as an integrated oil and gas company in the Kingdom of Saudi Arabia and internationally. The company operates through two segments, Upstream and Downstream. The Upstream segment explores, develops, produces, and sells crude oil, condensate, natural gas, and natural gas liquids (NGLs). As of December 31, 2019, its reserves included 258.6 billion barrels of oil equivalent, including 201.9 billion barrels of crude oil and condensate; 25.7 billion barrels of NGLs; and 190.6 trillion standard cubic feet of natural gas, as well as 510 reservoirs within 138 fields distributed throughout the Kingdom and its territorial waters. The Downstream segment produces various chemicals, including ethylene, ethylene glycol, ethylene oxide, methanol, methyl tertiary butyl ether, polyethylene and engineering plastics and their derivatives, and other products; and base oils, as well as in the refining and retail operations. It also supplies oil products; and trades in refined petroleum and liquid chemical products, and polymers. The company also develops, manufactures, and markets high-performance rubber; and provides crude oil storage, financial, and marine management and transportation services. Saudi Arabian Oil Company was founded in 1933 and is headquartered in Dhahran, the Kingdom of Saudi Arabia.",SAR,Energy,Energy,"Oil, Gas & Consumable Fuels",SAU,XSAU,Saudi Arabian Stock Exchange,Saudi Arabia,,Dhahran,31311,http://www.aramco.com,Mega Cap,SA14TG012N13,,BBG00QRVW6J5,BBG000C4TH62,BBG001SDLWK2,False
2223.SR,Saudi Aramco Base Oil Company - Luberef,"Luberef, officially named Saudi Aramco Base Oil Company, engages in the manufacturing and worldwide sale of base oils and a diverse portfolio of by-products. Its extensive product line features both Group I and Group II base oils, complemented by various derivatives such as asphalt, marine heavy fuel oil, slack wax, extract, and sulfur. The company further supplies white products, including ultra-low sulfur diesel, naphtha, and drilling fluid. Founded in 1976, this enterprise maintains its headquarters in Jeddah, Kingdom of Saudi Arabia, operating as a subsidiary of the Saudi Arabian Oil Company.",SAR,Energy,Energy,"Oil, Gas & Consumable Fuels",SAU,XSAU,Saudi Arabian Stock Exchange,Saudi Arabia,,Jeddah,22411,https://www.luberef.com,Mid Cap,SA15M1HH2NH5,,BBG01BQGDC45,BBG000TW0BT1,BBG001T0LN10,False
2230.SR,Saudi Chemical Holding Company,"Saudi Chemical Holding Company is a diversified enterprise with operations in explosives, pharmaceuticals, and the production of ammonium nitrate, serving markets within Saudi Arabia and globally. The company manufactures and sells explosive materials and their derivatives for both civil and military purposes, complemented by specialized technical support services for explosive operations. Furthermore, it is deeply involved in the medical sector, encompassing the manufacturing, wholesale distribution, and retail of a broad array of products. This includes medicines, medical materials, syrups, pharmaceutical preparations, medical and surgical instruments, supplies for hospitals and healthcare centers, associated spare parts, and food items. Another core industrial activity is the production of ammonium nitrate. Established in 1972, Saudi Chemical Holding Company's headquarters are located in Riyadh, Saudi Arabia.",SAR,,,,SAU,XSAU,Saudi Arabian Stock Exchange,Saudi Arabia,,Riyadh,11482,https://www.saudichemical.com,Small Cap,SA0007879402,,BBG000KYV4H1,BBG000KYV436,BBG001SJSRW0,False
2240.SR,Advanced Building Industries Co.,"Advanced Building Industries Co. focuses on the creation and production of various engineered products, integrated systems, and associated services. The company organizes its activities into distinct divisions: Air Conditioner Industry, Steel Industry, Insulation Industry, and Corporate Office and Others. Its offerings encompass a wide range of items, including prefabricated steel buildings, general steel structures, and sophisticated air conditioning and climate control systems tailored for commercial, industrial, and residential applications. Additionally, it provides telecom and transmission towers, specialized process equipment, precast concrete construction components, and a selection of insulation materials like fiberglass, rock wool, and engineered plastic foam, alongside undertaking solar power projects. The firm was established on July 8, 1998, and is headquartered in Dammam, Saudi Arabia.",SAR,Materials,Materials,Construction Materials,SAU,XSAU,Saudi Arabian Stock Exchange,Saudi Arabia,,Dammam,34325-2799,https://senaat.com,Small Cap,SA0007879410,,BBG000CJ23F9,BBG000CJ22S7,BBG001SFFJJ5,False
2250.SR,Saudi Industrial Investment Group,"Saudi Industrial Investment Group functions primarily as a petrochemical enterprise within the Kingdom of Saudi Arabia. Its activities span the entire lifecycle of industrial assets, encompassing the creation, construction, ongoing operation, strategic management, and upkeep of petrochemical plants, as well as facilities for gas, petroleum, and other related industries. The company is also involved in the distribution and sale, both in bulk and individually, of raw materials, products, and by-products derived from petrochemical processes. The group's diverse product portfolio includes essential chemicals such as benzene, cyclohexane, and motor gasoline, alongside a range of polymers like high-density polyethylene, polypropylene, and polystyrene, in addition to ethylene, styrene, propylene, and hexene-1. Founded in 1996, Saudi Industrial Investment Group maintains its headquarters in Riyadh, Saudi Arabia.",SAR,Materials,Materials,Chemicals,SAU,XSAU,Saudi Arabian Stock Exchange,Saudi Arabia,,Riyadh,11625,https://www.siig.com.sa,Mid Cap,SA000A0B89Q3,,BBG000Q4PSD9,BBG000Q4PRT4,BBG001SM6FN3,False
2270.SR,Saudia Dairy & Foodstuff Company,"Saudia Dairy & Foodstuff Company engages in the production and distribution of dairy products, beverages, and various foodstuffs in the Kingdom of Saudi Arabia, Poland, and other Gulf and Arab countries. It operates through Drinks and Non–Drinks segments. The company offers milk and milk powder, soy drinks, laban, evaporated milk, cheese, cream, fruit drinks, ice cream, butter, tomato products, French fries, and snacks. It provides its products under the Saudia, Crispy, Majestique, and Baboo brands. The company was founded in 1976 and is headquartered in Jeddah, the Kingdom of Saudi Arabia.",SAR,Consumer Staples,"Food, Beverage & Tobacco",Food Products,SAU,XSAU,Saudi Arabian Stock Exchange,Saudi Arabia,,Jeddah,21422,http://www.sadafco.com,Small Cap,SA000A0EAXM3,,BBG000DP3YH3,BBG000DP3XY6,BBG001SMPG87,False
2280.SR,Almarai Company,"Almarai Company, together with its subsidiaries, operates as an integrated consumer food and beverage company in Saudi Arabia, Egypt, Jordan, and rest of Gulf Cooperation Council countries. The company operates through Dairy and Juice, Bakery, Poultry, and Other Activities segments. It offers dairy, fruit juice, and related food products under the Almarai, Joosy Life, Beyti, and Teeba brand names; bakery products under the L'usine and 7 Days brand names; and poultry products under the Alyoum and AlBashayer brand names. The company also engages in the arable and horticulture activities; and provision of infant nutrition products under the Nuralac and Evolac brand names. Almarai Company was founded in 1977 and is headquartered in Riyadh, Saudi Arabia.",SAR,Consumer Staples,"Food, Beverage & Tobacco",Food Products,SAU,XSAU,Saudi Arabian Stock Exchange,Saudi Arabia,,Riyadh,11492,http://www.almarai.com,Large Cap,SA000A0ETHT1,,BBG000FDXXM1,BBG000FDXWS7,BBG001SNJW96,False
2281.SR,Tanmiah Food Company,"Tanmiah Food Company is a provider of fresh and processed poultry, animal feed, and other agricultural products. The company operates a fully integrated business model that includes farms, hatcheries, feed mills, and processing plants, distributing its products in Saudi Arabia and other GCC countries.",SAR,Consumer Staples,"Food, Beverage & Tobacco",Food Products,SAU,XSAU,Saudi Arabian Stock Exchange,Saudi Arabia,,Riyadh,12341,https://tanmiah.com,Small Cap,SA15BH1H3KH5,,BBG011MC6WV4,BBG011MC6WT7,BBG011MC6WW3,False
2282.SR,Naqi Water Company,"Naqi Water Company, founded in 2014 and based in Unaizah, Saudi Arabia, specializes in the purification and bottling of water. Its operations are structured around two primary divisions: Wholesale and Retail. Beyond its core water business, the company also engages in the wholesale distribution of soft drinks and various juices, alongside the retail provision of diverse beverages through dedicated outlets. Naqi Water serves a broad spectrum of customers, ranging from small and medium-sized businesses like supermarkets and grocery stores, to large-scale retailers such as hypermarkets and direct consumers in households. Additionally, its clientele includes institutional bodies (governmental entities, schools, universities, mosques) and the hospitality sector (hotels and restaurants), as well as agents and distributors.",SAR,Consumer Staples,"Food, Beverage & Tobacco",Beverages,SAU,XSAU,Saudi Arabian Stock Exchange,Saudi Arabia,,Unaizah,51911,https://naqiwater.com,Small Cap,SA15JH2H3L19,,BBG0188Q6BV0,BBG0188Q6BT3,BBG0188Q6BY7,False
2283.SR,First Milling Co.,"Operating within the Kingdom of Saudi Arabia, First Milling Company manufactures and distributes a comprehensive range of flour and associated products. Its diverse flour selection includes premium grades ideal for confectionery and specialized baking, bakery flour suitable for both traditional Arabic and various Western breads, whole wheat flour for healthier options, superior wheat flour for traditional meals, and specific varieties tailored for pastries and pizza. Beyond flour, the company also supplies an extensive range of animal feed products, such as livestock fattener, and feeds for lambs, horses, pigeons, and dairy cattle. Additionally, First Milling processes wheat into derivative products, primarily bran for animal consumption, alongside edible bran offerings. These offerings are marketed under the brand names Aloula, Naffa'a, and First Mills. Serving a broad clientele, First Milling caters to industrial entities, bakeries, restaurants, catering services, wholesalers, both modern and traditional trade channels, farms, feed distributors, and individual retail customers. Established in 1972, the company maintains its headquarters in Jeddah, Saudi Arabia.",SAR,Consumer Staples,"Food, Beverage & Tobacco",Food Products,SAU,XSAU,Saudi Arabian Stock Exchange,Saudi Arabia,,Jeddah,22312,https://www.firstmills.com,Small Cap,SA15QGU13LH9,,BBG01GVFGTQ6,BBG00W7F9B22,BBG00W7F9B31,False
2284.SR,Modern Mills for Food Products Co.,"Modern Mills for Food Products Co. operates as a Saudi Arabian enterprise, focusing on the production and distribution of flour and animal feed throughout the Kingdom. The company, which commenced operations in 1982, has its main office situated in Jeddah.",SAR,Consumer Staples,"Food, Beverage & Tobacco",Food Products,SAU,XSAU,Saudi Arabian Stock Exchange,Saudi Arabia,,Jeddah,23421-6228,https://modernmills.com.sa,Small Cap,SA1610O13M15,,BBG01LCQKT14,BBG01LCQKT05,BBG01LCQKT23,False
2285.SR,Arabian Mills for Food Products,"Arabian Mills for Food Products Co. specializes in the manufacturing and distribution of a diverse array of wheat and animal feed goods. Its core operations encompass the production and warehousing of flour, various wheat-based byproducts, and different types of feed. The company's product portfolio features flour, a range of wheat derivatives, feed for livestock, specialized poultry feed, and bran. Established in 1977, the firm maintains its principal office in Riyadh, Saudi Arabia.",SAR,Consumer Staples,"Food, Beverage & Tobacco",Food Products,SAU,XSAU,Saudi Arabian Stock Exchange,Saudi Arabia,,Riyadh,14313,https://www.arabianmills.com,Small Cap,SA164H113MH2,,BBG01PDSZDR1,BBG01PDSZDQ2,BBG01PDSZDS0,False
2286.SR,Fourth Milling Co.,"Established in Dammam, Kingdom of Saudi Arabia, in 2017, Fourth Milling Co. is a key player in the grain processing and distribution sector. The company primarily focuses on the manufacturing, packaging, and commercialization of flour, its derivative products, animal feed, and bran throughout Saudi Arabia. Its operations encompass the milling and packaging of wheat, maize, and barley, alongside the comprehensive processing, milling, and bleaching of rice for rice flour production. Fourth Milling Co. also produces specialized flour and dough tailored for bakeries, in addition to concentrated and general animal fodder. Beyond its production facilities, the company manages retail outlets for animal food and feed. Furthermore, it provides extensive storage solutions, including grain silos, warehouses for flour and agricultural products, and strategic facilities at ports, customs, and free zones. Its commercial reach extends to the wholesale distribution of bakery items and the trade of health-conscious and specialty food products.",SAR,Consumer Staples,"Food, Beverage & Tobacco",Food Products,SAU,XSAU,Saudi Arabian Stock Exchange,Saudi Arabia,,Dammam,34222,https://www.mc4.com.sa,Small Cap,SA16502H3N15,,BBG01Q35WKJ6,BBG011K57QL4,BBG011K57QM3,False
2287.SR,Arabian Company for Agricultural and Industrial Investment,"Arabian Company for Agricultural and Industrial Investment primarily focuses on the production and distribution of broiler chickens, marketed under its 'Entaj' brand. Its operations are organized into distinct segments. The Poultry Products division offers a comprehensive range of poultry items, including fresh and frozen whole birds, individual chicken parts, marinated selections, and ready-to-cook meals. These are supplied to supermarkets, various distributors, foodservice establishments, and directly to consumers through online channels, in addition to selling live birds. The Table Eggs segment provides eggs to both household and commercial customers, also leveraging online sales. Its Red Meat Products segment delivers fresh lamb to residential and business clients, accessible through direct sales and online platforms. Furthermore, the Cold Store segment generates revenue by leasing its refrigerated storage facilities to external entities. Founded in 2004 and headquartered in Riyadh, Kingdom of Saudi Arabia, the company operates as a subsidiary of Arabian Agricultural Services Co. Ltd.",SAR,Consumer Staples,"Food, Beverage & Tobacco",Food Products,SAU,XSAU,Saudi Arabian Stock Exchange,Saudi Arabia,,Riyadh,12311,https://www.entaj.com,Micro Cap,SA1690P13NH3,,BBG01Q3NXQ67,BBG01Q3NXQ58,BBG01Q3NXQ76,False
2288.SR,Nofoth Food Products Company,"Nofoth Food Products Company, established in 2015 with its headquarters in Riyadh, Saudi Arabia, is a diversified enterprise primarily engaged in the production and sale of food items within the Saudi Arabian market. Its extensive bakery line includes maamoul cookies and cakes under the Mamola brand, creamy filled desserts known as Qashtiya, and traditional Middle Eastern fare like stuffed vegetables, kibbeh, and Musakhan via the Anaba label. The company also offers a variety of fried and baked dates with diverse flavors and fillings through its Golden Dates brand, alongside pastries and specialty stuffed dishes under the Pinkish Bite brand. Complementing these are pies, biscuits, an assortment of folk and oriental sweets, and various sugary confections such as caramel, toffee, and nougat. Beyond its core food manufacturing, Nofoth extends its operations to provide light transportation services, engage in the wholesale and export of used oil, and retail nuts, coffee, spices, and perfumes. The company further diversifies its activities by operating restaurants and dry fruit stores, executing automated bread production, offering food service contracting, and managing road transport for temperature-controlled goods.",SAR,Consumer Staples,Food & Staples Retailing,Food & Staples Retailing,SAU,XSAU,Saudi Arabian Stock Exchange,Saudi Arabia,,Riyadh,6383,https://www.nofoth.com,Micro Cap,SA16GG4H3O15,,BBG01C4XQ1H6,BBG01BLLG3V6,BBG01BLLG676,False
2290.SR,Yanbu National Petrochemical Company,"Yanbu National Petrochemical Company manufactures and sells petrochemical products in Saudi Arabia. It provides ethylene, propylene, mono ethylene glycol, di ethylene glycol, tri ethylene glycol, polypropylene, low linear density polyethylene, high density polyethylene, butene 1, butene 2, MTBE, benzene, and TX. The company was founded in 2006 and is based in Yanbu, Saudi Arabia. Yanbu National Petrochemical Company is a subsidiary of Saudi Basic Industries Corporation.",SAR,Materials,Materials,Chemicals,SAU,XSAU,Saudi Arabian Stock Exchange,Saudi Arabia,,Yanbu,51000,http://www.yansab.com.sa,Mid Cap,SA000A0HNF36,,BBG000C29XB7,BBG000C29X18,BBG001SKXMB5,False
2300.SR,Saudi Paper Manufacturing Co.,"Saudi Paper Manufacturing Company, together with its subsidiaries, manufactures and sells paper pulp and tissue paper products in the Kingdom of Saudi Arabia, Gulf Cooperation Council countries, and internationally. It operates in Manufacturing, and Trading and Others segments. The company offers facial tissues, kitchen towels, maxi rolls, toilet paper, interfold towels, table napkins, interfolds, under pads, pocket tissues, napkins, and industrial tissue products under the Mouchoir, Excellence, City, SPC Pro, and Jumbo Roll brands. It also purchases, manufactures, and distributes pulps and papers; paper and waste recycling services, including collection and transportation of wastepaper, destroying and shredding archives of paper and confidential documents, sort and classify, packaging, and environment protection. The company was founded in 1989 and is based in Dammam, the Kingdom of Saudi Arabia.",SAR,Materials,Materials,Paper & Forest Products,SAU,XSAU,Saudi Arabian Stock Exchange,Saudi Arabia,,Dammam,34326-7169,https://saudipaper.com,Small Cap,SA000A0JK4U9,,BBG000P0JM57,BBG000P0JLJ4,BBG001SQTS60,False
2310.SR,Sahara International Petrochemical Company,"Sahara International Petrochemical Company owns, establishes, operates, and manages industrial projects related to chemical and petrochemical industries in the Kingdom of Saudi Arabia and internationally. The company operates through Basic Chemicals, Intermediate Chemicals, Polymers, Trading, and Corporate and Others segments. It offers basic products, including methanol, butane, tetrahydrofuran, maleic anhydride, carbon monoxide, and gamma butyrolactone; and intermediate products, such as acetic acid, acetic anhydride, vinyl acetate monomer, dichloroethane, and caustic soda, as well as ethyl and butyl acetates. The company also provides polymer products consisting of low-density polyethylene (LDPE), ethylene vinyl acetate, polyvinyl acetate, polyvinyl alcohol, cross linkable and semi-conductive LDPE compounds, polypropylene, and polybutylene terephthalate. In addition, it markets and distributes other petrochemical products; offers electrical connecting wire products; and manufactures and sells molds and dies, and related services, as well as produces ethylene-vinyl acetate films. The company was formerly known as Saudi International Petrochemical Company and changed its name to Sahara International Petrochemical Company in May 2019. Sahara International Petrochemical Company was incorporated in 1999 and is headquartered in Riyadh, the Kingdom of Saudi Arabia.",SAR,Materials,Materials,Chemicals,SAU,XSAU,Saudi Arabian Stock Exchange,Saudi Arabia,,Riyadh,11383,http://www.sipchem.com,Mid Cap,SA000A0KFKK0,,BBG000BS3ZW9,BBG000BS3ZJ4,BBG001SH9YP8,False
2320.SR,Al-Babtain Power and Telecommunication Co.,"Al-Babtain Power and Telecommunication Co., established in 1955 and based in Riyadh, Saudi Arabia, specializes in delivering comprehensive infrastructure solutions for the power and telecommunications sectors, both domestically and across international markets. Its extensive range of products for power applications includes diverse outdoor lighting solutions such as functional, decorative, flag, mid-hinged, and traffic poles, along with high masts and advanced HID and LED lighting for streets, floods, and obstruction marking. The company also fabricates crucial components for electrical utilities, including transmission and distribution towers and various utility poles. In the telecommunications domain, Al-Babtain provides broadcasting and guyed masts, a variety of self-supporting towers (triangular and square designs), standard and camouflage monopoles, rapid deployment vehicles, and flexible rooftop mounting options. Furthermore, for renewable energy projects, it supplies steel support structures for concentrated solar power (CSP), fixed photovoltaic (PV) structures, solar tracker components, and solar carports. Complementing its manufacturing capabilities, the company offers specialized services, encompassing the installation, maintenance, and repair of wind energy networks, as well as the production of galvanized poles and towers.",SAR,Industrials,Capital Goods,Construction & Engineering,SAU,XSAU,Saudi Arabian Stock Exchange,Saudi Arabia,,Riyadh,11662,https://www.al-babtain.com.sa,Small Cap,SA000A0LEF64,,BBG000NXDDZ0,BBG000NXDDQ0,BBG001SQS7L0,False
2330.SR,Advanced Petrochemical Company,"Advanced Petrochemical Company, through its subsidiaries, manufactures and globally distributes a core portfolio of petrochemicals including propylene, polypropylene, and isopropyl alcohol. The company also produces polysilicon and related downstream products like photovoltaic cells. Its offerings further encompass various polypropylene types such as homopolymers, high crystalline resins, and both random and block copolymers. Additionally, the firm is involved in establishing, operating, and investing in diverse industrial projects, spanning petrochemicals, chemicals, foundational and conversion industries, and renewable energy. Its critical materials are utilized across numerous sectors, contributing to products like personal care items, fresh food packaging, lightweight plastics, construction materials, automotive components, durable textiles, and medical devices. Advanced Petrochemical Company was founded in 2005 and is headquartered in Dammam, Saudi Arabia.",SAR,Materials,Materials,Chemicals,SAU,XSAU,Saudi Arabian Stock Exchange,Saudi Arabia,,Jubail,35725-7375,https://advancedpetrochem.com,Small Cap,SA000A0LE310,,BBG000NXJ5H1,BBG000NXJ4W7,BBG001SQS8M7,False
2340.SR,Al Abdullatif Industrial Investment Company,"Al Abdullatif Industrial Investment Company, together with its subsidiaries, manufactures and sells carpets worldwide. The company offers tufted and woven carpets, BCF yarns, carpet backings, masterbatches and colors, paper tubes, blankets, and rugs. It sells its products directly to manufacturers, exporters, importers, and retailers. The company was formerly known as Saudi Carpet Factory and changed its name to Al Abdullatif Industrial Investment Company in 2007. The company was founded in 1981 and is based in Riyadh, the Kingdom of Saudi Arabia. Al Abdullatif Industrial Investment Company is a subsidiary of Al-Abdullatif Group Holding Company.",SAR,Consumer Discretionary,Consumer Durables & Apparel,"Textiles, Apparel & Luxury Goods",SAU,XSAU,Saudi Arabian Stock Exchange,Saudi Arabia,,Riyadh,11421,http://www.carpets.com,Micro Cap,SA000A0LF1T0,,BBG000PMSH05,BBG000PMSG16,BBG001SR5JJ0,False
2350.SR,Saudi Kayan Petrochemical Company,"Saudi Kayan Petrochemical Company manufactures chemicals, polymers, and specialty products. The company offers ethylene for use as a feed stock for polyethylene and ethylene glycol; propylene for use as a feed stock for polypropylene and cumene; benzene for use as a feed stock for cumene plant; polypropylene for automotive, electric appliances, hot water pipe systems fibers, and film wraps; and high and low density polyethylene for automotive gasoline tanks, pipes, bottles, and containers. It also provides ethylene oxide for use as a feed stock to ethylene glycols, polycarbonates, and ethanolamines; monoethylene glycol for use in polyester fibers, soft drinks packaging, antifreeze and coolants, heat transfer fluids, and chemical intermediates; diethylene glycol used in unsaturated polyester resin, polyurethane, plasticizer, grinding aid, gas dehydration, printing ink, and paint pigment manufacturing; and triethylene glycol for the dehydration of industrial gases and solvents, and plasticizers. In addition, the company offers cumene used as a feed stock to phenol plant; phenol for use as a feed stock to Bisphenol-A plant; acetone used in solvents, and BPA and methyl methacrylate manufacturing; bisphenol A for use in polycarbonates and epoxy resins; and polycarbonate for use in optical media, construction and housing, automotive, aircraft, electronic components, lenses, toys, hobby items, and medical appliances. Further, it provides diethanolamine, diethanolamine, and monoethanolamine used in gas sweetening, detergent and specialty cleaning formulations, concrete mixtures, foam catalysts, pharmaceuticals, personal care products, and herbicides; ethoxylates for the detergent, paint, and leather industries; N-butanol for use in solvents, plasticizers, and coatings; iso-butanol used in direct solvents, chemical intermediates, and additives; and natural detergent alcohol for use in detergents. The company was founded in 2007 and is headquartered in Jubail, Saudi Arabia.",SAR,Materials,Materials,Chemicals,SAU,XSAU,Saudi Arabian Stock Exchange,Saudi Arabia,,Jubail,31961,http://www.saudikayan.com,Small Cap,SA000A0MQCJ2,,BBG000R981Q1,BBG000R981F3,BBG001STC1T6,False
2360.SR,Saudi Vitrified Clay Pipe co.,"Saudi Vitrified Clay Pipe co. manufactures and sells vitrified clay pipes and fittings in Saudi Arabia and internationally. It offers pipes, perforated pipes, flexible joints, junctions, bends, special fittings, and accessories. The company was founded in 1977 and is headquartered in Riyadh, Saudi Arabia.",SAR,Industrials,Capital Goods,Building Products,SAU,XSAU,Saudi Arabian Stock Exchange,Saudi Arabia,,Riyadh,11442,http://www.svcp-sa.com,Micro Cap,SA000A0MSQ64,,BBG000HTVB62,BBG000HTV9D9,BBG001SP9CY8,False
2370.SR,Middle East Specialized Cables Co.,"Middle East Specialized Cables Company, together with its subsidiaries, manufactures and sells fiber optic cables, steel insulated wires and cables, copper insulated wires and cables, and aluminum insulated wires and cables in Saudi Arabia and the United Arab Emirates. The company offers instrumentation and process cables for use in oil, gas and petrochemical, automation and process control, and marine and offshore industries; building wires that are used in new constructions; power and control cables that are used in construction and industrial applications; and data and communication cables, such as co-axial, LAN, computer, telephone, and system cables. It also manufactures PVC compounds for wire and cable insulation and sheathing applications; and flexible cables used in various applications, including machine tool manufacture, power stations, heating and air conditioning installations, etc. In addition, the company produces and sells fire cables used as a fixed wiring within buildings for fire alarms systems; irrigation cables used in commercial sprinkler and irrigation systems, golf courses, public parks, plantations, and commercial produce farms; and bare copper used in earthling electrical systems and overhead electrical transmission and distribution system. The company was incorporated in 1992 and is based in Riyadh, the Kingdom of Saudi Arabia.",SAR,Industrials,Capital Goods,Electrical Equipment,SAU,XSAU,Saudi Arabian Stock Exchange,Saudi Arabia,,Riyadh,11555,https://www.mesccables.com,Small Cap,SA11TGN15119,,BBG000TH3YQ4,BBG000TH3YH4,BBG001T05HR3,False
2380.SR,Rabigh Refining and Petrochemical Company,"Rabigh Refining and Petrochemical Company engages in the development, construction, and operation of an integrated refining and petrochemical complex in the Middle East, the Asia Pacific, and internationally. The company operates through Refined Products and Petrochemicals segments. It offers polymers, such as linear low density polyethylene, high density polyethylene, homopolymer polypropylene, and impact copolymer polypropylene; and monomers, including propylene oxide and mono ethylene glycol. The company also provides refined products comprising liquefied petroleum gas, naphtha, gasoline, gas oil, fuel oil, and kerosene. Its products are used in various end products, such as plastics, detergents, lubricants, resins, coolants, anti-freeze, paint, carpets, rope, clothing, shampoo, auto interiors, epoxy glue, insulation, film, fibers, household appliances, packaging, candles, pipes, and other applications. The company was founded in 2005 and is based in Rabigh, the Kingdom of Saudi Arabia.",SAR,Energy,Energy,"Oil, Gas & Consumable Fuels",SAU,XSAU,Saudi Arabian Stock Exchange,Saudi Arabia,,Rabigh,21911,http://www.petrorabigh.com,Mid Cap,SA120GAH5617,,BBG000BTSL51,BBG000BTSK08,BBG001SHSMX4,False
2381.SR,Arabian Drilling Company,"Arabian Drilling Company (ADC) is a leading Saudi Arabian drilling contractor focused on the oil and natural gas industry, providing both land-based and marine operations. The firm offers a full spectrum of drilling solutions for the exploration and production of hydrocarbons, encompassing projects in shallow and deep offshore waters, as well as on land. ADC's expertise extends beyond primary drilling to include specialized well intervention and testing, rig deployment and relocation, and the provision of skilled manpower. The company maintains a significant operational fleet: 38 onshore rigs, ranging from medium to ultra-heavy capacity, and 7 ultra-heavy-duty jack-up rigs for its offshore ventures. Established in 1964, Arabian Drilling Company has its headquarters in Al Khobar, Saudi Arabia, and functions as a subsidiary of Industrialization & Energy Services Company.",SAR,Energy,Energy,Energy Equipment & Services,SAU,XSAU,Saudi Arabian Stock Exchange,Saudi Arabia,,Al Khobar,31952,https://www.arabdrill.com,Mid Cap,SA15L1I156H7,,BBG019QX36M7,BBG00P0PP7J5,BBG00P0PP7Y8,False
2382.SR,Ades Holding Co.,"ADES Holding Company, through its various subsidiaries, specializes in providing a comprehensive suite of oil and gas drilling and production services throughout the Middle East and Asia. The company's core operations are divided into offshore and onshore segments. For its offshore clients, ADES offers drilling, well maintenance, and mobile offshore production unit (MOPU) production capabilities, supplemented by shipboard support services such as accommodation and catering. On the onshore front, the company delivers drilling, general maintenance, and extensive repair services. Founded in 2016, ADES Holding Company maintains its headquarters in Al Khobar, United Arab Emirates.",SAR,Energy,Energy,Energy Equipment & Services,SAU,XSAU,Saudi Arabian Stock Exchange,Saudi Arabia,,Al Khobar,2203,https://adesgroup.com,Mid Cap,SA55SG6H5716,,BBG01J3CKT01,BBG01J3CKSZ5,BBG01J3CKT10,False
3001.SR,Hail Cement Company,"Hail Cement Company manufactures and sells cement in the Kingdom of Saudi Arabia and internationally. It offers ordinary Portland, sulphate resistant, and masonry cement. The company was founded in 2010 and is headquartered in Hail, the Kingdom of Saudi Arabia.",SAR,Materials,Materials,Construction Materials,SAU,XSAU,Saudi Arabian Stock Exchange,Saudi Arabia,,Hail,,http://hailcement.com,Small Cap,SA12S051ESH9,,,,,True
3002.SR,Najran Cement Company,"Najran Cement Company manufactures and sells cement products in the Kingdom of Saudi Arabia. The company offers ordinary Portland and cement resistant to salt. It also sells its products online. Najran Cement Company was founded in 2005 and is based in Najran, the Kingdom of Saudi Arabia.",SAR,Materials,Materials,Construction Materials,SAU,XSAU,Saudi Arabian Stock Exchange,Saudi Arabia,,Najran,66256,http://www.najrancement.com,Micro Cap,SA132051ET14,,BBG002W08XW3,BBG000HY33C3,BBG001T3FML1,False
3003.SR,City Cement Company,"Operating within the Kingdom of Saudi Arabia, City Cement Company is a prominent manufacturer and distributor of various cement products. Its offerings include Ordinary Portland Cement, suitable for diverse uses such as plastering, masonry, finishing, block and tile production, reinforced concrete work, and cement pipe fabrication. The company also provides Sulfate Resistant Cement, specifically designed for challenging environments like dams, underground constructions, marine and port facilities, and sewage and water treatment plants. Additionally, City Cement extends its services to environmental solutions, particularly in waste treatment and recycling. Established in 2005, the firm maintains its headquarters in Riyadh, Saudi Arabia.",SAR,Materials,Materials,Construction Materials,SAU,XSAU,Saudi Arabian Stock Exchange,Saudi Arabia,,Riyadh,12331,https://www.citycement.sa,Small Cap,SA134G51ETH6,,BBG0038ZPGD0,BBG0038ZPG31,BBG0038ZPG40,False
3004.SR,Northern Region Cement Company,"Northern Region Cement Company specializes in the production and distribution of various Portland cement types, serving both Saudi Arabia and The Hashemite Kingdom of Jordan. The company offers a comprehensive portfolio, including white Portland cement for precast, structural, and architectural concrete, along with white Portland limestone cement specifically designed for decorative concrete products and tiles. Its range also features ordinary Portland cement, an essential material for pavements, floors, buildings, bridges, railway structures, warehouses, tanks, water pipes, and general construction units. For demanding conditions, they supply sulfate-resistant grey Portland cement, ideal for concrete exposed to high sulfur environments, as well as specialized oil well cement. Beyond these, their products support diverse applications such as fountains, swimming pools, and general concrete structural reinforcement. Established in 2006, Northern Region Cement Company is headquartered in Riyadh, Saudi Arabia.",SAR,Materials,Materials,Construction Materials,SAU,XSAU,Saudi Arabian Stock Exchange,Saudi Arabia,,Riyadh,11565,https://www.nrc.com.sa,Small Cap,SA136051EU12,,BBG003PBRC32,BBG003P9NH58,BBG003P9NH67,False
3005.SR,Umm Al-Qura Cement Company,"Umm Al-Qura Cement Company produces and sells cement products. It offers ordinary portland cement, buzlana cement, resistant cement, clinker, and cement finishing products. The company was founded in 2013 and is headquartered in Riyadh, the Kingdom of Saudi Arabia.",SAR,Materials,Materials,Construction Materials,SAU,XSAU,Saudi Arabian Stock Exchange,Saudi Arabia,,Riyadh,,http://www.uacc.com.sa,Micro Cap,SA13I051EUH6,,BBG006F51QN4,BBG006F51QM5,BBG006F51QL6,False
3007.SR,Zahrat Al Waha For Trading Company,"Zahrat Al Waha For Trading Company produces and sells plastic bottles preforms and plastic caps. It operates in Asia, Africa, Europe, the Kingdom of Saudi Arabia, and Gulf countries. The company also exports its products. Zahrat Al Waha for Trading Company was founded in 2003 and is headquartered in Riyadh, the Kingdom of Saudi Arabia.",SAR,Materials,Materials,Containers & Packaging,SAU,XSAU,Saudi Arabian Stock Exchange,Saudi Arabia,,Riyadh,12814,http://www.zaoasis.com,Micro Cap,SA14C0PHEVH7,,BBG00GXWX6D3,BBG00GXWX625,BBG00GXWX634,False
3008.SR,Al Kathiri Holding Company,"Al Kathiri Holding Company manufactures, distributes, and transports cement and ready-made concrete to construction companies in the Kingdom of Saudi Arabia. It also distributes construction materials, such as gravel and various types of sand. The company was founded in 2008 and is headquartered in Riyadh, the Kingdom of Saudi Arabia.",SAR,Materials,Materials,Construction Materials,SAU,XSAU,Saudi Arabian Stock Exchange,Saudi Arabia,,Riyadh,13523-6695,http://www.alkathiriholding.com,Micro Cap,SA14T12HF015,,BBG00GQNWZG5,BBG00GQNWZF6,BBG00GQNWZH4,False
3010.SR,Arabian Cement Company,"Arabian Cement Company engages in the production, trading, and selling of cement primarily in Saudi Arabia and Jordan. It also provides building materials and other related products. The company was incorporated in 1955 and is based in Jeddah, Saudi Arabia.",SAR,Materials,Materials,Construction Materials,SAU,XSAU,Saudi Arabian Stock Exchange,Saudi Arabia,,Jeddah,23523-2113,http://www.arabiacement.com,Small Cap,SA0007879915,,BBG000H3MNJ9,BBG000H3MM29,BBG001SHK140,False
3020.SR,Yamama Saudi Cement Company,"Yamama Saudi Cement Company manufactures and sells cement in Saudi Arabia. It offers ordinary Portland, clinker and finishing, sulfate-resistant Portland, white and colored, oil-well, fast cementing Bozolani, and bacteric resistant cement. The company was founded in 1956 and is headquartered in Riyadh, Saudi Arabia.",SAR,Materials,Materials,Construction Materials,SAU,XSAU,Saudi Arabian Stock Exchange,Saudi Arabia,,Riyadh,11411,http://www.yamamacement.com,Small Cap,SA0007879451,,BBG000BGR5V6,BBG000BGR5F4,BBG001S7WFT1,False
3030.SR,Saudi Cement Company,"Saudi Cement Company produces and distributes various cement types and related construction materials, serving markets both within the Kingdom of Saudi Arabia and abroad. Their offerings include ordinary Portland cement, sulfate-resistant cement, and cement clinkers. These crucial products are supplied for numerous construction projects, ranging from large-scale infrastructure like highways, bridges, airports, seaports, railways, and metro systems, to diverse residential and commercial developments. The company was founded in 1955 and is centrally located in Dammam, Saudi Arabia.",SAR,Materials,Materials,Construction Materials,SAU,XSAU,Saudi Arabian Stock Exchange,Saudi Arabia,,Dammam,32415–7102,https://www.saudicement.com.sa,Small Cap,SA0007879469,,BBG000BHY8R5,BBG000BHY8B2,BBG001S87DS3,False
3040.SR,Qassim Cement Company,"Qassim Cement Company manufactures and sells cement and its derivatives and supplements in the Kingdom of Saudi Arabia. It offers ordinary Portland, Portland pozzolana, sulphate resistant, finishing, and limestone cement. The company was founded in 1976 and is headquartered in Buraydah, the Kingdom of Saudi Arabia.",SAR,Materials,Materials,Construction Materials,SAU,XSAU,Saudi Arabian Stock Exchange,Saudi Arabia,,Buraydah,52271-6735,http://www.qcc.com.sa,Small Cap,SA0007879493,,BBG000BJ6384,BBG000BJ62M0,BBG001S8FH50,False
3050.SR,Southern Province Cement Company,"Southern Province Cement Company engages in the production and sale of cement, clinker, and its derivatives in Saudi Arabia. The company was founded in 1978 and is headquartered in Abha, Saudi Arabia.",SAR,Materials,Materials,Construction Materials,SAU,XSAU,Saudi Arabian Stock Exchange,Saudi Arabia,,Abha,62581,http://www.spcc.sa,Small Cap,SA0007879501,,BBG000BGLGY5,BBG000BGLGQ4,BBG001S7V9J7,False
3060.SR,Yanbu Cement Company,"Yanbu Cement Company, together with its subsidiaries, engages in the manufacturing, producing, and trading in cement and related products in the Kingdom of Saudi Arabia. The company offers ordinary Portland, Pozzolana Portland, hydraulic, and sulphate resistance cement products. It also manufactures cement bags. Yanbu Cement Company was founded in 1977 and is headquartered in Jeddah, the Kingdom of Saudi Arabia.",SAR,Materials,Materials,Construction Materials,SAU,XSAU,Saudi Arabian Stock Exchange,Saudi Arabia,,Jeddah,21422,http://www.yanbucement.com,Small Cap,SA0007879519,,BBG000H43GJ3,BBG000H43FR6,BBG001SHK6R4,False
3080.SR,Eastern Province Cement Co.,"Eastern Province Cement Company produces and sells clinker and cement in the Kingdom of Saudi and internationally. It offers ordinary Portland, sulphate resisting, and finishing cement, as well as pre-cast concrete products. The company also engages in the wholesale and retail of cement, gypsum, etc. Eastern Province Cement Company is headquartered in Dammam, the Kingdom of Saudi Arabia.",SAR,Materials,Materials,Construction Materials,SAU,XSAU,Saudi Arabian Stock Exchange,Saudi Arabia,,Dammam,31412,http://www.epcco.com.sa,Small Cap,SA0007879527,,BBG000H43J70,BBG000H43H47,BBG001SHK6S3,False
3090.SR,Tabuk Cement Company,"Tabuk Cement Company manufactures and sells cement and related products for construction industries and infrastructure projects in Saudi Arabia. It offers ordinary Portland cement, sulphate resisting Portland cement, and Portland pozzolan cement. The company also engages in the establishment of factories and plants for manufacturing cement related products and construction materials; and export of cement and related products. The company was founded in 1994 and is based in Duba, Saudi Arabia.",SAR,Materials,Materials,Construction Materials,SAU,XSAU,Saudi Arabian Stock Exchange,Saudi Arabia,,Duba,,http://www.tcc-sa.net,Micro Cap,SA0007879535,,BBG000H43L02,BBG000H43KM0,BBG001SHK6V9,False
3091.SR,Al Jouf Cement Company,"Al Jouf Cement Company produces and sells cement in the Kingdom of Saudi Arabia. It provides ordinary Portland, sulphate resistant cement, and pozzolana Portland cement. The company's cement is used to build bases and foundations, bridges and towers, concert roads, sewage plants, concrete pipes, etc. The company is headquartered in Jeddah, the Kingdom of Saudi Arabia.",SAR,Materials,Materials,Construction Materials,SAU,XSAU,Saudi Arabian Stock Exchange,Saudi Arabia,,Jeddah,,http://www.joufcem.com.sa,Micro Cap,SA12JG51G9H8,,BBG001D87837,BBG000BBBDL8,BBG001T956R8,False
3092.SR,Riyadh Cement Company,"Riyadh Cement Company, headquartered in Riyadh, Saudi Arabia, is a producer and supplier of various cement products across several Middle Eastern nations. The company's market reach extends to Saudi Arabia, Bahrain, Jordan, Kuwait, Qatar, and Oman. Its diverse portfolio includes both white and grey cement, alongside specialized varieties such as white Portland, Portland limestone, sulphate resisting Portland, and ordinary Portland cement. Founded in 1997, the organization was initially known as Saudi White Cement Company before rebranding to Riyadh Cement Company in February 2021.",SAR,Materials,Materials,Construction Materials,SAU,XSAU,Saudi Arabian Stock Exchange,Saudi Arabia,,Riyadh,11391,https://www.riyadhcement.com.sa,Small Cap,SA15TGH1GA14,,BBG00WM2Y3J6,BBG00WM2Y3H8,BBG00WM2Y3K4,False
4001.SR,Abdullah Al-Othaim Markets Company,"Abdullah Al-Othaim Markets Company, together with its subsidiaries, engages in the wholesale and retail trade of food supplies and other products in the Kingdom of Saudi Arabia and Egypt. The company imports, exports, wholesales, and retails food products, wheat, rice, meat, fish, dairy products, ghee, olive, halawa, pasta, and soft drinks, as well as fruits, vegetables, and agricultural products; livestock and household items; and ready-made clothes, sport clothes, jewelry, sewing tools, bags, leather products, decorations, dropped ceilings, and vehicles spare parts. It also establishes, operates, manages, and maintains supermarkets, commercial complexes, bakeries, and cafes; and provides catering, as well as labor services regarding house workers and employment in the public and private sectors. In addition, the company maintains training and educational, entertainment, and sports centers; offers computer services for application systems and databases; establishes agriculture projects; and undertakes general contracting, electrical and electronic, and reinforcing and carpentry works, as well as construction, maintenance, demolition, and restoration works primarily for highways, roads, streets, and bridges. Further, it is involved in the vegetables and fodder cultivation, livestock, poultry breeding, and general trading businesses; acquisition of land to construct buildings for lease or sale; and contracting of buildings. The company was formerly known as Abdullah Saleh Al-Othaim Markets Company and changed its name to Abdullah Al-Othaim Markets Company in September 2007. Abdullah Al-Othaim Markets Company was founded in 1956 and is headquartered in Riyadh, the Kingdom of Saudi Arabia.",SAR,Consumer Discretionary,Consumer Durables & Apparel,Household Durables,SAU,XSAU,Saudi Arabian Stock Exchange,Saudi Arabia,,Riyadh,11531,http://www.othaimmarkets.com,Small Cap,SA1230K1UGH7,,BBG000GT0PZ4,BBG000GT0PK0,BBG001T31RP1,False
4002.SR,Mouwasat Medical Services Company,"Mouwasat Medical Services Company acquires, manages, operates, and maintains hospitals, medical centers, drug stores, and pharmacies in the Kingdom of Saudi Arabia. It operates a network of hospitals in Dammam, Jubail, Madinah, Khobar, Qatif, and Riyadh that provides a range of medical services. The company also operates skin care centers that offer clinical and cosmetic dermatology, aesthetic and reconstructive plastic surgery, weight reduction, and esthetician services; a fertility center; and a clinic for bariatric surgery. In addition, it is involved in the wholesale of medical equipment and drugs. The company was founded in 1974 and is based in Dammam, the Kingdom of Saudi Arabia.",SAR,Health Care,Health Care Equipment & Services,Health Care Providers & Services,SAU,XSAU,Saudi Arabian Stock Exchange,Saudi Arabia,,Dammam,31411,http://www.mouwasat.com,Mid Cap,SA12C051UH11,,BBG000M294S2,BBG000M294C9,BBG001T4JM80,False
4003.SR,United Electronics Company,"United Electronics Company (UEC), founded in 2002 and based in Al Khobar, Kingdom of Saudi Arabia, is a multifaceted enterprise engaged in both wholesale and retail activities across Saudi Arabia and internationally. The company operates through two primary divisions: its Retail/Wholesale Sales segment and its Consumer Finance business. Within its extensive retail and wholesale portfolio, UEC distributes a broad spectrum of items including electrical appliances, electronic devices, computers with their parts and accessories, furniture, medical supplies, and office equipment. The company also provides crucial support services such as installation, maintenance, repair, and warranty programs. Beyond its core offerings, UEC's operations extend to establishing and managing restaurants, providing third-party marketing solutions, and trading in drones. It also handles the sale of video and audio media materials, the import and export of computer software and hardware, and electronic games. Furthermore, the company is involved in maintaining electric devices and developing and managing personal properties. Specifically, UEC's retail arm features non-customized software, household appliances, toys, games, satellites, and mobile phones. Its wholesale operations encompass spare parts for a diverse range of electrical and digital equipment, including photocopiers, fax machines, telephones, cell phones, video and electric games, digital pocket assistants, printers, and various computer-related devices. A notable component of UEC's business is its consumer finance services, offered under the 'Tasheel' brand. As of April 25, 2022, United Electronics Company maintained a significant retail presence, with 48 eXtra stores operating in Saudi Arabia and an additional 53 stores located throughout the GCC countries.",SAR,Consumer Discretionary,Retailing,,SAU,XSAU,Saudi Arabian Stock Exchange,Saudi Arabia,,Al Khobar,31952,https://www.extra.com,Small Cap,SA12U0RHUHH8,,BBG0027F7RQ9,BBG0027F7RP0,BBG0027F7RR8,False
4004.SR,Dallah Healthcare Company,"Dallah Healthcare Company provides and operates healthcare programs and utilities in the Kingdom of Saudi Arabia. The company engages in operating, managing, equipping, and developing hospitals and healthcare facilities, medical policlinics, compounds, and lands; and the provision of manpower and support services to hospitals and medical centers. It also manufactures and distributes pharmaceutical, herbal, and cosmetic products to retail pharmacies, health and beauty stores, hospitals, and governmental agencies. In addition, the company engages in the management and operation of hospitals owned by third-parties; and provision of other support services. The company was formerly known as Dallah Healthcare Holding Company and changed its name to Dallah Healthcare Company in November 2016. The company was founded in 1994 and is based in Riyadh, Saudi Arabia. Dallah Healthcare Company is the subsidiary of Dallah Albaraka Group LLC.",SAR,Health Care,Health Care Equipment & Services,Health Care Providers & Services,SAU,XSAU,Saudi Arabian Stock Exchange,Saudi Arabia,,Riyadh,12381,http://www.dallahhealth.com,Mid Cap,SA135G51UI10,,BBG003H109T1,BBG003H109S2,BBG003QHTZX2,False
4005.SR,National Medical Care Company,"National Medical Care Company is dedicated to the comprehensive establishment, ownership, operation, and maintenance of healthcare facilities across the Kingdom of Saudi Arabia. Its substantial portfolio includes the 325-bed Riyadh Care Hospital, the 459-bed National Hospital, the Family Health Care Center, and the Care Company for Pharmaceutical and Medical Distribution. In addition to these institutional services, the company also provides home healthcare. Founded in 2003, it is headquartered in Riyadh, Saudi Arabia.",SAR,Health Care,Health Care Equipment & Services,Health Care Providers & Services,SAU,XSAU,Saudi Arabian Stock Exchange,Saudi Arabia,,Riyadh,11457,https://www.care.med.sa,Small Cap,SA139051UIH0,,BBG003RL3VT4,BBG003RL3VQ7,BBG003RL3VR6,False
4006.SR,Saudi Marketing Company,"Headquartered in Dammam, Saudi Arabia, Saudi Marketing Company was established in 1978. The company operates across Saudi Arabia, specializing in retail, trading, and importing, with a primary focus on foodstuffs and consumer goods. Its business is structured into three segments: Retail, Household, and Entertainment Service. The company manages its retail outlets under the Farm Superstores brand, overseeing a substantial network that includes 90 main branches and 17 mini-markets serving residential complexes. Furthermore, Saudi Marketing Company diversifies its services by operating children's play areas.",SAR,Consumer Discretionary,Retailing,Multiline Retail,SAU,XSAU,Saudi Arabian Stock Exchange,Saudi Arabia,,Dammam,31412,https://www.farm.com.sa,Micro Cap,SA13HG51UJ13,,BBG005RVGD77,BBG005RVGD68,BBG005RVGD59,False
4007.SR,Al Hammadi Company For Development and Investment,"Al Hammadi Company For Development and Investment establishes, maintains, manages, and operates hospitals and medical centers in the Kingdom of Saudi Arabia. The company operates through Medical Services and Pharmaceuticals Products segments. It is also involved in the wholesale and retail trading of medical equipment, pharmaceutical and cosmetic products, and food and beverages; and the acquisition and rental of land for constructing buildings. In addition, the company invests in various industrial projects; and establishes, operates, and maintains commercial centers. It operates three hospitals under the Al Hammadi Hospital name in Olaya, Suwaidi, and Al Nuzha districts of Riyadh. The company was founded in 1985 and is based in Riyadh, the Kingdom of Saudi Arabia.",SAR,Health Care,Health Care Equipment & Services,Health Care Providers & Services,SAU,XSAU,Saudi Arabian Stock Exchange,Saudi Arabia,,Riyadh,11534,http://www.alhammadi.com,Small Cap,SA13J051UJH4,,BBG006JKCZS0,BBG006JKB4Y3,BBG006JKB4Z2,False
4008.SR,Saudi Company for Hardware,"The Saudi Company for Hardware (4008.SR) primarily functions as a retailer and wholesaler, supplying a comprehensive range of household and office goods, including appliances and general supplies. It also provides construction and electrical tools, as well as various hardware components. Operating throughout the Kingdom of Saudi Arabia, the company is structured around two key operational divisions: Sales and Services, and Logistic Services. Beyond its core retail and wholesale activities, the firm extends its offerings to include comprehensive logistics solutions such as freight forwarding, transportation, and contract logistics services. Demonstrating a significant presence, as of January 9, 2022, SCH managed 35 retail locations spread across 19 different cities, complemented by a robust online sales channel. Established in Riyadh, Kingdom of Saudi Arabia, in 1985, the company maintains its headquarters there.",SAR,Consumer Discretionary,Retailing,,SAU,XSAU,Saudi Arabian Stock Exchange,Saudi Arabia,,Riyadh,11622,https://www.saco.sa,Micro Cap,SA13Q051UK14,,BBG008D71ZV9,BBG0022VPT58,BBG0022VPT85,False
4009.SR,Middle East Healthcare Company,"Middle East Healthcare Company is a prominent medical service provider that manages and operates an extensive network of Saudi German Hospitals throughout the Middle East and North Africa region. These facilities offer comprehensive multi-specialty tertiary care. The company's diverse hospital portfolio includes Saudi German Hospital-Jeddah with 218 beds, Saudi German Hospital-Aseer featuring 400 beds, Saudi German Hospital-Riyadh and Saudi German Hospital-Madinah each equipped with 300 beds, and Saudi German Hospital-Hail providing 150 beds. Expanding its reach further, the network also encompasses Saudi German Hospital-Dammam, offering 150 to 300 beds; Saudi German Hospital-Sanaa and Saudi German Hospital-Dubai, both with 300 beds; Saudi German Hospital-Sharjah, a 50-bed facility; Saudi German Hospital-Ajman, which has between 100 and 200 beds; and Saudi German Hospital-Cairo, accommodating 332 patients. Established in 1988, the company's primary corporate base is situated in Jeddah, Kingdom of Saudi Arabia.",SAR,Health Care,Health Care Equipment & Services,Health Care Providers & Services,SAU,XSAU,Saudi Arabian Stock Exchange,Saudi Arabia,,Jeddah,21461,https://saudigermanhealth.com/en,Small Cap,SA141H01UKH9,,BBG00BSD3S38,BBG00BSD3S10,BBG00BSD3S29,False
4011.SR,L'azurde Company for Jewelry,"L'azurde Company for Jewelry, together with its subsidiaries, produces, manufactures, forms, and forges golden wares, jewelry, precious stones, and golden alloys. It operates in Wholesale and Retail segments. The company also distributes glasses, watches, accessories, pens, perfumes, and leather products; and manages franchises and trademarks; as well as exports gold wares, alloys, and silver. It primarily operates in the Kingdom of Saudi Arabia, Egypt, the United Arab Emirates, Kuwait, the Sultanate of Oman, and Qatar. The company was founded in 1980 and is headquartered in Riyadh, the Kingdom of Saudi Arabia. L'azurde Company for Jewelry is a subsidiary of L'Azurde Holding Company.",SAR,Consumer Discretionary,Consumer Durables & Apparel,"Textiles, Apparel & Luxury Goods",SAU,XSAU,Saudi Arabian Stock Exchange,Saudi Arabia,,Riyadh,11521,http://www.lazurde.com,Micro Cap,SA1430IHULH1,,BBG00CW1DBY9,BBG000KY4VG2,BBG001T44D86,False
4012.SR,Thob Al Aseel Co.,"Thob Al Aseel Co. develops, imports, exports, wholesales, and retails fabrics and readymade clothes. It operates through Thobs and Fabrics segments. The company offers thobes, pants, underwear, pajamas, and sleeping robes, as well as miscellaneous products, such as T-shirts, ehram products, and cotton socks. It also sells women's, men's, and children's fabrics and clothing products, as well as sewing supplements. The company operates through a chain of retail outlets under the Al-Jedaie brand. Thob Al Aseel Co. was founded in 1970 and is headquartered in Riyadh, Saudi Arabia.",SAR,Consumer Discretionary,Consumer Durables & Apparel,"Textiles, Apparel & Luxury Goods",SAU,XSAU,Saudi Arabian Stock Exchange,Saudi Arabia,,Riyadh,11411,http://www.alaseel.com.sa,Small Cap,SA14TGL1UM17,,,,,False
4013.SR,Dr. Sulaiman Al Habib Medical Services Group Company,"Dr. Sulaiman Al Habib Medical Services Group Company develops, owns, and operates hospitals and medical centers. The company operates spinal surgery, vascular, general medicine, urology, dental, diabetes and endocrine, ENT, family medicine, gastroenterology, general surgery, sport medicine, rheumatology, internal medicine, nutrition, nephrology, neurology, neurosurgery, orthopedic, OB/GYN, pulmonary, psychiatry, pediatric, and pain treatment clinics. It also operates physiotherapy, plastic surgery, cardiology, dermatology, in vitro fertilization, obesity treatment, ophthalmology, and laser hair removal centers; endoscopy, speech therapy, intensive care, hematology, kidney dialysis, sleep disorder treatment, laser and Lasik eye surgery, nuclear medicine, low vision, and ER units; a tissue laboratory and radiology center; and pharmacies. Dr. Sulaiman Al Habib Medical Services Group Company was founded in 1995 and is based in Riyadh, Saudi Arabia.",SAR,Health Care,Health Care Equipment & Services,Health Care Providers & Services,SAU,XSAU,Saudi Arabian Stock Exchange,Saudi Arabia,,Riyadh,11643,http://www.hmg.com,Large Cap,SA1510P1UMH1,,BBG00QG4RJ32,BBG00QG4RJ23,BBG00QG4RJ41,False
4014.SR,Scientific and Medical Equipment House,"Scientific & Medical Equipment House engages in the maintenance and repair for medical devices, equipment and supplies. Its services include manpower, subcontractors for maintenance of specialized systems, spare parts and consumables supply, maintenance & catering. The company was founded by Saud bin Muhammad bin Nasser Al-Arifi on November 19, 1979 and is headquartered in Riyadh, Saudi Arabia.",SAR,,,,SAU,XSAU,Saudi Arabian Stock Exchange,Saudi Arabia,,Riyadh,11441,https://www.smeh.com.sa,Micro Cap,SA15GGQ1UN19,,BBG013BTYFB3,BBG013BTY8G4,BBG013BTY8J1,False
4015.SR,Jamjoom Pharmaceuticals Factory Company,"Established in 1994, Jamjoom Pharmaceuticals Factory Company, headquartered in Jeddah, Saudi Arabia, is a key player in the production and commercialization of medicinal products. The firm serves markets both within the Kingdom of Saudi Arabia and across various international regions. Its extensive product portfolio addresses a wide array of therapeutic needs, covering ophthalmology, dermatology, gastrointestinal issues, cardiovascular health, central nervous system disorders, as well as general medicine, over-the-counter remedies, and nutraceuticals/consumer health products.",SAR,Health Care,"Pharmaceuticals, Biotechnology & Life Sciences",Pharmaceuticals,SAU,XSAU,Saudi Arabian Stock Exchange,Saudi Arabia,,Jeddah,21442,https://www.jamjoompharma.com,Mid Cap,SA15QGU1UNH6,,BBG01C5P2446,BBG01C5NKDQ7,BBG01C5NKDS5,False
4016.SR,Middle East Pharmaceutical Industries Company,"Middle East Pharmaceutical Industries Company (MEPIC), established in Riyadh, Saudi Arabia, in 1998, is a global pharmaceutical entity. The company's core activities encompass the entire lifecycle of generic medicines and various pharmaceutical products, from research and development to manufacturing and sales, catering to both local and international markets. Its business operations are strategically divided into private sector, public sector, and export divisions. MEPIC offers an extensive array of products designed to address a wide range of medical conditions. This includes dermatological treatments, remedies for respiratory ailments, central nervous system disorders, digestive issues, and musculoskeletal complaints, alongside medications for the urinary and reproductive systems. Furthermore, the company provides disinfectants and a diverse portfolio of therapeutic agents covering areas such as sexual health, diabetes, cardiovascular diseases, anti-infectives, anti-parasitics, pain relief, antiseptics, and general men's and women's health. These pharmaceutical and health products are supplied in numerous formats, including creams, ointments, syrups, capsules, tablets, gels, lotions, sprays, topical solutions, and personal hygiene items like hand sanitizers, mouthwashes, and soaps. In addition to its proprietary product lines, MEPIC leverages its manufacturing capabilities to offer contract manufacturing services. The company also specializes in cosmetic products, general health aids, and nutritional supplements. Originally known as Middle East Chemical Products Factory Company, the organization officially rebranded to Middle East Pharmaceutical Industries Company in January 2006.",SAR,Health Care,"Pharmaceuticals, Biotechnology & Life Sciences",Pharmaceuticals,SAU,XSAU,Saudi Arabian Stock Exchange,Saudi Arabia,,Riyadh,11491,https://www.avalonpharmaceutical.com,Small Cap,SA160G51UO10,,BBG01L820FZ7,BBG01KJM6NK6,BBG01KJM6NL5,False
4017.SR,Dr. Soliman Abdul Kader Fakeeh Hospital Co.,"Dr. Soliman Abdel Kader Fakeeh Hospital Company, together with its subsidiaries, establishes, operates, and manages hospitals, clinics, medical, educational, and training centers in the Kingdom of Saudi Arabia. The company operates through Medical Services; Education; and Trading, Retail & Others segments. It provides various services, such as assisted reproductive therapy, audiology, bariatric surgery, pediatric, breast feeding, cardiac surgery, cardiology, chest and respiratory diseases, chiropractic medicine, dental and maxillofacial, dermatology, otorhinolaryngology, endocrinology, ophthalmology, family medicine, gastroenterology, general surgery, geriatric medicine, hematology, hyperbaric oxygen service, infectious diseases, internal medicine, interventional radiology, psychiatry, lasik surgery, nephrology, neuro surgery, neurology, nutrition, obstetrics and gynecology, oncology, orthopedics, pediatric orthopedic surgery, pediatric surgery, physical medicine and rehabilitation, plastic surgery, rheumatology, sleep disorders clinic, speech therapy, thoracic surgery, urology, and vascular surgery, as well as pain treatment and palliative care services. The company also operates AIRS, anesthesia, burn, diagnostics service, emergency medicine, endoscopy, intensive care, NICU, renal dialysis, rhinoplasty, and institute of robotic surgery facilities; establishes and manages pharmacies; and provides analysis and radiology laboratory, healthcare, medical education, and home health care services. In addition, it engages in the trading of pharmaceutical products, spectacles, and cosmetics; construction and contracting; wholesale and retail of medical equipment; and maintenance of IT equipment and software related services. The company was incorporated in 1978 and is based in Jeddah, the Kingdom of Saudi Arabia.",SAR,Health Care,Health Care Equipment & Services,Health Care Providers & Services,SAU,XSAU,Saudi Arabian Stock Exchange,Saudi Arabia,,Jeddah,21461,https://dsfhjeddah.fakeeh.care,Mid Cap,SA562GSHUOH7,,BBG01MN7NTB8,BBG01M7SFBY3,BBG01M7SFBZ2,False
4018.SR,Almoosa Health Company,"Almoosa Health Company functions as a private healthcare provider situated in Saudi Arabia. The firm engages in storing medical goods and distributing pharmaceuticals, beauty products, and single-use medical supplies. Additionally, it oversees the operation of hospitals and pharmacies, offering a comprehensive suite of services that includes critical care, active rehabilitation, extended care, in-home healthcare assistance, and health-related educational programs. Founded in 1996, the company is headquartered in Al Mubarraz, Saudi Arabia, and operates as a subsidiary of Abdulaziz bin Abdullah Almoosa Investment Company.",SAR,Health Care,Health Care Equipment & Services,Health Care Providers & Services,SAU,XSAU,Saudi Arabian Stock Exchange,Saudi Arabia,,Al Mubarraz,31982,https://almoosahealthgroup.org,Small Cap,SA1661VHUP11,,BBG01RGPS3C6,BBG0185B9QP7,BBG0185B9QS4,False
4019.SR,Specialized Medical Company,"Based in Riyadh, Saudi Arabia, and established in 1994, Specialized Medical Company operates an extensive network of hospitals, clinics, and medical centers throughout the Kingdom. Its diverse activities are categorized into two primary segments: Medical Services, and Pharmacies & Other Offerings. The company delivers a full spectrum of medical care, encompassing both diagnostic and therapeutic treatments across numerous specialties. These include urgent care, cardiology, internal and family medicine, and pediatrics. Essential ancillary services are also provided, such as laboratory diagnostics (including histopathology), advanced imaging (radiology and nuclear medicine), anesthesiology, pharmaceutical supply, and physiotherapy rehabilitation. Furthermore, Specialized Medical Company boasts comprehensive surgical capabilities, with specialized units for operating rooms, post-operative recovery, maternity (delivery), ophthalmology, general surgery, obstetrics and gynecology, urology, orthopedics, and ear, nose, and throat (ENT) procedures. Critical care is a key offering, featuring specialized intensive care units for neonates (NICU), cardiac patients (CCU), and general critical conditions (ICU). Beyond conventional medicine, the company extends its portfolio to include dermatology, anti-aging, aesthetic services, home healthcare, virtual consultations, and dentistry. In addition to its healthcare provisions, the company's ""Pharmacies & Other"" segment encompasses a range of services such as the provision of prepared and unprepared food, maintenance for hospital and other facilities, and the management and operation of restaurants, alongside other non-medical, healthy food, and food-related enterprises.",SAR,Health Care,Health Care Equipment & Services,Health Care Providers & Services,SAU,XSAU,Saudi Arabian Stock Exchange,Saudi Arabia,,Riyadh,12311-4405,https://www.smc.com.sa,Small Cap,SA16B0CHUPH2,,BBG01TV38461,BBG01TV383X3,BBG01TV383Y2,False
4020.SR,Saudi Real Estate Company,"Saudi Real Estate Company, established in Riyadh, Saudi Arabia, in 1976, functions as a diversified real estate developer. Its core business involves the construction, maintenance, and operation of both residential and commercial buildings for sale and lease. The company also delivers comprehensive project, property, and facility management solutions. Beyond property development, SRECO's activities span the production of construction materials and equipment. It undertakes extensive infrastructure projects, including the construction, expansion, cleaning, and upkeep of water, sewerage, and drainage networks. The company is also proficient in building critical transportation infrastructure such as roads, bridges, tunnels, and performing earthworks. Its capabilities extend to the installation and maintenance of utility grids, specifically electrical power and gas distribution networks, as well as telecommunication networks and towers. Furthermore, SRECO contributes to public amenities through the construction and maintenance of parks, irrigation systems, and dams, along with the upkeep and sale of precast concrete products. The company's service portfolio also includes the operation and maintenance of healthcare facilities, encompassing hospitals, medical centers, and various clinics. Additionally, it actively engages in real estate investment and offers specialized services like electrical works and landscape maintenance.",SAR,Real Estate,Real Estate,Real Estate Management & Development,SAU,XSAU,Saudi Arabian Stock Exchange,Saudi Arabia,,Riyadh,11481,https://www.al-akaria.com,Small Cap,SA0007870047,,BBG000H44W43,BBG000H44VL6,BBG001SHK765,False
4021.SR,Canadian General Medical Center Complex Company,"Canadian General Medical Center Complex Company engages in the management of hospitals and health centers in the Kingdom of Saudi Arabia. The company offers ambulance transport, medical examinations and training, home healthcare and ambulance services, medical coverage for events, medical support at industrial sites, medical support at construction sites, and medical support at onshore and offshore sites, as well as operates medical centers. It also trades in hospital tools and equipment and ambulances. The company was incorporated in 2008 and is headquartered in Dammam, the Kingdom of Saudi Arabia.",SAR,Health Care,Health Care Equipment & Services,Health Care Providers & Services,SAU,XSAU,Saudi Arabian Stock Exchange,Saudi Arabia,,Dammam,11586,https://www.canadian-mc.com,Micro Cap,SA16D04HUQH1,,BBG011MS4HG1,BBG011MS4HF2,BBG011MS4HH0,False
4030.SR,The National Shipping Company of Saudi Arabia,"The National Shipping Company of Saudi Arabia (NSCSA), along with its subsidiaries, is engaged in the acquisition, sale, and operation of a diverse fleet of vessels primarily for global cargo transportation, headquartered in the Kingdom of Saudi Arabia. Its operations are structured across several key divisions: oil transport, chemical transport, logistics, and dry bulk shipping. NSCSA is responsible for moving a range of commodities, including crude oil, petrochemical products, and liquefied petroleum gas. The company's service offerings extend to specialized technical vessel management, comprehensive logistics support, and the provision of grain packaging and storage solutions. Additionally, it acts as an agent for various maritime shipping firms, handles cargo clearance, and organizes both transport and onboard storage. NSCSA also participates in other marine transport activities and holds investments in both real estate and other corporate entities. As of December 31, 2021, the company commanded a fleet of 90 vessels, which included 47 crude oil carriers, 28 chemical tankers, 6 RoCon vessels, and 9 dry bulk carriers. Established in 1978, NSCSA maintains its corporate headquarters in Riyadh, Saudi Arabia.",SAR,Industrials,Transportation,Marine,SAU,XSAU,Saudi Arabian Stock Exchange,Saudi Arabia,,Riyadh,1142,https://www.bahri.sa,Mid Cap,SA0007870054,,BBG000H46041,BBG000H45ZM5,BBG001SHK7C8,False
4031.SR,Saudi Ground Services Company,"Saudi Ground Services Company provides ground-handling services for passengers and aircraft in the Kingdom of Saudi Arabia. It offers a range of passenger services, including arrival and transfer, passenger manifesting and seat allocation, station management, gate, and VIP services, as well as check-in services, such as boarding pass and baggage tagging, and load planning and pre-flight editing services. The company also provides baggage handling services comprising baggage sorting and transportation, and lost and found services; ramp services; cargo loading/offloading services; and fleet cleaning services, such as cabin grooming, deep cleaning, and turnaround cleaning, as well as water and toilet services. In addition, it offers operation services and traffic control services. The company was founded in 2008 and is based in Jeddah, the Kingdom of Saudi Arabia. Saudi Ground Services Company is a subsidiary of Saudi Arabian Airlines Corporation.",SAR,Industrials,Transportation,Air Freight & Logistics,SAU,XSAU,Saudi Arabian Stock Exchange,Saudi Arabia,,Jeddah,21572,http://www.saudiags.com,Small Cap,SA13R051UVH9,,BBG008N1HVT6,BBG008N1HVR8,BBG008N1HVS7,False
4040.SR,Saudi Public Transport Company,"Saudi Public Transport Company (SAPTCO) is a prominent provider of transportation solutions, serving customers both domestically within the Kingdom of Saudi Arabia and internationally. The company's diverse operations are structured across passenger services, specialized logistics, and public transportation infrastructure projects. For individuals, SAPTCO offers a range of options including school, university, and staff bus transport, private vehicle hire, extensive intercity, international, and urban transit networks, and luxury limousine services catering to both corporate and private clients. Furthermore, it operates Rekab, an innovative on-demand mobility platform. Beyond passenger conveyance, the company manages cargo and parcel delivery, provides VIP logistical support, and facilitates vehicle rentals, contract services, leasing, and charters. SAPTCO also plays a key role in the operation and upkeep of various fleets, encompassing trains, metros, motor vehicles, trucks, and buses, in addition to organizing travel tours. Founded in 1979, the company maintains its headquarters in Riyadh, Saudi Arabia.",SAR,Industrials,Transportation,Road & Rail,SAU,XSAU,Saudi Arabian Stock Exchange,Saudi Arabia,,Riyadh,11443,https://www.saptco.com.sa,Small Cap,SA0007870062,,BBG000H1YSY2,BBG000H1YRR2,BBG001SHJ7V9,False
4050.SR,Saudi Automotive Services Company,"Saudi Automotive Services Company (SASCO), established in 1981 and headquartered in Riyadh, Saudi Arabia, operates as a multifaceted service provider with a diverse portfolio. Its primary business involves managing a comprehensive network of automotive service stations throughout Saudi Arabia, offering vehicle maintenance, repair, and fuel and water transportation services. These stations are equipped with various amenities for travelers, including restrooms, motels, restaurants, and provisions for meals, drinks, and refreshments, alongside car washing and lubrication facilities. Beyond its core service station operations, SASCO is deeply involved in various other automotive sectors. This includes running an automobile association responsible for issuing international driving licenses and customs transit books. The company also imports and sells vehicles, spare parts, tools, and equipment. Furthermore, SASCO actively participates in and manages local and international car and motorcycle clubs, circuits for motorsports, and organizes racing events. SASCO's ventures extend significantly into real estate, where it engages in the acquisition, development, purchase, sale, and leasing of land and properties. The company also undertakes contracts for the construction, management, maintenance, and operation of both residential and commercial buildings, as well as road construction and infrastructure projects, including bridges. Additionally, the company diversifies its revenue through the import and supply of foodstuffs, beverages, and raw materials. Saudi Automotive Services Company also provides financial services.",SAR,Consumer Discretionary,Retailing,,SAU,XSAU,Saudi Arabian Stock Exchange,Saudi Arabia,,Riyadh,12411,https://www.sasco.com.sa,Small Cap,SA0007870070,,BBG000H20176,BBG000H1YZC0,BBG001SHJ838,False
4051.SR,Baazeem Trading Co.,"Baazeem Trading Co. operates as a FMCG distribution company. The company offers household cleaning solutions, such as sponge, scrubbers, steel wool, brooms, wipers, trash bags, food storage bags, table covers, and others; liquid detergents; cleaners; tuna; starch sprays; plastic oven bags; toilet cleaning products; and bed linens. It sells its products through business to business, discount store, and wholesale and retail channels in the United Arab Emirates, the Kingdom of Bahrain, and the Sultanate of Oman. The company was founded in 1978 and is headquartered in Riyadh, Saudi Arabia.",SAR,Industrials,Capital Goods,Industrial Conglomerates,SAU,XSAU,Saudi Arabian Stock Exchange,Saudi Arabia,,Riyadh,11451,http://baazeem.com,Micro Cap,SA14TGQHV9H8,,BBG00FZXK1C7,BBG00FZXK1B8,BBG00FZXK1D6,False
4061.SR,Anaam International Holding Group Company,"Anaam International Holding Group Company engages in food, agriculture, and estate development businesses in Saudi Arabia. The company imports, distributes, and sells frozen food products, including chicken, mutton, fish, potatoes, vegetables, fruits, and other products. It also produces grain and fodder products, such as alfalfa, corn, wheat, fruits and vegetables, tomatoes, potatoes, onions, and other products, as well as owns agricultural land with an area of 100,000,000 square meters in the fertile agricultural Albesitae northern Saudi Arabia. In addition, the company manages and leases cold and dry storage facilities; builds, manages, and maintains commercial centers; and builds, manages, and operates industrial projects. Further, it undertakes contracts to build residential complexes, commercial centers, economic cities, and industrial properties; constructs, sells, and leases buildings; leases construction machinery and equipment; and undertakes finishing works in construction, as well as provides construction maintenance, and construction materials wholesale and retail services. Anaam International Holding Group Company was founded in 1980 and is headquartered in Riyadh, Saudi Arabia.",SAR,Consumer Staples,Food & Staples Retailing,Food & Staples Retailing,SAU,XSAU,Saudi Arabian Stock Exchange,Saudi Arabia,,Riyadh,11555,http://www.anaamgroup.com,Micro Cap,SA0007870088,,BBG000KYV6L1,BBG000KYV5P9,BBG001SJSRX9,False
4070.SR,Tihama Advertising and Public Relations Co.,"Tihama Advertising and Public Relations Co. engages in the advertising in Saudi Arabia and internationally. It offers outdoor commercial advertising in Jeddah, Riyadh, Eastern Province, Western Region, and Madinah. Tihama Advertising and Public Relations Co. was founded in 1974 and is headquartered in Riyadh, Saudi Arabia.",SAR,Communication Services,Media & Entertainment,Media,SAU,XSAU,Saudi Arabian Stock Exchange,Saudi Arabia,,Riyadh,11412,http://www.tihamaholding.com/en/tihama-advertising/,Micro Cap,SA0007870096,,BBG000H24PD2,BBG000H24P51,BBG001SHJ8V7,False
4071.SR,Arabian Contracting Services Company,"Operating through its subsidiaries within Saudi Arabia, Arabian Contracting Services Company offers a broad spectrum of services. The company's primary focus includes advertising and printing, encompassing the production of commercial correspondence, invoices, and various promotional materials such as advertisements, posters, and flyers. It also provides photo engraving services, engages in the wholesale distribution of gifts and luxury goods, and orchestrates the management of exhibitions and conferences. Furthermore, the company holds a significant position in the construction sector, undertaking projects that range from the erection of residential buildings and the casting of structural bases and foundations, to the development of extensive infrastructure like bridges, tunnels, railway networks, roads, and sidewalks. Its capabilities also extend to the installation of electrical and communication wiring. Arabian Contracting Services Company was established in 1983 and is headquartered in Riyadh, the Kingdom of Saudi Arabia.",SAR,Communication Services,Media & Entertainment,Media,SAU,XSAU,Saudi Arabian Stock Exchange,Saudi Arabia,,Riyadh,11544,https://al-arabia.com,Small Cap,SA15D1I1VJH7,,BBG008P1NPK9,BBG008P1NLY3,BBG008P1NLZ2,False
4072.SR,MBC Group Co.,"MBC Group Co. functions as a prominent media conglomerate with operations spanning the United Arab Emirates, Saudi Arabia, Egypt, Iraq, the wider North African region, and other international markets. Its extensive portfolio encompasses numerous television channels tailored to diverse audiences. These include popular general entertainment options like MBC1, MBC MASR, MBC MASR 2, and MBC+ VARIETY; dedicated movie channels such as MBC2 for Hollywood films and MBC MAX; MBC3, specifically for children's programming; and drama-centric channels like MBC4, featuring Turkish, Korean, Spanish, and Arabic series, alongside MBC Drama and MBC+ DRAMA for on-demand Arabic productions. The group also offers MBC Cinq, which highlights North African cultural and historical content; MBC IRAQ, delivering premium content to Iraqi viewers; the action and sports-focused MBC Action; MBC Bollywood, an Indian entertainment channel; and MBC Persia, providing Farsi-dubbed dramas, comedies, talent shows, and movies. Music enthusiasts can enjoy WANASAH TV. Beyond its television broadcasting, MBC Group manages a collection of radio stations, namely MBC FM, Panorama FM, Loud FM, and MBC MOOD. It is also the force behind Shahid, a leading Arabic streaming platform, and operates MBC STUDIOS, its internal production division. The company actively nurtures media talent through MBC ACADEMY, an educational and training initiative, and MBC TALENT, a specialized creative community agency for the entertainment sector. Its digital footprint includes the WIZZO mobile gaming application, GOBX for accessing free-to-air channels, and interactive engagement platforms such as DREAM and FlashWin. Furthermore, MBC Group provides a broad spectrum of services, including artist, producer, and talent management, complemented by music publishing, tour organization, and merchandise. It delivers advertising and content development solutions, manages events and exhibitions, and specializes in media content production. The company also engages in e-commerce, offering technical management for digital platforms and participating in the brokerage, creation, and distribution of artwork. Founded in 1991, MBC Group Co. is headquartered in Riyadh, Kingdom of Saudi Arabia, and operates as a subsidiary of Al Istedamah Holding Company.",SAR,Communication Services,Media & Entertainment,Media,SAU,XSAU,Saudi Arabian Stock Exchange,Saudi Arabia,,Riyadh,12511,https://www.mbc.net,Small Cap,SA15U0CHVK19,,BBG01KDS38S7,BBG00GMHZ824,BBG00GMHZ833,False
4080.SR,Sinad Holding Company,"Sinad Holding Company, Tourism and Manufacturing Co., an investment holding company, engages in the industry, trade, tourism, agriculture, real estate development, and contracting activities. It invests in preserved food, real estate development, building and construction materials, electrical and electronic home appliances, petrochemical and derivatives, and financial and service sectors. The company was founded in 1977 and is headquartered in Abha, Saudi Arabia. Sinad Holding Company, Tourism and Manufacturing Co. is a subsidiary of Dallah Albaraka Holding Company.",SAR,Industrials,Capital Goods,Industrial Conglomerates,SAU,XSAU,Saudi Arabian Stock Exchange,Saudi Arabia,,Abha,,http://www.aseercorp.com.sa,Micro Cap,SA0007870104,,BBG000H24QN9,BBG000H24Q31,BBG001SHJ8Y4,False
4081.SR,Nayifat Finance Company,"Operating as a non-banking financial institution, Nayifat Finance Company specializes in providing Shariah-compliant financing to individuals and businesses across the Kingdom of Saudi Arabia. Its offerings encompass a range of financial products, including lease finance, funding for small and medium-sized enterprises (SMEs), personal consumer loans, and credit card services. The company was founded in 2002 and is based in Riyadh, Saudi Arabia.",SAR,Financials,Diversified Financials,Consumer Finance,SAU,XSAU,Saudi Arabian Stock Exchange,Saudi Arabia,,Riyadh,12253-2105,https://www.nayifat.com,Small Cap,SA15DGH1VOH4,,BBG00NRWGTT7,BBG00NRWGTS8,BBG00NRWGTV4,False
4082.SR,Morabaha Marina Financing Company,"Morabaha Marina Financing Company, established in 2012 and headquartered in Riyadh, Saudi Arabia, provides diverse financial services across the Kingdom. These offerings encompass financial leasing, along with funding solutions tailored for small and medium-sized enterprises (SMEs) and individual consumers. The company operates through distinct divisions including Retail, SMEs, and Digital Payments, with the latter also extending electronic wallet services.",SAR,Financials,Diversified Financials,Consumer Finance,SAU,XSAU,Saudi Arabian Stock Exchange,Saudi Arabia,,Riyadh,12385,https://www.mrna.sa,Micro Cap,SA15QG71VP17,,BBG01GVCV6G7,BBG01GVCT6S7,BBG01GVCT6T6,False
4083.SR,United International Holding Company,"Operating across Saudi Arabia, United International Holding Company and its affiliates deliver a suite of digital financial solutions to consumers. These primarily involve personal loans, installment payment options, and credit card facilities. Beyond its consumer-facing activities, the company also offers a variety of support services to financial institutions and other businesses. These B2B offerings include managing processing operations, providing remote technical assistance, ensuring data backup, facilitating card payments, and supplying general technical expertise. Additionally, they handle call center operations, application processing, and comprehensive IT support for their corporate clients. Established in 2021, United International Holding Company is headquartered in Al Khobar, Saudi Arabia, and functions as a subsidiary of United Electronics Company.",SAR,Financials,Diversified Financials,Capital Markets,SAU,XSAU,Saudi Arabian Stock Exchange,Saudi Arabia,,Al Khobar,31952,https://www.unitedholding.com.sa,Small Cap,SA165I21VPH1,,BBG01QFT52S1,BBG01QFT52R2,BBG01QFT52T0,False
4084.SR,Derayah Financial Company,"Derayah Financial Co. is a financial firm that offers brokerage services, advisory and custody solutions, acts as both principal and agent, and manages and arranges securities. It operates through the following segments: Brokerage and Trading, Asset Management, Murabaha, Investment, and Advisory. The Brokerage and Trading segment provides brokerage services and trading facilities for various financial instruments, along with financing options like margin, Murabaha, and free financing. The Asset Management segment earns fees from the discretionary management of portfolios, funds, real estate, and alternative investments. The Investment segment engages in managing proprietary investments, primarily focusing on funds it manages. The Murabaha segment engages in generating special commission income from clients' money accounts and its own investments. The Advisory segment engages in advising clients on integrated investment solutions, including investment strategy, manager selection, and program strategies for institutional and individual investors. The company was founded by Taha Al-Kuwaiz in 2009 and is headquartered in Riyadh, Saudi Arabia.",SAR,Financials,Diversified Financials,Capital Markets,SAU,XSAU,Saudi Arabian Stock Exchange,Saudi Arabia,,Riyadh,12331,https://web.derayah.com,Small Cap,SA1690F1VQ15,,BBG01S463G46,BBG00VCVRZS2,BBG00VCVRZT1,False
4090.SR,Taiba Investments Co.,"Taiba Investments Co. invests in, owns, buys, sells, leases, operates, maintains, and manages real estate properties in Saudi Arabia. The company also invests in, owns, operates, maintains, and manages hotels, hospitals, and recreational and tourist facilities; and operates, maintains, and manages cities, and public and private facilities. In addition, the company is involved in architectural, civil, mechanical, and electrical contracting; and agricultural, industrial, and mining activities. Further, it is involved in the provision of credit and mortgage services. The company was formerly known as Taiba Holding Co. and changed its name to Taiba Investments Co. in May 2019. Taiba Investments Co. was founded in 1988 and is headquartered in Medina, Saudi Arabia.",SAR,Real Estate,Real Estate,Real Estate Management & Development,SAU,XSAU,Saudi Arabian Stock Exchange,Saudi Arabia,,Medina,41472,http://www.taiba.com.sa,Mid Cap,SA0007879790,,BBG000H24RY5,BBG000H24R11,BBG001SHJ8Z3,False
4100.SR,Makkah Construction & Development Company,"Makkah Construction & Development Company invests in, buys, develops, owns, manages, and rents real estate properties in the Kingdom of Saudi Arabia. It also undertakes engineering, construction, reconstruction, maintenance, demolition, and survey works. The company was founded in 1989 and is headquartered in Mecca, the Kingdom of Saudi Arabia.",SAR,Industrials,Capital Goods,Construction & Engineering,SAU,XSAU,Saudi Arabian Stock Exchange,Saudi Arabia,,Mecca,21955,http://www.mcdc.com.sa,Mid Cap,SA0007879659,,BBG000H24VD9,BBG000H24TK6,BBG001SHJ936,False
4110.SR,Batic Investments and Logistics Company,"Batic Investments and Logistics Co. invests in logistic, private security, and related technologies in the Kingdom of Saudi Arabia. It provides ground and refrigerated transport. The company was founded in 1984 and is headquartered in Riyadh, the Kingdom of Saudi Arabia.",SAR,Industrials,Transportation,Transportation Infrastructure,SAU,XSAU,Saudi Arabian Stock Exchange,Saudi Arabia,,Riyadh,11472,http://www.batic.com.sa,Micro Cap,SA0007879808,,BBG000H25XZ0,BBG000H25X35,BBG001SHJ945,False
4130.SR,Darb Saudi Investment Company,"Saudi Darb Investment Co. specializes in launching a variety of industrial ventures. Its scope of work includes acquiring and preparing land for the establishment of agricultural and livestock endeavors, developing recreational and tourism amenities, and managing cold storage facilities alongside maintenance and repair workshops. The firm operates through distinct divisions, which comprise its Head Quarter, Poultry Farms, a Leather Factory, the Cable Car Project, and Rental services. This company was inaugurated on November 30, 1992, and its main office is situated in Riyadh, Saudi Arabia.",SAR,Industrials,Capital Goods,Industrial Conglomerates,SAU,XSAU,Saudi Arabian Stock Exchange,Saudi Arabia,,Riyadh,22888,https://albahacompany.com,Micro Cap,SA0007879667,,BBG000H25YS6,BBG000H25YD2,BBG001SHJ954,False
4140.SR,Saudi Industrial Export Company,"Saudi Industrial Export Company provides supply chain and trade solutions in the Middle East and African regions. The company engages in the wholesale of lubricating oils and refined petroleum products, cement, gypsum and the like, raw plastic materials, and rubber and synthetic fibres. It offers payment alternatives and financing solutions to fund and expand operations; commodity exchange solutions and warehouse management systems; and commercial insurance protection services. It also provides physical movement of goods services for import and export, including drayage to and from ports; negotiated trucking, air, and containership contracted rates; coverage of all lanes and capacity requirements; value-added services, packaging, kitting, and processing; collateral management agreements; and chartering services/bulk logistics. In addition, the company offers integrated information flow solutions, including internal market research data mine and IQ International capabilities; SaaS ecommerce platform for trading, product cataloging, vendor profiles, and routing guide compliance; configures, manages, and expands B2B storefronts; control tower visibility across entire supply chain; transactions across all currencies; and bid options on required services. Saudi Industrial Export Company was incorporated in 1990 and is headquartered in Riyadh, the Kingdom of Saudi Arabia.",SAR,Industrials,Capital Goods,Trading Companies & Distributors,SAU,XSAU,Saudi Arabian Stock Exchange,Saudi Arabia,,Riyadh,4199,https://siec.com.sa,Micro Cap,SA0007879675,,BBG000H462M7,BBG000H46265,BBG001SHK7D7,False
4141.SR,Al-Omran Industrial Trading Company,"Established in 2003 and based in Riyadh, Saudi Arabia, Al-Omran Industrial Trading Company is a comprehensive provider engaged in the manufacturing, importing, distribution (wholesale and retail), and export of a broad spectrum of household and electronic products. Their extensive inventory includes major appliances like air conditioners (and their spare parts), refrigerators, freezers, and water coolers. The company also offers cutlery such as spoons and forks, various plastic goods including knives, chairs, containers, and refrigerator door profiles, as well as retail fixtures like shopping carts and display shelves. Additionally, their portfolio extends to metal, paper, and cardboard products, alongside specialized fittings and other industrial components.",SAR,Industrials,Capital Goods,Machinery,SAU,XSAU,Saudi Arabian Stock Exchange,Saudi Arabia,,Riyadh,11511,https://www.alomranco.com,Micro Cap,SA153H820MH5,,BBG00FZX3L69,BBG00FZWZ9T8,BBG00FZWZ9V5,False
4142.SR,Riyadh Cables Group Company,"Riyadh Cables Group Company, established in Riyadh, Saudi Arabia, in 1984, is a prominent manufacturer and supplier specializing in a wide array of wires and cables. The firm primarily serves the power transmission and telecommunications sectors within the Kingdom of Saudi Arabia, in addition to exporting its products to approximately 34 countries worldwide. Its extensive product offerings include standard wires; low, medium, high, and extra-high voltage cables; and specialized overhead line conductors, such as aerial bundle cables and high-temperature low-sag conductors. The company also provides instrumentation and control cables, renewable energy cables, and fiber optic and telephone cables. Furthermore, it produces essential raw materials like copper and aluminum rods, XLPE and PVC insulation compounds, and wooden and steel drums. Beyond manufacturing, Riyadh Cables Group Company delivers a comprehensive suite of services. These encompass cable installation, jointing, on-site testing and commissioning, system design for both cables and installations, and technical training. The company also offers ongoing monitoring, repair, and maintenance support for its solutions.",SAR,Industrials,Capital Goods,Electrical Equipment,SAU,XSAU,Saudi Arabian Stock Exchange,Saudi Arabia,,Riyadh,11496,https://www.riyadh-cables.com,Mid Cap,SA15LGLI0N19,,BBG01BBBYZJ2,BBG01BBBYZH4,BBG01BBBYZL9,False
4143.SR,Al Taiseer Group Talco Industrial Co.,"Al Taiseer Group TALCO Industrial Company, established in 1976 and headquartered in Riyadh, Saudi Arabia, specializes in the comprehensive design, production, and distribution of a wide array of aluminum products. The company's offerings include advanced aluminum extrusion, various decorative surface finishes, and crucial thermal barriers. These versatile products are extensively utilized across numerous applications, such as architectural elements like building facades, towers, doors, windows, and curtain walls, as well as components for kitchens, truck bodies, scaffolding, metal and general formwork, sun insulators, electrical cable carriers, stairs, and air conditioning networks.",SAR,Materials,Materials,Metals & Mining,SAU,XSAU,Saudi Arabian Stock Exchange,Saudi Arabia,,Riyadh,11442,https://altaiseer.com,Small Cap,SA162GLI0NH7,,BBG01MZRSN92,BBG01MZRSN83,BBG01MZRSNC8,False
4144.SR,Raoom trading Company,"Raoom Trading Co. engages in the manufacture and trading of all kinds of glass products, such as transparent, colored and reflective, in addition to all types of mirrors, lexan, crystal and decorative accessories, in various sizes and measurements to meet all architectural, and engineering requirements. The company was founded on August 4, 1992 and is headquartered in Buraydah, Saudi Arabia.",SAR,Materials,Materials,Construction Materials,SAU,XSAU,Saudi Arabian Stock Exchange,Saudi Arabia,,Buraydah,13413,https://raoomco.com,Micro Cap,SA168J0I0O19,,BBG00PNJ78S2,BBG00PNJ78R3,BBG00PNJ78T1,False
4145.SR,Al Obeikan Glass Company,"Al Obeikan Glass Company specializes in the wholesale and retail distribution of chemicals and diverse glass products, serving markets both domestically in Saudi Arabia and internationally. The company operates through distinct Glass and Aluminum segments. Beyond its core offerings, Al Obeikan is involved in quarry management and the operation of sand and gravel mines, including associated crushing facilities. It also manufactures and supplies a range of glass types, such as float, laminated, and insulating glass, primarily utilized in construction. Additionally, the firm offers consultation services. Established in 2006, Al Obeikan Glass Company is headquartered in Riyadh, Kingdom of Saudi Arabia.",SAR,,,,SAU,XSAU,Saudi Arabian Stock Exchange,Saudi Arabia,,Riyadh,12244,https://www.obeikanglass.sa,Micro Cap,SA16BGJ20OH1,,BBG013XV39Z6,BBG013XV2P45,BBG013XV2P81,False
4146.SR,Gas Arabian Services Co.,"Gas Arabian Services Co. (GASCO) is a Saudi Arabian enterprise offering a comprehensive array of solutions across automation, instrumentation, field support, mechanical work, and piping throughout the Kingdom. Its operations are structured into three distinct divisions: Technical Services, Trading, and Manufacturing. The Technical Services segment specializes in providing skilled personnel and executing complex engineering projects. Through its Trading division, the company supplies a wide range of industrial components, including electrical, mechanical, hydromechanical, and petroleum-related equipment, alongside other specialized technical apparatus. The Manufacturing arm focuses on producing and distributing vital industrial goods such as piping spools, fabricated structural steel, pressure reduction units, and various other crucial components. GASCO's diverse client base spans critical sectors including oil and gas, petrochemicals, power generation, metallurgy, water and desalination, and mining. Established in 1992, the company maintains its primary operations in Dammam, Saudi Arabia.",SAR,Energy,Energy,Energy Equipment & Services,SAU,XSAU,Saudi Arabian Stock Exchange,Saudi Arabia,,Dammam,32241-5150,https://gasarabian.com,Small Cap,SA16D0820P10,,BBG013WSQQB7,BBG00FQTKKM3,BBG00FQTKKN2,False
4147.SR,Consolidated Grunenfelder Saady Holding Company,"Consolidated Grunenfelder Saady Holding Company specializes in the production of diverse refrigeration and cold-storage systems. Its product portfolio includes temperature-regulated logistics vehicles, comprehensive industrial and commercial cooling solutions, and portable cold storage units. Furthermore, the company develops offerings such as telecommunications solutions, offshore and land-based containers, mobile medical clinics, and specialized defense and automotive systems. Their clientele encompasses a broad spectrum of industries, including agriculture, telecommunications, dairy, poultry and general farming, aquaculture, the food and beverage sector, and quick-service restaurant chains. The firm was established in 1976 and maintains its headquarters in Riyadh, Saudi Arabia.",SAR,Industrials,Capital Goods,Machinery,SAU,XSAU,Saudi Arabian Stock Exchange,Saudi Arabia,,Riyadh,11383,https://www.cgs.com.sa,Micro Cap,SA16DG520PH3,,BBG01Y73BZJ0,BBG01Y73BZH2,BBG01Y73BZP3,False
4148.SR,Alwasail Industrial Company,"Alwasail Industrial Company, founded in 1979 and headquartered in Buraydah, Saudi Arabia, is a key manufacturer and supplier of polyethylene pipes and fittings. The company's operations span the Kingdom of Saudi Arabia, Egypt, Oman, and the United Arab Emirates, supplemented by international exports. Its comprehensive product range includes pipes tailored for irrigation, water supply, gas distribution, industrial applications, wastewater drainage, and telecommunications ducts. Additionally, Alwasail provides various fittings such as barbed, compression, electrofusion, and economical options. Beyond manufacturing, the company also acts as a wholesaler for a diverse array of plastic materials, rubber, synthetic fibers, and plastic pipes, hoses, tubes, components, and accessories. These offerings are widely utilized across numerous sectors, including irrigation, water management, telecommunications, electrical infrastructure, industrial operations, oil and gas, wastewater management, and building sanitation. The company, originally known as Alwasail Agricultural Company, rebranded to Alwasail Industrial Company in 1990.",SAR,Materials,Materials,Chemicals,SAU,XSAU,Saudi Arabian Stock Exchange,Saudi Arabia,,Buraydah,81452,https://www.alwasail.com,Micro Cap,SA16GG1I0Q10,,BBG013WXVP31,BBG013WXVP22,BBG013WXVP59,False
4150.SR,Arriyadh Development Co.,"Arriyadh Development Co. builds, manages, rents, and sells facilities, commercial and residential buildings, prefabricated buildings, government buildings, service buildings, public parks, and tourism and residential compounds in Saudi Arabia. It also engages in the management, rental, and sale of construction projects, commercial and industrial exhibitions, and renovations of residential and non-residential buildings. The company was founded in 1993 and is headquartered in Riyadh, Saudi Arabia.",SAR,Real Estate,Real Estate,Real Estate Management & Development,SAU,XSAU,Saudi Arabian Stock Exchange,Saudi Arabia,,Riyadh,11462,http://www.ardco.com.sa,Small Cap,SA0007879683,,BBG000H264G4,BBG000H263P6,BBG001SHJ9G2,False
4160.SR,Thimar Development Holding Company,"Operating within the Kingdom of Saudi Arabia, Thimar Development Holding Company focuses on the distribution and sale of agricultural and food products through marketing, wholesale, and retail channels. Its offerings encompass a variety of fresh, chilled, and frozen meat products, alongside livestock. The company also extends its activities to include managing and maintaining agricultural endeavors, as well as overseeing the operation of central wholesale marketplaces. Established in 1987, Thimar Development Holding's corporate headquarters are located in Riyadh. The firm adopted its current name in November 2021, having formerly operated as the National Agricultural Marketing Company.",SAR,Consumer Staples,Food & Staples Retailing,Food & Staples Retailing,SAU,XSAU,Saudi Arabian Stock Exchange,Saudi Arabia,,Riyadh,,https://thimar.com.sa,Micro Cap,SA0007879816,,BBG000H26599,BBG000H26517,BBG001SHJ9H1,False
4161.SR,Bin Dawood Holding Company,"Bin Dawood Holding Company engages in retail trading of foodstuff and household items. The company is also involved in the wholesale of bakery and related products to commercial supermarkets. It operates 74 hypermarkets and supermarkets under the BinDawood and Danube brands in the Kingdom of Saudi Arabia. The company was founded in 1984 and is headquartered in Jeddah, the Kingdom of Saudi Arabia.",SAR,Consumer Staples,Food & Staples Retailing,Food & Staples Retailing,SAU,XSAU,Saudi Arabian Stock Exchange,Saudi Arabia,,Jeddah,21530,http://www.bindawoodholding.com,Small Cap,SA154HG210H6,,BBG00VHJCK58,BBG00VHJCK49,BBG00VHJCK67,False
4162.SR,Almunajem Foods Company,"Operating within Saudi Arabia, Almunajem Foods Company specializes in procuring, promoting, and supplying a diverse array of frozen, refrigerated, and ambient food products. In addition to food distribution, the company extends its expertise to logistics, providing essential warehousing and transport solutions. Its extensive product portfolio encompasses various categories such as poultry (including chicken and derived products), a range of meats, and dairy items like cheeses, butter, cream, and evaporated milk. Further offerings include French fries, olives and olive oil, seafood, fruits (notably avocado pulp), and basmati rice. These products reach consumers and businesses via wholesale, retail, and dedicated food service channels. The company's broad client base spans the food service sector, serving caterers, airlines, hotels, various restaurant types (fast food, traditional, luxury), cafes, and juice establishments. It also supplies large format retailers like hypermarkets, supermarkets, and superstores, alongside smaller outlets such as mini-markets, baqalas, independent retailers, and directly serves individual purchasers. Established in 1950, Almunajem Foods Company operates from its headquarters in Riyadh, Saudi Arabia, functioning as a subsidiary of the Abdullah Ali Almunajem Sons Company.",SAR,Consumer Staples,Food & Staples Retailing,Food & Staples Retailing,SAU,XSAU,Saudi Arabian Stock Exchange,Saudi Arabia,,Riyadh,12334 3269,https://www.almunajemfoods.com,Small Cap,SA15DGU21117,,BBG012QVH9C6,BBG012QVH6J5,BBG012QVH6K3,False
4163.SR,Al-Dawaa Medical Services Company,"Al-Dawaa Medical Services Company operates as a prominent pharmaceutical retail enterprise throughout the Kingdom of Saudi Arabia, conducting its business through distinct retail and wholesale divisions. The company provides a comprehensive selection of products, including pharmaceuticals, fragrances, beauty accessories, cosmetics, and other general healthcare items. Beyond its core sales operations, Al-Dawaa is actively involved in managing pharmacies, overseeing pharmaceutical warehouses, retailing medical equipment, offering land transportation for goods, managing self-storage facilities, and providing marketing services for external entities. It also serves as a pharmaceutical agent. The company connects with customers via an extensive network of 837 pharmacies, augmented by its online and wholesale distribution channels. Al-Dawaa Medical Services Company was established in 1991 and is based in Al Khobar, Saudi Arabia.",SAR,Health Care,"Pharmaceuticals, Biotechnology & Life Sciences",Pharmaceuticals,SAU,XSAU,Saudi Arabian Stock Exchange,Saudi Arabia,,Al Khobar,31952,https://www.al-dawaa.com.sa,Small Cap,SA15H14I11H6,,BBG014SY3421,BBG014SY3412,BBG014SY3494,False
4164.SR,Nahdi Medical Company,"Nahdi Medical Company stands as a prominent pharmaceutical retail chain with operations spanning both the Kingdom of Saudi Arabia and the United Arab Emirates. Its extensive product portfolio encompasses a diverse range of pharmaceutical goods, health and wellness items, maternal and infant care essentials, beauty products, and various fast-moving consumer goods. Beyond retail, Nahdi provides a comprehensive suite of omni-health services, including polyclinics, rapid-care clinics, telemedicine platforms, laboratory facilities, and home healthcare programs. The company is also actively involved in the wholesale and retail distribution of cosmetics, medicines, specialized dietary products, healthy food options, and medical equipment. With approximately 1,151 pharmacies under its management, Nahdi Medical Company was established in 1986 and maintains its headquarters in Jeddah, Saudi Arabia. It operates as a subsidiary under the umbrella of both Alnahdi Holding Company Limited and Saudi Economic and Development Company Limited.",SAR,Health Care,"Pharmaceuticals, Biotechnology & Life Sciences",Pharmaceuticals,SAU,XSAU,Saudi Arabian Stock Exchange,Saudi Arabia,,Jeddah,23715-3985,https://www.nahdi.sa,Mid Cap,SA15HG521213,,BBG015JNKR59,BBG001BC9K31,BBG001TL1M36,False
4165.SR,Al Majed Oud Co.,"Operating across Saudi Arabia and the broader Gulf region, Al Majed Oud Co. specializes in the wholesale and retail of an extensive range of fragrances. Its offerings encompass traditional scents such as oud, musk, incense, and saffron, as well as a diverse selection of oriental and western perfumes. Beyond its core fragrance business, the company's retail segment includes cosmetics, bags, eyewear, antiques, gift items, and ornamental flowers. Al Majed Oud also undertakes the manufacturing of various products, including air fresheners, deodorizers, distinct men's and women's perfumes, oud oil, and agarwood and incense articles. Furthermore, it provides blending and packaging services for perfumes, essential oils, and botanicals. Consumers can access these products through the company's network of stores and its e-commerce platform. Established in 1956, Al Majed Oud Co. maintains its principal office in Riyadh, Saudi Arabia.",SAR,Consumer Discretionary,Retailing,,SAU,XSAU,Saudi Arabian Stock Exchange,Saudi Arabia,,Riyadh,13321,https://almajed4oud.com,Small Cap,SA164HF212H1,,BBG01PD2DNX3,BBG01PD2DNV5,BBG01PD2DP22,False
4170.SR,Tourism Enterprises Co.,"Tourism Enterprises Co. specializes in overseeing a variety of commercial and hospitality properties across the Kingdom of Saudi Arabia. The firm's extensive management portfolio encompasses facilities such as vacation chalets, motels, hotels, recreational parks, dining establishments, urban developments, play areas, aquatic centers, rest stops, and central service hubs, in addition to other related offerings. A key asset under its direct ownership and operation is the Palm Beach Resort. The company was established in 1991 and maintains its primary base of operations in Dammam, Saudi Arabia.",SAR,Consumer Discretionary,Consumer Services,"Hotels, Restaurants & Leisure",SAU,XSAU,Saudi Arabian Stock Exchange,Saudi Arabia,,Dammam,31482,https://www.shamstourism.com.sa,Micro Cap,SA0007879824,,BBG000CNQ2X6,BBG000CNQ1G7,BBG001SFLZR3,False
4180.SR,Fitaihi Holding Group,"Fitaihi Holding Group provides gold, jewelry, and luxury products primarily in Saudi Arabia. The company offers gifts, crystal and silverware products, antiques, chinaware, textiles, leather goods, chocolates, bed-linen, toilet sets, and accessories, as well as men's, women's, and children's wear products. It also produces agricultural products comprising wheat, potato, onion, fruits, fodder, honey, yellow corn, olive, and olive oil products, as well as animal products. In addition, the company engages in the cleaning and operation of factories, companies, buildings, and shops; and offers public, air conditioner, machinery, equipment, vehicle and device maintenance, and commercial services. Further, it is involved in the investment business, as well as operates healthcare facilities. The company retails its products and acts as an agent/distributor of various brand names, including Mont Blanc, Dunhill, Sarcar, Louis Erard, Saint Louis, Scintilla Monaco, Marina B, Talento, Rebecca, Robbe & Berking, Moser, Guy DeGrenne, Aynsley, Noritake, Nachtmann, Fratelli Rosetti, Derek Rose, Fabio Inghirami, Lanvin, Zimmerli, etc. It also exports its products. Fitaihi Holding Group was founded in 1907 and is based in Jeddah, Saudi Arabia.",SAR,Consumer Discretionary,Consumer Durables & Apparel,"Textiles, Apparel & Luxury Goods",SAU,XSAU,Saudi Arabian Stock Exchange,Saudi Arabia,,Jeddah,22234,http://www.fitaihi.com.sa,Micro Cap,SA0007879832,,BBG000H277W8,BBG000H265Z0,BBG001SHJ9J9,False
4190.SR,Jarir Marketing Company,"Jarir Marketing Company, together with its subsidiaries, engages in the retail and wholesale trading of office and school supplies. It operates through Retail Outlets and Wholesale segments. The company sells office supplies, school supplies, books, computers and peripherals, computer supplies, smartphones and accessories, electronics, art and craft supplies, video games, smart TV's, and kids' development products, as well as after-sale services. It is also involved in the online sale of products through Jarir.com website and Jarir Bookstore app; and investment of office, retail, and residential properties. Jarir Marketing Company sells its products under the Jarir bookstore brand name. As of April 12, 2021, the company had 64 retail showrooms in the Kingdom of Saudi Arabia and other Gulf countries. Jarir Marketing Company was founded in 1974 and is headquartered in Riyadh, the Kingdom of Saudi Arabia.",SAR,Consumer Discretionary,Retailing,Specialty Retail,SAU,XSAU,Saudi Arabian Stock Exchange,Saudi Arabia,,Riyadh,11471,http://www.jarir.com,Mid Cap,SA000A0BLA62,,BBG000Q4KSN3,BBG000Q4KRR1,BBG001SM66J8,False
4191.SR,Abdullah Saad Mohammed Abo Moati Stationaries Company,"Abdullah Saad Mohammed Abo Moati Stationaries Company operates bookstores in the Kingdom of Saudi Arabia. Its stores offer stationery products and ink. As of April 26, 2021, the company operates 11 retail showrooms in the Kingdom of Saudi Arabia. The company is based in Riyadh, Saudi Arabia.",SAR,Consumer Discretionary,Retailing,Specialty Retail,SAU,XSAU,Saudi Arabian Stock Exchange,Saudi Arabia,,Riyadh,11423,http://www.abomoati.com,Micro Cap,SA14TGAI1FH7,,BBG00FZXJ317,BBG00FZXJ1V8,BBG00FZXJ1W7,False
4192.SR,Al-Saif Stores for Development & Investment Company,"Al-Saif Stores for Development & Investment Co. operates as an investment holding company. It also provides manufacture and sale of kitchen supplies and electrical appliances in the Kingdom, extending from the central region to the eastern, western and northern regions. The company was founded in 1993 and is headquartered in Al Taawun, Saudi Arabia.",SAR,Consumer Discretionary,Retailing,,SAU,XSAU,Saudi Arabian Stock Exchange,Saudi Arabia,,Riyadh,11626,https://alsaifgallery.com,Small Cap,SA15M1PI1G19,,BBG01BJHXDZ3,BBG01BJHXDY4,BBG01BJHXF06,False
4193.SR,Nice One Beauty Digital Marketing Company,"Nice One Beauty Digital Marketing Company functions as an online retail platform. It offers a diverse range of products for sale, including personal care items, fragrances, various textiles, clothing and footwear, leather accessories, electronic gadgets, and beauty products. The company primarily caters to consumers across the Kingdom of Saudi Arabia.",SAR,Consumer Discretionary,Retailing,,SAU,XSAU,Saudi Arabian Stock Exchange,Saudi Arabia,,Riyadh,13522,https://niceonesa.com,Small Cap,SA1660HI1GH4,,BBG01R0G8JX7,BBG01R0G8JM9,BBG01R0G8JN8,False
4194.SR,Marketing Home Group Company for Trading Company,"Marketing Home Group Company for Trading Company, established in 2005 and based in Riyadh, Saudi Arabia, operates as a multifaceted trading enterprise across the Kingdom of Saudi Arabia, the UAE, China, Spain, and Egypt. Its diverse operations encompass on-site construction of modular buildings and the refurbishment of both residential and commercial properties. The company is a significant wholesaler of various goods, including fragrant woods like agarwood and incense, perfumes, and a comprehensive range of building materials such as bricks, tiles, natural stone, marble, ceramics, porcelain, sanitary fixtures, water heaters, and storage tanks. Additionally, it conducts retail sales of sanitary ware (including sinks, chairs, bathtubs, and sauna equipment), electrical appliances, premium stone products, chandeliers, lighting solutions, and related accessories. Complementing its trading activities, the group manages warehousing services, performs marble cutting and fabrication to produce items like customized kitchens, sinks, antiques, basins, statues, sculptures, and paintings, and manufactures air conditioning ductwork along with their accessories.",SAR,Industrials,Capital Goods,Trading Companies & Distributors,SAU,XSAU,Saudi Arabian Stock Exchange,Saudi Arabia,,Riyadh,14511,https://www.mhg-int.com,Micro Cap,SA16C1AI1H11,,BBG01SWNYSL9,BBG01SWNYSK0,BBG01SWNYSM8,False
4200.SR,Aldrees Petroleum and Transport Services Company,"Aldrees Petroleum and Transport Services Company engages in the wholesale and retail of fuel, gasoline, lubricant, and oil in the Kingdom of Saudi Arabia. The company operates through Petroleum Services and Transport Services segments. It operates approximately 544 fuel stations. The company offers various services related to additives, car wash, tire servicing, alignment, accessories, food, mosque, ATMs, car rental, etc. at its fuel stations. It also provides transportation and logistics services through a fleet of trucks and trailers. The company was founded in 1957 and is headquartered in Riyadh, the Kingdom of Saudi Arabia.",SAR,Consumer Discretionary,Retailing,Specialty Retail,SAU,XSAU,Saudi Arabian Stock Exchange,Saudi Arabia,,Riyadh,11421,http://www.aldrees.com,Mid Cap,SA000A0HNGZ6,,BBG000C3KQJ9,BBG000C3KPY4,BBG001SL72J8,False
4210.SR,Saudi Research and Media Group,"Saudi Research & Media Group engages in the provision of advertising, distribution, printing, publishing, and public relations services. It operates through the following segments: Publishing and Visual and Digital Content, Public Relations and Advertising, Printing and Packaging, and All Other. The Publishing and Visual and Digital Content segment comprises local and international publishing works, researches, and marketing the products of the group and third parties. The Public Relations and Advertising segment includes local and international public relation services, studies, research, marketing, media events, international advertising, production, representation and marketing audio visual and readable advertising media, and advertising panels. The Printing and Packaging segment refers to the printing works on paper and plastic, commercial posters, in addition to manufacturing of plastic products for the group and others. The All Other segment consists of wholesale and retail trading of school supplies, office furniture, installation and maintenance of laboratories, and providing technical, training and educational courses, services, international distribution of newspapers, magazines, publications, books, and the publications of the group and other related activities. The company was founded on July 1, 2000 and is headquartered in Riyadh, Saudi Arabia.",SAR,Communication Services,Media & Entertainment,Media,SAU,XSAU,Saudi Arabian Stock Exchange,Saudi Arabia,,Riyadh,11583,https://www.srmg.com,Small Cap,SA000A0JK5M3,,BBG000CNNPN9,BBG000CNNP22,BBG001SM32X4,False
4220.SR,Emaar The Economic City,"Emaar The Economic City operates as a real estate development and management company in Saudi Arabia. The company primarily develops the King Abdullah Economic City. It also develops infrastructures; promotes, markets, and sells land within development areas; transfers/leases land; develops buildings/housing units; and constructs on behalf of other parties. In addition, the company develops, invests in, markets, sells/leases, operates, and maintains properties; and provides higher education services. Emaar The Economic City was founded in 2006 and is headquartered in King Abdullah Economic City, the Kingdom of Saudi Arabia.",SAR,Real Estate,Real Estate,Real Estate Management & Development,SAU,XSAU,Saudi Arabian Stock Exchange,Saudi Arabia,,King Abdullah Economic City,23965,http://www.kaec.net,Mid Cap,SA000A0KDVM8,,BBG000PTBV25,BBG000PTBTL9,BBG001SRDJ74,False
4230.SR,Red Sea International Company,"Red Sea International Company is a global leader in the manufacturing and distribution of modular construction solutions. The company's expertise spans the development, construction, sale, and leasing of both residential and commercial properties. Its Industrial Housing division provides an extensive array of modular buildings designed for temporary or semi-permanent use across various industrial settings. These include essential facilities such as workforce accommodation, office spaces, kitchen and dining units, recreational centers, laundry amenities, labor quarters, drilling and rig camps, dormitories, security guardhouses, medical clinics and hospitals, hotels, emergency relief housing, schools, and religious edifices. The Affordable Housing division focuses on delivering diverse housing solutions and services to both private and public sector clients. These offerings can manifest as integrated master-planned communities or standalone residential neighborhoods, encompassing single-family homes, apartment complexes, or a hybrid of both. Additionally, the Building Materials division manufactures and supplies paints and coatings for industrial and residential applications. Beyond its primary construction activities, the company is involved in a range of complementary services. These include general contracting, facility maintenance, utility infrastructure development, civil engineering works, food catering services, the trade and supply of food products, and property investment and rental. Red Sea International Company caters to a broad spectrum of industries, including oil and gas, infrastructure, government, general building and construction, mining, defense, offshore operations, and manufacturing. The company boasts an international presence, with operations in the Kingdom of Saudi Arabia, the United Arab Emirates, Ghana, Papua New Guinea, Algeria, Malaysia, and other global markets. Founded in 1967 and based in Jubail, Kingdom of Saudi Arabia, it operates as a subsidiary of Al Dabbagh Group Holding Company Limited.",SAR,Real Estate,Real Estate,Real Estate Management & Development,SAU,XSAU,Saudi Arabian Stock Exchange,Saudi Arabia,,Riyadh,31952,https://redseaintl.com,Micro Cap,SA000A0KEWM4,,BBG000BNZCV7,BBG000BNZCH3,BBG001SFJMH6,False
4240.SR,AFG International Company,"AFG International Company, together with its subsidiaries, engages in the wholesale and retail of fashion apparels. It operates through three segments: Fashion Retail, Indoor Entertainment, and Food & Beverage. The Fashion Retail segment is involved in the sale of apparels, footwears, and accessories through retail outlets. The Indoor Entertainment segment operates kids play center. The Food & Beverage segment operates cafes and restaurants. The company has operations in the Kingdom of Saudi Arabia, Jordan, Egypt, the Republic of Kazakhstan, the United States, the Republic of Azerbaijan, Georgia, Armenia, and Morocco. It operates approximately 1,842 stores across 100 shopping malls. The company was founded in 1990 and is based in Riyadh, the Kingdom of Saudi Arabia.",SAR,Consumer Discretionary,Retailing,Specialty Retail,SAU,XSAU,Saudi Arabian Stock Exchange,Saudi Arabia,,Riyadh,12373,http://www.fawazalhokairfashion.com,Small Cap,SA000A0LB2R6,,BBG000BFSYD4,BBG000BFSX19,BBG001S9DCH8,False
4250.SR,Jabal Omar Development Company,"Jabal Omar Development Company operates as a real estate development company in Saudi Arabia. The company operates through Operating Hotels, Commercial Centers, and Properties for Development and Sale segments. It engages in the investment, development, management, and sale of plots in the Jabal Omar project located in Makkah. It is also involved in the construction, maintenance, management, demolishing, surveying, furnishing hotels, commercial facilities, and staff residences, as well as operation of hotels. In addition, the company engages in importing and exporting hotel equipment and furniture. Jabal Omar Development Company operates hotels, including the Marriott, a five-star hotel with 426 rooms and suites; the Hilton Suites, a five-star hotel with 484 suites; the Hyatt Regency, a five-star hotel with 657 rooms and suites; and the Conrad, a five-star hotel with 438 rooms and suites; and Jabal Omar DoubleTree by Hilton with 676 rooms and suites. It also develops residential projects; and a commercial center. Further, the company provides logistic services. Jabal Omar Development Company was founded in 2006 and is based in Mecca, Saudi Arabia.",SAR,Real Estate,Real Estate,Real Estate Management & Development,SAU,XSAU,Saudi Arabian Stock Exchange,Saudi Arabia,,Mecca,,http://www.jabalomar.com.sa,Mid Cap,SA000A0MR864,,BBG000RDCR17,BBG000RDCQP3,BBG001STH8S7,False
4260.SR,United International Transportation Company,"United International Transportation Company (UITC), operating through its subsidiaries, primarily focuses on vehicle leasing, rental, and pre-owned car sales in Saudi Arabia under the Budget Rent a Car brand. The company's business activities are structured across three segments: Lease, Rental, and Others. UITC provides a comprehensive suite of services, including short-term local and international rentals, long-term leasing, general car hire, chauffeur and limousine services, cross-border rental options, corporate fleet leasing, and loyalty programs for regular clients. Furthermore, its operations extend to the rental, leasing, and trading of heavy vehicles, equipment, and associated spare parts. Founded in 1978, UITC is headquartered in Jeddah, Saudi Arabia.",SAR,Financials,Diversified Financials,Consumer Finance,SAU,XSAU,Saudi Arabian Stock Exchange,Saudi Arabia,,Jeddah,23719-4327,https://www.budgetsaudi.com,Small Cap,SA000A0MWH44,,BBG000RJ3KH2,BBG000RJ3K55,BBG001STPRM2,False
4261.SR,Theeb Rent A Car Company,"Theeb Car Rental Company provides car rental services to individuals, governmental departments, and the private sector in the Kingdom of Saudi Arabia. The company offers long-term and short-term, cross border, limousine, and help on accident and road services, as well as cars for elders and special needs. It also sells cars; and operates maintenance centers. The company was founded in 1991 and is based in Riyadh, Saudi Arabia.",SAR,Consumer Discretionary,Consumer Services,,SAU,XSAU,Saudi Arabian Stock Exchange,Saudi Arabia,,Riyadh,11423,http://www.theebonline.com,Small Cap,SA159GK22IH4,,BBG00ZKT0HJ8,BBG005BLKV71,BBG005BLKV80,False
4262.SR,Lumi Rental Company,"Lumi Rental Company is a prominent Saudi Arabian entity specializing in a broad spectrum of transportation and equipment services. Its core offerings include short-term smart vehicle and motorcycle rentals, alongside long-term leasing solutions tailored for both corporate and governmental organizations. The company extends its transportation expertise to include limousine services and bespoke transport packages for special occasions and events, as well as providing ground passenger transit within urban and suburban areas. Beyond its rental and leasing portfolio, Lumi is also active in vehicle sales, including new and pre-owned automobiles, along with the provision of vehicle parts and accessories. Comprehensive vehicle maintenance and repair services are also part of its operations. Further diversifying its business, Lumi engages in the rental of leisure, sports, and industrial machinery equipment, and operates as a tour provider. Established in 2007 in Riyadh, Saudi Arabia, the company adopted its current name, Lumi Rental Company, in 2019, having previously operated as Al Tayyar Rent a Car Limited. It functions as a subsidiary under the umbrella of Seera Holding Group.",SAR,,,,SAU,XSAU,Saudi Arabian Stock Exchange,Saudi Arabia,,Riyadh,12476,https://www.lumirental.com/ar,Small Cap,SA15SH122J13,,BBG01J948W55,BBG01J2V1DZ8,BBG01J2V1F01,False
4263.SR,SAL Saudi Logistics Services Co,"SAL Saudi Logistics Services Company, headquartered in Jeddah, Saudi Arabia, delivers a comprehensive suite of cargo handling and logistics solutions across the Kingdom. Its operations are bifurcated into two core segments: Air Cargo Handling and Logistic Solutions. Under its Air Cargo Handling division, the company provides specialized services to air cargo carriers operating at Saudi Arabian airports. The Logistic Solutions segment offers extensive end-to-end services, encompassing customs clearance, warehousing, and meticulous inventory management. Additional provisions include ground transportation of goods, airport ground management and supervision, various other ground support services, the loading and unloading of air cargo aircraft, air cargo agency functions, and the efficient handling of air freight and mail. Established in 1945, SAL Saudi Logistics Services operates as a subsidiary of Saudi Arabian Airlines Corporation.",SAR,Industrials,Transportation,Air Freight & Logistics,SAU,XSAU,Saudi Arabian Stock Exchange,Saudi Arabia,,Jeddah,23525,https://www.sal.sa,Mid Cap,SA15T1L22JH8,,BBG01J9G5JC2,BBG01J9G5JB3,BBG01J9G5JD1,False
4264.SR,Flynas Co.,"Flynas Co. is a Saudi Arabian budget airline primarily focused on individual passenger transport through both regular and chartered flights. Additionally, the company provides a range of auxiliary services, including aircraft maintenance and repair, ground handling for cargo, engineering solutions, catering for flights, and various airport-related operations.",SAR,Industrials,Transportation,,SAU,XSAU,Saudi Arabian Stock Exchange,Saudi Arabia,,Riyadh,13316-4040,https://www.flynas.com,Small Cap,SA16AH822K19,,BBG01TVD3446,BBG01TVD3437,BBG01TVD3464,False
4265.SR,Cherry Trading Co.,"Cherry Trading Company, established in 1980 and based in Riyadh, Saudi Arabia, is a diverse automotive and transportation enterprise. It primarily focuses on the buying and selling of new and pre-owned passenger vehicles, organized into its leasing, rental, and used car sales divisions. Beyond this core business, the company oversees vehicle maintenance facilities, provides public and educational transportation solutions, and offers real estate management for a fee. Its extensive operations also encompass passenger vehicle hire, the leasing, rental, and trade of heavy equipment and machinery, and the distribution of spare parts. Furthermore, Cherry Trading Company delivers logistics, warehousing, and a range of additional car services. The firm operates as a subsidiary of Saudi Edarah Holding Company.",SAR,,,,SAU,XSAU,Saudi Arabian Stock Exchange,Saudi Arabia,,Riyadh,13242-8025,https://www.cherry.com.sa,Micro Cap,SA16DGE22KH2,,BBG01Y0K8126,BBG01Y0K8117,BBG01Y0K8251,False
4270.SR,Saudi Printing and Packaging Co.,"Saudi Printing & Packaging Co. engages in printing works, maintenance of printing projects, and establishing related factories and facilities. It operates through the following business segments: Printing, Packaging, and Other. The Printing segment includes printing works, related tools, and required raw material. The Packaging segment comprises of printing works on plastic and commercial labels, as well as plastic products. The Other Segment segment includes the head office, management's operations, investing activities, and others. The company was founded on May 28, 2006 and is headquartered in Riyadh, Saudi Arabia.",SAR,Industrials,Commercial & Professional Services,,SAU,XSAU,Saudi Arabian Stock Exchange,Saudi Arabia,,Riyadh,7117,https://www.sppc.com.sa,Micro Cap,SA000A0MSX40,,BBG000R3WF95,BBG000R3WDW4,BBG001ST2T07,False
4280.SR,Kingdom Holding Company,"Kingdom Holding Company operates as a private equity investment firm, deploying capital across an exceptionally broad range of sectors. Its diverse portfolio spans financial services, real estate, luxury hospitality (including management), digital platforms, e-commerce, various investment funds, aviation, petrochemicals, media and publishing, entertainment, comprehensive healthcare services (provision, management, and consultancy), education, energy, manufacturing, consumer goods, retail, agriculture, social media, technology, and general industrial ventures. While its primary geographic focus is on Saudi Arabia and emerging markets throughout the Middle East and Africa, the firm also engages in international investments, notably within the United States. Established in 1980, Kingdom Holding Company is headquartered in Riyadh, Saudi Arabia.",SAR,Financials,Diversified Financials,,SAU,XSAU,Saudi Arabian Stock Exchange,Saudi Arabia,,Riyadh,11321,https://www.kingdom.com.sa,Large Cap,SA31RG522S19,,BBG000FG05R6,BBG000FG0550,BBG001SLNKX4,False
4290.SR,Al Khaleej Training and Education Company,"Al Khaleej Training and Education Company engages in the computer, language, education projects, financial and management training, communication centers, and schools businesses in the Kingdom of Saudi Arabia. The company's Computer segment offers advanced programming, networking, and computer solutions to individuals and corporates. Its Language segment provides training courses in English language. The company's Education Projects segment offers educational projects to universities and the Ministry of Education, as well as operates orientation years for Saudi universities. Its Financial and Management Training segment provides management, leadership, stock trading, and other courses. The company's Communication Centers segment provides management and operating services for customer service centers through telephone for companies and bodies. Its School segment operates private educational schools for boys/girls. The company also offers training solutions for women hairdressers, beauty salons staff, students, cosmetic consultants, nutritionists, and fitness specialists through Formul'A Academy. In addition, the company provides lifeboat and fast rescue boat training, as well as management training solutions through New Dimension center. Further, it offers manpower and human resources to call centers and customer care services. Additionally, the company is involved in the establishment and construction of schools and cafeterias; installation of networks; provision of infrastructures, communication systems, operation and maintenance, and computer software, as well as online training and technical support services. It also provides franchise rights to various brands. Al Khaleej Training and Education Company was founded in 1993 and is headquartered in Riyadh, the Kingdom of Saudi Arabia.",SAR,Consumer Discretionary,Consumer Services,Diversified Consumer Services,SAU,XSAU,Saudi Arabian Stock Exchange,Saudi Arabia,,Riyadh,11451,http://www.alkhaleej.com.sa,Micro Cap,SA11TH0I3111,,BBG000TH3XZ6,BBG000TH3XP7,BBG001T05HP5,False
4291.SR,National Company for Learning and Education,"The National Company for Learning and Education is dedicated to the ownership, establishment, and administration of educational institutions, from primary to secondary levels, throughout the Kingdom of Saudi Arabia. Its network of schools includes Al-Rayyan, Al-Rawabi, Al-Nuzha, Cordoba, Qassim, AL Ghad, Al Khwarizmi, Qairawan, and Doha Hills. Furthermore, the company invests in sports, entertainment activities, and athletic clubs designed for students. This entity was founded in 1958 and maintains its principal office in Riyadh, Saudi Arabia.",SAR,Consumer Discretionary,Consumer Services,Diversified Consumer Services,SAU,XSAU,Saudi Arabian Stock Exchange,Saudi Arabia,,Riyadh,11531,https://edu.com.sa,Small Cap,SA14L09I31H9,,BBG00L1NJP87,BBG00L1LSBH2,BBG00L1LSBJ0,False
4292.SR,Ataa Educational Company,"Ataa Educational Company, an education company, engages in the establishment of kindergarten, primary, middle, and secondary schools for boys and girls in the Kingdom of Saudi Arabia. The company operates through Private Schools, International Schools, Indian Schools, and French Schools segments. It is also involved in the establishment, management, and operation and maintenance of computer training centers. Ataa Educational Company was founded in 1992 and is headquartered in Riyadh, the Kingdom of Saudi Arabia.",SAR,Consumer Discretionary,Consumer Services,Diversified Consumer Services,SAU,XSAU,Saudi Arabian Stock Exchange,Saudi Arabia,,Riyadh,11652,http://www.ataa.sa,Small Cap,SA11RGEI3218,,BBG00L19GSF7,BBG00L19GSD9,BBG00L19GSG6,False
4300.SR,Dar Al Arkan Real Estate Development Company,"Dar Al Arkan Real Estate Development Company, together with its subsidiaries, primarily engages in the development, sale, and lease of real estate projects in the Kingdom of Saudi Arabia. The company operates in two segments, Development Properties and Asset Management. It is involved in the acquisition, development, construction, management, operation, and maintenance of residential and commercial buildings, and public facilities. The company also engages in the purchase and sale, acquisition, and leasing of real estate investments; and purchase of land and general contracting activities. Dar Al Arkan Real Estate Development Company was founded in 1994 and is headquartered in Riyadh, the Kingdom of Saudi Arabia.",SAR,Real Estate,Real Estate,Real Estate Management & Development,SAU,XSAU,Saudi Arabian Stock Exchange,Saudi Arabia,,Riyadh,12622,http://www.daralarkan.com,Mid Cap,SA11U0S23612,,BBG000BH23V6,BBG000BH23D6,BBG001SBKRM6,False
4310.SR,Knowledge Economic City Company,"Knowledge Economic City develops properties and other land in the economic cities of Saudi Arabia. It undertakes projects, including infrastructure, telecommunications and Internet networks, water and electricity networks, water treatment plants, and other works related to the development of the economic cities. The company also engages in the creation, operation, and management of educational projects; and development of software, scientific research centers, universities, colleges, institutes, and academies. In addition, its activities include marketing and selling real estate properties; buildings and land for development or for ownership of others; and managing housing services, tourist projects, resorts, hotels and furnished apartments, and other activities. The company was founded in 2010 and is based in Medina, the Kingdom of Saudi Arabia.",SAR,Real Estate,Real Estate,Real Estate Management & Development,SAU,XSAU,Saudi Arabian Stock Exchange,Saudi Arabia,,Medina,41561,http://www.madinahkec.com,Small Cap,SA12IG523B16,,BBG0014K64Z5,BBG000QDQG17,BBG001T6WHN4,False
4320.SR,Alandalus Property Company,"Alandalus Property Company engages in the commercial real estate investment and development activities in the Kingdom of Saudi Arabia. It constructs, owns, and manages centers, and commercial and residential complexes. The company is also involved in the general contracting of residential and commercial buildings, educational, recreational, health institutions, roads, dams, water and sewage project, electrical, and mechanical works. In addition, it engages in the leasing, maintenance, and operation of real estate properties, buildings, and commercial complexes, as well as ownership, development, and investment of lands and real estate properties. Alandalus Property Company was founded in 2006 and is headquartered in Riyadh, Saudi Arabia.",SAR,Real Estate,Real Estate,Real Estate Management & Development,SAU,XSAU,Saudi Arabian Stock Exchange,Saudi Arabia,,Riyadh,11342,http://www.alandalus.com.sa,Small Cap,SA13U0923G19,,BBG00BKLJ292,BBG00BKLJ274,BBG00BKLJ283,False
4321.SR,Arabian Centres Company,"Arabian Centres Company develops, owns, and operates contemporary lifestyle centers in the Kingdom of Saudi Arabia. It operates a portfolio of 21 lifestyle centers in 11 cities, which comprise approximately 4,300 retail stores. The company also builds, leases, and sells buildings; and engages in the construction of commercial buildings, including demolition, repair, excavation, and maintenance works. In addition, it is involved in the maintenance and operation of commercial centers, tourist resorts, hotels, and restaurants; and managing and operating temporary and permanent exhibitions, compounds, and hospitals. The company was founded in 2002 and is based in Riyadh, Saudi Arabia.",SAR,Real Estate,Real Estate,Real Estate Management & Development,SAU,XSAU,Saudi Arabian Stock Exchange,Saudi Arabia,,Riyadh,11333,http://www.arabiancentres.com,Small Cap,SA14QG523GH3,,BBG00NWP9G12,BBG0056477M6,BBG0056477N5,False
4322.SR,Retal Urban Development Company,"Al-Khobar, Saudi Arabia-based Retal Urban Development Company, founded in 2012 as a subsidiary of Al Fozan Holding Company, operates as a comprehensive real estate entity across the Kingdom. Its core activities span the full property lifecycle, encompassing the construction, development, sale, leasing, brokerage, management, and ongoing maintenance of diverse real estate assets. The company's extensive portfolio features a wide array of residential projects, such as housing compounds, alongside various non-residential properties including educational institutions, healthcare facilities, hospitality venues, dining establishments, central marketplaces, and large-scale commercial and industrial complexes. Beyond direct property ventures, Retal provides broad general contracting services. This involves the construction of buildings for residential, commercial, public, educational, recreational, medical, and airport uses, including specialized precast structures. Their infrastructure capabilities extend to roads, dams, tunnels, and sewerage systems, complemented by a range of associated works such as electrical, mechanical, excavation, renovation, and climate control (HVAC) projects. Furthermore, the company is actively involved in the management and operation of factories, shopping malls, industrial sites, and infrastructure developments. They also oversee the upkeep of buildings, gardens, parks, and sports facilities, and engage in the acquisition, sale, and subdivision of land and investment properties. General cleaning services complete their service offerings.",SAR,Real Estate,Real Estate,Real Estate Management & Development,SAU,XSAU,Saudi Arabian Stock Exchange,Saudi Arabia,,Al Khobar,34421,https://retal.com.sa,Small Cap,SA15J1S23H17,,BBG01630LSS6,BBG01630LSR7,BBG01630LSW1,False
4323.SR,Sumou Real Estate Company,"Sumou Real Estate Company engages in the development, management, maintenance, sale, and rental of residential and non-residential properties in Saudi Arabia. It also engages in the general building contracts, including construction, repair and renovation, and demolition for residential compounds, commercial centers, educational and entertainment, health and sports facilities, and hotels and restaurants; the provision of real estate project management services; and investment in real estate and project development. The company was founded in 2007 and is based in Al Khobar, Saudi Arabia. Sumou Real Estate Company is a subsidiary of Sumou Holding Company.",SAR,Real Estate,Real Estate,Real Estate Management & Development,SAU,XSAU,Saudi Arabian Stock Exchange,Saudi Arabia,,Al Khobar,31952,https://www.sumou.com.sa,Small Cap,SA15SGSI3HH9,,BBG00R0XJ3F4,BBG00R0XJ3D6,BBG00R0XJ3G3,False
4324.SR,Banan Real Estate Co.,"Banan Real Estate Co. engages in the management and leasing of a range of commercial and residential real estate, and hotels. The company was founded on April 3, 2005 and is headquartered in Riyadh, Saudi Arabia.",SAR,Real Estate,Real Estate,Real Estate Management & Development,SAU,XSAU,Saudi Arabian Stock Exchange,Saudi Arabia,,Riyadh,12314,https://www.bananrealestate.com,Micro Cap,SA3660423I15,,BBG011MMSTF3,BBG011MMSTD5,BBG011MMSTG2,False
4325.SR,Umm Al Qura for Development and Construction Co.,"Established in 2012 and based in Mecca, Kingdom of Saudi Arabia, Umm Al Qura for Development and Construction Company is primarily involved in the ownership, ongoing development, and operation of MASAR Destination, a substantial urban renewal project located in Makkah.",SAR,Real Estate,Real Estate,Real Estate Management & Development,SAU,XSAU,Saudi Arabian Stock Exchange,Saudi Arabia,,Mecca,24232,https://www.ummalqura.com.sa,Mid Cap,SA169G7I3IH8,,BBG01S48SY37,BBG00HVHCPL8,BBG00HVHCPM7,False
4326.SR,Dar Al Majed Real Estate Company,"Established in 1969, Dar Al Majed Real Estate Company is a Riyadh-based firm focused on property development within Saudi Arabia. The company's activities encompass the construction of both residential villas and commercial structures. In 2020, the organization transitioned to its current name, having formerly been known as Nasser and Abdulsalam Abdulrahman AlMajed Real Estate Company.",SAR,Real Estate,Real Estate,Real Estate Management & Development,SAU,XSAU,Saudi Arabian Stock Exchange,Saudi Arabia,,Riyadh,6863,https://www.almajdiah.com,Small Cap,SA16C0723J17,,BBG01W9CBCV9,BBG01W9CBCT2,BBG01W9CBD10,False
4327.SR,Alramz Real Estate Co.,"Established in 2016 and headquartered in Riyadh, Saudi Arabia, Alramz Real Estate Company specializes in the comprehensive development of both residential and commercial properties throughout the Kingdom. The firm manages the entire process from conceptual design and construction to the marketing of its diverse real estate portfolio, which encompasses individual villas, commercial units, and integrated mixed-use projects. A core aspect of its business involves acquiring land and transforming it into these various residential and commercial ventures. To further support its clientele, Alramz provides digital solutions including a mobile application for property maintenance, condition monitoring, and direct support, alongside an online portal for browsing listings, submitting inquiries, and facilitating transactions. Additionally, the company's operations extend into general contracting and professional property administration services.",SAR,Real Estate,Real Estate,Real Estate Management & Development,SAU,XSAU,Saudi Arabian Stock Exchange,Saudi Arabia,,Riyadh,13521,https://alramzre.com,Small Cap,SA16E1323JH6,,BBG01YW65385,BBG01YW65376,BBG01YW65394,False
4328.SR,Ladun Investment Company,"Ladun Investment Co. engages in the provision of real estate management and development services. Its activities include sale & purchase of land and real estate property, management & lease of owned or leased residential property, and real estate development for residential & commercial buildings using modern construction methods. The company was founded in 1967 and is headquartered in Riyadh, Saudi Arabia.",SAR,Real Estate,Real Estate,Real Estate Management & Development,SAU,XSAU,Saudi Arabian Stock Exchange,Saudi Arabia,,Riyadh,,https://www.ladun.sa,Micro Cap,SA16K0123K10,,BBG017SPGZ66,BBG016NH8R04,BBG016NH8R13,False
4330.SR,Riyad REIT Fund,Riyad REIT specializes in real estate investing.,SAR,Real Estate,Real Estate,Equity Real Estate Investment Trusts (REITs),SAU,XSAU,Saudi Arabian Stock Exchange,Saudi Arabia,,Riyadh,13241,http://www.riyadcapital.com/en/asset-management/public-funds/reits/riyad-reit,Micro Cap,SA145G523L57,,BBG00F837M23,BBG00F837M14,BBG00F837M50,False
4331.SR,Aljazira Mawten REIT Fund,"Al - Jazira Mawten REIT Fund is a real estate investment trust managed by Al Jazira Capital Company, Asset Management Arm. The firm invests real estate markets of Saudi Arabia. It invests in income-generating property developments. The firm investments are mainly focused on the Jeddah-based Al-Khumra warehouses, which are wholly owned by AlJazira Mawten real estate income fund. Al - Jazira Mawten REIT Fund is based in Saudi Arabia.",SAR,Financials,Diversified Financials,Capital Markets,SAU,XSAU,Saudi Arabian Stock Exchange,Saudi Arabia,,Riyadh,,,Nano Cap,SA148G523LL8,,,,,False
4332.SR,Jadwa REIT Al Haramain Fund,"Jadwa REIT Al Haramain Fund is a real estate investment trust (REIT) in Saudi Arabia that invests in income-generating real estate assets located in the vicinity of the Two Holy Mosques in Makkah and Madinah. The fund aims to provide investors with stable and recurring income from its portfolio of properties. Its headquarters are located in Riyadh, Saudi Arabia.",SAR,Real Estate,Real Estate,Equity Real Estate Investment Trusts (REITs),SAU,XSAU,Saudi Arabian Stock Exchange,Saudi Arabia,,Riyadh,11555,http://www.jadwa.com/en/article/real-estate/reit-saudi.html,Micro Cap,SA14A0523M59,031162100,BBG00GBNWYF5,BBG00GBNWYD7,BBG00GBNWYH3,False
4333.SR,Taleem REIT Fund,"Taleem REIT Fund is a Shariah compliant real estate investment trust externally managed by Saudi Fransi Capital LLC. It invests in real estate markets of Saudi Arabia. The firm invests in constructionally developed real estates qualified to generate periodic return and rental income. Taleem REIT Fund was formed in May 30, 2017 and is based in Saudi Arabia. Taleem REIT Fund operates as a subsidiary of Saudi Fransi Capital LLC",SAR,Real Estate,Real Estate,Equity Real Estate Investment Trusts (REITs),SAU,XSAU,Saudi Arabian Stock Exchange,Saudi Arabia,,Riyadh,11426,https://bsfcapital.sa,Micro Cap,SA14AG523ML1,,BBG00GNRBKS2,BBG00GNRBKR3,BBG00GNRBKT1,False
4334.SR,Al Maather Reit Fund,"Al Maather Reit Fund is a real estate investment trust (REIT) in Saudi Arabia that invests in a diversified portfolio of income-generating real estate assets across various sectors. The fund aims to provide investors with attractive returns through rental income and capital appreciation. Its headquarters are located in Riyadh, Saudi Arabia.",SAR,Real Estate,Real Estate,Equity Real Estate Investment Trusts (REITs),SAU,XSAU,Saudi Arabian Stock Exchange,Saudi Arabia,,Riyadh,11526,,Micro Cap,SA14BG523N54,,BBG00H50Z0H9,BBG00H50Z0G0,BBG00H50Z0J7,False
4335.SR,Musharaka REIT Fund,"Musharaka REIT Fund is a real estate investment trust (REIT) in Saudi Arabia that invests in a diversified portfolio of income-generating real estate assets. The fund targets properties in the commercial, residential, and industrial sectors. Its headquarters are located in Riyadh, Saudi Arabia.",SAR,Real Estate,Real Estate,Equity Real Estate Investment Trusts (REITs),SAU,XSAU,Saudi Arabian Stock Exchange,Saudi Arabia,,Al Khobar,31952,,Micro Cap,SA14BG523NL8,,BBG00HK10MF2,BBG00DW1QCG1,BBG00DW1QCH0,False
4336.SR,Mulkia Gulf Real Estate REIT,"Mulkia Gulf Real Estate REIT is a Shariah compliant real estate investment trust externally managed by Mulkia Investment Company. It invests in real estate markets of Saudi Arabia. The firm primarily invests in income generating real estates, which are under four specific real estate assets in major cities within Saudi Arabia. Mulkia Gulf Real Estate REIT Fund is based in Saudi Arabia.",SAR,Real Estate,Real Estate,Equity Real Estate Investment Trusts (REITs),SAU,XSAU,Saudi Arabian Stock Exchange,Saudi Arabia,,Riyadh,11573,http://www.mulkia.com.sa/mulkia-gulf-real-estates-reit-fund/,Micro Cap,SA14CG523O51,,BBG00HNGYFT9,BBG00HNGYFS0,BBG00HNGYFV6,False
4337.SR,Muscat Capital - Al Masha'ar REIT Fund,"Muscat Capital - Al Masha'ar REIT Fund is a real estate investment trust (REIT) in Saudi Arabia that invests in income-generating real estate assets, focusing on properties in the hospitality sector located in Makkah and Madinah. The fund seeks to provide investors with attractive returns through rental income and capital appreciation. Its headquarters are located in Riyadh, Saudi Arabia.",SAR,Real Estate,Real Estate,Equity Real Estate Investment Trusts (REITs),SAU,XSAU,Saudi Arabian Stock Exchange,Saudi Arabia,,Riyadh,11546,http://www.muscatcapital.com.sa,Micro Cap,SA14DG523OL4,855244109,BBG00HZGMBR0,BBG00HZGMBQ1,BBG00HZGMBS9,False
4338.SR,Alahli Capital - Al-Ahli Reit Fund,"Alahli Capital - Al-Ahli Reit Fund is a real estate investment trust (REIT) in Saudi Arabia that invests in a diversified portfolio of income-generating real estate assets across various sectors, including commercial, residential, and industrial properties. The fund aims to provide investors with stable and recurring income. Its headquarters are located in Jeddah, Saudi Arabia.",SAR,Real Estate,Real Estate,Equity Real Estate Investment Trusts (REITs),SAU,XSAU,Saudi Arabian Stock Exchange,Saudi Arabia,,Riyadh,11495,http://www.alahlireit.com,Micro Cap,SA14E0523P52,,BBG00JCTRM94,BBG00JCTRM85,BBG00JCTRMB1,False
4339.SR,Derayah Financial - Derayah Reit Fund,"Derayah Financial - Derayah Reit Fund is a real estate investment trust (REIT) in Saudi Arabia that invests in a diversified portfolio of income-generating real estate assets. The fund targets properties in the commercial, residential, and hospitality sectors. Its headquarters are located in Riyadh, Saudi Arabia.",SAR,Real Estate,Real Estate,Equity Real Estate Investment Trusts (REITs),SAU,XSAU,Saudi Arabian Stock Exchange,Saudi Arabia,,Riyadh,11576,,Micro Cap,SA14E0523PL6,,BBG00JFG4NP4,BBG00JFG4NM7,BBG00JFG4NQ3,False
4340.SR,Al Rajhi REIT Fund,"Al Rajhi REIT Fund is a real estate investment trust (REIT) in Saudi Arabia that invests in a diversified portfolio of income-generating real estate assets across various sectors, including commercial, residential, and hospitality properties. The fund aims to provide investors with stable returns. Its headquarters are located in Riyadh, Saudi Arabia.",SAR,Real Estate,Real Estate,Equity Real Estate Investment Trusts (REITs),SAU,XSAU,Saudi Arabian Stock Exchange,Saudi Arabia,,Riyadh,12263-2743,http://www.alrajhi-capital.com,Small Cap,SA14GG523Q50,,BBG00JNDZ1V9,BBG00JNDZ1T2,BBG00JNDZ1W8,False
4342.SR,Jadwa Investment - Jadwa Reit Saudi Fund,"Jadwa Investment - Jadwa Reit Saudi Fund is a real estate investment trust (REIT) in Saudi Arabia that invests in a diversified portfolio of income-generating real estate assets across various sectors. The fund aims to provide investors with stable and recurring income from its portfolio. Its headquarters are located in Riyadh, Saudi Arabia.",SAR,Real Estate,Real Estate,Equity Real Estate Investment Trusts (REITs),SAU,XSAU,Saudi Arabian Stock Exchange,Saudi Arabia,,Riyadh,11555,,Small Cap,SA14GG523R59,,BBG00JNDZ906,BBG00JNDZ8Z0,BBG00JNDZ915,False
4344.SR,SEDCO Capital REIT Fund,SEDCO Capital REIT is a Shariah-compliant real estate investment traded fund externally managed by SEDCO Capital. it invests in single-tenant and multiple-tenant properties across Saudi Arabia. SEDCO Capital REIT is based in Saudi Arabia.,SAR,Real Estate,Real Estate,Equity Real Estate Investment Trusts (REITs),SAU,XSAU,Saudi Arabian Stock Exchange,Saudi Arabia,,Jeddah,21491,http://www.sedcocapital.com/reit,Small Cap,SA14GG523S58,,BBG00JVDQ0Z8,BBG00JVDQ0Y9,BBG00JVDQ104,False
4345.SR,Swicorp Wabel Reit Fund,"Swicorp Wabel Reit Fund is a real estate investment trust (REIT) in Saudi Arabia that invests in a portfolio of income-generating logistics and warehousing properties. The fund aims to provide investors with stable returns and capital appreciation from its specialized portfolio. Its headquarters are located in Riyadh, Saudi Arabia.",SAR,Real Estate,Real Estate,Equity Real Estate Investment Trusts (REITs),SAU,XSAU,Saudi Arabian Stock Exchange,Saudi Arabia,,Riyadh,11586,,Micro Cap,SA14HG523SL1,,BBG00JNDZCC6,BBG00JNDZCB7,BBG00JNDZCD5,False
4346.SR,MEFIC REIT Fund,"MEFIC REIT Fund is a real estate investment trust. It aims to generate income on the invested capital by acquiring a number of recurring income-generating real estate assets. MEFIC REIT Fund’s portfolio includes residential, retail, hospitality, and office properties located in Riyadh, Jeddah, and Makkah, as well as Dubai in United Arab Emirates. The company was founded on February 18, 2012 and is headquartered in Riyadh, Saudi Arabia.",SAR,Real Estate,Real Estate,Equity Real Estate Investment Trusts (REITs),SAU,XSAU,Saudi Arabian Stock Exchange,Saudi Arabia,,Riyadh,13524,http://www.mefic.com.sa/ar,Micro Cap,SA14I0523T54,,BBG00KG08J34,BBG00KG08J25,BBG00KG08J43,False
4347.SR,Bonyan REIT Fund,"Bonyan REIT Fund is a real estate investment trust (REIT) in Saudi Arabia that invests in a diversified portfolio of income-generating real estate assets. The fund's portfolio includes commercial, residential, and industrial properties. Its headquarters are located in Riyadh, Saudi Arabia.",SAR,Real Estate,Real Estate,Equity Real Estate Investment Trusts (REITs),SAU,XSAU,Saudi Arabian Stock Exchange,Saudi Arabia,,Riyadh,11426,https://www.aramco.com,Small Cap,SA14I0523TL9,,BBG00KDX7MV8,BBG00KDX7MT1,BBG00KDX7MW7,False
4348.SR,Alkhabeer REIT Fund,"Alkhabeer REIT Fund is a real estate investment trust (REIT) in Saudi Arabia that invests in a diversified portfolio of income-generating real estate assets, primarily focusing on the commercial sector. The fund aims to provide investors with stable returns and capital appreciation. Its headquarters are located in Jeddah, Saudi Arabia.",SAR,Real Estate,Real Estate,Equity Real Estate Investment Trusts (REITs),SAU,XSAU,Saudi Arabian Stock Exchange,Saudi Arabia,,Jeddah,21362,http://www.alkhabeer.com/reit,Micro Cap,SA14LG523U13,,BBG00M8QJPY2,BBG00M8QJPX3,BBG00M8QJPZ1,False
4349.SR,Alinma Hospitality REIT Fund,"The Fund's primary goal is to deliver consistent and increasing cash distributions to its unitholders. This objective is met through direct investments in mature, income-generating real estate assets. A significant emphasis is placed on properties within the hotel, hospitality, and tourism accommodation sectors. While the Fund may selectively invest in real estate development projects, a minimum of 75% of its total assets must consistently be held in developed properties that are actively generating rental income.",SAR,Real Estate,Real Estate,Equity Real Estate Investment Trusts (REITs),SAU,XSAU,Saudi Arabian Stock Exchange,Saudi Arabia,,Riyadh,12214,,Micro Cap,SA15L0523UH6,,BBG01BHX76N7,BBG01BHX72X5,BBG01BHX72Y4,False
4350.SR,Alistithmar AREIC Diversified REIT Fund,"The Alistithmar AREIC Diversified REIT Fund functions as a real estate investment trust, with its primary base of operations located in Riyadh, Saudi Arabia.",SAR,Real Estate,Real Estate,Equity Real Estate Investment Trusts (REITs),SAU,XSAU,Saudi Arabian Stock Exchange,Saudi Arabia,,Riyadh,11452,http://www.alistithmarcapital.com,Micro Cap,SA1620523V54,,BBG01MQ6NPN2,BBG01MQ6NPM3,BBG01MQ6NPP0,False
5110.SR,Saudi Electricity Company,"Saudi Electricity Company (SEC) primarily handles the production, delivery, and distribution of electricity throughout the Kingdom of Saudi Arabia. Its clientele is diverse, spanning governmental bodies, industrial operations, agricultural enterprises, commercial establishments, and private households. Beyond its core power functions, SEC also builds, leases, manages, and operates both electrical and fiber optic networks to offer telecommunication services. The company further extends its activities into the financial realm, providing support for the issuance of bonds and sukuk, and engaging in various financing initiatives. Additionally, SEC is involved in managing construction projects, from developing detailed designs and procuring necessary materials to executing large-scale projects within the power sector. It also offers communication, data transmission, and information technology solutions to individuals, public institutions, and private organizations. Serving an estimated 10.1 million customers, the company was established in 2000 and has its headquarters located in Riyadh, Saudi Arabia.",SAR,Utilities,Utilities,Electric Utilities,SAU,XSAU,Saudi Arabian Stock Exchange,Saudi Arabia,,Riyadh,11416,https://www.se.com.sa,Large Cap,SA0007879550,,BBG000H27BK2,BBG000H279T8,BBG001SHJ9L6,False
6001.SR,Halwani Bros. Co. Ltd.,"Halwani Bros. Co. Ltd. produces, manufactures, and distributes food products in the Kingdom of Saudi Arabia. It offers Middle Eastern food products, such as sweets; meat products; breaded chicken and burgers; jams; dairy products; cheese; juices; provisions, such as olive oil, olives, peppers, and pickles; bakery products stuffed with dates, and packaging products. The company was founded in 1950 and is headquartered in Jeddah, the Kingdom of Saudi Arabia.",SAR,Consumer Staples,"Food, Beverage & Tobacco",Food Products,SAU,XSAU,Saudi Arabian Stock Exchange,Saudi Arabia,,Jeddah,21421,http://www.halwani.com.sa,Micro Cap,SA1230A2TOH3,,BBG000GVMPZ5,BBG000GVMPP6,BBG001T328P2,False
6002.SR,Herfy Food Services Company,"Herfy Food Services Company establishes, operates, and franchises restaurants primarily in the Kingdom of Saudi Arabia. The company's restaurants offer cooked meals to companies and others. As of December 31, 2020, it owned 40 restaurants and leased 348 restaurants under the HERFY name in the Kingdom of Saudi Arabia. The company also franchises restaurants in Kuwait, the United Arab Emirates, Egypt, and Bahrain; provides catering services; manufactures and sells meat products, as well as bakery and pastry, and sweets and chocolate products; and operates bakeries. In addition, it purchases and sells land for constructing buildings; and owns, uses, maintains, and leases stores and food store fridges. The company was founded in 1981 and is headquartered in Riyadh, the Kingdom of Saudi Arabia.",SAR,Consumer Discretionary,Consumer Services,"Hotels, Restaurants & Leisure",SAU,XSAU,Saudi Arabian Stock Exchange,Saudi Arabia,,Riyadh,11632,http://www.herfy.com,Micro Cap,SA12GGPITP13,,BBG000Q57NJ1,BBG000Q57ND7,BBG001T6KWS9,False
6004.SR,Saudi Airlines Catering Company,"Saudi Airlines Catering Company offers catering and other support services to flights operated by Saudi Arabian and other airlines in the Kingdom of Saudi Arabia. The company operates through three segments: Inflight, Retail, and Catering and Facilities. It offers in-flight catering services; and manages airport lounges. The company also provides SkySales, an in-flight shopping service; catering, accommodation management, laundry, and cleaning services to companies in remote sites; and on-platform and onboard catering services for passengers in rail terminals. In addition, it offers catering services to private sector firms and government offices, as well as hospitals and clinics; commercial laundry services to airlines, hotels, industrial operations, hospitals, and other clients; Hajj and Umrah catering services; and security services. Saudi Airlines Catering Company was founded in 1981 and is headquartered in Jeddah, the Kingdom of Saudi Arabia.",SAR,Industrials,Transportation,Air Freight & Logistics,SAU,XSAU,Saudi Arabian Stock Exchange,Saudi Arabia,,Jeddah,21413,http://www.saudiacatering.com/en/home,Small Cap,SA1330R2TQ16,,BBG0035ZN2T9,BBG000FGZT41,BBG001SNKLR8,False
6010.SR,The National Agricultural Development Company,"Established in 1981 and headquartered in Riyadh, Saudi Arabia, The National Agricultural Development Company (NADEC) is a significant player in agricultural and livestock production, with operations spanning the Kingdom and international markets. The company's activities extend to agricultural land reclamation, comprehensive food processing, and marketing its diverse range of products. Its extensive offerings include a wide variety of dairy items such as milk, yogurt, Laban, fresh cream, juices and drinks, desserts, cheeses, and butter. NADEC also provides olive oil, a selection of fruits like peaches, apricots, and plums, and common vegetables such as potatoes, onions, and tomatoes. Furthermore, the company cultivates various essential crops, including wheat, clover, Shami corn, Rhodes grass, olives, and alfalfa, alongside producing specialized nutritional fodder for its dairy cattle.",SAR,Consumer Staples,"Food, Beverage & Tobacco",Food Products,SAU,XSAU,Saudi Arabian Stock Exchange,Saudi Arabia,,Riyadh,11461,https://www.nadec.com,Small Cap,SA0007879568,,BBG000H2RG10,BBG000H2RFG6,BBG001SHJL11,False
6012.SR,Raydan Food Co.,"Raydan Food Co. establishes, owns, operates, and manages restaurants. The company offers Arab meals, and cooked and uncooked catering services. It is also involved in the holding of concerts; management of factories; sale and purchase of livestock; sale and delivery of finished paintings; general contracting; real estate investment; import and export; and wholesale and retail trade activities. The company was formerly known as Raydan Co. Raydan Food Co. was founded in 2008 and is headquartered in Jeddah, Saudi Arabia.",SAR,Consumer Discretionary,Consumer Services,"Hotels, Restaurants & Leisure",SAU,XSAU,Saudi Arabian Stock Exchange,Saudi Arabia,,Jeddah,21323,http://raydan.com.sa,Nano Cap,SA14TG92TU17,,BBG00FZXLLP8,BBG00FZXLLN0,BBG00FZXLLQ7,False
6013.SR,Development Works Food Co. Ltd,"Development Works Food Co. Ltd operates within Saudi Arabia's dynamic food and beverage sector, overseeing a diverse portfolio of enterprises. This encompasses proprietary brands such as ""Juice Time,"" which is recognized for its fresh juices and fruit salads, alongside managing various restaurants, coffee establishments, and specialized food preparation kiosks. The company also handles the importation of all crucial raw materials, supplies, and specialized equipment necessary for its wide-ranging operations. Established in 2010, its primary headquarters are located in Riyadh, Saudi Arabia.",SAR,Consumer Discretionary,Consumer Services,"Hotels, Restaurants & Leisure",SAU,XSAU,Saudi Arabian Stock Exchange,Saudi Arabia,,Riyadh,13243-7830,https://www.dwf.com.sa,Micro Cap,SA15DG52TUH8,,BBG00FZXP0L4,BBG00FZXNNJ9,BBG00FZXNNK7,False
6014.SR,AlAmar Foods Co.,"Alamar Foods Company, together with its subsidiaries, establishes, operates, and manages quick service restaurants in the Middle East, North Africa, and Pakistan. It operates restaurants under the Domino's and Dunkin' brands under franchisee agreements. The company was founded in 2001 and is headquartered in Riyadh, the Kingdom of Saudi Arabia. Alamar Foods Company is a subsidiary of Abdul Aziz Ibrahim Al Jammaz and Brothers Company.",SAR,Consumer Discretionary,Consumer Services,"Hotels, Restaurants & Leisure",SAU,XSAU,Saudi Arabian Stock Exchange,Saudi Arabia,,Riyadh,11412,https://www.alamar.com,Micro Cap,SA15JHPITV18,,BBG0181CDW44,BBG002BCHNC4,BBG002BCHNV3,False
6015.SR,Americana Restaurants International PLC,"Americana Restaurants International PLC is a prominent player in the food service industry, operating across the Middle East, North Africa, and Kazakhstan. The company oversees a diverse range of culinary establishments, including quick-service eateries, fast-casual dining spots, indulgent food concepts, casual restaurants, and coffee shops. Patrons can access these offerings through various service models, such as in-restaurant dining, takeaway options, convenient drive-thru and car-hop facilities, and direct home delivery. Founded in 1973, Americana Restaurants International PLC is headquartered in Abu Dhabi, United Arab Emirates, and operates as a subsidiary of Adeptio AD Investments LTD.",SAR,Consumer Discretionary,Consumer Services,"Hotels, Restaurants & Leisure",SAU,XSAU,Saudi Arabian Stock Exchange,United Arab Emirates,,Sharjah,00000,https://www.americanarestaurants.com,Mid Cap,AEE01135A222,,BBG01BBPHSL3,BBG01BBPHSK4,BBG01BBPHX05,False
6016.SR,Shatirah House Restaurant Co.,"Shatirah House Restaurant Co. is a Saudi Arabian enterprise that manages a network of fast-casual dining venues under the Burgerizzr name. These establishments primarily feature a selection of beef and chicken burgers on their menu. The company currently oversees 65 operational restaurants. Established in 2009, its headquarters are located in Riyadh, Saudi Arabia.",SAR,Consumer Discretionary,Consumer Services,"Hotels, Restaurants & Leisure",SAU,XSAU,Saudi Arabian Stock Exchange,Saudi Arabia,,Riyadh,12562,https://www.burgerizzr.com,Micro Cap,SA1650A2U016,,BBG011K9YLN5,BBG011K9YLM6,BBG011K9YLP3,False
6017.SR,Jahez International Company for Information Systems Technology,"Founded in 2016 and headquartered in Riyadh, Saudi Arabia, Jahez International Company for Information Systems Technology is primarily recognized for its ""Jahez"" online food delivery platform, which operates across the Kingdom. The company structures its diverse operations into Delivery Platforms, Logistics Services, and an ""Other"" segments. Expanding beyond food, Jahez manages PIK, an e-commerce platform offering a variety of retail goods, including fashion, cosmetics, electronics, and hardware. It also runs LOGI, a dedicated last-mile delivery service that provides comprehensive logistical solutions. Furthermore, the company supports delivery-only restaurants through CO KITCHENS, a cloud kitchen concept that supplies commercial preparation spaces. Its service offerings extend to call center operations and a range of software-related services. Jahez is actively involved in an extensive array of additional commercial activities, such as general retail and wholesale trading, and the specialized retail of apparel, footwear, and leather items. In the technology sector, it designs, programs, and develops custom software; handles the import, wholesale, and retail of software; and sells computers along with accessories like printers and ink. The company also provides broader services in software development, database management, and application design. Its commercial reach further encompasses online consumer goods commerce and delivery, the operation of stores for refrigerated, frozen, and dry foods, and the supply of hygiene products. Additionally, wireless data services are part of its operational scope.",SAR,Information Technology,Software & Services,Software,SAU,XSAU,Saudi Arabian Stock Exchange,Saudi Arabia,,Riyadh,12363,https://www.jahezgroup.com,Small Cap,SA1660IIU0H3,,BBG013V5LN57,BBG00V7QBH88,BBG00V7QBH97,False
6018.SR,Sport Clubs Company,"Established in 1994 with its headquarters in Riyadh, Saudi Arabia, Sport Clubs Company manages and operates a prominent network of fitness centers across the Kingdom. The company oversees a total of 54 gymnasiums, offering diverse fitness training programs and services. Its portfolio is segmented into 41 ""Body Masters"" branded clubs tailored for men, and 15 ""Body Motions"" clubs specifically designed for women. Beyond operating its fitness facilities, Sport Clubs Company also engages in the distribution of fitness equipment. The ""Body Masters"" clubs provide comprehensive amenities for men, including dedicated zones for cardio and strength training, various fitness studios, indoor cycling, functional training areas, football fields, swimming pools, spa services, adaptable personal training regimens, and martial arts spaces. Similarly, ""Body Motions"" clubs offer female members premium features such as cardio and strength equipment, fully appointed group exercise studios, indoor cycling, functional training zones, swimming pools, spa facilities, and flexible personal training options. Furthermore, the company extends its offerings through ""Body Experts,"" specializing in corporate wellness solutions and event coordination.",SAR,,,,SAU,XSAU,Saudi Arabian Stock Exchange,Saudi Arabia,,Riyadh,12271,https://sportclubscompany.com.sa/ar,Micro Cap,SA56BG3IU118,,BBG01T06HC97,BBG01T06HC88,BBG01T06HCH8,False
6019.SR,Al Masar Al Shamil Education Co,"Operating across Saudi Arabia and the United Arab Emirates, Al Masar Al Shamil Education Co, officially known as Almasar Alshamil Education Company JSC, specializes in providing educational services. Its activities are segmented into two primary divisions: Higher Education, and Special Needs Education and Care. The company's operations encompass the management of special education and care centers, alongside clinics, and it delivers a range of offerings from degree programs to vocational training. Established in Riyadh, Saudi Arabia, in 2022, the entity underwent a name change in October 2024, transitioning from its former identity as Amanat Special Education and Care Investments LLC. Almasar Alshamil Education Co functions as a subsidiary of Amanat Special Education and Care Holdings Ltd.",SAR,Consumer Discretionary,Consumer Services,Diversified Consumer Services,SAU,XSAU,Saudi Arabian Stock Exchange,Saudi Arabia,,Riyadh,12211-3388,https://masareducation.com,Small Cap,SA56DG9IU1H8,,BBG01Y5W02Y6,BBG01Y5W02X7,BBG01Y5W02Z5,False
6020.SR,Al Gassim Investment Holding Company,"Al Gassim Investment Holding Company invests in agriculture business in the Kingdom of Saudi Arabia. It engages in the manufacturing and selling of agricultural products; and import of seeds. The company was formerly known as Qassim Agriculture Company and changed its name to Al Gassim Investment Holding Co. in January 2017. Al Gassim Investment Holding Co. was founded in 1984 and is based in Jaradat al Buraykah, the Kingdom of Saudi Arabia.",SAR,Consumer Staples,"Food, Beverage & Tobacco",Food Products,SAU,XSAU,Saudi Arabian Stock Exchange,Saudi Arabia,,Jaradat al Buraykah,51451,http://www.gih.sa,Micro Cap,SA0007879576,,BBG000H2SJF8,BBG000H2SHY1,BBG001SHJL39,False
6022.SR,Armah Sports Co.,"Armah Sports Co. engages in the construction, operation, management, and maintenance of fitness clubs. It operates under the following brand concepts: Optimo and B_FIT. Optimo is a smart fitness club that is specifically designed for people seeking privacy, outstanding service, and a luxurious atmosphere. B_FIT offers a wide range of innovative tech-enabled solutions integrated with a premium fitness club offering. The firm operates through the Central Region and Western Region geographical segments. The company was founded by Abdul Mohsen Ali Mohammed Al-Hagbani, Fahad Ali Mohammed Al-Hagbani, Sulaiman Khaled Sulaiman Al-Kadi, and Abdulmalik Abdullah Mohammed Al-Hagbani on February 17, 2019 and is headquartered in Riyadh, Saudi Arabia.",SAR,Consumer Discretionary,Consumer Services,Diversified Consumer Services,SAU,XSAU,Saudi Arabian Stock Exchange,Saudi Arabia,,Riyadh,,http://www.armahsports.com,Small Cap,SA16K0RIU311,,BBG01JWN35S6,BBG01JWN35R7,BBG01JWN35T5,False
6040.SR,Tabuk Agricultural Development Company,"Tabuk Agricultural Development Company produces and sells agricultural products in Saudi Arabia. It offers fruits; vegetables; alfalfa and wheat; and olive oil. The company also engages in the management and leasing of owned or leased properties. It sells its products under the TADCO brand. Tabuk Agricultural Development Company was founded in 1983 and is headquartered in Tabuk, Saudi Arabia.",SAR,Consumer Staples,"Food, Beverage & Tobacco",Food Products,SAU,XSAU,Saudi Arabian Stock Exchange,Saudi Arabia,,Tabuk,71421,http://www.tadco-agri.com,Nano Cap,SA0007879592,,BBG000H35NZ0,BBG000H35N99,BBG001SHJS98,False
60402.SR,Tabuk Agricultural Development,"Tabuk Agricultural Development Company focuses on agricultural production and processing activities. The company cultivates crops and engages in livestock farming in Saudi Arabia. They are headquartered in Tabuk, Saudi Arabia.",SAR,Consumer Staples,"Food, Beverage & Tobacco",Food Products,SAU,XSAU,Saudi Arabian Stock Exchange,,,,,,,,,,,,False
6050.SR,Saudi Fisheries Company,"Saudi Fisheries Company engages in fishing, fish-farming, and marketing activities in the Kingdom of Saudi Arabia. The company's seafood products include hareed, hamour baloul, zubaidi, shaour emperor, andak red sea bream, dennis seabream, qarous sea bass, hamor seaman, and nagel fish, as well as crab, peeled shrimp, lobster, squid, and salmon and knad steaks. It also offers meal products, including salmon grilled with rice, sweet sour shrimp with rice, tempura fish, fried prawns with potatoes, daqoos, flour, thome, green salad, spiced eggplant, rabban timbora, his sanctity, and chickpeas, as well as frozen shrimp. In addition, the company is involved in the operation of fish and shrimp farms; ice production and storage facilities; and operation and management of seafood restaurants. In addition, it engages in the sorting, cleaning, and chopping of fish, as well as preservation, cooking, and packing; and provision of logistic services, which include procurement, transportation, and warehouse of products. The company was founded in 1980 and is headquartered in Riyadh, the Kingdom of Saudi Arabia.",SAR,Consumer Staples,"Food, Beverage & Tobacco",Food Products,SAU,XSAU,Saudi Arabian Stock Exchange,Saudi Arabia,,Riyadh,12641,http://www.alasmak.com.sa,Small Cap,SA0007879600,,BBG000H35QZ3,BBG000H35QM7,BBG001SHJSC4,False
6060.SR,Ash-Sharqiyah Development Co.,"Ash-Sharqiyah Development Co. operates as an agricultural enterprise with a presence in Saudi Arabia and international markets. Its core activities encompass the cultivation of vegetables, utilizing both traditional open-field methods and advanced greenhouse technology. The company further diversifies its portfolio through mixed farming practices and the innovative hydroponic production of vegetables. Beyond crop cultivation, it also undertakes the management of irrigation systems for various agricultural initiatives and participates in animal husbandry. Established in 1986, Ash-Sharqiyah Development Co. maintains its headquarters in Dammam, Saudi Arabia.",SAR,Consumer Staples,"Food, Beverage & Tobacco",Food Products,SAU,XSAU,Saudi Arabian Stock Exchange,Saudi Arabia,,Riyadh,2290-13512,https://www.asharqiyah.com.sa,Micro Cap,SA0007879618,,BBG000H36VG2,BBG000H36TR5,BBG001SHJSF1,False
6070.SR,Al-Jouf Agricultural Development Co.,"Al-Jouf Agricultural Development Co. specializes in the cultivation and distribution of diverse agricultural produce across Saudi Arabia. Its comprehensive product offerings encompass a variety of fruits, including peaches, apricots, nectarines, grapes, and plums, alongside fresh vegetables, ornamental plants, onions, potatoes, wheat, natural honey, and olive oils. Additionally, the company manages nurseries dedicated to growing seedlings for both fruit and olive trees. Founded in 1988, Al-Jouf Agricultural Development Co. maintains its principal office in Sakakah, Saudi Arabia.",SAR,Consumer Staples,"Food, Beverage & Tobacco",Food Products,SAU,XSAU,Saudi Arabian Stock Exchange,Saudi Arabia,,Sakaka,88123456,https://www.aljouf.com.sa,Micro Cap,SA0007879626,,BBG000H36YZ5,BBG000H36Y58,BBG001SHJSH9,False
6090.SR,Jazan Energy and Development Company,"Jazan Energy and Development Company, together with its subsidiaries, engages in the fisheries, agricultural, industrial, and real estate businesses in Saudi Arabia. The company is involved in the cultivation of mangoes and shrimps; preservation of fish and fish products; cooling and freezing of fruits; production and packaging and distributing of pure filtered water; operates hotels; and other activities. It engages in the buying, selling, and renting of land and real estate properties. Jazan Energy and Development Company was incorporated in 1993 and is headquartered in Jazan, Saudi Arabia.",SAR,Consumer Staples,"Food, Beverage & Tobacco",Food Products,SAU,XSAU,Saudi Arabian Stock Exchange,Saudi Arabia,,Jazan,,http://www.jazadco.com.sa,Micro Cap,SA0007879642,,BBG000G4B974,BBG000G4B8D9,BBG001SH3G19,False
7010.SR,Saudi Telecom Company,"Saudi Telecom Company, together with its subsidiaries, provides telecommunications, information, media, and digital payment services in the Kingdom of Saudi Arabia and internationally. The company offers mobile, landline, Internet, and TV on demand services, as well as international telecommunication, broadband, and other related services; and operates communications projects. It is also involved in the electrical business and telecommunication networks; and wholesale and retail of telecommunications equipment and electrical appliances, and recharge card services. In addition, the company engages in importing, marketing, installing, and maintaining licensed telecommunications and information technology; owning, constructing, operating, leasing, and commercializing telecom towers; the content services and digital media activities; the provision of computer services; the sale and re-sale of fixed and mobile telecommunication services; and the maintenance and operation of commercial centers. Further, it establishes, owns, develops, invests, and manages real estate and contracting activities; and provides consulting, and importing and exporting services. The company was founded in 1998 and is headquartered in Riyadh, the Kingdom of Saudi Arabia.",SAR,Communication Services,Telecommunication Services,Diversified Telecommunication Services,SAU,XSAU,Saudi Arabian Stock Exchange,Saudi Arabia,,Riyadh,12464,http://www.stc.com.sa,Large Cap,SA0007879543,,BBG000CM15K2,BBG000CM14X1,BBG001SFKPG8,False
7020.SR,Etihad Etisalat Company,"Etihad Etisalat Company operates mobile wireless telecommunication and fiber optic networks in the Kingdom of Saudi Arabia. The company manages, installs, and operates telephone networks, terminals, and communication unit systems; and sells and maintains mobile phones and communication unit systems. It is also involved in the contractual establishment and maintenance of wired telecommunication networks and related works; installation and maintenance of wire and wireless telecommunication networks; installation and maintenance of computer systems and the provision of data services; import, export, sale, and distribution of telecommunications hardware, software and systems, and intelligent building systems; and marketing and distribution of telecommunication services. In addition, the company provides computer services and related software and equipment; consultation services in the telecommunication, computer, software, and media production domains; and marketing and importing services for third parties. Further, it is involved in the wholesale, retail, maintenance, and operation of computers and electronic equipment, as well as the provision of related services. Additionally, the company invests funds in shares, bonds, and other securities; and owns real estate, as well as owns and leases intellectual property rights, such as patents and trademarks, concessions, and other intangible rights. Etihad Etisalat Company was founded in 2004 and is headquartered in Riyadh, the Kingdom of Saudi Arabia.",SAR,Communication Services,Telecommunication Services,Diversified Telecommunication Services,SAU,XSAU,Saudi Arabian Stock Exchange,Saudi Arabia,,Riyadh,11423,http://www.mobily.com.sa,Large Cap,SA000A0DM9P2,,BBG000GCBLL3,BBG000GCBKL5,BBG001SH6C88,False
7030.SR,Mobile Telecommunications Company Saudi Arabia,"Mobile Telecommunications Company Saudi Arabia offers a wide array of cellular communication services across the Kingdom of Saudi Arabia. Its operations cover the entire lifecycle of mobile telephony, including the procurement, distribution, sale, installation, management, and upkeep of services and equipment. The company also extends its expertise to consulting, financial technology (fintech), and specialized technical drone services, in addition to providing general sales and repair solutions. Furthermore, it undertakes the construction and maintenance of telecom towers. Customers can access various mobile plans, such as postpaid, prepaid, and control packages, alongside dedicated options for Hajj and Omrah visitors. High-speed 4G and 5G internet services are available, complemented by a selection of mobile devices. Established in Riyadh in 2008, the company operates as a subsidiary of Mobile Telecommunications Company K.S.C.P.",SAR,Communication Services,Telecommunication Services,Diversified Telecommunication Services,SAU,XSAU,Saudi Arabian Stock Exchange,Saudi Arabia,,Riyadh,11351,https://www.sa.zain.com,Mid Cap,SA121053DR18,,BBG000DXY1S2,BBG000DXY1G5,BBG001SN7KF8,False
7040.SR,Etihad Atheeb Telecommunication Company,"Etihad Atheeb Telecommunication Company provides voice and data services in the Kingdom of Saudi Arabia. The company offers voice, data, value added and directory, and other future services and applications, as well as integrated business solutions. It offers dedicated internet acess, IP-VPN, VPN and IPLC, and VPN over LTE services; SIP trunk, national toll free, and UAN 9200 services; managed routers service and distributed denial of service; and co-location services. The company also provides fibre broadband, LTE broadband, and WiMAX broadband services; and prepaid calling cards to residential and personal customers. Etihad Atheeb Telecommunication Company was founded in 2008 and is headquartered in Riyadh, the Kingdom of Saudi Arabia.",SAR,Communication Services,Telecommunication Services,Diversified Telecommunication Services,SAU,XSAU,Saudi Arabian Stock Exchange,Saudi Arabia,,Riyadh,,http://www.go.com.sa,Small Cap,SA128G53E019,,BBG000BSBC15,BBG000BSBBN3,BBG001SRQT41,False
7200.SR,Al Moammar Information Systems Company,"Al Moammar Information Systems Company provides information technology solutions and services in the Kingdom of Saudi Arabia. The company operates through six segments: Business Service Management unit, Solutions unit, Systems unit, Information Technology Security unit, Networking unit, and Operation and Maintenance unit. It provides operating systems, system analysis, and software design, programming, and maintenance, as well as web design and hosting, data processing services, and related services. The company also offers software-defined and coveraged storage; servers, such as server infrastructure management, racks and power infrastructure, racks and tower servers, mission-critical, blade system, and hyperscale; and software, including mobility, autonomy portfolio, big data and analysis, automation and cloud, app and desktop virtualization, application lifecycle management, data center and cloud management, desktop virtualization and mobile computing, and data center virtualization and cloud infrastructure. In addition, it provides networks and communication solutions based on SDN, NFV, automation, and management and orchestration technologies; geographic information services and various infrastructure solutions; and information technology security solutions to develop, deploy, and maintain security. Further, the company offers mainframe cost optimization, performance monitoring, remote support solutions, network management solution, IT business and service management, cloud computing, data center automation, data center infrastructure, management solutions, and data center capacity management solutions; and project management support for IT infrastructure business. It serves government, semi-government ministries, and private sectors. The company was incorporated in 1979 and is headquartered in Riyadh, the Kingdom of Saudi Arabia.",SAR,Information Technology,Software & Services,IT Services,SAU,XSAU,Saudi Arabian Stock Exchange,Saudi Arabia,,Riyadh,13315,http://www.mis.com.sa,Mid Cap,SA14PGMJGG18,,BBG00MYZHKW8,BBG00MYZHKV9,BBG00MYZHKX7,False
7201.SR,Arab Sea Information Systems Company,"Arab Sea Information Systems Company, established in 1980 and based in Riyadh, Saudi Arabia, develops and markets a suite of integrated software solutions. These solutions cater to a diverse client base of commercial enterprises and government agencies, both within Saudi Arabia and globally. The company's product line features the ""Saudi Administration and Accounting System,"" a dedicated business accounting program, and the ""SCRIBES System,"" a comprehensive enterprise resource planning (ERP) platform engineered for medium and large-scale organizations. Furthermore, Arab Sea offers ""e-Government Solutions,"" a specialized management system for warehouse administration and government sectors. Another key offering is the ""3S System,"" a versatile solution for companies operating with various retail points, including supermarkets, apparel and footwear stores, pharmacies, drugstores, and spare parts suppliers. Beyond its software products, Arab Sea provides a full spectrum of support services, encompassing strategic consulting, project planning, professional installation, user training, and customized solution adaptation.",SAR,Information Technology,Software & Services,Software,SAU,XSAU,Saudi Arabian Stock Exchange,Saudi Arabia,,Riyadh,13321,https://www.arabsea.com,Micro Cap,SA1520CJGGH7,,BBG00FZXM3K2,BBG00FZXM3J4,BBG00FZXM3M0,False
7202.SR,Arabian Internet and Communications Services Co. Ltd.,"Arabian Internet and Communications Services Co. Ltd. (7202.SR) is a prominent provider of comprehensive information technology solutions within Saudi Arabia. Established in 2002 and headquartered in Riyadh, the company operates as a subsidiary of Saudi Telecom Company. Its extensive range of services covers critical digital infrastructure and operational needs. These include expert system integration and network connectivity, managed services, business process outsourcing, and specialized digital offerings such as IoT and robust cybersecurity solutions. The company also delivers a full suite of cloud services, from colocation and Infrastructure as a Service (IaaS) to Software as a Service (SaaS) and Platform as a Service (PaaS). Further capabilities extend to the installation of computer networks and security devices, along with broader infrastructure maintenance, including road repair and supplies. STC Solutions provides strategic advisory to senior management, oversees training institutes, and specializes in computer system design, electronics provision, data center management, and both software and e-learning development. Its data expertise includes advanced analysis and management. Additionally, the company offers communication and internet services, general administrative and support functions, and human resources solutions encompassing direct recruitment, skills testing, and temporary employment agency services. It is also involved in the creation of electronic content and software production. STC Solutions caters to a diverse client base across numerous sectors, including healthcare, real estate, education, government, oil and gas, banking, and telecommunications.",SAR,Information Technology,Software & Services,IT Services,SAU,XSAU,Saudi Arabian Stock Exchange,Saudi Arabia,,Riyadh,11372,https://solutions.com.sa,Mid Cap,SA15CIBJGH12,,BBG012F4NCJ7,BBG0128VMP89,BBG0128VMP98,False
7203.SR,Elm Company,"Headquartered in Riyadh, Saudi Arabia, Elm Company, established in 1986, specializes in delivering a diverse range of digital solutions, both off-the-shelf and bespoke, across the Kingdom. Its extensive offerings encompass IT and consulting services, government outsourcing, and comprehensive training programs. Additionally, the company develops specialized technical solutions and provides a suite of e-products tailored for security, transportation, health, and management applications, alongside digital outsourcing services. The entity, formerly known as Al-ELM Information Security Company, adopted its current name, Elm Company, in 2002.",SAR,Information Technology,Software & Services,IT Services,SAU,XSAU,Saudi Arabian Stock Exchange,Saudi Arabia,,Riyadh,12382-4182,https://www.elm.sa,Large Cap,SA15GG53GHH3,,BBG014BFQ5S4,BBG014BFQ5R5,BBG014BFQ5V0,False
7204.SR,Perfect Presentation for Commercial Services Company,"Perfect Presentation for Commercial Services Company, also known as 2P, is an ICT and technology solutions provider with operations spanning Saudi Arabia and international markets. Established in 2004 and headquartered in Riyadh, Saudi Arabia, the company delivers a comprehensive portfolio of services. Its core offerings include custom software development, covering web and mobile applications, alongside advanced decision support systems. 2P also specializes in customer experience solutions, implementing tracking technologies and managing outsourced contact centers. Furthermore, the company provides vital operational support, system maintenance, IT outsourcing, and managed services. The firm has developed several proprietary platforms, such as Perfect Engage, a messaging application equipped with integrated audio and video calling; Yamamah, an application-to-person communication platform; and Contracting Business ERP, a system designed for efficient resource management within businesses. Beyond these, 2P offers a diverse range of digital media services, including tailored SMS packages on various subjects like culture, sports, and news. They operate gooolonline.com, a dedicated online sports newspaper, and tanmiah.cc, a website focused on self-development, featuring online tests and courses in personal, managerial, and family growth. Their e-commerce capabilities extend to bulk SMS services and online shopping solutions, complemented by e-payment services that integrate with the SADAD Payment System, facilitating electronic bill presentment and payment across Saudi Arabia's commercial sector. Additionally, 2P implements a suite of enterprise solutions, including application performance management, business intelligence, business activity monitoring, system integration, and various contact center (voice and web) and CRM products.",SAR,Information Technology,Software & Services,Software,SAU,XSAU,Saudi Arabian Stock Exchange,Saudi Arabia,,Riyadh,11651,https://www.2p.com.sa,Small Cap,SA15LISJGI11,,BBG01B772M37,BBG00B4RK277,BBG00B4RK286,False
7205.SR,Dar AlBalad for Business Solutions Company,"Dar AlBalad for Business Solutions Company offers a wide array of information technology (IT) consulting and solution services. The firm ensures a smooth and effective digital environment through its comprehensive support offerings, which include constant monitoring, system upkeep, troubleshooting, and assistance for end-users, service desks, applications, and infrastructure. Additionally, the company delivers business-managed services, covering supply chain optimization, administrative processes, and logistics. It also specializes in providing complete solutions for the Internet of Things (IoT), from device procurement and installation to ongoing management. Their clientele spans various sectors, such as technology and telecommunications, insurance and healthcare, government and utilities, and financial institutions. Founded in 2001 and headquartered in Riyadh, Saudi Arabia, Dar AlBalad for Business Solutions Company operates as a division of Dar AlBalad Commercial Company.",SAR,Information Technology,Software & Services,IT Services,SAU,XSAU,Saudi Arabian Stock Exchange,Saudi Arabia,,Riyadh,11323,https://addar-bs.com,Micro Cap,SA76IG4JGIH1,,BBG021TVS2G3,BBG021TVS2F4,BBG021TVS326,False
7211.SR,Saudi Azm for Communication and Information Technology Company,"Operating alongside its subsidiaries, Saudi Azm for Communication and Information Technology Company delivers a broad spectrum of business and digital technology solutions across the Kingdom of Saudi Arabia. Its comprehensive offerings encompass institutional services such as operational assistance for significant governmental and private organizations, system integration, procurement management, and human resources solutions. Additionally, it furnishes management consulting, covering strategic advice and guidance on operating models. The firm is also involved in developing innovative products and creating specialized platforms for the financial technology sector, among others. Its platform development services span the entire lifecycle, from design and construction to ongoing operation, specifically including initiatives like public partnership projects. Moreover, the company designs and programs software, develops applications, and specializes in user experience (UX) and customer journey design. It also offers repair and maintenance services for personal and portable computers. The company oversees the sales management and control of both wired and wireless communication equipment and devices. Executive-level consulting forms another part of its portfolio, alongside services related to information networks and technological research and development. Established in 2017, Saudi Azm for Communication and Information Technology Company maintains its headquarters in Riyadh, Saudi Arabia.",SAR,Information Technology,Software & Services,Software,SAU,XSAU,Saudi Arabian Stock Exchange,Saudi Arabia,,Riyadh,12329,https://azm.com,Small Cap,SA16BGF3GLH0,,BBG014WSLWD5,BBG014WSL4Z3,BBG014WSL526,False
8010.SR,The Company for Cooperative Insurance,"The Company for Cooperative Insurance provides various insurance and reinsurance solutions for individuals and companies in the Kingdom of Saudi Arabia. It operates through Medical, Motor, Property and Casualty, Protection and Saving, and Manafeth segments. The company offers motor, medical, property and casualty, takaful, engineering and contractors, industrial and energy, telecommunications and IT, financial and investment, transportation, retail and trading, fire, marine, aviation, liability, energy, general accidents, home, international travel, medical malpractice, shop owners, and protection and savings insurance products. It also provides third party liability insurance for foreign vehicles. The company was formerly known as National Company for Cooperative Insurance and changed its name to The Company for Cooperative Insurance in 2004. The Company for Cooperative Insurance was founded in 1986 and is headquartered in Riyadh, Saudi Arabia.",SAR,Financials,Insurance,Insurance,SAU,XSAU,Saudi Arabian Stock Exchange,Saudi Arabia,,Riyadh,11632,http://www.tawuniya.com.sa,Mid Cap,SA000A0DPSH3,,BBG000QS6Y35,BBG000QS6XD6,BBG001SNKQ51,False
8012.SR,Aljazira Takaful Taawuni Company,"Aljazira Takaful Taawuni Company provides various insurance products and services in the Kingdom of Saudi Arabia. Its Individual segment offers life insurance products, which include unit linked investment-oriented products on an individual basis. The Company's Group segment provides life protection programs to the members of organizations on a group basis, as well as credit protection benefits in respect of personal loan given by financing organization. This segment also includes protection benefits in respect of various credit facilities other than personal loans extended by the financing organizations to its customers. The company was founded in 2013 is based in Jeddah, the Kingdom of Saudi Arabia.",SAR,Financials,Insurance,Insurance,SAU,XSAU,Saudi Arabian Stock Exchange,Saudi Arabia,,Jeddah,21422,http://www.ajt.com.sa,Micro Cap,SA13AG53T618,,BBG004FMDWR2,BBG004FMDWQ3,BBG004FMDWS1,False
8020.SR,Malath Cooperative Insurance Company,"Malath Cooperative Insurance Company provides insurance products and related services to individuals and businesses in the Kingdom of Saudi Arabia. The company operates through Medical, Motor, Property & Casualty, and Protection & Savings segments. It offers marine cargo in transit and ships against marine perils insurance products; engineering insurance that provides coverage for loss or damage to construction works or erection and installation of plant and machinery; and health, motor vehicles, fire and burglary, public liability, personal accident, and workmen compensation insurance products. The company was incorporated in 2007 and is headquartered in Riyadh, the Kingdom of Saudi Arabia.",SAR,Financials,Insurance,Insurance,SAU,XSAU,Saudi Arabian Stock Exchange,Saudi Arabia,,Riyadh,11625,http://www.malath.com.sa,Micro Cap,SA000A0MJ2J4,,BBG000QW9S54,BBG000QW9RZ3,BBG001SSRDM3,False
8030.SR,The Mediterranean and Gulf Cooperative Insurance and Reinsurance Company,"The Mediterranean and Gulf Cooperative Insurance and Reinsurance Company provides insurance and reinsurance products and related activities in the Kingdom of Saudi Arabia. It offers motor third party liability and comprehensive motor insurance products, as well as group health insurance products. The company also provides protection and savings, travel, property, engineering, contractors' all risks, machinery breakdown, stock deterioration, contractors' equipment, erection all risks, electronic device, aviation and air transport, money, comprehensive bank, fidelity, personal accidents, professional and product liability, workers' compensation and employer liability, marine cargo, and marine hull insurance products. The Mediterranean and Gulf Cooperative Insurance and Reinsurance Company was founded in 2007 and is headquartered in Riyadh, the Kingdom of Saudi Arabia.",SAR,Financials,Insurance,Insurance,SAU,XSAU,Saudi Arabian Stock Exchange,Saudi Arabia,,Riyadh,11451,http://www.medgulf.com.sa,Small Cap,SA000A0MJ2H8,,BBG000QWB6M0,BBG000QWB6J4,BBG001SSRDZ9,False
8040.SR,Allianz Saudi Fransi Cooperative Insurance Company,"Allianz Saudi Fransi Cooperative Insurance Company provides insurance products to corporate and individual customers in the Kingdom of Saudi Arabia. The company offers motor, travel, medical, engineering, employee benefits, credit, fidelity guarantee, and protection and savings insurance, as well as property and casualty insurance, such as fire, burglary, money, construction/erection works, liability, and marine. The company was formerly known as Saudi Fransi Cooperative Insurance Company and changed its name to Allianz Saudi Fransi Cooperative Insurance Company in October 2010. Allianz Saudi Fransi Cooperative Insurance Company was founded in 2007 and is headquartered in Riyadh, the Kingdom of Saudi Arabia.",SAR,Financials,Insurance,Insurance,SAU,XSAU,Saudi Arabian Stock Exchange,Saudi Arabia,,Riyadh,11481,http://www.allianzsf.com,Micro Cap,SA000A0MLUG1,,BBG000NY35Z6,BBG000NY3586,BBG001SQSK86,False
8050.SR,Salama Cooperative Insurance Company,"Salama Cooperative Insurance Company provides insurance products and services in the United Arab Emirates, the Kingdom of Saudi Arabia, Algeria, Malaysia, Bahrain, Senegal, and Egypt. It operates through three segments: Medical, Motor, and Others. It offers motor insurance products that cover accident, fire, towing, malicious, theft, estimation, and medical expenses; and medical insurance for care, medicines, chronic diseases, vaccination, maternity and neonatal, physiotherapy, ophthalmology, dental care, oncology, and CCHI. The company also provides travel insurance comprising personal accidents, medical expenses, repatriation of mortal remains, lost baggage, passport loss, cash loss, personal liability, and accidental death; and malpractice insurance that provides specialties, flexible, and medical facilities coverage. In addition, it offers general insurance coverage, such as engineering, liability, marine, property, and general accident insurance products. The company was formerly known as Saudi IAIC Cooperative Insurance Company and changed its name to Salama Cooperative Insurance Company in 2012. Salama Cooperative Insurance Company was founded in 1979 and is headquartered in Jeddah, the Kingdom of Saudi Arabia.",SAR,Financials,Insurance,Insurance,SAU,XSAU,Saudi Arabian Stock Exchange,Saudi Arabia,,Jeddah,21491,http://www.salama.com.sa,Micro Cap,SA000A0MLUE6,,BBG000RH03G8,BBG000RH02Y0,BBG001STMF78,False
8060.SR,Walaa Cooperative Insurance Company,"Walaa Cooperative Insurance Company provides cooperative insurance and reinsurance products and services in the Kingdom of Saudi Arabia. It offers various property insurance products, including property all risk, fire and specified perils property damage, home, and loss of profit/business interruption insurance; and engineering insurance products, such as erection and construction all-risk, and contractor's plant and machinery/equipment insurance, as well as machinery breakdown insurance (MBD), loss of profit following MBD, and deterioration of stock following MBD. The company also provides motor insurance products, which include commercial and private motor comprehensive, and third party liability policies; marine insurance products, including marine cargo and hull insurance policies; medical insurance; and miscellaneous accidents insurance products, such as comprehensive general liability, professional indemnity, medical malpractice, directors and officers liability, privacy and network security cyber liability, fidelity guarantee, money, personal accident, workmen's compensation and employers liability, travel, aviation hull, and public and product liability insurance. The company was formerly known as Saudi United Cooperative Insurance Company and changed its name to Walaa Cooperative Insurance Company in May 2017. Walaa Cooperative Insurance Company was founded in 2007 and is headquartered in Al-Khobar, the Kingdom of Saudi Arabia.",SAR,Financials,Insurance,Insurance,SAU,XSAU,Saudi Arabian Stock Exchange,Saudi Arabia,,Al Khobar,31952,http://www.walaa.com,Small Cap,SA000A0MLUD8,,BBG000P01PG7,BBG000P01P22,BBG001SQTFY7,False
8070.SR,Arabian Shield Cooperative Insurance Company,"Arabian Shield Cooperative Insurance Company offers various insurance products to companies and individuals in the Kingdom of Saudi Arabia. It offers medical, motor, property, engineering, marine, liability, accident, casualty, protection and saving, travel, and medical malpractice insurance, as well as reinsurance products. The company was founded in 1998 and is headquartered in Riyadh, the Kingdom of Saudi Arabia.",SAR,Financials,Insurance,Insurance,SAU,XSAU,Saudi Arabian Stock Exchange,Saudi Arabia,,Riyadh,11565,http://www.der3.com,Micro Cap,SA000A0MLUH9,,BBG000NB79Z4,BBG000NB79S2,BBG001SQKM62,False
8080.SR,SABB Takaful Company,"SABB Takaful Company provides a range of family and general insurance products to individual and corporate customers primarily in the Kingdom of Saudi Arabia. It operates through three segments: Individual Family Takaful, Group Family Takaful, and General Takaful. The company offers various protection plans, including travel, home, and personal accident takaful products; and wealth management plans consisting of investment, saving, education, and retirement takaful products. It also provides business protection products comprising marine cargo, business interruption or loss of profit, public liability, keyman protection, fire-property all risks, group creditors, SME package, fidelity guarantee, and money takaful plans; and employee benefits products, including group personal accident and care plans. The company was founded in 2006 is based in Riyadh, the Kingdom of Saudi Arabia.",SAR,Financials,Insurance,Insurance,SAU,XSAU,Saudi Arabian Stock Exchange,Saudi Arabia,,Riyadh,11413,http://www.sabbtakaful.com,Small Cap,,,,,,True
8100.SR,Saudi Arabian Cooperative Insurance Company,"Saudi Arabian Cooperative Insurance Company engages in the insurance business in Saudi Arabia. The company provides group medical and life, motor and vehicle, power, aviation, fire, marine, engineering, hull and goods, property, and liability insurance products, as well as protection and savings insurance products. It serves corporates, SMEs, and individuals. The company was founded in 2006 and is headquartered in Riyadh, Saudi Arabia.",SAR,Financials,Insurance,Insurance,SAU,XSAU,Saudi Arabian Stock Exchange,Saudi Arabia,,Riyadh,11594,http://www.saico.com.sa,Micro Cap,SA000A0MR823,,BBG000SW9X79,BBG000SW9WX2,BBG001SYBLM9,False
8110.SR,Saudi Indian Company for Cooperative Insurance Wafa Insurance,"Saudi Indian Company for Cooperative Insurance Wafa Insurance provides general insurance, health insurance, and protection and savings products in the Kingdom of Saudi Arabia. The company operates through Motor, Health, and Other segments. It offers property, accident, and liability insurance comprising fire, property damage, business interruption, personal accident, fidelity, money, theft and burglary, comprehensive general liability, workmen's compensation, medical malpractice, and medical insurance products; comprehensive and third party motor insurance products; and marine cargo insurance products. The company's products also include engineering insurance, such as machinery breakdown, contractor's all risk, contractor's plant and machinery, erection all risks, and electronics equipment insurance products; medical insurance; individual protection and saving products; and individual and group protection plans, as well as a range of reinsurance products and services. Saudi Indian Company for Cooperative Insurance Wafa Insurance is headquartered in Riyadh, the Kingdom of Saudi Arabia.",SAR,Financials,Insurance,Insurance,SAU,XSAU,Saudi Arabian Stock Exchange,Saudi Arabia,,Riyadh,11333,http://www.wafainsurance.com,Nano Cap,SA000A0MR880,,,,,True
8120.SR,Gulf Union Alahlia Cooperative Insurance Company,"Gulf Union Alahlia Cooperative Insurance Company provides various insurance products and services in the Kingdom of Saudi Arabia. It operates through Medical; Motor; Property and Casualty; and Protections and Savings segments. The company offers out-patient clinic treatment charges, property, marine cargo, third party liability, burglary, and group life and accident insurances; and individual insurances, including auto and health insurances, as well as reinsurance services. Gulf Union Alahlia Cooperative Insurance Company was founded in 1983 and is headquartered in Dammam, Kingdom of Saudi Arabia.",SAR,Financials,Insurance,Insurance,SAU,XSAU,Saudi Arabian Stock Exchange,Saudi Arabia,,Dammam,,http://www.gulfunion.com.sa,Micro Cap,SA000A0MR898,,BBG000F8N2Y8,BBG000F8N214,BBG001SNGF78,False
8130.SR,AlAhli Takaful Company,"AlAhli Takaful Company provides protection and saving insurance products through insurance solutions for individuals and groups in the Kingdom of Saudi Arabia. The company operates in two segments, Insurance-Individual and Insurance-Group Life. The Insurance-Individual segment offers life insurance products on an individual basis, including unit linked investment-oriented products. The Insurance-Group Life segment provides life protection programs to the members of organizations on a group basis; and credit's protection benefits in respect of personal loan given by financing organization. This segment also offers protection benefits in respect of various credit facilities other than personal loans extended by the financing organizations to its customers. The company was incorporated in 2007 and is headquartered in Jeddah, the Kingdom of Saudi Arabia.",SAR,Financials,Insurance,Insurance,SAU,XSAU,Saudi Arabian Stock Exchange,Saudi Arabia,,Jeddah,23423-3791,http://alahlitakaful.com,Micro Cap,,,,,,False
8150.SR,Allied Cooperative Insurance Group,"Allied Cooperative Insurance Group engages in cooperative insurance operations and related activities in the Kingdom of Saudi Arabia. The company operates in four segments: Motor Insurance, Medical Insurance, General Accident Insurance, and Others. It provides motor comprehensive and third-party liability, medical, travel, home, shop, and visitor insurance products; general accident insurance products, such as money, fidelity guarantee, business all risk, business travel, and exhibition insurance; and liability insurance products, such as general third-party liability, product liability, workmen's compensation/employer's liability, and professional indemnity. The company also offers engineering insurance products comprising deterioration of stocks, machinery breakdown, electronic equipment, contractor's all risks, erection all risks, and loss of profit following machinery breakdown; and property all risks and fire insurance policies. In addition, it offers medical malpractice, personal accident, and medical and marine insurance products. The company was founded in 2006 and is based in Jeddah, the Kingdom of Saudi Arabia.",SAR,Financials,Insurance,Insurance,SAU,XSAU,Saudi Arabian Stock Exchange,Saudi Arabia,,Jeddah,11511,http://www.acig.com.sa,Micro Cap,SA000A0SR838,,BBG000SJV1C7,BBG000SJV128,BBG001SX90T3,False
8160.SR,Arabia Insurance Cooperative Company,"Arabia Insurance Cooperative Company provides insurance products and services in the Kingdom of Saudi Arabia. It offers motor, health, property, engineering, medical, general accident, fire, marine, and other insurance products, such as general and aviation, as well as protection and savings insurance. The company was founded in 2007 and is headquartered in Riyadh, the Kingdom of Saudi Arabia.",SAR,Financials,Insurance,Insurance,SAU,XSAU,Saudi Arabian Stock Exchange,Saudi Arabia,,Riyadh,,http://www.aicc.com.sa,Micro Cap,SA11T053VG15,,BBG000TH3WR7,BBG000TH3W51,BBG001T05HJ2,False
8170.SR,Al-Etihad Cooperative Insurance Company,"Al-Etihad Cooperative Insurance Company provides insurance services in the Kingdom of Saudi Arabia. It offers property, motor, marine and marine cargo, medical and health, general accident and liability, casualty, and engineering and construction insurance. The company was founded in 1983 and is headquartered in Dhahran, the Kingdom of Saudi Arabia.",SAR,Financials,Insurance,Insurance,SAU,XSAU,Saudi Arabian Stock Exchange,Saudi Arabia,,Dhahran,34232-4233,http://www.tuci-sa.com,Micro Cap,SA11T053VL18,,BBG000TH3P01,BBG000TH3NN1,BBG001T05GP7,False
8180.SR,Al Sagr Cooperative Insurance Company,"Al Sagr Cooperative Insurance Company provides insurance products and solutions in the Kingdom of Saudi Arabia and Singapore. The company operates through Medical, Motor, Property and Casualty, and Protection and Savings segments. It offers fire and allied perils, property all risks, and business interruption insurance products; marine cargo and hull insurance products; and engineering insurance products comprising contractor's all risks and erection all risks, contractors' plant and machinery, machinery breakdown, loss of profit due to machinery breakdown, boiler and pressure vessels, deterioration of stock, and electronics equipment insurance. The company also provides liability insurance products, such as workmen's compensation, employer liability, public liability, and professional indemnity insurance; onshore and offshore energy insurance products; and medical, travel, motor, and medical malpractice insurance products. In addition, it offers miscellaneous insurance products, including personal accident, money, fidelity guarantee, and burglary insurance. The company was founded in 1983 and is based in Dammam, the Kingdom of Saudi Arabia.",SAR,Financials,Insurance,Insurance,SAU,XSAU,Saudi Arabian Stock Exchange,Saudi Arabia,,Dammam,,http://www.alsagr.com,Micro Cap,SA11T053VQ13,,BBG000TH3TJ3,BBG000TH3T76,BBG001T05H75,False
8200.SR,Saudi Re for Cooperative Reinsurance Company,"Saudi Re for Cooperative Reinsurance Company provides various reinsurance products in the Kingdom of Saudi Arabia, rest of the Middle East, Africa, Asia, and internationally. The company underwrites engineering, property, marine, casualty, motor, retro, life, medical, fire, general accident, term and credit life, aviation, energy, agriculture, and political risk reinsurance products; and various reinsurance products for Takaful industry. Saudi Re for Cooperative Reinsurance Company was incorporated in 2008 and is based in Riyadh, the Kingdom of Saudi Arabia.",SAR,Financials,Insurance,Insurance,SAU,XSAU,Saudi Arabian Stock Exchange,Saudi Arabia,,Riyadh,13313-6684,http://www.saudire.net,Small Cap,SA1210540419,,BBG000BKZBH1,BBG000BKZB09,BBG001SNM261,False
8210.SR,Bupa Arabia for Cooperative Insurance Company,"Bupa Arabia for Cooperative Insurance Company underwrites medical insurance products for businesses and families in the Kingdom of Saudi Arabia. It issues short-term insurance contracts for providing health care services. The company was founded in 1997 and is headquartered in Jeddah, the Kingdom of Saudi Arabia.",SAR,Financials,Insurance,Insurance,SAU,XSAU,Saudi Arabian Stock Exchange,Saudi Arabia,,Jeddah,21436,http://www.bupa.com.sa,Mid Cap,SA1210540914,,BBG000RRTJG0,BBG000RRTHJ1,BBG001SV5C33,False
8230.SR,Al Rajhi Company for Cooperative Insurance,"Al Rajhi Company for Cooperative Insurance provides various insurance products and services to individuals, SMEs, and corporates in the Kingdom of Saudi Arabia. The company operates in four segments: General, Motor, Health, and Protection and Savings. It offers motor, unified health, domestic helper, travel, medical malpractice, visitor visa, personal accident, and home owners, as well as general insurance products, such as property all risks, workers injury compensation and employer's liability, fidelity guarantee, and public business liability. The company also provides liability, contractors risk, marine cargo, plant machinery, machinery breakdown, and erection all risk insurance products; and protection and savings products, such as education, marriage, retirement, and investment insurance policies. It is also involved in the re-insurance and agency activities. The company was founded in 2008 and is headquartered in Riyadh, the Kingdom of Saudi Arabia.",SAR,Financials,Insurance,Insurance,SAU,XSAU,Saudi Arabian Stock Exchange,Saudi Arabia,,Riyadh,11517,http://www.alrajhitakaful.com,Mid Cap,SA12A0540J14,,BBG000CM6PT4,BBG000CM6PH7,BBG001T052Q7,False
8240.SR,Chubb Arabia Cooperative Insurance Company,"Chubb Arabia Cooperative Insurance Company operates as a multiline property and casualty insurer in the Kingdom of Saudi Arabia. The company offers property and casualty insurance products comprising property all risks, fire and allied perils, business interruption, householders', terrorism and sabotage, burglary and housebreaking, general liability, workmen's compensation and employer's liability, motor, plate glass, money, crime, fidelity guarantee/employee dishonesty, and travel insurance products. It also provides engineering insurance products comprising contractors all risk, erection all risks, machinery breakdown, business interruption due to machinery breakdown, and computer/electronic data processing, as well as machinery, plant, and equipment all risks insurance products. In addition, the company offers marine cargo, project cargo and DSU, inland transit, and marine hull insurance products; group life and group personal accident insurance products; and financial insurance products, such as bankers blanket bond, financial institutions professional indemnity, civil liability for financial institutions, electronic and computer crime, fraud protector, financial services industry insurance policy, and directors and officers liability insurance. It serves multinational corporations and local businesses, companies, and affinity groups. Chubb Arabia Cooperative Insurance Company was founded in 1974 and is headquartered in Al Khobar, the Kingdom of Saudi Arabia.",SAR,Financials,Insurance,Insurance,SAU,XSAU,Saudi Arabian Stock Exchange,Saudi Arabia,,Al Khobar,31952,http://www.chubb.com/sa-en,Micro Cap,SA12A0540O17,,BBG000FXH3J5,BBG000FXH2L4,BBG001T2QTP2,False
8250.SR,AXA Cooperative Insurance Company,"AXA Cooperative Insurance Company provides various insurance and reinsurance products for individuals, SME, and business in Saudi Arabia. The company offers car, travel, home, personal accident, and SME fleet and health care insurance; and business insurance, including motor fleet, healthcare, business travel shield, marine, and group personal accident insurance, as well as visa extension services. It also provides money, business all risk, life, general third-party liability, product liability, workmen's compensation/employer's liability, contractors all risk, erection all risk, machinery and electronic equipment failure, death, and disability insurance. The company was founded in 2008 and is headquartered in Riyadh, Saudi Arabia.",SAR,Financials,Insurance,Insurance,SAU,XSAU,Saudi Arabian Stock Exchange,Saudi Arabia,,Riyadh,11421,http://www.axa-cooperative.com,Small Cap,SA12A0540T12,,BBG000DNK5P3,BBG000DNJ3P0,BBG001T1RFT9,False
8260.SR,Gulf General Cooperative Insurance Company,"Gulf General Cooperative Insurance Co. engages in the provision of general insurance services. It operates through the following segments: Medical, Motor, Property, Engineering, Marine, and Accident and Liability. The Medical segment provides compensation to policy holders for expenses incurred in treatment of a disease, illness, or injury. The Motor segment offers coverage against losses and liability related to motor vehicles. The Property segment is involved in losses related to fire, natural perils, business interruption, and burglary. The Engineering segment focuses on damage brought about by erection or construction of civil engineering works and installation of plants and machinery. The Marine segment includes damages and liabilities arising through loss damage to marine cargo hull. The Accident and Liability segment covers money, fidelity guarantee, personal accident, jeweler block, jewelry all risks, and travel insurance and liability insurance provide coverage against the insured’s legal liability arising out of acts of negligence during their business operations. The company was founded on December 16, 2009 and is headquartered in Jeddah, Saudi Arabia.",SAR,Financials,Insurance,Insurance,SAU,XSAU,Saudi Arabian Stock Exchange,Saudi Arabia,,Jeddah,23422,https://www.ggi-sa.com,Nano Cap,SA12CG541219,,BBG000M29FZ9,BBG000M29F89,BBG001T4JMJ8,False
8270.SR,Buruj Cooperative Insurance Company,"Buruj Cooperative Insurance Company provides various general insurance products to individuals and business entities in the Kingdom of Saudi Arabia. The company operates through five segments: Motor Insurance, Medical Products, Property, Marine Products, and Others. The company was incorporated in 2009 and is headquartered in Riyadh, the Kingdom of Saudi Arabia.",SAR,Financials,Insurance,Insurance,SAU,XSAU,Saudi Arabian Stock Exchange,Saudi Arabia,,Riyadh,11553,http://www.burujinsurance.com,Micro Cap,SA12CG541714,,BBG000M29974,BBG000M298L0,BBG001T4JMD4,True
8280.SR,Al Alamiya for Cooperative Insurance Company,"Al Alamiya for Cooperative Insurance Company engages in the insurance and reinsurance businesses primarily in the Kingdom of Saudi Arabia. The company operates in six segments: Property, Motor, Engineering, Medical, Marine, Group Life, and Others. It offers car, travel, home, and personal accident insurance products; and small and medium business, motor fleet, property, marine, engineering, life, workmen's compensation, liability, and general accident insurance products. The company was founded in 2009 and is headquartered in Riyadh, the Kingdom of Saudi Arabia. Al Alamiya for Cooperative Insurance Company is a subsidiary of Royal and Sun Alliance Insurance (Middle East) BSC(c).",SAR,Financials,Insurance,Insurance,SAU,XSAU,Saudi Arabian Stock Exchange,Saudi Arabia,,Riyadh,11442,http://www.alalamiya.sa,Micro Cap,SA12CG541C16,,BBG000M29C22,BBG000M29B88,BBG001T4JMG1,False
8300.SR,Wataniya Insurance Company,"Wataniya Insurance Company provides a range of insurance products and services in the Kingdom of Saudi Arabia. It operates through Marine, Property, Motor, Engineering, Accident & Liability, Extended Warranty, and Term Life segments. It offers various insurance products, such as motor insurance; general accident and casualty insurance products, including fidelity guarantee, money, personal accident, public liability, work injury, medical malpractice, burglary, glass breakage, business all risk, business travel, and exhibition insurance products; and liability insurance includes general third-party liability, product liability, workmen's compensation/employer's liability, and professional indemnity. The company also provides marine cargo insurance products, which include land transit, marine cargo, and marine hull insurance; employee benefits insurance; and engineering insurance products comprising contractor all risk, construction, mechanical, electrical, contractors' plant and machinery, electronic equipment, erection all risk, machinery breakdown, and deterioration of stock insurance. In addition, it offers property insurance products comprising property all risk, fire and lightning, household comprehensive, and terrorism risk insurance; extended warranty coverage against damages to motor vehicles; and term life coverage against the insured's death. The was founded in 1975 and is headquartered in Jeddah, the Kingdom of Saudi Arabia.",SAR,Financials,Insurance,Insurance,SAU,XSAU,Saudi Arabian Stock Exchange,Saudi Arabia,,Jeddah,21432,http://www.wataniya.com.sa,Micro Cap,SA12HG541M13,,BBG0014KNQM1,BBG000QK3S29,BBG001T7JVF5,False
8310.SR,Amana Cooperative Insurance Company,"Amana Cooperative Insurance Company provides various insurance products and services to corporate and individual clients in the Kingdom of Saudi Arabia. The company offers engineering, fidelity, general, healthcare, marine cargo, money, motor, personal, property, travel, and workmen insurance products, as well as other specialized insurance solutions. Amana Cooperative Insurance Company was founded in 2010 and is headquartered in Riyadh, the Kingdom of Saudi Arabia.",SAR,Financials,Insurance,Insurance,SAU,XSAU,Saudi Arabian Stock Exchange,Saudi Arabia,,Riyadh,11427,http://www.amana.sa,Micro Cap,SA12HG541R18,,BBG0014KNQJ5,BBG000QF3WG6,BBG001T6X6M8,False
8311.SR,Saudi Enaya Cooperative Insurance Company,"Saudi Enaya Cooperative Insurance Company provides health insurance services in the Kingdom of Saudi Arabia. It primarily underwrites medical insurance products for group and individual clients. The company was incorporated in 2012 and is headquartered in Jeddah, the Kingdom of Saudi Arabia.",SAR,Financials,Insurance,Insurance,SAU,XSAU,Saudi Arabian Stock Exchange,Saudi Arabia,,Jeddah,23435,http://www.saudienaya.com,Micro Cap,SA12U0541RH2,,BBG0028TW212,BBG0028TW203,BBG0028TW221,False
8312.SR,Alinma Tokio Marine Company,"Alinma Tokio Marine Company provides various insurance products and services to individuals and corporates in the Kingdom of Saudi Arabia. It operates through Property and Casualty, Motor, Protection and Savings, and Medical segments. The company offers insurance products in the areas of protection and savings programs; motor; and fidelity guarantee, commercial general liability, trade credit, personal accident, money, bankers blanket bond, hauliers and public liability, and workers compensation. It also provides business interruption, fire and special perils, home package, and property all risk insurance products; health insurance products; marine cargo and cargo voyage risks insurance products; and boiler and pressure vessel, contractor's all risk, contractors' plant and machinery insurance, deterioration of stock in cold storage, electronic equipment, erection all risks, loss of profits following machinery breakdown, and machinery insurance. The company was founded in 2012 and is headquartered in Riyadh, the Kingdom of Saudi Arabia.",SAR,Financials,Insurance,Insurance,SAU,XSAU,Saudi Arabian Stock Exchange,Saudi Arabia,,Riyadh,11421,http://www.atmc.com.sa,Small Cap,,,,,,True
8313.SR,Rasan Information Technology Co.,"Rasan Information Technology Company operates as a FinTech enterprise, delivering a comprehensive suite of insurance and financial services to both individual consumers and corporate clients via its digital platforms. Key offerings include Tameeni, which facilitates comparing, purchasing, and renewing insurance policies from a network of providers; Treza, an insurance solution specifically tailored for motor leasing companies and their clientele; Awalmazad, an online auction platform for salvaged and repossessed vehicles, serving insurance and leasing firms; and Warshti, a dedicated car repair service. Established in 2016, the company is headquartered in Riyadh, Saudi Arabia.",SAR,Financials,Insurance,Insurance,SAU,XSAU,Saudi Arabian Stock Exchange,Saudi Arabia,,Riyadh,13413,,Mid Cap,SA162GIK1SH5,,BBG01MRF8LW7,BBG01MRF8LV8,BBG01MRF8LX6,False
9510.SR,National Building and Marketing Co.,"National Building and Marketing Co. is a Saudi Arabian enterprise primarily involved in the wholesale and retail distribution of construction materials. Its extensive product portfolio includes foundational building components such as iron and timber, alongside a diverse range of items like electronic devices, office supplies (including stereotypes and desktops), and specialized medical provisions (scientific equipment, hospital essentials, laboratory apparatus, and medical furniture). Additionally, the company extends its expertise to construction and general contracting, undertaking projects for buildings and aesthetic enhancements. Further offerings encompass paints, various chemicals, and promotional merchandise. Established in 1990, the company's operations are headquartered in Riyadh, Saudi Arabia.",SAR,Materials,Materials,Construction Materials,SAU,XSAU,Saudi Arabian Stock Exchange,Saudi Arabia,,Riyadh,11312,https://www.nbm.com.sa,Micro Cap,SA14I0DKKJ17,,BBG00J581M96,BBG00J581M78,BBG00J581M87,False
9511.SR,Sumou Real Estate Company,"Sumou Real Estate Company engages in the development, management, maintenance, sale, and rental of residential and non-residential properties in Saudi Arabia. It also engages in the general building contracts, including construction, repair and renovation, and demolition for residential compounds, commercial centers, educational and entertainment, health and sports facilities, and hotels and restaurants; the provision of real estate project management services; and investment in real estate and project development. The company was founded in 2007 and is based in Al Khobar, Saudi Arabia. Sumou Real Estate Company is a subsidiary of Sumou Holding Company.",SAR,Real Estate,Real Estate,Real Estate Management & Development,SAU,XSAU,Saudi Arabian Stock Exchange,Saudi Arabia,,Al Khobar,31952,http://www.sumou.com.sa,,,,,,,True
9512.SR,Riyadh Cement Co.,"Saudi White Cement Company manufactures, produces, and markets various types of clinker and cement in the Kingdom of Saudi Arabia. The company was founded in 1997 and is headquartered in Dammam, Saudi Arabia.",SAR,Materials,Materials,Construction Materials,SAU,XSAU,Saudi Arabian Stock Exchange,Saudi Arabia,,Dammam,11494,http://sawcem.com.sa,Small Cap,,,,,,True
9513.SR,Watani Iron Steel Co.,"Watani Iron Steel Co. manufactures and sells various steel products in Saudi Arabia. The company offers rebar, wire rod, and other steel products used in construction and infrastructure projects. It is headquartered in Saudi Arabia.",SAR,Materials,Materials,Metals & Mining,SAU,XSAU,Saudi Arabian Stock Exchange,Saudi Arabia,,Riyadh,11383,https://watanisteel.sa,Micro Cap,,,,,BBG001SJFDD6,False
9514.SR,Mohammed Hasan AlNaqool Sons Co.,"Mohammed Hasan AlNaqool Sons Co. is a company listed on the Saudi Arabian Stock Exchange under the ticker 9514. It operates in the Construction Materials industry within the Materials sector. The company is headquartered in Dammam, Saudi Arabia.",SAR,Materials,Materials,Construction Materials,SAU,XSAU,Saudi Arabian Stock Exchange,Saudi Arabia,,Dammam,32273,,Micro Cap,SA158GAKKL15,,BBG00YS447J6,BBG00YS447H8,BBG00YS447K4,False
9515.SR,Fesh Fash Snack Food Production Company,"Fesh Fash Snack Food Production Co. engages in the production and marketing of snack food products. It offers corn curls, natural potato chips, and pellets. The company was founded on April 26, 1981 and is headquartered in Riyadh, Saudi Arabia.",SAR,Consumer Staples,"Food, Beverage & Tobacco",Food Products,SAU,XSAU,Saudi Arabian Stock Exchange,Saudi Arabia,,Riyadh,173 3893,https://www.feshfashfood.com,Nano Cap,SA15A054KLH2,,BBG010QPLNB8,BBG010QPLN91,BBG010QPLNC7,False
9516.SR,Natural Gas Distribution Company,"This Saudi Arabian company specializes in the pipeline distribution of natural gas. It is also responsible for the operation, maintenance, and repair of these gas pipeline networks. A core aspect of its service includes providing dry gas to industrial clients, specifically factories located within Riyadh's second industrial city. The company was founded in 2000 and is headquartered in Riyadh, Saudi Arabia.",SAR,Utilities,Utilities,Gas Utilities,SAU,XSAU,Saudi Arabian Stock Exchange,Saudi Arabia,,Riyadh,11382,https://www.ngdc.com.sa,Nano Cap,SA15AG54KM12,,BBG012NK8X21,BBG012NK8PN5,BBG012NK8PP3,False
9517.SR,MOBI Industry Co.,"Established in Riyadh, Saudi Arabia, in 1981, MOBI Industry Co. operates as a prominent manufacturer and distributor across diverse chemical sectors within the Kingdom. While primarily known for its agricultural offerings, which include a comprehensive range of nitrogen, phosphate, and potash fertilizers, alongside other nitrogen compounds, the company's portfolio extends significantly beyond this. It also produces various household and industrial goods. These encompass plastics, insect and rodent control products, and a wide array of cleaning solutions such as floor, glass, and furniture polishes, as well as scouring powders. MOBI also supplies room fresheners and odor-neutralizing preparations. Its consumer product line further includes soaps and shampoos, complementing its industrial-grade detergents and other washing and cleaning materials. Many of these items are marketed under the company's well-known Mobi and Shot brands. Additionally, MOBI Industry Co. engages in plastic bottle manufacturing. The company rebranded to its current name in November 2022, having previously operated as National Fertilizer Company Ltd.",SAR,Materials,Materials,Chemicals,SAU,XSAU,Saudi Arabian Stock Exchange,Saudi Arabia,,Riyadh,11431,https://mobiindustry.sa,Micro Cap,SA15BG54KMH4,,BBG011N1W0R3,BBG00CG5JPZ0,BBG00CG5JQ06,False
9521.SR,Inmar Company for Real Estate Development and Investment,"Inmar Company for Real Estate Development and Investment is actively involved in property investment and development throughout the Kingdom of Saudi Arabia. The firm undertakes projects across a broad spectrum of sectors, encompassing commercial, residential, industrial, mixed-use, and educational developments. Its corporate headquarters are situated in Riyadh, Saudi Arabia.",SAR,Real Estate,Real Estate,Real Estate Management & Development,SAU,XSAU,Saudi Arabian Stock Exchange,Saudi Arabia,,Riyadh,8764,https://www.enmaalrwabi.com,Micro Cap,SA15D07KKOH6,,BBG012NJ7LY6,BBG012NJ7LX7,BBG012NJ7M10,False
9522.SR,Alhasoob Co.,"Alhasoob Co., officially known as Al Hasoob Trading Company, operates as a key online retailer specializing in computing equipment and related parts across Saudi Arabia. The firm provides an extensive selection of products, encompassing core hardware such as laptops, desktop computers, and servers, alongside a wide range of peripherals and components. Their comprehensive inventory features diverse storage solutions like HDDs, SSDs, and flash drives; various input devices including keyboards and mice; and numerous output devices such as printers, plotters, projectors, and a variety of monitors, including gaming-specific models. Additionally, they supply essential internal components like RAM and batteries, networking products, and audio accessories such as headphones and speakers. The company's offerings also extend to software applications and consumables like ink, toners, and ribbons, along with a host of other related accessories. Founded in 1989, Alhasoob Co. is headquartered in Riyadh, Saudi Arabia.",SAR,Information Technology,Technology Hardware & Equipment,"Electronic Equipment, Instruments & Components",SAU,XSAU,Saudi Arabian Stock Exchange,Saudi Arabia,,Riyadh,,https://www.alhasoob.com,Nano Cap,SA15D1FKKP14,,BBG0130V19L9,BBG0130V19K0,BBG0130V19M8,False
9523.SR,Group Five Pipe Saudi Ltd.,"Established in 2001, Group Five Pipe Saudi Ltd. specializes in the manufacturing and distribution of spirally welded pipes throughout the Middle East. The company operates from its headquarters in Dammam, Kingdom of Saudi Arabia.",SAR,Materials,Materials,Metals & Mining,SAU,XSAU,Saudi Arabian Stock Exchange,Saudi Arabia,,Dammam,31492,https://www.g5ps.com,Small Cap,SA15DGHKKPH8,,BBG0133C7MH8,BBG003P9PYF8,BBG003P9PYG7,False
9524.SR,Advance International Company for Communication and Information Technology,"Advance International Company for Communication and Information Technology provides security and technology solutions in the Kingdom of Saudi Arabia and internationally. It imports, sells, installs, operates, and maintains security surveillance cameras, baggage and parcel inspection devices, security fences, biometric magnetic card entry and exit gates, anti-theft alarm devices and systems, metal and explosive detection gates, electronic business, communications and network technology, and computer software. In addition, it provides crowd management, smart attendance management, hotel management, security inspection, attendance management, CCTV surveillance camera, vehicle parking management, banking, healthcare, entertainment, logistics, real estate, industry, information technology, and retail solutions, as well as security solutions for educational institutions, and ICT services. The company was founded in 2016 and is headquartered in Riyadh, the Kingdom of Saudi Arabia.",SAR,Information Technology,Software & Services,IT Services,SAU,XSAU,Saudi Arabian Stock Exchange,Saudi Arabia,,Riyadh,11497,https://www.aictec.com,Nano Cap,SA15E1N4KQ13,,BBG01475MSQ7,BBG01475LYB1,BBG01475LYH5,False
9527.SR,Alf Meem Yaa for Medical Supplies and Equipment Company,"Ame Company For Medical Supplies operates as a distributor and marketer of medical products specifically designed for the aesthetic market throughout Saudi Arabia. Its comprehensive product catalog features a variety of key offerings, including Teoxane, a line of injectable hyaluronic acid-based dermal fillers formulated to reduce wrinkles on the face and neck. The company also provides advanced medical laser systems, innovative therapeutic solutions, and various botulinum products. Furthermore, their portfolio encompasses Magellan, an autologous concentration system for delivering focused platelets and cells at the point of care, as well as MINT, an absorbable polydioxanone barbed suture used for soft tissue approximation. Established in 2005, the firm is headquartered in Jeddah, Saudi Arabia.",SAR,Health Care,Health Care Equipment & Services,Health Care Providers & Services,SAU,XSAU,Saudi Arabian Stock Exchange,Saudi Arabia,,Jeddah,21463,https://www.ame.med.sa,Micro Cap,SA15GGP4KRH1,,BBG0148M6HL6,BBG0148M6872,BBG0148M6881,False
9530.SR,Arabian International Healthcare Holding Company,"Arabian International Healthcare Holding Company engages in distribution and maintenance of medical, devices, imaging equipment, prosthetics, dental and veterinary equipment, and cosmetic products in the Kingdom of Saudi Arabia. The company operates through three segments: Medical Devices, Medical Supplies, and Clinical & Pharmaceutical. It offers various products for cardiology, intensive care, oncology, rehab, infection prevention technologies, hospital infrastructure, gene sequencing laboratory, anesthesia machines, hospital beds and medical furniture, lab furniture solution, biobanking solution, hospital information technology, surgical rooms solutions, laboratories, and ventilation system. The company also provides its products for orthopedics, management delivery solutions, catheters and syringes, and vein thrombosis prevention. In addition, it offers medical services at clinics; and sells health and beauty related medicines. The company was founded in 1973 and is headquartered in Riyadh, Saudi Arabia.",SAR,,,,SAU,XSAU,Saudi Arabian Stock Exchange,Saudi Arabia,,Riyadh,11595,https://www.tibbiyah.com,Micro Cap,SA15H194KT19,,BBG014KDW058,BBG014KDW049,BBG014KDW085,False
9532.SR,Aljouf Mineral Water Bottling Co.,"Established in 1983, Aljouf Mineral Water Bottling Co. specializes in the manufacturing and packaging of wholesome drinking water in plastic containers throughout Saudi Arabia. The company's headquarters are situated in Riyadh.",SAR,Consumer Staples,"Food, Beverage & Tobacco",Beverages,SAU,XSAU,Saudi Arabian Stock Exchange,Saudi Arabia,,Riyadh,,https://hilwa.com.sa,Micro Cap,SA15H0HKKU17,,BBG014HJV247,BBG014HJT8J1,BBG014HJT8M7,False
9533.SR,Saudi Parts Center Company,"Saudi Parts Center Company Limited, a subsidiary of the Alkhorayef Group Company, serves the Saudi Arabian market as a prominent wholesaler and retailer of spare parts. The company supplies components for a broad spectrum of applications, including motor vehicles, marine vessels, industrial machinery, and heavy equipment. Its extensive product catalog encompasses performance-enhancing items such as intercoolers, blow-off valves, external wastegates, piping elements, and boost controllers. Additionally, it offers critical functional parts like engine components, cooling systems, seals, gaskets, undercarriage products, turbochargers, bearings, filters, pumps, ground engaging tools (G.E.T. parts), hydraulic and electrical systems, steering clutches, and brakes. The inventory further extends to hardware, transmission, fuel injection, power train, and frame and body components, along with various specialized products for motorsports. Established in 1988, the company's operations are based out of its headquarters in Riyadh, Saudi Arabia.",SAR,Consumer Discretionary,Automobiles & Components,Auto Components,SAU,XSAU,Saudi Arabian Stock Exchange,Saudi Arabia,,Riyadh,12333,https://www.spc-parts.com,Nano Cap,SA15GGOKKUH7,,BBG015GVDB39,BBG01516S5W5,BBG01516S617,False
9536.SR,Arabian Food & Dairy Factories Company,"Arabian Food & Dairy Factories Company, an affiliate of HAK Holding Company, is a Dammam, Saudi Arabia-based enterprise established in 1979. It specializes in manufacturing and distributing diverse ice cream selections across the Kingdom, offering them to consumers under its Fadeco and Blumark labels.",SAR,Consumer Staples,"Food, Beverage & Tobacco",Food Products,SAU,XSAU,Saudi Arabian Stock Exchange,Saudi Arabia,,Dammam,31952,https://www.fadeco.com,Nano Cap,SA15IH3KL016,,BBG016Q608H7,BBG016Q5ZDL5,BBG016Q5ZDV4,False
9537.SR,Amwaj International Company,"Amwaj International Company is dedicated to the distribution and sale of a broad spectrum of electronic and home appliances. Its comprehensive product offerings encompass essential household items such as air conditioning units, televisions, washing and drying machines, water coolers, refrigerators, freezers, stoves, various cooking appliances, heaters, and numerous other domestic devices. Founded in 2001, the company is based in Riyadh, Saudi Arabia, and functions as a subsidiary of Zahran Holding.",SAR,Consumer Discretionary,Consumer Durables & Apparel,Household Durables,SAU,XSAU,Saudi Arabian Stock Exchange,Saudi Arabia,,Riyadh,12252,https://amwaj-trd.com,Nano Cap,SA15IH44L0H7,,BBG017QHRXX9,BBG0175GP1G5,BBG0175GP1H4,False
9538.SR,Naseej for Technology Co.,"Naseej for Technology Co. specializes in providing comprehensive digital transformation services, primarily focusing on the learning and knowledge management sectors. The company's extensive portfolio includes solutions for campus administration, e-learning platforms, talent development, library automation, and systems tailored for museums and archives. Additionally, Naseej provides business intelligence tools, advanced knowledge management systems, digitization and cataloging expertise, a range of e-solutions, curated knowledge and information resources, RFID technology for libraries, and strategic consulting services. Their diverse clientele encompasses government entities, public and private sector organizations, and various cultural and information centers. Established in 1989, the company is headquartered in Riyadh, Saudi Arabia.",SAR,Information Technology,Software & Services,IT Services,SAU,XSAU,Saudi Arabian Stock Exchange,Saudi Arabia,,Riyadh,11455,https://www.naseej.com,Nano Cap,SA15IH34L116,,BBG016F785P6,BBG016F77PY3,BBG016F77Q26,False
9539.SR,Aqaseem Factory for Chemicals and Plastics Co.,"Aqaseem Factory for Chemicals and Plastics Co. specializes in the production and supply of a diverse array of oils and lubricants. The firm's extensive product portfolio encompasses a full range of automotive lubricants, including formulations for gasoline, diesel, and motorcycle engines, alongside gear oil, automatic transmission fluids, and brake fluids. Catering to industrial demands, Aqaseem provides specialized oils such as turbine, heat transfer, cutting, slide way, circulating, compressor, and hydraulic lubricants. Additionally, its offerings extend to marine lubricants and various types of greases. Founded in 1997, the company is headquartered in Riyadh, Saudi Arabia, and maintains a significant operational presence throughout Saudi Arabia, Yemen, Egypt, Iraq, Jordan, and Palestine.",SAR,Energy,Energy,"Oil, Gas & Consumable Fuels",SAU,XSAU,Saudi Arabian Stock Exchange,Saudi Arabia,,Riyadh,11461,http://agaseem.sa,Nano Cap,SA15IGO4L1H9,,BBG016B4W6K3,BBG016B4W650,BBG016B4W669,False
9540.SR,National Environmental Recycling Company,"Based in Riyadh, Saudi Arabia, National Environmental Recycling Co. commenced operations in 2015. This firm specializes in the reclamation and processing of electronic and electrical apparatus across the Middle East and North African territories.",SAR,Industrials,Commercial & Professional Services,Commercial Services & Supplies,SAU,XSAU,Saudi Arabian Stock Exchange,Saudi Arabia,,Riyadh,13524,https://www.tadweeer.com,Small Cap,SA15IH0KL210,,BBG016H7ZHY8,BBG016H7Z574,BBG016H7Z5C8,False
9541.SR,Academy of Learning Co.,"Academy of Learning Co. operates in the education and training sector in the Kingdom of Saudi Arabia through educational and training institutes in various regions. It qualifies its students for the labor market by providing more practical experience through a number of accredited diploma programs. The company was founded on December 27, 2004 and is headquartered in Dammam, Saudi Arabia.",SAR,Consumer Discretionary,Consumer Services,Diversified Consumer Services,SAU,XSAU,Saudi Arabian Stock Exchange,Saudi Arabia,,Dammam,13321,https://aol.edu.sa,Micro Cap,SA15J0K4L2H7,,BBG017SQK5S1,BBG017SQK5H3,BBG017SQK5J1,False
9542.SR,Keir International Co.,"Keir International Co., established in Riyadh, Saudi Arabia, in 2008, delivers a broad spectrum of service solutions. The company caters to the information technology and communications sector, alongside vital public utility industries such as power and electricity generation, water, gas, and petroleum. Its offerings span the entire project lifecycle, from implementation and execution to ongoing operation, maintenance, trading, and supply. The firm provides specific solutions including CCTV security and core network infrastructure, electrical and civil engineering works, ICT services, and low current systems. They also distribute products such as fiber optic cables, IoT M2M solutions with accompanying SIM cards, fiber-to-the-home connectivity materials, diverse networking products, and optical distribution and transport network equipment. These solutions are deployed in communication, electricity, and water projects for governmental, semi-governmental, and private entities. Furthermore, Keir International offers specialized engineering services covering planning, design, and inventory management for telecommunications, electrical systems, gas infrastructure, and water networks. Their extensive operation and maintenance services comprise spare parts management, training, routine and preventive maintenance, corrective maintenance, network route patrolling, back-office support, project management and design, planning, procurement and logistics, network and element handover, and comprehensive KPI reporting.",SAR,Information Technology,Technology Hardware & Equipment,Communications Equipment,SAU,XSAU,Saudi Arabian Stock Exchange,Saudi Arabia,,Riyadh,11652,https://www.keir.com.sa,Nano Cap,SA15J0H4L312,,BBG017T7KG44,BBG017T7K4T4,BBG017T7K4X9,False
9543.SR,Saudi Networkers Services Company,"Saudi Networkers Services Company, based in Saudi Arabia, specializes in providing diverse information and communication technology (ICT) services for businesses. Their comprehensive portfolio includes business process outsourcing, permanent staffing arrangements, managed service provisions, flexible modular solutions, and strategic consulting. The company caters to a broad spectrum of industries, including telecommunications, information technology, cybersecurity, banking, general consulting, utilities, and numerous other sectors. Saudi Networkers Services Company was founded in 2001 and maintains its headquarters in Riyadh, Saudi Arabia.",SAR,Industrials,Commercial & Professional Services,Professional Services,SAU,XSAU,Saudi Arabian Stock Exchange,Saudi Arabia,,Riyadh,11466,https://www.saudinetworkers.com,Micro Cap,SA15JH3KL3H8,,BBG018WB1DP4,BBG016QBNDN3,BBG016QBNDP1,False
9544.SR,Future Care Trading Co.,"Operating within the Kingdom of Saudi Arabia, Future Care Trading Co. specializes in providing a wide spectrum of home healthcare and laboratory services. Its service portfolio includes professional nursing care, physiotherapy, social assistance, and nutritional and dietary guidance, in addition to supplying nursing aides and arranging physician appointments. The company, founded in Jeddah in 2015, maintains its operational base there.",SAR,Health Care,Health Care Equipment & Services,Health Care Providers & Services,SAU,XSAU,Saudi Arabian Stock Exchange,Saudi Arabia,,Jeddah,23421,https://www.fc.med.sa,Micro Cap,SA15JHD4L416,,BBG0180TP223,BBG0180TNK16,BBG0180TNK34,False
9545.SR,International Human Resources Company,"Operating within Saudi Arabia, International Human Resources Co. offers comprehensive outsourced solutions for both human resources and employment requirements. Its wide array of services includes external operational management, talent acquisition (encompassing general recruitment and attracting senior leaders), implementation of human resource management systems, a centralized employment platform, strategic HR advisory, staff performance evaluation, and bespoke personnel development programs. The company primarily serves a diverse clientele that includes banks, financial corporations, and both government and semi-government bodies. Established in 2005, its headquarters are located in Riyadh, Saudi Arabia.",SAR,Industrials,Commercial & Professional Services,Professional Services,SAU,XSAU,Saudi Arabian Stock Exchange,Saudi Arabia,,Riyadh,12482-7021,https://ihr.sa,Micro Cap,SA15K0H4L4H6,,BBG0193VQMK8,BBG0193VQG12,BBG0193VQG21,False
9546.SR,Naba Alsaha Medical Services Company,"Naba Alsaha Medical Services Company is responsible for the administration and operation of Al-Zahraa General Hospital, located in the Kingdom of Saudi Arabia. The firm provides an extensive range of healthcare services, including outpatient consultations, inpatient treatment, and surgical procedures. Additionally, it manages an on-site pharmacy. Established in 1984, the company maintains its primary base of operations in Qatif, within Saudi Arabia.",SAR,Health Care,Health Care Equipment & Services,Health Care Providers & Services,SAU,XSAU,Saudi Arabian Stock Exchange,Saudi Arabia,,Al Khobar,31911,https://www.nams.sa,Micro Cap,SA15K0SKL513,,BBG018W79T61,BBG018W79T52,BBG018W79T70,False
9547.SR,Rawasi Albina Investment Co.,"Rawasi Albina Investment Co., operating from its headquarters in Riyadh, Saudi Arabia, specializes in providing crucial infrastructure solutions for the nation's telecommunications, energy, and water industries. The firm's extensive service portfolio encompasses the development, relocation, and dismantling of new GSM civil sites, as well as the installation of In-Building Solutions (IBS) and the deployment of Fiber-to-the-Home (FTTH) and Outside Plant (OSP) networks. Furthermore, the company undertakes various power projects, offers comprehensive operation and maintenance, executes telecommunications system implementations, and manages rehabilitation initiatives. Rawasi Albina also acts as a supplier of essential materials for these projects. Established in 2008, it has grown to be a key player in Saudi Arabia's infrastructure development.",SAR,Industrials,Capital Goods,Construction & Engineering,SAU,XSAU,Saudi Arabian Stock Exchange,Saudi Arabia,,Riyadh,63658,https://www.rawasialbina.com,Nano Cap,SA15JGK4L5H6,,BBG0188N1QT2,BBG0188N02F1,BBG0188N02G0,False
9548.SR,Arabian Plastic Industrial Company Limited,"Arabian Plastic Industrial Co. Ltd. engages in the provision of injection molding production services, as well as extrusion of films, blow molding and thermoforming disposable products. Its activities include the production of plastic in its primary forms, plastic cans, boxes, bottles & bags, and wholesale of primary plastics, rubber and synthetic fibers. The company was founded on January 27, 1993 and is headquartered in Jeddah, Saudi Arabia.",SAR,,,,SAU,XSAU,Saudi Arabian Stock Exchange,Saudi Arabia,,Jeddah,11525,https://www.apico.com.sa,Micro Cap,SA15KGDKL611,,BBG019XP8MJ0,BBG019XMYLZ2,BBG019XMYM08,False
9549.SR,Abdulaziz and Mansour Ibrahim Albabtin Co.,"Abdulaziz and Mansour Ibrahim Albabtain Co. (AMBC) operates as a prominent wholesale distributor within the Kingdom of Saudi Arabia, focusing on a comprehensive array of food and beverage ingredients essential for the production of pastries, baked goods, and ice cream. The company's extensive product line for ice cream manufacturers features foundational elements such as soft ice cream bases, gelato products, and powder mixes for ice cream biscuits. It also includes ready-to-serve options like stick ice creams, mini cones, frozen yogurt, and all-inclusive kits. For pastry chefs and businesses, AMBC supplies a broad spectrum of necessities, including versatile pre-mixes, a wide selection of chocolate and fruit fillings and toppings, ripple sauces, decorative glazes, and both dried and candied fruits. Further offerings in this category encompass powder cream, caramelized grain and biscuit powders, margarine, whipping cream, various chocolates, and sugar pastes. The inventory also extends to vibrant liquid and jelly food colorings, specialized and classic flavor pastes, concentrated fruit pastes, sugar-free cream fillings and toppings, and proprietary AMBC trays. Within its bakery division, the company provides crucial components for bakers, such as dry yeast, dough improvers, diverse bread mixes, various seeds, and high-quality flours. Additionally, AMBC diversifies its portfolio with other specialties, including premium coffee ingredients, an assortment of lactose-free milk flavorings, mojito and squeeze product concentrates, smoothie bases, a wide range of syrups, and milkshake foundations. Established in 1998, Abdulaziz and Mansour Ibrahim Albabtain Co. maintains its corporate headquarters in Riyadh, Saudi Arabia.",SAR,Consumer Staples,"Food, Beverage & Tobacco",Food Products,SAU,XSAU,Saudi Arabian Stock Exchange,Saudi Arabia,,Riyadh,12421,https://www.albabtainfood.com,Nano Cap,SA15L16KL6H8,,BBG019XN6283,BBG019XN2MC8,BBG019XN2MD7,False
9550.SR,Sure Global Tech Company,"Sure Global Tech Company's core activities involve the wholesale and retail trade of computers and associated accessories, such as printers and their ink. The company also specializes in custom software development, covering systems analysis, design, and programming. Additionally, it offers strategic consulting services to senior management.",SAR,Information Technology,Software & Services,IT Services,SAU,XSAU,Saudi Arabian Stock Exchange,Saudi Arabia,,Riyadh,11372,,Micro Cap,SA15L134L718,,BBG019YZ63B9,BBG019YZ5V00,BBG019YZ5V19,False
9551.SR,Knowledge Tower Trading Co.,"Knowledge Tower engages in the sale and distribution of books, and office and educational tools in the Kingdom of Saudi Arabia. It markets and sells educational books to schools, universities, training institutes, and governmental educational institutions; provides digital curricula for private and international schools and universities; and operates e-learning platforms. It offers stationery, office supplies, newspapers, magazines, libraries, dictionaries, atlases, and maps. The company also provides educational programs for schools; educational resources for training; assessment, library, exams and certificate, and book fair services. The company was founded in 2009 and is based in Riyadh, the Kingdom of Saudi Arabia.",SAR,Industrials,Capital Goods,Trading Companies & Distributors,SAU,XSAU,Saudi Arabian Stock Exchange,Saudi Arabia,,Riyadh,11437,https://www.kntbook.com,Nano Cap,SA15L0K4L7H2,,BBG01B74Z474,BBG01B74XFT7,BBG01B74XFX2,False
9552.SR,Saudi Top Trading Co.,"Saudi Top Trading Co. operates within the Kingdom of Saudi Arabia, specializing in the production and distribution of various plastic raw materials. The company's extensive product portfolio encompasses polyethylene wax, polyethylene, polyethylene terephthalate, thermoplastic elastomers, styrenics, polypropylene, rubber, and engineering polymers, in addition to plastic films and bags. These materials are integral to numerous sectors, finding applications in adhesives, road marking paints, masterbatch and filler masterbatch, petroleum wax blends, PVC and PVC compounds, rubber manufacturing, and printing ink industries. Established in 2006, the firm maintains its headquarters in Riyadh, Saudi Arabia.",SAR,Materials,Materials,Chemicals,SAU,XSAU,Saudi Arabian Stock Exchange,Saudi Arabia,,Riyadh,14321,https://stp.com.sa,Micro Cap,SA15LI2KL814,,BBG01BN2B154,BBG01BN26GR3,BBG01BN26GS2,False
9553.SR,Molan Steel Company,"Molan Steel Co. engages in supplying steel products. It specializes in the production and supply of high-quality steel and steel trade in Saudi Arabia & abroad, The company was founded on August 6, 2015 and is headquartered in Riyadh, Saudi Arabia.",SAR,Industrials,Capital Goods,Trading Companies & Distributors,SAU,XSAU,Saudi Arabian Stock Exchange,Saudi Arabia,,Riyadh,14262,https://molansteel.com/en,Nano Cap,SA15LGC4L8H3,,BBG01BTYTWK4,BBG01BTYTRM3,BBG01BTYTRN2,False
9555.SR,Leen Alkhair Trading Company,"Leen Alkhair Trading Company is an enterprise primarily focused on the agricultural sector within the Kingdom of Saudi Arabia. The company specializes in the cultivation, production, and distribution of fresh produce, encompassing a variety of vegetables and fruits. Its operational base and main offices are situated in Riyadh.",SAR,Consumer Staples,"Food, Beverage & Tobacco",Food Products,SAU,XSAU,Saudi Arabian Stock Exchange,Saudi Arabia,,Riyadh,14717,https://www.leenalkhair.com,Nano Cap,SA15M10KL9H7,,BBG01C4G3T78,BBG01C4G3D37,BBG01C4G3D55,False
9557.SR,Edarat Communication and Information Technology Co.,"Operating throughout the Middle East and Gulf regions, Edarat Communication and Information Technology Co. is a leading provider of technology services. The firm delivers a comprehensive suite of solutions, which includes strategic advisory, data center engineering, advanced smart city and building technologies, seamless workload migration, and robust cloud services. Edarat caters to a varied client base, serving governmental entities, telecommunications providers, financial institutions, and both large and medium-sized businesses. The company was founded in 2004 and has its headquarters in Riyadh, Saudi Arabia.",SAR,Information Technology,Software & Services,IT Services,SAU,XSAU,Saudi Arabian Stock Exchange,Saudi Arabia,,Riyadh,13322,https://www.edaratgroup.com,Small Cap,SA15M4M4LAH3,,BBG01C31ZKB1,BBG01C31W2Z8,BBG01C31W304,False
9558.SR,Alqemam for Computer Systems Co.,"Alqemam for Computer Systems Co. provides software solutions in the Kingdom of Saudia Arabia. It offers qemam Decision Support, a digital statistic platform; qemam Digital Archiving platform for archiving documents and converting them into digital records; Building Maintenance System, a digital system for managing building and related services; and qemam Correspondence Management System, a transaction management system for government and private entities. The company also provides qemam GEOhub, a platform for tracking geographical projects; qemam Correspondence Link platform, a unified solution that connects entities with government or external bodies for exchange of correspondences and transactions; qemam ITSM platform for managing IT services within the organization; qemam Projects Monitoring Office, a platform for real-time monitoring of various entity’s projects; and qemam Attendance Mobile Application by Location, an mobile application linked to the geographic location to record fingerprints and manage attendance and departure. Further, it offers qemam Digital Identity platform that enables organizations to create websites and digital platforms; qemam For Coorprate Communication, a platform to support employees and provide organizational assistance; qemam Data and Indicators platform; qemam Data Link platform for secure and encrypted data sharing between various governmental systems; qemam GEO Exchange for sending and receiving geographical information between various entities; qemam Digital Partnerships Management platform; qemam GEO-Portal, a platform that provides access to various geographical information; qemam Welcome Services; qemam Statistical Digital platform; qemam Event Management, a platform for managing and launching events; and qemam Digital Services, a platform for creating, developing, and launching digital services. The company was founded in 2012 and is based in Unaizah, the Kingdom of Saudi Arabia.",SAR,Information Technology,Software & Services,Software,SAU,XSAU,Saudi Arabian Stock Exchange,Saudi Arabia,,Unaizah,56437-7011,https://www.alqemam.com,Nano Cap,SA15OH84LB11,,BBG01CCN9XZ8,BBG01CCN4TT9,BBG01CCN4TV6,False
9559.SR,Balady Poultry Trading Co.,"Balady Poultry Trading Co. is a Saudi Arabian enterprise dedicated to the production of various poultry items. Its extensive product portfolio features a wide array of chicken options, including whole birds (both plain and pre-marinated) and individual cuts such as breasts, thighs, wings, gizzards, hearts, livers, feet, and fillets. Beyond product manufacturing, the company also operates its own abattoirs, which are utilized for the slaughter and processing of poultry, rabbit, and other bird meats. Established in 2007, the company's operations are headquartered in Khamis Mushait, Saudi Arabia.",SAR,Consumer Staples,"Food, Beverage & Tobacco",Food Products,SAU,XSAU,Saudi Arabian Stock Exchange,Saudi Arabia,,Khamis Mushait,61311,,Micro Cap,SA15OHDKLBH0,,BBG01DR616F6,BBG01DMRJCR0,BBG01DMRJCS9,False
9560.SR,Waja Company,"Waja Company operates as a diversified enterprise with core activities spanning the construction, media and communication, and information technology sectors. In its construction arm, the firm acts as a contractor and real estate developer, managing and executing a wide array of building and restoration projects. The company's media and communication segment provides advertising campaign services, alongside the manufacturing of various signage including indoor, outdoor, marketing, and traffic signboards. Furthermore, its information technology offerings encompass software development, expert consultation, big data solutions, network services, and other associated technical support. Waja Company is based in Riyadh, Saudi Arabia.",SAR,Industrials,Capital Goods,Construction & Engineering,SAU,XSAU,Saudi Arabian Stock Exchange,Saudi Arabia,,Riyadh,12214,https://waja.com.sa/en/home,Micro Cap,SA15P1D4LC16,,BBG01F3SPMH6,BBG01F3SPMF8,BBG01F3SPN20,False
9561.SR,Knowledge Net Company,"Knowledge Network Computer Co. Ltd. operates as a software development company. It is involved in the wholesale of computers and their accessories, including the sale of printers and their inks. The company was founded on May 23, 1921 and is headquartered in Riyadh, South Africa.",SAR,Information Technology,Software & Services,Software,SAU,XSAU,Saudi Arabian Stock Exchange,Saudi Arabia,,Riyadh,12611,https://www.kn-it.com,Nano Cap,SA15PGK4LCH5,,BBG01FG8RBP9,BBG01FG8RBN1,BBG01FG8RBR7,False
9564.SR,Horizon Food Company,"Horizon Food Company Limited engages in the cutting, processing, packaging, and wrapping of meat and poultry in the Kingdom of Saudi Arabia and internationally. The company offers chilled and frozen poultry, rabbits, birds, and meat, as well as sausages and hamburgers. It also provides meat shawarma, chicken shawarma, and doner kabab under the Iskender brand name. The company was founded in 2017 and is headquartered in Dammam, the Kingdom of Saudi Arabia.",SAR,Consumer Staples,"Food, Beverage & Tobacco",Food Products,SAU,XSAU,Saudi Arabian Stock Exchange,Saudi Arabia,,Dammam,2383,https://horizonfood.sa,Micro Cap,SA15PGIKLE15,,BBG01FSPYF08,BBG00WBLTNZ0,BBG00WBLTP03,False
9565.SR,Meyar Company,"Established in 1960, Meyar Company is headquartered in Riyadh, Saudi Arabia, and focuses on the manufacturing and distribution of a diverse range of cement-based products. Its offerings encompass ready-mix concrete, essential construction raw materials, interlock pavers, bardora, and concrete blocks.",SAR,Materials,Materials,Construction Materials,SAU,XSAU,Saudi Arabian Stock Exchange,Saudi Arabia,,Riyadh,15363,https://www.meyar.sa,Nano Cap,SA15PGTKLEH9,,BBG01FFSQXV2,BBG01FFSQXT5,BBG01FFSQXW1,False
9566.SR,Saudi Lime Industries Co.,"Saudi Lime Industries Co. is engaged in the manufacturing and sale of a broad spectrum of limestone-derived products. Its comprehensive inventory includes raw limestone, dolomite, quicklime, both standard and dolomitic hydrated lime, powdered quicklime, calcium carbonate, and building materials such as lime sand bricks, blocks, and various types of bricks. These essential products cater to numerous industrial applications, including steel and iron production, glass manufacturing, mining, agriculture, food processing, environmental and water treatment, general construction, pulp and paper production, and the oil and gas sector. Established in 1977, the company's main operations are directed from its headquarters in Riyadh, Saudi Arabia.",SAR,Materials,Materials,Construction Materials,SAU,XSAU,Saudi Arabian Stock Exchange,Saudi Arabia,,Riyadh,11383,,Micro Cap,SA15Q08KLF13,,BBG01FNTHHQ2,BBG01FNTHHP3,BBG01FNTHHR1,False
9567.SR,Ghida Al-Sultan Company,"Ghida Al-Sultan Company operates a fast-food and franchising business across the Kingdom of Saudi Arabia. Its menu features burgers, sold under the ""Sultan Delight Burger"" and ""Fuel burger"" brand names, alongside various pizzas. The enterprise was founded in 2004 and maintains its headquarters in Jeddah, Saudi Arabia.",SAR,Consumer Discretionary,Consumer Services,"Hotels, Restaurants & Leisure",SAU,XSAU,Saudi Arabian Stock Exchange,Saudi Arabia,,Jeddah,11860-3312,https://ghidas.com,Nano Cap,SA15PHA4LFH9,,BBG01FFSQVF4,BBG01FFSQVD6,BBG01FFSQVG3,False
9568.SR,Mayar Holding Co.,"Mayar Holding Co., founded in 1999 and headquartered in Riyadh, Saudi Arabia, focuses on the manufacturing, sale, installation, and servicing of elevators, escalators, and their components within the Kingdom. The company operates across three primary business segments: Elevators and Escalators, Feed and Agriculture, and Plastic. Beyond its core vertical transport activities, Mayar Holding also supplies feed products for poultry and various livestock. Its plastics division produces a diverse array of items, including plastic for drip irrigation systems, semi-finished plastic compounds, PVC compounds, EVA materials, and footwear like shoes and sandals. Additionally, the company is involved in the commercial trade of irrigation systems. Mayar Holding Co. was formerly known as Gulf Elevators and Escalators Company Ltd.",SAR,Industrials,Capital Goods,Industrial Conglomerates,SAU,XSAU,Saudi Arabian Stock Exchange,Saudi Arabia,,Riyadh,11534,,Micro Cap,SA15PH34LG16,,BBG01G2Q1QC1,BBG01G2P4J54,BBG01G2P4J63,False
9569.SR,"Almuneef Company for Trade, Industry, Agriculture and Contracting","AlMuneef Company for Trade, Industry, Agriculture and Contracting operates within the Kingdom of Saudi Arabia, focusing on the procurement and provision of agricultural necessities, including seeds, fertilizers, pesticides, and a variety of farm supplies. Its product range is accessible to customers through both traditional retail stores and a dedicated online platform. Established in 2009, the firm's main administrative offices are situated in Riyadh, Saudi Arabia.",SAR,Materials,Materials,Chemicals,SAU,XSAU,Saudi Arabian Stock Exchange,Saudi Arabia,,Riyadh,14314-7357,,Nano Cap,SA15QH34LGH2,,BBG01GTML7D0,BBG01GTML7C1,BBG01GTML7F8,False
9570.SR,Tam Development Co.,"Tam Development LLC is a Saudi Arabian-based consultancy specializing in management and digital solutions. The firm offers a comprehensive range of advisory services, including strategic development, guidance on business transformation, innovation and design methodologies, public engagement, change management, accelerated execution strategies, financial oversight, large-scale talent development, and establishing organizational and functional frameworks. In addition to its core consulting, the company actively engages in marketing and advertising campaigns, public relations and communications, supports new ventures through incubator and accelerator programs, and provides marketing services for external entities. It caters to a diverse client base across industries such as tourism, culture, education, entertainment, healthcare, and various business sectors. Established in 2012, Tam Development LLC is headquartered in Riyadh, Saudi Arabia.",SAR,Industrials,Commercial & Professional Services,Professional Services,SAU,XSAU,Saudi Arabian Stock Exchange,Saudi Arabia,,Riyadh,13516,,Nano Cap,SA15R214LH17,,BBG01GXLBVT8,BBG01G7SLMP5,BBG01G7SLMQ4,False
9571.SR,Munawla Cargo Co. Ltd.,"Munawla Cargo Co. Ltd. is a prominent provider of comprehensive logistics services, operating throughout the Kingdom of Saudi Arabia. Its extensive suite of offerings covers a wide array of solutions, including specialized project logistics, efficient freight forwarding, terminal operations management, diverse transportation options (including air freight), warehousing and distribution, and dedicated shipping agency services. Established in 1997, the company maintains its headquarters in Dammam, Saudi Arabia.",SAR,Industrials,Transportation,Air Freight & Logistics,SAU,XSAU,Saudi Arabian Stock Exchange,Saudi Arabia,,Dammam,31491,https://www.munawlacargo.com.sa,Nano Cap,SA15S1N4LHH7,,BBG01J1KTXT6,BBG01B04WLT2,BBG01B04WM38,False
9572.SR,Al-Razi Medical Co.,"Established in 1986 and based in Dammam, Saudi Arabia, Al-Razi Medical Company functions as a principal distributor of a broad range of medical equipment throughout the Kingdom. Their extensive product catalog encompasses essentials like hospital beds, steam and suction devices, inhalation apparatus, various masks (including oxygen masks), needles, water bladders, bandages, gloves, and ear piercing provisions. The company caters to a diverse clientele within the healthcare sector, serving hospitals, clinics, medical centers, other medical enterprises, and pharmacies.",SAR,Health Care,"Pharmaceuticals, Biotechnology & Life Sciences",Pharmaceuticals,SAU,XSAU,Saudi Arabian Stock Exchange,Saudi Arabia,,Riyadh,31432,https://www.razimed.com,Nano Cap,SA15R0E4LI18,,BBG01H03NQ74,BBG01GL5NJ92,BBG01GL5NJB9,False
9574.SR,Professional Medical Expertise Co.,"Professional Medical Expertise Company engages in the retail sale of medical equipment, tools, supplies, and medical devices in the Kingdom of Saudi Arabia and the United Arab Emirates. It offers products related to spine, sports medicine, pediatric orthopedic, general surgery, infection prevention, oncology, gastrointestinal, endoscopy, bariatric surgery, women's health, critical care, and diabetes, as well as dental care unit. The company is also involved in the medical devices warehouse activities; legal representation of medical products and devices manufacturers; the sale of medicines and drug warehouse activities; and medical, surgical, equipment, and instruments trading activities. In addition, it sells and installs medical equipment and supplies to private and public hospitals, and medical centers. The company was formerly known as Socrates Specialized Trading Company and changed its name to Professional Medical Expertise Company in July 2012. Professional Medical Expertise Company was founded in 2010 and is headquartered in Jeddah, the Kingdom of Saudi Arabia.",SAR,Health Care,Health Care Equipment & Services,Health Care Providers & Services,SAU,XSAU,Saudi Arabian Stock Exchange,Saudi Arabia,,Jeddah,23434,http://www.promedex.com,Micro Cap,SA15RH24LJ13,,BBG01HMBJJL7,BBG01HM9XXJ8,BBG01HM9XXP1,False
9575.SR,Marble Design Co.,"Founded in 2007, Marble Design Factory Company operates within the natural marble industry across Saudi Arabia, with its primary office situated in Riyadh.",SAR,Materials,Materials,Construction Materials,SAU,XSAU,Saudi Arabian Stock Exchange,Saudi Arabia,,Riyadh,13968,,Micro Cap,SA15S0S4LJH9,,BBG01H3V4SK1,BBG01H3V4SJ3,BBG01H3V4SL0,False
9576.SR,Paper Home Co.,"Paper Home Co., headquartered in Riyadh, Saudi Arabia, specializes in the manufacturing and sale of corrugated cardboard products across the Kingdom. Its extensive product portfolio includes point-of-sale (POS) displays, custom die-cut boxes, wrap-around packaging, various trays, regular slotted containers, jumbo boxes, half-slotted containers, mill run sheets, and protective dividers and pads. The company also offers corrugated flutes in C, B, E, BC, and BE profiles. Paper Home Co. serves a diverse range of industries, such as poultry, industrial materials, fashion, delivery services, retail, and bottled water producers.",SAR,Materials,Materials,Containers & Packaging,SAU,XSAU,Saudi Arabian Stock Exchange,Saudi Arabia,,Riyadh,11485,https://www.paperhome.com.sa/en,Micro Cap,SA15RH5KLK15,,BBG01HQ21MF2,BBG01HQ21MD4,BBG01HQ21MG1,False
9577.SR,Dar Almarkabah for Renting Cars Co.,"Founded in 2009, DAR ALMARKABAH For Renting Cars Company offers vehicle rental solutions throughout Saudi Arabia. This Riyadh-based enterprise specializes in providing a suite of services such as intercity transport, airport connectivity, and exclusive limousine options.",SAR,,,,SAU,XSAU,Saudi Arabian Stock Exchange,Saudi Arabia,,Riyadh,12813,,Nano Cap,SA15S0K4LKH5,,BBG01J18N4X8,BBG01HHVG3G3,BBG01HHVG3H2,False
9578.SR,Atlas Elevators General Trading and Contracting Co.,"Headquartered in Riyadh, Saudi Arabia, Atlas Elevators General Trading & Contracting Co. provides comprehensive services for vertical transportation systems. The company specializes in the procurement, distribution, installation, and ongoing maintenance of both electric and hydraulic elevators and escalators, serving clients throughout the Kingdom of Saudi Arabia and on an international scale.",SAR,Industrials,Capital Goods,Trading Companies & Distributors,SAU,XSAU,Saudi Arabian Stock Exchange,Saudi Arabia,,Riyadh,11383,,Nano Cap,SA15SGBKLL10,,BBG01JG3SK35,BBG01HRNRYY0,BBG01HRNRZ22,False
9579.SR,Rimath Hospitality Company,"Headquartered in Riyadh, Kingdom of Saudi Arabia, and established in 1925, Intelligent Oud Co. is a company dedicated to the formulation, manufacturing, and supply of incenses, perfumes, and cosmetics. These diverse product lines are distributed across the Kingdom of Saudi Arabia, the United Arab Emirates, and Italy, primarily trading under the iOud, O'SO, and Thannah labels.",SAR,Consumer Staples,Household & Personal Products,Household Products,SAU,XSAU,Saudi Arabian Stock Exchange,Saudi Arabia,,Riyadh,2207,https://rimathsa.com,Nano Cap,SA15SGOKLLH9,,BBG01JG3PH35,BBG01JFKVMS3,BBG01JFKVMY6,False
9580.SR,Al Rashid Industrial Co.,"Al Rashid Industrial Co. specializes in the manufacturing and sale of diverse plastic and packaging solutions, catering to both government entities and commercial clients across Saudi Arabia. Their extensive product range encompasses food storage containers for refrigerators, various trays, Cassatt, and jakes, alongside specialized medical packages and containers. The company also produces packaging boxes tailored for a wide array of goods, including cosmetic and personal care items, saffron, incense, Maamoul, dates, sweets, and citrus products. Furthermore, Al Rashid provides numerous single-use packaging options, such as heatable and transparent cans, distinct boxes for sushi, cakes, egg storage, and fruits, as well as general-purpose cake cans. All products are available for purchase via their online platform. Founded in 1969, the company is headquartered in Riyadh, Saudi Arabia.",SAR,Materials,Materials,Containers & Packaging,SAU,XSAU,Saudi Arabian Stock Exchange,Saudi Arabia,,Riyadh,11494-7502,http://www.lastmade.com,Micro Cap,SA15S0CKLM18,,BBG01J3F1Z83,BBG01J3F1Z74,BBG01J3F1Z92,False
9581.SR,Clean life company,"Clean Life Company, together with its subsidiary, provides general building cleaning services in the Kingdom of Saudi Arabia. The company offers building cleaning services, including chimneys and windows; external building; swimming pool cleaning and maintenance; and disinfection and fumigation activities to exterminate insects and rodents. It also provides furniture cleaning, rehabilitation cleaning, pest control, home maintenance, furniture moving, hourly cleaning, car wash, and air conditioner cleaning services. In addition, the company is involved in general construction of residential and government buildings; construction of airports and their facilities; construction of prefabricated buildings on sites; and renovations of residential and non-residential buildings. Clean Life Company was founded in 2015 and is headquartered in Riyadh, the Kingdom of Saudi Arabia.",SAR,Industrials,Commercial & Professional Services,,SAU,XSAU,Saudi Arabian Stock Exchange,Saudi Arabia,,Riyadh,14214,https://cleanlife.sa,Nano Cap,SA15SHO4LMH6,,BBG01JPHM0K5,BBG01JPHM0J7,BBG01JPHM0W2,False
9583.SR,United Mining Industries Company,"United Mining Industries Company manufactures and sells a range of gypsum products for residential and commercial development in Saudi Arabia and internationally. The company operates through Gypsum Board & Powder, Cement Board, and Others segments. It offers gypsum and performance boards; fiber cement boards; gypsum and fiber cement board ceiling tiles; metal profiles and accessories for walls and ceilings; T-grid ceiling systems; and gypsum powder. United Mining Industries Company was founded in 2006 and is headquartered in Jeddah, the Kingdom of Saudi Arabia.",SAR,Materials,Materials,Construction Materials,SAU,XSAU,Saudi Arabian Stock Exchange,Saudi Arabia,,Jeddah,23525,https://www.ugc.com.sa,Micro Cap,SA15T0H4LNH2,,BBG01JS4QD01,BBG01J66GPH6,BBG01J66GPJ4,False
9584.SR,Riyal Investment and Development Co.,"Riyal Investment & Development Co. primarily operates in the sectors of vehicle rental and diverse commercial trading. The firm's activities are organized into dedicated segments for the sale and lease of automobiles. This enterprise, with its headquarters in Dammam, Saudi Arabia, was established on February 9, 1993.",SAR,,,,SAU,XSAU,Saudi Arabian Stock Exchange,Saudi Arabia,,Dammam,32436-2760,http://riyalmotors.com,Nano Cap,SA15SGL4LO12,,BBG01J7DJFQ9,BBG01J7DJFP0,BBG01J7DJFR8,False
9585.SR,Mulkia Investment Company,"Mulkia Investment Company is a company listed on the Saudi Arabian Stock Exchange under the ticker 9585. It operates in the Capital Markets industry within the Financials sector. The company is headquartered in Riyadh, Saudi Arabia.",SAR,Financials,Diversified Financials,Capital Markets,SAU,XSAU,Saudi Arabian Stock Exchange,Saudi Arabia,,Riyadh,11427,http://www.mulkia.com.sa,Micro Cap,SA15T0J4LOH8,,BBG01K1VW8Q3,BBG00QZ0WQ73,BBG00QZ0WQ82,False
9586.SR,Osool and Bakheet Investment Co.,"Osool & Bakheet Investment Co. is a financial institution primarily engaged in brokerage and asset management activities. The firm offers a range of services, acting both as a principal and an agent, including the administration of investment funds, personalized portfolio management, and asset custody. It was established on January 1, 2005, and its headquarters are situated in Riyadh, Saudi Arabia.",SAR,Financials,Diversified Financials,Capital Markets,SAU,XSAU,Saudi Arabian Stock Exchange,Saudi Arabia,,Riyadh,11526,http://www.obic.com.sa,Nano Cap,SA15T0MKLP11,,BBG01JZG4M00,BBG00M6X2839,BBG00M6X2848,False
9587.SR,Lana Medical Co.,"Lana Medical Co. primarily focuses on the production of medical equipment. Beyond manufacturing, their extensive services also include the supply of medical consumables, effective healthcare waste management, professional maintenance for medical apparatus, and comprehensive infection prevention strategies. This enterprise was established in 2010, with its central operations based in Riyadh, Saudi Arabia.",SAR,Health Care,Health Care Equipment & Services,Health Care Providers & Services,SAU,XSAU,Saudi Arabian Stock Exchange,Saudi Arabia,,Riyadh,12851,http://lanamedical.com,Nano Cap,SA15TGFKLPH6,,BBG01JM0R9M9,BBG01JM0R9L0,BBG01JM0R9P6,False
9588.SR,Riyadh Steel Co.,"Riyadh Steel Company is primarily involved in the fabrication of steel products and the commercialization of steel scrap. Its diverse portfolio encompasses items such as flat bars, angle bars, billets, and sheared scrap. Founded on April 19, 2000, the company maintains its principal operational base in Riyadh, Saudi Arabia.",SAR,Materials,Materials,Metals & Mining,SAU,XSAU,Saudi Arabian Stock Exchange,Saudi Arabia,,Riyadh,13241,http://riyadhsteel.com.sa,Nano Cap,SA15TG8KLQ14,,BBG01JZZS9Y4,BBG01JZZS9X5,BBG01JZZS9Z3,False
9589.SR,Fad International Company,"Fad International Company specializes in the retail and wholesale of women's dresses and related accessories, prominently featuring its Vivid Flair London and Femi9 brands. Expanding its product line, the company also trades in general clothing, textiles, bags, suitcases, shoes and their accessories, leather goods, a variety of artificial and natural perfumes, cosmetics, makeup, lotions, and eyewear for men, women, and children. Customers can purchase these items through the company's physical stores and its online e-commerce platform. Established in 1999, Fad International's operations extend across the GCC and wider Middle East, including key markets such as the Kingdom of Saudi Arabia, the United Arab Emirates, Bahrain, and Egypt. The firm is headquartered in Jeddah, Kingdom of Saudi Arabia.",SAR,Consumer Discretionary,Consumer Durables & Apparel,"Textiles, Apparel & Luxury Goods",SAU,XSAU,Saudi Arabian Stock Exchange,Saudi Arabia,,Jeddah,6633,https://www.fadint.com,Nano Cap,SA15THA4LQH2,,BBG01K4Z0RL9,BBG01K4Z0RK0,BBG01K4Z0RM8,False
9591.SR,View United Real Estate Development Co.,"View United Real Estate Development Co. specializes in the creation and sale of contemporary, innovative, and premium real estate properties. Its portfolio encompasses developments such as View 12, View 13 Lite, View 13 Server, View 9 River, View 10, and View 9 Sky. Ahmed bin Bajad bin Thabit founded the company on June 15, 2011, and its primary operations are based in Riyadh, Saudi Arabia.",SAR,Real Estate,Real Estate,Real Estate Management & Development,SAU,XSAU,Saudi Arabian Stock Exchange,Saudi Arabia,,Riyadh,13325,http://www.view.sa,Nano Cap,SA15TH34LRH3,,BBG01K2RR244,BBG01JYC53R2,BBG01JYC53S1,False
9592.SR,Almujtama Alraida Medical Co.,"Almujtama Alraida Medical Co. delivers a variety of healthcare services. The company specializes in the retail of pharmaceuticals, medical products, cosmetics, and toiletries, offering these items through its dedicated network of stores, which encompass outlets for medical devices, beauty products, and pharmaceutical goods. Furthermore, its operational scope includes pharmaceutical laboratories. Established in 2001 by Abdulaziz Omar Yousef Khoja, the entity is headquartered in Jeddah, Saudi Arabia.",SAR,Health Care,"Pharmaceuticals, Biotechnology & Life Sciences",Pharmaceuticals,SAU,XSAU,Saudi Arabian Stock Exchange,Saudi Arabia,,Jeddah,21351,http://www.almujtama.com.sa,Micro Cap,SA15U0K4LS18,,BBG01K1W6BJ1,BBG01K1W6BH3,BBG01K1W6BL8,False
9593.SR,Pan Gulf Marketing Co.,"Pan Gulf Marketing Company is a leading distributor specializing in stationery and office supplies, serving a vast international market that spans the Middle East, Africa, and the Commonwealth of Independent States (CIS). Its comprehensive product portfolio caters to a wide range of needs, from office and school essentials to artistic and crafting pursuits. Offerings include various writing instruments (such as pens, pencils, highlighters, and POSCA markers), paper products (notebooks, notepads, copy paper, sticky notes), art and craft materials (easels, canvases, brushes, coloring supplies, and general art accessories), essential office consumables (adhesives, tapes, blades, cutters, labelling products, filing solutions), and other items like hydration products and office bags. The company proudly distributes merchandise from a diverse array of respected brands, including ALKHATAT, ATLAS, Ayman, CARL, CLIPP, Conda, Daler Rowney, DC Fix, Fantastick, FIMO, Foldermate, Formtec, FUJIPLA, Helix, Kiddy Clay, Leeho, Lefranc & Bourgeois, Maped, Marie, Maruman, Max, Miquelrius, Moleskine, Olfa, Pentel, Pidilite, Rapid, RENZ, SDI, STAEDTLER, and Uniball. Founded in 1964, Pan Gulf Marketing Company is headquartered in Riyadh, Saudi Arabia.",SAR,Consumer Discretionary,Retailing,,SAU,XSAU,Saudi Arabian Stock Exchange,Saudi Arabia,,Riyadh,11422,,Nano Cap,SA161054LSH3,,BBG01LC20LW2,BBG01LC0WG07,BBG01LC0WG16,False
9594.SR,Al-Modawat Specialized Medical Co.,"Al-Modawat Specialized Medical Company, with its headquarters located in Muhayil, Saudi Arabia, operates a comprehensive healthcare facility in the southern Aseer region of the country.",SAR,Health Care,Health Care Equipment & Services,Health Care Providers & Services,SAU,XSAU,Saudi Arabian Stock Exchange,Saudi Arabia,,Muhayil,63411,,Micro Cap,SA161054LT11,,BBG01LGX9G89,BBG01LGX9G70,BBG01LGX9G98,False
9595.SR,WSM for Information Technology,"WSM For Information Technology offers information technology services to customers in the governmental and private sectors in Saudi Arabia. The company offers operating systems, systems analysis, software design and programming, information systems, data science and analysis, and cloud computing services. It also engages in establishing the infrastructure for hosting websites on the network, data processing services, and related activities; and research and development in market research and opinion polls. The company was founded in 2014 and is based in Riyadh, Saudi Arabia.",SAR,Information Technology,Software & Services,Software,SAU,XSAU,Saudi Arabian Stock Exchange,Saudi Arabia,,Riyadh,13522,http://wsmco.sa,Nano Cap,SA160GOKLTH1,,BBG01L813089,BBG01L813070,BBG01L813098,False
9596.SR,Quara Finance Co.,"Quara Finance Co. is a financial services provider operating across Saudi Arabia, primarily delivering its solutions via a digital platform. The company offers a diverse portfolio of services, including lease financing, consumer lending, and funding options for small and medium-sized enterprises (SMEs). Founded in 2009, the Riyadh-based firm was formerly known as Maalem Financing Company before officially adopting the name Quara Finance Company on January 14, 2021.",SAR,Financials,Diversified Financials,Consumer Finance,SAU,XSAU,Saudi Arabian Stock Exchange,Saudi Arabia,,Riyadh,12622,,Micro Cap,SA16107KLU11,,BBG01LQ7FMM9,BBG00X3GNTZ1,BBG00X3GNV22,False
9597.SR,Leaf Global Environmental Services Co.,"Leaf Global Environmental Services specializes in environmental engineering and technological solutions. The firm delivers a range of services, including environmental and social impact evaluations, hazardous substance inspections, continuous monitoring of noise and vibrations, mangrove ecosystem relocation, and habitat restoration.",SAR,Industrials,Commercial & Professional Services,Commercial Services & Supplies,SAU,XSAU,Saudi Arabian Stock Exchange,Saudi Arabia,,Jeddah,23719,https://lges.com.sa,Nano Cap,SA1630P4LUH2,,BBG01N84PGC5,BBG01MRVB5S8,BBG01MRVB5T7,False
9598.SR,Al Mohafaza Company for Education,"Al Mohafaza Company for Education provides education services in the Kingdom of Saudi Arabia. It offers preschool, kindergarten, primary, intermediate, and secondary education for male and female students, as well as managing educational complexes.",SAR,Consumer Discretionary,Consumer Services,Diversified Consumer Services,SAU,XSAU,Saudi Arabian Stock Exchange,Saudi Arabia,,Hafar Al Batin,31991,http://al-mohafaza.com.sa,Micro Cap,SA161G54LV18,,BBG01M2BWDF3,BBG01M2BWDD5,BBG01M2BWDH1,False
9599.SR,Taqat Mineral Trading Co.,"Established in 2017, Taqat Mineral Trading Co. is a Saudi Arabian enterprise dedicated to the acquisition and repurposing of metallic materials. With its headquarters situated in Riyadh, the company's offerings specifically include iron ore and aluminum.",SAR,Industrials,Capital Goods,Machinery,SAU,XSAU,Saudi Arabian Stock Exchange,Saudi Arabia,,Riyadh,14545,https://taqatco.sa,Nano Cap,SA161G94LVH0,,BBG01LV65WY1,BBG01LV65WX2,BBG01LV65WZ0,False
9600.SR,Qomel Company Limited,"Qomel Co. is a healthcare company, which engages in the provision of comprehensive and distinguished medical services that meet patients’ needs in an efficient and reliable manner. The firm is also involved in providing pharmaceutical services and medical supplies. The company was founded in 2007 and is headquartered in Riyadh, Saudi Arabia.",SAR,Health Care,"Pharmaceuticals, Biotechnology & Life Sciences",Pharmaceuticals,SAU,XSAU,Saudi Arabian Stock Exchange,Saudi Arabia,,Riyadh,11445,https://qomel.com,Micro Cap,SA162184M018,,BBG01MLK6V52,BBG01MLK6V43,BBG01MLK6VR8,False
9601.SR,Mohammed Hadi Al-Rasheed Company,"Mohammed Hadi Al-Rasheed Co. engages in the provision of mining industries products, as well as military, general maintenance, and contracting services. It also offers industrial silica sand, granite and marble stone, gravel and asphalt products. The company was founded in 2000 and is headquartered in Riyadh, Saudi Arabia.",SAR,Materials,Materials,Construction Materials,SAU,XSAU,Saudi Arabian Stock Exchange,Saudi Arabia,,Riyadh,13242,https://alrasheedco.com.sa,Micro Cap,SA162GE4M0H5,,BBG01N0HHVG6,BBG01N0HHVF7,BBG01N0HHVH5,False
9602.SR,Yaqeen Capital Co.,"Yaqeen Capital Company, founded in 2006 and based in Riyadh, Saudi Arabia, operates as a diversified financial services provider within the Kingdom. Its core business revolves around asset management, investment banking, brokerage, and custodial services. The company organizes its activities into four primary divisions: Brokerage, Investment Banking Group, Asset Management, and Investments. It specializes in facilitating, advising on, and executing transactions involving securities, alongside offering secure safekeeping services for these assets. Moreover, Yaqeen Capital offers a comprehensive suite of advisory services and investment products. These include guidance on initial public offerings (IPOs), rights issues, various forms of debt and financial restructuring, general corporate strategy, private placements, buy-side advisory, and mergers and acquisitions (M&A). The firm also actively manages mutual funds and client portfolios, provides dynamic portfolio management and trading support, and delivers valuable research insights.",SAR,Financials,Diversified Financials,Capital Markets,SAU,XSAU,Saudi Arabian Stock Exchange,Saudi Arabia,,Riyadh,11421,https://www.yaqeen.sa,Micro Cap,SA1620K4M113,,BBG013WRNW01,BBG000W9S8H8,BBG001T7JXB5,False
9603.SR,Horizon Educational Co.,"Horizon Educational Company provides education services in the Kingdom of Saudi Arabia. It offers preschool, kindergarten, primary, intermediate, and secondary education; and provides educational transportation. The company was founded in 1999 and is based in Riyadh, the Kingdom of Saudi Arabia.",SAR,Consumer Discretionary,Consumer Services,Diversified Consumer Services,SAU,XSAU,Saudi Arabian Stock Exchange,Saudi Arabia,,Riyadh,12252,https://www.horizon.sch.sa,Micro Cap,SA162GR4M1H5,,BBG01N361189,BBG01N361170,BBG01N3611G0,False
9604.SR,Miral Dental Clinics Co.,"Miral Dental Clinics Co. is a company that engages in the provision of dental, treatment, and cosmetic services. The company operates through its two branches in Riyadh. The company was founded on September 3, 2002 and is headquartered in Riyadh, Saudi Arabia.",SAR,Health Care,Health Care Equipment & Services,Health Care Providers & Services,SAU,XSAU,Saudi Arabian Stock Exchange,Saudi Arabia,,Riyadh,11527,https://miraldental.com,Nano Cap,SA162HI4M217,,BBG01N1KW0F0,BBG01N1KW0D2,BBG01N1KW0M2,False
9605.SR,Neft Alsharq For Chemical Industry Company,"Neft Alsharq For Chemical Industry Company manufactures and sells industrial oils, greases, and engine fluids. The company was founded in 1995 and is based in Riyadh, Saudi Arabia.",SAR,,,,SAU,XSAU,Saudi Arabian Stock Exchange,Saudi Arabia,,Riyadh,13313,https://www.neftalsharq.com,Nano Cap,SA16301KM2H2,,BBG01MRF89Z1,BBG01MRF89Y2,BBG01MRF8B59,False
9606.SR,Altharwah Albashariyyah Co.,"Altharwah Albashariyyah Co. engages in management consulting, training and development services, as well as artificial intelligence and digital solutions in Saudi Arabia. The company offers talent assessment, professional human resources services, human capital advisory services, talent management, culture transformation, people growth and capability building, and technology and AI advisory services. It also provides systems analysis, user interface and experience design, application development, and artificial intelligence technologies; rehabilitating and restructuring administrative, financial, and operational processes for establishments; and advanced management consulting services. Additionally, the company engages in organizing and managing exhibitions and conferences, higher education institutes, language teaching institutes, conversation skills training institutes, training centres, mediating Saudi employment, and operating temporary employment agencies for Saudis; and e-learning solutions. Altharwah Albashariyyah Co. was founded in 2012 and is based in Riyadh, Saudi Arabia.",SAR,Industrials,Commercial & Professional Services,,SAU,XSAU,Saudi Arabian Stock Exchange,Saudi Arabia,,Riyadh,13323,https://www.tharwah.net,Nano Cap,SA16402KM313,,,,BBG01P437HG0,False
9607.SR,ASG Plastic Factory Co.,"ASG Plastic Factory Co. specializes in the production of a wide variety of plastic goods. Their extensive product line includes plastic packaging solutions, storage jars, tableware, bags, food preservation containers, household items, kitchenware, and single-use decorative pieces. The company was established on February 7, 2005, and operates from its headquarters in Riyadh, Saudi Arabia.",SAR,,,,SAU,XSAU,Saudi Arabian Stock Exchange,Saudi Arabia,,Riyadh,,http://asgplastic.sa,Micro Cap,SA1640OKM4H8,,BBG01P632B76,BBG01P632B67,BBG01P632B85,False
9608.SR,Al Ashghal Al Moysra Co.,"Al Ashghal Al Moysra Co. engages in the construction business in Saudi Arabia. It engages in construction and renovation of government buildings, prefabricated buildings on-site, and residential and non-residential buildings; construction of roads, streets, sidewalks, and road accessories; operation of sewage treatment networks and facilities; repairs and maintenance services; cleaning services; water transport and distribution; collection and transport of sewage; and ground handling services. The company also engages in transport and logistics services, including dry and cold transport; loading and unloading of goods and passenger baggage; and freight forwarding. In addition, the company offers tempered glass solutions for doors, facades, interior partitions, and windows; medical vinyl flooring solutions; manufacture and installation of metal structures, canopies, fences, and railings; and engages in design, supply, installation, and maintenance of air conditioning and refrigeration systems. Al Ashghal Al Moysra Co. was founded in 2013 and is headquartered in Sakaka, Saudi Arabia.",SAR,Industrials,Commercial & Professional Services,,SAU,XSAU,Saudi Arabian Stock Exchange,Saudi Arabia,,Sakaka,72311,https://www.ashamco.net.sa,Nano Cap,SA163GP4M416,,BBG01NXY36C7,BBG01NWTGHY7,BBG01NWTGHZ6,False
9609.SR,Nass Petrol Factory Company,"Naas Petrol Factory Co. engages in the specialization in the production of petroleum derivatives. The firm produces different types of mechanical and hydraulic oils, lubricants, and distilled water for all types of engines. Its products include gear oil, hydraulic oils, gasoline engine oils, diesel engine oils, and automatic transmission oils. The company is headquartered on November 10, 2010 and is headquartered in Riyadh, Saudi Arabia.",SAR,Energy,Energy,"Oil, Gas & Consumable Fuels",SAU,XSAU,Saudi Arabian Stock Exchange,Saudi Arabia,,Riyadh,14337,https://naaspetrol.com,Nano Cap,SA164054M3H7,,BBG01P6WYPZ5,BBG01P6WYPY6,BBG01P6WYQ10,False
9610.SR,First Avenue for Real Estate De,"First Avenue Real Estate Development Co. specializes in the acquisition, development, and ongoing management of various property ventures. Its portfolio of developments is situated across the cities of Jeddah, Riyadh, and Madina. This firm was established on August 24, 2017, and conducts its central operations from its head office located in Riyadh, Saudi Arabia.",SAR,Real Estate,Real Estate,Real Estate Management & Development,SAU,XSAU,Saudi Arabian Stock Exchange,Saudi Arabia,,Riyadh,12363,http://www.the1stavenue.com.sa,Micro Cap,SA164G34M512,,BBG01P847GD9,BBG01P847GC0,BBG01P847GJ3,False
9611.SR,Arabian United Float Glass Company,"Arabian United Float Glass Company manufactures and sells glass products in the Kingdom of Saudi Arabia. The company offers float and pattern glass products, and mirrors. It also exports its products. The company was founded in 2005 and is based in Riyadh, the Kingdom of Saudi Arabia.",SAR,,,,SAU,XSAU,Saudi Arabian Stock Exchange,Saudi Arabia,,Riyadh,11526,https://www.aufgc.com,Micro Cap,SA164G54M5H6,,BBG01PKJXG25,BBG01PKJXG16,BBG01PKJXG43,False
9612.SR,Sama Healthy Water Factory Co.,"Sama Healthy Water Factory Co. specializes in the creation of potable water and ice products. The firm was established on July 4, 2008, and its principal operations are based in Jazan, Saudi Arabia.",SAR,Consumer Staples,"Food, Beverage & Tobacco",Beverages,SAU,XSAU,Saudi Arabian Stock Exchange,Saudi Arabia,,Jazan,82771,http://www.samawater.com.sa,Nano Cap,SA165014M618,,BBG01PPG1C84,BBG01PPG1C75,BBG01PPG1C93,False
9613.SR,Shalfa Facilities Management Company,"Shalfa Facilities Management Company provides facility management solutions and municipal services in Saudi Arabia. The company offers operation and maintenance services for the public and private sectors; and facility management services, such as help desk, concierge, operation and maintenance, janitorial, pest control, gardening, waste management, health and safety, space allocation and changes, and hospitality. It also provides security and firefighting services; and environmental services, including waste management projects, sludge handling, and other types of hazardous waste. In addition, the company undertakes general construction and infrastructure works comprising construction and maintenance of roads, bridges, tunnels, water and sewage networks, and pumping stations. Shalfa Facilities Management Company was founded in 1981 and is based in Riyadh, Saudi Arabia.",SAR,Industrials,Commercial & Professional Services,,SAU,XSAU,Saudi Arabian Stock Exchange,Saudi Arabia,,Riyadh,11464,https://shalfa.sa,Micro Cap,SA1650UKM6H2,,BBG01QMWQ3F5,BBG01QMWQ3D7,BBG01QMWQ3G4,False
9614.SR,Purity for Information Technology Company,"Purity for Information Technology Company, established in 2012 and based in Riyadh, Saudi Arabia, provides an extensive portfolio of IT and digital solutions. The company's offerings encompass a broad spectrum of IT infrastructure services, including Infrastructure-as-a-Service (IaaS), Platform-as-a-Service (PaaS), comprehensive cloud management, monitoring, optimization, public cloud migration, and disaster recovery and backup services. They also deliver vital IT enterprise solutions such as servers, storage, networking, load balancers, virtualization, backup, and VDI, alongside CCTV and UPS systems. Further, Purity specializes in business applications managed services, covering data visualization, reporting, data warehousing, and BigData solutions, in addition to application development and consulting. The company supplies a wide array of end-user solutions, from laptops, PCs, workstations, thin client devices, and Apple products to printers, displays, projectors, handheld devices, and software licenses. Beyond these core areas, Purity Tech Co also focuses on digital transformation, cybersecurity solutions, professional and information management, and a variety of managed and support services.",SAR,Information Technology,Software & Services,IT Services,SAU,XSAU,Saudi Arabian Stock Exchange,Saudi Arabia,,Riyadh,13327,https://www.purity.sa,Micro Cap,SA165044M714,,BBG01QMQK122,BBG01HB8BG49,BBG01HB8BG58,False
9615.SR,Mufeed Company,"Mufeed Company engages in the event management business in the Kingdom of Saudi Arabia. It invests in, plans, manages, and implements exhibitions and conferences; television programs; the production of television commercials; television broadcasting; and television-related activities. The company is also involved in booking and selling tickets for sports and entertainment events. In addition, its activities include advertising and publicity services, technical services, and leasing film production equipment. Further, the company provides media production, digital marketing, and supporting services. It serves public and private sectors. Mufeed Company was founded in 2008 and is based in Riyadh, Saudi Arabia.",SAR,,,,SAU,XSAU,Saudi Arabian Stock Exchange,Saudi Arabia,,Riyadh,8481,https://mufeed.com,Nano Cap,SA16516KM7H2,,BBG01R0H21B4,BBG01R0H2197,BBG01R0H21C3,False
9617.SR,Arabica Star Co.,"Arabica Star Company specializes in developing and managing coffee shop establishments throughout the Kingdom of Saudi Arabia, all operating under its proprietary Arabica Star brand. These venues offer patrons a diverse selection of food items, in addition to a wide array of hot, chilled, and frozen beverages. The firm was established in 2008 and maintains its headquarters in Buraydah, Saudi Arabia.",SAR,Consumer Discretionary,Consumer Services,"Hotels, Restaurants & Leisure",SAU,XSAU,Saudi Arabian Stock Exchange,Saudi Arabia,,Buraydah,2081,https://www.arabicastar.com,Nano Cap,SA165H04M8H9,,BBG01QVLGSX5,BBG01QJSPRG5,BBG01QJSPRJ2,False
9618.SR,Al-Fakhera Men's Tailoring Company,"Al-Fakhera Men's Tailoring Company specializes in crafting and selling custom-fitted attire for both men and children. Beyond its bespoke offerings, the company also provides a wide array of ready-to-wear garments for men and children, along with various complementary accessories, including rings, slippers, walking sticks, and underwear. Customers can conveniently purchase its products through its online retail channel. The enterprise was founded in 1976 and is headquartered in Riyadh, located in the Kingdom of Saudi Arabia.",SAR,Consumer Discretionary,Retailing,Specialty Retail,SAU,XSAU,Saudi Arabian Stock Exchange,Saudi Arabia,,Riyadh,14335,https://www.alfakhera.com,Micro Cap,SA165G34M915,,BBG01Q9LLHF8,BBG01Q9LLHD0,BBG01Q9LLHH6,False
9619.SR,Multi Business Group Co.,"Multi Business Group Co. is officially authorized for a broad spectrum of activities, encompassing construction, manufacturing industries, transportation and storage, wholesale and retail commerce, and the maintenance of motor vehicles and motorcycles, as stipulated by its commercial register. Its articles of association further broaden this mandate to include real estate operations, in addition to the aforementioned sectors. Presently, the company's primary focus is on delivering specialized design and construction contracting services for architectural finishes, interior decoration, and the electrical and mechanical engineering systems within buildings. Furthermore, it is actively involved in the retail distribution of a diverse range of products, including building materials, electrical components, plumbing supplies, and various finishing products for construction projects.",SAR,Industrials,Capital Goods,Construction & Engineering,SAU,XSAU,Saudi Arabian Stock Exchange,Saudi Arabia,,Riyadh,13327,https://mbg.sa,Nano Cap,SA165G7KM9H1,,BBG01QNCCCN4,BBG01QNCCCM5,BBG01QNCCCQ1,False
9620.SR,Balsm Alofoq Medical Co.,"In addition to selling medical provisions, Balsm Alofoq Medical delivers a variety of dental care, encompassing both curative and beautifying services.",SAR,Health Care,Health Care Equipment & Services,Health Care Providers & Services,SAU,XSAU,Saudi Arabian Stock Exchange,Saudi Arabia,,Buraidah,52385,https://balsmalofoq-mc.com,Nano Cap,SA165GU4MA16,,BBG01R6DJ977,BBG01R6DJ968,BBG01R6DJ986,False
9621.SR,Digital Research Company,"Digital Research Company excels in providing market intelligence and sophisticated data analysis. Their expertise spans various critical business areas, from advising on brand and communications strategies and managing corporate reputation, to performing advanced analytics and enabling data monetization. They also develop business intelligence platforms, enhance sales and customer relations, guide organizational transformation, and offer specialized economic advisory services.",SAR,Industrials,Commercial & Professional Services,Professional Services,SAU,XSAU,Saudi Arabian Stock Exchange,Saudi Arabia,,Riyadh,13413,https://drc.net.sa,Nano Cap,SA165H9KMAH8,,BBG01QMWG6V1,BBG01QMWG6T4,BBG01QMWG703,False
9622.SR,Shmoh Almadi Co.,"Shmoh Almadi Company engages in the production and sale of sweets and pastries in the Kingdom of Saudi Arabia and internationally. The company offers a range of maamoul, kleja, cake, wafer, oat fingers, rings oat biscuit, cream fudge, chocolate fingers, dates, and frozen desserts. It sells its products under the Past Candles, Mama’s Maamoul, Luli Art, Ataib Najd Food, Past Candles, Umm Saleh Sweets, Mila Sweets, and Moody. The company also sells its products through online. Shmoh Almadi Company was founded in 2006 and is based in Riyadh, the Kingdom of Saudi Arabia.",SAR,Consumer Staples,"Food, Beverage & Tobacco",Food Products,SAU,XSAU,Saudi Arabian Stock Exchange,Saudi Arabia,,Riyadh,14512,https://pcandles.com,Nano Cap,SA1660B4MB12,,BBG01RGV2W73,BBG01RGV2W64,BBG01RGV2W82,False
9623.SR,Albattal Factory for Chemical Industries Co.,"Albattal Factory for Chemical Industries Co. is a leading specialist in the manufacturing and marketing of high-grade cellulose ether products, such as Polyanionic Cellulose (PAC) and Carboxymethyl cellulose (CMC). Notably, it is recognized as the inaugural production facility for these particular compounds within the GCC.",SAR,Materials,Materials,Chemicals,SAU,XSAU,Saudi Arabian Stock Exchange,Saudi Arabia,,Dammam,34334,https://www.albattalchem.com,Nano Cap,SA1660VKMBH8,,BBG01RB9GYT4,BBG01RB9GYS5,BBG01RB9GYV1,False
9624.SR,Alshehili Company for metal industries,"Established in Riyadh, Saudi Arabia, in 2005, Alshehili Company for metal industries is a prominent firm specializing in the design, production, and distribution of a comprehensive array of logistics and defense equipment. For the logistics sector, the company offers a diverse portfolio of freight vehicles. This includes various trailer types such as refrigerated, dry cargo, curtain side, high side, flatbed, low bed, double-deck car, and utility trailers. They also manufacture tanker trucks and trailers, boom trucks, block cranes, and heavy-duty construction equipment like tipper dump trailers/trucks, concrete mixers, and concrete pumps. Specialized transport solutions feature horse transporters, mobile homes, and mobile clinics. Their offerings further extend to a wide range of trucks (e.g., dry cargo box, refrigerated box, sliding door, curtain type, icebox side door, fixed body car recovery, mobile workshop, and dianna models), armored cash-carrying SUVs and vans, as well as insulated refrigerated and dry cargo vans and pick-ups. Complementary products include shelters, cold storage units, cooling systems, chassis, tail lifts, concrete block grapples, and windscreen-glasses. In the defense arena, Alshehili manufactures robust armored solutions such as shield turret pickups, heavy machinery, troop carriers, specialized project vehicles, and mobile shooting ranges. They also provide armored glass and comprehensive vehicle armoring products. Beyond manufacturing, the company delivers extensive maintenance, repair, and overhaul (MRO) services. These encompass repairs for various components like underfloors, outer edges, walls, doors, chassis, axles, roofs, and paintwork, along with complete refurbishing overhauls. Alshehili serves a broad clientele, including numerous commercial organizations and governmental institutions throughout the Kingdom of Saudi Arabia.",SAR,Industrials,Capital Goods,Machinery,SAU,XSAU,Saudi Arabian Stock Exchange,Saudi Arabia,,Riyadh,7288-14314,https://alshehili.com,Nano Cap,SA168H84MC16,,BBG01RX2BF57,BBG01RX2BF48,BBG01RX2BFJ2,False
9625.SR,Itmam Consultancy Co.,"Itmam Consultancy Co. specializes in providing sophisticated management advisory services to a diverse clientele, encompassing public, semi-governmental, private, and non-profit entities. The company's core mission involves aiding clients in navigating strategic and operational transformation initiatives, while also focusing on the evaluation and enhancement of compliance frameworks. Additionally, Itmam supports the development of robust organizational capabilities.",SAR,Industrials,Commercial & Professional Services,Professional Services,SAU,XSAU,Saudi Arabian Stock Exchange,Saudi Arabia,,Riyadh,13524,https://www.itmam.sa/ar,Micro Cap,SA168G7KMCH6,,BBG01RX2CQG0,BBG01RX2CQF1,BBG01RX2CQH9,False
9626.SR,Basma Adeem Medical Co.,"Basma Adeem Medical Co. specializes in delivering a broad spectrum of dental and dermatological services. Their extensive medical offerings encompass various procedures, including outpatient (one-day) surgery, orthodontic treatments, and advanced maxillofacial surgery. Within dentistry, they provide periodontal surgery, dental implants, root canal therapy (endodontics), general oral and dental health services, and a wide array of restorative, cosmetic, and prosthodontic dental solutions, alongside dedicated pediatric dentistry. Additionally, the company offers comprehensive dermatology and laser treatments. Founded on November 13, 2012, its operations are headquartered in Riyadh, Saudi Arabia.",SAR,Health Care,Health Care Equipment & Services,Health Care Providers & Services,SAU,XSAU,Saudi Arabian Stock Exchange,Saudi Arabia,,Riyadh,13322,https://smilecare.com.sa,Nano Cap,SA168G24MD19,,BBG01RJ1MX63,BBG01RJ1MX27,BBG01RJ1MX36,False
9627.SR,Twareat Medical Care Co.,"Twareat Medical Care Company delivers healthcare services primarily to remote and industrial regions throughout the Kingdom of Saudi Arabia. The company also operates Twareat Medical Center, situated in Jubail City, which hosts a variety of specialized clinics including internal medicine, pediatrics, obstetrics and gynecology, ENT, general medicine, and emergency care. Complementing these services, the Center offers radiology and medical examination facilities.",SAR,Health Care,Health Care Equipment & Services,Health Care Providers & Services,SAU,XSAU,Saudi Arabian Stock Exchange,Saudi Arabia,,Al Khobar,34413,https://www.twareat.com,Micro Cap,SA168G64MDH4,,BBG01RQT0TH5,BBG01RQT0TG6,BBG01RQT0V62,False
9628.SR,Lamasat Co.,"Lamasat Company operates a chain of beauty salons in the Kingdom of Saudi Arabia. The company also offers cosmetic supplies. The company was founded in 1996 and is headquartered in Medina, Saudi Arabia.",SAR,Consumer Discretionary,Consumer Services,Diversified Consumer Services,SAU,XSAU,Saudi Arabian Stock Exchange,Saudi Arabia,,Madinah,4282,https://www.lamasat.com.sa,Micro Cap,SA76902KME11,,BBG01S2T5QP1,BBG01S2T5QM4,BBG01S2T5QQ0,False
9630.SR,Ratio Speciality Company for Trading,"Within the restaurant and cafe industry, Ratio Specialty Company provides crucial services in both franchise development and supply chain oversight.",SAR,Consumer Discretionary,Consumer Services,"Hotels, Restaurants & Leisure",SAU,XSAU,Saudi Arabian Stock Exchange,Saudi Arabia,,Al Hofuf,36422,https://www.ratio.sa,Nano Cap,SA169054MF19,,BBG01S16KDG4,BBG01S16KDF5,BBG01S16KDM7,False
9631.SR,Hedab Alkhaleej Trading Co.,"Hedab Alkhaleej Trading Co. operates as a versatile enterprise, providing a diverse portfolio of services. Its business activities encompass construction projects, vehicle servicing, the distribution of fuel, retail sales of hardware, and comprehensive logistics solutions including freight transport and cargo management, alongside real estate operations.",SAR,Industrials,Capital Goods,Trading Companies & Distributors,SAU,XSAU,Saudi Arabian Stock Exchange,Saudi Arabia,,Buraidah,52581,https://hedabalkhaleej.com,Micro Cap,SA1690Q4MFH7,,BBG01S16P335,BBG01S16P326,BBG01S16P344,False
9632.SR,Future Vision for Health Traini,"Future Vision for Health Training, an Al Madinah-based company established in 2019, specializes in delivering professional development and educational programs across Saudi Arabia. The firm provides a diverse range of courses available through online, in-person, live virtual, and blended learning models. Its curriculum encompasses critical areas such as AHA, SHA, essential soft skills, podcast production, and general healthcare education. Beyond its core training offerings, Future Vision extends its services to include organizing medical and educational events, managing marketing initiatives, conducting post-program evaluations, and supplying comprehensive registration and technical assistance for its programs. The company also assists with the design and printing of course materials, actively bids on government contracts, and offers media creation services, including photography and videography. Future Vision caters to a broad audience, including healthcare professionals and students, high school, diploma, and university graduates, as well as employees from the public, private, and military sectors.",SAR,Consumer Discretionary,Consumer Services,Diversified Consumer Services,SAU,XSAU,Saudi Arabian Stock Exchange,Saudi Arabia,,Al Madinah,42351,https://fv.academy,Nano Cap,SA16A03KMG13,,BBG01SQCXHQ0,BBG01SQCXHP1,BBG01SQCXHT7,False
9634.SR,Adeer Real Estate Co.,"Established in Al Khobar, Saudi Arabia, in 2012, Adeer Real Estate Company delivers comprehensive real estate marketing services to a wide array of clients, including private individuals, corporate entities, and institutions, across the Saudi Arabian market. Beyond marketing, its offerings extend to property management and sales, as well as providing specialized real estate consulting and detailed market research. The company operates as a subsidiary of Sumou International Investment Company.",SAR,Real Estate,Real Estate,Real Estate Management & Development,SAU,XSAU,Saudi Arabian Stock Exchange,Saudi Arabia,,Al Khobar,34446,https://www.adeer.com,Micro Cap,SA16A1AKMH11,,BBG01THV96H7,BBG01THV96G8,BBG01THV96J5,False
9635.SR,Dkhoun National Trading Co.,"Dkhoun National Trading Company specializes in the creation and global distribution of Arabic fragrances, reaching customers both within Saudi Arabia and internationally. Operating under its proprietary Dkhoun brand, the firm's diverse product portfolio features a range of body and hair perfumes, oud oils, traditional oud, and incense, which are sold through its digital e-commerce platforms and brick-and-mortar stores. The company's principal office is situated in Riyadh, Saudi Arabia.",SAR,Consumer Staples,Household & Personal Products,Household Products,SAU,XSAU,Saudi Arabian Stock Exchange,Saudi Arabia,,Riyadh,12341,https://www.dkhoun.com,Nano Cap,SA16A1SKMHH5,,BBG01THD0FM0,BBG01THD0FL1,BBG01THD0FQ6,False
9636.SR,Al Kuzama Trading Co,"Established in 2013 and headquartered in Riyadh, Saudi Arabia, Al Kuzama Trading Co. specializes in the management and operation of a diverse portfolio of restaurants throughout the Kingdom. Its operations encompass several distinct dining establishments, including LAVASH, BEIT OMAR, OFFWHITE, Ovvi, ARMIN, KARAZAH, OFFWHITE Al-Khohbar, and mysore.",SAR,Consumer Discretionary,Consumer Services,"Hotels, Restaurants & Leisure",SAU,XSAU,Saudi Arabian Stock Exchange,Saudi Arabia,,Riyadh,13313,https://www.kuzama.co,Nano Cap,SA16AG54MI15,,BBG01TR5Z327,BBG01TR5Z318,BBG01TR5Z345,False
9637.SR,Axelerated Solutions for Inform,"Axelerated Solutions for Information and Communication Technology, an enterprise based in Riyadh, Kingdom of Saudi Arabia, specializes in delivering a broad spectrum of IT services. Their comprehensive offerings encompass critical infrastructure solutions, such as data center establishment, migration assistance, and robust disaster recovery and business continuity planning. The firm also provides an extensive suite of cybersecurity measures, including identity and access management, privileged access control, mobile device oversight, data encryption, and seamless single sign-on with multi-factor authentication. Complementing these are their managed IT services and comprehensive system integration capabilities, particularly focusing on automation deployment. Catering to a diverse clientele, Axelerated Solutions serves sectors such as telecommunications, financial services, healthcare, manufacturing, government, defense, and retail. The company commenced operations in 2015.",SAR,Information Technology,Software & Services,IT Services,SAU,XSAU,Saudi Arabian Stock Exchange,Saudi Arabia,,Riyadh,12361,https://axs.sa,Micro Cap,SA16AGDKMIH2,,BBG01TZPD6H5,BBG01TZPD6G6,BBG01TZPD6J3,False
9639.SR,Anmat Technology for Trading Co,"Anmat Technology for Trading Co. engages in audio and visual studio services, providing fixed and mobile communication, internet, and cloud computing services. The company also offers systems analysis, custom software design, network management, and digital certification services. The company was founded in 2007 and is headquartered in Riyadh, Saudi Arabia.",SAR,Communication Services,Telecommunication Services,Diversified Telecommunication Services,SAU,XSAU,Saudi Arabian Stock Exchange,Saudi Arabia,,Riyadh,11685,https://www.anmat.sa,Micro Cap,SA36AG4KMJH2,,BBG01TV7KYL5,BBG01TV7KYK6,BBG01TV7KYM4,False
9640.SR,Asas Makeen Real Estate Development and Investment Co.,"Asas Makeen Real Estate Development and Investment Co. primarily focuses on acquiring and enhancing real estate, which includes constructing and promoting residential properties, shopping centers, and professional office spaces. These undertakings are carried out on land that is either owned by the company itself or by external parties.",SAR,Real Estate,Real Estate,Real Estate Management & Development,SAU,XSAU,Saudi Arabian Stock Exchange,Saudi Arabia,,Riyadh,13327,,Micro Cap,SA16AH84MK14,,BBG01V21FNP1,BBG01V21FNN3,BBG01V21FNQ0,False
9641.SR,Hawyia Auctions Company,"Hawyia Auctions Company focuses on providing expert real estate marketing and property auction solutions. This firm, which began its operations in 2019, is headquartered in Riyadh, Saudi Arabia.",SAR,Real Estate,Real Estate,Real Estate Management & Development,SAU,XSAU,Saudi Arabian Stock Exchange,Saudi Arabia,,Riyadh,11564,https://hawyia.sa,Micro Cap,SA16AG6KMKH9,,BBG01V7CHDW4,BBG01V7CHDV5,BBG01V7CHDZ1,False
9642.SR,Time Entertainment Co,"Time Entertainment Co is a Riyadh-headquartered enterprise operating in the leisure and entertainment sector, known for promoting events and providing diverse services such as event management, advertising, and recreational activities.",SAR,Communication Services,Media & Entertainment,Entertainment,SAU,XSAU,Saudi Arabian Stock Exchange,Saudi Arabia,,Riyadh,12212,https://www.time-entertainment.com,Nano Cap,SA16B184ML18,,BBG01TX8S6J7,BBG01TX8S6H9,BBG01TX8S6L4,False
9644.SR,Naf Company for Feed for Indust,"Naf Company for Feed for Industry specializes in manufacturing and supplying diverse compound feeds. These products are expertly formulated to fulfill the dietary requirements of livestock such as cattle, camels, and various poultry species. The company's offerings include specialized nutritional products for ruminants, poultry, and other avian animals. Established in 2017, this firm operates from its headquarters in Ar Rass, Saudi Arabia.",SAR,Materials,Materials,Chemicals,SAU,XSAU,Saudi Arabian Stock Exchange,Saudi Arabia,,Ar Rass,51912,https://naf4feed.com,Nano Cap,SA16B164MM11,,BBG01VL56J61,BBG01VL56J52,BBG01VL56JC4,False
9645.SR,National Signage Industrial Co.,"Operating within the Kingdom of Saudi Arabia, National Signage Industrial Company specializes in the creation, production, installation, and retail of both promotional and navigational display solutions. Their extensive product portfolio includes a variety of signage such as road markers, safety warnings, site-specific project displays, advanced digital LED screens, printed advertisements, marketing banners, traffic indicators, vehicle registration plates, and exhibition setups. Beyond physical products, the firm also delivers a comprehensive suite of services, encompassing engineering expertise, detailed execution plans, three-dimensional design visualizations, repair and ongoing maintenance, technical assistance, post-purchase support, event and trade show booth construction, and interior design enhancements. Their clientele spans both public sector entities and private enterprises. Established in 2011, its headquarters are located in Riyadh, Saudi Arabia, functioning as a division under the Engineer Holding Group.",SAR,Industrials,Capital Goods,Electrical Equipment,SAU,XSAU,Saudi Arabian Stock Exchange,Saudi Arabia,,Riyadh,14338,https://signworldme.com,Nano Cap,SA16C064MMH2,,BBG01WD9D4N6,BBG01WD9D4M7,BBG01WD9D4Y4,False
9647.SR,Wajd life trading Company,"Wajd Life Trading Co., established in 2013 and headquartered in Riyadh, Saudi Arabia, is a prominent provider of medical and non-medical equipment and related supplies across the Kingdom. Their product portfolio encompasses various diagnostic and therapeutic devices, such as blood pressure monitors, thermometers, ultrasound systems, and electrocardiogram machines. Additionally, they furnish crucial spare parts, consumables, and accessories for medical devices, including protective gloves, masks, cables, batteries, display screens, and sensors. Beyond product provision, the company offers a suite of services, including operational management, preventative maintenance, repair work, and comprehensive facilities management, coupled with dedicated after-sales support. Their client base is diverse, serving commercial entities, healthcare organizations, and educational establishments.",SAR,Health Care,Health Care Equipment & Services,Health Care Providers & Services,SAU,XSAU,Saudi Arabian Stock Exchange,Saudi Arabia,,Riyadh,12953,https://wajdlife.com,Nano Cap,SA16CG2KMNH0,,BBG01WM7X868,BBG01WM7X859,BBG01WM7X886,False
9648.SR,Hamad Mohammed Bin Saedan Real Estate Company,"Hamad Mohammed Bin Saedan Real Estate Company is a prominent entity within the property sector, offering a full spectrum of integrated real estate projects and related services. Their extensive service array covers property development, asset management, real estate marketing and brokerage activities, alongside the management of real estate funds. Established in 1969, the firm operates from its headquarters in Riyadh, Saudi Arabia.",SAR,Real Estate,Real Estate,Real Estate Management & Development,SAU,XSAU,Saudi Arabian Stock Exchange,Saudi Arabia,,Riyadh,12361,https://h-saedan.sa,Micro Cap,SA56C06KMO19,,BBG01WMYZ1T7,BBG01WMYZ1S8,BBG01WMYZ242,False
9649.SR,Jamjoom Fashion Trading Company,"Jamjoom Fashion Trading Company specializes in the retail of fashion apparel and accessories. Its product portfolio encompasses lingerie, nightwear, and a range of ready-to-wear clothing, marketed under its distinct brands: Nayomi, Mihyar, and Dream. The company reaches its clientele through a combination of physical retail outlets and an online e-commerce platform. Established in 2023, this entity maintains its primary operations in Jeddah, Saudi Arabia. Furthermore, Jamjoom Fashion Trading Company operates as a subsidiary of Kamal Osman Jamjoom Trading LLC (KSA).",SAR,Consumer Discretionary,Consumer Durables & Apparel,"Textiles, Apparel & Luxury Goods",SAU,XSAU,Saudi Arabian Stock Exchange,Saudi Arabia,,Jeddah,22431,https://jamjoomfashion.com,Micro Cap,SA16CI8KMOH3,,BBG01WNFPS55,BBG01WNFPS46,BBG01WNFPS73,False
9650.SR,Sahat Almajd Trading Co.,"Sahat Almajd Trading Company specializes in the management and operation of coffee establishments. The firm markets its diverse range of products through proprietary brands such as Hanoverian, Braid, Suzam, and Spark. Founded in 2005, Sahat Almajd Trading Company's corporate headquarters are situated in Riyadh, Saudi Arabia.",SAR,Consumer Staples,"Food, Beverage & Tobacco",Food Products,SAU,XSAU,Saudi Arabian Stock Exchange,Saudi Arabia,,Riyadh,12312,https://sahatalmajd-co.com,Micro Cap,SA16D03KMP19,,BBG01XS6SKD3,BBG01XS6SKC4,BBG01XS6SKH9,False
9651.SR,Abdul Aziz Al-Tuwaijri Trading Company,"Abdul Aziz Al-Tuwaijri Trading Company specializes in the marketing and distribution of a comprehensive selection of consumer products. These offerings encompass food items, healthcare products for consumers, household cleaning agents, and personal hygiene goods. The company makes its merchandise accessible to customers via its online retail platforms. Established in 1957, the firm's primary operations are based in Riyadh, Saudi Arabia.",SAR,Consumer Staples,Household & Personal Products,Household Products,SAU,XSAU,Saudi Arabian Stock Exchange,Saudi Arabia,,Riyadh,13322,https://altwijri.com,Nano Cap,SA16DGCKMPH3,,BBG01GS0QSW7,BBG01GS0QS66,BBG01GS0QS75,False
