symbol,name,summary,currency,sector,industry_group,industry,exchange,mic,market,country,state,city,zipcode,website,market_cap,isin,cusip,figi,composite_figi,shareclass_figi,delisted
1240.TWO,Morn Sun Feed Mill Corp.,"Morn Sun Feed Mill Corp. is a company listed on the Taipei Stock Exchange under the ticker 1240. It operates in the Food Products industry within the Consumer Staples sector. The company is headquartered in Taipei, Taiwan.",TWD,Consumer Staples,"Food, Beverage & Tobacco",Food Products,TWO,ROCO,Taipei Stock Exchange,Taiwan,,Taipei,100,https://www.morn-sun.com.tw,Micro Cap,TW0001240000,,BBG00H4GL507,BBG00B6419B7,BBG00B6419C6,False
1258.TWO,Kee Song Bio-Technology Holdings Limited,"Kee Song Bio-Technology Holdings Limited engages in the poultry and processing distribution, and farming business in Singapore, Malaysia, and Taiwan. The company also involves in importing, slaughtering, wholesaling, and retailing various types of poultry and consumable goods; layer and poultry farming; investment holding; property investment; processing and marketing of seafood and poultry related products; provision of supporting services for transportation; food catering; and manufacturing of poultry feed products. In addition, it offers whole chicken and cutting products. The company was founded in 1987 and is based in Taipei, Taiwan.",TWD,Consumer Staples,Food & Staples Retailing,Food & Staples Retailing,TWO,ROCO,Taipei Stock Exchange,Taiwan,,Taipei,104,http://www.keesongbiotech.com,Nano Cap,,,,,,False
1259.TWO,"An-Shin Food Services Co., Ltd.","An-Shin Food Services Co., Ltd. is a company listed on the Taipei Stock Exchange under the ticker 1259. It operates in the Hotels, Restaurants & Leisure industry within the Consumer Discretionary sector. The company is headquartered in Taipei, Taiwan.",TWD,Consumer Discretionary,Consumer Services,"Hotels, Restaurants & Leisure",TWO,ROCO,Taipei Stock Exchange,Taiwan,,Taipei,106,https://www.mos.com.tw,Micro Cap,TW0001259000,,BBG001DKKS40,BBG001DKKS22,BBG001V06R33,False
1260.TWO,Flavor Full Foods Inc.,"Flavor Full Foods Inc. is a company listed on the Taipei Stock Exchange under the ticker 1260. It operates in the Food Products industry within the Consumer Staples sector. The company is headquartered in Taipei, Taiwan.",TWD,Consumer Staples,"Food, Beverage & Tobacco",Food Products,TWO,ROCO,Taipei Stock Exchange,Taiwan,,Taipei,106,https://forewaysesame.com,Micro Cap,TW0001260008,,BBG003MTBDF8,BBG002NKTQB4,BBG002NKTQC3,False
1264.TWO,Tehmag Foods Corporation,"Tehmag Foods Corporation operates in the baking industry in Taiwan. The company offers bread products, including margarine flour sheets, flours, flour milling products, instant yeasts, bread improvers, luctor/custido/carlex sprays, bread mixes, flavor powders and series, bread fillings, bread decorations, and sugars; dairy products, such as fléchard sas, other creams, cheese, and dairy whipping creams; and pastry products comprising ingredients for cakes and mousses, waffle mixes, cocoa powders, jelly powders, nappage series/coatings, and ingredients for decor and gold powder. It also provides fruit products consisting of frozen purees, ambiet fruit purees, IQF fruits, frozen coulis, fruit filling series, decorative fruits, fruits preserves, and flavor series. In addition, the company offers liqueur and coffee beans, syrups, juices, and tea; chocolate products; cupcakes; tart shells, cones, savory lines, macarons, and croissants, as well as frozen food; packaging products; and molds, openers, and blades, as well as festival and western bakery products. Tehmag Foods Corporation was founded in 1989 and is headquartered in New Taipei City, Taiwan.",TWD,Consumer Staples,"Food, Beverage & Tobacco",Food Products,TWO,ROCO,Taipei Stock Exchange,Taiwan,,New Taipei City,24888,http://www.tehmag.com.tw,Micro Cap,TW0001264000,,BBG0060DVYC5,BBG0060DVY99,BBG0060DVY80,False
1268.TWO,"Hi-Lai Foods Co., Ltd","Hi-Lai Foods Co., Ltd is a company listed on the Taipei Stock Exchange under the ticker 1268. It operates in the Hotels, Restaurants & Leisure industry within the Consumer Discretionary sector. The company is headquartered in Kaohsiung, Taiwan.",TWD,Consumer Discretionary,Consumer Services,"Hotels, Restaurants & Leisure",TWO,ROCO,Taipei Stock Exchange,Taiwan,,Kaohsiung,80146,https://www.hilai-foods.com,Micro Cap,TW0001268001,,BBG00BNTWMV8,BBG00BNTWMS2,BBG00BNTWMR3,False
1269.TWO,"Kanpai Co., Ltd","Kanpai Co., Ltd operates restaurants under the Kanpai brand in China. Its restaurants offer yakiniku and beer. The company was founded in 1999 and is based in Taipei City, Taiwan. Kanpai Co., Ltd is a subsidiary of Tokyo Gas Co., Ltd.",TWD,Consumer Discretionary,Consumer Services,"Hotels, Restaurants & Leisure",TWO,ROCO,Taipei Stock Exchange,Taiwan,,Taipei City,100,http://www.kanpai.com.tw,Nano Cap,TW0001269009,,BBG00DNYN1L0,BBG00DNYN1H5,BBG00DNYN1J3,False
1271.TWO,"SunWay Biotech Co., LTD.","SunWay Biotech Co., LTD. focuses on professional research and development, and technical material manufacturing and processing business. The company researches, designs, and manufactures Monascus purpureus NTU 568; Lactobacillus paracasei subsp. paracasei NTU 101; and related products. It offers dietary supplements, fermented milk and soy-milk, and formula additives in form of capsules, powder sachets, liquid, and tablets. SunWay Biotech Co., LTD. was founded in 2007 and is based in Taipei, Taiwan.",TWD,Consumer Staples,"Food, Beverage & Tobacco",Food Products,TWO,ROCO,Taipei Stock Exchange,Taiwan,,Taipei,11494,http://sunway.cc,Micro Cap,TW0001271005,,BBG00YT8M797,BBG00MRDVF14,BBG00MRDVF23,False
1293.TWO,"Lytone Enterprise, Inc.","Lytone Enterprise, Inc. is a company listed on the Taipei Stock Exchange under the ticker 1293. It operates in the Food Products industry within the Consumer Staples sector. The company is headquartered in New Taipei City, Taiwan.",TWD,Consumer Staples,"Food, Beverage & Tobacco",Food Products,TWO,ROCO,Taipei Stock Exchange,Taiwan,,New Taipei City,22180,https://www.lytone.com,Nano Cap,TW0001293009,,BBG0134MFVB2,BBG0134MFV86,BBG0134MFVC1,False
1294.TWO,"Hantech Bio-Technology Co., Ltd.","Hantech Bio-Technology Co., Ltd. is a company listed on the Taipei Stock Exchange under the ticker 1294. It operates in the Food Products industry within the Consumer Staples sector. The company is headquartered in Changhua, Taiwan.",TWD,Consumer Staples,"Food, Beverage & Tobacco",Food Products,TWO,ROCO,Taipei Stock Exchange,Taiwan,,Changhua,514,https://www.htbios.com,Micro Cap,TW0001294007,,BBG019RSB9G9,BBG019RSB9C3,BBG019RSB9N1,False
1295.TWO,Synbio Tech Inc.,"Synbio Tech Inc. is a company listed on the Taipei Stock Exchange under the ticker 1295. It operates in the Biotechnology industry within the Health Care sector. The company is headquartered in Kaohsiung City, Taiwan.",TWD,Health Care,"Pharmaceuticals, Biotechnology & Life Sciences",Biotechnology,TWO,ROCO,Taipei Stock Exchange,Taiwan,,Kaohsiung City,821,http://www.synbiotech.com,Micro Cap,TW0001295004,,BBG01KFM85D5,BBG01KFM85B7,BBG01KFM85F3,False
1336.TWO,"Taihan Precision Technology Co., Ltd.","Taihan Precision Technology Co., Ltd. designs, manufactures, and sells precision molds primarily for system integrators in worldwide. It offers plastic injection products; surface treatment products, such as painting, NCVM, and IMD products; and assembly/installation and welding products and services. The company's products comprise MFP related components; keyboard frames, keyboards, and handset key tops; mobility products, including handset housings, net book housings, DSC housings, and plastic components of digital photo frames; plastic components of photo printers; and projector housing and other plastic components. It is also involved in the mold and die development and fabrication of automotive plastic components. The company was formerly known as TaiHan Steel Mold Corp. and changed its name to Taihan Precision Technology Co., Ltd. in June 2000. Taihan Precision Technology Co., Ltd. was founded in 1987 and is based in New Taipei City, Taiwan.",TWD,Consumer Discretionary,Automobiles & Components,Auto Components,TWO,ROCO,Taipei Stock Exchange,Taiwan,,New Taipei City,248,http://www.thpt.com.tw,Nano Cap,TW0001336006,,BBG000PGPQP4,BBG000PGPQ38,BBG001SR21J2,False
1343.TWO,Sun Rise E&T Corporation,"Sun Rise E&T Corporation is a company listed on the Taipei Stock Exchange under the ticker 1343. It operates in the Machinery industry within the Industrials sector. The company is headquartered in Pingtung, Taiwan.",TWD,Industrials,Capital Goods,Machinery,TWO,ROCO,Taipei Stock Exchange,Taiwan,,Pingtung,90093,https://www.srise.com.tw,Nano Cap,TW0001343002,,BBG00ZNMFV94,BBG00ZNMFV76,BBG00ZNMFVB1,False
1480.TWO,"Tung Mung Development Co., Ltd.","Tung Mung Development Co., Ltd. is a company listed on the Taipei Stock Exchange under the ticker 1480. It operates in the Metals & Mining industry within the Materials sector. The company is headquartered in Tainan City, Taiwan.",TWD,Materials,Materials,Metals & Mining,TWO,ROCO,Taipei Stock Exchange,Taiwan,,Tainan City,,https://www.tungmung.com.tw,Micro Cap,TW0001480002,,BBG01JS9DGT6,BBG001CPRC66,BBG001TZ3TQ3,False
1563.TWO,"SuperAlloy Industrial Co., Ltd.","SuperAlloy Industrial Co., Ltd. engages in engineering and manufacturing lightweight metal products primarily for the automotive industry. It provides forged aluminum wheels for luxury and sports automobiles; and engineering lightweight suspension components. The company has operations in Taiwan, the United States, the United Kingdom, Germany, other parts of Europe, Australia, Japan, and internationally. SuperAlloy Industrial Co., Ltd. was founded in 1994 and is headquartered in Douliu City, Taiwan.",TWD,Consumer Discretionary,Automobiles & Components,Auto Components,TWO,ROCO,Taipei Stock Exchange,Taiwan,,Douliu City,64064,http://www.superalloyengineering.com,Small Cap,,,,,,False
1565.TWO,"St.Shine Optical Co.,Ltd.","St.Shine Optical Co.,Ltd. designs, manufactures, markets, and supplies contact lens in Taiwan and internationally. It offers daily spherical, frequent replacement spherical, aberration control, toric frequent replacement, color, and silicone hydrogel soft contact lens, as well as lathe-cut, cast-molding, and RGP lenses. The company offers its products for myopic and hyperopic patients for the correction of astigmatism. The company was formerly known as First Optical Co., Ltd. and changed its name to St.Shine Optical Co.,Ltd. in 1986. St.Shine Optical Co.,Ltd. was founded in 1981 and is headquartered in New Taipei City, Taiwan.",TWD,Health Care,Health Care Equipment & Services,Health Care Equipment & Supplies,TWO,ROCO,Taipei Stock Exchange,Taiwan,,New Taipei City,22146,http://www.stshine.com.tw,Micro Cap,TW0001565000,,BBG000PWC9V4,BBG000PWC908,BBG001S8WZZ8,False
1569.TWO,"Bin Chuan Enterprise Co., Ltd.","Bin Chuan Enterprise Co., Ltd. is a company listed on the Taipei Stock Exchange under the ticker 1569. It operates in the Machinery industry within the Industrials sector. The company is headquartered in Kaohsiung, Taiwan.",TWD,Industrials,Capital Goods,Machinery,TWO,ROCO,Taipei Stock Exchange,Taiwan,,Kaohsiung,831,https://www.hamagawa.com,Small Cap,TW0001569002,,BBG000PYMKQ0,BBG000PYMJL8,BBG001SLY9R4,False
1570.TWO,De Poan Pneumatic Corp.,"De Poan Pneumatic Corp. manufactures and sells professional pneumatic tools worldwide. The company offers nailer products, including industrial and framing coil, cordless, framing, roofing, finishing, palm, and brad nailers; and staplers, cap tools, and pinners. It also provides air tools such as composite and aluminum wrench and air saw. The company was founded in 1983 and is based in New Taipei City, Taiwan.",TWD,Industrials,Capital Goods,Machinery,TWO,ROCO,Taipei Stock Exchange,Taiwan,,New Taipei City,24947,http://www.depoan.com,Micro Cap,TW0001570000,,BBG000PTXPL3,BBG000PTXP06,BBG001SLSNX3,False
1580.TWO,Sinmag Equipment Corporation,"Sinmag Equipment Corporation engages in the manufacture, retail, and wholesale of baking and food service equipment. The company offers bakery equipment, including spiral mixers, divider rounders, moulders, make up lines, sheeters, proofers, cake machines, planetary mixers, deck ovens, proofers, convection ovens, rack and tunnel ovens, slicers, refrigerators, workbenches, food service equipment, and others. It also provides kitchen equipment comprising pizza equipment, combi oven/convection oven/steamer, rotisseries, fryers, Chinese/western kitchen equipment, meat processing and refrigeration equipment, dishwashers, stainless steel sinks and tubes, and showcases. The company sells its products in Taiwan, China, the United States, and internationally. Sinmag Equipment Corporation was founded in 1983 and is headquartered in New Taipei City, Taiwan.",TWD,Industrials,Capital Goods,Machinery,TWO,ROCO,Taipei Stock Exchange,Taiwan,,New Taipei City,,http://www.sinmag.com.tw,Micro Cap,TW0001580009,,BBG000BXCDL9,BBG000BXCCW9,BBG001SJJPS9,False
1584.TWO,S-Tech Corp.,"S-Tech Corp. is a company listed on the Taipei Stock Exchange under the ticker 1584. It operates in the Metals & Mining industry within the Materials sector. The company is headquartered in Tainan City, Taiwan.",TWD,Materials,Materials,Metals & Mining,TWO,ROCO,Taipei Stock Exchange,Taiwan,,Tainan City,736,https://www.s-tech.com.tw,Micro Cap,TW0001584001,,BBG000QFQ856,BBG000QFQ6L2,BBG001SS4457,False
1585.TWO,"TopGreen Technology Co., Ltd.","TopGreen Technology Co., Ltd. manufactures and sells various cutting tools in Taiwan and internationally. Its products comprise composite rods, mechanical cutting tools, micro cutting tools, tapping tools, PCB tools, medical tools, diamond tools, aircraft cutting tools, special molding tools, blanks, custom tools, precision punch tools, etc. The company was founded in 2000 and is headquartered in New Taipei City, Taiwan.",TWD,Industrials,Capital Goods,Machinery,TWO,ROCO,Taipei Stock Exchange,Taiwan,,New Taipei City,237,http://www.topgreentech.com,Nano Cap,,,,,,False
1586.TWO,"China Fineblanking Technology Co.,Ltd.","China Fineblanking Technology Co.,Ltd. develops and sells fine blanking products in China, Taiwan, and Malaysia. The company offers HDD VCM, gearbox parking and shifting mechanisms, door locks, hydraulic pumps, powertrains, brake parts, seat parts, gear boxes and clutches, gear box parts, synchronize rings, bicycling cassettes, and other products. The company was founded in 1992 and is based in Changhua, Taiwan.",TWD,Industrials,Capital Goods,Building Products,TWO,ROCO,Taipei Stock Exchange,Taiwan,,Changhua,51648,http://www.cftc-hc.com.tw,Micro Cap,TW0001586006,,BBG000W3Z1Q8,BBG000W3Z1H8,BBG001T62ZJ2,False
1591.TWO,"Inmax Holding Co., Ltd.","Inmax Holding Co., Ltd. manufactures and sells a range of fasteners primarily in the Southeast Asia region. It offers pneumatic and industrial nails; coil roofing nails for roofing, asphalt and fiberglass shingles, lathing, insulation board, vinyl siding, fiber cement roofing and siding, and waterproof tar paper applications; coil nails for use in wooden pallets and wooden boxes assembly, siding, decking, panel sheathing, and fencing; and staples for furniture and wooden box manufacturing, as well as for fastening works, such as architectural applications. The company also provides brads for use in finish, trim, drawers, and cabinets; and plastic strip and paper tape nails for framing, sheathing, sub flooring, roof decking, and exterior decks. Inmax Holding Co., Ltd. was incorporated in 2009 and is headquartered in George Town, the Cayman Islands.",TWD,Industrials,Capital Goods,Machinery,TWO,ROCO,Taipei Stock Exchange,Cayman Islands,,George Town,KY1-1002,http://www.inmax-fasteners.com,Nano Cap,KYG4782L1023,,BBG000QM4DH1,BBG000QM49V4,BBG001T7V167,False
1593.TWO,"Chi Hua Fitness Co., Ltd.","Chi Hua Fitness Co., Ltd. is a company listed on the Taipei Stock Exchange under the ticker 1593. The company is headquartered in Hsinchu City, Taiwan.",TWD,,,,TWO,ROCO,Taipei Stock Exchange,Taiwan,,Hsinchu City,,https://chihua.com.tw,Nano Cap,TW0001593002,,BBG0015LJML3,BBG0015LJMK4,BBG001TC2B48,False
1594.TWO,"Ju-Kao Engineering Co., Ltd.","Ju-Kao Engineering Co., Ltd. is a company listed on the Taipei Stock Exchange under the ticker 1594. It operates in the Construction & Engineering industry within the Industrials sector. The company is headquartered in Kaohsiung, Taiwan.",TWD,Industrials,Capital Goods,Construction & Engineering,TWO,ROCO,Taipei Stock Exchange,Taiwan,,Kaohsiung,801,https://www.jukao.com.tw,Nano Cap,TW0001594000,,BBG001736TD9,BBG001736TB1,BBG001TCQ1C5,False
1595.TWO,"Chime Ball Technology Co.,Ltd.","Chime Ball Technology Co.,Ltd. is a company listed on the Taipei Stock Exchange under the ticker 1595. It operates in the Machinery industry within the Industrials sector. The company is headquartered in Taoyuan City, Taiwan.",TWD,Industrials,Capital Goods,Machinery,TWO,ROCO,Taipei Stock Exchange,Taiwan,,Taoyuan City,338,https://www.cbtech.com.tw,Micro Cap,TW0001595007,,BBG0017CPS13,BBG0017CPRZ8,BBG001TCRM65,False
1599.TWO,"Aeontek Co., Ltd.","Aeontek Co., Ltd. is a company listed on the Taipei Stock Exchange under the ticker 1599. It operates in the Automobiles industry within the Consumer Discretionary sector. The company is headquartered in Tainan City, Taiwan.",TWD,Consumer Discretionary,Automobiles & Components,Automobiles,TWO,ROCO,Taipei Stock Exchange,Taiwan,,Tainan City,74342,https://www.aeontek-motor.com,Micro Cap,TW0001599009,,BBG0024NLWX0,BBG0024NLWV2,BBG0024NLWY9,False
1742.TWO,"Taiwan Wax Company,Ltd.","Taiwan Wax Company,Ltd. manufactures and sells refined wax in Taiwan and internationally. The company offers refined paraffin wax, microcrystalline wax, and light/heavy foots oil wax. It also imports and sells aquatic products, such as king crab and salmon. The company was founded in 1987 and is based in Chiayi, Taiwan.",TWD,Materials,Materials,Chemicals,TWO,ROCO,Taipei Stock Exchange,Taiwan,,Chiayi,62146,http://en.wax.com.tw,Micro Cap,TW0001742005,,BBG000P1CP64,BBG000P1CNK3,BBG001SL2C38,False
1752.TWO,"Nang Kuang Pharmaceutical Co., Ltd.","Nang Kuang Pharmaceutical Co., Ltd. operates as a pharmaceutical company primarily in Taiwan. The company provides parenterals, aseptic parenterals, lyophilized injections, pre-filled syringes, and pre-mixed IV infusion bags, as well as tablets, capsules, topical products, and oral suspensions. It offers various products in the areas of cardiovascular system, gastrointestinal system, nervous system, alimentary and metabolism, blood, antineoplastic and immunomodulatory, musculo-skeletal system, respiratory system, dermatological, genito-urinary and sex hormone, systemic hormone, systemic antibacterial, and cosmetics, as well as hospital solution. Nang Kuang Pharmaceutical Co., Ltd. was founded in 1963 and is headquartered in Tainan City, Taiwan.",TWD,Health Care,Health Care Equipment & Services,Health Care Equipment & Supplies,TWO,ROCO,Taipei Stock Exchange,Taiwan,,Tainan City,71243,http://www.nangkuang.com.tw,Micro Cap,,,,,,False
1777.TWO,"SYN-TECH Chem. & Pharm. Co., Ltd.","SYN-TECH Chem. & Pharm. Co., Ltd. is a company listed on the Taipei Stock Exchange under the ticker 1777. It operates in the Pharmaceuticals industry within the Health Care sector. The company is headquartered in Tainan, Taiwan.",TWD,Health Care,"Pharmaceuticals, Biotechnology & Life Sciences",Pharmaceuticals,TWO,ROCO,Taipei Stock Exchange,Taiwan,,Tainan,73055,https://www.syn-tech.com.tw,Micro Cap,TW0001777001,,BBG000M116L4,BBG000M11652,BBG001SK7F56,False
1780.TWO,Allied Biotech Corporation,"Allied Biotech Corporation is a company listed on the Taipei Stock Exchange under the ticker 1780. It operates in the Pharmaceuticals industry within the Health Care sector. The company is headquartered in Taipei, Taiwan.",TWD,Health Care,"Pharmaceuticals, Biotechnology & Life Sciences",Pharmaceuticals,TWO,ROCO,Taipei Stock Exchange,Taiwan,,Taipei,106045,https://www.altratene.com,Micro Cap,TW0001780005,,BBG000QRR0R2,BBG000QRQZQ7,BBG001T8JFH6,False
1781.TWO,"Health & Life Co., Ltd.","Health & Life Co., Ltd. is a company listed on the Taipei Stock Exchange under the ticker 1781. It operates in the Health Care Equipment & Supplies industry within the Health Care sector. The company is headquartered in New Taipei City, Taiwan.",TWD,Health Care,Health Care Equipment & Services,Health Care Equipment & Supplies,TWO,ROCO,Taipei Stock Exchange,Taiwan,,New Taipei City,23553,https://www.healthandlife.com.tw,Nano Cap,TW0001781003,,BBG000GZFNS7,BBG000GZFN52,BBG001SHHDJ2,False
1784.TWO,BIONET Corp.,"BIONET Corp. engages in the cell therapy business in Taiwan and internationally. The company offers stem cell banking services, such as stem cell storage, mesenchymal stem cell storage, dental stem cell storage, adipose stem cell, and PBSC and immune cells; and genetic testing services. It also provides storage and application of hematopoietic stem cells; regenerative medicine, analytical testing, clinical and preclinical research, and commercialized cell-derived products; and Exosome, a cell-free therapy. The company was founded in 1989 and is based in Taipei City, Taiwan.",TWD,Health Care,"Pharmaceuticals, Biotechnology & Life Sciences",Biotechnology,TWO,ROCO,Taipei Stock Exchange,Taiwan,,,,https://www.bionetcorp.com,Micro Cap,TW0001784007,,BBG000QQCB05,BBG000QQC9Q2,BBG001SNF7L1,False
1785.TWO,Solar Applied Materials Technology Corporation,"Solar Applied Materials Technology Corporation is a company listed on the Taipei Stock Exchange under the ticker 1785. It operates in the Chemicals industry within the Materials sector. The company is headquartered in Tainan City, Taiwan.",TWD,Materials,Materials,Chemicals,TWO,ROCO,Taipei Stock Exchange,Taiwan,,Tainan City,70955,https://www.solartech.com.tw,Mid Cap,TW0001785004,,BBG000P6K3F3,BBG000P6K345,BBG001SL55S3,False
1788.TWO,Hi-Clearance Inc.,"Hi-Clearance Inc. is a company listed on the Taipei Stock Exchange under the ticker 1788. The company is headquartered in New Taipei City, Taiwan.",TWD,,,,TWO,ROCO,Taipei Stock Exchange,Taiwan,,New Taipei City,24159,https://www.hiclearance.com.tw,Micro Cap,TW0001788008,,BBG000GVTKS7,BBG000GVTKJ7,BBG001SHFZ78,False
1796.TWO,"GeneFerm Biotechnology Co., Ltd.","GeneFerm Biotechnology Co., Ltd. develops, manufactures, markets, and sells fermented products in Taiwan and internationally. The company offers a range of raw materials, such as fermented microbial, fungi, and fruits and vegetables products; probiotics; and herbal extracts and animal derived peptides and powders. It also provides ODM, as well as fermentation toll manufacturing services to companies for the development and manufacture of dietary supplements, functional foods, health food products, and various applications. The company was founded in 1999 and is based in Taipei City, Taiwan.",TWD,Health Care,"Pharmaceuticals, Biotechnology & Life Sciences",Pharmaceuticals,TWO,ROCO,Taipei Stock Exchange,Taiwan,,Taipei City,11503,http://www.geneferm.com,Nano Cap,TW0001796001,,BBG00DDKB1V3,BBG00DDKB1S7,BBG00DDKB1R8,False
1799.TWO,"Easywell Biomedicals, Inc.","Easywell Biomedicals, Inc., a biopharmaceutical and medical device company, develops and commercializes medical devices, drug substances, and pharmaceutical dosage forms in Taiwan and internationally. The company offers pharmaceutical products, which include high-barrier generics for the treatment of anti-cough, anti-urinary incontinence, breast cancer in PMS women, anti-depression, prevention of pneumocystis pneumonia, epilepsy, chronic angina, and inflammatory lesions of rosacea; and 505(b)(2) drugs for the treatment of Parkinson's, urinary, and pneumonia diseases. It also provides medical devices, including digital clinical, infrared ear, and non-contact forehead infrared thermometers. The company was formerly known as Actherm Inc. and changed its name to Easywell Biomedicals, Inc. in July 2015. Easywell Biomedicals, Inc. was incorporated in 1998 and is headquartered in Hsinchu City, Taiwan.",TWD,Health Care,Health Care Equipment & Services,Health Care Technology,TWO,ROCO,Taipei Stock Exchange,Taiwan,,Hsinchu City,30076,http://www.easywellbio.com,Micro Cap,TW0001799005,,BBG000BJQQ09,BBG000BJQPT0,BBG001SCDDC4,False
1813.TWO,"Polylite Taiwan Co., Ltd.","Polylite Taiwan Co., Ltd. manufactures and distributes GIA polycarbonate lenses worldwide. Its products include FSV, SFSV, progressive, KID, and polarized lens. The company also offers dispending, fitting, and edging and finishing services. Polylite Taiwan Co., Ltd. was founded in 1993 and is based in Taoyuan, Taiwan.",TWD,Information Technology,Semiconductors & Semiconductor Equipment,Semiconductors & Semiconductor Equipment,TWO,ROCO,Taipei Stock Exchange,Taiwan,,Taoyuan City,33759,http://www.gialens.com.tw,Nano Cap,TW0001813004,,BBG000GZP1G7,BBG000GZP0C3,BBG001SP2CZ4,False
1815.TWO,Fulltech Fiber Glass Corp.,"Fulltech Fiber Glass Corp. produces and sells fiber glass yarn and fabrics in Taiwan. It offers electronic grade fiber glass yarn for use in the manufacture of fiber glass fabric, printed circuit boards, desktop and laptop computers, cellular phones, PDAs, and projection cloths, as well as industrial grade fiber glass yarn for use in the manufacture of insulation tubes. The company was founded in 1999 and is based in Taipei, Taiwan.",TWD,Information Technology,Technology Hardware & Equipment,"Electronic Equipment, Instruments & Components",TWO,ROCO,Taipei Stock Exchange,Taiwan,,Taipei,,http://www.ffg.com.tw,Mid Cap,TW0001815009,,BBG000BR5FV4,BBG000BR5FM4,BBG001SBKWP2,False
2035.TWO,"Tang Eng Iron Works Co., Ltd.","Tang Eng Iron Works Co., Ltd. is a company listed on the Taipei Stock Exchange under the ticker 2035. It operates in the Metals & Mining industry within the Materials sector. The company is headquartered in Kaohsiung City, Taiwan.",TWD,Materials,Materials,Metals & Mining,TWO,ROCO,Taipei Stock Exchange,Taiwan,,Kaohsiung City,81260,https://www.tangeng.com.tw,Micro Cap,TW0002035003,,BBG000R6TD88,BBG000R6TBY3,BBG001SR7777,False
2061.TWO,Feng Ching Metal Corporation,"Feng Ching Metal Corporation produces and sells copper wires and enameled copper wires primarily for use in electronic, electrical appliance, and communication technology industries in Taiwan and internationally. The company was founded in 1983 and is based in Kaohsiung, Taiwan.",TWD,Industrials,Capital Goods,Electrical Equipment,TWO,ROCO,Taipei Stock Exchange,Taiwan,,Kaohsiung,802,http://www.fcm.com.tw,Micro Cap,TW0002061009,,BBG000BCRMD8,BBG000BCRLY7,BBG001S7DXC1,False
2063.TWO,"Sheh Kai Precision Co., Ltd.","Sheh Kai Precision Co., Ltd. manufactures and sells bi metal screws, screw anchors, and screws in Taiwan and internationally. It offers bi-metal window, concrete, self tapping, self drilling, and wing screws, as well as self piercing screws and side lap screws; hammer and diamond drill bits, and dust caps; and bi-metal concrete screw anchors, bi-metal concrete anchor stainless steel internal thread heads, galvanized concrete screw anchors, and galvanized concrete screw anchors internal thread heads. The company also provides wood screws, stainless steel self-tapping screw sharps/blue points, special fasteners, hex lag screws, double end hanger bolts, carriage bolts, and automotive fasteners. Its products are used in various applications, such as roof wall steel fastening, curtain wall window, and concrete anchor systems, as well as concrete anchor products. The company was formerly known as Sheh Kai Industrial Co., Ltd. and changed its name to Sheh Kai Precision Co., Ltd. in 2003. Sheh Kai Precision Co., Ltd. was founded in 1992 and is based in Kaohsiung, Taiwan.",TWD,Industrials,Capital Goods,Machinery,TWO,ROCO,Taipei Stock Exchange,Taiwan,,Kaohsiung,82059,http://www.shehkai.com.tw,Nano Cap,TW0002063005,,BBG000L5SJ57,BBG000L5SHH8,BBG001T470Z1,False
2064.TWO,"Camellia Metal Co., Ltd.","Camellia Metal Co., Ltd. manufactures and sells steel bars and wires in Taiwan. It offers low-carbon, middle-carbon, high-carbon, free cutting, spring, alloy, and stainless steel bars and wires. The company's products are used in motor and mechanical axis, as well as axis of business machines; screwdrivers, hex wrenches, and sockets; torsion and balance bars, and automotive coil springs; and medical and aerospace technologies, household appliances, and high-precision and other materials. Its products are also used in cars, bridges, steel, and screws and other building materials; and electronics, telecommunications, and IT industries. The company was founded in 1971 and is based in Changhua County, Taiwan.",TWD,Materials,Materials,Metals & Mining,TWO,ROCO,Taipei Stock Exchange,Taiwan,,Changhua,50544,http://www.camelliametal.com.tw,Nano Cap,TW0002064003,,BBG0027758L6,BBG001CNGHJ8,BBG001TYSQM9,False
2065.TWO,"Sheh Fung Screws Co., Ltd.","Sheh Fung Screws Co., Ltd. manufactures and sells screws primarily in Taiwan. The company provides various screws, including self-drilling, timber construction, drywall, chipboard, self-tapping, decking, self-piercing screws, and other screws. It also offers hammer drill bits, customized fastener parts, kaitex coatings, and packing boxes. The company was founded in 1973 and is based in Kaohsiung, Taiwan.",TWD,Industrials,Capital Goods,Machinery,TWO,ROCO,Taipei Stock Exchange,Taiwan,,Kaohsiung,825,http://www.shehfung.com,Micro Cap,TW0002065000,,BBG002CXXWK0,BBG001CPWJ10,BBG001TZ7MS2,False
2066.TWO,"Sumeeko Industries Co., Ltd.","Sumeeko Industries Co., Ltd. manufactures, repairs, and sells automotive parts, hardware parts, mechanical parts, and screws. It offers power trains, suspensions, transmissions, exhausts, chassis, and interior parts for use in automobiles; appliances; and products for use in mechanism, construction, and other applications. The company was founded in 1988 and is based in Kaohsiung City, Taiwan.",TWD,Industrials,Capital Goods,Machinery,TWO,ROCO,Taipei Stock Exchange,Taiwan,,Kaohsiung,831,http://www.sumeeko.com,Micro Cap,TW0002066008,,BBG002708YG7,BBG002708YD0,BBG002708YH6,False
2067.TWO,"Chia Yi Steel Co., Ltd.","Chia Yi Steel Co., Ltd. is a company listed on the Taipei Stock Exchange under the ticker 2067. It operates in the Machinery industry within the Industrials sector. The company is headquartered in Chiayi, Taiwan.",TWD,Industrials,Capital Goods,Machinery,TWO,ROCO,Taipei Stock Exchange,Taiwan,,Chiayi,62155,https://www.cysteel.com.tw,Nano Cap,TW0002067006,,BBG003LXL1P4,BBG003LXL1M7,BBG003LXL1Q3,False
2070.TWO,"Ching Chan Optical Technology Co., Ltd.","Ching Chan Optical Technology Co., Ltd. manufactures fastener equipment worldwide. The company offers sorter machines for screw/bolt, nut/washer, rod/stud, and eddy current series; second hand machines; and accessories for sorting machines. It also provides screw and bolt making machines, including standard and long stroke bolt, bolt parts, and high performance formers; process monitoring products; automated guided vehicle systems comprising warehouse and transferring robots; and intellectual automation production integration. Ching Chan Optical Technology Co., Ltd. was founded in 1992 and is headquartered in Kaohsiung City, Taiwan.",TWD,Industrials,Capital Goods,Machinery,TWO,ROCO,Taipei Stock Exchange,Taiwan,,Kaohsiung,82945,http://www.ccm3s.com,Micro Cap,TW0002070000,,BBG00CL7VGW9,BBG00CL7VGS4,BBG00CL7VGT3,False
2071.TWO,"Chen Nan Iron Wire Co.,Ltd","Chen Nan Iron Wire Co.,Ltd is a company listed on the Taipei Stock Exchange under the ticker 2071. It operates in the Machinery industry within the Industrials sector. The company is headquartered in Kaohsiung City, Taiwan.",TWD,Industrials,Capital Goods,Machinery,TWO,ROCO,Taipei Stock Exchange,Taiwan,,Kaohsiung City,821010,https://www.ray-fu.com,Micro Cap,TW0002071008,,BBG00Q7BJ9X4,BBG00Q7BJ9V6,BBG00Q7BJ9Y3,False
2073.TWO,Syong Shun Metal Co. Ltd.,"Syong Shun Metal Co. Ltd. is a company listed on the Taipei Stock Exchange under the ticker 2073. It operates in the Machinery industry within the Industrials sector. The company is headquartered in Kaohsiung, Taiwan.",TWD,Industrials,Capital Goods,Machinery,TWO,ROCO,Taipei Stock Exchange,Taiwan,,Kaohsiung,,https://www.ssmc.com.tw,Nano Cap,TW0002073004,,BBG012HNPBH5,BBG012HNPBF7,BBG012HNPBJ3,False
2221.TWO,"Tachia Yung Ho Machine Industry Co., Ltd.","Tachia Yung Ho Machine Industry Co., Ltd. primarily manufactures and sells butt-welding pipe fittings and high purity components in Taiwan. The company offers stainless steel butt-welding pipe fittings, such as elbows, tees, reducers, caps, stub ends, etc.; and UHP components, including high purity pipes and pipe fittings, metal gasket face seal fittings, micro butt-welding fittings, LoK-DJ compression fittings, UHP CGA/DISS fittings, diaphragm and ball valves, valve manifold boxes, and special chemical storage tanks. Its butt-welding pipe fittings are used in the areas of petrochemical, ship building, foods, sugar making, paper production, chemical engineering, agricultural chemical, dyeing, synthetic fibers, liquid chemical, gas, industries piping, construction drainage pipe fitting, etc.; and UHP components have applications in the areas of semiconductor, LCD-TFT, solar energy, LED, food industry, chemical piping, gas, liquid, construction pipe fitting, etc. Tachia Yung Ho Machine Industry Co., Ltd. also exports its products to Japan, Korea, Singapore, Malaysia, France, Germany, Ireland, England, the United States, Australia, New Zealand, China, and the Gulf Region. The company was formerly known as Tachia Yung Ho Machine Industry Limited Company and changed its name to Tachia Yung Ho Machine Industry Co., Ltd. in 1977. Tachia Yung Ho Machine Industry Co., Ltd. was founded in 1943 and is headquartered in Taichung, Taiwan.",TWD,Materials,Materials,Metals & Mining,TWO,ROCO,Taipei Stock Exchange,Taiwan,,Taichung,437,http://www.yhmco.com.tw,Micro Cap,TW0002221009,,BBG000FBYD66,BBG000FBYD02,BBG001SNJ0B3,False
2230.TWO,"C.T.I. Traffic Industries Co., Ltd.","C.T.I. Traffic Industries Co., Ltd. manufactures and sells auto engine parts in Taiwan and internationally. The company offers green power products; DLC piston rings comprising black diamond piston rings; gasoline engine oil rings, such as car and auto oil, car piston, engine oil, and piston ring expanders; diesel engine oil rings, including cast iron rings; liner kits; piston kits; and timing kits and components, timing guides, and timing chains, as well as tensioners, and cam and crank gears. It also provides overhaul engine gaskets, which include CYL heads, cylinder head gaskets, automotive and engine oil seals, valve covers, oil pans, and valve stem and engine valve seals, as well as intake, exhaust, and pipe manifolds; engine valves consisting of auto engine valves, engine valve seats, engine bearings, and engine valve guides; and carburetor kits. In addition, the company offers hydraulic brake systems, such as break, master, brake wheel, and brake master cylinders; compression rings, including hook, step, inside cut, under cut, notch, both-side keystone, slip in, and copper plated rings; and jump starters. Its products are used automotive, agriculture, off-highway, and heavy-duty trucks applications. The company was founded in 1973 and is headquartered in Tainan City, Taiwan.",TWD,Consumer Discretionary,Automobiles & Components,Auto Components,TWO,ROCO,Taipei Stock Exchange,Taiwan,,Tainan City,,http://www.ctico.com.tw,Nano Cap,TW0002230000,,BBG000TQYCH8,BBG000TQYC60,BBG001T0CYK5,False
2235.TWO,"I Yuan Precision Industrial Co., Ltd.","I Yuan Precision Industrial Co., Ltd. is a company listed on the Taipei Stock Exchange under the ticker 2235. It operates in the Auto Components industry within the Consumer Discretionary sector. The company is headquartered in Taoyuan City, Taiwan.",TWD,Consumer Discretionary,Automobiles & Components,Auto Components,TWO,ROCO,Taipei Stock Exchange,Taiwan,,Taoyuan City,333,https://www.tiy-motor.com,Nano Cap,TW0002235009,,BBG001P46JD9,BBG001P46JB1,BBG001V18PB4,False
2245.TWO,Nww Manufacturing Co. Ltd.,"Nww Manufacturing Co. Ltd. is a company listed on the Taipei Stock Exchange under the ticker 2245. It operates in the Electrical Equipment industry within the Industrials sector. The company is headquartered in Tainan, Taiwan.",TWD,Industrials,Capital Goods,Electrical Equipment,TWO,ROCO,Taipei Stock Exchange,Taiwan,,Tainan,,https://www.nwwmfg.com.tw,Nano Cap,TW0002245008,,BBG00FGZG753,BBG00FGZG735,BBG00FGZG762,False
2246.TWO,"Kaison Green Energy Technology Co., LTD","Kaison Green Energy Technology Co., LTD researches and develops, produces, assembles, and sells electric vehicles. The company is based in Taichung, Taiwan.",TWD,Consumer Discretionary,Automobiles & Components,Automobiles,TWO,ROCO,Taipei Stock Exchange,Taiwan,,Taichung,,http://www.tw-kget.com,Nano Cap,,,,,,False
2248.TWO,"Shining Victory Motor Electronic Co., Ltd.","Shining Victory Motor Electronic Co., Ltd. engages in the production and sale of automotive components. It offers optoelectronic products, automotive electronics, and automotive metal and plastic decorative parts, including car door illuminating welcome pedals, car interior light bar ambient lights, shifting atmosphere lights, sun visors, luggage racks, bright strips, etc. The company is based in George Town, the Cayman Islands.",TWD,Consumer Discretionary,Automobiles & Components,Auto Components,TWO,ROCO,Taipei Stock Exchange,Taiwan,,George Town,KY1-1208,http://www.top-elan.com/,Nano Cap,KYG8T24R1076,,,,,True
2249.TWO,"Young Shine Electric Co., Ltd.","Young Shine Electric Co., Ltd. manufactures and sells automotive a/c components in Taiwan. The company offers automotive a/c compressors, heat exchangers, and parts. It also exports its products internationally. The company was founded in 2008 and is based in Kaohsiung, Taiwan.",TWD,Consumer Discretionary,Automobiles & Components,Auto Components,TWO,ROCO,Taipei Stock Exchange,Taiwan,,Kaohsiung City,806,http://www.young-shine.com.tw,Micro Cap,TW0002249000,,BBG00R2LLTR5,BBG00R2LLTP7,BBG00R2LLTS4,False
2252.TWO,Cubtek Inc.,"Cubtek Inc. is a company listed on the Taipei Stock Exchange under the ticker 2252. It operates in the Auto Components industry within the Consumer Discretionary sector. The company is headquartered in Zhubei, Taiwan.",TWD,Consumer Discretionary,Automobiles & Components,Auto Components,TWO,ROCO,Taipei Stock Exchange,Taiwan,,Zhubei,302,https://www.cubtek.com,Micro Cap,TW0002252004,,BBG0124CD7Z5,BBG00N59R5Q5,BBG00N59R5R4,False
2255.TWO,"JET Optoelectronics Co., Ltd.","JET Optoelectronics Co., Ltd. is a company listed on the Taipei Stock Exchange under the ticker 2255. It operates in the Auto Components industry within the Consumer Discretionary sector. The company is headquartered in Taipei, Taiwan.",TWD,Consumer Discretionary,Automobiles & Components,Auto Components,TWO,ROCO,Taipei Stock Exchange,Taiwan,,Taipei,11491,https://www.jet-opto.com.tw,Nano Cap,TW0002255007,,BBG013PKMGZ2,BBG00WY8RNT3,BBG00WY8RNV0,False
2256.TWO,Otobrite Electronics Inc,"Otobrite Electronics Inc is a company listed on the Taipei Stock Exchange under the ticker 2256. It operates in the Electronic Equipment, Instruments & Components industry within the Information Technology sector. The company is headquartered in Hsinchu City, Taiwan.",TWD,Information Technology,Technology Hardware & Equipment,"Electronic Equipment, Instruments & Components",TWO,ROCO,Taipei Stock Exchange,Taiwan,,Hsinchu City,,https://www.otobrite.com,Micro Cap,TW0002256005,,BBG013TQ11N4,BBG013TQ11L6,BBG013TQ11P2,False
2596.TWO,ReaLy Development & Construction Corp.,"ReaLy Development & Construction Corp. engages in the land development and administration, and construction management businesses in Taiwan. The company is based in Taipei, Taiwan.",TWD,Real Estate,Real Estate,Real Estate Management & Development,TWO,ROCO,Taipei Stock Exchange,Taiwan,,Taipei,,http://www.realycorp.com.tw,Micro Cap,TW0002596004,,BBG000TFSPD4,BBG000TFSP80,BBG001T01WJ3,False
2640.TWO,"Taiwan Taxi Co.,Ltd.","Taiwan Taxi Co.,Ltd. is a company listed on the Taipei Stock Exchange under the ticker 2640. It operates in the Transportation industry within the Industrials sector. The company is headquartered in Taipei, Taiwan.",TWD,Industrials,Transportation,,TWO,ROCO,Taipei Stock Exchange,Taiwan,,Taipei,104,https://www.taiwantaxi.com.tw,Micro Cap,TW0002640000,,BBG001WTV842,BBG001WTV824,BBG001WTV851,False
2641.TWO,Franbo Lines Corp.,"Franbo Lines Corp. provides ocean transport and shipping agency services through bulk and general cargo vessels in Taiwan and internationally. Its operating and forwarding business focuses on the transportation of steel, logs, chemical products, and mechanic equipment primarily through Asia and Pacific Regions. The company also owns and charters ocean going and Far East vessels to Japanese shipping companies, as well as offers freight forwarding services. In addition, it offers vessel management services, which include safety, international ship security, and manning management services. Further, the company is involved in the long- and short-term vessel chartering, and freight brokering businesses, as well as provision of technical, marine supply, ship inspection, and insurance claim services. Franbo Lines Corp. was founded in 1998 and is based in Kaohsiung, Taiwan.",TWD,Industrials,Transportation,Marine,TWO,ROCO,Taipei Stock Exchange,Taiwan,,Kaohsiung,802,http://www.franbo.com.tw,Micro Cap,TW0002641008,,BBG002B5GK63,BBG002B5GK45,BBG002B5GK72,False
2643.TWO,"Soonest Express Co., Ltd.","Soonest Express Co., Ltd. provides integrated logistics solutions in Taiwan, Asia, and the United States. It offers air and ocean freight forwarding services; custom clearance services; transit/warehouse/transportation services; and courier services. The company was founded in 1984 and is based in Taipei, Taiwan.",TWD,Industrials,Transportation,Air Freight & Logistics,TWO,ROCO,Taipei Stock Exchange,Taiwan,,,,https://www.soonest.com,Micro Cap,TW0002643004,,BBG007K5P388,BBG007K5P351,BBG007K5P360,False
2644.TWO,"Jong Shyn Shipbuilding Co., Ltd.","Jong Shyn Shipbuilding Co., Ltd. is a company listed on the Taipei Stock Exchange under the ticker 2644. It operates in the Aerospace & Defense industry within the Industrials sector. The company is headquartered in Kaohsiung, Taiwan.",TWD,Industrials,Capital Goods,Aerospace & Defense,TWO,ROCO,Taipei Stock Exchange,Taiwan,,Kaohsiung,805301,https://www.jongshyn.com,Micro Cap,TW0002644002,,BBG019WVN866,BBG001CNGL90,BBG001TYSTD3,False
2718.TWO,Allmind Holdings Corporation,"Pleasant Hotels International Inc. engages in the operation of a hotel in Taiwan. The company's hotel features 388 guest rooms, as well as wedding and meeting halls; and a business center, swimming pool, fitness center, and restaurant. Pleasant Hotels International Inc. is based in Taoyuan City, Taiwan.",TWD,Consumer Discretionary,Consumer Services,"Hotels, Restaurants & Leisure",TWO,ROCO,Taipei Stock Exchange,Taiwan,,Taoyuan City,33050,http://www.pleasanthotels.com.tw,Micro Cap,TW0002718004,,BBG000BJS683,BBG000BJS5T2,BBG001SCG4C1,False
2719.TWO,TSG Star Travel Corp.,"TSG Star Travel Corp. is a company listed on the Taipei Stock Exchange under the ticker 2719. It operates in the Hotels, Restaurants & Leisure industry within the Consumer Discretionary sector. The company is headquartered in Taipei, Taiwan.",TWD,Consumer Discretionary,Consumer Services,"Hotels, Restaurants & Leisure",TWO,ROCO,Taipei Stock Exchange,Taiwan,,Taipei,,https://www.startravel.com.tw,Nano Cap,TW0002719002,,BBG000V7T2V9,BBG000V7T2F7,BBG001T1NZ19,False
2724.TWO,"Architectural Aesthetics Global Development CO.,LTD.","Architectural Aesthetics Global Development CO.,LTD. is a company listed on the Taipei Stock Exchange under the ticker 2724. It operates in the Hotels, Restaurants & Leisure industry within the Consumer Discretionary sector. The company is headquartered in New Taipei City, Taiwan.",TWD,Consumer Discretionary,Consumer Services,"Hotels, Restaurants & Leisure",TWO,ROCO,Taipei Stock Exchange,Taiwan,,New Taipei City,220,https://www.fxhotelsgroup.com,Nano Cap,KYG3704Y1017,,BBG000Q4XDF1,BBG000Q4XD25,BBG001T6GJ94,False
2726.TWO,Yummy Town (Cayman) Holdings Corporation,"Yummy Town (Cayman) Holdings Corporation engages in the sale and service of food and beverage chain to sell various leisure tea and beverages, snacks, and light meals. It also franchises various brands. The company operates its business under the Real Brew Tea, Happy Lemon, Tai Quan Trading, THE SPICELAND, RBT TEA CAFE, Tea Opal, Hippo Bobatea, and Alma brands. It operates in Mainland China, Taiwan, Hong Kong, Japan, the Philippines, South Korea, the United States, the United Kingdom, Australia, the Middle East, and other countries. The company was founded in 2009 and is headquartered in Shanghai, China.",TWD,Consumer Staples,Food & Staples Retailing,Food & Staples Retailing,TWO,ROCO,Taipei Stock Exchange,China,,Shanghai,1208,http://yummy-town.com,Nano Cap,KYG988361021,,BBG007Q1SXP3,BBG007Q1SXL7,BBG007Q1SXM6,False
2729.TWO,TTFB Company Limited,"TTFB Company Limited operates a chain of restaurants in Taiwan and internationally. The company was founded in 1990 and is based in New Taipei City, Taiwan.",TWD,Consumer Discretionary,Consumer Services,"Hotels, Restaurants & Leisure",TWO,ROCO,Taipei Stock Exchange,Taiwan,,New Taipei City,235,http://www.ttfb.com,Micro Cap,TW0002729001,,BBG00227RSZ8,BBG00227RSX0,BBG00227RT04,False
2730.TWO,"Miramar Hospitality Co.,Ltd","Miramar Hospitality Co.,Ltd engages in the hotel business in Taiwan. The company operates Miramar Garden Taipei, a 5-star international business and tourist hotel that provides accommodation services, including deluxe rooms, business rooms, executive deluxe rooms, boss suites, and premier suites; dining services under the Rain Forest, Light Café, JIU BAR, and Tic-Tac-Toe Bakery names; and conference services, such as conference rooms, and wedding and banquets. It also provides health club, fitness center, outdoor swimming pool, sauna, fitness club membership, and business center facilities. The company is based in Taipei, Taiwan. Miramar Hospitality Co.,Ltd is a subsidiary of Tze Shin International Co. Ltd.",TWD,Consumer Discretionary,Consumer Services,"Hotels, Restaurants & Leisure",TWO,ROCO,Taipei Stock Exchange,Taiwan,,Taipei,10491,http://www.miramargarden.com.tw,Nano Cap,,,,,,False
2732.TWO,"La Kaffa International Co., Ltd.","La Kaffa International Co., Ltd. operates cafes that provides tea, Taiwanese traditional desserts, set meals, coffee and bakery products, and Chinese food products in Taiwan and internationally. Its brand portfolio includes Chatime, ZenQ Dessert, La Kaffa Coffee, Wagokoro Tonkatsu Anzu Ginza, Bake Code, Duan Chun Zhen, Osaka Ohsho Taiwan, ChuNian Shabu Shabu and Chatime Lounge. The company was founded in 2004 and is based in Zhubei City, Taiwan.",TWD,Consumer Staples,"Food, Beverage & Tobacco",Beverages,TWO,ROCO,Taipei Stock Exchange,Taiwan,,Zhubei City,302,http://www.lakaffagroup.com,Micro Cap,TW0002732005,,BBG003PNW394,BBG003PNW376,BBG003PNW3B1,False
2733.TWO,"Vigor Kobo Co., LTD.","Vigor Kobo Co.,Ltd. develops, produces, and sells Chinese cakes and pastries in Taiwan and internationally. It offers pineapple, red-in-green mini, chestnut mini, black stick mini, milk sun, cheese honey, and taro mini cakes, as well as beef jerky. The company provides its products through its stores. Vigor Kobo Co.,Ltd. was founded in 1992 and is based in Taipei City, Taiwan.",TWD,Consumer Staples,"Food, Beverage & Tobacco",Food Products,TWO,ROCO,Taipei Stock Exchange,Taiwan,,Taipei City,10364,http://www.taiwan-vigor.com.tw,Nano Cap,TW0002733003,,BBG003QH8HC8,BBG003QH8H92,BBG003QH8HD7,False
2734.TWO,"Ezfly International Travel Agent Co., Ltd.","Ezfly International Travel Agent Co., Ltd. operates as an online travel agency in Taiwan. The company offers ticket purchase and booking services; and sells domestic air tickets, foreign individual air tickets, and foreign group air tickets. It also provides domestic and international reservation, group travel, mini tour, group and airline free travel, and themed tickets, as well as foreign dynamic packaging free travel, themed project travel, domestic high-speed rail holiday travel, domestic bus travel, various European and Japanese railway ticket, visa, and other travel products. The company offers its services through its ezfly.com website. The company was founded in 1988 and is headquartered in Taipei, Taiwan.",TWD,Consumer Discretionary,Consumer Services,"Hotels, Restaurants & Leisure",TWO,ROCO,Taipei Stock Exchange,Taiwan,,Taipei,,http://www.ezfly.com,Nano Cap,TW0002734001,,BBG0045MHJY0,BBG0045MHJW2,BBG0045MHJZ9,False
2736.TWO,Hoya Resort Hotel Group,"Hoya Resort Hotel Group operates hotels, resorts, and spas in Taiwan. The company was founded in 1998 and is based in Beinan, Taiwan.",TWD,Consumer Discretionary,Consumer Services,"Hotels, Restaurants & Leisure",TWO,ROCO,Taipei Stock Exchange,Taiwan,,Beinan,954,http://www.hoyaresort.com.tw,Nano Cap,TW0002736006,,BBG005NVMLR4,BBG005NVMLN8,BBG005NVMLP6,False
2740.TWO,Hua Hsuan Real Estate Co Ltd.,"Mr. Onion International Co., Ltd provides catering services in Taiwan. The company was founded in 1991 and is based in New Taipei City, Taiwan.",TWD,Consumer Discretionary,Consumer Services,"Hotels, Restaurants & Leisure",TWO,ROCO,Taipei Stock Exchange,Taiwan,,New Taipei City,100,http://www.mr-onion.com,Nano Cap,TW0002740008,,BBG007R902P3,BBG007R902L7,BBG007R902M6,False
2741.TWO,"Renjie Oldsichuan Catering Management Consultant Co., Ltd.","Renjie Oldsichuan Catering Management Consultant Co., Ltd. operates a chain of catering facilities in Harbin, Mainland China, and Taiwan. The company was founded in 2007 and is based in Kaohsiung, Taiwan.",TWD,Consumer Discretionary,Consumer Services,"Hotels, Restaurants & Leisure",TWO,ROCO,Taipei Stock Exchange,Taiwan,,Kaohsiung,813,http://www.oldsichuan.com.tw,Nano Cap,TW0002741006,,BBG007D9QLW0,BBG007D9QLT4,BBG007D9QLS5,False
2743.TWO,"Richmond International Travel & Tours Co.,Ltd","Richmond International Travel & Tours Co.,Ltd provides travel transportation services under the Shan Fu Tourism brand. It offers passenger services, such as passport visa, Wi-fi rental, translator/headset, and tourism encyclopedia; and professional services, such as outbound, inbound, and national tourism, as well as ticket ordering service. The company offers its products through an e-commerce platform. Richmond International Travel & Tours Co.,Ltd was founded in 1988 and is headquartered in Taipei City, Taiwan.",TWD,Consumer Discretionary,Consumer Services,"Hotels, Restaurants & Leisure",TWO,ROCO,Taipei Stock Exchange,Taiwan,,Taipei,104,http://www.travel4u.com.tw,Micro Cap,TW0002743002,,BBG0089MQZ17,BBG002NKTR13,BBG002NKTR22,False
2745.TWO,"Life Travel & Tourist Service Co., Ltd.","Life Travel & Tourist Service Co., Ltd. provides group tourism products and services to domestic and foreign tourists in Taiwan. The company was founded in 1988 and is based in Kaohsiung, Taiwan.",TWD,Consumer Discretionary,Consumer Services,"Hotels, Restaurants & Leisure",TWO,ROCO,Taipei Stock Exchange,Taiwan,,Kaohsiung,,http://www.lifetour.com.tw,Micro Cap,TW0002745007,,BBG009YQNQ93,BBG009YQNQ75,BBG009YQNQ66,False
2750.TWO,"Hotel Orchard Park CO., LTD.","Hotel Orchard Park CO., LTD. operates a hotel in Taiwan. The company operates the Orchard Park Hotel, an international tourist hotel with business, holiday, and transit functionalities in Taoyuan's Aerotropolis. Its hotel includes 187 guestrooms, such as deluxe king, executive rooms, Washitsu suites, executive suites, park view suites, and orchard suites. The company also provides Hee Yuet Lau Chinese restaurant, Orchard Café, Hanamizuki Japanese cuisine, Atrium Bar, Oasis club, banquet hall, conference room, shopping street, and business center services, as well as ball room, meeting room, pavilion, and spa services. Hotel Orchard Park CO., LTD. was founded in 2009 and is based in Taoyuan City, Taiwan.",TWD,Consumer Discretionary,Consumer Services,"Hotels, Restaurants & Leisure",TWO,ROCO,Taipei Stock Exchange,Taiwan,,Taoyuan City,33742,http://www.hotelorchardpark.com,Nano Cap,TW0002750007,,,,,True
2751.TWO,"KINGZA International CO.,Ltd.","KINGZA International CO.,Ltd. is a company listed on the Taipei Stock Exchange under the ticker 2751. It operates in the Hotels, Restaurants & Leisure industry within the Consumer Discretionary sector. The company is headquartered in Taipei, Taiwan.",TWD,Consumer Discretionary,Consumer Services,"Hotels, Restaurants & Leisure",TWO,ROCO,Taipei Stock Exchange,Taiwan,,Taipei,110502,https://www.kingza.com.tw,Nano Cap,TW0002751005,,BBG01H3RGYZ8,BBG00MRDVFK3,BBG00MRDVFL2,False
2752.TWO,"Tofu Restaurant Co., Ltd.","Tofu Restaurant Co., Ltd engages in the chain restaurant business in Taiwan. It is also involved in the food manufacturing business. Tofu Restaurant Co., Ltd was founded in 1997 and is based in Taipei, Taiwan.",TWD,Consumer Discretionary,Consumer Services,"Hotels, Restaurants & Leisure",TWO,ROCO,Taipei Stock Exchange,Taiwan,,Taipei,104,http://www.dubuhouse.com.tw,Micro Cap,TW0002752003,,BBG00LPZN2R9,BBG00LPZN2P1,BBG00LPZN2S8,False
2753.TWO,Bafang Yunji International Company Limited,"Bafang Yunji International Company Limited operates and franchises restaurants under the BAFANG YUNJI name. The company operates approximately 700 stores in Taiwan; and 100 stores in Hong Kong. The company was founded in 1989 and is based in New Taipei City, Taiwan.",TWD,Consumer Discretionary,Consumer Services,"Hotels, Restaurants & Leisure",TWO,ROCO,Taipei Stock Exchange,Taiwan,,New Taipei City,25170,http://www.8way.com.tw,Small Cap,,,,,,False
2754.TWO,"Kura Sushi Asia Co., Ltd.","Kura Sushi Asia Co., Ltd. operates sushi restaurant in Taiwan. Its restaurants offer sushi, warship, hand roll, volume, and side meal products, as well as desserts and drinks. The company was founded in 1977 and is based in Taipei City, Taiwan.",TWD,Consumer Discretionary,Consumer Services,"Hotels, Restaurants & Leisure",TWO,ROCO,Taipei Stock Exchange,Taiwan,,Taipei City,,http://www.kurasushi.tw,Micro Cap,TW0002754009,,BBG00PK9MV54,BBG00PK9MV36,BBG00PK9MV63,False
2755.TWO,"YoungQin International Co., Ltd.","YoungQin International Co., Ltd. operates restaurants under the MWD brand name. It also operates retail stores that offer fried chicken products under the Fried Chicken Master name. The company has operations in Taiwan and internationally. The company was founded in 2015 and is based in Taoyuan, Taiwan.",TWD,Consumer Discretionary,Consumer Services,"Hotels, Restaurants & Leisure",TWO,ROCO,Taipei Stock Exchange,Taiwan,,Taoyuan,320,http://www.superqin.com.tw/eng/index.php?code=list&ids=805,Micro Cap,TW0002755006,,BBG00PQHL7Y2,BBG00PQHL7W4,BBG00PQHL7Z1,False
2756.TWO,Lian Fa International Dining Business Corp.,"Lian Fa International Dining Business Corporation operates various restaurants. It operates restaurants under the brands of Sharetea, Mamak, and Kampung. The company is headquartered in Taipei City, Taiwan.",TWD,Consumer Staples,Food & Staples Retailing,Food & Staples Retailing,TWO,ROCO,Taipei Stock Exchange,Taiwan,,Taipei,115,http://www.1992lianfa.com,Nano Cap,TW0002756004,,BBG00YPVGXV5,BBG00YPVGXS9,BBG00YPVGXW4,False
2758.TWO,Louisa Professional Coffee Ltd.,"Louisa Professional Coffee Ltd. is a company listed on the Taipei Stock Exchange under the ticker 2758. It operates in the Hotels, Restaurants & Leisure industry within the Consumer Discretionary sector. The company is headquartered in New Taipei City, Taiwan.",TWD,Consumer Discretionary,Consumer Services,"Hotels, Restaurants & Leisure",TWO,ROCO,Taipei Stock Exchange,Taiwan,,New Taipei City,242,https://www.louisacoffee.co,Nano Cap,TW0002758000,,BBG012G0J684,BBG012G0J666,BBG012G0J6T1,False
2760.TWO,"Chu Yu Hsiang Co., Ltd","Chu Yu Hsiang Co., Ltd is a company listed on the Taipei Stock Exchange under the ticker 2760. It operates in the Hotels, Restaurants & Leisure industry within the Consumer Discretionary sector. The company is headquartered in Taichung City, Taiwan.",TWD,Consumer Discretionary,Consumer Services,"Hotels, Restaurants & Leisure",TWO,ROCO,Taipei Stock Exchange,Taiwan,,Taichung City,,https://www.dingtea.com,Nano Cap,TW0002760006,,BBG01C1MZZJ6,BBG01C1MZZG9,BBG01C1MZZK4,False
2761.TWO,"G-Yen Hutong Co., Ltd.","G-Yen Hutong Co., Ltd. is a company listed on the Taipei Stock Exchange under the ticker 2761. It operates in the Hotels, Restaurants & Leisure industry within the Consumer Discretionary sector. The company is headquartered in New Taipei City, Taiwan.",TWD,Consumer Discretionary,Consumer Services,"Hotels, Restaurants & Leisure",TWO,ROCO,Taipei Stock Exchange,Taiwan,,New Taipei City,231,https://gyen.com.tw,Nano Cap,TW0002761004,,BBG016GGZ1Q3,BBG016GGZ1N6,BBG016GGZ1R2,False
2916.TWO,Munsin Garment Corporation,"Munsin Garment Corporation manufactures and trades in various knitwear garments in Taiwan. The company offers golf apparel, lightweight sportswear, professional bicycles, equestrian sports products, casual wear, cue bags, handbags, protective accessories, special clothing, sneakers, shirts, trousers, and sporting products, as well as jogging, tennis, and football series products. It is also involved in the product distribution, import, and export businesses. Munsin Garment Corporation provides its products under the Munsingwear, Le coq sportif, Felix Buhler, McGREGOR, HAZZYS, ACUPUNCTURE, NARA CAMICIE, Eminento, As know as de base, POU DOU DOU, and Danskin brands. The company was founded in 1966 and is headquartered in New Taipei City, Taiwan.",TWD,Consumer Discretionary,Consumer Durables & Apparel,"Textiles, Apparel & Luxury Goods",TWO,ROCO,Taipei Stock Exchange,Taiwan,,New Taipei City,,http://www.munsin.com.tw,Micro Cap,TW0002916004,,BBG000PPXJ35,BBG000PPXHL9,BBG001SLM2R2,False
2924.TWO,Cayman Island Grand Galactica Corp Limited,"Cayman Island Grand Galactica Corp Limited is a company listed on the Taipei Stock Exchange under the ticker 2924 and traded in TWD. It is classified in the Consumer Discretionary sector (Textiles, Apparel & Luxury Goods). Its country is Taiwan.",TWD,Consumer Discretionary,Consumer Durables & Apparel,"Textiles, Apparel & Luxury Goods",TWO,ROCO,Taipei Stock Exchange,Taiwan,,Taipei,104,https://www.ggalactica.com,Nano Cap,KYG198691092,,BBG002116567,BBG002116549,BBG002116576,False
2926.TWO,The Eslite Spectrum Corporation,"The Eslite Spectrum Corporation operates department stores and shopping malls in Taiwan. It also provides real estate analysis, investment planning, and operation management services. The company engages in the engineering service, catering supplies, retail store and equipment businesses; operation of retail outlets; and supply of professional kitchen/laundry equipment, hotel supplies, exquisite cuisine, wine cellars, and catering stores. Further, it operates a hotel under the Songyan ‘Eslite Travel' name. The company operates 43 stores. It provides its planning, design, sales, installation, and after sales services to international tourist hotels and fast food chain stores, coffee chain stores, Chinese and Western restaurants, clubs, sky kitchens, hospitals, and staff restaurants. The company was founded in 2005 and is based in Taipei, Taiwan. The Eslite Spectrum Corporation is a subsidiary of The Eslite Co., Ltd.",TWD,Consumer Discretionary,Retailing,Multiline Retail,TWO,ROCO,Taipei Stock Exchange,Taiwan,,Taipei,,http://www.eslitespectrum.com.tw,Nano Cap,TW0002926003,,BBG002RW07X3,BBG002RW07V5,BBG002RW07Y2,False
2928.TWO,Redhorse Group Co.Ltd.,"Redhorse Group Co.Ltd. engages in the gift sales, and education and entertainment business operations in Japan and internationally . It operates through three segments: Souvenir Sales, E-commerce Sales, and Other. The company provides support to direct trading between suppliers and restaurants under the OWL brand name; souvenirs; disaster prevention consulting services that offer storage batteries during a disaster; and green drinks, supplement to deal with the sleeping environment, as well as operates game/esports facility, and guesthouses and hostels. In addition, it is involved in the communication, e-commerce, real estate, hometown tax, and regional industry support and revitalization businesses. Redhorse Group Co.Ltd. was founded in 1964 and is headquartered in Grand Cayman, Cayman Islands.",TWD,Consumer Discretionary,Retailing,Specialty Retail,TWO,ROCO,Taipei Stock Exchange,Cayman Islands,,Grand Cayman,1002,http://www.redhorse-group.com,Nano Cap,,,,,,False
2937.TWO,"Gseven Co., Ltd.","Gseven Co., Ltd. sells consumer electronic products in Taiwan. The company offers audio, TV projection, health and beauty, digital, and life style products, as well as horn and air conditioning systems, Home theaters, and household and kitchen appliances. It also sells its products through department store counters and outlets. The company was founded in 1994 and is headquartered in Kaohsiung, Taiwan.",TWD,Consumer Discretionary,Retailing,Specialty Retail,TWO,ROCO,Taipei Stock Exchange,Taiwan,,Kaohsiung,802,http://www.gseven.com.tw,Micro Cap,TW0002937000,,BBG00CFW2YD5,BBG00CFW2YB7,BBG00CFW2Y90,False
2938.TWO,"Bedding World Co., Ltd.","Bedding World Co., Ltd. engages in the wholesale and retail of furniture, bedding, kitchen utensils, and decorative products in Taiwan. It primarily offers mattresses and beddings. The company was founded in 2004 and is based in Taipei City, Taiwan.",TWD,Consumer Discretionary,Consumer Durables & Apparel,Household Durables,TWO,ROCO,Taipei Stock Exchange,Taiwan,,Taipei,11494,http://www.beddingworld.com.tw,Nano Cap,TW0002938008,,BBG00DX3FQ31,BBG00DX3FQ04,BBG00DX3FQ13,False
2941.TWO,Mister International Enterprise Corp.,"Mister International Enterprise Corp. is a company listed on the Taipei Stock Exchange under the ticker 2941. It operates in the Textiles, Apparel & Luxury Goods industry within the Consumer Discretionary sector. The company is headquartered in Taichung, Taiwan.",TWD,Consumer Discretionary,Consumer Durables & Apparel,"Textiles, Apparel & Luxury Goods",TWO,ROCO,Taipei Stock Exchange,Taiwan,,Taichung,105427,https://www.mister.com.tw,Nano Cap,TW0002941002,,BBG0131PP6Y7,BBG00MRDVD91,BBG00MRDVDB8,False
2942.TWO,"Jing-Jan Retail Business Co., Ltd.","Jing-Jan Retail Business Co., Ltd. owns and operates a shopping mall. The company is based in Taipei, Taiwan. Jing-Jan Retail Business Co., Ltd. is a subsidiary of Radium Life Technology Co., Ltd.",TWD,Consumer Discretionary,Retailing,Multiline Retail,TWO,ROCO,Taipei Stock Exchange,Taiwan,,Taipei,,http://www.qsquare.com.tw,Micro Cap,TW0002942000,,BBG00KGHM586,BBG00KGHM568,BBG00KGHM595,False
2947.TWO,"Zhen Yu Hardware Co., Ltd.","Zhen Yu Hardware Co., Ltd. is a company listed on the Taipei Stock Exchange under the ticker 2947. It operates in the Specialty Retail industry within the Consumer Discretionary sector. The company is headquartered in Taichung, Taiwan.",TWD,Consumer Discretionary,Retailing,Specialty Retail,TWO,ROCO,Taipei Stock Exchange,Taiwan,,Taichung,407,https://www.ald.com.tw,Nano Cap,TW0002947009,,BBG00XC920W6,BBG00XC920T0,BBG00XC920X5,False
2948.TWO,Bausen Inc.,"Bausen Inc. provides home improvement materials in Taiwan and internationally. It offers hardwood flooring, engineered flooring, laminate flooring, and WPC composite flooring products; and floor coverings, moldings, cabinet systems, marble and stone countertops, and home improvement materials and accessories. The company is based in Taipei, Taiwan.",TWD,Consumer Discretionary,Retailing,Specialty Retail,TWO,ROCO,Taipei Stock Exchange,Taiwan,,Taipei,,http://bausen.com,Nano Cap,TW0002948007,,BBG00YDB1XH4,BBG00YDB1XF6,BBG00YDB1XJ2,False
2949.TWO,"H.H.Galaxy Co., Ltd.","H.H.Galaxy Co., Ltd. is a company listed on the Taipei Stock Exchange under the ticker 2949. It operates in the Software industry within the Information Technology sector. The company is headquartered in Taipei, Taiwan.",TWD,Information Technology,Software & Services,Software,TWO,ROCO,Taipei Stock Exchange,Taiwan,,Taipei,110403,https://www.hhgalaxy.com,Micro Cap,TW0002949005,,BBG01BWV6KR0,BBG01BWV6KP2,BBG01BWV6KS9,False
3064.TWO,Astro Corporation,"Astro Corporation develops, produces, and operates digital games, systems, and software and hardware for gaming and lottery products in Taiwan and internationally. The company offers various self-service betting halls, monitor centers, and lottery games; casino and multi player games; cabinets; and lottery, VLT, and casino management systems. It also provides digital entertainment and casual software machine rental and point of sales customization, as well as product outsourcing services. The company is based in New Taipei City, Taiwan.",TWD,Communication Services,Media & Entertainment,Entertainment,TWO,ROCO,Taipei Stock Exchange,Taiwan,,New Taipei City,241,http://www.astrocorp.com.tw,Nano Cap,TW0003064002,,BBG000BM1462,BBG000BM13S0,BBG001S9BYH2,False
3066.TWO,"Taiwan Oasis Technology Co., Ltd.","Taiwan Oasis Technology Co., Ltd. researches, develops, and produces light emitting diode (LED) and related components worldwide. The company offers digit LED, surface mount device (SMD) LED, dot matrix, and light bar display products; chip and PLCC type SMD LED products; LED lamps; and indoor lighting products, including light tubes. It also provides commercial lighting products, including spot lights, downlights, track lights, cabinet lights, and street lights; high power LED products; printed circuit board (PCB) products; and plastic molds and injections, and PCB and LED packaging products. The company sells is product under the Oasistek brand name. Taiwan Oasis Technology Co., Ltd. was founded in 1974 and is headquartered in New Taipei City, Taiwan.",TWD,Information Technology,Technology Hardware & Equipment,"Electronic Equipment, Instruments & Components",TWO,ROCO,Taipei Stock Exchange,Taiwan,,New Taipei City,22175,http://www.oasistek.com,Micro Cap,TW0003066007,,BBG000MNV5X2,BBG000MNV5J8,BBG001SKG4V2,False
3067.TWO,PNC International Inc,PNC International Inc is a company listed on the Taipei Stock Exchange under the ticker 3067 and traded in TWD. Its country is Taiwan.,TWD,Consumer Discretionary,Consumer Durables & Apparel,Household Durables,TWO,ROCO,Taipei Stock Exchange,Taiwan,,Taipei,11070,https://www.twphonic.com,Nano Cap,TW0003067005,,BBG000MNRKJ0,BBG000MNRHP0,BBG001SKG488,False
3071.TWO,Adda Corporation,"Adda Corporation designs, manufactures, and sells electronic thermal management products primarily for the information technology industry worldwide. The company offers CPU cooler modules, blower fans, DC axial-flow/blower fans, AC axial-flow fans, and waterproof fans; thermal modules; and accessories, such as metal finger guards and plastic filters. Adda Corporation was incorporated in 1978 and is based in Pingtung, Taiwan.",TWD,Industrials,Capital Goods,Electrical Equipment,TWO,ROCO,Taipei Stock Exchange,Taiwan,,Pingtung,90049,http://www.adda.com.tw,Micro Cap,TW0003071007,,BBG000MNYD26,BBG000MNYCT9,BBG001SKG647,False
3073.TWO,"Teamphon Energy Co., Ltd.","Teamphon Energy Co., Ltd. operates as a professional consumer electronic IC application design company in Taiwan. It offers Wi-Fi cam solutions, baby monitors, and products for consumer applications, as well as supplies electronic components. The company also provides various products for game applications consisting of fit life, TV game, and gogo TV; and multimedia applications comprising car black box, mobile media player, MP3 player, TV box, PMP/learning aids, and boombox. It also markets its products in the United States, Japan, Europe, Mainland China, etc. Teamphon Energy Co., Ltd. was founded in 1991 and is based in Taipei, Taiwan.",TWD,Information Technology,Semiconductors & Semiconductor Equipment,Semiconductors & Semiconductor Equipment,TWO,ROCO,Taipei Stock Exchange,Taiwan,,Taipei,104,http://www.kb-ent.com.tw,Nano Cap,TW0003073003,,BBG000MNVGS4,BBG000MNVFM2,BBG001SKG585,False
3078.TWO,"Channel Well Technology Co.,Ltd.","Channel Well Technology Co.,Ltd. manufactures and sells power supply products worldwide. It offers PC and IPC power supply, industrial power supply, wireless charging transmitter and receiver, LED lighting driver/power, enclosed switching power, and open frame power products, as well as telecom power systems, wireless chargers/power banks, adapters, USB chargers, power cables/electronic wires, magnetic components, heat sinks, and electric vehicle chargers. The company was founded in 1993 and is headquartered in Taoyuan City, Taiwan.",TWD,Information Technology,Technology Hardware & Equipment,"Technology Hardware, Storage & Peripherals",TWO,ROCO,Taipei Stock Exchange,Taiwan,,Taoyuan City,,http://www.cwt.com.tw,Small Cap,TW0003078002,,BBG000MNY1Q6,BBG000MNY0S6,BBG001SKG5T2,False
3081.TWO,LandMark Optoelectronics Corporation,"LandMark Optoelectronics Corporation produces and supplies gallium arsenide (GaAS) and indium phosphide (InP) based epitaxial wafers for optical communication, industrial application, and special-purpose usages in Taiwan, the United States, Mainland China, and internationally. It offers InP laser diode (LD) epi wafers for use in LDs used for optics communications; photo-detector epi wafers for use in photo detectors, avalanched detectors, and laser efficiency monitoring for optics communications; and GaAs LD epi wafers for use in high-efficiency laser manufacturing, bar code scanners, GPS systems, 3D sensors, detectors for Lidar autonomous cars, aesthetic medicine machines, and information center communication equipment, as well as provides optical semi-conductors, LDs, and InAlGaP/AlGalnAs. In addition, the company provides Zn-diffusion services for photo detectors; and grating forming and regrowth services for distributed feedback, as well as selected area growth services. LandMark Optoelectronics Corporation was founded in 1997 and is headquartered in Tainan City, Taiwan.",TWD,Information Technology,Semiconductors & Semiconductor Equipment,Semiconductors & Semiconductor Equipment,TWO,ROCO,Taipei Stock Exchange,Taiwan,,Tainan City,741,http://www.lmoc.com.tw,Mid Cap,TW0003081006,,BBG006RZZ2N1,BBG000DQH9V5,BBG001SGH9Y6,False
3083.TWO,Chinese Gamer International Corporation,"Chinese Gamer International Corporation operates as an online game research and development company in Taiwan. It provides mobile and online game services. The company was founded in 1989 and is based in Taipei, Taiwan.",TWD,Communication Services,Media & Entertainment,Entertainment,TWO,ROCO,Taipei Stock Exchange,Taiwan,,Taipei,,http://www.chinesegamer.net,Micro Cap,TW0003083002,,BBG000CDD5X5,BBG000CDD5M7,BBG001SF9673,False
3085.TWO,"Newretail Co., Ltd","Newretail Co., Ltd operates as an Internet company in Taiwan. The company offers foreign trade e-commerce services; virtual hosting, and other basic services; and search engine and digital marketing services, as well as electronic information supply services to foreign trade manufacturers. It engages in the production and installation of computer web pages, web search optimization login, keyword marketing, and computer advertising design and agency services; and clothes business. The company was founded in 1983 and is headquartered in Taipei, Taiwan.",TWD,Communication Services,Media & Entertainment,Interactive Media & Services,TWO,ROCO,Taipei Stock Exchange,Taiwan,,Taipei,,http://www.newretail.com.tw,Nano Cap,TW0003085007,,BBG000HRRRX6,BBG000HRRRJ2,BBG001SHTH73,False
3086.TWO,"Wayi International Digital Entertainment Co., Ltd.","Wayi International Digital Entertainment Co., Ltd., together with its subsidiaries, designs and sells computer software and hardware. It also engages in trading activities; and provision of game software and information software programming services. The company was formerly known as Wayi International Co. Ltd. and changed its name to Wayi International Digital Entertainment Co., Ltd. in June 2000. Wayi International Digital Entertainment Co., Ltd. founded in 1993 and is headquartered in Taipei, Taiwan.",TWD,Communication Services,Media & Entertainment,Entertainment,TWO,ROCO,Taipei Stock Exchange,Taiwan,,Taipei,,http://www.wayi.net,Micro Cap,TW0003086005,,BBG000HW5WS4,BBG000HW5WC1,BBG001SHVK00,False
3088.TWO,"Axiomtek Co., Ltd.","Axiomtek Co., Ltd. designs, manufactures, and sells PC-based industrial computer products and peripherals worldwide. The company offers industrial PCs, single board computers, system on modules, fanless and rugged embedded systems, intelligent transportation systems, industrial Internet of Things gateway, industrial EtherCAT master solution, touch panel computers, medical panel computers, digital signage solutions, and network appliances products. It also provides road application platform, digital electronic signage, transportation application platform, industrial Internet of Things gateway, touch tablets, etc. The company's products are used in industrial automation, outdoor information booths, renewable energy, traffic control, shipbuilding, medical care, and other application markets. In addition, it develops software packages for AMS smart remote monitoring programs and data collection used in smart factories, smart energy, green energy, and other industries; and cloud application server and network security application platform products for future big data cloud applications. Axiomtek Co., Ltd. was founded in 1990 and is headquartered in New Taipei City, Taiwan.",TWD,Information Technology,Technology Hardware & Equipment,"Technology Hardware, Storage & Peripherals",TWO,ROCO,Taipei Stock Exchange,Taiwan,,New Taipei City,221026,http://www.axiomtek.com.tw,Small Cap,TW0003088001,,BBG000NDC760,BBG000NDC6L5,BBG001SKQXH3,False
3092.TWO,"Hotron Precision Electronic Industrial Co.,Ltd.","Hotron Precision Electronic Industrial Co.,Ltd. manufactures and supplies various wires and cables for signal transmission, telecommunication, IT, power, auto, medical appliances, and other industries in Taiwan. It offers electronic, electric, and other wires and cables. The company also provides copper rods, wires, and fine wires; tooling for metal press/plastic injection; metal pressed work products; insulation composite Mylar Al. foils; and various wire cables and PC board connectors. In addition, it offers terminals, wire assemblies, and molds; PVC plastic formulations and pellets; and plastic extrusion and injection products. Hotron Precision Electronic Industrial Co.,Ltd. was founded in 1991 and is headquartered in Taipei City, Taiwan.",TWD,Industrials,Capital Goods,Electrical Equipment,TWO,ROCO,Taipei Stock Exchange,Taiwan,,Taipei,114,http://www.hotron-ind.com,Micro Cap,,,,,,False
3093.TWO,"Taiwan Kong King Co.,Ltd","Taiwan Kong King Co.,Ltd is a company listed on the Taipei Stock Exchange under the ticker 3093. It operates in the Electronic Equipment, Instruments & Components industry within the Information Technology sector. The company is headquartered in Taoyuan City, Taiwan.",TWD,Information Technology,Technology Hardware & Equipment,"Electronic Equipment, Instruments & Components",TWO,ROCO,Taipei Stock Exchange,Taiwan,,Taoyuan City,338,https://www.tkk.com.tw,Micro Cap,TW0003093001,,BBG000NDYQJ0,BBG000NDYQ91,BBG001SKRDL1,False
3095.TWO,"Chi Cheng Enterprise Co., Ltd.","Chi Cheng Enterprise Co., Ltd. is a company listed on the Taipei Stock Exchange under the ticker 3095. It operates in the Electronic Equipment, Instruments & Components industry within the Information Technology sector. The company is headquartered in New Taipei City, Taiwan.",TWD,Information Technology,Technology Hardware & Equipment,"Electronic Equipment, Instruments & Components",TWO,ROCO,Taipei Stock Exchange,Taiwan,,New Taipei City,235,https://www.chicheng.com.tw,Nano Cap,TW0003095006,,BBG000NS1YN1,BBG000NS1XZ0,BBG001SKWW06,False
3097.TWO,Partner Tech Corp.,"Partner Tech Corp. is a company listed on the Taipei Stock Exchange under the ticker 3097. It operates in the Technology Hardware, Storage & Peripherals industry within the Information Technology sector. The company is headquartered in New Taipei City, Taiwan.",TWD,Information Technology,Technology Hardware & Equipment,"Technology Hardware, Storage & Peripherals",TWO,ROCO,Taipei Stock Exchange,Taiwan,,New Taipei City,235042,https://partnertechcorp.com,Micro Cap,TW0003097002,,BBG000NYC6R3,BBG000NYC5X8,BBG001SL0JG1,False
3105.TWO,WIN Semiconductors Corp.,"WIN Semiconductors Corp. is a company listed on the Taipei Stock Exchange under the ticker 3105. It operates in the Semiconductors & Semiconductor Equipment industry within the Information Technology sector. The company is headquartered in Taoyuan City, Taiwan.",TWD,Information Technology,Semiconductors & Semiconductor Equipment,Semiconductors & Semiconductor Equipment,TWO,ROCO,Taipei Stock Exchange,Taiwan,,Taoyuan City,33383,https://www.winfoundry.com,Mid Cap,TW0003105003,,BBG000W1CHV6,BBG000W1CHK8,BBG001T5PFP6,False
3114.TWO,"Howteh Technology Co., Ltd.","Howteh Technology Co., Ltd. provides active and passive components, and equipment in Taiwan and internationally. The company offers connector, FFC, thunderbolt cable, MEMS, coaxial cable, conversion line, USB type C, audio amplifier, and LED controller products, as well as power management, radio frequency, and touch components. It also provides printed circuit boards and optoelectronic equipment. The company was founded in 1978 and is headquartered in Taipei, Taiwan.",TWD,Industrials,Capital Goods,Trading Companies & Distributors,TWO,ROCO,Taipei Stock Exchange,Taiwan,,Taipei,,http://www.howteh.com.tw,Micro Cap,TW0003114005,,BBG000NJ33T1,BBG000NJ32X8,BBG001SKSM94,False
3115.TWO,"Trust-Search Corp.,Ltd.","Trust-Search Corp.,Ltd. is a company listed on the Taipei Stock Exchange under the ticker 3115. It operates in the Electronic Equipment, Instruments & Components industry within the Information Technology sector. The company is headquartered in Taipei, Taiwan.",TWD,Information Technology,Technology Hardware & Equipment,"Electronic Equipment, Instruments & Components",TWO,ROCO,Taipei Stock Exchange,Taiwan,,Taipei,,https://www.tscl.com.tw,Nano Cap,TW0003115002,,BBG000M0VFD2,BBG000M0VDF5,BBG001SK7923,False
3117.TWO,"Tecstar Technology Co., Ltd.","Tecstar Technology Co., Ltd. engages in the production and sale of inductors in Taiwan. It offers multilayer chip beads and inductors, including multilayer ferrite chip beads, multilayer chip inductors, and multilayer common mode filters; SMD power inductors and EMI beads, such as SMD power inductors, SMD common mode chokes, and wound chip beads and inductors; and Ni-Zn soft ferrite cores that include EMI suppression ferrite cores and SMD power inductor cores. The company was founded in 1995 and is headquartered in Taoyuan City, Taiwan.",TWD,Information Technology,Technology Hardware & Equipment,"Electronic Equipment, Instruments & Components",TWO,ROCO,Taipei Stock Exchange,Taiwan,,Taoyuan City,,http://www.tecstar.com.tw,Nano Cap,TW0003117008,,BBG003BD1DT1,BBG000KQJ8X5,BBG001SJPZC7,False
3118.TWO,Level Biotechnology Inc.,"Level Biotechnology Inc. is a company listed on the Taipei Stock Exchange under the ticker 3118. It operates in the Biotechnology industry within the Health Care sector. The company is headquartered in New Taipei City, Taiwan.",TWD,Health Care,"Pharmaceuticals, Biotechnology & Life Sciences",Biotechnology,TWO,ROCO,Taipei Stock Exchange,Taiwan,,New Taipei City,221,https://www.level.com.tw,Nano Cap,TW0003118006,,BBG000GZJLK5,BBG000GZJKN4,BBG001SHHF34,False
3122.TWO,"Megawin Technology Co., Ltd.","Megawin Technology Co., Ltd., together with its subsidiaries, designs and sells ICs primarily in Taiwan. The company offers 8051 MCU and Cortex-M0 products; and USB products, including full speed MCUs, USB keyboards/mouses/joysticks, USB bridges, and charge ICs. It also provides firmware tool kits, such as ICE, writer, and ISP programmer. The company was incorporated in 1999 and is headquartered in Jhubei City, Taiwan.",TWD,Information Technology,Semiconductors & Semiconductor Equipment,Semiconductors & Semiconductor Equipment,TWO,ROCO,Taipei Stock Exchange,Taiwan,,Jhubei City,30288,http://www.megawin.com.tw,Nano Cap,TW0003122008,,BBG000FCLZ41,BBG000FCLXP3,BBG001T2J8P6,False
3128.TWO,"Hi Sharp Intelligence Technology Co.,Ltd.","Hi Sharp Intelligence Technology Co.,Ltd. is a company listed on the Taipei Stock Exchange under the ticker 3128. It operates in the Communications Equipment industry within the Information Technology sector. The company is headquartered in Taoyuan City, Taiwan.",TWD,Information Technology,Technology Hardware & Equipment,Communications Equipment,TWO,ROCO,Taipei Stock Exchange,Taiwan,,Taoyuan City,33452,https://www.hisharp.com,Nano Cap,TW0003128005,,BBG000PTNVR5,BBG000PTNVH6,BBG001SLSDR2,False
3131.TWO,Grand Process Technology Corporation,"Grand Process Technology Corporation is a company listed on the Taipei Stock Exchange under the ticker 3131. It operates in the Semiconductors & Semiconductor Equipment industry within the Information Technology sector. The company is headquartered in Hsinchu City, Taiwan.",TWD,Information Technology,Semiconductors & Semiconductor Equipment,Semiconductors & Semiconductor Equipment,TWO,ROCO,Taipei Stock Exchange,Taiwan,,Hsinchu City,300104,https://www.gptc.com.tw,Mid Cap,TW0003131009,,BBG000C02T81,BBG000C02S65,BBG001STKPS5,False
3141.TWO,"Ultra Chip, Inc.","UltraChip Inc. operates as a fabless IC company in the mobile multimedia IC industry. It researches and develops, manufactures, and sells LCD display driver ICs. The company offers professional display products for consumers, automotive, and industrial sectors. It also provides bistable display products comprising pure driver and Tcon, segment type driver, and single chip products; and motor products, such as BLDC control, motor driver, and high and low side driver ICs. The company offers its products for factory automation control, medical equipment, automotive devices, mobile devices, etc. It operates in Taiwan, China, the United States, Japan, and internationally. UltraChip Inc. was founded in 1999 and is headquartered in Taipei, Taiwan.",TWD,Information Technology,Semiconductors & Semiconductor Equipment,Semiconductors & Semiconductor Equipment,TWO,ROCO,Taipei Stock Exchange,Taiwan,,Taipei,11492,http://www.ultrachip.com,Micro Cap,TW0003141008,,BBG000D5DY31,BBG000D5CWH1,BBG001SG3506,False
3144.TWO,ThinFlex Corporation,"ThinFlex Corporation manufactures and sells flexible copper clad laminates (FCCL) and related materials in Asia, Europe, and the Americas. The company offers thin, high heat resistant, high transmittance/transparency, and asymmetric FCCL; black/white/phosphate free coverlays; composite coverlays; high-shield nano materials; composite stiffener films; RCC materials; and polyimide related laminates. It serves IC packaging industry. The company was founded in 2000 and is headquartered in Kaohsiung, Taiwan. ThinFlex Corporation is a subsidiary of Arisawa Mfg. Co., Ltd.",TWD,Information Technology,Technology Hardware & Equipment,"Electronic Equipment, Instruments & Components",TWO,ROCO,Taipei Stock Exchange,Taiwan,,Kaohsiung,,http://www.thinflex.com.tw,Micro Cap,,,,,,False
3147.TWO,"Jetwell Computer Co., Ltd.","Jetwell Computer Co., Ltd. provides IT infrastructure and integration services in Taiwan. The company offers computer system products, including servers, workstations, notebooks, pads, and printer systems; and storage and big data integration services, as well as designs, builds, integrates, and sells thin client systems. It also provides network products, such as firewall and intrusion detection systems, building green IDC, switch hubs, routers, network interface cards, and wireless network products, as well as international system management and planning and digital surveillance systems. In addition, the company offers security software, file and database audit software, anti-virus, anti-hacker, SPAM, VM ware, and back-up software; building private cloud; and BYOD solutions, as well as integrates and sells encrypting file system and file management software. Further, it provides various professional services comprising maintenance contract, on-site maintenance, IT consultation, project management, and cloud rental and security services. Jetwell Computer Co., Ltd. was founded in 1991 and is headquartered in Kaohsiung, Taiwan.",TWD,Information Technology,Software & Services,IT Services,TWO,ROCO,Taipei Stock Exchange,Taiwan,,Kaohsiung,81368,http://www.jetwell.com.tw,Small Cap,TW0003147005,,BBG00592HF57,BBG000HWN460,BBG001SHVQP0,False
3150.TWO,Syncomm Technology Corp.,"Syncomm Technology Corp. operates as a fabless semiconductor company worldwide. It offers portable products, wireless SOC integrating audio and data processors, and wireless digital modules for use in smart TVs, computers, and mobile devices, as well as PC peripheral, console gaming, portable accessory, and home audio applications. The company was founded in 1998 and is based in Hsinchu, Taiwan.",TWD,Information Technology,Semiconductors & Semiconductor Equipment,Semiconductors & Semiconductor Equipment,TWO,ROCO,Taipei Stock Exchange,Taiwan,,Hsinchu,30070,http://www.syncomm.com.tw,Nano Cap,,,,,,False
3152.TWO,Advanced Ceramic X Corporation,"Advanced Ceramic X Corporation designs, manufactures, and sells RF front-end devices and modules for wireless communication applications in Taiwan, China, the United States, Hong Kong, and internationally. It offers antenna switch modules; antennas; low pass, high pass, and band pass filters, as well as filter arrays; diplexers, triplexers, and saw-triplexers; baluns and baluns filters; couplers and couplers filters; power dividers; high frequency inductors; Bluetooth modules; and RF chip ceramic devices. The company was founded in 1998 and is headquartered in Hsinchu County, Taiwan.",TWD,Information Technology,Technology Hardware & Equipment,Communications Equipment,TWO,ROCO,Taipei Stock Exchange,Taiwan,,Hsinchu City,30352,http://www.acxc.com.tw,Micro Cap,TW0003152005,,BBG000DY3QS9,BBG000DY3Q81,BBG001SGLSD2,False
3158.TWO,"SysJust Co., Ltd.","SysJust Co., Ltd. operates as a financial technology company in Taiwan. It offers various platforms, including XQ Global Winner, XS strategy radar, and XQ mobile platform; WQ new VIP viewing room; MoneyDJ; Lok Fu Finance channel for data analysis and reading on smart phones, tablets, and computers; and database. The company was founded in 1999 and is headquartered in New Taipei City, Taiwan.",TWD,Financials,Diversified Financials,Capital Markets,TWO,ROCO,Taipei Stock Exchange,Taiwan,,New Taipei City,23141,http://www.sysjust.com.tw,Micro Cap,TW0003158002,,BBG00K98DC52,BBG002NKV8R4,BBG002NKV8S3,False
3162.TWO,United Alloy-Tech Company,"United Alloy-Tech Company is a company listed on the Taipei Stock Exchange under the ticker 3162. It operates in the Machinery industry within the Industrials sector. The company is headquartered in Taipei City, Taiwan.",TWD,Industrials,Capital Goods,Machinery,TWO,ROCO,Taipei Stock Exchange,Taiwan,,Taipei City,32746,https://www.al-alloy.com.tw,Small Cap,TW0003162004,,BBG000K0DHY7,BBG000K0DH31,BBG001SJF115,False
3163.TWO,Browave Corporation,"Browave Corporation operates as an original equipment manufacturing/original design manufacturing development, production, and sales company in the optical fiber communication industry in Taiwan and internationally. Its products include compact coarse wavelength division multiplexers and demultiplexers; splitter modules; add/drop filters; amplifier components consisting of isolators and gain flattening filters; fused biconic taper WBC/WDM coupler and planar lightwave circuit splitters; fan-out cabling systems, adapters, and patchcords/pigtails; MPO/MTP cables; and fiber arrays, collimators, and pigtails. The company also provides optical devices and optical module products, such as isolators, couplers, DWDM, IPD, EDFA, ROSA, BOSA, etc. Its products are used in long haul communications network, metropolitan area network, central office fiber-to-the-home, and cloud data center applications. In addition, the company provides contract manufacturing services. Browave Corporation was founded in 1998 and is headquartered in Hsinchu City, Taiwan.",TWD,Industrials,Capital Goods,Electrical Equipment,TWO,ROCO,Taipei Stock Exchange,Taiwan,,Hsinchu City,30075,http://www.browave.com,Small Cap,TW0003163002,,BBG002775LS0,BBG001BW4312,BBG001TVD1B8,False
3169.TWO,ASIX Electronics Corporation,"ASIX Electronics Corporation, an IC Design company, supplies fabless semiconductors with focus on networking, communication, and connectivity applications. The company provides industrial, SuperSpeed USB, and Non-PCI/SPI embedded Ethernet ICs, as well as interface ICs; and RS-232/RS-485 UART transceivers and USB KVM Switch/Wi-Fi/Ethernet SoCs. It offers its products for smart factory, industrial automation, industrial IoT, smart home and office, PC and peripheral, interface connectivity, and USB KVM switch applications. ASIX Electronics Corporation was founded in 1995 and is headquartered in Hsinchu City, Taiwan.",TWD,Information Technology,Semiconductors & Semiconductor Equipment,Semiconductors & Semiconductor Equipment,TWO,ROCO,Taipei Stock Exchange,Taiwan,,Hsinchu City,30078,http://www.asix.com.tw,Micro Cap,TW0003169009,,BBG000P6FRW7,BBG000P6FR75,BBG001SL53N3,False
3171.TWO,"Yem Chio Distribution Co., Ltd.","Yem Chio Distribution Co., Ltd. is a company listed on the Taipei Stock Exchange under the ticker 3171 and traded in TWD. Its country is Taiwan.",TWD,Materials,Materials,Containers & Packaging,TWO,ROCO,Taipei Stock Exchange,Taiwan,,Taipei,11469,https://www.ycdist.com,Micro Cap,TW0003171005,,BBG000KWM323,BBG000KWM2H9,BBG001SJRRY9,False
3176.TWO,Medigen Biotechnology Corp.,"Medigen Biotechnology Corp. focuses on the development of therapies for liver diseases and cancers in Taiwan. It offers cell therapies, such as MAGICELL-NK, which are natural killer cells; and MAGICELL-GDT, which are T cells. The company develops PI-88 (MUPAFOSTAT), which has completed Phase II clinical trial for use as an adjuvant therapy for HCC after curative surgery; and Phase III trial for the adjuvant treatment of patients with hepatitis virus related hepatocellular carcinoma after surgical resection. It also provides OBP-301 that is in a Phase I clinical trials for the treatment of esophageal cancer, and Phase II clinical trials for the treatment of esophageal and gastric cancer. In addition, the company develops human native mAbs for therapeutic applications related to infectious diseases; and molecular diagnostics, vaccine, and generic drugs. Medigen Biotechnology Corp. was founded in 1999 and is headquartered in Taipei, Taiwan.",TWD,Health Care,"Pharmaceuticals, Biotechnology & Life Sciences",Biotechnology,TWO,ROCO,Taipei Stock Exchange,Taiwan,,Taipei,11503,http://www.medigen.com.tw,Micro Cap,TW0003176004,,BBG000GJPF90,BBG000GJNBS0,BBG001SH8BG9,False
3178.TWO,"Gongin Precision Ind. Co., Ltd","Gongin Precision Ind. Co., Ltd designs, manufactures, and sells IC assembly molds and tools in Taiwan. It offers auto mold chase, and MGP and conventional molds; and wafer fabrication equipment components, such as standard and critical/clean room module components, subsystem assembly and test components, and supply chain and system level assembly and testing components. The company also provides display equipment components, including electros, reactors, ground shields, frames, floating masks, chambers, nozzles, TCP/COF, and test fixtures. In addition, it offers landing gear actuators; engine components comprising combustion and transition liners, compressor vanes and retainer rings, hula seals, and other engine hot section sheet metal parts; motion control components, such as servo valve body/housing, servo valve components, relief valve-hydraulics, and actuators; and machined components for the aerospace industry. Further, the company provides micro turbine and combustion generator components, and micro turbine engines; and servo valves for industrial machinery, vehicles, and aviation applications. Gongin Precision Ind. Co., Ltd was founded in 1978 and is based in Kaohsiung, Taiwan.",TWD,Industrials,Capital Goods,Building Products,TWO,ROCO,Taipei Stock Exchange,Taiwan,,Kaohsiung,81453,http://www.gongin.com.tw,Micro Cap,TW0003178000,,BBG000PT35M9,BBG000PT3567,BBG001SLRPB3,False
3184.TWO,MicroBase Technology Corp.,"MicroBase Technology Corp. provides drug delivery systems to patients and healthcare professionals. It specializes in Laser LIGA, a non-silicon-based micromachining technology that is used in the manufacture and development of miniaturized devices and micron-scale parts. The company provides vibrating mesh nebulizers under the Pocket Air name for the home care and hospital sectors; and micro-infusion skin care products under the PharMatrix name. MicroBase Technology Corp. was founded in 1997 and is based in Taoyuan City, Taiwan.",TWD,Information Technology,Technology Hardware & Equipment,"Electronic Equipment, Instruments & Components",TWO,ROCO,Taipei Stock Exchange,Taiwan,,Taoyuan City,33464,http://www.microbase.com.tw,Nano Cap,TW0003184008,,BBG004F5CRY3,BBG000PXTFV0,BBG001SLX9Q6,False
3188.TWO,"Golden Long Teng Development Co., Ltd.","Golden Long Teng Development Co., Ltd. is a company listed on the Taipei Stock Exchange under the ticker 3188. It operates in the Real Estate Management & Development industry within the Real Estate sector. The company is headquartered in Kaohsiung, Taiwan.",TWD,Real Estate,Real Estate,Real Estate Management & Development,TWO,ROCO,Taipei Stock Exchange,Taiwan,,Kaohsiung,80457,https://www.gltd.com.tw,Micro Cap,TW0003188009,,BBG000PMX8K7,BBG000PMX8F3,BBG001SLHSH2,False
3191.TWO,"Yjn Co.,Ltd.","Hold Jinn Electronics Co.,Ltd. manufactures and sells electronic parts and materials. It offers SMD transformer wire racks, bakelite transformer wire racks, plastic transformer wire racks, plastic bakelite engineering products, intelligent parking equipment, artificial intelligence algorithms, and smart parking equipment, as well as integrated chip design services. The company also engages in the tourism business. Hold Jinn Electronics Co.,Ltd. was founded in 1980 and is based in Taipei City, Taiwan.",TWD,Information Technology,Technology Hardware & Equipment,"Electronic Equipment, Instruments & Components",TWO,ROCO,Taipei Stock Exchange,Taiwan,,Taipei,10043,http://www.holdjinn.com,Nano Cap,TW0003191003,,BBG000BSFWF2,BBG000BSFVK8,BBG001SBW6L0,False
3202.TWO,"High-Tek Harness Enterprise Co., Ltd.","High-Tek Harness Enterprise Co., Ltd. produces and sells various computer parts and communication equipment. The company offers electronic wires, coaxial cables, and wires. It also engages in the steel structure and engineering projects, and paper businesses. The company was founded in 1984 and is based in Taipei, Taiwan.",TWD,Information Technology,Technology Hardware & Equipment,"Electronic Equipment, Instruments & Components",TWO,ROCO,Taipei Stock Exchange,Taiwan,,Taipei,11510,http://www.high-tek.com.tw,Nano Cap,,,,,,False
3205.TWO,Sagittarius Life Science Corp,"Sagittarius Life Science Corporation operates as a biotechnology research company. It engages in the development of Chinese herbal medicine technology platform for the treatment of various diseases. The company was founded in 1987 and is based in Taipei, Taiwan.",TWD,Health Care,"Pharmaceuticals, Biotechnology & Life Sciences",Biotechnology,TWO,ROCO,Taipei Stock Exchange,Taiwan,,Taipei,115,http://www.naturalbiokey.com,Micro Cap,TW0003205001,,BBG000PYMJ65,BBG000PYMJ29,BBG001SLY9Q5,False
3206.TWO,Kingstate Electronics Corp.,"Kingstate Electronics Corp. manufactures and sells acoustic products in Taiwan and internationally. It offers various products, including piezo buzzers, magnetic buzzers, micro speakers, dynamic receivers, Bluetooth speakers, and electret condenser microphones; and audio products, such as earphones, wired and wireless headphones, Bluetooth headphones, sports headphones, gaming headphones, TWS products, wireless speakers, and PSAP products; speaker module/mic module products; and personal sound amplifiers, etc. The company also provides OEM/ODM smart devices, including personal safety and wireless alarms, VoIP systems, anti-lost devices, smart doorbells, and IP speakers. The company offers its products for use in telecommunications, consumer electronics, information technology, home appliances, automotive, security, medical, and industrial equipment related industries. Kingstate Electronics Corp. was founded in 1977 and is headquartered in New Taipei City, Taiwan.",TWD,Information Technology,Technology Hardware & Equipment,"Electronic Equipment, Instruments & Components",TWO,ROCO,Taipei Stock Exchange,Taiwan,,New Taipei City,25170,http://www.kingstate.com.tw,Micro Cap,TW0003206009,,BBG000MMCSS1,BBG000MMCRX7,BBG001SKFN05,False
3207.TWO,"Yao Sheng Electronic Co., Ltd.","Yao Sheng Electronic Co., Ltd. designs, produces, and sells transformers and inductors in Taiwan and internationally. It offers low frequency, LLC, flyback, LED, and flat wire transformers; and standard reactors. The company also provides FT, T, UU, and ET series common mode chokes; iron, DR, and R core chokes, as well as PFC and high current chokes. Its products are used in LCD monitors and TVs, cell phones, personal computers, TVs, and information appliances. Yao Sheng Electronic Co., Ltd. was founded in 1992 and is based in New Taipei City, Taiwan.",TWD,Information Technology,Technology Hardware & Equipment,"Electronic Equipment, Instruments & Components",TWO,ROCO,Taipei Stock Exchange,Taiwan,,New Taipei City,236,http://www.top-nation.com,Micro Cap,TW0003207007,,BBG000D5CTV2,BBG000D5CT88,BBG001SG34W4,False
3211.TWO,Dynapack International Technology Corporation,"Dynapack International Technology Corporation designs, manufactures, and supplies portable battery packs in Taiwan. The company offers its products for various applications, including notebook/ultrabook PCs, tablet PCs/e-books, smartphones, handy scanners, 2-way radios, power banks, cable modems, server UPSs, and e-bike batteries. The company was founded in 1998 and is based in Taoyuan, Taiwan.",TWD,Industrials,Capital Goods,Electrical Equipment,TWO,ROCO,Taipei Stock Exchange,Taiwan,,Taoyuan City,333,http://www.dynapack.com.tw,Small Cap,TW0003211009,,BBG000CWVD39,BBG000CWVCM0,BBG001SFV1K4,False
3213.TWO,Mildef Crete Inc.,"Mildef Crete Inc. develops, manufactures, and sells computer systems worldwide. It provides notebook, tablet, and handheld PCs. The company was founded in 1990 and is based in New Taipei City, Taiwan.",TWD,Information Technology,Technology Hardware & Equipment,"Technology Hardware, Storage & Peripherals",TWO,ROCO,Taipei Stock Exchange,Taiwan,,New Taipei City,,http://www.mildef.com.tw,Micro Cap,TW0003213005,,BBG000PV81T1,BBG000PV81F6,BBG001SK3RZ1,False
3217.TWO,Argosy Research Inc.,"Argosy Research Inc. produces and sells electronic connectors and system products. The company's products include electronic connectors, such as USB3.1 type-C, DDR3/4/5, M.2(NGFF), mini PCIe, LVDS, RF coaxial, battery, FAKRA, etc.; antenna and nut metal stamping parts; and injection/molding parts. Argosy Research Inc. was founded in 1987 and is headquartered in Hsinchu City, Taiwan.",TWD,Information Technology,Technology Hardware & Equipment,"Technology Hardware, Storage & Peripherals",TWO,ROCO,Taipei Stock Exchange,Taiwan,,Hsinchu City,300,http://www.argosy.com.tw,Small Cap,TW0003217006,,BBG000PLG999,BBG000PLG953,BBG001SLFH15,False
3218.TWO,"Universal Vision Biotechnology Co., Ltd.","Universal Vision Biotechnology Co., Ltd. is a company listed on the Taipei Stock Exchange under the ticker 3218. It operates in the Health Care Providers & Services industry within the Health Care sector. The company is headquartered in Taipei, Taiwan.",TWD,Health Care,Health Care Equipment & Services,Health Care Providers & Services,TWO,ROCO,Taipei Stock Exchange,Taiwan,,Taipei,115,https://www.uvb.com.tw,Small Cap,TW0003218004,,BBG000HZ0592,BBG000HZ04Q6,BBG001SHWT37,False
3219.TWO,"Aethertek technology co., Ltd","Aethertek technology co. Ltd designs, manufactures, and sells automation machinery related equipment in Taiwan. The company was formerly known as Service & Quality Group Co., Ltd. Aethertek technology co. Ltd was founded in 1992 and is based in Taipei City, Taiwan.",TWD,Industrials,Capital Goods,Machinery,TWO,ROCO,Taipei Stock Exchange,Taiwan,,Taipei,105,http://www.aether-tek.com,Small Cap,TW0003219002,,BBG000CL9DV7,BBG000CL8CC1,BBG001SFJNR3,False
3221.TWO,"Tai-Saw Technology Co.,Ltd.","Tai-Saw Technology Co.,Ltd. is a company listed on the Taipei Stock Exchange under the ticker 3221. It operates in the Electronic Equipment, Instruments & Components industry within the Information Technology sector. The company is headquartered in Taoyuan City, Taiwan.",TWD,Information Technology,Technology Hardware & Equipment,"Electronic Equipment, Instruments & Components",TWO,ROCO,Taipei Stock Exchange,Taiwan,,Taoyuan City,324403,https://www.taisaw.com,Micro Cap,TW0003221008,,BBG000Q58Q12,BBG000Q58PM1,BBG001SM7CC1,False
3224.TWO,MetaTech (AP) Inc.,"MetaTech (AP) Inc. engages in the wholesale and retail of electronic products and equipment in Taiwan, Hong Kong, China, and Southeast Asia. The company offers semiconductor components and consumer products, communication products, and connectors. It also provides genetic testing products for the non-invasive tumors, lung cancer, and familial and colorectal cancer; and regenerative medicines. In addition, the company offers travel and reinvestment services. The company was founded in 1998 and is headquartered in New Taipei City, Taiwan.",TWD,Information Technology,Semiconductors & Semiconductor Equipment,Semiconductors & Semiconductor Equipment,TWO,ROCO,Taipei Stock Exchange,Taiwan,,New Taipei City,221,http://www.metatech.com.tw,Micro Cap,TW0003224002,,BBG000PLGJM2,BBG000PLGJC3,BBG001SLFHL3,False
3226.TWO,"LFA Co., Ltd.","LFA Co., Ltd. is a company listed on the Taipei Stock Exchange under the ticker 3226 and traded in TWD. Its country is Taiwan.",TWD,Consumer Discretionary,Automobiles & Components,Auto Components,TWO,ROCO,Taipei Stock Exchange,Taiwan,,Tainan City,71041,https://www.lfa.com.tw,Micro Cap,TW0003226007,,BBG000PWP6L7,BBG000PWP5P5,BBG001SLVP82,False
3227.TWO,PixArt Imaging Inc.,"PixArt Imaging Inc. researches, designs, produces, and sells CMOS image sensors and related ICs in Taiwan, Hong Kong, China, Japan, and internationally. The company offers optical mouse sensor, optical track sensor, and finger navigation products; and multiple object tracking, optical motion tracking, gesture recognition, and ambient light and proximity sensing products, as well as CMOS camera SOC products. It also provides photoplethysmography sensors, computer vision, capacitive touch products, and customized ASIC sensors; wireless audio SOC/true wireless stereo IC products; Bluetooth low energy products; and RF chips. The company's products are used in computers and peripherals, smart homes, offices and classrooms, wearables and hearables, gaming controllers, automotive, surveillance and cameras, commercial and others, automation navigation, and health management. It is also involved in the investment and technical support activities. PixArt Imaging Inc. was founded in 1998 and is headquartered in Hsinchu, Taiwan.",TWD,Information Technology,Semiconductors & Semiconductor Equipment,Semiconductors & Semiconductor Equipment,TWO,ROCO,Taipei Stock Exchange,Taiwan,,Hsinchu City,300,http://www.pixart.com.tw,Small Cap,TW0003227005,,BBG000PDW7R3,BBG000PDW7M8,BBG001SL9P41,False
3228.TWO,"RDC Semiconductor Co., Ltd.","RDC Semiconductor Co., Ltd. designs and develops IC for high-end and low power bit microprocessors in Taiwan and internationally. The company offers Emkore DE and Emkore DS processor platforms for embedded commercial applications, such as digital electronic signage, automatic teller machines, smart vending machines, human-machine interfaces, thin computers, and terminal sales systems; and RDC IAD processor platform for mobile networking applications in consumer electronics, and embedded markets. It also provides RDC 32-bit microcontrollers for various applications, including industrial control, automation, NAT routers, home gateway and access points, industrial PCs, thin client applications, and others; RDC16-bit microcontrollers for general embedded market applications, such as industrial controls, control automation, terminals, signal generators, and projectors; and RDC NPU to equipment manufacturers. In addition, the company offers RDC ASIC that provides clients with comprehensive services and industrial application solutions; low power system-on-chip for programmable automation controller, embedded board solutions, data concentrator, and industrial automation control system applications; and multi-function I/O peripheral controllers and PCI express/PCI interfaces expansions. Further, it provides 8-bit MCU IP that is used for DSC, CF card, pattern recognition, LCD monitor controller, USB device controller, scanner controller, MP3 controller, modem controller, and voice recognition applications. The company was founded in 1997 and is headquartered in Hsinchu City, Taiwan.",TWD,Information Technology,Semiconductors & Semiconductor Equipment,Semiconductors & Semiconductor Equipment,TWO,ROCO,Taipei Stock Exchange,Taiwan,,Hsinchu City,30078,http://www.rdc.com.tw,Small Cap,TW0003228003,,BBG000JBTWL9,BBG000JBTVX8,BBG001SJ2T63,False
3230.TWO,"Jiin Ming Industry Co., Ltd.","Jiin Ming Industry Co., Ltd. develops, manufactures, and sells products related to metal/plastic body parts and components. The company primarily offers parts and components of notebook computers, LCD monitors, LCD TVs, and other 3C products. Its products comprise LCD display components, including bezels, back covers, support brackets, and reflectors; notebook components, such as frames, bottoms, and shieldings; flat panel display components comprising bezels, middle frames, panel brackets, and covers; and 3C product components, including MP3 covers/components, heat spreaders, and multimedia products. The company was founded in 1987 and is based in Taoyuan, Taiwan.",TWD,Information Technology,Technology Hardware & Equipment,"Electronic Equipment, Instruments & Components",TWO,ROCO,Taipei Stock Exchange,Taiwan,,Taoyuan,338,http://www.jmg.com.tw,Micro Cap,TW0003230009,,BBG000BWG428,BBG000BWG3Q4,BBG001SCNP54,False
3232.TWO,Sentronic International Corp.,"Sentronic International Corp. provides semiconductor components, liquid crystal displays, optical pickups, light-emitting diodes, micro motors, decentralized components, etc. The company was founded in 1987 and is based in New Taipei City, Taiwan.",TWD,Information Technology,Technology Hardware & Equipment,"Electronic Equipment, Instruments & Components",TWO,ROCO,Taipei Stock Exchange,Taiwan,,New Taipei City,221,http://www.sentronic.com.tw,Nano Cap,TW0003232005,,BBG000GRB492,BBG000GRB3P6,BBG001SHD7G2,False
3234.TWO,TrueLight Corporation,"TrueLight Corporation designs, develops, and supplies optical components in Asia. The company offers high-bandwidth semiconductor lasers, photodiode components and submodules, optical engines and cables, vertical cavity surface emitting lasers light source for cloud\data center, 5G mobile internet base station interconnections, and proximity/flood illumination/3D sensing applications in smartphones. It serves optical fiber transceiver, internet equipment, and smartphone module manufacturers. The company was founded in 1997 and is based in Hsinchu City, Taiwan.",TWD,Information Technology,Semiconductors & Semiconductor Equipment,Semiconductors & Semiconductor Equipment,TWO,ROCO,Taipei Stock Exchange,Taiwan,,Hsinchu City,30078,http://www.truelight.com.tw,Small Cap,TW0003234001,,BBG000BR7DD7,BBG000BR7D29,BBG001SBLBT3,False
3236.TWO,ABC Taiwan Electronics Corp.,"ABC Taiwan Electronics Corp. is a company listed on the Taipei Stock Exchange under the ticker 3236. It operates in the Electronic Equipment, Instruments & Components industry within the Information Technology sector. The company is headquartered in Taoyuan City, Taiwan.",TWD,Information Technology,Technology Hardware & Equipment,"Electronic Equipment, Instruments & Components",TWO,ROCO,Taipei Stock Exchange,Taiwan,,Taoyuan City,32665,https://www.atec-group.com,Micro Cap,TW0003236006,,BBG000GR11J8,BBG000GR10H2,BBG001SHD5P6,False
3252.TWO,"Haiwan International Development Co., Ltd","Haiwan International Development Co., Ltd engages in the development and leasing of residential buildings. It is also involved in the hotel business; and real estate trading activities. The company was formerly known as Haewan International Development Co., Ltd and changed its name to Haiwan International Development Co., Ltd. in 2014. Haiwan International Development Co., Ltd was founded in 1994 and is based in Taichung, Taiwan.",TWD,Consumer Discretionary,Consumer Services,"Hotels, Restaurants & Leisure",TWO,ROCO,Taipei Stock Exchange,Taiwan,,Taichung,,http://www.haiwan.tw,Nano Cap,TW0003252003,,BBG000DNV7T3,BBG000DNV6Y9,BBG001SGFV33,False
3259.TWO,"Solid State System Co., Ltd.","Solid State System Co., Ltd. is a company listed on the Taipei Stock Exchange under the ticker 3259. It operates in the Semiconductors & Semiconductor Equipment industry within the Information Technology sector. The company is headquartered in Zhubei, Taiwan.",TWD,Information Technology,Semiconductors & Semiconductor Equipment,Semiconductors & Semiconductor Equipment,TWO,ROCO,Taipei Stock Exchange,Taiwan,,Zhubei,30288,https://www.3system.com.tw,Nano Cap,TW0003259008,,BBG000GRY1P5,BBG000GRY0S4,BBG001SHDHQ9,False
3260.TWO,"ADATA Technology Co., Ltd.","ADATA Technology Co., Ltd. designs, manufactures, and sells memory and storage solutions. It offers DRAM modules, solid state drives, USB flash drives, memory cards and readers, power banks, and cables and accessories; external storage products; and wireless, car, and wall chargers, as well as PC system and components, keyboard and mouse, audio products, and accessories. The company also provides industrial SSD cards, and disk on module/USB/embedded products for use in automation, point of sale, digital signage, network video recorder, kiosk, data centers, in-car systems, multifunction printers, casino gaming machines, and aerospace applications. In addition, it offers commercial and industrial lighting products; and powertrain products, such as axial flux motors, air-cooled motors, liquid-cooled motors, and motor controllers. ADATA Technology Co., Ltd. was founded in 2001 and is headquartered in New Taipei City, Taiwan.",TWD,Information Technology,Semiconductors & Semiconductor Equipment,Semiconductors & Semiconductor Equipment,TWO,ROCO,Taipei Stock Exchange,Taiwan,,New Taipei City,235,http://www.adata.com,Mid Cap,TW0003260006,,BBG000CQN4Y7,BBG000CQN4S4,BBG001SFP8Q0,False
3264.TWO,Ardentec Corporation,"Ardentec Corporation provides semiconductor testing solutions in memory, logic, and mixed-signal ICs (integrated circuits) to integrated device manufacturers, pure play wafer foundry companies, and fabless design companies. The company offers testing services comprising engineering services before mass production, such as test engineering consultations and recommendations for design, test plan and test program development, test program cross-platform conversion, complete product characterization, and laser program development and analysis; and mass production engineering services consisting of suggestions and services of test time reduction, yield analysis and enhancement, laser repair yield analysis and improvement, timely retrieval of test data on secured Internet, test program management system, test data analysis and periodical report provision, and outlier management services, as well as stable testing services. It also provides probe card design and consultant, outsourced manufacturing, and maintenance and system management for repair record and tracking services; wafer level chip scale packaging backend process services; and wafer probing platforms. In addition, the company offers certification, and quality system and assurance structure services, as well as quality, information security, and hazardous substance free policy services; and IT policy, IT service architecture, and testing information services. Further, it provides testing and assembly services; electronic ICs, diodes, transistors, and semiconductor devices; IC devices testing and trimming services; ICs, module, and component testing services; and manufactures electronic components. Additionally, the company offers burn in testing of wafer types; wafer testing for LCD driver ICs and analog ICs; and wafer and final testing of radio frequency ICs. It operates in the United States, Taiwan, Singapore, Korea, China, and internationally. The company was founded in 1999 and is headquartered in Hsinchu, Taiwan.",TWD,Information Technology,Semiconductors & Semiconductor Equipment,Semiconductors & Semiconductor Equipment,TWO,ROCO,Taipei Stock Exchange,Taiwan,,Hsinchu City,30351,http://web.ardentec.com/,Mid Cap,TW0003264008,,BBG000CC0YF8,BBG000CC0X97,BBG001SF7V98,False
3265.TWO,"Winstek Semiconductor Co., Ltd.","Winstek Semiconductor Co., Ltd. engages in the research, development, and testing of integrated circuits in Taiwan. The company operates through two divisions, Testing and Packaging. It offers wafer sort, final and post test, engineering support, and test platforms services; copper pillar bump, wafer level chip scale package, lead free bump, plating bump / ball drop, and backside metallization services; die processing services, wafer thinning, singulation, and flip chip packaging services; and failure analysis and reliability test services. The company was formerly known as Stats ChipPac Taiwan Semiconductor Corp. and changed its name to Winstek Semiconductor Co., Ltd. in June 2015. Winstek Semiconductor Co., Ltd. was founded in 2000 and is headquartered in Hsinchu, Taiwan. Winstek Semiconductor Co., Ltd. is a subsidiary of Singapore Merchants Bloomeria Limited.",TWD,Information Technology,Semiconductors & Semiconductor Equipment,Semiconductors & Semiconductor Equipment,TWO,ROCO,Taipei Stock Exchange,Taiwan,,Hsinchu City,307,http://www.winstek.com.tw,Small Cap,TW0003265005,,BBG000K0VWG4,BBG000K0VVJ3,BBG001S58GP4,False
3268.TWO,"Higher Way Electronic Co., Ltd.","Higher Way Electronic Co., Ltd. is a company listed on the Taipei Stock Exchange under the ticker 3268. It operates in the Semiconductors & Semiconductor Equipment industry within the Information Technology sector. The company is headquartered in Taichung, Taiwan.",TWD,Information Technology,Semiconductors & Semiconductor Equipment,Semiconductors & Semiconductor Equipment,TWO,ROCO,Taipei Stock Exchange,Taiwan,,Taichung,407,https://www.higherway.com.tw,Nano Cap,TW0003268009,,BBG000L86TC5,BBG000L86SR1,BBG001SJXQ65,False
3272.TWO,"Good Way Technology Co., Ltd.","Good Way Technology Co., Ltd. is a company listed on the Taipei Stock Exchange under the ticker 3272. It operates in the Technology Hardware, Storage & Peripherals industry within the Information Technology sector. The company is headquartered in New Taipei City, Taiwan.",TWD,Information Technology,Technology Hardware & Equipment,"Technology Hardware, Storage & Peripherals",TWO,ROCO,Taipei Stock Exchange,Taiwan,,New Taipei City,231,https://www.goodway.com.tw,Nano Cap,TW0003272001,,BBG000Q51Y49,BBG000Q51XP8,BBG001SM7377,False
3276.TWO,"T-Flex Techvest PCB Co., Ltd.","T-Flex Techvest PCB Co., Ltd. engages in the manufacture and sale of FPC and PCB products in worldwide. The company provides original equipment manufacturing services for inner and outer layer printed circuit board lamination; and PCB inner layer optical inspection. Its products are used in portable device, camera module, auto CCD, key pad, cell phone, and LCM module applications, as well as applied in mobile phone, communication, mother, TFT-LCD, high density interconnection boards; and computer peripheral and consumer products, which include note book. The company was founded in 1999 and is based in Taoyuan, Taiwan.",TWD,Information Technology,Technology Hardware & Equipment,"Electronic Equipment, Instruments & Components",TWO,ROCO,Taipei Stock Exchange,Taiwan,,Taoyuan City,,http://www.tht-pcb.com.tw,Nano Cap,TW0003276002,,BBG000FB31G5,BBG000FB30P7,BBG001SGRXS9,False
3284.TWO,Top High Image Corp.,"Top High Image Corp. is a company listed on the Taipei Stock Exchange under the ticker 3284. It operates in the Machinery industry within the Industrials sector. The company is headquartered in Kaohsiung, Taiwan.",TWD,Industrials,Capital Goods,Machinery,TWO,ROCO,Taipei Stock Exchange,Taiwan,,Kaohsiung,83100,https://www.ctptop.com.tw,Micro Cap,TW0003284006,,BBG000MF15Y1,BBG000MF15P1,BBG001SKCLP5,False
3285.TWO,Microtips Technology Inc.,"Microtips Technology Inc. designs, develops, manufactures, and sells LCD modules, PCB assemblies, and professional audio and video design and assembly products worldwide. The company offers character, graphic, and TFT LCD modules for industrial control, medical devices, telecommunication, and new emerging products. It also provides musical instruments, including sounds effects testing machines; sound amplifiers for professional recording studios and concerts; digital musical instruments for audio studios, pubs, and clubs; and digital audio processors, live sound recorders, multi-channel mixers, sound effects, machine DSP amps, etc. In addition, the company offers finger printer modules and diaper sensors; and wireless chargers and modules, such as wireless transmitters and receivers under the AirFuel, AirON, and WiChargi brands. Further, it provides custom designed resonators, and PRU and PTU modules for power and ID form factor applications comprising wearable devices, smartphones, handheld devices, tablets, laptops, vehicles, home appliances, etc. Additionally, the company offers ODM/OEM services for audio and video products; and engineering services that include product development, electrical and mechanical engineering, tooling design, prototype engineering, manufacturing process engineering, and quality engineering, as well as valued-added design, electronics manufacturing, and logistics services. Microtips Technology Inc. was founded in 1990 and is headquartered in New Taipei City, Taiwan.",TWD,Information Technology,Technology Hardware & Equipment,"Electronic Equipment, Instruments & Components",TWO,ROCO,Taipei Stock Exchange,Taiwan,,New Taipei City,221,http://www.microtips.com.tw,Micro Cap,TW0003285003,,BBG000KS7TC1,BBG000KS7SR7,BBG001SJQKS2,False
3287.TWO,"Kworld Computer Co.,Ltd","Kworld Computer Co., Ltd provides digital entertainment products in Taiwan and internationally. It offers gaming earphones; and wall and car chargers, as well as TV/video drivers, analog TV tuner cards, and hybrid TV tuner sticks. The company was founded in 1999 and is headquartered in New Taipei City, Taiwan.",TWD,Information Technology,Technology Hardware & Equipment,"Electronic Equipment, Instruments & Components",TWO,ROCO,Taipei Stock Exchange,Taiwan,,New Taipei City,23585,http://www.kworld-global.com,Micro Cap,TW0003287009,,BBG000K3T6H7,BBG000K3T687,BBG001SJGC74,False
3288.TWO,Silicon Touch Technology Inc.,"Silicon Touch Technology Inc. designs, develops, produces, and sells analogue and digital ICs. The company offers motor, brushless fan motor, CD/DVD ROM motor, stepping motor, and LED display driving IC, as well as power and power supply monitoring, optoelectronic communication and image processing, and optoelectronic interface ICs. It provides its products in the Americas, Europe, Japan, Korea, South Africa, and China. The company was founded in 1996 and is headquartered in Hsinchu City, Taiwan.",TWD,Information Technology,Semiconductors & Semiconductor Equipment,Semiconductors & Semiconductor Equipment,TWO,ROCO,Taipei Stock Exchange,Taiwan,,Hsinchu City,300,http://www.siti.com.tw,Nano Cap,TW0003288007,,BBG000LZFMP6,BBG000LZDKH1,BBG001SK6S04,False
3289.TWO,Integrated Service Technology Inc.,"Integrated Service Technology Inc. is a company listed on the Taipei Stock Exchange under the ticker 3289. It operates in the Semiconductors & Semiconductor Equipment industry within the Information Technology sector. The company is headquartered in Hsinchu City, Taiwan.",TWD,Information Technology,Semiconductors & Semiconductor Equipment,Semiconductors & Semiconductor Equipment,TWO,ROCO,Taipei Stock Exchange,Taiwan,,Hsinchu City,300047,http://www.istgroup.com,Small Cap,TW0003289005,,BBG000JYFVY2,BBG000JYFVC6,BBG001SJD7N0,False
3290.TWO,Donpon Precision Inc.,"Donpon Precision Inc. researches, develops, manufactures, and sells automotive electronic products and plastic precision components in Taiwan and Mainland China. The company is involved in mold design, manufacturing, plastic molding, painting and printing, and assembly and processing of professional OEM electrical equipment. It provides automotive electronic products, such as rear-view camera and mirror, HUD, steering wheel switches, audio panel, auto parts molds, air filters, chargers, and trim products, as well as safety products. The company offers camera, backlight module, headphones, power chargers, and mobile phone accessories; and touch glass products, including auto monitors, and mobile phone, tablet PC, and laptop application products. Donpon Precision Inc. was founded in 1995 and is based in Taoyuan City, Taiwan.",TWD,Industrials,Capital Goods,Electrical Equipment,TWO,ROCO,Taipei Stock Exchange,Taiwan,,Taoyuan City,338,http://www.donpon.com,Micro Cap,TW0003290003,,BBG000M20P86,BBG000M20NC6,BBG001SK7RM1,False
3293.TWO,International Games System,,TWD,Communication Services,Media & Entertainment,Entertainment,TWO,ROCO,Taipei Stock Exchange,Taiwan,,,,https://www.igs.com.tw,Mid Cap,TW0003293007,,BBG000KX6VV5,BBG000KX6V90,BBG001SJRYM7,False
3294.TWO,Megaforce Company Limited,"Megaforce Company Limited engages in the research and development of opto-mechatronics and plastic components in Taiwan, China, Mexico, and the United States. The company engages in precise plastic injection molding, micro-precision structure mold development, electronic assembly, and spray printing activities. It also offers dental electromechanical integration products, surgical systems, medical integration products through Internet of Things, and medical machinery products, as well as medical teaching courses. In addition, the company provides surface treatment, post process, and assembly services; and liquid silicone rubber molding and DFM products. The company's products are used in advanced computer gaming, high-end home entertainment equipment, vehicle components, medical appliances, and aerospace equipment, as well as in computer, communication, and consumer electronics products. The company was founded in 1991 and is headquartered in New Taipei City, Taiwan.",TWD,Information Technology,Technology Hardware & Equipment,"Electronic Equipment, Instruments & Components",TWO,ROCO,Taipei Stock Exchange,Taiwan,,New Taipei City,235,http://www.megaforce.com.tw,Micro Cap,TW0003294005,,BBG000JMLTR4,BBG000JMLTC0,BBG001SPJV57,False
3297.TWO,"Hunt Electronic Co., Ltd.","Hunt Electronic Co., Ltd. is a company listed on the Taipei Stock Exchange under the ticker 3297. It operates in the Communications Equipment industry within the Information Technology sector. The company is headquartered in New Taipei City, Taiwan.",TWD,Information Technology,Technology Hardware & Equipment,Communications Equipment,TWO,ROCO,Taipei Stock Exchange,Taiwan,,New Taipei City,221424,https://www.hunt.com.tw,Nano Cap,TW0003297008,,BBG000PK1S68,BBG000PK1RP9,BBG001SLD8L5,False
3303.TWO,Univacco Technology Inc.,"Univacco Technology Inc. manufactures and sells stamping foil products and optoelectronics materials worldwide. The company offers various decorative and functional foils, which include hot stamping, cold, holographic, and digital foils. The company also provides optoelectronics materials, including clean and PET protective films, diffuser, SMD cover tapes, medical films, and OEM for coating. The company provides its products for wine, beer, and spirits label and packaging; food, drink, and confectionery packaging; tobacco/cigarette packaging; greeting cards and printed media; artificial leather book covers; persona care; cosmetics and perfumes; pharmaceuticals; and clothing and textile applications. It markets its products under the UNIVACCO brand. The company was formerly known as Tai Leng Industry Co., Ltd and changed its name to Univacco Technology Inc. in 2002. Univacco Technology Inc. was founded in 1990 and is headquartered in Tainan City, Taiwan.",TWD,Industrials,Capital Goods,Machinery,TWO,ROCO,Taipei Stock Exchange,Taiwan,,Tainan City,72154,http://www.univacco.com,Micro Cap,TW0003303004,,BBG000PTRYD0,BBG000PTRVS0,BBG001SLSK14,False
3306.TWO,RoyalTek Company Ltd.,"RoyalTek Company Ltd. develops, manufactures, and sells global positioning system (GPS) products worldwide. Its products primarily include audio video navigation systems, portable navigation devices, driving assistance systems, driving video recorders, electronic accessories for automobiles, and engine boards for GPS. The company also offers ODM/OEM services for car electronics and driver assistance systems. It serves automotive, navigation, safety, leisure, sports, multimedia, mountaineering, tourism, and other industries. RoyalTek Company Ltd. was founded in 1997 and is based in Taoyuan City, Taiwan.",TWD,Information Technology,Technology Hardware & Equipment,"Electronic Equipment, Instruments & Components",TWO,ROCO,Taipei Stock Exchange,Taiwan,,Taoyuan City,33383,http://www.royaltek.com,Micro Cap,TW0003306007,,BBG000P6F4T2,BBG000P6F4H5,BBG001SL52T9,False
3310.TWO,"Chialin Precision Industrial Co., Ltd.","Chialin Precision Industrial Co., Ltd. designs, processes, manufactures, and sells stamping dies and other related parts, precision terminals, and hardware parts in Taiwan. The company's products include bandolier pins, mobile and computer connectors, lamp and piranha lead frames, SMD lead frames, and antennas, as well as other products, such as EMI spring finger and shielding case. It is also involved in the development and leasing of houses and buildings. The company was founded in 1988 and is based in Taoyuan City, Taiwan.",TWD,Information Technology,Technology Hardware & Equipment,"Electronic Equipment, Instruments & Components",TWO,ROCO,Taipei Stock Exchange,Taiwan,,Taoyuan City,337,http://www.chialin.com.tw,Micro Cap,TW0003310009,,BBG000HC80T4,BBG000HC8096,BBG001SHNBY2,False
3313.TWO,"Feei Cherng Enterprise Co., Ltd.","Feei Cherng Enterprise Co., Ltd. manufactures and markets active/passive electronic components in Taiwan and Internationally. The company's products include MOSFETs, LAN transformers, and polymer caps, as well as diodes, NTC thermistors, MLCC, and crystals. It also distributes. The company offers its products for use in N/B, M/B, smart phones, mobiles, and GPS system applications. Feei Cherng Enterprise Co., Ltd. was founded in 1993 and is headquartered in New Taipei City, Taiwan.",TWD,Consumer Staples,Household & Personal Products,Household Products,TWO,ROCO,Taipei Stock Exchange,Taiwan,,New Taipei City,241,http://www.fce.com.tw,Micro Cap,TW0003313003,,BBG000PPSD07,BBG000PPSCR0,BBG001SLLYD8,False
3317.TWO,"Niko Semiconductor Co., Ltd.","Niko Semiconductor Co., Ltd. is a company listed on the Taipei Stock Exchange under the ticker 3317. It operates in the Semiconductors & Semiconductor Equipment industry within the Information Technology sector. The company is headquartered in New Taipei City, Taiwan.",TWD,Information Technology,Semiconductors & Semiconductor Equipment,Semiconductors & Semiconductor Equipment,TWO,ROCO,Taipei Stock Exchange,Taiwan,,New Taipei City,22161,https://www.niko-sem.com,Micro Cap,TW0003317004,,BBG000BWJ7F4,BBG000BWJ6T1,BBG001SCP921,False
3322.TWO,"Joinsoon Electronics Manufacturing CO., LTD.","Joinsoon Electronics Manufacturing CO., LTD. designs, manufactures, and sells interconnection products worldwide. The company offers precision components, including antennas, cables, and connectors, as well as noninvasive consumable cables, customized cable assemblies, fly-lights, infrared surveillance camera cable assemblies, and CDRW and multimedia cables. It also provides electronics products, such as storage, VoIP and HDMI series, and OEM and ODM products. In addition, the company offers healthcare management products comprising infrared ear and digital thermometers. Further, it provides product consultation and technical support services that include product design and development, procurement and sourcing, and manufacturing and engineering support, as well as design manufacturing services; and electronics manufacturing services. The company was founded in 1977 and is headquartered in New Taipei City, Taiwan.",TWD,Information Technology,Technology Hardware & Equipment,"Electronic Equipment, Instruments & Components",TWO,ROCO,Taipei Stock Exchange,Taiwan,,New Taipei City,221,http://www.jem.com.tw,Nano Cap,TW0003322004,,BBG000HF2497,BBG000HF23M4,BBG001SHP029,False
3323.TWO,Celxpert Energy Corporation,"Celxpert Energy Corporation produces and sells battery packs in Taiwan. Its products are used in notebook and tablet, network product, smart phone, power tool, E-bike/E-Moto, and energy storage and UPS battery packs. The company was founded in 1997 and is headquartered in Taoyuan, Taiwan.",TWD,Industrials,Capital Goods,Electrical Equipment,TWO,ROCO,Taipei Stock Exchange,Taiwan,,Taoyuan City,325,http://www.celxpert.com.tw,Micro Cap,TW0003323002,,BBG000Q1M584,BBG000Q1M4T4,BBG001SM2BM7,False
3324.TWO,"Auras Technology Co., Ltd.","Auras Technology Co., Ltd. engages in manufacturing, processing, and retailing electronic materials, computer heat dissipation modules, and other related products in China, Taiwan, Korea, Ireland, and internationally. The company offers coolers, heat sinks, cooling modules, heat pipes, fans, etc. primarily for applications in notebooks, desktops, servers, pads and workstations, mobiles, graphic cards, etc. It also provides server, motherboard, and graphics card cooling modules; all-in-one workstations and DVD player cooling modules; and cooling products for home appliances, such as DVD and Blu-ray players, as well as LED lighting applications. In addition, the company offers heat flow consulting services. Auras Technology Co., Ltd. was founded in 1998 and is headquartered in New Taipei City, Taiwan.",TWD,Information Technology,Technology Hardware & Equipment,"Technology Hardware, Storage & Peripherals",TWO,ROCO,Taipei Stock Exchange,Taiwan,,New Taipei City,24891,http://www.auras.com.tw,Mid Cap,TW0003324000,,BBG000PYMM40,BBG000PYMM04,BBG001SLY9V9,False
3325.TWO,"Casing Macron Technology Co., Ltd.","Casing Macron Technology Co., Ltd. designs, manufactures, markets, and sells computing products. It offers PC chassis and switching power supply products; peripheral devices, such as card readers, mouse, speakers, and barebone systems; and PC cases, including slim, mini tower, middle tower, mini ITX, server, and gamming PC cases. The company also provides water filter systems and temperature drinking water devices. In addition, it offers OEM and ODM services. The company was founded in 1994 and is headquartered in New Taipei City, Taiwan.",TWD,Information Technology,Technology Hardware & Equipment,"Electronic Equipment, Instruments & Components",TWO,ROCO,Taipei Stock Exchange,Taiwan,,New Taipei City,,http://www.casing.com.tw,Nano Cap,TW0003325007,,BBG000PK1SG7,BBG000PK1SB2,BBG001SLD8M4,False
3332.TWO,"Cincon Electronics Co., Ltd.","Cincon Electronics Co., Ltd. designs, manufactures, sells switch mode power conversion products to the communications, computer, industrial, medical, consumer, and lighting markets worldwide. Its products include single and multiple output DC-DC converters from 1W to 750W, single and multiple output AC adapters from 5W to 150W, open frame AC-DC power supplies from 5W to 700W, and LED power supplies from 15W to 150W. The company also provides modified standard and custom power conversion products. In addition, it offers accessories; and operates iDALI, an app for digital lighting control solution. The company was founded in 1991 and is headquartered in Taipei, Taiwan.",TWD,Industrials,Capital Goods,Electrical Equipment,TWO,ROCO,Taipei Stock Exchange,Taiwan,,Taipei,,http://www.cincon.com,Micro Cap,TW0003332003,,BBG000HF0SB3,BBG000HF0RQ9,BBG001SHNZS6,False
3339.TWO,"Tekcore Co., Ltd","Tekcore Co., Ltd produces and sells LED wafers and chips in Taiwan. It offers standard LEDs, and power and flip chips. The company provides high brightness chips in green, blue, red, yellow, orange, and ultraviolet wavelengths. Its products are used in various applications, including large scale displays and billboards; optic fiber cables; indicator lights; LCD and projection backlighting; low light environments; miniaturized light sources; cell phones, cameras, and other small electronic displays; TV remotes and infrared mouses; signal lights; interior and exterior solid state lighting and other illuminations; and vehicle lights. The company was founded in 2000 and is based in Nantou City, Taiwan.",TWD,Information Technology,Semiconductors & Semiconductor Equipment,Semiconductors & Semiconductor Equipment,TWO,ROCO,Taipei Stock Exchange,Taiwan,,Nantou City,540,http://www.tekcore.com.tw,Micro Cap,TW0003339008,,BBG000HBZ3Q3,BBG000HBZ2Y6,BBG001SHN8B4,False
3349.TWO,Dexin Corporation,"Dexin Corporation manufactures and sells IT cordless solutions and high-level devices in Taiwan. The company offers audio and entertainment products, including Bluetooth headsets and speakers, gaming headsets, and audiophile headphones; and computer peripherals and consumer electronic devices, such as office and gaming mouse products, keyboards, and game controllers. It also provides industrial design, research and development, product engineering and manufacturing, and other custom and project design services. Dexin Corporation was founded in 1997 and is based in New Taipei City, Taiwan.",TWD,Information Technology,Technology Hardware & Equipment,"Technology Hardware, Storage & Peripherals",TWO,ROCO,Taipei Stock Exchange,Taiwan,,New Taipei City,,http://www.dexin.com.tw,Nano Cap,TW0003349007,,BBG000HF0TW8,BBG000HF0T12,BBG001SHNZT5,False
3354.TWO,"Microcosm Technology Co., Ltd.","Microcosm Technology Co., Ltd. develops, produces, and supplies upstream materials for the electronic industry. It offers PSPI-Brina, a high precision photosensitive developing type Polyimide material; liquid and film type colorless polyimide material for OLED display screens, and other colorless and flexible required electronic products; and high frequency series products. The company was founded in 1996 and is headquartered in Tainan, Taiwan.",TWD,Information Technology,Technology Hardware & Equipment,"Electronic Equipment, Instruments & Components",TWO,ROCO,Taipei Stock Exchange,Taiwan,,Tainan City,74144,http://www.microcosm.com.tw,Micro Cap,TW0003354007,,BBG000PZND00,BBG000PZNCM8,BBG001SLZJ46,False
3357.TWO,"TAI-TECH Advanced Electronics Co., Ltd.","TAI-TECH Advanced Electronics Co., Ltd. is a company listed on the Taipei Stock Exchange under the ticker 3357. It operates in the Electronic Equipment, Instruments & Components industry within the Information Technology sector. The company is headquartered in Taoyuan City, Taiwan.",TWD,Information Technology,Technology Hardware & Equipment,"Electronic Equipment, Instruments & Components",TWO,ROCO,Taipei Stock Exchange,Taiwan,,Taoyuan City,326013,https://www.tai-tech.com.tw,Small Cap,TW0003357000,,BBG001LRVJS8,BBG001LRVJQ0,BBG001V0XQD4,False
3360.TWO,Sunnic Technology & Merchandise Inc,"Sunnic Technology & Merchandise Inc. provides image processing and optoelectronic products in Taiwan. It offers products ranging from semiconductors, solutions and modules, and systems to factory automation equipment. The company also provides solutions for exterior, mechanism, software, hardware, and firmware designs, as well as one-stop shopping services. Its product research and development covers range of products and applications that include CCD and CMOS analog and digital HD smart cameras for image capture and blue-ray; H.264 IP set top box and IP smart TV box for image storage; HD smart displays and Internet TV for image display; and Wi-Fi, RF, and 3GPP for video conferencing and image transmission. The company was founded in 1985 and is headquartered in Taipei, Taiwan.",TWD,Information Technology,Semiconductors & Semiconductor Equipment,Semiconductors & Semiconductor Equipment,TWO,ROCO,Taipei Stock Exchange,Taiwan,,Taipei,114,http://www.sunnic.com,Nano Cap,TW0003360004,,BBG000HY5W46,BBG000HY5VZ4,BBG001SHWBJ9,False
3362.TWO,"Ability Opto-Electronics Technology Co.,Ltd.","Ability Opto-Electronics Technology Co.,Ltd. engages in the research and development, design, manufacture, and sale of professional optical lenses in Taiwan and internationally. The company offers various optical lens products, including scanners, projectors, digital cameras, digital video recorders, multi-function printers, cell phone cameras, laptops, tablets, IP-cameras, monitors, automotive lens, etc.; and CCM/NB products, as well as lens for automotive, digital surveillance, special, professional, and other applications. It also provides technical services of precision optical lens. The company was formerly known as SHIAN-JINN Precision Optical Co., Ltd and changed its name to Ability Opto-Electronics Technology Co.,Ltd. in 2001. Ability Opto-Electronics Technology Co.,Ltd. was founded in 1986 and is headquartered in Taichung City, Taiwan.",TWD,Information Technology,Technology Hardware & Equipment,"Electronic Equipment, Instruments & Components",TWO,ROCO,Taipei Stock Exchange,Taiwan,,Taichung,428,http://www.aoet.com.tw,Small Cap,TW0003362000,,BBG000Q4BRF4,BBG000Q4BQR3,BBG001SM5N57,False
3363.TWO,"FOCI Fiber Optic Communications, Inc.","FOCI Fiber Optic Communications, Inc. designs, manufactures, and markets fiber optic components and integrated modules for communication networks in Taiwan. It offers interconnects, such as connector/adaptor parts, pigtails/patchcords, and patchpanels; couplers/splitters, attenuators, and wavelength division multiplexing (WDM) products; filter WDMs, CWDMs, DWDMs, and filter devices; optical isolators and circulators, including micro optic devices; optical transceivers and active optical cables; and USB 3.0 AOC cables, sub-assemblies, pigtails/receptacles, and detectors. The company was founded in 1995 and is based in Hsinchu, Taiwan.",TWD,Information Technology,Technology Hardware & Equipment,Communications Equipment,TWO,ROCO,Taipei Stock Exchange,Taiwan,,Hsinchu City,300,http://www.foci.com.tw,Mid Cap,TW0003363008,,BBG000MKPC06,BBG000MKP9Z5,BBG001SKF2K9,False
3372.TWO,Taiwan IC Packaging Corporation,"Taiwan IC Packaging Corporation is a company listed on the Taipei Stock Exchange under the ticker 3372. It operates in the Semiconductors & Semiconductor Equipment industry within the Information Technology sector. The company is headquartered in Kaohsiung, Taiwan.",TWD,Information Technology,Semiconductors & Semiconductor Equipment,Semiconductors & Semiconductor Equipment,TWO,ROCO,Taipei Stock Exchange,Taiwan,,Kaohsiung,,https://www.ticp.com.tw,Micro Cap,TW0003372009,,BBG000Q64146,BBG000Q640H4,BBG001SM8QV8,False
3373.TWO,Radiant Innovation Inc.,"Radiant Innovation Inc. designs and develops infrared technology products. It offers medical infrared thermometers, industrial use infrared thermometers, and CO2 monitors. The company also provides infrared ear and forehead thermometers, multi-function thermometers, disposable probe covers, and TMS products. Radiant Innovation Inc. was founded in 2000 and is based in Hsinchu City, Taiwan.",TWD,Health Care,Health Care Equipment & Services,Health Care Equipment & Supplies,TWO,ROCO,Taipei Stock Exchange,Taiwan,,Hsinchu City,300,http://www.radiantek.com.tw,Nano Cap,TW0003373007,,BBG000Q9V3N5,BBG000Q9V3H2,BBG001SMH8M8,False
3374.TWO,Xintec Inc.,"Xintec Inc. operates as a three dimensional (3D) wafer level chip scale packaging company in Taiwan, the United States, Europe, and Asia. The company offers optical sensor chip-scale package technology for cellular phones, notebooks, gesture sensors, and laser intensity sensor for blue-ray and pico projectors; PPI and 3D Package technologies for use in integrated passive devices, power management IC and analogue IC, cellular phone RF IC, and capacitive couplers; and Micro-Electro-Mechanical Systems (MEMS) and sensor packaging for ink printer heads, motion sensors, temperature and humidity sensors, pressure sensors, identification sensors, pico-projector heads, silicon microphones, and bio sensors. It also provides design and modeling services for its technologies. Xintec Inc. was founded in 1998 and is headquartered in Taoyuan, Taiwan.",TWD,Information Technology,Semiconductors & Semiconductor Equipment,Semiconductors & Semiconductor Equipment,TWO,ROCO,Taipei Stock Exchange,Taiwan,,Taoyuan City,32062,http://www.xintec.com.tw,Mid Cap,TW0003374005,,BBG000DCQTG9,BBG000DCQT79,BBG001SG9C32,False
3379.TWO,Taiwan Benefit Company,"Taiwan Benefit Company is a company listed on the Taipei Stock Exchange under the ticker 3379. It operates in the Machinery industry within the Industrials sector. The company is headquartered in Taipei, Taiwan.",TWD,Industrials,Capital Goods,Machinery,TWO,ROCO,Taipei Stock Exchange,Taiwan,,Taipei,11491,https://www.taibeco.com,Nano Cap,TW0003379004,,BBG000HMCMJ0,BBG000HMBKR6,BBG001SHRJJ8,False
3388.TWO,Topco Technologies Corp.,"Topco Technologies Corp. engages in the import and export of chemical material related commodities in Taiwan, Mainland China, and internationally. It offers silicone related products, including silicone fluid, defoaming and release agent, foam stabilizer, fiber treatment, paint additives, resin, coupling agent, oil, rubber, PSA, powder, and grease, as well as paper release agent, HTV, liquid injection molding system, RTV I, RTV II, sealant, MS-RTV, thermal pad and LED application material, and AF coating agent. The company also provides various adhesives, such as construction structural adhesives; EXELAST; surface treatment equipment; matsumoto microsphere; poreflon membrane; touch panel related materials; poly tetra fluoroethylene films; and other products. In addition, it offers environmental catalysts; micro-capsule foam materials; silicate and anti-static agents; cosmetic raw materials and finished products; gunze fluorine sleeves; UV curing glues; atmospheric plasma; VUV washing machines; and conductive polymers and thermal materials, as well as other trade products. The company was founded in 1981 and is based in Taipei City, Taiwan.",TWD,Materials,Materials,Chemicals,TWO,ROCO,Taipei Stock Exchange,Taiwan,,Taipei,10690,http://www.topcocorp.com,Micro Cap,TW0003388005,,BBG000BK72H2,BBG000BK71S2,BBG001S8T2W8,False
3390.TWO,"Sunflex Tech Co., Ltd.","Sunflex Tech Co., Ltd. manufactures and sells flexible printed circuit boards (FPCB) in Taiwan. The company offers rigid flex, multi-layer, double side, single side double access, and single side FPCBs. Its products are used in touch panels, liquid crystal modules, computer accessories, light bars, and automotive electronics. The company was founded in 1998 and is based in Taoyuan, Taiwan.",TWD,Information Technology,Technology Hardware & Equipment,"Electronic Equipment, Instruments & Components",TWO,ROCO,Taipei Stock Exchange,Taiwan,,Taoyuan City,333014,http://www.sunflex.com.tw,Micro Cap,TW0003390001,,BBG000QCR2V6,BBG000QCR2Q2,BBG001SMM646,False
3391.TWO,Remotek Corporation,"Remotek Corporation engages in the research, design, production, and sale of radio coverage solutions for 2G, 3G, and 4G mobile radio networks worldwide. The company offers digital repeaters, including PICO ICS, ICS, digital fiber optic, and digital band adjustable repeaters; distributed antenna systems, such as fiber optic repeaters and cable boosters; and off air solutions comprising low and medium power repeaters, high power repeaters, channel selective repeaters, and frequency shifting repeaters. It also provides operation and maintenance system, a management system for controlling and monitoring repeaters remotely; and accessories, such as antennas, couplers, splitters, combiners, dummy loads, coaxial cables, and connectors. In addition, the company offers RF components and related services. It serves providers of mobile communication. Remotek Corporation was founded in 1990 and is headquartered in Taipei, Taiwan.",TWD,Information Technology,Technology Hardware & Equipment,Communications Equipment,TWO,ROCO,Taipei Stock Exchange,Taiwan,,Taipei,221,http://www.remotek.com.tw,Nano Cap,,,,,,False
3402.TWO,Wholetech System Hitech Limited,"Wholetech System Hitech Limited provides turnkey and system integration services in Taiwan. It offers bulk gas, specialty gas supply, hookup turnkey and consultant, and gas hook-up systems; clean room, MEP, process exhaust, pure water treatment, fire, and cooling systems; and vacuum piping systems, vacuum piping fittings, vacuum ball valves, and deposit improvement engineering services. The company also provides gas cabinets and racks, and VMP/P systems; monitoring hardware and software, such as GIS, HPM, FMCS, and heating jackets; scrubbers; and automation engineering software, custom application software, and mobile IoT smart facility management system. In addition, it provides wet process equipment and chemical supply systems comprising semiconductor, LED, solar energy, and LCD panels. The company was formerly known as Wholetech Engineering Co., Ltd. and changed its name to Wholetech System Hitech Limited in 2001. Wholetech System Hitech Limited was founded in 1990 and is headquartered in Hsinchu City, Taiwan.",TWD,Industrials,Capital Goods,Machinery,TWO,ROCO,Taipei Stock Exchange,Taiwan,,Hsinchu City,300,http://www.wholetech.com.tw,Small Cap,TW0003402004,,BBG000QMLYD0,BBG000QMLY40,BBG001SN67B2,False
3426.TWO,Tai Shing Electronics Components Corporation,"Tai Shing Electronics Components Corporation, together with its subsidiaries, researches, designs, manufactures, and sells solenoids, and solenoid valve and relay products in Asia, Europe, the Americas, and internationally. The company offers linear DC solenoid products comprising open frame, permanent, and tubular solenoids; holding, rotary DC, and customized solenoids; water, air, and oil valves; brakes; signal, power, automotive, and SSR relays; crystals, oscillators, and sensors; and lathes, stamping parts and molds, plastic injection parts and molds, lead wire processing, powder metallurgy, forging, tube processing, and other services, as well as parts, including bearings, springs, magnets, and filters. It also provides electromagnets, electromagnetic values, metal valves, other fabricated metal products, electric appliances, audiovisual electric products, wired communication equipment and apparatuses, telecommunication equipment and apparatuses, electronic parts and components, computers and computing peripheral equipment, and cleaning products used in the manufacturing industry. Further, it engages in international trade; manufacture and import of restrained telecom radio frequency equipment; and other business activities. Tai Shing Electronics Components Corporation was incorporated in 1984 and is headquartered in Taoyuan City, Taiwan.",TWD,Information Technology,Technology Hardware & Equipment,"Electronic Equipment, Instruments & Components",TWO,ROCO,Taipei Stock Exchange,Taiwan,,,,,,TW0003426003,,BBG009Y1JQ48,BBG001CBD086,BBG001TWRBG4,True
3429.TWO,Promaster Technology Corp.,"Promaster Technology Corp. distributes general purpose, communication and multimedia products for communication and consumer markets. The company's products are used in desktop and server PCs, notebook PCs, smart phones, LCD TVs, PDA, graphic cards, and audio/video I/O products; networking products, such as LAN, ADSL router and cable modems, and telecom products; and wireless products, including cellular phones, wireless handheld devices, WLAN and Bluetooth, and GPS. The company was founded in 1995 and is headquartered in New Taipei City, Taiwan.",TWD,Information Technology,Semiconductors & Semiconductor Equipment,Semiconductors & Semiconductor Equipment,TWO,ROCO,Taipei Stock Exchange,Taiwan,,New Taipei City,231,http://www.pmaster.com.tw,Nano Cap,,,,,,False
3430.TWO,"Chitec Technology Co., Ltd.","Chitec Technology Co., Ltd. engages in the research and development of specialty chemicals for applications in electronics, medicine, automotive, construction, and other industries worldwide. It offers UV absorbers and light stabilizers under the Chiguard name; flame retardants under the Zuran name; antioxidants under the Revonox/Deox name; photoinitiators under the Chivacure/R-gen name; and anti-reversion agents, antiozoants, optical brighteners, and auxiliary thermal stabilizers under the Chitex name. The company was founded in 1998 and is headquartered in Taipei City, Taiwan.",TWD,Materials,Materials,Chemicals,TWO,ROCO,Taipei Stock Exchange,Taiwan,,Taipei City,106,http://www.chitec.com,Micro Cap,TW0003430005,,BBG0015VG3R0,BBG0015VG3P2,BBG001TC6B17,False
3434.TWO,ACULA Technology Corp.,"ACULA Technology Corp. provides video solutions and services in Taiwan and internationally. It offers closed-circuit television (CCTV) monitors; combo DVR/NVR products; medical displays; IP monitors with POE; IP public view monitors with POE; industrial monitors-touch monitors/point of sale (POS); digital signage/public information display products; and high-brightness monitors. The company also provides OEM/ODM display products. It offers CCTV products for use in apartment complexes, airports, bars, casinos, daycares, schools, parks, fast food restaurants, hotels, night clubs, parking lots, office buildings, shopping malls, train/bus stations, and warehouses, as well as for home owners; and POS products for food service, hospitality, retail, and public markets. The company was founded in 1993 and is headquartered in Taoyuan City, Taiwan.",TWD,Information Technology,Technology Hardware & Equipment,"Technology Hardware, Storage & Peripherals",TWO,ROCO,Taipei Stock Exchange,Taiwan,,Taoyuan City,338024,http://www.acula.com,Nano Cap,TW0003434007,,BBG000R5V6C7,BBG000R5V5Q4,BBG001ST5GY5,False
3438.TWO,"Advanced Analog Technology, Inc.","Advanced Analog Technology, Inc. designs, develops, and sells power management ICs in Taiwan. It provides multifunctional PMICs, such as TFT LCDs, AMOLEDs, DSC/DVs, and portable devices; boost, buck, buck-boost, and inverting switching regulators; WLED drivers consisting of backlights and lighting products; and battery management products comprising battery chargers and battery protection products. The company also offers audio amps, GPMs, LDOs, level shifters, motor drivers, OP amps/buffers, RESETs, and photoflash products. Its products are used in DSC/DV/drive recorder, PND, and discrete and integrated LCD panel applications. Advanced Analog Technology, Inc. was founded in 1999 and is headquartered in Zhubei, Taiwan.",TWD,Information Technology,Semiconductors & Semiconductor Equipment,Semiconductors & Semiconductor Equipment,TWO,ROCO,Taipei Stock Exchange,Taiwan,,Zhubei,30288,http://www.aat-ic.com,Micro Cap,TW0003438008,,BBG000QM4JB4,BBG000QM4J42,BBG001SN5BS6,False
3441.TWO,"Unique Opto-Electronics Co.,Ltd.","Unique Optical Industrial Co., Ltd. develops, manufactures, processes, and trades in various optical glasses, optical lenses, lens blanks, stubble blanks, and prism blanks in Taiwan and internationally. Its products are used in cameras, camcorders, telescopes, microscopes, condensers, projectors, fax machines, copiers, scanners, monitors, digital cameras, measuring instruments, military observation equipment, medical endoscopes, camera phones, and optical communication products. The company was founded in 1949 and is headquartered in Nantou, Taiwan.",TWD,Information Technology,Technology Hardware & Equipment,"Electronic Equipment, Instruments & Components",TWO,ROCO,Taipei Stock Exchange,Taiwan,,Nantou City,542,http://www.t-unique.com,Small Cap,TW0003441002,,BBG000GQ1KR9,BBG000GQ1KC5,BBG001SNZZQ2,False
3444.TWO,Niching Industrial Corporation,"Niching Industrial Corporation markets and sells semiconductor, flat panel display, light-emitting diode (LED), green energy, and nanotechnology products worldwide. The company provides PCB for solid-state drives and memory modules, substrates for IC packaging, capillary wedges, die collet needles, special gas, dispensing nozzles, and die attach films, as well as reclaim, Al coating, dummy, and daisy chain wafers. It also offers screen printing silver paste, Nano imprint silver paste, gravure off set silver paste, low-temperature sintering Ag paste, and low temp adhesive silver paste, as well as printing paste for laser etching and silver ink; chip trays, ABS reels, sputtering targets, and emboss spacers for the LCD industry; and LED tabs and lead frames for the LED industry. In addition, the company provides adhesives for temporary bonding, metal springs for VCM, CPD dryers, and Nano porous materials, substrate for stretchable and flexible modules, and wireless power charging coils. Further, it manufactures and sells touch Nano silver products. Niching Industrial Corporation was founded in 1993 and is headquartered in Taichung, Taiwan.",TWD,Information Technology,Technology Hardware & Equipment,"Electronic Equipment, Instruments & Components",TWO,ROCO,Taipei Stock Exchange,Taiwan,,Taichung,40755,http://www.niching.com.tw,Micro Cap,TW0003444006,,BBG000BDLVC3,BBG000BDLV33,BBG001S80CK0,False
3455.TWO,"Utechzone Co., Ltd.","Utechzone Co., Ltd. researches, develops, manufactures, and sells automatic optical inspection systems and equipment in Taiwan, China, Japan, and internationally. It offers printed circuit board inspection, flat panel display inspection, semiconductor inspection, and other inspection products, as well as IC Substrate and LCD; eye-tracking system; security system; and interactive media system. Utechzone Co., Ltd. was founded in 1992 and is headquartered in New Taipei City, Taiwan.",TWD,Information Technology,Technology Hardware & Equipment,"Electronic Equipment, Instruments & Components",TWO,ROCO,Taipei Stock Exchange,Taiwan,,,,https://www.utechzone.com.tw,Small Cap,TW0003455002,,BBG000QPR3X3,BBG000QPR3Q1,BBG001SNCN02,False
3465.TWO,"New Advanced Electronics Technologies Co., Ltd.","New Advanced Electronics Technologies Co., Ltd. is a company listed on the Taipei Stock Exchange under the ticker 3465. The company is headquartered in Kaohsiung, Taiwan.",TWD,,,,TWO,ROCO,Taipei Stock Exchange,Taiwan,,Kaohsiung,800,https://naeaudio.com,Nano Cap,TW0003465001,,BBG000K5LQ40,BBG000K5LPD2,BBG001SPPR59,False
3466.TWO,Skardin Industrial Corporation,"Skardin Industrial Corporation, a consumer electronics manufacturing company, manufactures, supplies, and exports set top box and broadband industry solutions in Taiwan and internationally. It offers STB platforms, smart home products, WIFI speakers, hybrid soundbase and sound bar audio systems, and software/middleware products. The company also provides electronics manufacturing services. Skardin Industrial Corporation was founded in 1982 and is based in New Taipei City, Taiwan.",TWD,Information Technology,Technology Hardware & Equipment,Communications Equipment,TWO,ROCO,Taipei Stock Exchange,Taiwan,,New Taipei City,,http://www.skardin.com,Micro Cap,TW0003466009,,BBG000BCRXR9,BBG000BCRXD4,BBG001S7F415,False
3467.TWO,"Forcera Materials Co., Ltd.","Forcera Materials Co., Ltd. is a company listed on the Taipei Stock Exchange under the ticker 3467. It operates in the Semiconductors & Semiconductor Equipment industry within the Information Technology sector. The company is headquartered in Hsinchu City, Taiwan.",TWD,Information Technology,Semiconductors & Semiconductor Equipment,Semiconductors & Semiconductor Equipment,TWO,ROCO,Taipei Stock Exchange,Taiwan,,Hsinchu City,30347,http://www.forcera.com.tw,Micro Cap,TW0003467007,,BBG01KK425B7,BBG01GFXS9M0,BBG01GFXS9V0,False
3479.TWO,Avalue Technology Inc.,"Avalue Technology Inc. designs, manufactures, and sells embedded computing solutions in Taiwan and internationally. The company offers industrial and embedded motherboards; industrial PC/computers, such as embedded, transportation, rackmount, and ARM based systems; and panel PCs, including industrial, medical, and open frame panel PCs, as well as industrial touch monitors, audio and video extenders, peripherals and accessories, and panel and touch technologies. It also provides computer-on-module products for critical or industrial applications; point of sale (POS) terminals, which includes desktop and compact POS; medical tablets, and semi rugged tablet and accessories; device management software; E ink solutions, such as public display, healthcare IoT, and E ink technologies solutions; ODM services; and intelligent solutions. The company's products are used in healthcare, retail, gaming, manufacturing, and transportation applications. Avalue Technology Inc. was founded in 2000 and is headquartered in New Taipei City, Taiwan.",TWD,Information Technology,Technology Hardware & Equipment,"Technology Hardware, Storage & Peripherals",TWO,ROCO,Taipei Stock Exchange,Taiwan,,New Taipei City,235,http://www.avalue.com.tw,Small Cap,TW0003479002,,BBG000TGBDZ3,BBG000TGBDS1,BBG001T03FH0,False
3483.TWO,"Forcecon Technology Co., Ltd.","Forcecon Technology Co., Ltd. engages in the research, development, production, and sale of thermal management products in Taiwan and internationally. The company offers DC axial and blower fans, thermal module active and passive products, vapor chambers, and heat pipes for use in computers, VGA, LED lightings, servers, automobiles, smart-phones, and bio-technology science fields. It serves ODM and OEM customers. The company was founded in 1997 and is headquartered in Zhubei, Taiwan.",TWD,Information Technology,Technology Hardware & Equipment,"Electronic Equipment, Instruments & Components",TWO,ROCO,Taipei Stock Exchange,Taiwan,,Zhubei,30252,http://www.forcecon.com,Micro Cap,TW0003483004,,BBG000KKCY77,BBG000KKCX97,BBG001SPSVJ2,False
3484.TWO,"Solteam Electronics Co., Ltd.","Solteam Electronics Co., Ltd. engages in the design, development, manufacture, and sale of modular parts and components for power tool, home appliance, automotive, medical, and IT industries worldwide. It offers switches, inlets/outlets, adapters, battery holders, controller modules, EV parts, surrounding/other products, aquarium peripherals, optical products, and medical devices. The company was founded in 1992 and is headquartered in Taoyuan, Taiwan.",TWD,Industrials,Capital Goods,Electrical Equipment,TWO,ROCO,Taipei Stock Exchange,Taiwan,,Taoyuan City,33051,http://www.solteam.com.tw,Micro Cap,TW0003484002,,BBG000PP0MQ9,BBG000PP0MF1,BBG001SR74K9,False
3485.TWO,"Eclat Forever Machinery Co., Ltd.","Eclat Forever Machinery Co., Ltd. engages in the research, development, and production of production equipment for touch panels, liquid crystal displays, plasma display panels, printed circuit boards, and other related equipment in Taiwan and internationally. It offers display production equipment, including touch panel solutions, cleaning equipment, development equipment, and etching and stripping equipment; automated logistics equipment consisting of substrate automated equipment and automated coating solutions; automated glass and film roll-to roll unwinding and rewinding equipment, as well as film-tearing laminating equipment; and exposure equipment, such as UV LED automatic and semi-automatic exposure machines. The company was founded in 1994 and is headquartered in Taoyuan City, Taiwan.",TWD,Industrials,Capital Goods,Machinery,TWO,ROCO,Taipei Stock Exchange,Taiwan,,Taoyuan City,33466,http://www.efm.com.tw,Micro Cap,TW0003485009,,BBG003DP63B8,BBG003DP6382,BBG003DP63C7,False
3489.TWO,"Sun Brothers Development Co., Ltd.","Sun Brothers Development Co., Ltd. is a company listed on the Taipei Stock Exchange under the ticker 3489. It operates in the Technology Hardware, Storage & Peripherals industry within the Information Technology sector. The company is headquartered in Taoyuan, Taiwan.",TWD,Information Technology,Technology Hardware & Equipment,"Technology Hardware, Storage & Peripherals",TWO,ROCO,Taipei Stock Exchange,Taiwan,,Taoyuan,338018,http://www.sunbrothers.com.tw,Micro Cap,TW0003489001,,BBG000NDYV45,BBG000NDYTL1,BBG001SQLWG8,False
3490.TWO,Single Well Industrial Corporation,"Single Well Industrial Corporation designs, produces, and sells molds and auto machines in Taiwan, Japan, and internationally. The company offers semi-conductor and LED molding, IC molding, deflashing, trimming, and forming dies, as well as parts of dies, including overhauling on molding dies. It also provides deflash/trim/singulator auto machines, test products, handlers, tapings, auto loaders, solder dippings, epoxy dispensing products, insert tubes, manu press, and parts. In addition, the company offers package molds, such as resistors/diodes and sim/flash drives; and automated machineries, including photo couplers, high powers, semiconductors, LEDs, and IRMs, as well as engages in solar energy business. It serves manufacturers of electronic parts and semi-conductors. Single Well Industrial Corporation was founded in 1989 and is headquartered in New Taipei City, Taiwan.",TWD,Information Technology,Semiconductors & Semiconductor Equipment,Semiconductors & Semiconductor Equipment,TWO,ROCO,Taipei Stock Exchange,Taiwan,,New Taipei City,235,http://www.singlewell.com.tw,Micro Cap,TW0003490009,,BBG000PBDP61,BBG000PBDMS4,BBG001SR00P9,False
3491.TWO,"Universal Microwave Technology, Inc.","Universal Microwave Technology, Inc. designs, develops, and manufactures custom microwave/mm-wave devices, sub-systems, and antennas for broadband wireless communications. The company's products comprise diplexers, filters, couplers, OMT products, Eband/millimeter-wave products, distributed antenna systems, hanger clamp sets, Ku/Ka band OMT and filter assemblies, waveguide components, circulators/isolators, cable assemblies, flexible waveguides, antennas, die-casting and machined parts, and remote mount kits. Its products are used in point-to-point, cellular, VSAT, WiMAX, and LTE applications. The company was founded in 1999 and is headquartered in Keelung City, Taiwan.",TWD,Information Technology,Technology Hardware & Equipment,Communications Equipment,TWO,ROCO,Taipei Stock Exchange,Taiwan,,Keelung City,206,http://www.umt-tw.com,Mid Cap,TW0003491007,,BBG000BN9890,BBG000BN97Q3,BBG001SF3367,False
3492.TWO,Advanced Connection Technology Inc.,"Advanced Connection Technology Inc. is a company listed on the Taipei Stock Exchange under the ticker 3492. It operates in the Electronic Equipment, Instruments & Components industry within the Information Technology sector. The company is headquartered in New Taipei City, Taiwan.",TWD,Information Technology,Technology Hardware & Equipment,"Electronic Equipment, Instruments & Components",TWO,ROCO,Taipei Stock Exchange,Taiwan,,New Taipei City,251,https://www.actt.co,Nano Cap,TW0003492005,,BBG000C4T1T2,BBG000C4T1J3,BBG001SLGNN7,False
3498.TWO,"Usun Technology Co., Ltd.","Usun Technology Co., Ltd. engages in the flat panel display, customization equipment, intelligent manufacturing system integration, and PCB/FPC industrial automation businesses in Taiwan. It provides dense unpackers; automated handling systems; tap cleaners; polarizers/E papers/OCA/LOCA laminators; PR/OC/PI slit coaters; and LCM+B/L module auto assembly lines. The company also offers mask production equipment, timber industry equipment, de-mura+gamma turing automatic detection equipment, laser scanning system, AVI materials loading and unloading machine, goods retrieval equipment, open cap and remove film machine, auto laminators, automatic sole edge grinding machines, lithium battery production equipment, and LENS mounts. In addition, it provides pallet based automatic storage systems, bin storage systems, warehousing management systems, and sorting systems; and PCB and CCL auto assembly systems, laminated steel auto cleaners, and CCL auto testing and cutting systems, as well as article holders. Usun Technology Co., Ltd. was founded in 1981 and is headquartered in Taoyuan City, Taiwan.",TWD,Industrials,Capital Goods,Machinery,TWO,ROCO,Taipei Stock Exchange,Taiwan,,Taoyuan City,337,http://www.usuntek.com.tw,Small Cap,TW0003498002,,BBG000N017S6,BBG000N016Y1,BBG001SQGQX8,False
3499.TWO,GlobalSat WorldCom Corporation,"GlobalSat WorldCom Corporation manufactures and sells GPS receivers and module makers worldwide. It offers sports and outdoor products, such as Bike Computer, GPS Watch, Heart Rate Monitor, Triathlon Watch, and Wrist Band GPS cycling; and tracking devices, including asset tracker, AVL tracker, personal tracker, animal tracker. The company also provides IoT/M2M products comprising LoRaWAN devices, NB-loT Sigfox, LoRa M.O.S.T; accessories, which include GPS modules, GPS engine boards, GPS data loggers, wireless locators, and GPS active antennas. In addition, it provides customization services of electronic designs, system integration, and software development to meet the project requirements. The company's products are bundled into the clients' system products, such as tablet PCs, notebooks, and smartphones. It primarily exports its products to Europe and North America, as well as sells its products in other regions through channel distributors. The company was founded in 2000 and is headquartered in New Taipei City, Taiwan.",TWD,Information Technology,Technology Hardware & Equipment,"Electronic Equipment, Instruments & Components",TWO,ROCO,Taipei Stock Exchange,Taiwan,,New Taipei City,,http://www.globalsat.com.tw,Nano Cap,TW0003499000,,BBG000GYN7T5,BBG000GYN715,BBG001SP21L3,False
3508.TWO,"Ways Technical Corp., Ltd.","Ways Technical Corp., Ltd. engages in the various processing services and professional material development. It offers plastic, metal, and assembly center injection equipment and other products; tooling equipment; surface treatment injection molding; SMT products; and organic photovoltaics products. The company was founded in 2001 and is based in Dayuan, Taiwan.",TWD,Materials,Materials,Chemicals,TWO,ROCO,Taipei Stock Exchange,Taiwan,,Yangmei,326,http://www.waystech.net,Micro Cap,TW0003508008,,BBG000PTL4N1,BBG000PTL497,BBG001SRDVL1,False
3511.TWO,Simula Technology Inc.,"Simula Technology Inc. designs, manufactures, and sells connectors, cables, and accessories in Taiwan, China, Europe, the United States, Asia, and Europe. It offers audio and DC jacks; solutions for wearable devices, such as pogo pin and pad, magnetic pogo connections, and wireless charging magnets and coil modules; USB products; plugs, receptacles, and cable assemblies; fleet asset management interconnect solutions; and customized solutions. Its product applications include consumer electronics, fleet telematics, medical and healthcare, and industrial and outdoor applications. Simula Technology Inc. was founded in 1990 and is headquartered in Taoyuan, Taiwan.",TWD,Information Technology,Technology Hardware & Equipment,"Electronic Equipment, Instruments & Components",TWO,ROCO,Taipei Stock Exchange,Taiwan,,Taoyuan City,,http://www.simulatechnology.com,Nano Cap,TW0003511002,,BBG000TX85B3,BBG000TX84X2,BBG001T0PG75,False
3512.TWO,"Huang Long Development Co.,Ltd.","Huang Long Development Co.,Ltd. manufactures electronic components in Taiwan. It is also involved in the development, leasing, and sale of residential buildings; and real estate trading business. The company was formerly known as Neng Tyi Precision Industries Co., Ltd. and changed its name to Huang Long Development Co.,Ltd. in June 2018. Huang Long Development Co.,Ltd. was founded in 1981 and is based in Taipei City, Taiwan.",TWD,Real Estate,Real Estate,Real Estate Management & Development,TWO,ROCO,Taipei Stock Exchange,Taiwan,,Taipei,110,http://www.hldc.com.tw,Micro Cap,TW0003512000,,BBG000P3KH87,BBG000P3KGS7,BBG001SQWC43,False
3516.TWO,ADO Optronics Corporation,"ADO Optronics Corporation provides lighting products in Taiwan. It offers commercial lighting, indoor and outdoor LED lighting, and plastic injection products. The company was founded in 1991 and is based in Taoyuan, Taiwan.",TWD,Industrials,Capital Goods,Electrical Equipment,TWO,ROCO,Taipei Stock Exchange,Taiwan,,Taoyuan City,334-55,http://www.adotek.com.tw,Nano Cap,TW0003516001,,BBG000C130D5,BBG000C13009,BBG001SKLC93,False
3520.TWO,"Jhen Vei Electronic Co., Ltd.","Jhen Vei Electronic Co., Ltd. engages in the manufacture and sale of a range of wires and cables. The company offers USB, DC, DP, DVI, VGA, audio, and RCA cables; and wire harness and internet safety products. Its products are used for transmitting power or signals on PC, notebook computers, tablets, smart phones, portable navigation devices, smart home devices, household appliances, vehicular equipment, industrial instrument, camcorders, TVs or stereos, speakers, and USB and other electronic devices. The company also provides network security services to communications, corporations, education, and gaming industries. Jhen Vei Electronic Co., Ltd. was founded in 1986 and is headquartered in New Taipei City, Taiwan.",TWD,Information Technology,Technology Hardware & Equipment,"Electronic Equipment, Instruments & Components",TWO,ROCO,Taipei Stock Exchange,Taiwan,,New Taipei City,241,http://www.jve-tech.com,Nano Cap,TW0003520003,,BBG000DRC7G9,BBG000DRC797,BBG001SN4Q95,False
3521.TWO,"TSG Development Co., Ltd.","DataVan International Corporation provides POS solutions worldwide. The company offers POS terminals, embedded box PCs, touch monitors, touch systems, kiosks, and POS peripherals comprise cash drawers, thermal printers, and system attachments. It offers solutions for the retail and foodservice industries. The company was founded in 1986 and is headquartered in New Taipei City, Taiwan.",TWD,Information Technology,Technology Hardware & Equipment,"Technology Hardware, Storage & Peripherals",TWO,ROCO,Taipei Stock Exchange,Taiwan,,New Taipei City,235,http://www.datavan.com.tw,Micro Cap,TW0003521001,,BBG000GCFD19,BBG000GCFCC9,BBG001SNWS72,False
3522.TWO,"Toplus Global Co., Ltd.","Toplus Global Co., Ltd. engages in the food and beverage business in Taiwan. It operates 3 seafood restaurants under the DingXian brand; and 8 wedding halls and 1 marine manor under the AmazingHall brand. The company was founded in 2001 and is based in New Taipei City, Taiwan.",TWD,Consumer Discretionary,Consumer Services,"Hotels, Restaurants & Leisure",TWO,ROCO,Taipei Stock Exchange,Taiwan,,New Taipei City,235,http://www.toplusglobal.com,Nano Cap,TW0003522009,,BBG000C32Y57,BBG000C32XL1,BBG001SL3TW8,False
3523.TWO,"EFUN Technology Co.,Ltd","EFUN Technology Co.,Ltd develops, manufactures, and sells various optical products in Taiwan and internationally. The company's products include quantum- dot films, high-brightness 2D/3D home projection screens, ITO transparent conductive films, surface structure diffusion films, anti-fog films, anti-blue light films, anti- electromagnetic interference films, anti-reflective films, water blocking films, non-conductive vacuum metallization coatings, screen protectors, and nano silver antibacterial films, as well as anti-bacterial, anti-splash, and anti-epidemic protective gears. The company was founded in 2000 and is headquartered in Tainan City, Taiwan.",TWD,Information Technology,Technology Hardware & Equipment,"Electronic Equipment, Instruments & Components",TWO,ROCO,Taipei Stock Exchange,Taiwan,,Tainan City,,http://www.efun.com.tw,Nano Cap,TW0003523007,,BBG000C0FTF9,BBG000C0FT69,BBG001SKC570,False
3526.TWO,"Alltop Technology Co., Ltd.","As of February 26, 2021, operates as a subsidiary of Pan Jit International Inc.",TWD,Information Technology,Technology Hardware & Equipment,"Electronic Equipment, Instruments & Components",TWO,ROCO,Taipei Stock Exchange,Taiwan,,New Taipei City,,http://www.alltopconnector.com,Small Cap,TW0003526000,,BBG000Q9RQ31,BBG000Q9RPJ6,BBG001SRZ810,False
3527.TWO,"Macroblock, Inc.","Macroblock, Inc. supplies LED drivers for display, backlighting, and lighting applications worldwide. The company's products include display, local dimming backlight, RGB lighting, automotive lighting and display, DC/DC controller and DC/DC convertor, isolated and non-isolated AC/DC controller, and linear regulator LED driver ICs. It also provides Hawkeye solution platform, a LED display solution; and micro-LED solutions. In addition, the company offers IOT technology solutions, including facial recognition, business intelligence analytics, and content management system solutions for the shopping mall, retail, and supermarket sectors. Macroblock, Inc. was incorporated in 1999 and is headquartered in Hsinchu City, Taiwan.",TWD,Information Technology,Semiconductors & Semiconductor Equipment,Semiconductors & Semiconductor Equipment,TWO,ROCO,Taipei Stock Exchange,Taiwan,,Hsinchu City,30072,http://www.mblock.com.tw,Micro Cap,TW0003527008,,BBG000GCGP20,BBG000GCGNJ7,BBG001SNWSK7,False
3529.TWO,eMemory Technology Inc.,"eMemory Technology Inc. researches, develops, manufactures, and sells flash memory integrated circuits. It offers NeoBit, a programmable logic device that embeds into various CMOS processes, including logic, mixed-mode, bipolar-CMOS-DMOS (BCD), analog, radio frequency (RF), and high-voltage (HV); and NeoFuse, a small-form-factor logic non-volatile memory technology for use in IDs, production record, encryption code, and ROM replacement, as well as analog trimming, function selection, and parameter setting applications. It also used in set-top boxes, digital TV, CMOS imaging sensors, application processors, baseband processors, LCD drivers, and power management ICs. The company also provides NeoEE, a single-poly embedded memory device for application in users preference setting in IC cards, code storage in MCUs and RFICs, configuration settings in NFC controllers, fuse devices in memory redundancy designs, and parameter trimming for analog/RF/HV/BCD circuits; and NeoMTP, a single-poly embedded memory technology for USB type-C, wireless charger, touch panels, P-Gamma, MCUs, etc. In addition, it offers NeoPUF, a hardware security technology device for Internet of Things (IoT) applications; EcoBit, an embedded logic multiple-time programmable solution for passive RFID tags, lower power sensors, battery-saving mobile ICs, and other IoT chips; Green platform for code storage in microcontrollers or speech ICs; and MagnaChip EEPROM, an IP block device for code storage in microcontrollers, and RFICs, parameter trimming for analog/RF/HV circuits. It serves semiconductor foundries, integrated devices manufacturers, and fabless design houses in Taiwan and internationally. eMemory Technology Inc. was founded in 2000 and is headquartered in Zhubei, Taiwan.",TWD,Information Technology,Semiconductors & Semiconductor Equipment,Semiconductors & Semiconductor Equipment,TWO,ROCO,Taipei Stock Exchange,Taiwan,,Zhubei,30288,http://www.ememory.com.tw,Mid Cap,TW0003529004,,BBG000CFGTZ3,BBG000CFGTF5,BBG001SLWWK2,False
3531.TWO,"Shian Yih Electronic Industry Co.,Ltd","Shian Yih Electronic Industry Co.,Ltd manufactures and sells light emitting diode (LED) back light modules. It provides small to medium size LED back light modules, motorcycle and vehicle LED headlight modules, light guide films, and plastic injection molding products, as well as LED packaging, design, and fabrication services. The company was founded in 1979 and is headquartered in Taichung, Taiwan.",TWD,Information Technology,Semiconductors & Semiconductor Equipment,Semiconductors & Semiconductor Equipment,TWO,ROCO,Taipei Stock Exchange,Taiwan,,Taichung,,http://www.shianyih.com,Nano Cap,TW0003531000,,BBG000QG5CJ3,BBG000QG5BT4,BBG001SS4MP5,False
3537.TWO,"Podak Co., LTD.","Podak Co., LTD. operates as a sales agent in Taiwan and internationally. The company offers active and passive components, such as polymer solid, aluminum electrolytic, plastic, and gold capacitors, as well as variable resistors, inductors, power choke coils, diodes, transistors, chip fuses, integrated circuits, batteries, remote controls, motors, and other products. It also provides car electronic components, Blu-ray storage, power capacitor, smart energy saving, automatic equipment, and CO2 heat pumps, as well as high-definition closed-circuit television, consumer monitoring, and camera module solutions. Podak Co., LTD. was founded in 1987 and is headquartered in Taipei, Taiwan.",TWD,Industrials,Capital Goods,Electrical Equipment,TWO,ROCO,Taipei Stock Exchange,Taiwan,,Taipei,104,http://www.podak.com.tw,Micro Cap,TW0003537007,,BBG000QMW6V9,BBG000QMW6L0,BBG001SSD313,False
3540.TWO,"Thermaltake Technology Co., Ltd.","Thermaltake Technology Co., Ltd. provides entertainment, e-sports, technology, and lifestyle products worldwide. It offers cases, power supplies, and coolers under the Thermaltake brand; keyboards, headsets, mice, and accessories under the Tt eSPORTS brand name; and mobile accessories under the LUXA2 brand. The company also operates an e-shopping site under the Tt Buy brand name. It serves its customers through distributors and retailers. The company was founded in 1999 and is headquartered in Taipei, Taiwan.",TWD,Information Technology,Technology Hardware & Equipment,"Technology Hardware, Storage & Peripherals",TWO,ROCO,Taipei Stock Exchange,Taiwan,,Taipei,114,http://www.thermaltakecorp.com,Micro Cap,TW0003540001,,BBG000M1HM87,BBG000M1HLD3,BBG001SQ6SV7,False
3541.TWO,"Cypress Technology Co.,Ltd.","Cypress Technology Co.,Ltd. designs, manufactures, and sells AV and multimedia products. The company provides matrixes, splitters, switchers, extenders, scalers, video and audio products, control systems, and other products. Its products are primarily designed for signal management for home theater integration, AV signal distribution within mega stores, video production, video picture enhancement or signal format conversion, distribution, and switching. The company was founded in 1989 and is based in New Taipei City, Taiwan.",TWD,Information Technology,Technology Hardware & Equipment,"Electronic Equipment, Instruments & Components",TWO,ROCO,Taipei Stock Exchange,Taiwan,,New Taipei City,23585,http://en.cypress.com.tw,Nano Cap,TW0003541009,,BBG000BNY2D0,BBG000BNY204,BBG001SFHY91,False
3546.TWO,"USERJOY Technology Co.,Ltd.","USERJOY Technology Co., Ltd. researches, develops, and sells online and mobile games software in Taiwan and internationally. It offers PC, massively multiplayer online, web, home console, AR/VR, and other games. The company was founded in 1995 and is based in New Taipei City, Taiwan.",TWD,Communication Services,Media & Entertainment,Entertainment,TWO,ROCO,Taipei Stock Exchange,Taiwan,,New Taipei City,,http://www.uj.com.tw,Micro Cap,TW0003546008,,BBG000M4T1N7,BBG000M4T022,BBG001SQ7VF7,False
3548.TWO,"Jarllytec Co. , Ltd.","Jarllytec Co., Ltd. researches, develops, manufactures, and sells various hinges in Taiwan, China, the United States, Thailand, and internationally. It offers hinges for NB, LCD, LCD TVs, cell phones, PDAs, office equipment, in-car handheld type products, 3C products, medical equipment, fiber optic connectors, fiber optic patchcords, RF connectors, fiber optic splitters, fiber optic attenuators, fiber optic terminators, and couplers/WDMs, as well as metal injection/MIM. The company was founded in 1992 and is headquartered in New Taipei City, Taiwan.",TWD,Information Technology,Technology Hardware & Equipment,"Electronic Equipment, Instruments & Components",TWO,ROCO,Taipei Stock Exchange,Taiwan,,New Taipei City,,http://www.jarlly.com,Micro Cap,TW0003548004,,BBG000P7Y4D6,BBG000P7Y3Y5,BBG001SQYMT2,False
3551.TWO,Shih Her Technologies Inc.,"Shih Her Technologies Inc. provides precision clean and reborn treatment for semiconductor, photoelectricity, and solar energy's manufacturing equipment parts. The company was founded in 1977 and is headquartered in Hsinchu City, Taiwan.",TWD,Information Technology,Semiconductors & Semiconductor Equipment,Semiconductors & Semiconductor Equipment,TWO,ROCO,Taipei Stock Exchange,Taiwan,,Hsinchu City,30352,http://www.sht.com.tw,Small Cap,TW0003551008,,BBG000QXPYM2,BBG000QXPY33,BBG001SSTHK4,False
3552.TWO,"Tung Thih Electronic Co., Ltd.","Tung Thih Electronic Co., Ltd. manufactures and supplies automotive electronics in Taiwan, Asia, Europe, the United States, Australia, and internationally. It offers ultrasonic parking assistance systems, vehicle anti-theft devices, car door lock actuators, interior rear mirror systems, car video systems, wireless tire pressure monitor systems, body control modules, and vehicle electric peripherals and services. The company was founded in 1979 and is based in Taoyuan City, Taiwan.",TWD,Consumer Discretionary,Automobiles & Components,Auto Components,TWO,ROCO,Taipei Stock Exchange,Taiwan,,Taoyuan City,,http://www.tungthih.com,Micro Cap,TW0003552006,,BBG000RJJKZ5,BBG000RJJKR4,BBG001STQHJ7,False
3555.TWO,"BaaS Innovation Co., Ltd.","iROC Co., Ltd. engages in the research and development, and sale of natural products in Japan. The company offers drinking water under the VACHI; skin care products under the QINGSKIN; and chicken essence under the DDDrops brand names. It serves customers through online shops and distributors. The company was formerly known as Skymedi Corporation. iROC Co., Ltd. was founded in 2003 and is based in New Taipei City, Taiwan.",TWD,Information Technology,Semiconductors & Semiconductor Equipment,Semiconductors & Semiconductor Equipment,TWO,ROCO,Taipei Stock Exchange,Taiwan,,New Taipei City,235,http://www.iroc.com.tw,Micro Cap,TW0003555009,,BBG000PVQHH9,BBG000PVQH25,BBG001SRGJ99,False
3556.TWO,eGalax_eMPIA Technology Inc.,"eGalax_eMPIA Technology Inc. provides touch panel solutions. The company offers projected capacitive IC and controller solutions, resistive touch solutions, surface capacitive touch controllers, surface acoustic wave touch sensors and controllers, and accessories. It serves the industrial, commercial, gaming, medical, banking, military, transportation, and consumer electronic sectors. eGalax_eMPIA Technology Inc. was founded in 2000 and is headquartered in Taipei City, Taiwan.",TWD,Information Technology,Semiconductors & Semiconductor Equipment,Semiconductors & Semiconductor Equipment,TWO,ROCO,Taipei Stock Exchange,Taiwan,,Taipei,11492,http://www.eeti.com.tw,Micro Cap,TW0003556007,,BBG000PVLHG5,BBG000PVLH66,BBG001SRGBX9,False
3558.TWO,"Senao Networks, Inc.","Senao Networks, Inc., together with its subsidiaries, engages in the research, design, manufacture, and sale of wireless communication products in Taiwan. It offers enterprise wireless products, including indoor access points, outdoor PTP/PTMP, and 5G/LTE edge computing gateway; data center switches, enterprise and SMB ethernet switches, and network appliances; and outdoor fixed dome and motorized vari-focal bullet IP camera, and indoor environmental monitoring. The company also provides power supplies, such as redundant power, open frame module, and PoE injectors; voice communication comprising PSTN and VoIP systems; cloud networks; and network edge accelerator. It sells its products under the Senao and EnGenius brand names. Senao Networks, Inc. was founded in 2006 and is headquartered in Taoyuan City, Taiwan.",TWD,Information Technology,Technology Hardware & Equipment,Communications Equipment,TWO,ROCO,Taipei Stock Exchange,Taiwan,,Taoyuan City,333001,https://www.senaonetworks.com,Micro Cap,TW0003558003,,BBG000BMJQQ2,BBG000BMJQH2,BBG001SDM8B4,False
3564.TWO,"AEWIN Technologies Co.,Ltd.","AEWIN Technologies Co.,Ltd. provides network platform products and solutions in Taiwan and internationally. The company offers network appliances; general purpose and edge computing servers, and workstation products; network expansion modules; and other modules, as well as provides ODM/OEM services. Its products are used for network computing, software-defined wide area network, network functions virtualization infrastructure, multi-access edge computing/edge AI, and 5G/vRAN applications. The company was founded in 2000 and is headquartered in New Taipei City, Taiwan.",TWD,Information Technology,Technology Hardware & Equipment,"Technology Hardware, Storage & Peripherals",TWO,ROCO,Taipei Stock Exchange,Taiwan,,New Taipei City,22183,http://www.aewin.com,Micro Cap,TW0003564001,,BBG000RT4ZD0,BBG000RT4Z40,BBG001SV7YH8,False
3567.TWO,ETREND Hightech Corp.,"ETREND Hightech Corp. engages in testing and processing electronic components in Taiwan. It offers IC and wafer testing services. The company is based in Hsinchu, Taiwan.",TWD,Information Technology,Semiconductors & Semiconductor Equipment,Semiconductors & Semiconductor Equipment,TWO,ROCO,Taipei Stock Exchange,Taiwan,,Hsinchu City,302,http://www.etrendtech.com.tw,Nano Cap,TW0003567004,,BBG000RTT9G8,BBG000RTT941,BBG001SV9222,False
3570.TWO,Otsuka Information Technology Corp.,"Otsuka Information Technology Corp. agency sales of 3D computer engineering drawing CAID/CAD/CAM/CAE/PDM design software, system application consulting, online guidance, talent training, and other services in Taiwan and China. The company develops HyperPDM, a product information management system; and information security system integration applications that protect design, research, and development data. It serves manufacturing, construction, media and entertainment, information security/cloud/big data/AI industries. The company was founded in 1986 and is headquartered in New Taipei City, Taiwan. Otsuka Information Technology Corp. is a subsidiary of Otsuka Corporation.",TWD,Information Technology,Software & Services,Software,TWO,ROCO,Taipei Stock Exchange,Taiwan,,New Taipei City,220,http://www.oitc.com.tw,Micro Cap,TW0003570008,,BBG000T6N2R5,BBG000T6N2N9,BBG001SZD317,False
3577.TWO,"ICP Das Co., Ltd.","ICP Das Co., Ltd. is a company listed on the Taipei Stock Exchange under the ticker 3577. It operates in the Communications Equipment industry within the Information Technology sector. The company is headquartered in Hsinchu City, Taiwan.",TWD,Information Technology,Technology Hardware & Equipment,Communications Equipment,TWO,ROCO,Taipei Stock Exchange,Taiwan,,Hsinchu City,30351,https://www.icpdas.com,Micro Cap,TW0003577003,,BBG000TGV9R9,BBG000TGV9D4,BBG001T04WW5,False
3580.TWO,"UVAT Technology Co., Ltd.","UVAT Technology Co., Ltd. engages in the design and development of physical vapor deposition equipment and coating machines in Taiwan and internationally. The company offers sputtering equipment for use in touch panel, solar cells, LED, biotechnology, semiconductor, surface decoration coating, functional coating, and plasma treatment fields. The company also provides OEM coating services comprising appearance coatings, such as surface decorative coating, non conductive vacuum metallization/NMVM, color coating, and optical coating; and functional film coatings, including electromagnetic interference coating, anti-reflective coating, AF/AS coating, IC carrier, heat dissipating substrates, and barrier layer, as well as offers coating services for the LED industry. In addition, it provides coating services for touch screen industry consisting of indium-tin-oxide and touch module circuits; and biotechnology industry, including bio sensors, as well as offers other anti-finger print film coating services. UVAT Technology Co., Ltd. was founded in 2002 and is based in Taoyuan City, Taiwan.",TWD,Industrials,Capital Goods,Machinery,TWO,ROCO,Taipei Stock Exchange,Taiwan,,Taoyuan City,338,http://www.uvat.com,Micro Cap,TW0003580007,,BBG000TL0XQ0,BBG000TL0XH0,BBG001T0C3L2,False
3581.TWO,Zen Voce Corporation,"Zen Voce Corporation manufactures and sells optoelectronic and semiconductor dicing saws, and assembly and testing products. It engages in the design and manufacture of IC packaging machine and bumping; wafer cutting and cleaning machines; and board cutting and cleaning machines. The company also designs and manufactures test products, such as wafer test probe card PCBs; IC test HIFIX and CHANG kits; SOCKET IC test products; IC handlers; and SOCKET IC burn-in test products, as well as offers dicing and jig saws, tapes, and ball mount tooling products. It serves semiconductors, optoelectronics, microelectronics, and LCD equipment industries. The company was formerly known as Trutek Cooperation. Zen Voce Corporation was founded in 1999 and is based in Hsinchu City, Taiwan.",TWD,Information Technology,Semiconductors & Semiconductor Equipment,Semiconductors & Semiconductor Equipment,TWO,ROCO,Taipei Stock Exchange,Taiwan,,Hsinchu City,,http://www.zenvoce.com,Micro Cap,TW0003581005,,BBG000TG3MN5,BBG000TG3MC7,BBG001T02R85,False
3585.TWO,Advance Materials Corporation,"Advance Materials Corporation is a company listed on the Taipei Stock Exchange under the ticker 3585. It operates in the Electronic Equipment, Instruments & Components industry within the Information Technology sector. The company is headquartered in Taoyuan City, Taiwan.",TWD,Information Technology,Technology Hardware & Equipment,"Electronic Equipment, Instruments & Components",TWO,ROCO,Taipei Stock Exchange,Taiwan,,Taoyuan City,338,https://www.amcorp.com.tw,Micro Cap,TW0003585006,,BBG000TKS4F8,BBG000TKS413,BBG001T0BLK4,False
3587.TWO,Materials Analysis Technology Inc.,"Materials Analysis Technology Inc. provides laboratory services in the areas of materials analysis, failure analysis, and reliability testing in Taiwan, China, Japan, Singapore, Malaysia, and internationally. The company offers reliability, non-destructive, electrical failure, materials, surface, and total solutions, as well as circuit edit and sample preparation solutions. Its products are used for various applications in IC, LED, biological and Nano, solar cell, and other industries. The company was founded in 2002 and is headquartered in Hsinchu City, Taiwan.",TWD,Information Technology,Technology Hardware & Equipment,"Electronic Equipment, Instruments & Components",TWO,ROCO,Taipei Stock Exchange,Taiwan,,Hsinchu City,300,http://www.ma-tek.com,Small Cap,TW0003587002,,BBG000V2PPN2,BBG000V2PPF1,BBG001T11YT6,False
3592.TWO,Raydium Semiconductor Corporation,"Raydium Semiconductor Corporation provides integrated circuit (IC) solutions in Taiwan and internationally. It offers driver IC, power IC, touch control IC, and power management and timing controller IC solutions for artificial intelligence, Internet of Things, smart TVs, professional gaming, computer information, automotive, and industrial control products, as well as mobile and wearable devices. The company was founded in 2003 and is headquartered in Hsinchu City, Taiwan.",TWD,Information Technology,Semiconductors & Semiconductor Equipment,Semiconductors & Semiconductor Equipment,TWO,ROCO,Taipei Stock Exchange,Taiwan,,Hsinchu City,300,http://www.rad-ic.com,Small Cap,,,,,,False
3594.TWO,ARBOR Technology Corp.,"ARBOR Technology Corp. is a company listed on the Taipei Stock Exchange under the ticker 3594. It operates in the Technology Hardware, Storage & Peripherals industry within the Information Technology sector. The company is headquartered in New Taipei City, Taiwan.",TWD,Information Technology,Technology Hardware & Equipment,"Technology Hardware, Storage & Peripherals",TWO,ROCO,Taipei Stock Exchange,Taiwan,,New Taipei City,235,https://www.arbor-technology.com,Micro Cap,TW0003594008,,BBG000NZT9G8,BBG000NZT8V3,BBG001SQT9W3,False
3595.TWO,"Alliance Material Co., Ltd.","Alliance Material Co., Ltd. is a company listed on the Taipei Stock Exchange under the ticker 3595. It operates in the Electronic Equipment, Instruments & Components industry within the Information Technology sector. The company is headquartered in Zhubei, Taiwan.",TWD,Information Technology,Technology Hardware & Equipment,"Electronic Equipment, Instruments & Components",TWO,ROCO,Taipei Stock Exchange,Taiwan,,Zhubei,302,https://www.amctape.com,Small Cap,TW0003595005,,BBG000TW0YL9,BBG000TW0YH4,BBG001T0LPF0,False
3597.TWO,Avertronics Inc.,"Avertronics Inc. engages in the contract manufacturing of connectors and wire-harnesses in Taiwan and internationally. The company provides automotive wire harness modules, cables, and connectors; e-bike/e-scooter battery connectors; and renewable energy solutions, such as solar energy generator and storage products, and mobile solar lighting tower. It also offers fitness and flywheel wire harnesses, as well as electric scooter for seniors; and board to board modules, high power/high current wire harnesses, PCBA modules, sensor and protecting components, and breakers. In addition, the company provides SST temperature and automobile sensors, as well as electricity breaker for the robotics industry and Internet of Things. Avertronics Inc. was founded in 1986 and is based in Taichung, Taiwan.",TWD,Information Technology,Technology Hardware & Equipment,"Electronic Equipment, Instruments & Components",TWO,ROCO,Taipei Stock Exchange,Taiwan,,Taichung,408,http://www.avertronics.com,Nano Cap,TW0003597001,,BBG000FWKCF7,BBG000FWKBX9,BBG001T2Q4P7,False
3603.TWO,UC&GN International Corp.,"UC&GN International Corp. is a company listed on the Taipei Stock Exchange under the ticker 3603. It operates in the Retailing industry within the Consumer Discretionary sector. The company is headquartered in New Taipei, Taiwan.",TWD,Consumer Discretionary,Retailing,,TWO,ROCO,Taipei Stock Exchange,Taiwan,,New Taipei,248,https://www.u-pec.com,Nano Cap,TW0003603007,,,,BBG001SV61B7,False
3609.TWO,"HEP Tech Co., Ltd.","HEP Tech Co., Ltd. is a company listed on the Taipei Stock Exchange under the ticker 3609. It operates in the Electronic Equipment, Instruments & Components industry within the Information Technology sector. The company is headquartered in Taichung, Taiwan.",TWD,Information Technology,Technology Hardware & Equipment,"Electronic Equipment, Instruments & Components",TWO,ROCO,Taipei Stock Exchange,Taiwan,,Taichung,408,https://www.31hep.com,Nano Cap,TW0003609004,,BBG000F8N3V9,BBG000F8N3B1,BBG001T2H6V5,False
3611.TWO,"TSC Auto ID Technology Co., Ltd.","TSC Auto ID Technology Co., Ltd. is a company listed on the Taipei Stock Exchange under the ticker 3611. It operates in the Technology Hardware, Storage & Peripherals industry within the Information Technology sector. The company is headquartered in New Taipei City, Taiwan.",TWD,Information Technology,Technology Hardware & Equipment,"Technology Hardware, Storage & Peripherals",TWO,ROCO,Taipei Stock Exchange,Taiwan,,New Taipei City,231,https://usca.tscprinters.com/en,Micro Cap,TW0003611000,,BBG000GLZR07,BBG000GLZQJ9,BBG001T2YWJ3,False
3615.TWO,"AimCore Technology Co., Ltd","AimCore Technology Co., Ltd. operates as a sputtering company in Taiwan and internationally. It offers touch panel ITO glass, TN/STN LCD ITO glass, black matrix glass, and color filter top ITO glass for applications in LCD panels, touch panels, and organic ELD panels. The company was founded in 2000 and is based in Hsinchu City, Taiwan.",TWD,Information Technology,Technology Hardware & Equipment,"Electronic Equipment, Instruments & Components",TWO,ROCO,Taipei Stock Exchange,Taiwan,,Hsinchu City,30351,http://www.aimcore.com.tw,Micro Cap,TW0003615001,,BBG000C4LL61,BBG000C4LL07,BBG001SVBVL4,False
3623.TWO,Transtouch Technology Inc.,"Transtouch Technology Inc. produces and sells touch panels in Taiwan and internationally. The company offers 4-wires and 5-wires resistive touch panels, multi-point resistive touch panels and capacitive touch panels. Its products are used in HMI and multifunction printers; POS and ATMs; military and aviation; automotive industry; medical and marine applications; and gaming devices. The company was founded in 2000 and is based in Taoyuan City, Taiwan.",TWD,Information Technology,Technology Hardware & Equipment,"Electronic Equipment, Instruments & Components",TWO,ROCO,Taipei Stock Exchange,Taiwan,,Taoyuan City,333,http://www.transtouch.com.tw,Nano Cap,TW0003623005,,BBG000VFZ672,BBG000VFZ5B9,BBG001T2BCH4,False
3624.TWO,Viking Tech Corporation,"Viking Tech Corporation is a company listed on the Taipei Stock Exchange under the ticker 3624. It operates in the Electronic Equipment, Instruments & Components industry within the Information Technology sector. The company is headquartered in Hsinchu City, Taiwan.",TWD,Information Technology,Technology Hardware & Equipment,"Electronic Equipment, Instruments & Components",TWO,ROCO,Taipei Stock Exchange,Taiwan,,Hsinchu City,303,https://www.viking.com.tw,Small Cap,TW0003624003,,BBG000BJHWS6,BBG000BJHWB4,BBG001SM60B9,False
3625.TWO,C-Tech United Corp.,"C-Tech United Corp. is a company listed on the Taipei Stock Exchange under the ticker 3625. It operates in the Electrical Equipment industry within the Industrials sector. The company is headquartered in New Taipei City, Taiwan.",TWD,Industrials,Capital Goods,Electrical Equipment,TWO,ROCO,Taipei Stock Exchange,Taiwan,,New Taipei City,,https://www.c-techone.com,Nano Cap,TW0003625000,,BBG000F8KJM7,BBG000F8KHS5,BBG001T2H618,False
3627.TWO,Arima Lasers Corporation,"Arima Lasers Corporation manufactures and sells laser diodes in Taiwan. The company's products are used in various applications, including optical disk drives, optical communication networks, laser mouse, laser display, photodynamic therapy, laser printers, bar code scanners, distance measurements, levelers, etc. It also offers laser modules; high power products; surface mount device of laser diode; and OEM services, such as die bonding, in process quality check, wire bonding, cap sealing, auto laser marking, and testing services. The company was founded in 2007 and is headquartered in Taoyuan City, Taiwan.",TWD,Information Technology,Semiconductors & Semiconductor Equipment,Semiconductors & Semiconductor Equipment,TWO,ROCO,Taipei Stock Exchange,Taiwan,,Taoyuan City,324,http://www.arimalasers.com/en,Nano Cap,,,,,,False
3628.TWO,"Ablerex Electronics Co., Ltd.","Ablerex Electronics Co., Ltd. manufactures and sells uninterruptible power supplies (UPS) and power quality devices for use in industrial and informatics applications in Taiwan and internationally. The company offers energy storage systems; photovoltaic devices; UPS products and accessories; modular and standalone active power filters; automatic transfer switches; and battery monitoring systems. It also manufactures and sells solar energy equipment, as well as provides maintenance and technical services. The company was founded in 1994 and is headquartered in New Taipei City, Taiwan.",TWD,Industrials,Capital Goods,Electrical Equipment,TWO,ROCO,Taipei Stock Exchange,Taiwan,,New Taipei City,23144,http://www.ablerex.com.tw,Micro Cap,TW0003628004,,BBG000NV79T7,BBG000NV7962,BBG001T5BPF0,False
3629.TWO,"Gravitytai Co.,Ltd.","Gravitytai Co.,Ltd. manufactures and distributes indium tin oxide (ITO) conductive films. Its products are used in the manufacture of touch panels of mobile phones, personal digital assistants, and other consumer electronic products, as well as navigation systems, laptops, keyboards, and other areas. The company distributes its products in Taiwan, Mainland China, South Korea, and Japan. Gravitytai Co.,Ltd. is based in Taipei, Taiwan.",TWD,Communication Services,Media & Entertainment,Media,TWO,ROCO,Taipei Stock Exchange,Taiwan,,Taipei,11075,http://www.gravitytw.com,Nano Cap,TW0003629002,,BBG000BS5250,BBG000BS51G0,BBG001SRPB41,False
3630.TWO,"Newmax Technology Co., Ltd.","Newmax Technology Co., Ltd. engages in the manufacture, sale, and design of photographic/optical equipment, electronic parts/components, and electrical machinery/supplies in China, Taiwan, Japan, and Vietnam. It manufactures and sells optics mirror and plastic lens to optical equipment manufacturers and computer peripheral digital imaging manufacturers. The company was founded in 1999 and is based in Taichung, Taiwan.",TWD,Information Technology,Technology Hardware & Equipment,"Electronic Equipment, Instruments & Components",TWO,ROCO,Taipei Stock Exchange,Taiwan,,Taichung,438,http://www.newmax.com.tw,Micro Cap,TW0003630000,,BBG000GZT9M9,BBG000GZT8T4,BBG001T33JP7,False
3631.TWO,Chernan Metal Industrial Corp.,"Chernan Metal Industrial Corp. manufactures and sells tin and tin wire products in Taiwan. It also offers solder paste and flux products; copper and nickel; and germanium. The company was formerly known as Tunghui Tin Industry. Chernan Metal Industrial Corp. was founded in 1984 and is headquartered in Taoyuan City, Taiwan.",TWD,Industrials,Capital Goods,Machinery,TWO,ROCO,Taipei Stock Exchange,Taiwan,,Taoyuan City,333,http://www.chernan.com,Micro Cap,TW0003631008,,BBG000BM08T9,BBG000BM07Y5,BBG001SP8Z87,False
3632.TWO,Papago Inc.,"Papago Inc. produces and sells vehicle communication devices in Taiwan and internationally. It offers driving recorders; GPS satellite navigation products, such as handheld navigation, car navigation, and car mounted android machine products; electronic rearview mirrors; wireless tire pressure detectors; electronic signage; smart life products; and face recognition solutions. The company offers its products online, as well as through retail stores. Papago Inc. was founded in 2001 and is headquartered in Taipei, Taiwan.",TWD,Information Technology,Software & Services,Software,TWO,ROCO,Taipei Stock Exchange,Taiwan,,Taipei,11494,http://tw.papagoinc.com,Nano Cap,TW0003632006,,BBG000C0NDY4,BBG000C0NDG4,BBG001STP363,False
3633.TWO,Epoch Chemtronics Corp.,"Epoch Chemtronics Corp. manufactures and sells backlight modules in Taiwan. It offers LED products, including panel, down, integrated, task, shelf, and art panel lights. The company's products are used in a range of applications, such as GPS, smart phones, tablets, and industrial computers. It markets and sells its products under the Epoch Lighting brand name. The company was founded in 1997 and is headquartered in Hsinchu City, Taiwan.",TWD,Information Technology,Technology Hardware & Equipment,"Electronic Equipment, Instruments & Components",TWO,ROCO,Taipei Stock Exchange,Taiwan,,Hsinchu City,30252,http://www.lighting-epoch.co.uk,Micro Cap,TW0003633004,,BBG000BV3754,BBG000BV36L8,BBG001SSDSK7,False
3642.TWO,Unitel High Technology Corporation,"Unitel High Technology Corporation produces and sells custom rubber and plastic parts for use in the commercial and industrial electronic products worldwide. The company offers rubber molding products, such as foot pads, earphone covers, microphone covers, waterproof rings, internal mechanism gaskets, self-adhesive rubber etc.; plastic single and double injection products, including buttons, doors, thrust sliding cover, battery cover switch, headphone jack protection cover etc.; button products; and metal, plastic, and rubber heterogeneous material combination products used for mobile phones, laptops, cameras, and other 3C products. The company was formerly known as Unitel Rubber Corporation and changed its name to Unitel High Technology Corporation in June 2006. Unitel High Technology Corporation was founded in 1989 and is headquartered in New Taipei City, Taiwan.",TWD,Consumer Discretionary,Automobiles & Components,Auto Components,TWO,ROCO,Taipei Stock Exchange,Taiwan,,New Taipei City,114,http://www.unitelgroups.com,Nano Cap,,,,,,False
3646.TWO,"ANT Precision Industry Co., Ltd","ANT Precision Industry Co., Ltd is a company listed on the Taipei Stock Exchange under the ticker 3646. It operates in the Electronic Equipment, Instruments & Components industry within the Information Technology sector. The company is headquartered in Taipei, Taiwan.",TWD,Information Technology,Technology Hardware & Equipment,"Electronic Equipment, Instruments & Components",TWO,ROCO,Taipei Stock Exchange,Taiwan,,Taipei,11493,https://www.ant-precision.com.tw,Nano Cap,TW0003646006,,BBG000QJT6D0,BBG000QJT668,BBG001T7DK10,False
3652.TWO,"Unitech Electronics Co., Ltd.","Unitech Electronics Co., Ltd. manufactures and sells automatic identification and data capture technologies worldwide. It provides mobile computer products, such as rugged smartphones, touch computers, industrial PDAs, handheld terminals, enterprise tablets, healthcare mobile computers, wearable computers, touch computers, and mobile clinical assistant; barcode scanners that include linear imager, 2D imager, laser, wireless, pocket, ESD safe, healthcare, and wearable scanners, as well as pen and slot readers; and RFID products, such as reader modules, mobile readers, handheld readers, fixed readers, portable/pocket readers, and antennas. The company also offers intelligent integrated terminals that include IP based biometric terminal; and software solutions, such as MoboLink, a device and data exchange management software, as well as StageGO solutions, a barcode-based device staging solution. It serves its customers in the fields of retail, field services, governments, healthcare, hospitality, logistics and transportation, warehousing, and manufacturing. The company was founded in 1979 and is headquartered in New Taipei City, Taiwan. Unitech Electronics Co., Ltd. operates as a subsidiary of Unitech Computer Co., Ltd.",TWD,Information Technology,Technology Hardware & Equipment,"Technology Hardware, Storage & Peripherals",TWO,ROCO,Taipei Stock Exchange,Taiwan,,New Taipei City,231,http://www.ute.com,Nano Cap,,,,,,False
3659.TWO,Bison Electronics Inc.,"Bison Electronics Inc. engages in the manufacture and sale of camera modules and computer peripheral related products in Taiwan. Its products are used in imaging products, such as video camera modules for notebook computers, industrial handheld display products, home care, automotive image related products, etc. The company was founded in 2003 and is headquartered in Taipei, Taiwan.",TWD,Information Technology,Technology Hardware & Equipment,"Technology Hardware, Storage & Peripherals",TWO,ROCO,Taipei Stock Exchange,Taiwan,,Taipei,114,http://www.bisontech.com.tw,Nano Cap,TW0003659009,,BBG000PNJX53,BBG000PNJWZ2,BBG001T5SBN4,False
3663.TWO,"ThinTech Materials Technology Co., Ltd.","ThinTech Materials Technology Co., Ltd. designs, manufactures, and sell alloys and optoelectronics materials in Taiwan, Mainland China, Japan, Europe, and the North America. Its products include sputtering targets for flat panel display planar, optical data storage, decorative and functional coating, passive component, optical element, and semi-conductive; and thin film targets for solar cell applications. It also offers flat panel display rotary sputtering targets; alloy metal powders for vacuum induction gas atomization; nickel alloy c-hook for coil wire pickling; sputtering target bonding services; precious metal refining and sales services; analytical services; and metal powder for 3D printing, as well as acid and alkali-resistance alloy, and titanium for cooking/tableware. The company was founded in 2000 and is based in Kaohsiung City, Taiwan.",TWD,Industrials,Capital Goods,Machinery,TWO,ROCO,Taipei Stock Exchange,Taiwan,,Kaohsiung,82151,http://www.e-ttmc.com.tw,Micro Cap,TW0003663001,,BBG001JY3BM0,BBG001CBD0S4,BBG001TWRBZ3,False
3664.TWO,Array Inc.,"Array Inc. engages in the research, manufacturing, and sale of application delivery controllers, high-end SSL VPN systems, remote desktop access solutions, and application acceleration and WAN optimization controllers. The company also offers network functions platform; and Zentry for modernizing secure access, which helps customers migrate to zero trust security model from perimeter model, such as firewall and VPN. It operates in the Unites States, India, Japan, China, and internationally. Array Inc. was incorporated in 2008 and is based in Milpitas, California. Array Inc. is a subsidiary of Softstar Entertainment Inc.",TWD,Information Technology,Technology Hardware & Equipment,Communications Equipment,TWO,ROCO,Taipei Stock Exchange,United States,CA,Milpitas,95035,https://www.arraynetworks.com,Nano Cap,KYG0550W1069,,BBG000D8DNR3,BBG000D8DN57,BBG001T0TMS5,False
3666.TWO,"Optivision Technology, Inc.","Optivision Technology, Inc. designs and develops optical films in Taiwan. The company offers components of the backlight modules. Its products are used in LCD backlight modules of various sizes, such as TVs, VCDs, players, projectors, etc.; notebooks, monitors, digital cameras, PDAs, tablets, and other products; mobile phones, car navigation products, etc.; electronic watches, calculators, etc.; and industrial, medical, flight, and other instruments. The company was founded in 2004 and is based in Hsinchu, Taiwan.",TWD,Information Technology,Technology Hardware & Equipment,"Electronic Equipment, Instruments & Components",TWO,ROCO,Taipei Stock Exchange,Taiwan,,Hsinchu City,300,http://www.optivtech.com,Nano Cap,TW0003666004,,BBG000M2VBM7,BBG000M2V9Z8,BBG001T4JRD3,False
3672.TWO,Connection Technology Systems Inc.,"Connection Technology Systems Inc. is a company listed on the Taipei Stock Exchange under the ticker 3672. It operates in the Communications Equipment industry within the Information Technology sector. The company is headquartered in New Taipei City, Taiwan.",TWD,Information Technology,Technology Hardware & Equipment,Communications Equipment,TWO,ROCO,Taipei Stock Exchange,Taiwan,,New Taipei City,221,https://www.ctsystem.com,Nano Cap,TW0003672002,,BBG005STV2X9,BBG005GNT455,BBG005GNT464,False
3675.TWO,Eris Technology Corporation,"Eris Technology Corporation manufactures, tests, and sells rectifier diodes, wafers, and light-emitting diodes in Taiwan, Asia, Europe, and the United States. The company offers a range of diodes, including schottky barrier, hyper fast, fast and super-fast recovery, high efficiency, general purpose, ultra-fast, and bridge rectifiers; and diodes for solar modules, transient voltage suppressors, zener diodes, current regulative diodes, small signal diodes, and ESD protection devices. It also provides soldering pads; and manufacturing services for various products using different manufacturing modes. In addition, the company wholesales electronic components. Its products have applications in networking products, LED lamps, solar junction boxes, LED drivers, smart phone chargers, automotive products, USBs, power supply products, and lithium batteries. The company offers its products primarily to original equipment companies. Eris Technology Corporation was founded in 1995 and is headquartered in New Taipei City, Taiwan. Eris Technology Corporation is a subsidiary of Diodes Incorporated.",TWD,Information Technology,Technology Hardware & Equipment,"Electronic Equipment, Instruments & Components",TWO,ROCO,Taipei Stock Exchange,Taiwan,,New Taipei City,22203,http://www.eris.com.tw,Small Cap,TW0003675005,,BBG000P40WN7,BBG000P40WB0,BBG001T5H951,False
3678.TWO,Ushine Photonics Corporation,"Ushine Photonics Corporation produces and supplies indium tin oxide (ITO) film products. The company offers ITO-films for resistive touch panels and projective capacitive touch panels; low resistivity TCO-films; optical clear adhesives; and anti-static protective films, as well as converting services. Its products are used in touch panels, flexible displays, flexible solar cells, and other products. The company was founded in 2001 and is based in Zhubei City, Taiwan.",TWD,Materials,Materials,Chemicals,TWO,ROCO,Taipei Stock Exchange,Taiwan,,Zhubei,302,http://www.ushine.com.tw,Nano Cap,TW0003678009,,BBG000PPHQP3,BBG000PPHQG3,BBG001T5TMM0,False
3680.TWO,"Gudeng Precision Industrial Co., Ltd","Gudeng Precision Industrial Co., Ltd provides technology services worldwide. The company offers mask handling solutions, such as ultraviolet reticle POD, reticle SMIF POD, and mask package; and wafer handling solutions, including front opening unified POD, multi-application carriers, FOUP, wafer cassettes, shipping boxes, and cassette boxes. It also provides equipment comprising mask cleaners and purge stations; and cleaning services, mask management and tracking systems, and mask accessories. The company was founded in 1998 and is headquartered in New Taipei City, Taiwan.",TWD,Information Technology,Semiconductors & Semiconductor Equipment,Semiconductors & Semiconductor Equipment,TWO,ROCO,Taipei Stock Exchange,Taiwan,,New Taipei City,236041,http://www.gudeng.com,Small Cap,TW0003680005,,BBG000PMMVL7,BBG000PMMVC7,BBG001T5R1P5,False
3684.TWO,"Grand-Tek Technology Co., Ltd.","Grand-Tek Technology Co., Ltd. is a company listed on the Taipei Stock Exchange under the ticker 3684. It operates in the Electronic Equipment, Instruments & Components industry within the Information Technology sector. The company is headquartered in New Taipei, Taiwan.",TWD,Information Technology,Technology Hardware & Equipment,"Electronic Equipment, Instruments & Components",TWO,ROCO,Taipei Stock Exchange,Taiwan,,New Taipei,23145,https://www.grand-tek.com,Micro Cap,TW0003684007,,BBG000Q3GG38,BBG000Q3GFZ5,BBG001T6DF22,False
3685.TWO,"Tradetool Auto Co., Ltd.","Tradetool Auto Co., Ltd. develops and sells automotive optics, metal stamping, and welding parts in Taiwan. The company offers automotive metal parts, such as metal parts stamping, metal component welding, and stamping die products. It also provides automotive optics parts, including display optical injection component; LED headlight lens and lens core; and head up displays (HUD) comprising HUD freeform mirror injection and coating, HUD freeform mirrors, HUD combiners, and VR lens. The company was formerly known as Jeng Shiang Precision Ind. Co., Ltd. and changed its name to Tradetool Auto Co., Ltd. in May 2016. Tradetool Auto Co., Ltd. was founded in 1980 and is headquartered in Taichung City, Taiwan.",TWD,Information Technology,Semiconductors & Semiconductor Equipment,Semiconductors & Semiconductor Equipment,TWO,ROCO,Taipei Stock Exchange,Taiwan,,Taichung City,407,http://www.tradetools.com.tw,Micro Cap,TW0003685004,,BBG000PRL2T3,BBG000PRL2D0,BBG001T5X542,False
3687.TWO,"MacroWell OMG Digital Entertainment Co., Ltd.","MacroWell OMG Digital Entertainment Co., Ltd. provides online games and community space. The company was formerly known as Macrowell Technology Co., Ltd. and changed its name to MacroWell OMG Digital Entertainment Co., Ltd. in August 2009. MacroWell OMG Digital Entertainment Co., Ltd. was founded in 1999 and is based in Taipei, Taiwan.",TWD,Communication Services,Media & Entertainment,Entertainment,TWO,ROCO,Taipei Stock Exchange,Taiwan,,Taipei,,http://www.omg.com.tw,Micro Cap,TW0003687000,,BBG000Q4B7Y7,BBG000Q4B7M0,BBG001T6FVT6,False
3688.TWO,"HLJ Technology Co., Ltd.","HLJ Technology Co., Ltd. manufactures and sells photoelectric semiconductors. The company offers epitaxial wafer, optical communication, light-sensor, and lighting products for proximity sensor, high-speed optical fiber communication, gesture recognition, optical sensor, laser monitor, time of flight, long distance night vision surveillance system, and optical communication applications. It also provides foundry and design services. The company was incorporated in 2001 and is based in Hsinchu City, Taiwan.",TWD,Information Technology,Semiconductors & Semiconductor Equipment,Semiconductors & Semiconductor Equipment,TWO,ROCO,Taipei Stock Exchange,Taiwan,,Hsinchu City,30351,http://www.hlj.com.tw,Micro Cap,,,,,,False
3689.TWO,U.D.Electronic Corp.,"U.D. Electronic Corp. manufactures and sells electronic components worldwide. Its products include RJ45 ICM connectors, pure connectors, LAN filters, and I/O connectors, consumer cables, surge protection devices, audio modules and dongles, and USB to RJ45 dongles, as well as automotive electronics, such as common mode filters and USB connectors. The company offers its products under the UDEJack trademark for the telecommunications, data communications, computer, industrial, and medical markets. The company was incorporated in 2005 and is based in Taoyuan City, Taiwan.",TWD,Information Technology,Technology Hardware & Equipment,"Electronic Equipment, Instruments & Components",TWO,ROCO,Taipei Stock Exchange,Taiwan,,Taoyuan City,33852,http://www.ude-corp.com,Small Cap,TW0003689006,,BBG001B8G5C5,BBG001B8G599,BBG001TJN0P1,False
3691.TWO,Giga Solar Materials Corp.,"Giga Solar Materials Corp. is a company listed on the Taipei Stock Exchange under the ticker 3691. It operates in the Electric Utilities industry within the Utilities sector. The company is headquartered in Hsinchu City, Taiwan.",TWD,Utilities,Utilities,Electric Utilities,TWO,ROCO,Taipei Stock Exchange,Taiwan,,Hsinchu City,30351,https://www.gigasolar.com.tw,Small Cap,TW0003691002,,BBG000PMVXG9,BBG000PMVWZ0,BBG001T5RDD2,False
3693.TWO,AIC Inc.,"AIC Inc. is a company listed on the Taipei Stock Exchange under the ticker 3693. It operates in the Technology Hardware, Storage & Peripherals industry within the Information Technology sector. The company is headquartered in Taoyuan City, Taiwan.",TWD,Information Technology,Technology Hardware & Equipment,"Technology Hardware, Storage & Peripherals",TWO,ROCO,Taipei Stock Exchange,Taiwan,,Taoyuan City,337,https://www.aicipc.com,Small Cap,TW0003693008,,BBG000QV06M4,BBG000QV0680,BBG001T8M496,False
3707.TWO,Episil Holding Inc.,"Episil Holding Inc. engages in the epitaxial wafer foundry, power semiconductor, and analog integrated circuit businesses in Taiwan. The company was formerly known as Episil Technologies Inc. Episil Holding Inc. was founded in 1985 and is based in Hsinchu, Taiwan.",TWD,Information Technology,Semiconductors & Semiconductor Equipment,Semiconductors & Semiconductor Equipment,TWO,ROCO,Taipei Stock Exchange,Taiwan,,Hsinchu City,,http://www.episil.com,Small Cap,TW0003707006,,BBG0077TN2Z5,BBG0069GM3Z2,BBG0069GM408,False
3709.TWO,Trigold Holdings Limited,"Trigold Holdings Limited, through its subsidiaries, sells computers and its peripherals in Taiwan and Mainland China. It also operates B2C and O2O businesses, and amusement parks. The company was founded in 1988 and is based in Taipei, Taiwan. Trigold Holdings Limited is a subsidiary of WPG Holdings Limited.",TWD,Financials,Diversified Financials,Capital Markets,TWO,ROCO,Taipei Stock Exchange,Taiwan,,Taipei,115,http://www.trigoldholdings.com,Micro Cap,TW0003709002,,BBG00HM5Z2H5,BBG00HM5Z2F7,BBG00HM5Z2J3,False
3710.TWO,ACON Holding Inc.,"ACON Holding Inc. designs, manufactures, and sells electronic components for IT, digital home applications, handheld devices, etc. The company was founded in 2017 and is based in New Taipei City, Taiwan.",TWD,Information Technology,Technology Hardware & Equipment,"Electronic Equipment, Instruments & Components",TWO,ROCO,Taipei Stock Exchange,Taiwan,,New Taipei City,231,http://www.acon-holding.com,Nano Cap,TW0003710000,,BBG00JM7CX39,BBG00JM7CX11,BBG00JM7CX48,False
3713.TWO,"Hsinjing Holding Co., Ltd.","Hsinjing Holding Co., Ltd. is a company listed on the Taipei Stock Exchange under the ticker 3713. The company is headquartered in Hsinchu City, Taiwan.",TWD,,,,TWO,ROCO,Taipei Stock Exchange,Taiwan,,Hsinchu City,302052,https://www.hsinjing-holding.com.tw,Nano Cap,TW0003713004,,BBG00RPP4NR3,BBG00RPP4NP5,BBG00RPP4NS2,False
4102.TWO,"Yung Zip Chemical Ind. Co., Ltd.","Yung Zip Chemical Ind. Co., Ltd., a bulk drug manufacturing company, supplies active pharmaceutical ingredients (APIs), API intermediates, and specialty chemicals worldwide. It offers antihypertensive, antiviral, iron chelator, anti-inflammatory, analgesic, antipyretic, anti-fungal, schizophrenia, genital herpes outbreak, hypnotic, and sedative products. The company also offers excipients, such as sodium starch glycolate; and custom research and manufacturing services. The company was founded in 1978 and is based in Taichung, Taiwan.",TWD,Health Care,"Pharmaceuticals, Biotechnology & Life Sciences",Pharmaceuticals,TWO,ROCO,Taipei Stock Exchange,Taiwan,,Taichung,43767,http://www.yungzip.com,Nano Cap,TW0004102009,,BBG000GX1G39,BBG000GX1FV0,BBG001SHGGM2,False
4105.TWO,TTY Biopharm Company Limited,"TTY Biopharm Company Limited, a pharmaceutical company, develops and markets branded generics in Taiwan and internationally. It offers oncology drugs, such as Lipo-Dox, Lonsurf, UFUR, TS-1, Pexeda, Gemmis, Oxalip, Irino, Epicin, Tynen, Anazo, Folina, Folina inj, Thado, Andason, Ivic, Asadin, Leavdo, Painkyl, Megest, Episil, Otril, and Zobonic for anti-cancer therapies. The company also provides anti-infection drugs, including Brosym, Colimycin, Cubicin, Lipo-AB, Metacin, Cepiro, and FlucelvaxQuad. In addition, it offers healthcare related drugs, such as Algitab, Alginos, Bio-Cal Plus, and Sulfin for gastrointestinal, bone, and metabolic healthcare. The company also holds a license to develop and commercialize Remimazolam, an ultra-short-acting intravenous benzodiazepine sedative/anesthetic. The company was founded in 1960 and is headquartered in Taipei, Taiwan.",TWD,Health Care,"Pharmaceuticals, Biotechnology & Life Sciences",Pharmaceuticals,TWO,ROCO,Taipei Stock Exchange,Taiwan,,Taipei,11503,http://eng.tty.com.tw,Small Cap,TW0004105002,,BBG000K8GQT3,BBG000K8GPV2,BBG001SJJLW3,False
4107.TWO,Bioteque Corporation,"Bioteque Corporation manufactures and sells medical devices in Asia, South America, North America, and internationally. The company provides medical disposables for use in hemodialysis access, endovascular treatment, and other fields. It also offers dialysis products, including hemodialysis bloodlines, A.V.F. needles, and hemodialysis catheters; interventional radiology products, such as pigtail drainage catheter sets, introducer sets, connecting tubes, drainage bags, and radiopaque dilators; urology products comprising ureteral stent sets and urine collection bags; and IV administration products, such as PVC IV infusion bags, PVC bags, and twist-off ports. In addition, the company provides respiratory care products, such as closed suction catheters, and endotracheal tubes; vascular access products comprising angiographic catheters, PTA balloon dilatation catheters, sheath introducers, guidewires, high pressure connecting tubes, PTCA balloon dilatation catheter-rapid exchange products, manifolds, and Y connectors; and medical components, including dialyzer connectors and caps, recirculating connectors with cap, rotating luer lock connectors, pump and T connectors, injection sites, female luers, and luer lock and chamber caps. Bioteque Corporation was founded in 1991 and is headquartered in Taipei City, Taiwan.",TWD,Health Care,Health Care Equipment & Services,Health Care Equipment & Supplies,TWO,ROCO,Taipei Stock Exchange,Taiwan,,Taipei,104,http://www.bioteq.com.tw/en-global/,Micro Cap,TW0004107008,,BBG000DRBYX2,BBG000DRBYK6,BBG001S6MPQ5,False
4109.TWO,"Jia Jie Biomedical Co., Ltd.","Jia Jie Biomedical Co., Ltd. is a company listed on the Taipei Stock Exchange under the ticker 4109. It operates in the Food Products industry within the Consumer Staples sector. The company is headquartered in Kaohsiung, Taiwan.",TWD,Consumer Staples,"Food, Beverage & Tobacco",Food Products,TWO,ROCO,Taipei Stock Exchange,Taiwan,,Kaohsiung,807,https://www.jiajiebio.com,Nano Cap,TW0004109004,,BBG000BGG7L5,BBG000BGG7B6,BBG001S7STM3,False
4111.TWO,"Chi Sheng Pharma & Biotech Co., Ltd","Chi Sheng Pharma & Biotech Co., Ltd is a company listed on the Taipei Stock Exchange under the ticker 4111. It operates in the Health Care Equipment & Supplies industry within the Health Care sector. The company is headquartered in Hukou, Taiwan.",TWD,Health Care,Health Care Equipment & Services,Health Care Equipment & Supplies,TWO,ROCO,Taipei Stock Exchange,Taiwan,,Hukou,30352,https://www.cscp.com.tw,Micro Cap,TW0004111000,,BBG000F7KYV6,BBG000F7KYC7,BBG001SDSJG9,False
4113.TWO,"We & Win Diversification Co., Ltd.","We & Win Diversification Co., Ltd. is a company listed on the Taipei Stock Exchange under the ticker 4113. It operates in the Construction & Engineering industry within the Industrials sector. The company is headquartered in Kaohsiung City, Taiwan.",TWD,Industrials,Capital Goods,Construction & Engineering,TWO,ROCO,Taipei Stock Exchange,Taiwan,,Kaohsiung City,813,https://kh.vvvvv.com.tw,Micro Cap,TW0004113006,,BBG000HDFW96,BBG000HDFVL4,BBG001SHNWH5,False
4114.TWO,Synmosa Biopharma Corporation,"Synmosa Biopharma Corporation, a specialty pharmaceutical company, researches and develops, manufactures, markets, and distributes pharmaceutical and healthcare products under the Synmosa brand in Taiwan. It offers its products in various therapeutic areas, including cardiovascular, respiratory, urology, sex hormone, and oncology. The company provides its products in various forms, such as effervescent tablets, granules, nasal sprays, metered dosed inhalers, and other forms. It also offers contract manufacturing services. The company also exports its products to South Africa, China, Hong Kong, Thailand, Singapore, Malaysia, Vietnam, Myanmar, Cambodia, Peru, Costa Rica, and Nicaragua. Synmosa Biopharma Corporation was incorporated in 1980 and is based in Taipei City, Taiwan.",TWD,Health Care,"Pharmaceuticals, Biotechnology & Life Sciences",Pharmaceuticals,TWO,ROCO,Taipei Stock Exchange,Taiwan,,Taipei,114,http://www.synmosa.com.tw,Small Cap,TW0004114004,,BBG000P5V247,BBG000P5V1D9,BBG001SL4W05,False
4115.TWO,"Sunder Biomedical Tech. Co., Ltd.","Sunder Biomedical Tech. Co., Ltd. is a company listed on the Taipei Stock Exchange under the ticker 4115. It operates in the Health Care Equipment & Supplies industry within the Health Care sector. The company is headquartered in Yunlin, Taiwan.",TWD,Health Care,Health Care Equipment & Services,Health Care Equipment & Supplies,TWO,ROCO,Taipei Stock Exchange,Taiwan,,Yunlin,,https://www.sunder.com.tw,Nano Cap,TW0004115001,,BBG019BR4547,BBG000MNZMX1,BBG001SKG6D7,False
4116.TWO,BenQ Medical Technology Corporation,"BenQ Medical Technology Corporation provides medical equipment, consumables, and solutions for various medical institutions and professionals worldwide. It offers operating tables, surgical lights, ultrasound systems, medical and protective masks, medical display monitors, and IQOR integrated systems. The company was formerly known as Trident Medical Corp. and changed its name to BenQ Medical Technology Corporation in June 2011. BenQ Medical Technology Corporation was founded in 1988 and is headquartered in Taipei, Taiwan.",TWD,Health Care,Health Care Equipment & Services,Health Care Equipment & Supplies,TWO,ROCO,Taipei Stock Exchange,Taiwan,,Taipei,114,http://www.benqmedicaltech.com,Micro Cap,TW0004116009,,BBG000MNZM89,BBG000MNZLR0,BBG001SKG6C8,False
4117.TWO,General Biologicals Corporation,"General Biologicals Corporation engages in manufacturing and selling in-vitro diagnostic devices and pharmaceuticals in Taiwan and internationally. It offers real-time PCR products, including IVD kits and genesis products for breast cancer; ELISA Products comprising KIWI products; RIA products for gastrin, hepatitis, and thyroid, as well as vitamin products; rapid tests consisting of blood glucose monitoring systems, and cardiac and tumor markers, as well as products related to drug abuse, fertility hormones, and infectious diseases; lab ware products; and raw materials that comprise antibodies and antigens. The company also provides protein drugs for oral candidiasis; and point of care products for liver fibrosis and breast cancer indications. In addition, it offers products for use in clinics and laboratories for preventives and cancer diagnosis, including skin and oral care, breast cancer and liver related, and advanced cancer diagnosis products, as well as healthcare and education services. General Biologicals Corporation was founded in 1984 and is headquartered in Hsinchu City, Taiwan.",TWD,Health Care,"Pharmaceuticals, Biotechnology & Life Sciences",Pharmaceuticals,TWO,ROCO,Taipei Stock Exchange,Taiwan,,Hsinchu City,30076,http://www.gbc.com.tw,Nano Cap,TW0004117007,,BBG000BXDZL9,BBG000BXDZF6,BBG001SCX7M4,False
4120.TWO,"Orient EuroPharma Co., Ltd.","Orient EuroPharma Co., Ltd. is a company listed on the Taipei Stock Exchange under the ticker 4120. It operates in the Pharmaceuticals industry within the Health Care sector. The company is headquartered in Taipei, Taiwan.",TWD,Health Care,"Pharmaceuticals, Biotechnology & Life Sciences",Pharmaceuticals,TWO,ROCO,Taipei Stock Exchange,Taiwan,,Taipei,112052,https://www.oepgroup.com,Micro Cap,TW0004120001,,BBG000BNXGT3,BBG000BNXGF8,BBG001SB1Z49,False
4121.TWO,Rossmax International Ltd.,"Rossmax International Ltd. develops and supplies healthcare products and solutions in Taiwan. The company offers activity monitor, a device for monitoring and tracking fitness-related metrics, such as distance walked or run, counting steps, and calories burned; body fat monitors that are used to measure body fat, body mass index, lean mass, muscle mass, and water ratio along with body weight; blood pressure monitors; sphygmomanometer, a device that measures blood pressure; stethoscope, an acoustic medical device for auscultation, or listening to the internal sounds; handheld pulse oximeter monitors to measure the amount of oxygen carried in the body; non-contact telephoto thermometers; and blood glucose monitoring system, a medical device for determining the approximate concentration of glucose in the blood. It also provides nebulizer, a drug delivery device used to administer medication; suction unit, a machine used to remove mucus and other bodily fluids; aero spacer, a device used to increase the ease of administering aerosolized medication; peak flow meter, a device used to monitor a person's ability to breathe out air; heating pad for therapy; and anti-decubitus mattresses. In addition, the company operates rossmax healthstyle app, which offers distributors the possibility to manage their store locations, product promotions, and local events; and health station for pharmacies, doctors, and public places. It provides healthcare products in the fields of cardiovascular, diabetes, respiratory, fever, and wound healing diseases. The company also exports its products. Rossmax International Ltd. was incorporated in 1988 and is headquartered in Taipei City, Taiwan.",TWD,Health Care,Health Care Equipment & Services,Health Care Technology,TWO,ROCO,Taipei Stock Exchange,Taiwan,,Taipei,114,http://www.rossmax.com,Nano Cap,TW0004121009,,BBG000NXBN99,BBG000NXBMW5,BBG001SKZWV9,False
4123.TWO,Center Laboratories,,TWD,Health Care,"Pharmaceuticals, Biotechnology & Life Sciences",Pharmaceuticals,TWO,ROCO,Taipei Stock Exchange,Taiwan,,,,https://www.centerlab.com.tw,Small Cap,TW0004123005,,BBG000NXBLG5,BBG000NXBKS4,BBG001SKZWT2,False
4126.TWO,"Pacific Hospital Supply Co., Ltd","Pacific Hospital Supply Co., Ltd., together with its subsidiaries, manufactures, processes, and sells medical disposable products and equipment in Taiwan. The company's disposable medical devices include tubings, bags, bottles, closed wound drainage systems, surgical suction instruments, respiratory therapy products, and other products. It also provides medical gas systems, such as medical gas outlets, secondary equipment, accessories, and pipeline equipment, as well as pipeline system design and maintenance services. Pacific Hospital Supply Co., Ltd. offers its products for health care industry clients. The company also exports its products to approximately 80 countries and regions. Pacific Hospital Supply Co., Ltd. was founded in 1977 and is headquartered in Miaoli, Taiwan.",TWD,Health Care,Health Care Equipment & Services,Health Care Equipment & Supplies,TWO,ROCO,Taipei Stock Exchange,Taiwan,,Miaoli,,http://www.pahsco.com.tw,Micro Cap,TW0004126008,,BBG000MT9QD0,BBG000MT9Q13,BBG001SKHRW9,False
4127.TWO,"Tien Liang BioTech Co., Ltd.","Tien Liang BioTech Co., Ltd. produces and sells pharmaceutical products in Taiwan and internationally. The company pills for cough, lumbar bone soreness cloth, and stool and gastric problems, as well as liver, bladder, bone pain. It also provides hair removal and skin cream; pain coagulation gel and spray; alcohol, cranberry, and deep-sea oil capsules; pumpkin seed oil; soaps; and liqueur amine-based acid. Tien Liang BioTech Co., Ltd. was founded in 1960 and is based in New Taipei City, Taiwan.",TWD,Health Care,"Pharmaceuticals, Biotechnology & Life Sciences",Pharmaceuticals,TWO,ROCO,Taipei Stock Exchange,Taiwan,,New Taipei City,,http://www.tlb.com.tw,Micro Cap,TW0004127006,,BBG000N4PRG1,BBG000N4PQQ2,BBG001SKMTV0,False
4128.TWO,"Microbio Co., Ltd.","Microbio Co., Ltd. develops and sells various therapeutics in Taiwan. It offers nutritional supplements, skin care products, and organic agricultural products. The company also provides MS-20 for ameliorating fatigue and appetite loss associated with cancer chemotherapy; and Herbiron, which reveals symptoms of iron deficiency anemia and menstrual discomfort. Its pre-clinical stage products include SNS01, SNA02, and SNA-03 to treat various types of cancers, as well as SNA-07 for cancer immune therapy; and SNP-630 to treat non-alcoholic steatohepatitis. The company's Phase I clinical trial products consist of OB-318, an anti-cancer drug; MB-110 for the treatment of hepatitis C; SNP-810, an acetaminophen; FB317 to treat moderate-to-severe allergic asthma and chronic idiopathic urticaria; and FB704A for the treatment of rheumatoid arthritis, cancer, and cytokine storms. In addition, it offers FB825, which is in Phase II clinical trial for the treatment of atopic dermatitis, allergic asthma, hyper IgE syndrome, and food allergy. Additionally, the company's Phase III clinical trial products comprise ON101 to treat diabetic foot ulcer; and MB-6 that acts as an adjuvant for metastatic colorectal cancer. Further, the company's discovery stage pipeline includes FB121 for AIDS; SNA01 to treat PD-1 related cancer; SNA02 for cancer immune therapy; and SNS01 for recurrent metastatic non-small cell lung cancer. Microbio Co., Ltd. was founded in 2000 and is based in Taipei, Taiwan.",TWD,Health Care,"Pharmaceuticals, Biotechnology & Life Sciences",Biotechnology,TWO,ROCO,Taipei Stock Exchange,Taiwan,,Taipei,115,http://www.microbio.com.tw,Micro Cap,TW0004128004,,BBG000PN7101,BBG000PN70L0,BBG001SLJ9L7,False
4129.TWO,United Orthopedic Corporation,"United Orthopedic Corporation engages in the research, development, manufacture, and sale of orthopedic implants and orthopedic surgical instruments. It offers orthopedic surgical equipment and its manufacturing equipment; and special metal and plastics materials, as well as education, service, and support for surgeons and hospital. The company's products portfolio includes artificial hip joints, including partial hip joints, joints for large trochanteric fracture, Moore hip prosthesis, and customized artificial hip joints for individual tumor patients; artificial knee joint, such as artificial knee replacement joint, revision knee replacement system, restricted artificial knee joints, and customized artificial knee joints for individual tumor patients; and spine products consisting of vertebral fixation devices. It Corporation also provides injury and other orthopedic products comprise orthopedic internal fixation, bone plates, bone nails, bone pins, and bone screws; and OEM products, such as orthopedic internal fixation. In addition, the imports and exports its products. It serves in Taiwan, Asia, the United States, Europe, Africa, and Australia. The company was founded in 1993 and is headquartered in New Taipei City, Taiwan. United Orthopedic Corporation is a subsidiary of Chi-Yi Investment Co. Ltd.",TWD,Health Care,Health Care Equipment & Services,Health Care Equipment & Supplies,TWO,ROCO,Taipei Stock Exchange,Taiwan,,New Taipei City,23452,http://www.uoc.com.tw,Micro Cap,TW0004129002,,BBG000CTY059,BBG000CTXZR9,BBG001SFSC88,False
4129A.TWO,United Orthopedic Corporation,"United Orthopedic Corporation engages in the research, development, manufacture, and sale of orthopedic implants and orthopedic surgical instruments. It offers orthopedic surgical equipment and its manufacturing equipment; and special metal and plastics materials, as well as education, service, and support for surgeons and hospital. The company's products portfolio includes artificial hip joints, including partial hip joints, joints for large trochanteric fracture, Moore hip prosthesis, and customized artificial hip joints for individual tumor patients; artificial knee joint, such as artificial knee replacement joint, revision knee replacement system, restricted artificial knee joints, and customized artificial knee joints for individual tumor patients; and spine products consisting of vertebral fixation devices. It Corporation also provides injury and other orthopedic products comprise orthopedic internal fixation, bone plates, bone nails, bone pins, and bone screws; and OEM products, such as orthopedic internal fixation. In addition, the imports and exports its products. It serves in Taiwan, Asia, the United States, Europe, Africa, and Australia. The company was founded in 1993 and is headquartered in New Taipei City, Taiwan. United Orthopedic Corporation is a subsidiary of Chi-Yi Investment Co. Ltd.",TWD,Health Care,Health Care Equipment & Services,Health Care Equipment & Supplies,TWO,ROCO,Taipei Stock Exchange,Taiwan,,New Taipei City,23452,http://www.uoc.com.tw,Micro Cap,,,,,,False
4130.TWO,"Genovate Biotechnology Co., Ltd.","Genovate Biotechnology Co., Ltd. operates as a specialty pharmaceutical company in Taiwan. It offers central nervous system drugs, cardiovascular system drugs, musculoskeletal system drugs, immune preparation drugs, anti-infective agents, anticancer drugs, anti-viral drugs, respiratory drugs, genitourinary system drugs, and gastrointestinal drugs. The company was founded in 1995 and is based in Hsinchu, Taiwan.",TWD,Health Care,"Pharmaceuticals, Biotechnology & Life Sciences",Biotechnology,TWO,ROCO,Taipei Stock Exchange,Taiwan,,Hsinchu City,30351,http://www.genovate-bio.com,Micro Cap,TW0004130000,,BBG000BCFZ06,BBG000BCFYN4,BBG001S6B3M0,True
4131.TWO,"NeoCore Technology Co., Ltd.","DR. Chip Biotechnology Incorporation designs, manufactures, and sells biochips and other related products. The company's products include food safety examination systems, human diagnosis arrays systems, agriculture examination systems, food examination arrays systems, and laboratory instruments, as well as DNA kits. It also offers laboratory planning, design, and other services. The company was founded in 1998 and is based in Taichung, Taiwan.",TWD,Health Care,"Pharmaceuticals, Biotechnology & Life Sciences",Biotechnology,TWO,ROCO,Taipei Stock Exchange,Taiwan,,Taichung,411,http://www.bio-drchip.com.tw,Nano Cap,TW0004131008,,BBG000F3PL84,BBG000F3PKT3,BBG001SGP110,False
4138.TWO,Dynamic Medical Technologies Inc.,"Dynamic Medical Technologies Inc. is a company listed on the Taipei Stock Exchange under the ticker 4138. It operates in the Health Care Equipment & Supplies industry within the Health Care sector. The company is headquartered in New Taipei City, Taiwan.",TWD,Health Care,Health Care Equipment & Services,Health Care Equipment & Supplies,TWO,ROCO,Taipei Stock Exchange,Taiwan,,New Taipei City,23586,https://www.dmttw.com.tw,Micro Cap,TW0004138003,,BBG000Q2B6J0,BBG000Q2B539,BBG001T6C053,False
4139.TWO,Ma Kuang Healthcare Holding Limited,"Kuang Healthcare Holding Limited, an investment holding company, provides medical services in Taiwan. The company offers TCM healthcare services, such as TCM orthopedic, weight management, pain management, examination, and TCM aftercare services; and TCM consultation, acupuncture, TuiNa therapy, cupping, Gua Sha/Scrapping, and TDP lamp services. It also provides Chinese medicinal powders, healthcare products, and Chinese proprietary medicines. The company operates 20 TCM clinics and TuiNa centres. Kuang Healthcare Holding Limited was founded in 2009 and is headquartered in George Town, the Cayman Islands.",TWD,Health Care,Health Care Equipment & Services,Health Care Providers & Services,TWO,ROCO,Taipei Stock Exchange,Cayman Islands,,George Town,,http://www.makuanggroup.com,Micro Cap,KYG5831M1087,,BBG000PQ6089,BBG000PQ6034,BBG001T5VJ71,False
4147.TWO,TaiMed Biologics Inc.,"TaiMed Biologics Inc., a biotechnology company, develops health-care products. The company develops and markets TMB-355, a humanized monoclonal antibody intravenous infusion for the treatment of HIV-1 infection. It is also developing TMB-355, a humanized monoclonal antibody intramuscular injection, which is in Phase II clinical trial for treating HIV-1; TMB-355, humanized monoclonal antibody intravenous push that is in Phase II clinical trial for the treatment of HIV-1 infection; TMB-365, an anti-CD4 recombinant humanized monoclonal antibody, which is in Phase I clinical trial for treating HIV infections; TMB-Bispecific, a bispecific neutralizing antibody that is in Phase I clinical trial to treat HIV infections; and TMB-ADC, an antibody–drug conjugate for treating HIV infection, as well as VRC07-523LS, a neutralizing HIV-1 antibody. The company was founded in 2007 and is based in Taipei City, Taiwan.",TWD,Health Care,"Pharmaceuticals, Biotechnology & Life Sciences",Biotechnology,TWO,ROCO,Taipei Stock Exchange,Taiwan,,Taipei,11492,http://www.taimedbiologics.com,Small Cap,TW0004147004,,BBG000R2VC95,BBG000R2V9N6,BBG001T91M06,False
4150.TWO,"Unicon Optical Co., Ltd.","Unicon Optical Co., Ltd. manufactures and sells contact lenses primarily for ODM/OEM market in Taiwan. The company offers disposable contact, coating design color, aspheric, and silicone lenses. It also exports its products to Japan, China, Germany, the Netherlands, Italy, Poland, Russia, Canada, India, South Africa, and Singapore. The company was founded in 1992 and is based in Hsinchu, Taiwan.",TWD,Health Care,Health Care Equipment & Services,Health Care Equipment & Supplies,TWO,ROCO,Taipei Stock Exchange,Taiwan,,Hsinchu,30075,http://www.unicon.com.tw,Nano Cap,TW0004150008,,BBG0015TC2P3,BBG0015TC2M6,BBG001TC6413,True
4151.TWO,"Strength Master Fitness Tech Co.,Ltd.","Strength Master Fitness Tech Co.,Ltd. manufactures and sells fitness equipment in Taiwan. The company offers treadmills, exercise and recumbent bikes, and elliptical trainers. It also provides Interactive Health Partner, a medically-based system; and Fit Plus(Fit +) App and FitPlus(BLE) App, which moves various functions on treadmills and bike consoles to phones or tablets. The company was founded in 1994 and is based in Changhua, Taiwan.",TWD,Consumer Discretionary,Consumer Services,"Hotels, Restaurants & Leisure",TWO,ROCO,Taipei Stock Exchange,Taiwan,,Changhua,513,http://www.strengthmaster.com,Micro Cap,,,,,,False
4152.TWO,"Taiwan Liposome Company, Ltd.","Taiwan Liposome Company, Ltd., a clinical-stage specialty pharmaceutical company, engages in the development and commercialization of nanomedicines that combine its proprietary lipid-assembled drug delivery platform with approved active pharmaceutical ingredients (APIs). The BioSeizer lipid formulation technology is designed to enable local sustained release and fast onset of APIs at the site of disease or injury with enhanced pharmacokinetic (PK) control by customization of lipid layers; and NanoX active drug loading technology enables the potential for reduced dosing frequency and enhanced distribution of liposome-encapsulated APIs to the desired site. Its lead product candidate is TLC599, an intraarticular injectable BioSeizer formulation of the API steroid dexamethasone sodium phosphate (DSP), which is in Phase III clinical trial for the treatment of knee osteoarthritis pain. The company's product candidates also comprise TLC590, a non-opioid BioSeizer formulation of the API ropivacaine that has completed Phase II clinical trial to treat post-surgical pain; TLC399, a multilamellar and multivesicular BioSeizer formulation of DSP, which is in Phase II clinical trial for ophthalmology indications; TLC178, an API that is in Phase I/II dose escalation trial to treat rhabdomyosarcoma; and TLC19 that is in Phase I clinical trial to treat COVID-19.Taiwan Liposome Company, Ltd. was founded in 1997 and is headquartered in Taipei, Taiwan.",TWD,Health Care,"Pharmaceuticals, Biotechnology & Life Sciences",Biotechnology,TWO,ROCO,Taipei Stock Exchange,Taiwan,,Taipei,11503,http://www.tlcbio.com,Micro Cap,,,,,,False
4153.TWO,"DIVA Laboratories, Ltd.","DIVA Laboratories, Ltd. is a company listed on the Taipei Stock Exchange under the ticker 4153. The company is headquartered in New Taipei City, Taiwan.",TWD,,,,TWO,ROCO,Taipei Stock Exchange,Taiwan,,New Taipei City,235602,https://www.diva.com.tw,Micro Cap,TW0004153002,,BBG0016WRRT0,BBG0016WRRR2,BBG001TCMVP9,False
4154.TWO,"Raku Co., Ltd","Kino Co., Ltd. engages in the development and selling of healthcare and beauty products in Malaysia, Singapore, China, Taiwan, and internationally. It operates through Functional Drinks, Health Care Products, Food Service and Entertainment, Performing arts, and Others segments. The company offers nutraceutical products, including health related enhancement functional drinks, as well as health pads and herbal tea under the Kinohimitsu brand; and facial mask, cleanser, slimming cream, and other skincare products under the Activa and Xpertise brands. It is also involved in the business of restaurant and entertainment, conduction of artistic performance activities, production and brokerage, and sale of tickets. In addition, the company engages in the production of fine metal accessories. The company sells its products through pharmacies, departmental chains, hypermarkets, and health and beauty stores. It operates a network of approximately 5,000 physical channels. The company was formerly known as Kino Biotech Co., Ltd. The company was incorporated in 2010 and is headquartered in Camana Bay, the Cayman Islands.",TWD,Consumer Staples,"Food, Beverage & Tobacco",Beverages,TWO,ROCO,Taipei Stock Exchange,Cayman Islands,,Camana Bay,KY1-9007,http://www.kinobiotech.com,Nano Cap,KYG527551082,,BBG001XYS8J8,BBG001XYS8G1,BBG001XYS8L5,False
4157.TWO,TaiGen Biopharmaceuticals Holdings Limited,"TaiGen Biopharmaceuticals Holdings Limited, a pharmaceutical company, develops novel therapeutics for infectious diseases and other indications worldwide. The company develops Taigexyn (Nemonoxacin), a non-fluorinated quinolone antibiotic for the treatment of bacterial infections. It is also developing Taigexyn for treating community-acquired pneumonia and diabetic foot infection; Burixafor, a stem cell mobilizer for stem cell transplantation and chemosenzitization; TG-1000, an influenza antiviral drug for treating influenza A, B; and Furaprevir, a hepatitis C virus protease inhibitor for the treatment of chronic hepatitis C. The company was founded in 2001 and is based in Taipei City, Taiwan.",TWD,Health Care,"Pharmaceuticals, Biotechnology & Life Sciences",Biotechnology,TWO,ROCO,Taipei Stock Exchange,Taiwan,,Taipei,11470,http://www.taigenbiotech.com.tw,Micro Cap,KYG866171005,,BBG0055NWZ45,BBG0055NWZ18,BBG0055NWZ27,False
4160.TWO,Genetics Generation Advancement Corp.,"Genetics Generation Advancement Corp. provides genetic testing and informatics services in Taiwan, Asia, Europe, and the Americas. The company offers pre-implantation stage, prenatal stage, newborn medical examination, health management, reproductive medicine, obstetrics and gynecology, neonatology and pediatrics, allergy/immunology/rheumatology, gastroenterology and hepatology, oncology, cardiology, and medical research testing services, as well as counseling services for clinicians and patients to identify genetic risks, genetic testing options, interpret the implications of the test results, and help patients make informed healthcare decisions. It also provides bioinformatics and computational life sciences, materials sciences, laboratory informatics, and enterprise quality management system services. The company was formerly known as Genesis Genetics Asia Corp. and changed its name to Genetics Generation Advancement Corp. in February 2016. Genetics Generation Advancement Corp. was founded in 2008 and is based in Taipei City, Taiwan.",TWD,Health Care,"Pharmaceuticals, Biotechnology & Life Sciences",Biotechnology,TWO,ROCO,Taipei Stock Exchange,Taiwan,,Taipei,11494,http://www.gga.asia,Nano Cap,TW0004160007,,BBG001W71XR3,BBG001W71XP5,BBG001W71XS2,False
4161.TWO,Bioptik Technology Incorporation,"Bioptik Technology Incorporation researches, develops, produces, and sells medical devices and reagents in Taiwan and internationally. The company offers EasyMate blood glucose monitoring systems; blood glucose/cholesterol/uric acid monitoring systems and its strips; and hyaluronic acid skin care products. It also provides skin care products and dietary supplements, as well as biodiesel products. The company was founded in 1999 and is headquartered in Zhunan, Taiwan.",TWD,Health Care,Health Care Equipment & Services,Health Care Equipment & Supplies,TWO,ROCO,Taipei Stock Exchange,Taiwan,,Zhunan,35057,http://www.bioptik.com.tw,Nano Cap,TW0004161005,,BBG001WV6HW4,BBG001WV6HT8,BBG001WV6HX3,False
4162.TWO,"PharmaEngine, Inc.","PharmaEngine, Inc., a biopharmaceutical company, engages in the development of drugs and therapeutic drugs for treating cancer diseases in Taiwan and Europe. It is developing ONIVYDE for patients with gemcitabine-treated metastatic pancreatic cancer; PEP06, which is in Phase I stage for the treatment of cancer; and PEP07, an oral small molecule drug, which is in preclinical development stage to regulate DNA damage response. The company was founded in 2003 and is headquartered in Taipei, Taiwan.",TWD,Health Care,"Pharmaceuticals, Biotechnology & Life Sciences",Biotechnology,TWO,ROCO,Taipei Stock Exchange,Taiwan,,Taipei,104,http://www.pharmaengine.com,Micro Cap,TW0004162003,,BBG0021164Q8,BBG0021164N1,BBG0021164R7,False
4163.TWO,INTAI Technology Corporation,"INTAI Technology Corporation manufactures and sells precision hardware products for the automotive, aerospace, precision hardware, medical device, and electronic communication industries in Taiwan and internationally. The company provides standard and customized precision fasteners. It also offers medical components for endoscopic minimally invasive surgery, breast biopsy device, and disposable and reusable device applications; and orthopedic implants, such as thoracolumbar sets, cervical sets, pedical screws, peek and titanium cages, trauma screws and plates, and surgical instruments. In addition, the company provides RF and microwave products. INTAI Technology Corporation was founded in 1988 and is headquartered in Taichung, Taiwan.",TWD,Industrials,Capital Goods,Machinery,TWO,ROCO,Taipei Stock Exchange,Taiwan,,Taichung,408,http://www.intai.com.tw,Micro Cap,TW0004163001,,BBG0025SGYJ6,BBG001BNPYT1,BBG001TQZBB3,False
4166.TWO,"Orient Pharma Co., Ltd.","Orient Pharma Co., Ltd. is a company listed on the Taipei Stock Exchange under the ticker 4166. It operates in the Pharmaceuticals industry within the Health Care sector. The company is headquartered in Taipei, Taiwan.",TWD,Health Care,"Pharmaceuticals, Biotechnology & Life Sciences",Pharmaceuticals,TWO,ROCO,Taipei Stock Exchange,Taiwan,,Taipei,106,https://www.oppharma.com,Micro Cap,TW0004166004,,BBG0033966J0,BBG0033966G3,BBG0033966M6,False
4167.TWO,Savior Lifetec Corporation,"Savior Lifetec Corporation, a specialty injectable company, produces and supplies sterile APIs and finished dosage formulations. The company offers imipenem and cilastatin sodium, an antibacterial agent for intravenous infusion; and meropenem, a beta-lactamase resistant carbapenem antibiotic for parenteral administration. It also provides ertapenem, a form of carbapenem for use on gram-negative and gram-positive anaerobes and aerobic. The company's pipeline products include SLC-006 for prostate cancer endometriosis uterine leiomyoma; and sterile paliperidone palmitate API for the treatment of schizophrenia. Savior Lifetec Corporation was founded in 2004 and is headquartered in Miaoli County, Taiwan.",TWD,Health Care,"Pharmaceuticals, Biotechnology & Life Sciences",Biotechnology,TWO,ROCO,Taipei Stock Exchange,Taiwan,,Miaoli,35053,http://www.saviorlifetec.com.tw/en/,Micro Cap,TW0004167002,,BBG003PZKFK0,BBG00357GTK9,BBG00357GTL8,False
4168.TWO,GlycoNex Incorporation,"GlycoNex Incorporation engages in the development of cancer drugs using glycosphingolipid antigen and human monoclonal antibody technologies in Taiwan. The company's development pipeline for the treatment of solid tumors includes GNX102, a humanized monoclonal antibody, currently under phase 1 clinical stage; GNX201, an antibody drug currently under preclinical stage; GNX203, glycan-directed antibody drug currently under the lead optimization stage; and GNX1021, a first-in-class antibody–drug conjugate currently under preclinical stage. It is also involved in the development of SPD (Denosumab), a humanized IgG2 antibody that is in phase 3 clinical trial for the treatment of osteoporosis and cancer bone metastases. The company was incorporated in 2001 and is based in New Taipei City, Taiwan.",TWD,Health Care,"Pharmaceuticals, Biotechnology & Life Sciences",Biotechnology,TWO,ROCO,Taipei Stock Exchange,Taiwan,,,,https://www.glyconex.com.tw,Micro Cap,TW0004168000,,BBG002B3T7J9,BBG002B3T7G2,BBG002B3T7K7,False
4170.TWO,Vectorite Biomedical Inc.,"Vectorite Biomedical Inc. is a company listed on the Taipei Stock Exchange under the ticker 4170. It operates in the Biotechnology industry within the Health Care sector. The company is headquartered in New Taipei City, Taiwan.",TWD,Health Care,"Pharmaceuticals, Biotechnology & Life Sciences",Biotechnology,TWO,ROCO,Taipei Stock Exchange,Taiwan,,New Taipei City,22175,https://www.vectorite.com.tw,Nano Cap,TW0004170006,,BBG004DJJ790,BBG004DJJ772,BBG004DJJ7B7,False
4171.TWO,GeneReach Biotechnology Corp.,"GeneReach Biotechnology Corp. develops, manufactures, and markets products for applied nucleic acid detection technology primarily in Taiwan. The company offers pathogen detection platforms, including equipment and reagents; and animal use medicines, biotechnology services, medical materials and equipment, and precision instruments. Its products are used in aquaculture, agriculture, food, companion animal, livestock, and human health industries. The company also provides polymerase chain reaction training programs, molecular diagnostic technical solutions, laboratory installation services, OEM/ODM contract manufacturing services, and research collaboration services. GeneReach Biotechnology Corp. was founded in 2004 and is headquartered in Taichung, Taiwan.",TWD,Health Care,"Pharmaceuticals, Biotechnology & Life Sciences",Biotechnology,TWO,ROCO,Taipei Stock Exchange,Taiwan,,Taichung,407,http://www.genereach.com,Nano Cap,TW0004171004,,BBG003MBY5Y8,BBG003MBY5W0,BBG003MBY5Z7,False
4172.TWO,InnoPharmax Inc.,"InnoPharmax Inc., a specialty pharmaceutical company, develops and commercializes products for the treatment of infectious diseases, immunology, oncology, and other specialties in Taiwan. The company offers anti-infection agents, including Bestnem, an imipenem and cilastatin sodium solution that is used intravenous in the treatment of various infections caused by susceptible organisms, such as lower respiratory tract, skin and skin structure, intra-abdominal, gynecologic, or bone and joint infections; and various complicated or uncomplicated urinary tract infections, septicemia, or endocarditis caused by susceptible organisms. It also provides gadopentetate dimeglumine, a contrast medium for magnetic resonance imaging (MRI) of the body after intravenous administration; and gadodiamide, a contrast medium for cranial and spinal MRI, as well as for general MRI of the body after intravenous administration. In addition, the company offers oncology agents comprising Innomustine for the treatment of hodgkin's disease, non-hodgkin's lymphoma, and plasmocytoma, as well as chronic lymphocytic leukemia and breast cancer; and immunological agents that include Cyclosporine A, an immuno-suppresant with a low aqueous solubility used for the inhibition of graft rejection in organ transplant recipients, as well as inpheno tablets. Further, it is developing oncology, cardiovascular, CNS, urology, and contrast agents, as well as agents for metabolic disorders and drugs for rare diseases. The company was founded in 2005 and is based in Taipei City, Taiwan. InnoPharmax Inc. is a subsidiary of Synmosa Biopharma Corporation.",TWD,Health Care,"Pharmaceuticals, Biotechnology & Life Sciences",Pharmaceuticals,TWO,ROCO,Taipei Stock Exchange,Taiwan,,Taipei City,11492,http://www.innopharmax.com,Nano Cap,TW0004172002,,BBG003CC2VR3,BBG000RRJG40,BBG001SV4S48,False
4173.TWO,"Arich Enterprise Co., Ltd.","Arich Enterprise Co., Ltd. provides medical sales and promotion, and logistics services in Taiwan. It promotes prescription drugs and over the counter products in drug stores; and medicines to specific specialties in hospitals, clinics, and drug stores. The company also conducts public seminars, promotional activities, long-term educational program, RTD meetings, in-store displays, anti-counterfeit activities, and medical seminars; and offers channel coverage, inventory control system, order follow-up techniques, and market research analysis. Further, the company offers various supply chain services, including international bond, registration, hospital pricing service, warehouse management, transportation and distribution, account receivable management, information linkage, and drug price submission; logistics services consisting of inventory control, quality control procedure, GMP, and bonded warehouse storage; and value-added services, such as re-labeling, temperature-controlled delivery, handling of returned goods/disposable items, batch-tracking management, customer complaints handling, and delivery systems. The company serves medical centers, area hospitals, district hospitals, and general practitioners, as well as chain stores and hyper markets, drug stores, and wholesalers. Arich Enterprise Co., Ltd. was founded in 1960 and is headquartered in New Taipei City, Taiwan.",TWD,Health Care,"Pharmaceuticals, Biotechnology & Life Sciences",Pharmaceuticals,TWO,ROCO,Taipei Stock Exchange,Taiwan,,New Taipei City,23586,http://www.arich.com.tw,Nano Cap,TW0004173000,,BBG0035VJB59,BBG000CYCQT9,BBG001T0JR14,False
4174.TWO,"OBI Pharma, Inc.","OBI Pharma, Inc., a bio-pharma company, develops and licenses therapeutic agents for unmet medical needs against cancer in Taiwan. It offers Adagloxad Simolenin (OBI-822), a breast cancer active immunity anti-cancer drug, which is in Phase III for generating antibody against tumor carbohydrate antigen Globo H; OBI-833, an immunity anti-cancer drug, which completed Phase I clinical trial for treating and tracking lung cancer; OBI-866 SSEA-4, an active immuno-oncology drug; OBI-888, a passive immunotherapy monoclonal antibody, which is under Phase I/II human clinical trial targeting Globo H; OBI-999, an antibody drug conjugate that is in Phase II human clinical trial; OBI-898 SSEA4, a passive immunity monoclonal antibody that is in preclinical stage; OBI-998 SSEA4,an antibody small molecule drug complex, which targets toxic drugs to malignant tumors; OBI-3424, a micromolecule chemotherapy prodrug that is in Phase I clinical trial; and OBI-858, a clostridium botulinum toxin. The company was founded in 2002 and is based in Taipei City, Taiwan.",TWD,Health Care,"Pharmaceuticals, Biotechnology & Life Sciences",Biotechnology,TWO,ROCO,Taipei Stock Exchange,Taiwan,,Taipei,115,http://www.obipharma.com,Micro Cap,TW0004174008,,BBG003PBPW85,BBG003PBPW67,BBG003PBPW94,False
4175.TWO,"MedFirst Healthcare Services, Inc.","MedFirst Healthcare Services, Inc. engages in the sale of medical supplies in Taiwan and China. It offers diabetes care, respiratory care, incontinence care, wound dressing, stoma care, pain care, protective gear, home healthcare, and special nutrition products, as well as medical instruments. The company also offers healthcare products consist of beauty care, makeup, and food products, as well as daily supplies and medical books; biomedical products, including health food and drugs; and management consultancy services. In addition, it operates as a contractor for medical supply sales department of hospitals; and agent for foreign medical supplies brand. Further, the company is involved in the management of hospital shopping malls. It sells products through its retail stores and online. MedFirst Healthcare Services, Inc. was founded in 1990 and is headquartered in Taoyuan City, Taiwan.",TWD,Health Care,"Pharmaceuticals, Biotechnology & Life Sciences",Pharmaceuticals,TWO,ROCO,Taipei Stock Exchange,Taiwan,,Taoyuan City,33375,http://www.medfirst.com.tw,Micro Cap,TW0004175005,,BBG003Q6DXQ6,BBG003Q6DXN9,BBG003Q6DXR5,False
4183.TWO,EPS Bio Technology Corp.,"EPS Bio Technology Corp. is a company listed on the Taipei Stock Exchange under the ticker 4183. The company is headquartered in Hsinchu City, Taiwan.",TWD,,,,TWO,ROCO,Taipei Stock Exchange,Taiwan,,Hsinchu City,30076,https://www.epsbio.com,Nano Cap,TW0004183009,,BBG003M65WH1,BBG003M65WF3,BBG003M65WJ9,False
4186.TWO,Taiwan Advance Bio-Pharmaceutical Inc.,"Taiwan Advance Bio-Pharmaceutical Inc. is a company listed on the Taipei Stock Exchange under the ticker 4186. It operates in the Biotechnology industry within the Health Care sector. The company is headquartered in Taipei, Taiwan.",TWD,Health Care,"Pharmaceuticals, Biotechnology & Life Sciences",Biotechnology,TWO,ROCO,Taipei Stock Exchange,Taiwan,,Taipei,22180,https://www.biotest.com.tw,Nano Cap,TW0004186002,,BBG003NBBV11,BBG003NBBTZ9,BBG003NBBV20,False
4188.TWO,AmCad BioMed Corporation,"AmCad BioMed Corporation develops computer-assisted detection and diagnosis (CAD) software devices primarily in Taiwan. Its products include AmCAD-UT Detection, a CAD device for ultrasound images of thyroid nodules; and AmCAD-UO, a solution for obstructive sleep apnea detection. The company is also developing AmCAD-CA, a software designed for analyzing digital cytological images; AmCAD-US, a software device for visualizing and quantifying statistical distributions of backscattered signals echoed by tissue compositions in the body from FDA-cleared ultrasound systems; and AmCAD-UV, a software device that is used for quantifying and classifying the ultrasonic color intensity data acquired from FDA-cleared ultrasound systems and displaying the noise-reduced color-coded pulsatile signals. The company was founded in 2008 and is based in Taipei City, Taiwan.",TWD,Health Care,Health Care Equipment & Services,Health Care Technology,TWO,ROCO,Taipei Stock Exchange,Taiwan,,Taipei,104,http://amcad.com.tw,Nano Cap,TW0004188008,,BBG005Q5BB47,BBG005Q5BB29,BBG005Q5BB10,False
4191.TWO,Pharmadax Inc.,"Pharmadax Inc. engages in the pharmaceutical research and development business in Taiwan, the Unites States, China, and internationally. It primarily focuses on the development of oral solid controlled-release technology pellets. The company offers Glyburide, Quetiapine Fumarate ER, and Metoprolol Succinate ER tablets, as well as contract development and/or contract manufacturing services for solid orals. It provides its products for a range of therapeutic areas, including schizophrenia, hypertension, diabetes, cold, Parkinson's disease, ADHD, chronic hepatitis, overactive bladder, and muscle relaxant. The company was founded in 2008 and is headquartered in New Taipei City, Taiwan.",TWD,Health Care,"Pharmaceuticals, Biotechnology & Life Sciences",Pharmaceuticals,TWO,ROCO,Taipei Stock Exchange,Taiwan,,New Taipei City,23553,http://www.pharmadax.com,Micro Cap,,,,,,False
4192.TWO,"SynCore Biotechnology Co.,Ltd","SynCore Biotechnology Co.,Ltd, a biopharmaceutical company, engages in the research and development, manufacture, and marketing of drugs in the areas of oncology, ophthalmology, dermatology, and infectious diseases in Taiwan and China. The company offers SB03-Veregen, an ointment for the treatment of patients with external genital and perianal warts; and distributes cameras under the epiCam name that is used in recording the progress of ophthalmology diseases. It is also involved in the development of SB01, an injectable anti-cancer new ingredient (NCE) that is in Phase II clinical trial for the treatment of head and neck cancer; SB02, an anti-cancer NCE, which is in Phase I clinical trial for use in the treatment of stomach cancer; SB04 that is in Phase II/III clinical trials for the treatment of patients with dry age-related macular degeneration; and SB05, a composition of cytostatic drug paclitaxel combined with neutral and positive lipids, which is in Phase III clinical trial for the treatment of patients with triple negative breast cancer and pancreatic cancer. The company has partnerships with Medigene AG; MacuCLEAR Inc.; Y-YBAR; Epipole Ltd.; Sinphar Pharmaceutical Co., Ltd.; and The National Health Research Institutes. The company was founded in 2008 and is headquartered in Yilan, Taiwan. SynCore Biotechnology Co.,Ltd is a subsidiary of Sinphar Pharmaceutical Co., Ltd.",TWD,Health Care,"Pharmaceuticals, Biotechnology & Life Sciences",Biotechnology,TWO,ROCO,Taipei Stock Exchange,Taiwan,,Yilan City,269,http://www.syncorebio.com,Nano Cap,TW0004192000,,BBG00553G5T6,BBG004PWG390,BBG004PWG3B7,False
4194.TWO,"Holy Stone Healthcare Co., Ltd.","Holy Stone Healthcare Co., Ltd., together with its subsidiaries, develops and sells hyaluronic acid-related therapeutic products in Taiwan. The company offers RenehaVis and SportVis, which are injectable medical devices for osteoarthritis and soft tissue injuries; TRUD, a medical device that contains a mixture of hyaluronic acid used for the treatment and prevention of ulcerative colitis in inflammatory bowel disease (IBD); and GAF, a gel for anal fissure healing. It also develops IBD98-M, an oral capsule that is in a Phase IIa trial for ulcerative colitis; CA102N, a receptor-targeted chemotherapy that is in a Phase II trial for metastatic colorectal cancer, as well as in a pre-clinical stage for pancreatic ductal adenocarcinoma and a discovery stage for triple-negative breast cancer; ND108E, a CNS-targeted HA conjugate that is in a pre-clinical trial for Alzheimer's disease; AMD112, a non-invasive HA-conjugated small molecule therapy that is in a pre-clinical trial for wet age-related macular degeneration and other neovascular retinal diseases; and HylCaryo, a hyaluronic acid (HA)-derived nanoparticle platform in a discovery stage. In addition, the company engages in general investment; development and sale of medical devices; biotechnology services; and patent application for pharmaceutical products. Holy Stone Healthcare Co., Ltd. was founded in 2001 and is headquartered in Taipei, Taiwan.",TWD,Health Care,"Pharmaceuticals, Biotechnology & Life Sciences",Pharmaceuticals,TWO,ROCO,Taipei Stock Exchange,Taiwan,,,,https://www.hshc.com.tw,Nano Cap,TW0004194006,,BBG005P236T8,BBG005P236Q1,BBG005P236R0,False
4197.TWO,Visgeneer Inc.,"Visgeneer Inc., a biotech company, develops and produces biomedical products in the fields of medical device, cosmetics/skin care, bacterial fermentation, and cancer gene identification. The company offers blood glucose and ketone, and uric acid monitoring systems. It also provides multi-active cream gels, wrinkle reducing eye creams, hydro complete emulsions, revitalizing essences, toning lotions, amino acid cleansing creams, multi-perfection firming gel creams, aqua emulsions, herbal gel lotions, anti- aging creams, brightening serums, revitalizing lotions, masks, UV shield creams, dark spot corrector pearl whitening cream, anti-acne complexes, glucosamine creams, essences, hyaluronic acid and intensive whitening essences, rejuvenating essence creams, and anti-aging time complex capsules under Coresence name. Visgeneer Inc. is based in Hsinchu City, Taiwan.",TWD,Health Care,"Pharmaceuticals, Biotechnology & Life Sciences",Biotechnology,TWO,ROCO,Taipei Stock Exchange,Taiwan,,Hsinchu City,30094,http://www.visgeneer.com.tw,Nano Cap,TW0004197009,,BBG005F0FKF4,BBG005F0FKB8,BBG005F0FKD6,False
4198.TWO,S&S Healthcare Holding Ltd.,"S&S Healthcare Holding Ltd. is a company listed on the Taipei Stock Exchange under the ticker 4198. It operates in the Health Care Equipment & Supplies industry within the Health Care sector. The company is headquartered in Taipei, Taiwan.",TWD,Health Care,Health Care Equipment & Services,Health Care Equipment & Supplies,TWO,ROCO,Taipei Stock Exchange,Taiwan,,Taipei,114,https://www.swissray.com,Nano Cap,TW0004198007,,BBG005J6H2Y4,BBG005J6H2V7,BBG005J6H2W6,False
4205.TWO,"Chung Hwa Food Industrial Co., Ltd.","Chung Hwa Food Industrial Co., Ltd. produces and sells soybean processed foods in Taiwan. It offers tofu products, desserts, and hot pot ingredients. The company sells its products through a network of dealers. It also exports its products to Hong Kong. The company was formerly known as Herng Yih Food Industrial Co Ltd and changed its name to Chung Hwa Food Industrial Co., Ltd. in July 2013. Chung Hwa Food Industrial Co., Ltd. was founded in 1980 and is headquartered in Kaohsiung, Taiwan.",TWD,Consumer Staples,"Food, Beverage & Tobacco",Food Products,TWO,ROCO,Taipei Stock Exchange,Taiwan,,Kaohsiung,840,http://www.herngyih.com.tw,Micro Cap,TW0004205000,,BBG000BQ4YF4,BBG000BQ4Y73,BBG001SCC0G9,False
4207.TWO,"Taiwan Fructose Co., Ltd.","Taiwan Fructose Co., Ltd. manufactures and sells syrup products in Taiwan. The company's products comprise fructose, maltose, isomalto-oligo saccharides, and maltodextrin syrups, as well as non-dairy creamers, vegetable oil powder, dextrose, and sorbitol. Its products are used in a range of applications, including beverages, dairy products, iced products, desserts, bakery food, soy sauces, health foods, candy, jams and jellies, sachima, bean fillings, chewing gums, candied fruits, biscuits, coffee, milk tea, instant drinks, toothpaste, cleaning and makeup products, and interface activators. The company was founded in 1984 and is headquartered in Taoyuan City, Taiwan.",TWD,Consumer Staples,"Food, Beverage & Tobacco",Food Products,TWO,ROCO,Taipei Stock Exchange,Taiwan,,Taoyuan City,338,http://www.fructose.com.tw,Micro Cap,TW0004207006,,BBG000C6MSX0,BBG000C6MSB4,BBG001SDQK32,False
4303.TWO,HsinLi Chemical Industrial Corp.,"HsinLi Chemical Industrial Corp. is a company listed on the Taipei Stock Exchange under the ticker 4303. It operates in the Textiles, Apparel & Luxury Goods industry within the Consumer Discretionary sector. The company is headquartered in Tainan City, Taiwan.",TWD,Consumer Discretionary,Consumer Durables & Apparel,"Textiles, Apparel & Luxury Goods",TWO,ROCO,Taipei Stock Exchange,Taiwan,,Tainan City,726-45,https://www.hsinli.com.tw,Micro Cap,TW0004303003,,BBG000BHWL98,BBG000BHWL25,BBG001S8DYB8,False
4304.TWO,"SunVic Technology Co., Ltd.","SunVic Technology Co., Ltd. engages in the manufacture and sale of EMI shielding laminate and flexible laminated packaging materials in Taiwan. It offers wire and cable materials, including shielding tapes; foil free edge tapes; and polyester, cotton paper, non-woven, and foam polypropylene strips. The company also provides specialized composite films, such as zipper patches; and other films, as well as vacuum-sealed and thermo-forming, and medical packaging bags. In addition, it offers EMI shielding and ESD packaging materials; industrial composite films; and other tapes. The company was formerly known as Taipei Lamination Industries Inc. and changed its name to SunVic Technology Co., Ltd. in April 2007. SunVic Technology Co., Ltd. was founded in 1971 and is headquartered in Taipei, Taiwan.",TWD,Materials,Materials,Containers & Packaging,TWO,ROCO,Taipei Stock Exchange,Taiwan,,Taipei,114,http://www.sunvic.com.tw,Nano Cap,TW0004304001,,BBG000C693F0,BBG000C69306,BBG001SDQ3M9,False
4305.TWO,"Shih-Kuen Plastics Co., Ltd.","Shih-Kuen Plastics Co., Ltd. produces and supplies plastic sheets. The company offers double polished PVC sheets, including super clear, normal clear, and transparent colored; textured embossing PVC sheet, such as textured embossing, translucent textured, and semi-transparent textured; super clear laminated and colored laminated PVC sheets; and UV stabilized outdoor PVC sheets; cold crack resistant PVC sheeting; and fire flame retardant PVC sheets. Its products are used in home and office supplies, construction and industrial, outdoor PVC waterproof covers, and medical applications. The company was founded in 1986 and is based in Tainan City, Taiwan.",TWD,Consumer Discretionary,Automobiles & Components,Auto Components,TWO,ROCO,Taipei Stock Exchange,Taiwan,,Tainan City,72154,http://www.shihkuen.com.tw,Micro Cap,TW0004305008,,BBG000C55X97,BBG000C55X42,BBG001SG1KB3,False
4401.TWO,"Toung Loong Textile MFG. Co., LTD.","Toung Loong Textile MFG. Co., LTD. operates as a textile manufacturing company in Taiwan. It develops and produces air and draw textured, shape control twist, alpha yarn, and air textured covered yarns, as well as functional synthetic yarn dyes and sewing threads. The company was founded in 1960 and is headquartered in New Taipei City, Taiwan.",TWD,Consumer Discretionary,Consumer Durables & Apparel,"Textiles, Apparel & Luxury Goods",TWO,ROCO,Taipei Stock Exchange,Taiwan,,New Taipei City,220,http://www.tloong.com.tw,Micro Cap,TW0004401005,,BBG000FJC2J3,BBG000FJC1S5,BBG001S8KY39,False
4402.TWO,"J.D Development Co., Ltd.","J.D Development Co., Ltd. is a company listed on the Taipei Stock Exchange under the ticker 4402. It operates in the Textiles, Apparel & Luxury Goods industry within the Consumer Discretionary sector. The company is headquartered in Kaohsiung, Taiwan.",TWD,Consumer Discretionary,Consumer Durables & Apparel,"Textiles, Apparel & Luxury Goods",TWO,ROCO,Taipei Stock Exchange,Taiwan,,Kaohsiung,801,https://j-d.com.tw,Nano Cap,TW0004402003,,BBG000BXN4W5,BBG000BXN473,BBG001SB3QS1,False
4406.TWO,"Hsin Sin Textile Co., Ltd.","Hsin Sin Textile Co., Ltd. is a company listed on the Taipei Stock Exchange under the ticker 4406. It operates in the Textiles, Apparel & Luxury Goods industry within the Consumer Discretionary sector. The company is headquartered in Taipei, Taiwan.",TWD,Consumer Discretionary,Consumer Durables & Apparel,"Textiles, Apparel & Luxury Goods",TWO,ROCO,Taipei Stock Exchange,Taiwan,,Taipei,103,https://www.hsinsin.com.tw,Nano Cap,TW0004406004,,BBG000BBK3S3,BBG000BBK330,BBG001S5YMW4,False
4413.TWO,"Est Global Apparel Co.,Ltd","Est Global Apparel Co.,Ltd is a company listed on the Taipei Stock Exchange under the ticker 4413. It operates in the Textiles, Apparel & Luxury Goods industry within the Consumer Discretionary sector. The company is headquartered in New Taipei City, Taiwan.",TWD,Consumer Discretionary,Consumer Durables & Apparel,"Textiles, Apparel & Luxury Goods",TWO,ROCO,Taipei Stock Exchange,Taiwan,,New Taipei City,241553,https://www.estga.com,Nano Cap,TW0004413000,,BBG000D57C09,BBG000D579R7,BBG001SD1KV8,False
4416.TWO,"Shanyuan Co., Ltd.","Shanyuan Co., Ltd. engages in the construction of residential buildings in Taiwan. It also engages in the rental of office buildings and storefronts, and other properties. The company was formerly known as Fu Chan Industrial Co., Ltd. and changed its name to Shanyuan Co., Ltd. in January 2008. The company was founded in 1979 and is based in Taipei, Taiwan.",TWD,Real Estate,Real Estate,Real Estate Management & Development,TWO,ROCO,Taipei Stock Exchange,Taiwan,,Taipei,,http://www.shanyuan.com.tw,Nano Cap,TW0004416003,,,,,False
4417.TWO,"King Chou Marine Technology Co., Ltd.","King Chou Marine Technology Co., Ltd. manufactures and sells netting products for the marine industries under the King Net brand name worldwide. The company offers purse seine, trawl, Danish seine, gill and trammel, trap, and set nets; long line, twine, and rope products; marine hardware products, such as cable clamps, purse rings, snap rings, steel triangles, choker hooks, alloy galv. connecting links, strong C-rings, ring scoopers, splice needles, Samson splicing kits, chains, floats, swivels, and hooks; fish farming and cage nets; and other nets, such as safety, flower, camouflage, and melon nets. It also provides a range of sports nets for soccer, volleyball, baseball, and tennis. The company was formerly known as King Chou Fish Net Mfg. Co., Ltd. and changed its name to King Chou Marine Technology Co., Ltd. in 2002. King Chou Marine Technology Co., Ltd. was founded in 1978 and is headquartered in Kaohsiung, Taiwan.",TWD,Consumer Discretionary,Consumer Durables & Apparel,"Textiles, Apparel & Luxury Goods",TWO,ROCO,Taipei Stock Exchange,Taiwan,,Kaohsiung,806,http://www.king-net.com.tw/en/,Micro Cap,TW0004417001,,BBG000CBJWG3,BBG000CBJW55,BBG001SG4JD1,False
4419.TWO,King House Co. Ltd.,"Ensure Global Corp., Ltd. manufactures and sells spun-like fabrics and yarns in Taiwan. The company offers air and draw textured yarns; knitted fabrics; and mirror surface wiping clothes. It also provides cotton-like fabric and microfiber products. In addition, the company offers grating, twill, and interweaving products. Further, it provides wind breakers, shirts, knitting sports wears, casual pants, and durable towels. The company was founded in 1991 and is based in Changhua, Taiwan.",TWD,Consumer Discretionary,Consumer Durables & Apparel,"Textiles, Apparel & Luxury Goods",TWO,ROCO,Taipei Stock Exchange,Taiwan,,Changhua,521,http://www.metaltech.com.tw,Micro Cap,TW0004419007,,BBG000C2FNL1,BBG000C2FND0,BBG001SDN0Z4,False
4420.TWO,"Kwang Ming Silk Mill Co., Ltd.","Kwang Ming Silk Mill Co., Ltd. engages in the production and sale of polyester processing yarn. The company offers composite fabrics, special functionality fabrics, synthetic fiber fabrics, and general garments materials, as well as man-made fiber products. It is also involved in real estate leasing and trading business. The company's products are used for fashion clothing, environmental protection functional fabrics, outdoor leisure fabrics, and home decoration, as well as cloth for shoe materials. The company is based in Taipei City, Taiwan.",TWD,Consumer Discretionary,Consumer Durables & Apparel,"Textiles, Apparel & Luxury Goods",TWO,ROCO,Taipei Stock Exchange,Taiwan,,Taipei,,http://www.kwangming.com,Nano Cap,TW0004420005,,BBG000MB4586,BBG000MB44R8,BBG001SKBK96,False
4429.TWO,GFun Industrial Corporation,"GFun Industrial Corporation manufactures and sells coated and laminated functional fabrics in Taiwan. It offers various functional membranes and fabrics; and develops various types of wick, windproof, water-repellent, anti-UV, anti-bacterial, and abrasion-resistant functional fabrics. The company was founded in 1999 and is based in Taoyuan, Taiwan.",TWD,Consumer Discretionary,Consumer Durables & Apparel,"Textiles, Apparel & Luxury Goods",TWO,ROCO,Taipei Stock Exchange,Taiwan,,Taoyuan City,32849,http://www.gtex.com.tw,Nano Cap,,,,,,False
4430.TWO,"Yao I Fabric Co., Ltd.","Yao I Fabric Co., Ltd. manufactures and sells filament and spun products in Taiwan and internationally. Its products include various kinds of fishing, tennis, badminton racket, and cutting lines; industrial wires, mesh cloth chairs, pet mats, breathable beds, knitted cotton car seats, car seats with blankets, and automotive sound-absorbing cotton materials; and environmentally friendly stretch cotton, firewood, stretch cotton, and electronic supplies blankets, as well as shoes with cotton insulation class, and bedding and sofa with a stretch cotton. The company was founded in 1973 and is based in Changhua, Taiwan.",TWD,Consumer Discretionary,Consumer Durables & Apparel,"Textiles, Apparel & Luxury Goods",TWO,ROCO,Taipei Stock Exchange,Taiwan,,Changhua,508,http://www.yaoi.com.tw,Nano Cap,TW0004430004,,BBG000PQPJD1,BBG000PQPH45,BBG001T5W6K3,False
4431.TWO,"Mytrex Health Technologies, Inc.","Mytrex Health Technologies, Inc. designs, develops, manufactures, and sells non-woven materials and special medical supplies in Taiwan and internationally. It provides electrostatic filtration materials for medical and industrial mask media, and other filtration applications; and composite nonwoven products for coolant and air filter, vacuum filter bag, HEPA and cabin filter, water filtration compound material applications. The company also offers thermal insulation products for glove, sock, shoe, hat, clothing material, and mask insulation material applications; and linen laundry and leasing, logistic, and medical supplies for hospitals. Mytrex Health Technologies, Inc. was founded in 1990 and is headquartered in Taoyuan City, Taiwan.",TWD,Industrials,Capital Goods,Machinery,TWO,ROCO,Taipei Stock Exchange,Taiwan,,Taoyuan City,320,http://www.mytrex.com.tw,Nano Cap,TW0004431002,,BBG0020Y2ZJ0,BBG0020Y2ZG3,BBG0020Y2ZK8,False
4432.TWO,"Hakers Enterprise Co., Ltd.","Hakers Enterprise Co., Ltd. researches, develops, manufactures, and markets garments and other related textile products in Taiwan and internationally. It offers sportswear products, including swim trunks, shorts, jackets, and trousers. The company was founded in 1986 and is based in New Taipei City, Taiwan.",TWD,Consumer Discretionary,Consumer Durables & Apparel,"Textiles, Apparel & Luxury Goods",TWO,ROCO,Taipei Stock Exchange,Taiwan,,New Taipei City,24872,http://www.haksport.com,Nano Cap,TW0004432000,,BBG0021JD4P2,BBG0021JD4M5,BBG0021JD4Q1,False
4433.TWO,"Singtex Industrial Co., Ltd.","Singtex Industrial Co., Ltd. engages in the research and development, and sale of eco-friendly functional textile products in Taiwan. It offers functional fabrics; and functional, specialty, and comfort yarns. The company was founded in 1989 is based in New Taipei City, Taiwan.",TWD,Consumer Discretionary,Consumer Durables & Apparel,"Textiles, Apparel & Luxury Goods",TWO,ROCO,Taipei Stock Exchange,Taiwan,,New Taipei City,24892,http://www.singtex.com,Nano Cap,TW0004433008,,BBG0043F62C0,BBG0043F6294,BBG0043F62D9,False
4442.TWO,J&B International Inc.,"J&B International Inc. is a company listed on the Taipei Stock Exchange under the ticker 4442. It operates in the Textiles, Apparel & Luxury Goods industry within the Consumer Discretionary sector. The company is headquartered in New Taipei City, Taiwan.",TWD,Consumer Discretionary,Consumer Durables & Apparel,"Textiles, Apparel & Luxury Goods",TWO,ROCO,Taipei Stock Exchange,Taiwan,,New Taipei City,235603,https://www.jb-group.com.tw,Micro Cap,KYG5001G1055,,BBG01K85FPM8,BBG01K85BBQ9,BBG01K85BBR8,False
4502.TWO,"Jian Sin Industrial Co., Ltd.","Jian Sin Industrial Co., Ltd. is a company listed on the Taipei Stock Exchange under the ticker 4502. It operates in the Machinery industry within the Industrials sector. The company is headquartered in Changhua, Taiwan.",TWD,Industrials,Capital Goods,Machinery,TWO,ROCO,Taipei Stock Exchange,Taiwan,,Changhua,507,https://www.rostawheels.com.tw,Nano Cap,TW0004502000,,BBG000G5YYY1,BBG000G5YYF2,BBG001S8R8Z4,False
4503.TWO,Gold Rain Enterprises Corp.,"Gold Rain Enterprises Corp. is a company listed on the Taipei Stock Exchange under the ticker 4503. It operates in the Commercial Services & Supplies industry within the Industrials sector. The company is headquartered in Changhua, Taiwan.",TWD,Industrials,Commercial & Professional Services,Commercial Services & Supplies,TWO,ROCO,Taipei Stock Exchange,Taiwan,,Changhua,,https://www.alona.com.tw,Micro Cap,TW0004503008,,BBG000HLJN12,BBG000HLJM96,BBG001S99HD6,False
4506.TWO,GFC. Ltd.,"GFC. Ltd., together with its subsidiaries, manufactures and sells elevators, escalators, and generators in Taiwan. It operates in three segments: Sales, Maintenance, and GFC Shanghai. The company offers passenger, high speed, and home elevators, as well as escalators/moving walks and pneumatic vacuum elevators. It is also involved in sale and manufacture of elevators and parts; sale of vacuum pneumatic shuttle; and sale and installation of diesel generators. The company's products are used in offices and factories, shopping malls, hotels, mansions, hospitals, public constructions, and institutes projects. GFC. Ltd. was founded in 1974 and is headquartered in Taipei, Taiwan. GFC. Ltd. is a subsidiary of Changjiang Property Co., Ltd.",TWD,Industrials,Capital Goods,Machinery,TWO,ROCO,Taipei Stock Exchange,Taiwan,,Taipei,10457,http://www.gfc.com.tw,Small Cap,TW0004506001,,BBG000BX4CK1,BBG000BX4C21,BBG001SBFK29,False
4510.TWO,"Kao Fong Machinery Co., Ltd","Kao Fong Machinery Co., Ltd operates in the mold processing industry in Taiwan and internationally. It offers double column, vertical, horizontal, high speed double column, moving cross rail double column, and gantry machining centers, as well as drilling and tapping machining centers. The company was formerly known as Kao Fong Iron Factory and changed its name to Kao Fong Machinery Co., Ltd. in 1972. Kao Fong Machinery Co., Ltd was founded in 1968 and is based in Taichung, Taiwan. Kao Fong Machinery Co., Ltd is a subsidiary of Hota Industrial Mfg. Co., Ltd.",TWD,Industrials,Capital Goods,Machinery,TWO,ROCO,Taipei Stock Exchange,Taiwan,,Taichung,42881,http://www.kafo.com.tw,Micro Cap,TW0004510003,,BBG000BG2LK0,BBG000BG2KW9,BBG001S74GZ3,False
4513.TWO,"Falcon Machine Tools Co., Ltd.","Falcon Machine Tools Co., Ltd. is a company listed on the Taipei Stock Exchange under the ticker 4513. It operates in the Machinery industry within the Industrials sector. The company is headquartered in Changhua, Taiwan.",TWD,Industrials,Capital Goods,Machinery,TWO,ROCO,Taipei Stock Exchange,Taiwan,,Changhua,509004,https://www.chevaliertw.com,Micro Cap,TW0004513007,,BBG000BJ4QS3,BBG000BJ4Q76,BBG001S7T3R4,False
4523.TWO,"Everbrite Technology Co., Ltd.","Taiwan Calsonic Co., Ltd. manufactures and sells car air conditioning products, electronics, and other products in Taiwan. The company offers car air conditioning systems, such as unified central panels, air conditioning controllers, driver alert systems, night vision systems, body control modules, condensers, evaporators, blowers, motors, inter coolers, water cooled radiators, and chip coolers; and engineering products, including vacuum, air, and no fuse breakers, as well as electromagnetic contractors, inverters, programmable controllers, energy saving systems, robots, control devices, and thin film extension products. It also provides power distribution equipment and industry automatic control products, as well as industrial robot/electronic process equipment. The company was founded in 1987 and is based in Taipei City, Taiwan.",TWD,Consumer Discretionary,Automobiles & Components,Auto Components,TWO,ROCO,Taipei Stock Exchange,Taiwan,,Taipei,,http://www.twncal.com.tw,Nano Cap,TW0004523006,,BBG000DHXSG2,BBG000DHXS27,BBG001SDHL49,False
4527.TWO,"Kuen Ling Machinery Refrigerating Co., Ltd.","Kuen Ling Machinery Refrigerating Co., Ltd. manufactures and sells ice water mainframes and air-conditioning equipment in Taiwan and internationally. Its products include water cooled and air-cooled ice water, computer room box, hot and cold water, and condenser automatic cleaning machines; ice storage tanks; vacuum dryers; refrigeration and open screw compressor units; cooling fans and direct expansion air conditioners; and direct expansion inverter air conditioning units; and ice water cooler and condensers. The company also offers OEM and ODM services for air-conditioning equipment manufacturers. Its products are used in office buildings, commercial buildings, hospitals, and schools. The company was founded in 1988 and is based in Kaohsiung, Taiwan.",TWD,Information Technology,Technology Hardware & Equipment,"Electronic Equipment, Instruments & Components",TWO,ROCO,Taipei Stock Exchange,Taiwan,,Kaohsiung,,http://www.kuenling.com.tw,Micro Cap,TW0004527007,,BBG000C7MXX7,BBG000C7MX67,BBG001SG2WL5,False
4528.TWO,"Chian Hsing Forging Industrial Co., Ltd.","Chian Hsing Forging Industrial Co., Ltd. manufactures and sells various forged products in Taiwan. Its forged products include hardware, bicycle, motorbike, automobile, and track vehicle parts, as well as industrial engineering vehicle components and other products. The company offers auto parts comprising C.V. joints and driving elements of front wheel; inner races; inner race crosses; bearing cups, pistons, and housings; transmission parts; transmission bearing spang products; transmission joint gears; mandrils, rear axis, and core axis of the generator; air conditioning belt pulleys; bevel gears; magnetic poles and driving gears; motor brake parts; aluminum alloy forging parts that include ammonia cans for auto air-conditioners; flange bases; and pipes, excavator teethes, and tubes. It also provides assorted hardware parts, including impactors, saddles, pneumatic toolings, tone hole parts, and rod couplings, as well as parts of sports goods, which include cranks, high-pressure joints, high-tension bolts/nuts, alloy bearing forgings, and delivering tube forgings. In addition, the company offers motorcycle parts, such as gear shafts, gear blanks, start gears, transmission shafts, and ammonia cans for auto air-conditioners; starting gear and clutch gear forged work products; shaft and axle parts; and clutches, tube yokes, and chain gears. Further, it provides rail parts, which comprise tie plates. The company was formerly known as Hsieh Hsing Iron Factory and changed its name to Chian Hsing Forging Industrial Co., Ltd. in 1980. Chian Hsing Forging Industrial Co., Ltd. was founded in 1971 and is based in Taichung, Taiwan.",TWD,Consumer Discretionary,Automobiles & Components,Auto Components,TWO,ROCO,Taipei Stock Exchange,Taiwan,,Taichung,407,http://www.ch-forging.com.tw,Nano Cap,TW0004528005,,BBG000FD0WK1,BBG000FD0VS5,BBG001SGSQV9,False
4529.TWO,Electric Power Technology Limited,"Electric Power Technology Limited is a company listed on the Taipei Stock Exchange under the ticker 4529. It operates in the Electrical Equipment industry within the Industrials sector. The company is headquartered in Taipei, Taiwan.",TWD,Industrials,Capital Goods,Electrical Equipment,TWO,ROCO,Taipei Stock Exchange,Taiwan,,Taipei,10695,https://www.eptech.tw,Nano Cap,TW0004529003,,BBG000HKQJG9,BBG000HKQHR1,BBG001SHQRX5,False
4530.TWO,Tianyi Water Energy Solutions Inc.,"Honyi International Company Limited manufactures and sells plastic injection molds. The company offers precision thermoplastic injection molds for use in various applications, including automotive, home appliances, computer, consumers, communication, electronics, etc. It also provides various enclosure manufacturing services, such as tooling fabrication, injection molding, sheet metal stamping, secondary post-molding process, and final assembly services in automotive, home appliance, and information tech. applications. Honyi International Company Limited was founded in 1984 and is headquartered in Taipei, Taiwan.",TWD,Industrials,Capital Goods,Machinery,TWO,ROCO,Taipei Stock Exchange,Taiwan,,Taipei,10457,http://www.honyigroup.com,Nano Cap,TW0004530001,,BBG000HJ7SJ0,BBG000HJ7RK0,BBG001SHQ723,False
4533.TWO,"Shieh Yih Machinery Industry Co., Ltd.","Shieh Yih Machinery Industry Co., Ltd. manufactures and sells mechanical press equipment. The company offers automation press production line solutions; servo presses; straight side mechanical presses; link mechanical presses; special application presses; and C frame and solid frame mechanical presses. It serves clients in Europe, the United States, Thailand, and Mexico. The company was formerly known as Shieh Yih Chuang Ironworks Co. and changed its name to Shieh Yih Machinery Industry Co., Ltd. in 1982. Shieh Yih Machinery Industry Co., Ltd. was founded in 1962 and is headquartered in Taoyuan, Taiwan.",TWD,Industrials,Capital Goods,Machinery,TWO,ROCO,Taipei Stock Exchange,Taiwan,,Taoyuan City,333,http://www.seyi.com.tw,Micro Cap,TW0004533005,,BBG000MMKDC2,BBG000MMKCR8,BBG001SKFP46,False
4534.TWO,"Trinity Precision Technology Co., Ltd.","Trinity Precision Technology Co., Ltd. is a company listed on the Taipei Stock Exchange under the ticker 4534. It operates in the Machinery industry within the Industrials sector. The company is headquartered in Toufen, Taiwan.",TWD,Industrials,Capital Goods,Machinery,TWO,ROCO,Taipei Stock Exchange,Taiwan,,Toufen,35154,https://www.trinity-ptc.com,Micro Cap,TW0004534003,,BBG000NP8CQ5,BBG000NP8CD9,BBG001SKVFZ6,False
4535.TWO,"Fine Blanking & Tool Co., Ltd","Fine Blanking & Tool Co., Ltd. produces and sells car and motorcycle parts in Taiwan. The company's primary products include precision stamping products, motorcycle and bicycle disc brakes, motorcycle start gears, car seat recliners, car brake parts, automotive safety shackles, and steam locomotive seats. It also provides tubes, seat belt reels, tongues, tappet and shims, frames for airbag, hand brakes, blanking gears, sectors and latches, slide stand, foot support and rest, saddles, handle bar and clamps, triple clamps, ABS phonic wheels, slope plates, bicycle parts, and engine gears and other high precision metal components. In addition, the company offers clutch and gas brake pedal, RAEV, push and pull mechanism, steering assembly, and rack and pinion, as well as medical equipment, sporting goods, and computer parts. Fine Blanking & Tool Co., Ltd. was founded in 1988 and is based in Changhua, Taiwan.",TWD,Consumer Discretionary,Automobiles & Components,Auto Components,TWO,ROCO,Taipei Stock Exchange,Taiwan,,Changhua,,http://www.fineblanking.com.tw,Micro Cap,TW0004535000,,BBG000PC9M98,BBG000PC9LK7,BBG001SL8LJ5,False
4537.TWO,"Shuz Tung Machinery Industrial Co., Ltd.","Shuz Tung Machinery Industrial Co., Ltd. manufactures and sells machinery and automation equipment in Taiwan and China. The company provides pipe/tube benders, such as auto, semi-auto, and special customer pipe benders; bicycle manufacture equipment, which include pre-preparations, fork preparations, front fork processes, frame assembling's, wheel/rim makings, bike assembling's, EN testers, handlebar processes, and fixtures; and end forming machinery, such as pipe shape forming, pipe end forming, and pipe end processing machines. It also offers auto integration that include intelligent welding robots, ATV welding robot sets, intelligent handling robots, auto saddle products, and laser cuttings; hydroforming OEM for application in bicycle, gardening, lighting, transportation, and bath industries; laser welding solution; and 3D laser cutting machine. Shuz Tung Machinery Industrial Co., Ltd. was founded in 1978 and is based in Taichung City, Taiwan.",TWD,Industrials,Capital Goods,Machinery,TWO,ROCO,Taipei Stock Exchange,Taiwan,,Taichung City,43859,http://www.shuztung.com,Small Cap,TW0004537006,,BBG002Z67W96,BBG002Z67W78,BBG002Z67WB3,False
4538.TWO,"WINSON Machinery Co., LTD.","WINSON Machinery Co., LTD. manufactures and sells machine tool, wind power, ductile iron, and grey iron castings in Taiwan. Its products include beds for grinding M/C, heads for vertical milling M/C, beds for milling M/C, beams for vertical milling M/C, tables for double-column milling M/C, beds for slant lathe, beds for lathe M/C, beds for vertical lathe, and beds for CNC lathe, as well as beams, columns, tables, and beds. The company was founded in 1980 and is based in Changhua, Taiwan.",TWD,Materials,Materials,Metals & Mining,TWO,ROCO,Taipei Stock Exchange,Taiwan,,Changhua,505,http://www.wsmc.com.tw,Nano Cap,TW0004538004,,BBG002ZFYQS8,BBG002ZFYQQ0,BBG002ZFYQT7,False
4541.TWO,"Magnate Technology Co., Ltd.","Magnate Technology Co., Ltd. manufactures and sells aerospace components and assemblies in Taiwan. The company offers landing gears, aerospace comprehensives, engine casings, and heat exchangers. It also provides other precision machinery components and assemblies, and food industry machinery. The company was founded in 1987 and is based in Kaohsiung City, Taiwan.",TWD,Industrials,Capital Goods,Aerospace & Defense,TWO,ROCO,Taipei Stock Exchange,Taiwan,,Kaohsiung,821,http://www.maicl.com,Micro Cap,TW0004541008,,BBG004PN8166,BBG001CDR960,BBG001TWV858,False
4542.TWO,"Asia Neo Tech Industrial Co.,Ltd.","Asia Neo Tech Industrial Co.,Ltd. is a company listed on the Taipei Stock Exchange under the ticker 4542. It operates in the Machinery industry within the Industrials sector. The company is headquartered in Taoyuan City, Taiwan.",TWD,Industrials,Capital Goods,Machinery,TWO,ROCO,Taipei Stock Exchange,Taiwan,,Taoyuan City,333,https://www.asianeotech.com,Small Cap,TW0004542006,,BBG003PRN9R2,BBG003PRN9P4,BBG003PRN9S1,False
4543.TWO,"Man Zai Industrial Co., Ltd.","Man Zai Industrial Co., Ltd. manufactures and sells air-conditioner components for vehicles worldwide. The company offers auto air-con modules, including condenser units, evaporator units, and heater cores; automobile and motorcycle aluminum radiators for cooling systems, such as radiator units and oil coolers; and thermal-electric cooling modules comprising thermal modules for CPU, thermal syphon modules, and liquid cooling modules, as well as water-cooled modules for use in CPU, VGA, LED, and auto-electric cooling modules. It also provides aluminum extrusion products that include fittings/brackets/pipes, racket frames, OPC drums, computer heat sinks, and bicycle frames; and air-con and refrigeration products. Man Zai Industrial Co., Ltd. was founded in 1984 and is based in Tainan, Taiwan.",TWD,Consumer Discretionary,Automobiles & Components,Auto Components,TWO,ROCO,Taipei Stock Exchange,Taiwan,,Tainan City,718,http://www.manzai.com.tw,Micro Cap,TW0004543004,,BBG0077QPHV0,BBG006SD0MB6,BBG006SD0MC5,False
4544.TWO,"Chun Zu Machinery Industry Co., Ltd.","Chun Zu Machinery Industry Co., Ltd. is a company listed on the Taipei Stock Exchange under the ticker 4544. It operates in the Machinery industry within the Industrials sector. The company is headquartered in Kaohsiung, Taiwan.",TWD,Industrials,Capital Goods,Machinery,TWO,ROCO,Taipei Stock Exchange,Taiwan,,Kaohsiung,820,https://www.chunzu.com.tw,Nano Cap,TW0004544002,,BBG003Q6S4N7,BBG001CNGH99,BBG001TYSQD9,False
4546.TWO,"Chaheng Precision Co., Ltd.","Chaheng Precision Co., Ltd. develops, manufactures, and sells aero-engine components in Taiwan. The company offers aero-engine fan blades, compressor and combustor assemblies, and OGV diffusers; and toles, oil collectors, flow dividers, rings, thermy off plates, cones, inner barrels, fans, and dome combustion chamber baffles. It also provides aero-engine assemblies and other products, including bracket, compressor actuation linkage assy, fan bootstrap bracket, seal, manifold-low pressure turbine and machining bracket, probe, and retaining seal, as well as stationary-AIR, AFT, BRG, and 4B pressure seal. The company was founded in 1997 and is based in Kaohsiung, Taiwan.",TWD,Industrials,Capital Goods,Aerospace & Defense,TWO,ROCO,Taipei Stock Exchange,Taiwan,,Kaohsiung,821,http://www.chaheng.com,Micro Cap,TW0004546007,,BBG004V9V9M9,BBG004V9V9K1,BBG004V9V9N8,True
4549.TWO,"FineTek Co., Ltd.","FineTek Co., Ltd. manufactures and sells process automation, flow metering, wireless communication technology, and tank gauging systems in Taiwan and internationally. The company offers liquid and solid point switches; liquid and solid level transmitters; flow measurement switches and transmitters; pressure level transmitters and switches; temperature transmitters and thermocouples; and grain monitoring systems, including temperature and level monitoring transmitters, multi-point temperature sensors, materials management systems, and remote control units. It also provides wireless products, such as hublinks, coordinators, routers, and end devices; pneumatic products comprising air hammers, pneumatic vibrators, diaphragm valves, dust collector systems, and air pads; safety products, such as isolated safety barriers, speed monitors, conveyer belt misalignment switches, and safety cable pull switches. In addition, the company offers digital controllers/digital meters consisting of digital display panel meters and temperature controllers. Its products and solutions are used in various industries, including cement, hydraulic, petrochemical, food and beverage, chemical, water and wastewater treatment, electronics, power generation, construction, maritime, and steel industries. FineTek Co., Ltd. was founded in 1979 and is headquartered in New Taipei City, Taiwan.",TWD,Information Technology,Technology Hardware & Equipment,"Electronic Equipment, Instruments & Components",TWO,ROCO,Taipei Stock Exchange,Taiwan,,New Taipei City,236,http://www.fine-tek.com,Micro Cap,TW0004549001,,BBG005N22RV2,BBG005N22RR7,BBG005N22RS6,False
4550.TWO,Chang Jia M&E Engineering Corp.,"Chang Jia M&E Engineering Corp. is a company listed on the Taipei Stock Exchange under the ticker 4550. It operates in the Construction & Engineering industry within the Industrials sector. The company is headquartered in Taipei, Taiwan.",TWD,Industrials,Capital Goods,Construction & Engineering,TWO,ROCO,Taipei Stock Exchange,Taiwan,,Taipei,114,https://www.changjia.com.tw,Nano Cap,TW0004550009,,BBG005LBY4X8,BBG005LBY4T3,BBG005LBY4W9,False
4553.TWO,"ALFOT Technologies Co., Ltd.","ALFOT Technologies Co., Ltd. designs, manufactures, and sells OEM aluminum forging products primarily in Taiwan. The company offers automotive aluminum forging parts, including brackets, control arms, suspension arms, pistons, etc. for use in suspension and cushion systems in car chassis, as well as in engine systems; and motorcycle aluminum forging parts, such as connectors, handgrips, driving arms, pistons, etc. that are used in the body structure of motorcycles, steering systems, and engine systems. It also provides other aluminum forging parts comprising storz, check handgrip, bundle, spray gun, etc. for use in fire-fighting equipment, industrial equipment, machinery industry, hand tool industry, and bicycle industry. ALFOT Technologies Co., Ltd. was founded in 1983 and is based in Taichung, Taiwan.",TWD,Industrials,Capital Goods,Machinery,TWO,ROCO,Taipei Stock Exchange,Taiwan,,Taichung,40850,http://www.alfot.com,Nano Cap,TW0004553003,,BBG0072KFW91,BBG0072KFW64,BBG0072KFW73,False
4554.TWO,"Orange Electronic Co., Ltd.","Orange Electronic Co., Ltd. is a company listed on the Taipei Stock Exchange under the ticker 4554. It operates in the Electronic Equipment, Instruments & Components industry within the Information Technology sector. The company is headquartered in Taichung, Taiwan.",TWD,Information Technology,Technology Hardware & Equipment,"Electronic Equipment, Instruments & Components",TWO,ROCO,Taipei Stock Exchange,Taiwan,,Taichung,42881,https://www.orange-electronic.com,Nano Cap,TW0004554001,,BBG0071NQ897,BBG0071NQ860,BBG0071NQ879,False
4556.TWO,"Bright Sheland International Co., Ltd.","Bright Sheland International Co., Ltd. researches, develops, manufactures, markets, and sells industrial filtration and separation systems under the Filtrafine brand in Taiwan and internationally. The company offers melt-blown, wound-fine, activated carbon, membrane, high flow, and glass fiber filter cartridges, as well as pleated cartridges; and plastic-type, single round, single-bag, multi-bag, sanitary, high flow, and multi-round filter housings. It also provides filter bags and bag filter housings; modular bag housing skids; and UV disinfection and TOC reduction units, and spare parts, as well as technical support and after-sales services. The company serves chemical processing, microelectronics industry, oil and gas filtration, water treatment, food and beverage industry, and pharmaceutical industry sectors. Bright Sheland International Co., Ltd. was founded in 1985 and is based in New Taipei City, Taiwan.",TWD,Industrials,Capital Goods,Construction & Engineering,TWO,ROCO,Taipei Stock Exchange,Taiwan,,New Taipei City,22101,http://www.filtrafine.com.tw,Micro Cap,TW0004556006,,BBG0078QHTY9,BBG0078QHTV2,BBG0078QHTW1,False
4558.TWO,"ALFORMER Industrial Co., Ltd.","ALFORMER Industrial Co., Ltd. produces and processes aluminum products in Taiwan. Its products include aluminum and industrial extrusions, aluminum electrolysis (anode treatment), aluminum doors and windows, airtight windows, aluminum curtain walls, solar panels, frames and brackets, building materials, greenhouse project, CNC milling, and forging, as well as solar energy engineering products. The company was founded in 1989 and is based in Changhua City, Taiwan.",TWD,Materials,Materials,Metals & Mining,TWO,ROCO,Taipei Stock Exchange,Taiwan,,Changhua City,521,http://www.alformer.com.tw,Nano Cap,TW0004558002,,BBG007H15025,BBG007H14ZZ3,BBG007H15007,False
4559.TWO,Joy Industrial,,TWD,Consumer Discretionary,Automobiles & Components,Auto Components,TWO,ROCO,Taipei Stock Exchange,Taiwan,,,,https://www.joy-tech.com.tw,Nano Cap,TW0004559000,,BBG007LTQSR8,BBG007LTQSN2,BBG007LTQSP0,False
4561.TWO,"Kenturn Nano. Tec. Co., Ltd.","Kenturn Nano. Tec. Co., Ltd. designs, manufactures, fabricates, and markets machine tool spindles in Taiwan. It offers CNC machining center, tapping center, and direct and gear drive spindles; turning center spindles, which includes belt drive-horizontal and vertical spindles; and CNC internal and external spindles. The company also provides square, ball nose, and corner radius end mills; special cutting tools; and spindle repair service. Its products are used in aerospace, automotive, locomotive, biotechnology, woodworking machines, shipbuilding, medical equipment, electronic semiconductor manufacturing, and IT industries under the KENTURN brand name. The company also exports its products. Kenturn Nano. Tec. Co., Ltd. was founded in 1983 and is based in Changhua, Taiwan.",TWD,Industrials,Capital Goods,Machinery,TWO,ROCO,Taipei Stock Exchange,Taiwan,,Changhua,507001,http://www.kenturn.com.tw,Micro Cap,TW0004561006,,BBG00FD3HMY1,BBG00DZS7PZ0,BBG00DZS7Q06,False
4563.TWO,"Quaser Machine Tools, Inc.","Quaser Machine Tools, Inc. manufactures and sells machine tools in Europe, Asia, North America, South America, Africa, and Oceania. It offers vertical, 5-axis mill-turn, pallet, horizontal, and multi face 5 axes M/C machine tools, as well as FMC series products. The company was founded in 1991 and is based in Taichung City, Taiwan.",TWD,Industrials,Capital Goods,Machinery,TWO,ROCO,Taipei Stock Exchange,Taiwan,,Taichung City,437,http://www.quaser.com,Micro Cap,TW0004563002,,BBG00CXKNDG1,BBG001BNYGH3,BBG001TR6DL8,False
4565.TWO,"Hong-Wei Electrical Industry & Co., Ltd.","Hong-Wei Electrical Industry & Co., Ltd. is a company listed on the Taipei Stock Exchange under the ticker 4565. It operates in the Machinery industry within the Industrials sector. The company is headquartered in New Taipei City, Taiwan.",TWD,Industrials,Capital Goods,Machinery,TWO,ROCO,Taipei Stock Exchange,Taiwan,,New Taipei City,248,https://www.volbin.com,Micro Cap,TW0004565007,,BBG00DX06XN0,BBG001CNGKL8,BBG001TYSSP2,False
4568.TWO,"Koge Micro Tech Co., Ltd.","Koge Micro Tech Co., Ltd. designs, produces, and sells various precision pumps and valves worldwide. The company offers air, vacuum, water, gear, and electromagnetic pumps; and one, two, and three-way, as well as combined and linear–type solenoid valves. It also provides rotary diaphragm, diaphragm, air linear, piezoelectric, and centrifugal pumps. In addition, the company offers OEM/ODM services. Its products are used in fuel cell, energy and environment, environmental monitoring, detection analysis, medical devices, automotive products, healthcare equipment, beauty care apparatus, and household appliance fields. Koge Micro Tech Co., Ltd. was founded in 1978 and is headquartered in New Taipei City, Taiwan.",TWD,Industrials,Capital Goods,Machinery,TWO,ROCO,Taipei Stock Exchange,Taiwan,,New Taipei City,23586,http://www.koge.com,Nano Cap,TW0004568001,,BBG00J002040,BBG00J002022,BBG00J002059,False
4570.TWO,"Jason Co., Ltd.","Jason Co., Ltd. is a company listed on the Taipei Stock Exchange under the ticker 4570. It operates in the Auto Components industry within the Consumer Discretionary sector. The company is headquartered in Pingtung, Taiwan.",TWD,Consumer Discretionary,Automobiles & Components,Auto Components,TWO,ROCO,Taipei Stock Exchange,Taiwan,,Pingtung,905,https://www.baw-auto.com.tw,Micro Cap,TW0004570007,,BBG00PVJ5MV0,BBG00MRDVHH3,BBG00MRDVHJ1,False
4573.TWO,Gmt Global Inc.,"Gmt Global Inc. is a company listed on the Taipei Stock Exchange under the ticker 4573. It operates in the Machinery industry within the Industrials sector. The company is headquartered in Changhua, Taiwan.",TWD,Industrials,Capital Goods,Machinery,TWO,ROCO,Taipei Stock Exchange,Taiwan,,Changhua,513004,https://www.gmtglobalinc.com,Small Cap,TW0004573001,,BBG00LGG3Z90,BBG00LGG3Z72,BBG00LGG3ZB7,False
4575.TWO,Chumpower Machinery Corporation,"Chumpower Machinery Corp. manufactures PET blow molding molding machines in Taiwan and internationally. The company's products are used in various application, such as mineral water, carbonated beverages, seasonings, tea, fruit juice, distilled water, alcoholic beverages, cooking oil, cleaning agents, cosmetics, fizzy drinks, cosmetic cleanser, detergents, tennis ball cans, medicine bottles, heat-resisting bottles etc. The company was founded in 1981 and is based in Taichung, Taiwan.",TWD,Industrials,Capital Goods,Machinery,TWO,ROCO,Taipei Stock Exchange,Taiwan,,Taichung,414,http://www.chumpower.com,Nano Cap,TW0004575006,,BBG00MJ6CZ88,BBG00MJ6CZ60,BBG00MJ6CZ97,False
4577.TWO,"Ofuna Technology Co., Ltd.","Ofuna Technology Co., Ltd. manufactures and distributes industrial machinery and equipment in Taiwan. It produces drilling machines, routing machines, and spindles. The company was founded in 1991 and is based in Taichung, Taiwan.",TWD,Industrials,Capital Goods,Machinery,TWO,ROCO,Taipei Stock Exchange,Taiwan,,Taichung,,http://www.darharnq.com,Micro Cap,TW0004577002,,BBG00XXYHMP2,BBG001BP1B85,BBG001TR9667,False
4578.TWO,"Sogotec Precision Co., Ltd.","Sogotec Precision Co., Ltd. develops and manufactures CNC machines in Taiwan. It offers printed circuit board (PCB) routing machines, PCB drilling machines, laser application machines, and automation machines. The company was founded in 1990 and is headquartered in Taipei City, Taiwan.",TWD,Industrials,Capital Goods,Machinery,TWO,ROCO,Taipei Stock Exchange,Taiwan,,Taipei City,11155,http://www.sogotec.com.tw,Nano Cap,,,,,,False
4580.TWO,"Value Valves Co., Ltd.","Value Valves Co., Ltd. engages in the research, development, design, manufacture, inspection, and marketing of valves in Taiwan. The company offers butterfly, check, damper, ball, globe, gate, and customized valves. Its products are used in petroleum and petrochemical products, steel, shipbuilding, energy, water treatment, paper, air-conditioning, electronic, and other industrial fields. The company was founded in 1980 and is headquartered in New Taipei City, Taiwan.",TWD,Industrials,Capital Goods,Machinery,TWO,ROCO,Taipei Stock Exchange,Taiwan,,New Taipei City,236,http://www.valuevalves.com,Micro Cap,TW0004580006,,BBG00MRCT7N3,BBG00MRCT7L5,BBG00MRCT7P1,False
4582.TWO,"Hengs Technology Co., Ltd.","Hengs Technology Co., Ltd. provides solar monitoring system integration and related products in Taiwan. The company's design products include solar pumps, RSK systems, off-grid solar power system kits, solar outdoor lightings, and solar mounting racks; and distributed products comprise PV modules, charge controllers, inverters, batteries, solar surge arresters, and wind turbines. It also markets related solar power products, as well as markets and services industry and precision instruments; and offers warranty services. The company was founded in 1998 and is based in Tainan City, Taiwan.",TWD,Information Technology,Technology Hardware & Equipment,"Technology Hardware, Storage & Peripherals",TWO,ROCO,Taipei Stock Exchange,Taiwan,,Tainan City,710,http://www.hengs.com,Micro Cap,TW0004582002,,BBG00QD3D2X6,BBG00QD3D2W7,BBG00QD3D2Z4,True
4584.TWO,"Jufan Industrial Co., Ltd.","Jufan Industrial Co., Ltd. is a company listed on the Taipei Stock Exchange under the ticker 4584. It operates in the Machinery industry within the Industrials sector. The company is headquartered in Tainan City, Taiwan.",TWD,Industrials,Capital Goods,Machinery,TWO,ROCO,Taipei Stock Exchange,Taiwan,,Tainan City,710,https://jfc.co.com,Nano Cap,TW0004584008,,BBG012Q8WPB5,BBG012Q8WP89,BBG012Q8WPD3,False
4587.TWO,"LNC Technology Co., Ltd","LNC Technology Co., Ltd is a company listed on the Taipei Stock Exchange under the ticker 4587. It operates in the Machinery industry within the Industrials sector. The company is headquartered in Taichung, Taiwan.",TWD,Industrials,Capital Goods,Machinery,TWO,ROCO,Taipei Stock Exchange,Taiwan,,Taichung,40764,https://www.lnc.com.tw,Nano Cap,TW0004587001,,BBG018WFJD94,BBG0057SDQP0,BBG0057SDQQ9,False
4589.TWO,"Motion Technology Electric & Machinery Co., Ltd.","Motion Technology Electric & Machinery Co., Ltd. is a company listed on the Taipei Stock Exchange under the ticker 4589. It operates in the Electrical Equipment industry within the Industrials sector. The company is headquartered in Taoyuan City, Taiwan.",TWD,Industrials,Capital Goods,Electrical Equipment,TWO,ROCO,Taipei Stock Exchange,Taiwan,,Taoyuan City,320,https://www.motiontech.com.tw,Nano Cap,TW0004589007,,BBG01G9N3QX6,BBG01G9N3QV8,BBG01G9N3QY5,False
4609.TWO,"Airlux Electrical Co., Ltd.","Airlux Electrical Co., Ltd. manufactures and sells electrical appliances in China and internationally. The company offers stand mixers, table blenders, hand blenders, cooking machines, and juice extractors, as well as electric blankets and food processors. Airlux Electrical Co., Ltd. was founded in 1976 and is headquartered in Taoyuan, Taiwan.",TWD,Information Technology,Technology Hardware & Equipment,"Electronic Equipment, Instruments & Components",TWO,ROCO,Taipei Stock Exchange,Taiwan,,Taoyuan,320,http://www.airlux.com.tw,Nano Cap,TW0004609003,,BBG000BVQZC9,BBG000BVQZ02,BBG001SF9WT2,False
4702.TWO,"Allied Industrial Corp., Ltd.","Allied Industrial Corp., Ltd. is a company listed on the Taipei Stock Exchange under the ticker 4702. It operates in the Chemicals industry within the Materials sector. The company is headquartered in Taipei, Taiwan.",TWD,Materials,Materials,Chemicals,TWO,ROCO,Taipei Stock Exchange,Taiwan,,Taipei,10683,https://www.aicgroup.com.tw,Nano Cap,TW0004702006,,BBG000FSHR58,BBG000FSGN67,BBG001S8MT56,False
4706.TWO,Tah Kong Chemical Industrial Corporation,"Tah Kong Chemical Industrial Corporation manufactures, processes, and sells paints, pigments and intermediates in Taiwan, Southeast Asia, Japan, China, the United States, and Australia. The company offers PVC, PU, and polyolefin processed pigments. It also provides aqueous pigment dispersions and UV curable products; and organic pigments, which are used in ink, plastic, rubber, fiber, paint, stationery, etc. In addition, the company offers functional masterbatch that includes non-halogen flame retardant TPU compound, TPU anti-blocking and lubricant masterbatch, TPU fogging agent masterbatch, black electric conductive PE masterbatch, TPA weather resistant PE functional masterbatch, and anti-microbial PE masterbatch. Tah Kong Chemical Industrial Corporation was founded in 1966 and is headquartered in Taipei City, Taiwan.",TWD,Materials,Materials,Chemicals,TWO,ROCO,Taipei Stock Exchange,Taiwan,,Taipei,115,http://www.tkc.com.tw,Micro Cap,TW0004706007,,BBG000C24NC3,BBG000C24MQ0,BBG001SBT4X6,False
4707.TWO,Pan Asia Chemical Co.,"Pan Asia Chemical Co. is a company listed on the Taipei Stock Exchange under the ticker 4707. It operates in the Chemicals industry within the Materials sector. The company is headquartered in Taipei, Taiwan.",TWD,Materials,Materials,Chemicals,TWO,ROCO,Taipei Stock Exchange,Taiwan,,Taipei,100,https://www.pacc.com.tw,Small Cap,TW0004707005,,BBG000C2W577,BBG000C2W4Z9,BBG001SBVQX4,False
4711.TWO,"Yong Shun Chemical Co., Ltd","Yong Shun Chemical Co., Ltd is a company listed on the Taipei Stock Exchange under the ticker 4711. It operates in the Chemicals industry within the Materials sector. The company is headquartered in Taoyuan City, Taiwan.",TWD,Materials,Materials,Chemicals,TWO,ROCO,Taipei Stock Exchange,Taiwan,,Taoyuan City,,https://www.yongshunchemical.com,Nano Cap,TW0004711007,,BBG000BFD2R5,BBG000BFD268,BBG001S73HC7,False
4712.TWO,"Forkluck Innovation Co., Ltd","Nan Tsan Co., Ltd, a technology company, develops intelligent robots and artificial intelligence in Taiwan. It is also involved in the production of pigments. The company focuses on the development of 5G and IoT smart home solutions. Nan Tsan Co., Ltd was founded in 1974 and is based in Taipei City, Taiwan.",TWD,Consumer Staples,Household & Personal Products,Household Products,TWO,ROCO,Taipei Stock Exchange,Taiwan,,Taipei City,,http://www.nantsan.com.tw,Nano Cap,,,,,,True
4714.TWO,"U-Best Innovative Technology Co., Ltd.","U-Best Innovative Technology Co., Ltd. is a company listed on the Taipei Stock Exchange under the ticker 4714. It operates in the Chemicals industry within the Materials sector. The company is headquartered in Tainan City, Taiwan.",TWD,Materials,Materials,Chemicals,TWO,ROCO,Taipei Stock Exchange,Taiwan,,Tainan City,74546,https://www.u-best-inno.com,Micro Cap,TW0004714001,,BBG000CFSLN0,BBG000CFRK08,BBG001SF1CF9,False
4716.TWO,Daily Polymer Corp.,"Daily Polymer Corp. manufactures and sells synthetic resins in Taiwan. It offers polymer materials, including solvent and water based resins for paints, unsaturated polyester resins, and paint additives; and UV curing pressure sensitive adhesives. The company also provides photo-electronic materials, such as liquid crystals and alignment materials; and conductive polymers. It also exports its products to Southeast and Middle Asia, India, Japan, Africa, and Hong Kong. Daily Polymer Corp. was founded in 1970 and is based in Kaohsiung, Taiwan.",TWD,Materials,Materials,Chemicals,TWO,ROCO,Taipei Stock Exchange,Taiwan,,Kaohsiung,814,http://www.daily-polymer.com,Micro Cap,TW0004716006,,BBG000CHPY60,BBG000CHPXH0,BBG001SF39F4,False
4721.TWO,Mechema Chemicals International Corp.,"Mechema Chemicals International Corp. supplies oxidation catalysts worldwide. The company supplies magnetic material cobalt lithium secondary batteries and materials; and specialty chemicals. It also provides PTA oxidation catalyst, CTA pretreatment, PTA M.L. recovery, and electromagnetic industry services. The company was founded in 1930 and is based in Taoyuan, Taiwan.",TWD,Materials,Materials,Chemicals,TWO,ROCO,Taipei Stock Exchange,Taiwan,,Taoyuan City,32849,http://www.mechema.com,Micro Cap,TW0004721006,,BBG000BNNW91,BBG000BNNVF6,BBG001S9ZR90,False
4724.TWO,"Meribank Biotech Co., Ltd","Meribank Biotech Co., Ltd is a company listed on the Taipei Stock Exchange under the ticker 4724. It operates in the Biotechnology industry within the Health Care sector. The company is headquartered in Taipei City, Taiwan.",TWD,Health Care,"Pharmaceuticals, Biotechnology & Life Sciences",Biotechnology,TWO,ROCO,Taipei Stock Exchange,Taiwan,,Taipei City,11493,https://www.meribank.com.tw,Nano Cap,TW0004724000,,BBG01GYXSB99,BBG00MRDVGJ3,BBG00MRDVGL0,False
4726.TWO,Mycenax Biotech Inc.,"Mycenax Biotech Inc. develops and manufactures biopharmaceutical products from mammalian cells and microbials in Taiwan, European, and the United States markets. The company develops monoclonal antibodies, bi-specific antibodies, fc-fusion proteins, recombinant proteins, peptides, protein conjugates (non-toxin), antibody-cell conjugates, enzymes, antigen-binding fragments (Fab), single-chain variable fragments (ScFv), plasmids, DNA vaccines, and glycoproteins. It also provides process development and scale-up, GMP manufacturing, and analytical services, as well as manufacturing technologies and in-house services. The company was founded in 2001 and is headquartered in Miaoli, Taiwan.",TWD,Health Care,"Pharmaceuticals, Biotechnology & Life Sciences",Biotechnology,TWO,ROCO,Taipei Stock Exchange,Taiwan,,Miaoli,35053,http://www.mycenax.com.tw,Micro Cap,TW0004726005,,BBG000JVX7J8,BBG000JVX6B8,BBG001T3S552,False
4728.TWO,"Sunmax Biotechnology Co., Ltd.","Sunmax Biotechnology Co., Ltd., a biomedical company, develops, manufactures, and markets medical-grade collagen-based medical devices in Asia. The company offers Porcogen, a sterile purified collagen solution for medical device, tissue engineering, and research purposes; and dermal fillers, such as Sunmax collagen implant I-Plus and Sumax collagen implant I for the correction of facial defects, such as the fill up of wrinkles. It also provides Sunmax collagen dental bone graft, Sunmax collagen dental membrane, and Sunmax dental bone graft granules, which are used in the augmentation or reconstructive treatment of the alveolar ridge. In addition, the company offers Sunmax collagen bone graft matrix that provides a bone void filler that is resorbed and replaced with bone during the healing process; and skincare products comprising Sunmax 6 collagen facial cleanser, Sunmax 7 collagen essence, Sunmax 8 active collagen essence mask, Sunmax 9 collagen refining cream, Sunmax 10 collagen eye renewal cream, Sunmax 11 collagen moisturizing cream, Sunmax 15 Collagen MesoRepair, and Sunmax Collagen Peptide that are used as aftercare of dermal filler treatment. Sunmax Biotechnology Co., Ltd. was founded in 2001 and is based in Tainan City, Taiwan.",TWD,Health Care,"Pharmaceuticals, Biotechnology & Life Sciences",Biotechnology,TWO,ROCO,Taipei Stock Exchange,Taiwan,,Tainan City,744,http://www.sunmaxbiotech.com,Small Cap,TW0004728001,,BBG000Q697W7,BBG000Q697G5,BBG001T6M659,False
4729.TWO,Mildex Optical Inc.,"Mildex Optical Inc. is a company listed on the Taipei Stock Exchange under the ticker 4729. It operates in the Technology Hardware, Storage & Peripherals industry within the Information Technology sector. The company is headquartered in Kaohsiung City, Taiwan.",TWD,Information Technology,Technology Hardware & Equipment,"Technology Hardware, Storage & Peripherals",TWO,ROCO,Taipei Stock Exchange,Taiwan,,Kaohsiung City,821,http://www.mildex.com.tw,Nano Cap,TW0004729009,,BBG000TFSQ42,BBG000TFSPX2,BBG001T01WK1,False
4730.TWO,,,TWD,,,,TWO,ROCO,Taipei Stock Exchange,United States,,,,,,,,,,,False
4732.TWO,NatureWise Biotech & Medicals Corporation,"NatureWise Biotech & Medicals Corporation engages in the development of therapeutic drugs in Taiwan. It offers LipoCol Forte, a capsule for hypercholesterolemia and hypertriglyceridemia; PPL products comprise Taiwanese Green Propolis; and NBM-BMX an oral Softgel capsule to treat cancer. The company was founded in 2000 and is based in Taipei City, Taiwan.",TWD,Health Care,"Pharmaceuticals, Biotechnology & Life Sciences",Biotechnology,TWO,ROCO,Taipei Stock Exchange,Taiwan,,Taipei,105,http://www.naturewise.com.tw,Nano Cap,TW0004732003,,BBG000V1YZ98,BBG000V1YZ61,BBG001T0ZDH0,False
4735.TWO,AViTA Corporation,"AViTA Corporation manufactures and sells home healthcare products for clinical and personal use. It offers various OEM/ODM solutions. The company's products include non-contact thermometers, infrared/forehead thermometers, arm and wrist type blood pressure monitors, and electronic lice combs. AViTA Corporation was founded in 1996 and is headquartered in New Taipei City, Taiwan.",TWD,Health Care,Health Care Equipment & Services,Health Care Equipment & Supplies,TWO,ROCO,Taipei Stock Exchange,Taiwan,,New Taipei City,24158,http://www.avita.com.tw,Nano Cap,TW0004735006,,BBG000QRXG09,BBG000QRXFJ1,BBG001T8JHS0,False
4736.TWO,TaiDoc Technology Corporation,"TaiDoc Technology Corporation manufactures and markets medical devices worldwide. It offers diagnostics products, including blood glucose and multiple parameters monitoring systems, point of care testing devices, lancet and lancing devices, and vet health care products comprise blood glucose and calcium meters, non-contact forehead thermometers, and blood ketone meters; and medical devices, such as nebulizers, thermometers, blood pressure monitors, vital sign monitors, medical kiosk, pulse oximeters, and weight scale. The company also provides telehealth remote monitoring devices and smartphone applications; and Covid-19 antigen rapid test kits. In addition, it offers services for regulatory professionals, as well as in the areas of clinical suggestions, engineering resources, and manufacturing systems. The company was founded in 1998 and is headquartered in New Taipei City, Taiwan.",TWD,Health Care,Health Care Equipment & Services,Health Care Technology,TWO,ROCO,Taipei Stock Exchange,Taiwan,,New Taipei City,24888,http://www.taidoc.com,Small Cap,TW0004736004,,,,,True
4738.TWO,Tatung Fine Chemicals Co.,"Tatung Fine Chemicals Co. develops, manufactures, and sells nano-products in Taiwan. The company offers aqueous concentrated pigment dispersions for ink-jet inks and photo-catalyst paints. It also provides lithium iron phosphate, a cathode material for high power lithium ion batteries, as well as vanish, ink, TiO, and acrylic CED products. The company was formerly known as Tatung Coatings Company and changed its name to Tatung Fine Chemicals Co. in 2003. Tatung Fine Chemicals Co. was founded in 1970 and is based in Taoyuan City, Taiwan.",TWD,Materials,Materials,Chemicals,TWO,ROCO,Taipei Stock Exchange,Taiwan,,Taoyuan City,328,http://www.twtfc.com,Nano Cap,TW0004738000,,BBG000P54X03,BBG000P54WB3,BBG001T5J0N8,False
4741.TWO,Jetbest Corporation,"Jetbest Corporation researches and develops, manufactures, and sells inkjet printing products in Taiwan. The company offers various inks, such as UV inks; and wide format inks, including eco solvent pigments, mild solvent pigments, water dyes and pigments, oil-based dyes and pigments. It also provides textile inks comprising dye sublimation and disperse inks, resin pigments, and reactive dyes; magic inks; desktop inks; nano and resin-free colorants; and bulk systems consisting of refilled cartridges. The company also distributes its products approximately in 80 countries. Jetbest Corporation was founded in 2004 and is based in Hsinchu City, Taiwan.",TWD,Materials,Materials,Chemicals,TWO,ROCO,Taipei Stock Exchange,Taiwan,,Hsinchu City,30093,http://www.jetbest.com,Nano Cap,TW0004741004,,BBG000Q4B5K6,BBG000Q4B5D4,BBG001T6FVP0,False
4743.TWO,"Oneness Biotech Co., Ltd.","Oneness Biotech Co., Ltd. engages in the research, development, and sale of new drugs, pharmaceuticals, and health products in Taiwan. It offers Fespixon cream for diabetic foot ulcers, and Bonvadis, a wound care medical device. The company develops ON101, has completed clinical trials for treating chronic diabetic foot ulcers. It is also developing FB825, which is in Phase II a clinical trial for treating atopic dermatitis and allergic asthma; FB704A that has received US FDA Phase II clinical trial for the treatment of rheumatoid arthritis and inhibiting tumor angiogenesis; SNS812, for the treatment of COVID that is in Phase II clinical trials; and SNS851 for weight loss and metabolism diseases. In addition, the company engages in the agricultural product cultivation and organic food sales business; and sale of agricultural products. Oneness Biotech Co., Ltd. was incorporated in 2008 and is headquartered in Taipei, Taiwan.",TWD,Health Care,"Pharmaceuticals, Biotechnology & Life Sciences",Biotechnology,TWO,ROCO,Taipei Stock Exchange,Taiwan,,,,https://www.onenessbio.com.tw,Small Cap,TW0004743000,,BBG000MFWZ26,BBG000MFVXH6,BBG001T4RCR2,False
4744.TWO,CVC Technologies Inc.,"CVC Technologies Inc. is a company listed on the Taipei Stock Exchange under the ticker 4744. It operates in the Machinery industry within the Industrials sector. The company is headquartered in Taichung, Taiwan.",TWD,Industrials,Capital Goods,Machinery,TWO,ROCO,Taipei Stock Exchange,Taiwan,,Taichung,412,https://www.cvctechnologies.com,Nano Cap,TW0004744008,,BBG000BQWM05,BBG000BQWLQ9,BBG001SRC726,False
4745.TWO,"Cowealth Medical Holding Co., Ltd.","Cowealth Medical Holding Co., Ltd. operates as a medical distribution company primarily in the diagnostic clinical laboratory field in Greater China market. It also specializes in reagent, cross-strait hospital department cooperation, and radiotherapy fields. In addition, the company undertakes the Summit project, which consolidates outside procurement of diagnostic reagents at prices as before; and provides related with related logistics management services. The company was founded in 1997 and is based in Shanghai, China.",TWD,Health Care,Health Care Equipment & Services,Health Care Technology,TWO,ROCO,Taipei Stock Exchange,China,,Shanghai,200233,http://www.cowealthholding.com,Nano Cap,KYG248111042,,BBG000BNQGQ4,BBG000BNQGG5,BBG001SQDQR8,False
4747.TWO,"Johnson Chemical Pharmaceutical Works Co., Ltd.","Johnson Chemical Pharmaceutical Works Co., Ltd. is a company listed on the Taipei Stock Exchange under the ticker 4747. It operates in the Pharmaceuticals industry within the Health Care sector. The company is headquartered in New Taipei City, Taiwan.",TWD,Health Care,"Pharmaceuticals, Biotechnology & Life Sciences",Pharmaceuticals,TWO,ROCO,Taipei Stock Exchange,Taiwan,,New Taipei City,241,https://www.jcpjohnson.com.tw,Micro Cap,TW0004747001,,BBG000Q4B955,BBG000Q4B8V8,BBG001T6FVW2,False
4749.TWO,Advanced Echem Materials Company Limited,"Advanced Echem Materials Company Limited is a company listed on the Taipei Stock Exchange under the ticker 4749. It operates in the Electronic Equipment, Instruments & Components industry within the Information Technology sector. The company is headquartered in Taoyuan, Taiwan.",TWD,Information Technology,Technology Hardware & Equipment,"Electronic Equipment, Instruments & Components",TWO,ROCO,Taipei Stock Exchange,Taiwan,,Taoyuan,325,https://www.aemc.com.tw,Mid Cap,TW0004749007,,BBG000BGRTL5,BBG000BGRTC5,BBG001T9FCL0,False
4754.TWO,"INternational CArbide Technology Co., Ltd.","INternational CArbide Technology Co., Ltd. manufactures and sells firestop products in Taiwan. The company offers firestop system, such as fire barrier caulks, fire barrier silicone sealants, moldable firestop and firestop putty products, intumescent strips, fire barrier foams, firestop bricks, firestop sheets, mortar, fireproof blankets, and coated firestop boards/coatings. It also provides elastomeric fire caulks, putty pads, fireproof paints for wood, intumescent coating, high intumescent lamination, firestop tapes, smoke and acoustic sealants, and spray products, as well as fireproof protections for cable/electrical systems. The company was founded in 1998 and is based in Taoyuan, Taiwan.",TWD,Materials,Materials,Chemicals,TWO,ROCO,Taipei Stock Exchange,Taiwan,,Taoyuan City,33842,http://www.incatech.com.tw,Nano Cap,TW0004754007,,BBG003NBBVN7,BBG003NBBVL9,BBG003NBBVP5,False
4760.TWO,"Ample Electronic Technology Co.,Ltd.","Ample Electronic Technology Co.,Ltd. produces and sells thick-film conductors in Taiwan. It offers pastes for terminal and internal electrodes of passive components, copper and silver paste products, and solar cells; and conductive silver pastes for touch panels, membrane switches, and LED and IC packages. The company was founded in 2007 and is based in Kaohsiung, Taiwan.",TWD,Information Technology,Semiconductors & Semiconductor Equipment,Semiconductors & Semiconductor Equipment,TWO,ROCO,Taipei Stock Exchange,Taiwan,,Kaohsiung,83163,http://www.ampletec.com.tw,Small Cap,TW0004760004,,BBG00B44LHM7,BBG00896HYG9,BBG00896HYH8,False
4765.TWO,"Pancolour Ink Co., Ltd.","Pancolour Ink Co., Ltd. manufactures and sells UV curable inks, coatings, and adhesives in Taiwan. It offers UV curable printing inks for IC chips, optical discs, plastics, and paper products; UV curable adhesives for bonding needs of metal, glass, and other materials that are applied in handicraft and electronic industries; and UV curable coatings for use in plastic flexible tubes and paper spot varnish for screen print, etc. The company provides its products under the PANOVA, PANCURE, PANOLEN, and RADITHO names. Pancolour Ink Co., Ltd. was founded in 1997 and is based in Taoyuan, Taiwan.",TWD,Materials,Materials,Chemicals,TWO,ROCO,Taipei Stock Exchange,Taiwan,,Taoyuan City,33383,http://www.pancolourink.com,Nano Cap,TW0004765003,,BBG00FF897G0,BBG00FF897D3,BBG00FF897H9,False
4767.TWO,"Cherng Tay Technology Co., Ltd.","Cherng Tay Technology Co., Ltd. manufactures and sells adhesives in Taiwan and internationally. The company offers hot melt adhesive products for packaging, bookbinding, assembly, and footwear applications; waterproofing materials, including waterproofing membranes and glues; and reactive hot melt adhesives. Cherng Tay Technology Co., Ltd. was founded in 1983 and is based in Kaohsiung, Taiwan.",TWD,Materials,Materials,Chemicals,TWO,ROCO,Taipei Stock Exchange,Taiwan,,Kaohsiung,821,http://www.chetay.com.tw,Nano Cap,TW0004767009,,BBG00HTCYPD7,BBG001S4P1J8,BBG001V3TJH5,False
4768.TWO,Ingentec Corporation,"Ingentec Corporation manufactures and supplies fine chemicals and high pressure gas containers to semiconductor front end, semiconductor package, and flat panel display processes. The company offers laser gas; silicon wafer related products, such as quartz crucibles, and polished and reclaim wafers; and specialty gas and wet chemical related products, including PSA argon gas recovery and purification systems, specialty gas, and texturing chemical. It also offers special materials and tools comprising chillers, LED metal clad substrates, mass flow meters and controllers, pigment, sputtering target materials, and thermal spray coatings powder; and solar cell related products, such as platelet calcined alumina, laser machine for PERC and boron dope, SiC powder, slurry recycle systems, solar quartz crucibles, and tungsten seed cables. The company was founded in 2010 and is headquartered in Zhunan, Taiwan.",TWD,Materials,Materials,Chemicals,TWO,ROCO,Taipei Stock Exchange,Taiwan,,Zhunan,35059,http://www.ingenteccorp.com.tw,Small Cap,TW0004768007,,BBG00QX1PKN6,BBG00MRDVDH2,BBG00MRDVDJ0,False
4772.TWO,Taiwan Speciality Chemicals Corporation,"Taiwan Speciality Chemicals Corporation is a company listed on the Taipei Stock Exchange under the ticker 4772. It operates in the Chemicals industry within the Materials sector. The company is headquartered in Changhua, Taiwan.",TWD,Materials,Materials,Chemicals,TWO,ROCO,Taipei Stock Exchange,Taiwan,,Changhua,507,https://www.tscs.com.tw,Small Cap,TW0004772009,,BBG019LZCFN6,BBG019LZCFL8,BBG019LZCFP4,False
4803.TWO,VHQ Media Holdings Ltd,"VHQ Media Holdings Ltd, together with its subsidiaries, engages in the multimedia innovation and creativity, post production, visual effects, and related services for TV advertising, TV drama, online drama, movies, and animation in Taiwan and internationally. The company operates in four segment: Singapore, Malaysia, Indonesia, and Beijing. It is involved in the content development and performance optimization business; provision of post production services for commercials and feature films; and multimedia shooting and planning for dramas and movies. VHQ Media Holdings Ltd was founded in 1987 and is based in Taipei City, Taiwan.",TWD,Communication Services,Media & Entertainment,Entertainment,TWO,ROCO,Taipei Stock Exchange,Taiwan,,Taipei,114,http://www.vhqmedia.com,Micro Cap,,,,,,False
4804.TWO,Da Lue International Holding Company Limited,"Da Lue International Holding Company Limited, an investment holding company, provides various wedding services in China. The company offers wedding planning, witnesses ceremony, and wedding dress rental services, as well as wedding photography and video, and other wedding-related services; and wedding banquet, and conference and exhibition services It is also involved in the rental and sale of clothing and flowers, operation of hotels, and real estate business. In addition, the company offers catering and catering management services; and technology development, technical consulting, and other services in the field of network technology. The company's brand portfolio includes Victoria Wedding Club, Coloration LISA Wedding Photography, Taiwan North Suoluo Wedding Photography, Jennifer Wedding Photography, Princess Wedding Photography, Pujue Hotel, and Vienna Hotel. Da Lue International Holding Company Limited was founded in 2011 and is headquartered in Grand Cayman, the Cayman Islands.",TWD,Consumer Discretionary,Consumer Services,Diversified Consumer Services,TWO,ROCO,Taipei Stock Exchange,Cayman Islands,,Grand Cayman,KY1-1208,http://www.dalue.com.tw,Nano Cap,KYG2646C1024,,BBG007T9ZF65,BBG007T9ZF38,BBG007T9ZF47,True
4806.TWO,Kuei Tien Cultural & Creative Entertainment,"ShengHua Entertainment Communication co.,Ltd. engages in the television program production and screenwriting, film production and distribution, and art performing activities in Taiwan and China. It also provides drama series, as well as engages in the literary and artistic creation, corporate image planning, actor brokerage, and graphic system businesses. In addition, it is involved in the investment consulting, business management consulting, and business information consulting activities. The company was formerly known as Shenghua Entertainment Production Co., Ltd. and changed its name to ShengHua Entertainment Communication co.,Ltd. in June 2012. ShengHua Entertainment Communication co.,Ltd. was founded in 2000 and is based in Taipei, Taiwan.",TWD,Communication Services,Media & Entertainment,Entertainment,TWO,ROCO,Taipei Stock Exchange,Taiwan,,Taipei,,http://www.shec.com.tw,Nano Cap,TW0004806005,,BBG007N445W9,BBG007N445S4,BBG007N445T3,False
4903.TWO,United Fiber Optic Communication Inc.,"United Fiber Optic Communication Inc. is a company listed on the Taipei Stock Exchange under the ticker 4903. It operates in the Communications Equipment industry within the Information Technology sector. The company is headquartered in Hsinchu City, Taiwan.",TWD,Information Technology,Technology Hardware & Equipment,Communications Equipment,TWO,ROCO,Taipei Stock Exchange,Taiwan,,Hsinchu City,300,https://www.ufoc.com.tw,Micro Cap,TW0004903000,,BBG000HVWQ09,BBG000HVWPV7,BBG001SFJD86,False
4905.TWO,Tainet Communication System Corp.,"Tainet Communication System Corp. provides carrier class access equipment to telecom carriers, service operators, and business users worldwide. The company offers Ethernet access devices, VoIP gateway products, xDSL and analog modems, PON, optical transceivers, and interface converters. It also provides copper over fiber connectivity, VoIP gateway communication, xDSL Ethernet, and TDM over IP communication solutions. The company was founded in 1990 and is headquartered in Taipei City, Taiwan.",TWD,Information Technology,Technology Hardware & Equipment,Communications Equipment,TWO,ROCO,Taipei Stock Exchange,Taiwan,,Taipei City,114,http://www.tainet.net,Micro Cap,TW0004905005,,BBG000LB01S8,BBG000L9YZF5,BBG001SJ83P3,False
4907.TWO,"Fu Yu Property Co., Ltd.","Fu Yu Property Co., Ltd. is a company listed on the Taipei Stock Exchange under the ticker 4907. It operates in the Real Estate Management & Development industry within the Real Estate sector. The company is headquartered in Taichung, Taiwan.",TWD,Real Estate,Real Estate,Real Estate Management & Development,TWO,ROCO,Taipei Stock Exchange,Taiwan,,Taichung,40756,https://www.fuyu-property.com.tw,Micro Cap,TW0004907001,,BBG000HLRSJ3,BBG000HLRSB1,BBG001SHR8J2,False
4908.TWO,APAC Opto Electronics Inc.,"APAC Opto Electronics Inc. is a company listed on the Taipei Stock Exchange under the ticker 4908. It operates in the Communications Equipment industry within the Information Technology sector. The company is headquartered in Hsinchu, Taiwan.",TWD,Information Technology,Technology Hardware & Equipment,Communications Equipment,TWO,ROCO,Taipei Stock Exchange,Taiwan,,Hsinchu,303035,https://www.apacoe.com.tw,Small Cap,TW0004908009,,BBG000C2FP18,BBG000C2FNV0,BBG001SDN119,False
4909.TWO,"New Era Electronics Co., Ltd","New Era Electronics Co., Ltd is a company listed on the Taipei Stock Exchange under the ticker 4909. It operates in the Electronic Equipment, Instruments & Components industry within the Information Technology sector. The company is headquartered in Taoyuan City, Taiwan.",TWD,Information Technology,Technology Hardware & Equipment,"Electronic Equipment, Instruments & Components",TWO,ROCO,Taipei Stock Exchange,Taiwan,,Taoyuan City,327,https://www.nee.com.tw,Micro Cap,TW0004909007,,BBG000MNV401,BBG000MNT1Q2,BBG001SKG4S6,False
4911.TWO,"G&E Herbal Biotechnology Co., Ltd.","G&E Herbal Biotechnology Co., Ltd., a biotechnology company, focuses on the development and commercialization of novel botanical extraction technology and products in Taiwan. It offers hepato protective agent capsules for the treatment of chronic liver inflammation, cirrhosis, hepatitis, and other liver diseases; botanical anti-aging cosmetic products; and SR-100 skin repair gel. The company also provides botanical healthcare products, such as Astragali Radix for physical strength; Goji for eyes; and Prosta capsule for regulating physiological functions and boosting metabolism, as well as offers adult products. In addition, it is developing Solarise injection for the treatment of gynecological, head, and neck cancer; Apocin capsule for the treatment of lung/breast cancer; and SR-T100 Gel. Further, the company manufactures technology development for various dietary supplements, as well as provides technical advisory services to other biotechnology organizations. G&E Herbal Biotechnology Co., Ltd. was founded in 2002 and is based in Tainan City, Taiwan.",TWD,Health Care,"Pharmaceuticals, Biotechnology & Life Sciences",Biotechnology,TWO,ROCO,Taipei Stock Exchange,Taiwan,,Tainan City,70955,http://www.geherbs.com.tw,Micro Cap,TW0004911003,,BBG000F8KDD0,BBG000F8KCJ6,BBG001T2H5S1,False
4923.TWO,"Force MOS Technology Co., Ltd.","Force MOS Technology Co., LTD. engages in the design, development, and sale of MOSFETs and analog ICs in Taiwan. It offers bipolar transistors; diodes and rectifiers; and power management products for light electric vehicles technology and brushless DC motor control applications. The company was founded in 2006 and is based in New Taipei City, Taiwan.",TWD,Information Technology,Semiconductors & Semiconductor Equipment,Semiconductors & Semiconductor Equipment,TWO,ROCO,Taipei Stock Exchange,Taiwan,,New Taipei City,248,http://www.force-mos.com,Micro Cap,TW0004923008,,BBG000R2V3Y7,BBG000R2V3J4,BBG001T91LT7,False
4924.TWO,HTM International Holding Ltd.,"HTM International Holding Ltd. engages in the production and sale of precision molds, computer notebook accessories, hi-fi systems accessories, office automation products, and home audio products and related parts. It offers PC components, including gas injection products; PC peripherals, such as portable hard disk covers and CD boxes; and speakers. The company also provides biomass energy products. It operates in Taiwan, Europe, the United States, Japan, and China. HTM International Holding Ltd. was founded in 1989 and is based in Taipei, Taiwan.",TWD,Information Technology,Technology Hardware & Equipment,"Technology Hardware, Storage & Peripherals",TWO,ROCO,Taipei Stock Exchange,Taiwan,,Taipei,,http://www.hsihou.com,Nano Cap,KYG4642A1067,,BBG000Q4XC81,BBG000Q4XC36,BBG001T6GJ76,False
4925.TWO,JMicron Technology Corp.,"JMicron Technology Corp. operates as an IC design company in Taiwan and internationally. The company designs high-speed data and signal interfaces, such as 3.1 5Gbps, USB 3.2 10Gbps and USB 3.2 20Gbps to connect them to SATA/PCIe/UFS; PCIe interface to SATA interface; and SATA 1.5Gbps/SATA 3Gbps/SATA 6Gbps, and SATA port multiplier/port selector, as well as bridge controllers for SATA to PATA interface. It also provides external data storage products, such as single bay controllers for USB 2.0/USB 3.0/USB 3.1/USB 3.2 host interfaces; dual-/multi-bay bridge controllers for external multiple-bay HDDs, RAID, and SATA port multipliers and port selectors; storage device controllers; and universal flash storage products. In addition, the company offers hard disk drive duplicators and surveillance storage systems, and NAS devices with RAID functionality. JMicron Technology Corp. is based in Hsinchu City, Taiwan.",TWD,Information Technology,Semiconductors & Semiconductor Equipment,Semiconductors & Semiconductor Equipment,TWO,ROCO,Taipei Stock Exchange,Taiwan,,Hsinchu City,,http://www.jmicron.com,Small Cap,TW0004925003,,BBG0017VC4H1,BBG0017VC4F3,BBG001TCSDV6,False
4931.TWO,"STL Technology Co., Ltd.","STL Technology Co., Ltd. is a company listed on the Taipei Stock Exchange under the ticker 4931. It operates in the Electrical Equipment industry within the Industrials sector. The company is headquartered in Kaohsiung City, Taiwan.",TWD,Industrials,Capital Goods,Electrical Equipment,TWO,ROCO,Taipei Stock Exchange,Taiwan,,Kaohsiung City,806011,http://www.stl-tech.com,Small Cap,TW0004931001,,BBG000HQXDH0,BBG000HQXCK8,BBG001T3CDD3,False
4933.TWO,Ubright Optronics Corporation,"Ubright Optronics Corporation manufactures and sells optoelectronics LCD backlight module components for the display industry in Taiwan. It offers prism, multi function, and quantum dot films for backlight displays; polarizer protection and anti-glare films for LCD displays; 3D curve display protection films for OLED displays; anti-static protection, in process panel protection, hard coat, masking protection, and optical clear adhesive films for touch panels; anti-glare films for E paper products; and ceramic window films for windows. The company was founded in 2003 and is based in Taoyuan City, Taiwan. Ubright Optronics Corporation is a subsidiary of Shinkong Synthetic Fibers Corporation.",TWD,Information Technology,Technology Hardware & Equipment,"Electronic Equipment, Instruments & Components",TWO,ROCO,Taipei Stock Exchange,Taiwan,,Taoyuan City,335,http://www.ubright.com.tw,Micro Cap,TW0004933007,,BBG000WCDTB7,BBG000WCDSY4,BBG001T8LC44,False
4939.TWO,"Asia Electronic Material Co., Ltd.","Asia Electronic Material Co., Ltd. is a company listed on the Taipei Stock Exchange under the ticker 4939. It operates in the Electronic Equipment, Instruments & Components industry within the Information Technology sector. The company is headquartered in Jhubei, Taiwan.",TWD,Information Technology,Technology Hardware & Equipment,"Electronic Equipment, Instruments & Components",TWO,ROCO,Taipei Stock Exchange,Taiwan,,Jhubei,302,https://www.aemg.com.tw,Micro Cap,TW0004939004,,BBG000QYLH05,BBG000QYLGL4,BBG001T8RSH9,False
4944.TWO,Crystalwise Technology Inc.,"Crystalwise Technology Inc. manufactures and sells hard substrates in Taiwan. The company offers CMOS, GaAs, and CZ wafers, as well as various types of substrates. Its products include sapphire substrate used for blue-light/green-light LED; substrates used for surface acoustic wave filter devices; sapphire cover glasses for smart phones and smart watches, as well as sapphire camera lens and sapphire finger sensor lens; sapphire function, power, volume, etc. keys for phone; sapphire window and heat spread substrates for LED products; and other type of substrate used in optronic and semiconductor industries. The company serves semiconductor, optoelectronics, optical fiber communications, wireless communications, and other industries. Crystalwise Technology Inc. was founded in 2000 and is headquartered in Miaoli, Taiwan.",TWD,Information Technology,Semiconductors & Semiconductor Equipment,Semiconductors & Semiconductor Equipment,TWO,ROCO,Taipei Stock Exchange,Taiwan,,Miaoli,35053,http://www.crystalwise.com.tw,Micro Cap,,,,,,False
4945.TWO,Sentelic Corporation,"Sentelic Corporation operates as an IC design company in Taiwan, China, and Japan. The company offers mixed-signal, ASIC, firmware/software, and multi-media processing services; fan motor drive control IC's for servers, communication equipment, cloud data centers, and 5G base stations; and cooling fans for servers, telecommunication switching equipment, gaming graphics cards, and mining hardware. Sentelic Corporation was founded in 2000 and is based in Taipei, Taiwan.",TWD,Information Technology,Semiconductors & Semiconductor Equipment,Semiconductors & Semiconductor Equipment,TWO,ROCO,Taipei Stock Exchange,Taiwan,,Taipei,11493,http://www.sentelic.com,Micro Cap,TW0004945001,,,,,True
4946.TWO,"Cayenne Entertainment Technology Co., Ltd.","Cayenne Entertainment Technology Co., Ltd. provides various casual gaming services to online entertainment community in Taiwan. It also provides information software, data processing, and advertising services. The company was founded in 2006 and is headquartered in Taipei City, Taiwan.",TWD,Communication Services,Media & Entertainment,Entertainment,TWO,ROCO,Taipei Stock Exchange,Taiwan,,Taipei,11492,http://www.cayennetech.com.tw,Nano Cap,TW0004946009,,BBG000QYLHJ5,BBG000QYLH50,BBG001T8RSJ7,False
4950.TWO,Golden Win International Corp.,"Golden Win International Corp., together with its subsidiaries, manufactures and sells stainless steel kitchen utensils and refined cutlery sets in the United States, China, Taiwan, and internationally. It is also involved in OEM/ODM knife manufacturing businesses; and investment activities. The company was founded in 2008 and is based in Taipei, Taiwan.",TWD,Consumer Discretionary,Consumer Durables & Apparel,Household Durables,TWO,ROCO,Taipei Stock Exchange,Taiwan,,Taipei,106430,http://www.muttoinc.com,Nano Cap,TW0004950001,,BBG000R2V4X6,BBG000R2V4H4,BBG001T91LW3,False
4951.TWO,Feature Integration Technology Inc.,"Feature Integration Technology Inc. designs, markets, and commercializes ICs and controllers. It offers I/O controllers and I/F management products, such as eSPI/LPC/USB/PCIE I/F controllers; super hardware monitors + SIOs; hardware keyboard controllers; USB consumer IR receiver ICs for Windows Vista/Windows 7; power saving (EUP) SIOs and controllers; transceivers and buffers; SIOs with microcontrollers (uSIO); and bus controllers and transceivers. The company also provides environment sensors and glue logic ICs, including environment sensors and fan controllers, pure logic ICs, performance controllers, and real time clocks; power management and ACPI controllers, such as ACPI, switching, and multi-phase linear controllers; micro-processors; LED driver ICs; interface and connectivity products; and USB type-C and power delivery products, as well as USB fast charging products. It offers its IC products for various applications in personal computers, computer peripherals, digital consumer electronic products, and information appliance products. The company sells its products through professional IC distributors. Feature Integration Technology Inc. was founded in 2002 and is headquartered in Zhubei, Taiwan.",TWD,Information Technology,Semiconductors & Semiconductor Equipment,Semiconductors & Semiconductor Equipment,TWO,ROCO,Taipei Stock Exchange,Taiwan,,Zhubei,302,http://www.fintek.com.tw,Micro Cap,TW0004951009,,BBG000R2V6B5,BBG000R2V5J9,BBG001T91LX2,False
4953.TWO,WITS Corp.,WITS Corp. is a company listed on the Taipei Stock Exchange under the ticker 4953 and traded in TWD. It is classified in the Information Technology sector (IT Services). Its country is Taiwan.,TWD,Information Technology,Software & Services,IT Services,TWO,ROCO,Taipei Stock Exchange,Taiwan,,New Taipei City,22175,https://www.wits.com,Micro Cap,TW0004953005,,BBG000R2VDC9,BBG000R2VCX8,BBG001T91M24,False
4966.TWO,"Parade Technologies, Ltd.","Parade Technologies, Ltd., a fabless semiconductor company, designs, develops, and sells high-speed interface standards, and touch controller and display processing integrated circuit (IC) chips for products used in computers, consumer electronics, and display panels. The company offers display port LCD timing controllers, embedded display port timing controllers, display port format converters, display port transmitters and receivers, and scalers with display port and high definition multimedia interface (HDMI) inputs; high-speed interface solutions; display port based solutions; display port repeater and switch products, including serial advanced technology architecture, PCI express, HDMI/DVI, and universal serial bus products; source drivers; and truetouch controllers, and touch and display driver integrations, as well as mixed-signal ICs. It operates in South Korea, China, Taiwan, Japan, and internationally. Parade Technologies, Ltd. was founded in 2005 and is headquartered in George Town, Cayman Islands.",TWD,Information Technology,Semiconductors & Semiconductor Equipment,Semiconductors & Semiconductor Equipment,TWO,ROCO,Taipei Stock Exchange,Cayman Islands,,George Town,,http://www.paradetech.com,Small Cap,KYG6892A1085,,BBG0021GYN91,BBG0021GYN73,BBG0021GYNB8,False
4971.TWO,IntelliEPI Inc. (Cayman),"IntelliEPI Inc. (Cayman) manufactures and sells epitaxy-based compound semiconductor epitaxy wafers to the electronics and optoelectronics industries worldwide. The company utilizes its proprietary real time in situ growth monitoring technology on molecular beam epitaxy (MBE) systems for the manufacturing of epi-wafers on gallium arsenide (GaAs) and indium phosphide (InP) substrates. Its GaAs based products include pseudo-morpic high electron mobility transistors and MHEMT products; and InP based products comprise hetero-junction bi-polar transistors, HEMT, RTT, and RTD. The company also provides Sb based products, such as type II SLS photodetectors, GaAsSb-base InP HBT, and epi-ready GaSb substrates; and mismatched Epi products comprising III-V on Si, III-V on Ge, and high in content InGaAs on Si. In addition, it offers opto-electronics, including avalanche photo diodes, lasers, high-speed high-frequency surface-emitting lasers, optical receivers, quantum well infrared photodetectors, modulators, and quantum cascade lasers, as well as infrared light detectors. The company was incorporated in 2011 and is headquartered in Taipei City, Taiwan.",TWD,Information Technology,Semiconductors & Semiconductor Equipment,Semiconductors & Semiconductor Equipment,TWO,ROCO,Taipei Stock Exchange,United States,PA,Texas,75081,http://www.intelliepi.com/tw,Small Cap,KYG480071011,,BBG004T5WFR0,BBG004T5WFN4,BBG004T5WFQ1,False
4972.TWO,Tons Lightology Inc.,"Tons Lightology Inc., together with its subsidiaries, designs and manufactures commercial lighting products in Taiwan, rest of Asia, Europe, Oceania, and internationally. The company offers light-emitting diode, high-intensity discharge, fluorescent, and halogen lighting products. Its indoor lighting products include tracks and structures, luminaires for tracks, recessed downlights, frameless and adjustable downlights, assemblies, surface-mounted ceiling lights, pendant lights, wall lights, display spotlights, linear lights, task lights, and micro track lights. The company's outdoor lighting products comprise outdoor downlights, outdoor ceiling lights, outdoor wall lights, in-ground lights, projectors, flood lights, bollards, and outdoor accessories. Its products are used for architectural, retail display, residential, entertainment, outdoor area and commercial/industrial lighting applications. Tons Lightology Inc. was founded in 1992 and is headquartered in New Taipei City, Taiwan.",TWD,Consumer Discretionary,Consumer Durables & Apparel,Household Durables,TWO,ROCO,Taipei Stock Exchange,Taiwan,,New Taipei City,23845,http://www.tonslight.com,Nano Cap,TW0004972005,,BBG001JY38J1,BBG001BP1Q55,BBG001TR9KV8,False
4973.TWO,Silicon Power Computer & Communications Inc.,"Silicon Power Computer & Communications Inc. is a company listed on the Taipei Stock Exchange under the ticker 4973. It operates in the Technology Hardware, Storage & Peripherals industry within the Information Technology sector. The company is headquartered in Taipei, Taiwan.",TWD,Information Technology,Technology Hardware & Equipment,"Technology Hardware, Storage & Peripherals",TWO,ROCO,Taipei Stock Exchange,Taiwan,,Taipei,114,https://www.silicon-power.com,Micro Cap,TW0004973003,,BBG001CXGWN8,BBG001BP0357,BBG001TR8016,False
4974.TWO,Asia Tech Image Inc.,"Asia Tech Image Inc. is a company listed on the Taipei Stock Exchange under the ticker 4974. It operates in the Electronic Equipment, Instruments & Components industry within the Information Technology sector. The company is headquartered in New Taipei City, Taiwan.",TWD,Information Technology,Technology Hardware & Equipment,"Electronic Equipment, Instruments & Components",TWO,ROCO,Taipei Stock Exchange,Taiwan,,New Taipei City,235,https://www.atii.com.tw,Micro Cap,TW0004974001,,BBG0018VXQT5,BBG0018VXQR7,BBG001TFMG75,False
4979.TWO,LuxNet Corporation,"LuxNet Corporation designs, develops, and manufactures optical semiconductor devices and packaged optical components in Taiwan. The company provides laser and photo diode chips, transmitters, receivers, and optical sub-assemblies. Its products are used in high speed voice video and data communications for networking, storage, and cable TV, as well as optical communication applications. The company was founded in 1999 and is headquartered in Taoyuan City, Taiwan.",TWD,Information Technology,Semiconductors & Semiconductor Equipment,Semiconductors & Semiconductor Equipment,TWO,ROCO,Taipei Stock Exchange,Taiwan,,Taoyuan City,32061,http://www.luxnetcorp.com.tw,Mid Cap,TW0004979000,,BBG0018VXR04,BBG0018VXQY9,BBG001TFMG84,False
4980.TWO,Jorjin Technologies Inc.,"Jorjin Technologies Inc. provides modular processing, sensing, and wireless connectivity solutions worldwide. It also offers wireless system in package, application processor, imaging, and audio visual modules, as well as modules for the Internet of things; and driver software, as well as design-in support services. In addition, the company distributes a range of components, such as barcode scanning modules, filters, TCXOs, chip antennas, and EMI shielding components, as well as 2, 3, and 4G modems. It serves wearable consumer electronics, automotive infotainment, cloud connected devices, and industrial mobile computing markets. The company was founded in 1997 and is based in New Taipei City, Taiwan.",TWD,Information Technology,Technology Hardware & Equipment,Communications Equipment,TWO,ROCO,Taipei Stock Exchange,Taiwan,,New Taipei City,22161,http://www.jorjin.com,Micro Cap,TW0004980008,,BBG0018NC1J2,BBG0018NC1G5,BBG001TFBHB0,False
4987.TWO,"Godex International Co., Ltd","Godex International Co., Ltd, an engineering company, designs, manufactures, and sells barcode printing products worldwide. The company offers desktop, industrial, and mobile printers; scanners; label stands; and wax, wax/resin, resin, and near edge ribbons. It also provides label design and printing software under the GoRibbon, GoLabel, GoLabel PDF, and QLabel, GoAPP, and GoUtility names. The company's products are used in healthcare, retail, logistics and transportation, manufacturing, government, travel and leisure, and special material applications. It distributes its products through a network of value add resellers. The company was founded in 1993 and is headquartered in New Taipei City, Taiwan.",TWD,Information Technology,Technology Hardware & Equipment,"Technology Hardware, Storage & Peripherals",TWO,ROCO,Taipei Stock Exchange,Taiwan,,New Taipei City,235,http://www.godexintl.com,Micro Cap,TW0004987003,,BBG00192H3G1,BBG00192H3D4,BBG001TG0ZG5,True
4991.TWO,"GCS Holdings, Inc.","GCS Holdings, Inc., together with its subsidiaries, manufactures compound semiconductor wafer and foundry related services in China, the United States, Taiwan, and internationally. It also manufactures and sells optoelectronics technology products and optical chips, as well as grants royalty rights for intellectual property. In addition, the company develops, manufactures, and sells mobile phone radio frequency, filter, optical communication chip, power management, and optical fiber products, as well as positive, intrinsic, negative components, and avalanche photo diodes for telecommunication systems and data communication networks; and engages in manufacturing, retailing, and wholesaling telecommunication devices and electronic components. Further, it provides product design, outsourcing management, and research development services. The company serves wireless devices and fiber-optic communication providers. GCS Holdings, Inc. was founded in 1997 and is based in George Town, the Cayman Islands.",TWD,Information Technology,Software & Services,Software,TWO,ROCO,Taipei Stock Exchange,Cayman Islands,,George Town,KY1-9005,http://www.gcsincorp.com,Small Cap,KYG377541019,,BBG002S2DDL4,BBG002GP1SW4,BBG002GP1SX3,False
4995.TWO,Litemax Electronics Inc.,"Litemax Electronics Inc., together with its subsidiaries, engages in the research, development, manufacture, and sale of LCD panels and monitors in Taiwan and internationally. The company offers industrial computing products, such as embedded box, rugged panel, modular panel transportation PCs, as well as boards and modules; industrial displays, including Spanpixel resizing and square LCDs, Durapixel sunlight readable LCDs, and Navpixel marine displays, as well as custom LCD displays; accessories comprising AD, power, HDMI daisy chain, intelligent thermal control, expansion, and AMIO boards; and AIoT solutions, such as smart display and kiosk module, and AI edge computing products. It serves the transportation, digital signage, industrial, point of sale/kiosk, rugged portable, gaming, marine, and healthcare industries. The company was founded in 2000 and is headquartered in New Taipei City, Taiwan.",TWD,Information Technology,Technology Hardware & Equipment,"Electronic Equipment, Instruments & Components",TWO,ROCO,Taipei Stock Exchange,Taiwan,,New Taipei City,23145,http://www.litemax.com,Micro Cap,TW0004995006,,BBG001CMX669,BBG001CMX641,BBG001TYLV81,False
5009.TWO,Gloria Material Technology Corp.,"Gloria Material Technology Corp. manufactures and sells alloy steel and valve-parts in Taiwan and internationally. The company's products include super and titanium alloys; and high cleaning steel, alloy tool steel, high speed steel, stainless steel, quenched-tempered steel, and mold material supply products. It also provides machined parts, such as actuators, blocks, boss products, load caps, and actuator blanks; compressor spacers, seals for gas turbine, turbine blades, and transmission shafts; and copper rod rollers, dummy bar heads, guide rolls, sendzimir rolls, and rolls for slab continuous cast. In addition, the company offers air compressor rotors, bolts, couplings, cryogenic BV shafts, HPBV shafts, locking pins, parts for vacuum equipment, pump shafts, pipe fittings, plugs, turbo charger parts, wheel rings, stems, and taper pins. It serves aerospace, energy, oil and gas, water, medical, and machinery and mold industries. Gloria Material Technology Corp. was founded in 1988 and is headquartered in Tainan City, Taiwan.",TWD,Industrials,Capital Goods,Building Products,TWO,ROCO,Taipei Stock Exchange,Taiwan,,Tainan City,736,http://www.gmtc.com.tw,Small Cap,TW0005009005,,BBG000BNGYN9,BBG000BNGX60,BBG001S91764,False
5011.TWO,OFCO Industrial Corporation,"OFCO Industrial Corporation engages in the manufacture and sale of fastener products in Taiwan. Its products include screws, nuts, bolts, and structural assemblies. The company was formerly known as Oriental Fastener Industry LTD. and changed its name to OFCO Industrial Corporation in 2004. OFCO Industrial Corporation was founded in 1984 and is headquartered in Kaohsiung, Taiwan.",TWD,Industrials,Capital Goods,Machinery,TWO,ROCO,Taipei Stock Exchange,Taiwan,,Kaohsiung,825,http://www.ofco.com.tw,Micro Cap,TW0005011001,,BBG000BTRSJ2,BBG000BTRSB0,BBG001SCN9G8,False
5013.TWO,"New Best Wire Industrial Co.,Ltd","New Best Wire Industrial Co.,Ltd is a company listed on the Taipei Stock Exchange under the ticker 5013. It operates in the Electrical Equipment industry within the Industrials sector. The company is headquartered in Tainan City, Taiwan.",TWD,Industrials,Capital Goods,Electrical Equipment,TWO,ROCO,Taipei Stock Exchange,Taiwan,,Tainan City,722,https://www.newbest.com.tw,Micro Cap,TW0005013007,,BBG000BV9B59,BBG000BV99K7,BBG001SF8T38,False
5014.TWO,"Chain Chon Industrial Co., Ltd.","Chain Chon Industrial Co., Ltd. is a company listed on the Taipei Stock Exchange under the ticker 5014. It operates in the Metals & Mining industry within the Materials sector. The company is headquartered in Taoyuan City, Taiwan.",TWD,Materials,Materials,Metals & Mining,TWO,ROCO,Taipei Stock Exchange,Taiwan,,Taoyuan City,337,https://www.chainchon.com,Micro Cap,TW0005014005,,BBG000FQL2R8,BBG000FQL2G0,BBG001SGY1C8,False
5015.TWO,Rodex Fasteners Corp.,"Rodex Fasteners Corp. manufactures and sells stainless steel wires and precision made screws worldwide. The company offers stainless steel wires, tapping screws, chipboard screws, machine screws, self-drilling screws, socket cap screws, socket set screws, stainless steel blind rivets, stainless steel thread cutting screws, triangular thread screws, wood screws, high-low thread screws, coarse thread screws, drywall screws, security screws, washer assembly of sems, screws for automatic line, electronic screws, JIS screws, special screws, hexagon nuts, and hexagon nylon lock nuts. Rodex Fasteners Corp. was founded in 1984 and is based in Chungli, Taiwan.",TWD,Industrials,Capital Goods,Machinery,TWO,ROCO,Taipei Stock Exchange,Taiwan,,Chungli,32062,http://www.rodex.com.tw,Nano Cap,TW0005015002,,BBG000DS84Q8,BBG000DS84D2,BBG001SGJDH4,False
5016.TWO,"Song Ho Industrial Co., Ltd.","Song Ho Industrial Co., Ltd. is a company listed on the Taipei Stock Exchange under the ticker 5016. It operates in the Metals & Mining industry within the Materials sector. The company is headquartered in Nantou City, Taiwan.",TWD,Materials,Materials,Metals & Mining,TWO,ROCO,Taipei Stock Exchange,Taiwan,,Nantou City,82151,https://www.songho.com,Nano Cap,TW0005016000,,BBG000GPZ356,BBG000GPZ2S3,BBG001SHC8N3,False
5102.TWO,"Fu Chian Tire Co.,Ltd.","Fu Chian Tire Co.,Ltd. manufactures and sells retread tires in Taiwan. The company also offers high and low temperature tread rubber products, gums, backing products, rubber flooring products, silicone products, rubber compounds, and other rubber products. It is also involved in the provision of rubber manufacturing machines, as well as in the import and export activities. Fu Chian Tire Co.,Ltd. was founded in 1949 and is based in Yuanlin City, Taiwan.",TWD,Consumer Discretionary,Automobiles & Components,Auto Components,TWO,ROCO,Taipei Stock Exchange,Taiwan,,Yuanlin,,http://www.fuchian.com.tw,Nano Cap,,,,,,False
5201.TWO,K WAY Information Corporation,"K WAY Information Corporation is a company listed on the Taipei Stock Exchange under the ticker 5201. It operates in the Software industry within the Information Technology sector. The company is headquartered in Taipei, Taiwan.",TWD,Information Technology,Software & Services,Software,TWO,ROCO,Taipei Stock Exchange,Taiwan,,Taipei,105,https://www.kway.com.tw,Nano Cap,TW0005201008,,BBG000C60KJ7,BBG000C60JX4,BBG001SG1XN2,False
5202.TWO,NewSoft Technology Corporation,"NewSoft Technology Corporation provides personal, enterprise Web, and digital signage solutions worldwide. The company offers personal solutions, including digital document, digital recognition, digital images, and mobile application solutions; and enterprise Web solutions, such as customer and salary management, electronic authorization, project management, attendance, resource management, performance management, document management, and digital signage systems. It also provides custom development services, which include optical character recognition software development kits (OCR SDK); identity card recognition software development kits (IDR SDK); driver and network, and document imaging cloud applications; mobile and cloud application customization; and digital image editing and management services. The company sells its products through store outlets, online channels, hardware distributors, and enterprise and government contact windows. NewSoft Technology Corporation was founded in 1987 and is headquartered in Taipei, Taiwan.",TWD,Information Technology,Software & Services,Software,TWO,ROCO,Taipei Stock Exchange,Taiwan,,Taipei,114,http://www.newsoft.com.tw,Nano Cap,TW0005202006,,BBG000C7P5D7,BBG000C7P4T3,BBG001SG2WY1,False
5205.TWO,Taiwan Green Environment Technology Inc.,"Taiwan Green Environment Technology Inc. is a company listed on the Taipei Stock Exchange under the ticker 5205. It operates in the Software industry within the Information Technology sector. The company is headquartered in Taipei, Taiwan.",TWD,Information Technology,Software & Services,Software,TWO,ROCO,Taipei Stock Exchange,Taiwan,,Taipei,11493,https://www.twget.com.tw,Nano Cap,TW0005205009,,BBG000DCGC40,BBG000DCGBL3,BBG001SG9350,False
5206.TWO,"Kunyue Development Co., Ltd.","Kunyue Development Co., Ltd. provides real estate development and maintenance services. The company is involved in the land development, building construction, residential development, home sales, and customer service activities. It also offers structural, hydropower, waterproof, and intimate engineering services. The company was founded in 1975 and is based in Taichung, Taiwan.",TWD,Real Estate,Real Estate,Real Estate Management & Development,TWO,ROCO,Taipei Stock Exchange,Taiwan,,Taichung,407,http://www.kunyue.com.tw,Micro Cap,TW0005206007,,BBG000BKGM88,BBG000BKGLT7,BBG001S8WBT8,False
5209.TWO,CTCI Advanced Systems Inc.,"CTCI Advanced Systems Inc. provides system integration services to the hydrocarbon, power, industry, transportation, and high technology markets in Taiwan and internationally. The company provides main automation contractor services in the areas of project planning, design, procurement, installation, test, commissioning, start up, and running or turnkey projects. It also offers railway electrical and mechanical (E&M) solutions, such as signaling, telecommunications, SCADA, and related information system solutions; airport and satellite E&M services for airport terminal, airfield runway, and satellite industries; and hi-tech plant E&M services for wafer, electro-optical, display glass, or bio-tech plants. In addition, the company provides process simulation and IT systems, including process optimization, energy saving and waste reduction, facility reliability, and plant safety and emergency planning products and services, as well as distributes and maintains SmartPlant P&ID intelligent solutions, plant EPC projects engineering information management solutions, and visualize plant's engineering information management solutions. Further, it offers smart water network platform integrated with GIS to manage and monitor water network; cyber security software for detecting the abnormal signs caused by equipment malfunction, operational mistake, and cyber-attack; construction safety management platform; and rotary machine predictive maintenance platform to collect sound and vibration data of rotary machines, and build baseline models to analyze machine condition. Additionally, the company distributes NovaTech D/3 DCS and batch control management systems; Intergraph Process, Power & Marine - PP&M products and solutions; AspenTech process optimization software; and Mr. Energy 50001, an energy information management system platform. The company was founded in 1987 and is headquartered in Taipei, Taiwan.",TWD,Information Technology,Software & Services,IT Services,TWO,ROCO,Taipei Stock Exchange,Taiwan,,Taipei,11510,http://www.acs.com.tw,Micro Cap,TW0005209001,,BBG000C3TXB3,BBG000C3TWT6,BBG001SDWKD4,False
5210.TWO,"Apex International Financial Engineering Res. & Tech. Co., Ltd","Apex International Financial Engineering Res. & Tech. Co., Ltd is a company listed on the Taipei Stock Exchange under the ticker 5210. It operates in the Software industry within the Information Technology sector. The company is headquartered in Taipei, Taiwan.",TWD,Information Technology,Software & Services,Software,TWO,ROCO,Taipei Stock Exchange,Taiwan,,Taipei,114,https://www.apex.com.tw,Micro Cap,TW0005210009,,BBG000MGDWF8,BBG000MGDV60,BBG001SKD0Z9,False
5211.TWO,Penpower Technology LTD.,"Penpower Technology LTD., engages in research and development of devices with built-in intelligent human-machine interface technologies in Taiwan and internationally. The company provides handheld pen scanners and translators, pen scanners and translators for computers, and multilingual dictionary pens; wireless writing pads; embedded memory and digital memo writing pads; touch screen stylus; and business card management, voice, graphic design, and document management solutions. It also offers electronic signature solutions, as well as software services. Penpower Technology LTD. was founded in 1991 and is headquartered in Hsinchu City, Taiwan.",TWD,Information Technology,Software & Services,Software,TWO,ROCO,Taipei Stock Exchange,Taiwan,,Hsinchu City,300,http://www.penpower.net,Nano Cap,TW0005211007,,BBG000N7GLC1,BBG000N7GKM2,BBG001SKNRS7,False
5212.TWO,"Hyweb Technology Co., Ltd.","Hyweb Technology Co., Ltd. engages in the research and development of electronic government, book education, and electronic payment related software technology in China and internationally. Its products include HyCMS, a website management platform; Greeting, a paperless conference system; HyEIP, an administrative information portal; HyCase, an application review process engine; and eServices, a customer service system. The company's products also comprise HyRead, an e-book solution and mobile library-reading display machine; HyLib, a library automation system; Jumper, a library resource exploration service system; and SpaceMe, a space management solution. In addition, its products consist of HyLoyal, a bonus points management system; HyPro, a credit card/debit card system; and HyPstar, a card data preparation system. Further, the company offers UHF RFID chip tags, security detection doors, self-checking machines, automatic book borrowing and returning station systems, librarian work systems, and book searching/counting machines; and various consumer finance, retail banking, and payment solutions. Hyweb Technology Co., Ltd. was founded in 1998 and is headquartered in Zhubei, Taiwan.",TWD,Information Technology,Software & Services,Software,TWO,ROCO,Taipei Stock Exchange,Taiwan,,Zhubei,,http://www.hyweb.com.tw,Micro Cap,TW0005212005,,BBG000MNV759,BBG000MNV6L3,BBG001SKG521,False
5213.TWO,"YeaShin International Development Co., Ltd.","YeaShin International Development Co., Ltd. engages in the business of residential and building development in Taiwan. The company was founded in 1995 and is based in Taipei City, Taiwan.",TWD,Real Estate,Real Estate,Real Estate Management & Development,TWO,ROCO,Taipei Stock Exchange,Taiwan,,Taipei,,http://www.yeashin.com.tw,Small Cap,TW0005213003,,BBG000D2X3R8,BBG000D2X307,BBG001SG0JM5,False
5220.TWO,Higgstec Inc.,"Higgstec Inc. engages in the research and development, design, manufacture, sale, and service of various touch solutions. The company offers standard and custom 5-wire resistive, and projected capacitive touch solutions, as well as PCAP touch controllers, and 5-wire resistive touch controllers and panels. Its products and solutions are used in various fields, including aviation, marine, education, medical, military, gaming arcade, IPC, vehicle, POS, ATM, cash register, house appliances, office automation, smart home appliances, security monitoring systems, etc. The company was founded in 2002 and is headquartered in Taoyuan City, Taiwan.",TWD,Information Technology,Technology Hardware & Equipment,"Electronic Equipment, Instruments & Components",TWO,ROCO,Taipei Stock Exchange,Taiwan,,Taoyuan City,333,http://www.higgstec.com,Nano Cap,TW0005220008,,BBG0077QSGG6,BBG002YBZ4M2,BBG002YBZ4N1,False
5222.TWO,"Transcom, Inc.","Transcom, Inc. operates as a microwave device and subsystem company in Taiwan and internationally. The company offers wideband and narrowband solid-state power amplifiers; MIC and transceiver modules; FET chips; packaged FETs; monolithic microwave integrated circuits (MMIC); hybrid ICs; directional couplers; power dividers; fixed attenuators and termination; and MIS chip capacitors. It also provides MMIC foundry services. Transcom, Inc. was founded in 1998 and is headquartered in Tainan City, Taiwan.",TWD,Information Technology,Semiconductors & Semiconductor Equipment,Semiconductors & Semiconductor Equipment,TWO,ROCO,Taipei Stock Exchange,Taiwan,,Tainan City,74145,http://www.transcominc.com.tw,Micro Cap,,,,,,False
5223.TWO,"Anli International Co., Ltd.","Anli International Co., Ltd. primarily engages in the development, production, assembly, and sale of various precision metal stamping and magnesium aluminum die casting in China and Taiwan. The company is also involved in the design, research, and development of electronic components, vehicle components, new metal materials, machine parts, communication equipment, and computer software; manufacture of fine blanking die products; inductance components; metal finishing activities; and installation of automated equipment, as well as in CNC processing business.It also provides automotive products, optical communication products, vision system application products, household products, and other products. The company's stamped and cast metallic parts and components are used in notebook PCs, tablet PCs, desktop PCs, cell phones, wearable devices, internet communications, home appliances, and daily items. It primarily serves the computers, communications, and consumer electronics industries. The company was founded in 2010 and is headquartered in Grand Cayman, the Cayman Islands.",TWD,Industrials,Capital Goods,Machinery,TWO,ROCO,Taipei Stock Exchange,Cayman Islands,,Grand Cayman,KY1-9005,http://www.anli-group.com,Nano Cap,KYG0458G1047,,BBG00L4FZQ09,BBG00L4FZPY4,BBG00L4FZQ18,False
5227.TWO,"Advanced Lithium Electrochemistry (Cayman) Co., Ltd.","Advanced Lithium Electrochemistry (Cayman) Co., Ltd. researches, manufactures, and sells lithium iron phosphate Nano co-crystalline olivine materials (LFP-NCO) in China, other Asia countries, Italy, Taiwan, and internationally. The company also offers olivine-type structure lithium battery materials; and manufactures and distributes batteries, and cars and its peripherals. In addition, it manufactures and installs electricity generation, transmission, and distribution machinery. Advanced Lithium Electrochemistry (Cayman) Co., Ltd. was founded in 2007 and is headquartered in Taoyuan City, Taiwan.",TWD,Industrials,Capital Goods,Electrical Equipment,TWO,ROCO,Taipei Stock Exchange,Taiwan,,Taoyuan City,33068,http://www.aleees.com,Micro Cap,KYG0100G1064,,BBG005MYRJ35,BBG000BY3PY6,BBG001ST5W52,False
5228.TWO,Max Echo Technology Corp.,"Max Echo Technology Corp. is a company listed on the Taipei Stock Exchange under the ticker 5228. It operates in the Electronic Equipment, Instruments & Components industry within the Information Technology sector. The company is headquartered in Taichung, Taiwan.",TWD,Information Technology,Technology Hardware & Equipment,"Electronic Equipment, Instruments & Components",TWO,ROCO,Taipei Stock Exchange,Taiwan,,Taichung,40852,https://www.maxecho.com.tw,Micro Cap,TW0005228001,,BBG0089SYR95,BBG004MDWM77,BBG004MDWM86,False
5230.TWO,"Ledlink Optics, Inc.","Ledlink Optics, Inc. designs, manufactures, and sells optics for lighting companies and other LED manufacturers in Taiwan and internationally. The company's products include multi-lens modules, single street lenses, multi street lenses, silicone lenses, wall washer lighting lenses, color mixing lenses, waterproof lenses, elliptical beam lenses, narrow beam lenses, high-bay lighting lenses, automotive optics, V-cut lenses, ultra-thin hybrid lenses, hybrid lenses, fresnel lenses, reflectors, stage lighting lenses, and indoor lighting lenses. Its products are used in residential, commercial, street, and architectural lighting applications. The company was founded in 2008 and is headquartered in New Taipei City, Taiwan.",TWD,Information Technology,Technology Hardware & Equipment,"Electronic Equipment, Instruments & Components",TWO,ROCO,Taipei Stock Exchange,Taiwan,,New Taipei City,,http://www.ledlink-optics.com,Nano Cap,TW0005230007,,BBG001NMM8K9,BBG001NMM8H3,BBG001V159R6,False
5233.TWO,Amita Technologies Inc.,"Amita Technologies Inc. manufactures and sells lithium-ion polymer batteries in Taiwan. The company offers cells, soft packs, hard packs, energy storage systems, E bank products, camcorder series products, and accessories. Its batteries are used in data center UPS units, power banks, power tools, battery-powered vehicles, and energy storage systems for household appliances, commercial or industrial facilities, and smart grid. The company was founded in 2000 and is based in Taoyuan, Taiwan. Amita Technologies Inc. is a subsidiary of Energy Absolute Public Company Limited.",TWD,Information Technology,Technology Hardware & Equipment,"Electronic Equipment, Instruments & Components",TWO,ROCO,Taipei Stock Exchange,Taiwan,,Taoyuan,33349,http://www.amitatech.com,Micro Cap,,,,,,True
5236.TWO,Sunplus Innovation Technology Inc.,"Sunplus Innovation Technology Inc. researches, develops, manufactures, and markets microcontrollers and system-on-chips with embedded software solutions in Taiwan. It offers wired optical mice, wireless desktops, and MCU for HID and toy devices; and Web, NB, and IOT camera controllers. The company's products are used in human interface devices, PC external HDD/ODD drives, and PC/NB camera and industry control market segments. It also provides image data services for AI datasets, including data collection, labeling and tagging, verification, model training, 2D bounding box, line and polygonal annotation, semantic segmentation, landmark/key point annotation, other annotation services, product features tagging, queue monitoring, data transcription, emotion analysis, feedback entry, data entry-data capture, de-identification service, training, and system integration. The company is based in Hsinchu City, Taiwan. Sunplus Innovation Technology Inc. operates as a subsidiary of Sunplus Technology Company Limited.",TWD,Information Technology,Semiconductors & Semiconductor Equipment,Semiconductors & Semiconductor Equipment,TWO,ROCO,Taipei Stock Exchange,Taiwan,,Hsinchu City,300,http://www.sunplusit.com,Small Cap,TW0005236004,,BBG00XCQXLV9,BBG006N4MTJ4,BBG006N4MTK2,True
5240.TWO,ACTi Corporation,"ACTi Corporation is a company listed on the Taipei Stock Exchange under the ticker 5240. It operates in the Communications Equipment industry within the Information Technology sector. The company is headquartered in Taipei, Taiwan.",TWD,Information Technology,Technology Hardware & Equipment,Communications Equipment,TWO,ROCO,Taipei Stock Exchange,Taiwan,,Taipei,114,https://www.acti.com,Nano Cap,TW0005240006,,BBG001R2M1P9,BBG001R2M1M2,BBG001V28FB4,False
5244.TWO,"Brightek Optoelectronic Co., Ltd.","Brightek Optoelectronic Co., Ltd. develops, manufactures, and sells semiconductor package solutions. The company offers automotive application products, such as signal and lighting, and electronics; lighting products; and solutions for security monitoring and disinfection systems. The company was formerly known as Taiwan Brightek Optoelectronic Co., Ltd. and changed its name to Brightek Optoelectronic Co., Ltd. in 2009. Brightek Optoelectronic Co., Ltd. was founded in 2001 and is headquartered in Taoyuan City, Taiwan.",TWD,Information Technology,Technology Hardware & Equipment,"Electronic Equipment, Instruments & Components",TWO,ROCO,Taipei Stock Exchange,Taiwan,,Taoyuan City,33051,http://www.brightek.com,Micro Cap,,,,,,False
5245.TWO,WiseChip Semiconductor Inc.,"WiseChip Semiconductor Inc. researches, designs, develops, manufactures, and markets organic light emitting diodes (OLEDs) in Taiwan. Its principal products include OLED displays, full color displays, and monochrome displays; and bendable OLEDs, transparent OLEDs, matrix OLEDs, etc. used in consumer, PC peripheral, industrial, medical, automotive, and communication applications. The company was founded in 2005 and is based in Chu-Nan, Taiwan.",TWD,Information Technology,Semiconductors & Semiconductor Equipment,Semiconductors & Semiconductor Equipment,TWO,ROCO,Taipei Stock Exchange,Taiwan,,Chu-Nan,35053,http://www.wisechip.com.tw,Nano Cap,TW0005245005,,BBG0020894T8,BBG001CGLPW4,BBG001TX2C31,False
5246.TWO,"ProbeLeader Co., Ltd.","ProbeLeader Co., Ltd. is a company listed on the Taipei Stock Exchange under the ticker 5246. It operates in the Semiconductors & Semiconductor Equipment industry within the Information Technology sector. The company is headquartered in Hsinchu City, Taiwan.",TWD,Information Technology,Semiconductors & Semiconductor Equipment,Semiconductors & Semiconductor Equipment,TWO,ROCO,Taipei Stock Exchange,Taiwan,,Hsinchu City,300058,https://www.probeleader.com.tw,Micro Cap,TW0005246003,,BBG01B6XQWR7,BBG000RPFVF3,BBG001SV0XV1,False
5248.TWO,Pixon Technologies Corporation,"Pixon Technologies Corporation manufactures and sells imaging and optical components for makers in communications, computers, and consumer electronics field in the United States, Taiwan, Asia, and internationally. The company develops optical, electronic circuit design and application software programming of linear micro lens array, linear light source, light pipe, and contact image sensor modules (CISM) products. It offers linear light guide, CIS modules, linear micro lens array, COB chip on board, and 3-in-1 modules. The company's products application includes document scanning and printing, fax, photocopiers, MFP multifunction printers, banknote counterfeit machines, lottery, electronic whiteboard, large format textile and paper printing and scanning, and other visual inspection. Pixon Technologies Corporation was founded in 1999 and is based in New Taipei City, Taiwan.",TWD,Information Technology,Technology Hardware & Equipment,"Electronic Equipment, Instruments & Components",TWO,ROCO,Taipei Stock Exchange,Taiwan,,New Taipei City,23141,http://www.pixon.com.tw,Nano Cap,TW0005248009,,BBG0021JD472,BBG0021JD454,BBG0021JD481,False
5251.TWO,JSW Pacific Corporation,"JSW Pacific Corporation manufactures and sells wireless connectivity products in Taiwan. The company offers IP cameras, video doorbells, security lighting cameras, security home control products, and smart locks. It also provides hardware and software development services. The company was founded in 1992 and is headquartered in New Taipei City, Taiwan.",TWD,Information Technology,Technology Hardware & Equipment,"Electronic Equipment, Instruments & Components",TWO,ROCO,Taipei Stock Exchange,Taiwan,,New Taipei City,235,http://www.jswpac.com,Nano Cap,TW0005251003,,BBG0024975V8,BBG0024975S2,BBG0024975W7,False
5254.TWO,"Cen Link Co., Ltd.","Cen Link Co., Ltd. is a company listed on the Taipei Stock Exchange under the ticker 5254. It operates in the Electronic Equipment, Instruments & Components industry within the Information Technology sector. The company is headquartered in New Taipei City, Taiwan.",TWD,Information Technology,Technology Hardware & Equipment,"Electronic Equipment, Instruments & Components",TWO,ROCO,Taipei Stock Exchange,Taiwan,,New Taipei City,221,https://www.cenlink.com.tw,Nano Cap,TW0005254007,,BBG00MXS33C0,BBG004LTJP71,BBG004LTJP80,False
5262.TWO,Gigastone Corporation,"Gigastone Corporation manufactures and sells memory modules and consumer electronics products in Taiwan. It offers microSD and SD cards; USB drives; monitor, gaming keyboard and mouse, DRAM, SSD, and type-c hubs; and mobile accessories, including wall and car chargers, cables, power banks, wireless pads, Bluetooth earphones, and microphones. The company was founded in 1999 and is based in Taipei, Taiwan.",TWD,Information Technology,Semiconductors & Semiconductor Equipment,Semiconductors & Semiconductor Equipment,TWO,ROCO,Taipei Stock Exchange,Taiwan,,,,https://www.gigastone.com,Micro Cap,TW0005262000,,BBG005DRWZJ1,BBG003TCGWD3,BBG003TCGWF1,False
5263.TWO,Brogent Technologies Inc.,"Brogent Technologies Inc., a technology company, provides digital content creation services in Taiwan. Its business primarily includes software and hardware research and development, manufacturing and system integration, theater design, and planning, and construction capabilities. The company's products include i-Ride, a flying theater built on six degrees of freedom motion platform; m-Ride, a flying theater built on the design of 180-degree rotating gondolas; d-Ride, a media based interactive dark ride solution for gaming; and GestureMagic that offers effect-driven 4D experience in gaming. It also provides v-Ride 360, a cylinder screen that provides 360-degree panorama balloon ride; t-Ride, a Jurassic age ride; and Q-Ride, an ultrarealistic ocean VR adventure. Brogent Technologies Inc. was founded in 2001 and is headquartered in Kaohsiung, Taiwan.",TWD,Consumer Discretionary,Consumer Services,"Hotels, Restaurants & Leisure",TWO,ROCO,Taipei Stock Exchange,Taiwan,,Kaohsiung,80661,http://www.brogent.com,Micro Cap,TW0005263008,,BBG0029CX8T4,BBG0029CX8R6,BBG0029CX8V1,False
5267.TWO,"Lung Pien Vacuum Industry Co., Ltd.","Lung Pien Vacuum Industry Co., Ltd. is a company listed on the Taipei Stock Exchange under the ticker 5267. It operates in the Machinery industry within the Industrials sector. The company is headquartered in Taichung, Taiwan.",TWD,Industrials,Capital Goods,Machinery,TWO,ROCO,Taipei Stock Exchange,Taiwan,,Taichung,,https://www.lp-vacuum.com,Nano Cap,TW0005267009,,BBG002NJW8B3,BBG002NJW887,BBG002NJW8C2,False
5271.TWO,"Horng Tong Enterprise Co., Ltd.","Horng Tong Enterprise Co., Ltd. engages in the research and development, design, manufacture, and sale of electronic connectors in Taiwan. The company offers connectors for mother boards, notebooks, and networks/antennas/RJs; AMOLED materials, sublimation machines, and cameras; and car electronics, including DVRs and AVMs, car chargers, wireless chargers, AVN and ADAS products, dash cam-mirrors, head-up displays, portable car chargers, ATL system products, and 8 in 1 control boxes. It also provides Internet of Things products, such as police devices and equipment, modems, wireless modules, emergency phones, smart crutches, and LTE Mifi products; and communication products. The company was founded in 1998 and is based in New Taipei City, Taiwan.",TWD,Information Technology,Technology Hardware & Equipment,"Technology Hardware, Storage & Peripherals",TWO,ROCO,Taipei Stock Exchange,Taiwan,,New Taipei City,248,http://www.hometom.com.tw,Nano Cap,TW0005271001,,BBG002PZHDP6,BBG002PZHDM9,BBG002PZHDQ5,False
5272.TWO,AMICCOM Electronics Corporation,"AMICCOM Electronics Corporation, a semiconductor company, provides RF ICs in Taiwan. The company offers 2.4 GHz, sub 1GHz, and 5.8/5.2 GHz short range devices, as well as wireless audio, Bluetooth LE/Zigbee, and satellite/LNB/DBS products. Its products are used in thermometer and voice remote control applications. The company was founded in 2005 and is headquartered in Zhubei, Taiwan.",TWD,Information Technology,Semiconductors & Semiconductor Equipment,Semiconductors & Semiconductor Equipment,TWO,ROCO,Taipei Stock Exchange,Taiwan,,Zhubei,30265,http://www.amiccom.com.tw,Nano Cap,TW0005272009,,BBG0034ZGZC3,BBG0034ZGZ97,BBG0034ZGZD2,False
5274.TWO,ASPEED Technology Inc.,"ASPEED Technology Inc. operates as a fabless integrated circuit design company in Taiwan, China, the United States, and internationally. It offers server management product lines; PC and AV extensions; desktop virtualization infrastructures; and Cupola360, a spherical image processor for 360-degree/180-degree cameras. The company was founded in 2004 and is headquartered in Hsinchu City, Taiwan.",TWD,Information Technology,Semiconductors & Semiconductor Equipment,Semiconductors & Semiconductor Equipment,TWO,ROCO,Taipei Stock Exchange,Taiwan,,Hsinchu City,30069,http://www.aspeedtech.com,Large Cap,TW0005274005,,BBG002YNQVW5,BBG002YNQVT9,BBG002YNQVX4,False
5276.TWO,Da Hui Limited,"Da Hui Limited is a company listed on the Taipei Stock Exchange under the ticker 5276. It operates in the Auto Components industry within the Consumer Discretionary sector. The company is headquartered in New Taipei City, Taiwan.",TWD,Consumer Discretionary,Automobiles & Components,Auto Components,TWO,ROCO,Taipei Stock Exchange,Taiwan,,New Taipei City,22161,https://www.da-hui.com.tw,Nano Cap,KYG2743W1006,,BBG006KJLKT3,BBG006KJLKQ6,BBG006KJLKS4,False
5277.TWO,ProLight Opto Technology Corporation,"ProLight Opto Technology Corporation engages in the research, development, manufacture, and sale of LED packaging products in Taiwan. The company offers LED products for use in entertainment, architecture, general, automotive, UV, IR, and plant growing lighting applications. The company was founded in 2004 and is based in Taoyuan City, Taiwan.",TWD,Industrials,Capital Goods,Electrical Equipment,TWO,ROCO,Taipei Stock Exchange,Taiwan,,Taoyuan City,320,http://www.prolightopto.com,Micro Cap,TW0005277008,,,,,True
5278.TWO,"Sunfun Info Co., Ltd.","Sunfun Info Co., Ltd. operates online dating and social networking services in Taiwan, the United States, Mexico, India, and the Southeast Asia. The company offers iPair, weTouch, and SweetRing websites that are dating applications; information software services; and other online platform services. It also engages in the biotechnology and healthcare business. The company was founded in 2002 and is headquartered in Taipei City, Taiwan.",TWD,Communication Services,Media & Entertainment,Interactive Media & Services,TWO,ROCO,Taipei Stock Exchange,Taiwan,,Taipei,106,http://www.i-part.com.tw,Micro Cap,TW0005278006,,BBG00326WMC0,BBG00326WM94,BBG00326WMD9,False
5281.TWO,"StrongLED Lighting Systems (Cayman) Co., Ltd.","StrongLED Lighting Systems (Cayman) Co., Ltd., an investment holding, researches, develops, manufactures, and sells LED lighting equipment in China. The company offers outdoor LED lighting products, including LED flood lights, linear lights, dot pixel lights, and in-ground/underwater lights; and indoor LED lighting products, such as LED wall washers, wall grazers, linear lights, flexible strips, downlights, dot pixel lights, and module lights, as well as smart lighting products, panel lights, and pendant lights. It also provides LED lighting control systems and software; intelligent lighting controllers, touch control panels, and LED lighting circuit expanders; and LED power supplies for indoor and outdoor lighting systems. StrongLED Lighting Systems (Cayman) Co., Ltd. was founded in 2002 and is headquartered in Grand Cayman, the Cayman Islands.",TWD,Industrials,Capital Goods,Electrical Equipment,TWO,ROCO,Taipei Stock Exchange,Cayman Islands,,Grand Cayman,KY1-1208,http://www.strongled.com,Nano Cap,,,,,,False
5287.TWO,"ADDCN Technology Co., Ltd","ADDCN Technology Co., Ltd operates online trading platforms in Taiwan and internationally. It operates 8591.com.tw, which offers a virtual treasure trading platform; 591.com.tw and 591.com.hk, a real estate information network platforms; 8891.com.tw, a second-hand car trading platform; and 518.com.tw, a job search and recruitment platform. The company also operates 100.com.tw that offers design case pictures of interior design companies; marry.com.tw, a wedding service platform for wedding-related services, such as wedding photography, records, and bride secretaries; chickpt.com.tw, a part-time job finding APP; and tasker.com.tw for home task function that includes water, electricity, maintenance, and cleaning activities. ADDCN Technology Co., Ltd was incorporated in 1997 and is based in New Taipei City, Taiwan.",TWD,Communication Services,Media & Entertainment,Interactive Media & Services,TWO,ROCO,Taipei Stock Exchange,Taiwan,,New Taipei City,241,http://www.addcn.com.tw,Micro Cap,TW0005287007,,BBG003BNVZ62,BBG003BNVZ44,BBG003BNVZ71,False
5289.TWO,Innodisk Corporation,"Innodisk Corporation provides industrial embedded flash and DRAM storage products and technologies in Taiwan. The company offers flash storage products, such as solid state drives (SSDs); SATA Slim for hand-held devices, thin clients, and industrial applications; ServerDOM for server use; CFast, a small form factor for industrial and embedded applications; and mSATA, a compliant module for space-constricted applications. Its flash storage products also include Mini PCIeDOM for server boot applications; M.2 for ultra-thin or compact systems; SATADOM compact form factor suitable for 1U server applications; nanoSSDs; compact flash cards; embedded disk cards; SD and MicroSD cards; USB and EDC; and server boot cards. The company also provides embedded DRAM modules; server memory modules; wide temperature DRAM modules; and special customized DRAM modules. In addition, it offers embedded peripherals comprising AI accelerator cards, storage expansion cards, disk arrays, display cards, and communication modules, as well as flash storage products with various interfaces and form factors. The company's products are used in the aerospace and defense embedded systems, server applications, casino gaming, and in-vehicles, as well as automation, surveillance, networking, healthcare, and retail markets. Innodisk Corporation was founded in 2005 and is headquartered in New Taipei City, Taiwan.",TWD,Information Technology,Technology Hardware & Equipment,"Technology Hardware, Storage & Peripherals",TWO,ROCO,Taipei Stock Exchange,Taiwan,,New Taipei City,221,http://www.innodisk.com,Mid Cap,TW0005289003,,BBG003FX9LX2,BBG001BNPY93,BBG001TQZ9T9,False
5291.TWO,"EISO Enterprise Co., Ltd.","EISO Enterprise Co., Ltd. develops and sells PCB products. Its products are used in industrial computers, Internet communication products, cars, computer equipment, electron products, power boards, and others. The company also provides LED products for use in professional cycles; and renewable energy products. EISO Enterprise Co., Ltd. was founded in 1994 and is based in Taoyuan, Taiwan.",TWD,Information Technology,Technology Hardware & Equipment,"Electronic Equipment, Instruments & Components",TWO,ROCO,Taipei Stock Exchange,Taiwan,,Taoyuan City,333,http://www.eiso.com.tw,Micro Cap,TW0005291009,,BBG0055NW2T1,BBG0055NW2Q4,BBG0055NW2R3,False
5292.TWO,Desiccant Technology Corporation,"Desiccant Technology Corporation, through its subsidiary, Shanghai Huajing Environmental Protection and Energy Saving Equipment Limited Company, produces and sells air purification and treatment equipment, plastic processing peripherals equipment, energy-saving equipment, and spare parts. The company was founded in 1978 and is headquartered in Zhongli, Taiwan.",TWD,Industrials,Capital Goods,Construction & Engineering,TWO,ROCO,Taipei Stock Exchange,Taiwan,,Zhongli,320,http://www.dtech.com.tw,Micro Cap,,,,,,False
5297.TWO,"3s Silicon Tech., Inc.","3s Silicon Tech., Inc. is a company listed on the Taipei Stock Exchange under the ticker 5297. It operates in the Semiconductors & Semiconductor Equipment industry within the Information Technology sector. The company is headquartered in Hsinchu City, Taiwan.",TWD,Information Technology,Semiconductors & Semiconductor Equipment,Semiconductors & Semiconductor Equipment,TWO,ROCO,Taipei Stock Exchange,Taiwan,,Hsinchu City,304,https://www.sss-tech.com.tw,Micro Cap,TW0005297006,,BBG00FZ5Y4L7,BBG005C5CC67,BBG005C5CC76,False
5299.TWO,Excelliance MOS Corporation,"Excelliance MOS Corporation operates as a power device and IC design company in Taiwan. The company is involved in the power semiconductor process development, as well as power device, IC, and system design activities. Its products include power MOSFETs, Schottky rectifiers, AC/DC and DC/DC power ICs, and LED drivers. The company's products are primarily used to the power system of electronic products, including personal computers, notebooks, pads, monitors, TVs, LED lighting, switching power, and other consumer electronics. Excelliance MOS Corporation was founded in 2008 and is headquartered in Zhubei, Taiwan.",TWD,Information Technology,Semiconductors & Semiconductor Equipment,Semiconductors & Semiconductor Equipment,TWO,ROCO,Taipei Stock Exchange,Taiwan,,Zhubei,30288,http://www.excelliancemos.com,Micro Cap,TW0005299002,,BBG003NZ2CR2,BBG003NZ2CP4,BBG003NZ2CS1,False
5301.TWO,"CJW International Co., Ltd.","CJW International Co., Ltd. designs and sells jewelry products, and tobacco and alcohol in Taiwan. The company offers diamond, jade, and coral jewelry products. It is also involved in the wholesale and retail of beauty products. The company was founded in 1967 and is based in New Taipei City, Taiwan.",TWD,Consumer Discretionary,Consumer Durables & Apparel,"Textiles, Apparel & Luxury Goods",TWO,ROCO,Taipei Stock Exchange,Taiwan,,New Taipei City,,http://www.cjwtaiwan.com,Nano Cap,TW0005301006,,BBG000FSHT18,BBG000FSHSG4,BBG001S8MT74,False
5302.TWO,"Syntek Semiconductor Co., Ltd.","Syntek Semiconductor Co., Ltd. operates as a fabless IC design company in Asia. It offers car DVRs/miniDVs, PC/NB camera controllers, and microcontrollers, as well as wireless solutions. The company also develops products for photo capturing and video recording applications. In addition, it offers wireless IP connected multimedia recording solutions; and system-on-chip solutions. The company was founded in 1983 and is headquartered in Taipei, Taiwan.",TWD,Information Technology,Semiconductors & Semiconductor Equipment,Semiconductors & Semiconductor Equipment,TWO,ROCO,Taipei Stock Exchange,Taiwan,,Taipei,114,http://www.stk.com.tw,Nano Cap,TW0005302004,,BBG000FSHV13,BBG000FSHTT8,BBG001S8MT83,False
5306.TWO,KMC (Kuei Meng) International Inc.,"KMC (Kuei Meng) International Inc. manufactures and sells various types of chains, motorcycle components, and vehicle components in Asia, Europe, and the United States. The company offers bicycle chains, such as road bike, mountain bike, BMX, E-bike, and rust buster chain series products, as well as EcoProTech chains. It also provides motorcycle chain and gears, including standard driving, heavy duty, cam, and silent chain series products, as well as standard driving sprockets, and chain and sprocket kits. In addition, the company offers automobile timing systems and garage door openers. Further, it is involved in investing activities. The company was formerly known as CNet Technology Inc. and changed its name to KMC (Kuei Meng) International Inc. in July 2012. KMC (Kuei Meng) International Inc. was founded in 1977 and is headquartered in Tainan City, Taiwan. KMC (Kuei Meng) International Inc. is a subsidiary of KMC Transton Industries Limited.",TWD,Consumer Discretionary,Automobiles & Components,Auto Components,TWO,ROCO,Taipei Stock Exchange,Taiwan,,Tainan City,710,http://www.kmc-international.com,Small Cap,TW0005306005,,,,,True
5309.TWO,Sysgration Ltd.,"Sysgration Ltd. provides industrial IoT, automotive electronics, energy management, and redundant power supply solutions in Taiwan. It offers integration and mobile apps to control various vehicle on-board devices; real-time and wireless location tracking technology products for animals and assets; and smart retail services to connect vending machines for real-time telemetry and user behavior analytics services. The company also provides internal and external BLE TPMS products; and commercial solar and container based solar energy storage systems. In addition, it offers battery pack products, such as power stations, EV battery packs, and UPS LIB packs; rackmount solutions comprising slim type, CRPS, flex ATX, flex RPS, narrow type, battery backup PSU, and PSII mini RPS products; and power supply and battery backup centralized solutions. The company was founded in 1977 and is headquartered in Taipei City, Taiwan.",TWD,Information Technology,Technology Hardware & Equipment,"Electronic Equipment, Instruments & Components",TWO,ROCO,Taipei Stock Exchange,Taiwan,,Taipei,11494,http://www.sysgration.com,Small Cap,TW0005309009,,BBG000BFL8G5,BBG000BFL6F0,BBG001S61QC1,False
5310.TWO,CGS International Inc.,"CGS International Inc. is a company listed on the Taipei Stock Exchange under the ticker 5310. It operates in the Technology Hardware, Storage & Peripherals industry within the Information Technology sector. The company is headquartered in Taipei City, Taiwan.",TWD,Information Technology,Technology Hardware & Equipment,"Technology Hardware, Storage & Peripherals",TWO,ROCO,Taipei Stock Exchange,Taiwan,,Taipei City,103,https://www.cgs.com.tw,Nano Cap,TW0005310007,,BBG000GHY578,BBG000GHY4K6,BBG001S8VYQ2,False
5312.TWO,"Formosa Optical Technology Co.,Ltd.","Formosa Optical Technology Co.,Ltd. is a company listed on the Taipei Stock Exchange under the ticker 5312. It operates in the Health Care Equipment & Supplies industry within the Health Care sector. The company is headquartered in New Taipei City, Taiwan.",TWD,Health Care,Health Care Equipment & Services,Health Care Equipment & Supplies,TWO,ROCO,Taipei Stock Exchange,Taiwan,,New Taipei City,221,https://www.formosa-optical.com.tw,Micro Cap,TW0005312003,,BBG000GSMPQ2,BBG000GSMNS5,BBG001S90Y57,False
5314.TWO,"Myson Century, Inc.","Myson Century, Inc. provides micro-controllers (MCU), automobile IT solutions, fiber solutions, and motor control solutions in Taiwan. The company also offers dual CMOS operational amplifiers, as well as ASIC design services. Its products are used in automobile, motor control and drive, embedded networking, and optical network applications. Myson Century, Inc. was incorporated in 1990 and is headquartered in Hsinchu City, Taiwan.",TWD,Information Technology,Semiconductors & Semiconductor Equipment,Semiconductors & Semiconductor Equipment,TWO,ROCO,Taipei Stock Exchange,Taiwan,,Hsinchu City,300,http://www.myson.com.tw,Small Cap,TW0005314009,,BBG000HDMMS9,BBG000HDMML6,BBG001S97ZJ2,False
5315.TWO,United Radiant Technology Corporation,"United Radiant Technology Corporation manufactures and sells liquid crystal display panels and modules. The company's panels and modules include TN, WTN, STN, WSTN, FSTN, WFSTN, and TFT. It also offers LCM products, capacitive and resistive touch panels, heat dissipations, LED lighting products, electronic shelf labels, and automotive products. The company offers its products through a network of approximately 20 distributors worldwide. United Radiant Technology Corporation was founded in 1990 and is headquartered in Taichung, Taiwan.",TWD,Information Technology,Technology Hardware & Equipment,"Electronic Equipment, Instruments & Components",TWO,ROCO,Taipei Stock Exchange,Taiwan,,Taichung,,http://www.urt.com.tw,Micro Cap,TW0005315006,,BBG000HP1QZ8,BBG000HP1QQ8,BBG001S9B754,False
5321.TWO,"United Recommend International Co., Ltd.","Best Friend Technology Co., Ltd manufactures and sells printed circuit boards (PCBs). It offers flex PCBs; and rigid PCBs, such as wireless WIFI, projector, light, and power system drive boards, as well as solar panels. The company was formerly known as Yeti Electronics Co., Ltd. and changed its name to Best Friend Technology Co., Ltd in June 2008. Best Friend Technology Co., Ltd was founded in 1983 and is based in Taoyuan City, Taiwan.",TWD,Information Technology,Technology Hardware & Equipment,"Electronic Equipment, Instruments & Components",TWO,ROCO,Taipei Stock Exchange,Taiwan,,Taoyuan City,,http://www.bfhdi.com,Micro Cap,TW0005321004,,BBG000BMVKJ9,BBG000BMVK90,BBG001S9F3Q6,False
5324.TWO,Shihlin Development Company Limited,"Shihlin Development Company Limited operates in real estate development business in Taiwan. It offers land development, building planning, engineering construction, and after sales services. The company is also involved in catering, hotel, leisure, and recreation business. The company was founded in 1973 and is headquartered in Taipei, Taiwan.",TWD,Information Technology,Technology Hardware & Equipment,"Electronic Equipment, Instruments & Components",TWO,ROCO,Taipei Stock Exchange,Taiwan,,Taipei,111,http://www.sldc.com.tw,Micro Cap,TW0005324008,,BBG000BNH070,BBG000BNGZV7,BBG001S9HKJ4,False
5328.TWO,"Hua Jung Components Co.,Ltd.","Hua Jung Components Co.,Ltd. is a company listed on the Taipei Stock Exchange under the ticker 5328. It operates in the Electronic Equipment, Instruments & Components industry within the Information Technology sector. The company is headquartered in Kaohsiung, Taiwan.",TWD,Information Technology,Technology Hardware & Equipment,"Electronic Equipment, Instruments & Components",TWO,ROCO,Taipei Stock Exchange,Taiwan,,Kaohsiung,831118,https://www.hjc.com.tw,Small Cap,TW0005328009,,BBG000BYTQX7,BBG000BYTQN8,BBG001SB6LR0,False
5340.TWO,Baotek Industrial Materials Ltd.,"Baotek Industrial Materials Ltd. manufactures and sells fiberglass fabrics in primarily Taiwan, China, and internationally. It offers aerospace fiberglass fabric, a reinforcement material for airplanes' internal structure; high temperature filter bag used in power and steel plants, incinerators, and cement factories; fiberglass sun shade that are use in buildings, interior designs, construction, and furniture; PTFE fabrics for use in PTFE coating areas; and electronic fiberglass fabrics. The company was founded in 1992 and is headquartered in Taoyuan, Taiwan.",TWD,Materials,Materials,Chemicals,TWO,ROCO,Taipei Stock Exchange,Taiwan,,Taoyuan City,326,http://www.baotek.com.tw,Small Cap,TW0005340004,,BBG000BYH2X3,BBG000BYH2C6,BBG001SBJJP3,False
5344.TWO,"Vate Technology Co., Ltd.","Vate Technology Co., Ltd. provides integrated circuit (IC) testing services in Taiwan and China. The company offers IC testing services related to the service of wafer probing and final testing; BURN IN, a test service on electrical components and final products; and LED products. It also provides chip probing test, final test, SLT system module test, CMOS image sensor testing, and back end services, as well as sells LED panel light products. The company was founded in 1988 and is based in Hsinchu City, Taiwan.",TWD,Information Technology,Semiconductors & Semiconductor Equipment,Semiconductors & Semiconductor Equipment,TWO,ROCO,Taipei Stock Exchange,Taiwan,,Hsinchu City,300,http://www.vate.com.tw,Nano Cap,TW0005344006,,BBG000BHZSC6,BBG000BHZS36,BBG001S7SR83,False
5345.TWO,"Fullhome Development Co., Ltd.","Fullhome Development Co., Ltd. is a company listed on the Taipei Stock Exchange under the ticker 5345. It operates in the Electronic Equipment, Instruments & Components industry within the Information Technology sector. The company is headquartered in Taipei, Taiwan.",TWD,Information Technology,Technology Hardware & Equipment,"Electronic Equipment, Instruments & Components",TWO,ROCO,Taipei Stock Exchange,Taiwan,,Taipei,104107,https://www.full-home.com.tw,Nano Cap,TW0005345003,,BBG000BJ0B73,BBG000BJ08X1,BBG001S7SWZ2,False
5347.TWO,Vanguard International Semiconductor Corporation,"Vanguard International Semiconductor Corporation is a company listed on the Taipei Stock Exchange under the ticker 5347. It operates in the Semiconductors & Semiconductor Equipment industry within the Information Technology sector. The company is headquartered in Hsinchu City, Taiwan.",TWD,Information Technology,Semiconductors & Semiconductor Equipment,Semiconductors & Semiconductor Equipment,TWO,ROCO,Taipei Stock Exchange,Taiwan,,Hsinchu City,300096,https://www.vis.com.tw,Large Cap,TW0005347009,,BBG000BJ08K5,BBG000BJ08D3,BBG001S7SWT9,False
5348.TWO,Empower Technology Corporation.,"Stem, Inc. provides artificial intelligence (AI)-driven clean energy storage services. It delivers and operates smart battery storage solutions that maximize renewable energy generation and help build a resilient grid. The company's Athena, a AI-powered analytics platform software that uses artificial intelligence and machine learning to automatically switch between battery power, onsite generation, and grid power. Athena stabilizes the grid, reduces carbon emissions, and solves renewable intermittency across the network of distributed energy storage systems. The company serves customers, including Fortune 500 corporate energy users, project developers and installers, and utilities and independent power producers. Stem, Inc. was founded in 2009 and is headquartered in Millbrae, California.",TWD,Information Technology,Software & Services,Software,TWO,ROCO,Taipei Stock Exchange,United States,CA,Millbrae,94030,http://www.stem.com,Nano Cap,TW0005348007,,BBG000C2J5B7,BBG000C2J518,BBG001SBTSX3,False
5351.TWO,"Etron Technology, Inc.","Etron Technology, Inc. develops buffer memory and system-on-chips in the United States, Europe, Japan, and Asian countries. The company offers known-good-die-memory integrated circuits (ICs), specialty dynamic random access memories (DRAMs), automotive DRAMs, consumer electronic DRAMs, and industrial DRAMs; and system ICs, including USB 3.0 host and flash drive controllers, Webcam controllers, and depth map controllers. It also provides eDRAM-by-dies, DRAM design-and-dies, and DRAM design-and-die foundry services, as well as boot device solutions. The company offers its products for use in AIOT, display panel, VR/AR, robot, automobile, communication, and computer applications. Etron Technology, Inc. was founded in 1991 and is headquartered in Hsinchu, Taiwan.",TWD,Information Technology,Semiconductors & Semiconductor Equipment,Semiconductors & Semiconductor Equipment,TWO,ROCO,Taipei Stock Exchange,Taiwan,,Hsinchu,30078,http://www.etron.com,Small Cap,TW0005351001,,BBG000C2TR55,BBG000C2TQJ2,BBG001SBVNK5,False
5353.TWO,"Tailyn Technologies, Inc.","Tailyn Technologies, Inc. engages in the design and manufacture of turnkey solutions for communication and applications sectors in Taiwan. The company offers industrial Ethernet switches comprising unmanaged, lite managed, and managed Ethernet switches; carrier Ethernet products; wireless LAN products; and telecom products. It also provides design, joint-development, manufacturing, associated engineering, and logistic support services. The company was formerly known as Tailyn Communication Company, Ltd. and changed its name to Tailyn Technologies, Inc. in July 2013. Tailyn Technologies, Inc. was founded in 1980 and is headquartered in Taoyuan City, Taiwan.",TWD,Information Technology,Technology Hardware & Equipment,Communications Equipment,TWO,ROCO,Taipei Stock Exchange,Taiwan,,Taoyuan City,33852,http://www.tailyn.com.tw,Micro Cap,TW0005353007,,BBG000BGGMX9,BBG000BGGMH7,BBG001S792P0,False
5355.TWO,"Gia Tzoong Enterprise Co.,Ltd","Gia Tzoong Enterprise Co.,Ltd is a company listed on the Taipei Stock Exchange under the ticker 5355. It operates in the Electronic Equipment, Instruments & Components industry within the Information Technology sector. The company is headquartered in Taoyuan City, Taiwan.",TWD,Information Technology,Technology Hardware & Equipment,"Electronic Equipment, Instruments & Components",TWO,ROCO,Taipei Stock Exchange,Taiwan,,Taoyuan City,330,https://www.gia-tzoong.com.tw,Nano Cap,TW0005355002,,BBG000C3LBZ3,BBG000C3LBH3,BBG001SBX434,False
5356.TWO,"Sirtec International Co.,Ltd.","Sirtec International Co.,Ltd. designs, manufactures, and sells electronic product assemblies, and plastic injection and molding products in Taiwan. It offers communication products, including GPS receivers, broadband routers, and VO IPhones; computer peripheral products, such as laser toner cartridges, POS machines, and platform NAS; consumer products comprising LED TVs, HHDs, and Bluetooths; optoelectronic products, such as TFT-LCD drive cards, and LED light bars and lightings; automotive electronic products comprising head up displays, car video recorders, GPS models, and tire pressure detectors; and OEM products consisting of FPC processing, dispensers, blood glucose meters, and smart meters. The company also provides plastics products comprising cartridges, barcode scanners, car audio driver panels, modems, electronic assembly products, game controllers, health care and medical equipment, and electronic piano panels. In addition, it offers electronic plating, spray painting, printing, supersonic welding, and mold design and manufacturing services; and PCB assembly services. The company was founded in 1968 and is headquartered in Taipei City, Taiwan.",TWD,Information Technology,Technology Hardware & Equipment,"Electronic Equipment, Instruments & Components",TWO,ROCO,Taipei Stock Exchange,Taiwan,,Taipei,100,http://www.sirtec.com.tw,Micro Cap,TW0005356000,,BBG000BG6291,BBG000BG6237,BBG001S76F29,False
5364.TWO,"Lealea Hotels & Resorts Co., Ltd.","Lealea Hotels & Resorts Co., Ltd. operates hotel under the LEALEA GARDEN HOTEL in Taiwan. The company was formerly known as I-Future Co., Ltd. Lealea Hotels & Resorts Co., Ltd. is based in Taipei City, Taiwan.",TWD,Consumer Discretionary,Consumer Services,"Hotels, Restaurants & Leisure",TWO,ROCO,Taipei Stock Exchange,Taiwan,,Taipei,104,http://www.lealeahotel.com/en/about/,Nano Cap,TW0005364004,,BBG000BM22L8,BBG000BM21Y6,BBG001SB9VH6,False
5371.TWO,Coretronic Corporation,"Coretronic Corporation engages in the research, development, production, and marketing of projectors, backlights, and flat panel display related products in Taiwan and internationally. The company operates through three segments: Energy-Saving Products, Image Products and Brand, and Optical Components. It provides automobile displays, tablets, notebooks, laptops, and liquid crystal displays (LCDs) and LCD TV backlight modules; panel modules, electronic whiteboard modules, and semi-systems; and system solutions for medical, educational, ATM, point of sales, and public digital splicing displays. The company also offers digital projectors and video image signals for large-screen image projections, as well as interactive modules, smart connectors, edge blending and image warping processors, and image signal processing boxes; and imaging product solutions for computer data and projection, digital signage, screen blending, interactive experience, and smart connection for video image signals. In addition, it provides electronic components; batteries; computers and its peripheral devices; electronic materials and appliances; lighting applications; optical devices; data storage and processing equipment; and wireless communications equipment. Further, the company engages in the intelligent cloud, IT information, intelligent applications, and platform development related businesses of new media, as well as offers intelligent exercise and medical care related software and hardware products. Additionally, it provides intelligent display products and system integration solutions; image processing products; near-infrared spectrum solutions; unmanned aerial vehicle and intelligent robotics; MEMS sensors and modules; and augmented reality and mixed reality wearable display solutions. The company was formerly known as Optoma Corporation and changed its name to Coretronic Corporation in December 2001. The company was incorporated in 1992 and is headquartered in Hsinchu City, Taiwan.",TWD,Information Technology,Technology Hardware & Equipment,"Electronic Equipment, Instruments & Components",TWO,ROCO,Taipei Stock Exchange,Taiwan,,Hsinchu City,,http://www.coretronic.com,Small Cap,TW0005371009,,BBG000BPLDY2,BBG000BPLDF3,BBG001SC97D1,True
5381.TWO,Spectrum Electrics Corporation,"Uniplus Electronics Co., Ltd. engages in the research and development, manufacture, processing, and trade of various printed circuit boards. The company offers laminated multilayer printed circuit boards, basic circuit boards, and copper foil base boards, as well as aluminum substrates and lubricated aluminum covers. Uniplus Electronics Co., Ltd. was founded in 1991 and is based in Taoyuan City, Taiwan.",TWD,Information Technology,Technology Hardware & Equipment,"Electronic Equipment, Instruments & Components",TWO,ROCO,Taipei Stock Exchange,Taiwan,,Taoyuan City,,http://www.uniplus.com.tw,Micro Cap,TW0005381008,,BBG000BFXM17,BBG000BFXLJ0,BBG001S7HTZ1,False
5383.TWO,"Kenly Precision Industrial Co., LTD.","Kenly Precision Industrial Co., LTD. manufactures and sells precision machine tools in Taiwan. The company offers molding products, including stamping molds and insert molding molds, as well as machining of jigs, tools, and parts; and photoelectric components, such as LED open tooling product. It also provides semiconductor components comprising IC heat sinks, transistor frames, diode frames, and CU clips; and electronic components consisting of connector terminals, contacts of relays and switches, and slide of variable resistors. The company was founded in 1969 and is headquartered in Taoyuan, Taiwan.",TWD,Information Technology,Technology Hardware & Equipment,"Electronic Equipment, Instruments & Components",TWO,ROCO,Taipei Stock Exchange,Taiwan,,Taoyuan City,,http://www.kenly.com.tw,Micro Cap,,,,,,False
5386.TWO,"Albatron Technology Co., Ltd","Albatron Technology Co., Ltd provides IT solutions and technology equipment for industrial and application PCs in Taiwan. It offers motherboards, graphic cards, minicomputers, and laptops; micron products, including SSD, SSD M.2, RDIMM, UDIMM, SODIMM products; and peripherals and PC components. The company also provides embedded platform products, including embedded systems, ARM boards, and android panel kits; industrial MB products, such as mini-ITX, nano-ITX, and micro ATX products, as well as industrial barebones; gaming peripherals, including headsets; and WPS Office, an office software. In addition, it offers design-in, FAE technical support, manufacturing, and repairing services. The company was founded in 1984 and is based in New Taipei City, Taiwan.",TWD,Information Technology,Technology Hardware & Equipment,"Technology Hardware, Storage & Peripherals",TWO,ROCO,Taipei Stock Exchange,Taiwan,,New Taipei City,,http://www.albatron.com.tw,Small Cap,TW0005386007,,BBG000BVFFT7,BBG000BVFFH0,BBG001SCQSH2,False
5392.TWO,AVY Precision Technology INC.,"AVY Precision Technology INC. designs, produces, and sells camera parts in Taiwan. The company offers metal parts for cameras and mobile phones; inner structure parts, including LCD frames and laser welding assemblies; and nameplate and appearance parts, such as decorative parts, stamping plates, and flash reflector covers. It also provides multi-function printers and mechanical parts of medical equipment; electronic and auto parts comprising power cord chucks, battery plugs, metal shrapnels for relay, and gold plated shrapnels; and metal stamping parts and plastic parts. In addition, the company engages in stamping, producing, and supplying micro-motors; and designing and manufacturing molds and stamping products. AVY Precision Technology INC. was founded in 1975 and is based in Taipei, Taiwan.",TWD,Information Technology,Technology Hardware & Equipment,"Electronic Equipment, Instruments & Components",TWO,ROCO,Taipei Stock Exchange,Taiwan,,Taipei,10595,http://www.avy.com.tw,Micro Cap,,,BBG000BXB5Z2,BBG000BXB5G3,BBG001SCW2R1,False
5398.TWO,Mediera Corporation,"Mediera Corporation engages in the electronic and power supply components manufacturing, and medical biotechnology businesses in Taiwan and internationally. The company provides IEC connectors, receptacles, power entry modules, wire assemblies, and AC ducks and DC jacks. It also offers prescription and OTC drugs, medical devices, and health supplements. The company was formerly known as Liwei Industrial Co., Ltd and changed its name to Mediera Corporation in July 2017. Mediera Corporation was founded in 1978 and is headquartered in New Taipei City, Taiwan.",TWD,Industrials,Capital Goods,Electrical Equipment,TWO,ROCO,Taipei Stock Exchange,Taiwan,,New Taipei City,22161,http://www.inalways.com.tw,Nano Cap,TW0005398002,,BBG000DFS3H6,BBG000DFS304,BBG001SDCFM7,False
5403.TWO,Dimerco Data System Corporation,"Dimerco Data System Corporation operates as a system integrator and service provider in Taiwan. It engages in the planning and integration of software systems, and installation and maintenance of hardware equipment. The company also provides software services for financial, securities, commercial, general, banking, asset management, trust, and bond applications. In addition, it offers co-location, backup rehearsal, and Dimerco data system's cloud services; and cross-platform solutions for operating platform, virtualization, heterogeneous platform, information security, monitoring and control, database services, and data backup to fulfill enterprises' service requirements of application systems. Dimerco Data System Corporation is headquartered in Taipei, Taiwan.",TWD,Information Technology,Software & Services,Software,TWO,ROCO,Taipei Stock Exchange,Taiwan,,Taipei,,http://www.ddsc.com.tw,Micro Cap,TW0005403000,,BBG000DFCRP1,BBG000DFCR80,BBG001SDC371,False
5410.TWO,"Leo Systems, Inc.","Leo Systems, Inc. is a company listed on the Taipei Stock Exchange under the ticker 5410. It operates in the Technology Hardware, Storage & Peripherals industry within the Information Technology sector. The company is headquartered in Taipei, Taiwan.",TWD,Information Technology,Technology Hardware & Equipment,"Technology Hardware, Storage & Peripherals",TWO,ROCO,Taipei Stock Exchange,Taiwan,,Taipei,11491,https://www.leosys.com,Micro Cap,TW0005410005,,BBG000DJ0B17,BBG000DJ09W8,BBG001SDHQG5,False
5425.TWO,"Taiwan Semiconductor Co., Ltd.","Taiwan Semiconductor Co., Ltd. is a company listed on the Taipei Stock Exchange under the ticker 5425. It operates in the Semiconductors & Semiconductor Equipment industry within the Information Technology sector. The company is headquartered in New Taipei City, Taiwan.",TWD,Information Technology,Semiconductors & Semiconductor Equipment,Semiconductors & Semiconductor Equipment,TWO,ROCO,Taipei Stock Exchange,Taiwan,,New Taipei City,231,https://www.taiwansemi.com,Small Cap,TW0005425003,,BBG000BJV0L7,BBG000BJV037,BBG001S8ZDN7,False
5426.TWO,"Cheng Fwa Industrial Co., Ltd.","Cheng Fwa Industrial Co., Ltd. is a company listed on the Taipei Stock Exchange under the ticker 5426. It operates in the Machinery industry within the Industrials sector. The company is headquartered in New Taipei City, Taiwan.",TWD,Industrials,Capital Goods,Machinery,TWO,ROCO,Taipei Stock Exchange,Taiwan,,New Taipei City,241,https://www.chengfwa.com,Micro Cap,TW0005426001,,BBG000C86XD5,BBG000C86WJ1,BBG001SDTCY3,False
5432.TWO,Solomon Data International Corporation,"Solomon Data International Corporation is a company listed on the Taipei Stock Exchange under the ticker 5432. It operates in the Electronic Equipment, Instruments & Components industry within the Information Technology sector. The company is headquartered in Taipei, Taiwan.",TWD,Information Technology,Technology Hardware & Equipment,"Electronic Equipment, Instruments & Components",TWO,ROCO,Taipei Stock Exchange,Taiwan,,Taipei,114,https://www.solomon-es.com.tw,Micro Cap,TW0005432009,,BBG000CFNMK6,BBG000CFNLH2,BBG001SF0VP7,False
5438.TWO,"Teco Image Systems Co.,Ltd.","Teco Image Systems Co., Ltd. provides OEM and ODM services to imaging and communication products industries worldwide. The company is involved in the design, development, and manufacture of multi-function printing devices, plain paper facsimiles, digital copiers, and color scanners. It also offers mechanical subsystems comprising control panels and automatic document feeders; optical subsystems, such as scan units; and electronic sub-systems, including printer controller cards, printer network cards, Internet fax cards, fax controllers, and copier controllers. The company was founded in 1956 and is headquartered in Taipei, Taiwan.",TWD,Industrials,Commercial & Professional Services,Commercial Services & Supplies,TWO,ROCO,Taipei Stock Exchange,Taiwan,,Taipei,114,http://www.tecoimage.com.tw,Micro Cap,TW0005438006,,BBG000BY0K61,BBG000BY0JT9,BBG001SFH2V6,False
5439.TWO,"First Hi-tec Enterprise Co., Ltd.","First Hi-tec Enterprise Co., Ltd. is a company listed on the Taipei Stock Exchange under the ticker 5439. It operates in the Electronic Equipment, Instruments & Components industry within the Information Technology sector. The company is headquartered in Taoyuan City, Taiwan.",TWD,Information Technology,Technology Hardware & Equipment,"Electronic Equipment, Instruments & Components",TWO,ROCO,Taipei Stock Exchange,Taiwan,,Taoyuan City,33068,https://www.fht.com.tw,Small Cap,TW0005439004,,BBG000BYH3P0,BBG000BYH3H9,BBG001SFHWY7,False
5443.TWO,"Gallant Precision Machining Co., Ltd.","Gallant Precision Machining Co., Ltd. engages in the research and development, production, manufacture, and sale of FPD, semiconductor, intelligent automatic, and biomedical equipment in Taiwan, China, and internationally. The company provides molds and machinery, metal and mold parts, stamping and die-cast parts, and automated manufacturing systems, as well as unit equipment. Its products comprise FT-LCD / OLED / flexible OLED display process equipment, including TEG probers, and array testers, cleaners, and wet etchings; edge grinding and polarizer attachment machines, cell and in-process tester, and thinned glass surface defect inspection equipment; edge /plasma and excimer UV cleaners; panel surface inspection and burr checker system; cassette station, loader / unloader and automation, and dense packer / unpacker C/V, buffer etc.; semiconductor failure analysis testing equipment; and trim/form, auto molding, IC substrate punch, die set/kit for trim/form, fully auto panel molding systems, and auto sealing machine molds, as well as FC bump coin lamination equipment. The company also offers grain pick/place, IC bonding, IC die multi-face inspection and sorting, and heat sink covering machines; laser marking machines; substrate, strip, and panel grinders; batch etchers, stripers, developers, and cleaners; wafer surface defect inspection machine and white light interference measurement system; intelligent logistics and factory integration, solar cell automation handling, intelligent diagnosis and preventive maintenance, and robot handling and machining systems, as well as process automation equipment and lithium ion battery core seal welding and lamination device products. In addition, it engages in wholesale and retail of contact lenses and related care products. Gallant Precision Machining Co., Ltd. was founded in 1978 and is headquartered in Hsinchu, Taiwan.",TWD,Information Technology,Semiconductors & Semiconductor Equipment,Semiconductors & Semiconductor Equipment,TWO,ROCO,Taipei Stock Exchange,Taiwan,,Hsinchu City,30076,http://www.gpmcorp.com.tw,Small Cap,TW0005443006,,BBG000F4PDF2,BBG000F4PC55,BBG001SFTKQ9,False
5450.TWO,Nam Liong Global Corporation,"Nam Liong Global Corporation is a company listed on the Taipei Stock Exchange under the ticker 5450. It operates in the Technology Hardware, Storage & Peripherals industry within the Information Technology sector. The company is headquartered in Taipei, Taiwan.",TWD,Information Technology,Technology Hardware & Equipment,"Technology Hardware, Storage & Peripherals",TWO,ROCO,Taipei Stock Exchange,Taiwan,,Taipei,114715,https://www.namliong-global.com,Micro Cap,TW0005450001,,BBG000BBL1Z8,BBG000BBL188,BBG001S60Y08,False
5452.TWO,UNIC Technology Corp.,"UNIC Technology Corp. is a company listed on the Taipei Stock Exchange under the ticker 5452. It operates in the Chemicals industry within the Materials sector. The company is headquartered in New Taipei City, Taiwan.",TWD,Materials,Materials,Chemicals,TWO,ROCO,Taipei Stock Exchange,Taiwan,,New Taipei City,236,https://www.unicgroup.com,Micro Cap,TW0005452007,,BBG000C4R7T1,BBG000C4R7G5,BBG001SG0TJ7,False
5455.TWO,"Sheng Yi Development Co.,Ltd","Sheng Yi Development Co.,Ltd is a company listed on the Taipei Stock Exchange under the ticker 5455. It operates in the Real Estate Management & Development industry within the Real Estate sector. The company is headquartered in Hsinchu City, Taiwan.",TWD,Real Estate,Real Estate,Real Estate Management & Development,TWO,ROCO,Taipei Stock Exchange,Taiwan,,Hsinchu City,300042,https://www.signality.com.tw,Micro Cap,TW0005455000,,BBG000BBBXQ9,BBG000BBBX98,BBG001S5WWF3,False
5457.TWO,Speed Tech Corp.,"Speed Tech Corp. is a company listed on the Taipei Stock Exchange under the ticker 5457. It operates in the Electronic Equipment, Instruments & Components industry within the Information Technology sector. The company is headquartered in Taoyuan City, Taiwan.",TWD,Information Technology,Technology Hardware & Equipment,"Electronic Equipment, Instruments & Components",TWO,ROCO,Taipei Stock Exchange,Taiwan,,Taoyuan City,33393,https://www.speedtech.com.tw,Micro Cap,TW0005457006,,BBG000BHX636,BBG000BHX5F5,BBG001SB7CQ0,False
5460.TWO,Mustang Industrial Corp.,"Mustang Industrial Corp. manufactures and sells progressive die molds and stamping products in Taiwan. The company provides shielding frame and cover assemblies for tuners; metal stamped frames and covers for signal shielding; and large size metal stamping products, including cover and chassis of set top box and satellite receivers, as well as heat spreaders for IC/chipsets and drawn parts in various shapes. It also offers middle size stamping parts, such as metal frames, brackets, and plates for LCD panels; small size stamping parts comprising springs and contacting fingers for EMC solution; and high precision stamping parts, including micro punching/blanking technology to replace chemical etching, as well as terminals, jumpers, contact springs, etc. Mustang Industrial Corp. was founded in 1972 and is based in New Taipei City, Taiwan.",TWD,Industrials,Capital Goods,Machinery,TWO,ROCO,Taipei Stock Exchange,Taiwan,,New Taipei City,242,http://www.mustang-group.com,Nano Cap,TW0005460000,,BBG000C55P58,BBG000C55NH0,BBG001SG1JZ0,False
5464.TWO,"Lin Horn Technology Co., Ltd.","Lin Horn Technology Co., Ltd. is a company listed on the Taipei Stock Exchange under the ticker 5464. It operates in the Electronic Equipment, Instruments & Components industry within the Information Technology sector. The company is headquartered in Chiayi, Taiwan.",TWD,Information Technology,Technology Hardware & Equipment,"Electronic Equipment, Instruments & Components",TWO,ROCO,Taipei Stock Exchange,Taiwan,,Chiayi,621,http://www.lhtech.com.tw,Micro Cap,TW0005464002,,BBG000DC8SP1,BBG000DC8RW5,BBG001SG8YL5,False
5465.TWO,"Loyalty Founder Enterprise Co.,Ltd.","Loyalty Founder Enterprise Co.,Ltd. is a company listed on the Taipei Stock Exchange under the ticker 5465. It operates in the Technology Hardware, Storage & Peripherals industry within the Information Technology sector. The company is headquartered in Tainan City, Taiwan.",TWD,Information Technology,Technology Hardware & Equipment,"Technology Hardware, Storage & Peripherals",TWO,ROCO,Taipei Stock Exchange,Taiwan,,Tainan City,24159,https://lfe-ww.com,Micro Cap,TW0005465009,,BBG000C99006,BBG000C98ZH2,BBG001SG3TQ6,False
5468.TWO,"TM Technology, Inc.","TM Technology, Inc. is a company listed on the Taipei Stock Exchange under the ticker 5468. It operates in the Semiconductors & Semiconductor Equipment industry within the Information Technology sector. The company is headquartered in Hsinchu City, Taiwan.",TWD,Information Technology,Semiconductors & Semiconductor Equipment,Semiconductors & Semiconductor Equipment,TWO,ROCO,Taipei Stock Exchange,Taiwan,,Hsinchu City,30078,https://www.tmtech.com.tw,Nano Cap,TW0005468003,,BBG000B9Z865,BBG000B9Z7X7,BBG001S5PPG5,False
5474.TWO,"Yuan High-Tech Development Co., Ltd.","Yuan High-Tech Development Co., Ltd. is a company listed on the Taipei Stock Exchange under the ticker 5474. It operates in the Technology Hardware, Storage & Peripherals industry within the Information Technology sector. The company is headquartered in Taipei, Taiwan.",TWD,Information Technology,Technology Hardware & Equipment,"Technology Hardware, Storage & Peripherals",TWO,ROCO,Taipei Stock Exchange,Taiwan,,Taipei,100,https://www.yuan.com.tw,Micro Cap,TW0005474001,,BBG000GYQT50,BBG000GYQSB5,BBG001SHH3C1,False
5475.TWO,Glotech Industrial Corp.,"Glotech Industrial Corp. produces and sells e-glass fiber fabrics in Taiwan and internationally. It offers fiber glass fabrics and yarns that are used as composite materials. The company was formerly known as A Johnson Composite Inc. and changed its name to Glotech Industrial Corp. in May 2011. Glotech Industrial Corp. was founded in 1997 and is headquartered in Yangmei, Taiwan.",TWD,Consumer Discretionary,Consumer Durables & Apparel,"Textiles, Apparel & Luxury Goods",TWO,ROCO,Taipei Stock Exchange,Taiwan,,Yangmei,32669,http://www.glotechgf.com,Small Cap,TW0005475008,,BBG000F5Y735,BBG000F5Y6M6,BBG001SGQ2D4,False
5478.TWO,Soft-World International Corporation,"Soft-World International Corporation is a company listed on the Taipei Stock Exchange under the ticker 5478. It operates in the Entertainment industry within the Communication Services sector. The company is headquartered in Kaohsiung, Taiwan.",TWD,Communication Services,Media & Entertainment,Entertainment,TWO,ROCO,Taipei Stock Exchange,Taiwan,,Kaohsiung,806,https://www.soft-world.com,Small Cap,TW0005478002,,BBG000GYN680,BBG000GYN5L7,BBG001SB6MS7,False
5481.TWO,"Sino Tactful Co., Ltd.","Sino Tactful Co., Ltd. engages in the education business in Taiwan. It operates early childhood English education platform, K-12 English learning platform and plus cloud digital learning, and travel (study) consultant system, as well as offers AI American listening and speaking textbook. The company was founded in 1979 and is based in Taipei, Taiwan.",TWD,Consumer Discretionary,Consumer Services,Diversified Consumer Services,TWO,ROCO,Taipei Stock Exchange,Taiwan,,Taipei,,http://www.sinotact.com,Nano Cap,TW0005481006,,BBG000HGD4B0,BBG000HGD3F8,BBG001SHPGV2,False
5483.TWO,Sino-American Silicon Products Inc.,"Sino-American Silicon Products Inc. researches, develops, designs, manufactures, trades, and sells semiconductor ingots and wafers, varistors, optoelectronics, and communication wafer materials. It provides CZ/FZ/NTD silicon ingots, Epi wafers, polished wafers, antimony-doped wafers, etched wafers, TVS wafers, arsenic-doped wafers, ultra-thin wafers, deep diffusion wafers, solar ingot and wafers, cells, modules, and sapphire wafers. The company also investment activities; and solar power generation business. It operates in Taiwan, Japan, Korea, rest of Asia, the United States, Europe, and internationally. The company was founded in 1981 and is headquartered in Hsinchu, Taiwan.",TWD,Information Technology,Semiconductors & Semiconductor Equipment,Semiconductors & Semiconductor Equipment,TWO,ROCO,Taipei Stock Exchange,Taiwan,,Hsinchu City,,http://www.saswafer.com,Mid Cap,TW0005483002,,BBG000C3K3Y3,BBG000C3K391,BBG001SDV3P0,False
5487.TWO,Tontek Design Technology Ltd.,"Tontek Design Technology Ltd. designs, manufactures, and sells consumer electronics IC design products. The company offers multimedia series products, including TV game systems; 3C appliances series products, such as AD MCUs, LCD and LED drivers, infrared IR emissions, calculators, and energy-saving appliances; and health care series comprising R2F MCUs, indoor-outdoor thermometer, sports car meter, heart rate detection, and thermometer series. It also provides touch series, including capacitive touch MCUs and capacitive touch standard products; and green energy series, such as LED driver, PIR energy saving, PIC MICU, and PIR peripheral components. Tontek Design Technology Ltd. was founded in 1986 and is based in New Taipei City, Taiwan.",TWD,Information Technology,Technology Hardware & Equipment,"Electronic Equipment, Instruments & Components",TWO,ROCO,Taipei Stock Exchange,Taiwan,,New Taipei City,23511,http://www.tontek.com.tw,Nano Cap,TW0005487003,,BBG000FQL1Y2,BBG000FQL1B7,BBG001SGY1B9,False
5488.TWO,"Sunf Pu Technology Co., Ltd.","Sunf Pu Technology Co., Ltd. is a company listed on the Taipei Stock Exchange under the ticker 5488. It operates in the Technology Hardware, Storage & Peripherals industry within the Information Technology sector. The company is headquartered in Taoyuan City, Taiwan.",TWD,Information Technology,Technology Hardware & Equipment,"Technology Hardware, Storage & Peripherals",TWO,ROCO,Taipei Stock Exchange,Taiwan,,Taoyuan City,333008,https://www.sunfpu.com,Nano Cap,TW0005488001,,BBG000GNG708,BBG000GNG6B8,BBG001S9BVT5,False
5489.TWO,"DynaColor, Inc.","DynaColor, Inc. provides video surveillance products and automatic optical inspection systems in Taiwan. The company offers speed dome cameras, DVR products, NVR products, IP cameras, intelligent IP cameras, FA cameras and systems, and AI based surveillance systems. DynaColor, Inc. was founded in 1991 and is headquartered in Taipei City, Taiwan.",TWD,Information Technology,Technology Hardware & Equipment,"Electronic Equipment, Instruments & Components",TWO,ROCO,Taipei Stock Exchange,Taiwan,,Taipei City,114,http://www.dynacolor.com.tw,Micro Cap,TW0005489009,,BBG000GGYTY8,BBG000GGYT96,BBG001SH7RF6,False
5490.TWO,XAC Automation Corporation,"XAC Automation Corporation is a company listed on the Taipei Stock Exchange under the ticker 5490. It operates in the Commercial Services & Supplies industry within the Industrials sector. The company is headquartered in Hsinchu City, Taiwan.",TWD,Industrials,Commercial & Professional Services,Commercial Services & Supplies,TWO,ROCO,Taipei Stock Exchange,Taiwan,,Hsinchu City,300096,https://www.xac.com.tw,Micro Cap,TW0005490007,,BBG000HVPVW1,BBG000HVNSL2,BBG001SHV8K5,False
5493.TWO,San Lien Technology Corp.,"San Lien Technology Corp. provides environment monitoring and micro vibration detection products, and system integration services in Taiwan and internationally. It offers sensor and recorder products, such as acceleration transducers, amplifiers, angle sensors, annular load cells, crackmeters, displacement transducers, inclinometer casings, load cells, network accelerometers, pressure transducers, cube visual and voice terminals, main control units, rebar strain gauges, solid load cells, spot-weldable strain gauges, strain gauges, switch boxes, tilt plates, tilt casts, tilt views, torque transducers, vibration sensors, vibration monitoring systems, weldable strain gauges, data loggers, and VW piezometers. The company was founded in 1967 and is headquartered in Taipei City, Taiwan.",TWD,Information Technology,Technology Hardware & Equipment,"Electronic Equipment, Instruments & Components",TWO,ROCO,Taipei Stock Exchange,Taiwan,,Taipei,10656,http://www.sanlien.com,Micro Cap,TW0005493001,,BBG000HJ7P79,BBG000HJ7NX5,BBG001SFJBJ8,False
5498.TWO,"Key Ware Electronics Co., Ltd.","Key Ware Electronics Co., Ltd. is a company listed on the Taipei Stock Exchange under the ticker 5498. It operates in the Machinery industry within the Industrials sector. The company is headquartered in Taoyuan City, Taiwan.",TWD,Industrials,Capital Goods,Machinery,TWO,ROCO,Taipei Stock Exchange,Taiwan,,Taoyuan City,330,https://www.key-ware.com.tw,Small Cap,TW0005498000,,BBG000GYPL30,BBG000GYPKP8,BBG001SHH322,False
5508.TWO,"Yungshin Construction & Development Co.,Ltd.","Yungshin Construction & Development Co., Ltd. engages in the construction and sale of residential and commercial buildings in Taiwan. It is also involved in the sale of building materials; and rental business. In addition, the company offers interior design services. Yungshin Construction & Development Co., Ltd. is based in Kaohsiung, Taiwan.",TWD,Real Estate,Real Estate,Real Estate Management & Development,TWO,ROCO,Taipei Stock Exchange,Taiwan,,Kaohsiung,,http://www.ys-construction.com.tw,Small Cap,TW0005508006,,BBG000C2Y1D7,BBG000C2Y101,BBG001SBVWY0,False
5511.TWO,"Te Chang Construction Co., Ltd.","Te Chang Construction Co., Ltd. is a company listed on the Taipei Stock Exchange under the ticker 5511. It operates in the Construction & Engineering industry within the Industrials sector. The company is headquartered in Taichung City, Taiwan.",TWD,Industrials,Capital Goods,Construction & Engineering,TWO,ROCO,Taipei Stock Exchange,Taiwan,,Taichung City,40458,https://www.tccon.com.tw,Micro Cap,TW0005511000,,BBG000BP9GW1,BBG000BP9G97,BBG001SC7743,False
5512.TWO,Rich Development Co. Ltd.,"Rich Development Co. Ltd. is a company listed on the Taipei Stock Exchange under the ticker 5512. It operates in the Construction & Engineering industry within the Industrials sector. The company is headquartered in Taipei, Taiwan.",TWD,Industrials,Capital Goods,Construction & Engineering,TWO,ROCO,Taipei Stock Exchange,Taiwan,,Taipei,104,https://www.rhd.com.tw,Micro Cap,TW0005512008,,BBG000BM4HG9,BBG000BM4GL5,BBG001SBD5P9,False
5514.TWO,"Sunfon Construction Co., Ltd.","Sunfon Construction Co., Ltd. engages in the construction of national residences. It also leases and sells commercial buildings. The company was founded in 1977 and is based in Taipei, Taiwan.",TWD,Real Estate,Real Estate,Real Estate Management & Development,TWO,ROCO,Taipei Stock Exchange,Taiwan,,Taipei,,http://www.sunfon.com.tw,Micro Cap,TW0005514004,,BBG000BKNKF6,BBG000BKNK57,BBG001S9GHJ2,False
5516.TWO,Sun-Sea Construction Corporation,"Sun-Sea Construction Corporation is a company listed on the Taipei Stock Exchange under the ticker 5516. It operates in the Construction & Engineering industry within the Industrials sector. The company is headquartered in Hsinchu City, Taiwan.",TWD,Industrials,Capital Goods,Construction & Engineering,TWO,ROCO,Taipei Stock Exchange,Taiwan,,Hsinchu City,,https://www.sunsea.com.tw,Nano Cap,TW0005516009,,BBG000BTN249,BBG000BTN1V1,BBG001SCMRF0,False
5520.TWO,"Lih Tai Construction Enterprise Co., Ltd.","Lih Tai Construction Enterprise Co., Ltd. is a company listed on the Taipei Stock Exchange under the ticker 5520. It operates in the Construction Materials industry within the Materials sector. The company is headquartered in Taipei, Taiwan.",TWD,Materials,Materials,Construction Materials,TWO,ROCO,Taipei Stock Exchange,Taiwan,,Taipei,111,https://www.lihtai.com,Micro Cap,TW0005520001,,BBG000C3DSV9,BBG000C3DSL0,BBG001SDF3W0,False
5523.TWO,"Fong-Chien Construction Co.,LTD.","Fong-Chien Construction Co.,LTD. engages in construction business. The company was formerly known as Hongdu Construction Co., Ltd. Fong-Chien Construction Co.,LTD. was founded in 1973 and is headquartered in Taichung, Taiwan.",TWD,Real Estate,Real Estate,Real Estate Management & Development,TWO,ROCO,Taipei Stock Exchange,Taiwan,,Taichung,,http://www.fong-chien.com.tw,Micro Cap,TW0005523005,,BBG000C52ZP7,BBG000C52Z40,BBG001SDN084,False
5529.TWO,"MEGA International Development Co.,Ltd.","MEGA International Development Co.,Ltd. is a company listed on the Taipei Stock Exchange under the ticker 5529. It operates in the Real Estate Management & Development industry within the Real Estate sector. The company is headquartered in Taipei, Taiwan.",TWD,Real Estate,Real Estate,Real Estate Management & Development,TWO,ROCO,Taipei Stock Exchange,Taiwan,,Taipei,10457,https://mega-international.com.tw,Micro Cap,TW0005529002,,BBG000MCZXG0,BBG000MCZX07,BBG001SFTLF9,False
5530.TWO,Lungyen Life Service Corporation,"Lungyen Life Service Corporation provides funeral services in Taiwan. It is also involved in the development and lease of interment premises; sale and rental of residence and business buildings; invests in securities; provision of architecture and civil engineering services; and sale of cremated remains storage facilities. The company was formerly known as Dahan Development Corp. Lungyen Life Service Corporation was founded in 1987 and is based in New Taipei City, Taiwan.",TWD,Consumer Discretionary,Consumer Services,Diversified Consumer Services,TWO,ROCO,Taipei Stock Exchange,Taiwan,,New Taipei City,221,http://www.lungyengroup.com.tw,Small Cap,TW0005530000,,BBG000C55KW9,BBG000C55K86,BBG001SG1JR9,False
5536.TWO,Acter Group Corporation Limited,"Acter Group Corporation Limited provides engineering services in Taiwan, Mainland China, and internationally. It offers construction, design, and maintenance services related to air conditioning, environmental control, clean room set-up, ventilation engineering, and energy technology services. The company also trades in ice water machines and energy storing equipment, as well as offers turnkey services. In addition, it is involved in the wholesale of electronic and chemical equipment; construction and set-up of freezing and electronic equipment, and air conditioners; construction business; design and manufacture of air and liquid containers; and trade of clean rooms and air conditioners. Further, the company provides machinery trading services, as well as acts as an agent for electronic equipment importing and exporting. Additionally, it engages in the design and construction of cleanrooms, electromechanical equipment, and process pipelines for high-tech electronics and biomedical industries. Acter Group Corporation Limited was founded in 1979 and is headquartered in Taichung, Taiwan.",TWD,Industrials,Capital Goods,Construction & Engineering,TWO,ROCO,Taipei Stock Exchange,Taiwan,,Taichung,407,http://www.acter.com.tw,Mid Cap,TW0005536007,,BBG000N67V77,BBG000N67TS9,BBG001T52R11,False
5543.TWO,Buima Group Inc.,"Buima Group Inc. engages in the research, design, development, production, and sale of metal building materials in China, rest of Asia, Europe, and internationally. The company offers metal ceiling, such as corrugated board; grid, juno, and tube ceiling; and metal mesh board, square ceiling system, and the clip in ceiling system. It also provides various ceiling grid, such as premium, cliq, buima line, smart, deco, V-grid, eco, and a-line. In addition, the company offers Xing Li, Xing Chai, and Xingde compartment systems, as well as data room decorative wall panel, metal compartment, SD steel door, decorative metal wall panel, office compartment, and glass compartment systems. Further, it engages in punching technology, high-precision leveling technology, and commodity development activities. The company's products are used in medical and biology medicines, aerospace science and technology, cloud data center, and public construction and commercial space applications, as well as engineering, commercial office buildings, and electronic factories applications. The company was founded in 2009 and is headquartered in Grand Cayman, the Cayman Islands.",TWD,Industrials,Capital Goods,Building Products,TWO,ROCO,Taipei Stock Exchange,Cayman Islands,,Grand Cayman,KY1-1208,http://www.buima.com.tw,Nano Cap,KYG1676E1035,,BBG00CSHSPL6,BBG00CSHSPH1,BBG00CSHSPJ9,False
5547.TWO,"Jioushun Construction Co., Ltd.","Jioushun Construction Co., Ltd. engages in the construction of luxury houses. The company was founded in 1993 and is based in Taipei City, Taiwan.",TWD,Industrials,Capital Goods,Construction & Engineering,TWO,ROCO,Taipei Stock Exchange,Taiwan,,Taipei,11494,http://www.jioushun.com.tw,Nano Cap,TW0005547004,,BBG00R94LNQ0,BBG00R94LNN3,BBG00R94LNS8,False
5548.TWO,Ancang Construction Corp Ltd.,"Ancang Construction Corp Ltd. is a company listed on the Taipei Stock Exchange under the ticker 5548. It operates in the Construction & Engineering industry within the Industrials sector. The company is headquartered in Taipei City, Taiwan.",TWD,Industrials,Capital Goods,Construction & Engineering,TWO,ROCO,Taipei Stock Exchange,Taiwan,,Taipei City,10491,https://www.ancang.com,Nano Cap,TW0005548002,,BBG01B6B4KY7,BBG01B6B4KW9,BBG01B6B4KZ6,False
5601.TWO,Taiwan Allied Container Terminal Corp.,"Taiwan Allied Container Terminal Corp. engages in the container storage and warehouse rental activities. The company is involved in the concentration and decentralization of containers; container cargo unpacking, loading, and unloading; container maintenance and renovation; interlocking warehouses; and other businesses related to container terminals. It also constructs residential and commercial buildings, as well as offers tally packaging products and services. The company was founded in 1973 and is based in Keelung, Taiwan.",TWD,Industrials,Transportation,Air Freight & Logistics,TWO,ROCO,Taipei Stock Exchange,Taiwan,,Keelung,206,http://www.tactc.com.tw,Micro Cap,TW0005601009,,BBG000FSHW11,BBG000FSHVB2,BBG001S8MT92,False
5603.TWO,Sea & Land Integrated Corp.,"Sea & Land Integrated Corp. is a company listed on the Taipei Stock Exchange under the ticker 5603. It operates in the Air Freight & Logistics industry within the Industrials sector. The company is headquartered in New Taipei City, Taiwan.",TWD,Industrials,Transportation,Air Freight & Logistics,TWO,ROCO,Taipei Stock Exchange,Taiwan,,New Taipei City,22183,https://www.sea-land.com.tw,Nano Cap,TW0005603005,,BBG000BNDQH6,BBG000BNDPT5,BBG001S9HC20,False
5604.TWO,"Chung Lien Transportation Co., Ltd","Chung Lien Transportation Co., Ltd engages in the real estate rental business. Chung Lien Transportation Co., Ltd was founded in 1954 and is headquartered in Taichung, Taiwan.",TWD,Industrials,Transportation,Road & Rail,TWO,ROCO,Taipei Stock Exchange,Taiwan,,Taichung,407,http://www.cltc.com.tw,Micro Cap,TW0005604003,,BBG000BFT8K2,BBG000BFT895,BBG001S76ML3,False
5609.TWO,Dimerco Express Corporation,"Dimerco Express Corporation, together with its subsidiaries, engages in the international transportation and logistics business. The company offers air freight services, including scheduled consolidation, direct air carrier, airport-to-airport, and door-to-door delivery; ocean freight services; and sea/air and air/sea freight services. It also provides customs brokerage services, such as customs clearance services and professional solutions; and logistics and warehousing services comprising vendor managed inventory, raw materials distribution, finished goods distribution, reverse logistics, after sales logistics, distribution assortment, cross-docking, just-in-time, sequenced supply synchronized delivery management, and in-transit mixing product support services. In addition, the company offers cross-border trucking, domestic transportation, cargo insurance brokerage, and logistics supply chain management consultancy services. Further, it provides integrated value added services that include domestic and cross-border air and road freight, as well as logistics warehousing services, and regular and bonded logistics parks/centers under the China Plus name. The company serves the aerospace, auto components, cabling, communication equipment, computer and peripherals, electrical equipment, electronic equipment and instruments, machinery parts, metals and mining, paper and forest goods, construction materials, telecom parts, plastic products, semiconductors and semiconductor equipment, and tooling industries. The company was founded in 1971 and is headquartered in Taipei City, Taiwan.",TWD,Industrials,Transportation,Air Freight & Logistics,TWO,ROCO,Taipei Stock Exchange,Taiwan,,Taipei,114,http://www.dimerco.com,Small Cap,TW0005609002,,BBG000K8GS73,BBG000K8GRD8,BBG001SJJLZ0,False
5701.TWO,Janfusun Fancyworld Corp.,"Janfusun Fancyworld Corp. operates theme parks and holiday hotels in Taiwan. It also operates department stores, as well as an online store for ticket and reservation services. The company was founded in 1986 and is based in Yunlin, Taiwan.",TWD,Consumer Discretionary,Consumer Services,"Hotels, Restaurants & Leisure",TWO,ROCO,Taipei Stock Exchange,Taiwan,,Yunlin,,http://www.janfusun.com.tw,Nano Cap,TW0005701007,,BBG000BH22H4,BBG000BH21Z6,BBG001S7J439,False
5703.TWO,"The Landis Taipei Hotel Co., Ltd","The Landis Taipei Hotel Co., Ltd operates a hotel in Taipei City, Taiwan. The company operates The Landis Taipei Hotel, which offers superior and deluxe rooms, disable rooms, executive and corner suites, dining and meeting rooms, banquet halls, and wedding and travel packages, as well as fitness center, business center, and lounge facilities. It also engages in restaurant, cafe, and bar businesses. The company was founded in 1977 and is based in Taipei City, Taiwan.",TWD,Consumer Discretionary,Consumer Services,"Hotels, Restaurants & Leisure",TWO,ROCO,Taipei Stock Exchange,Taiwan,,Taipei,104,http://taipei.landishotelsresorts.com,Nano Cap,TW0005703003,,BBG000BWDJK8,BBG000BWDJB8,BBG001SCSZF6,False
5704.TWO,Hotel Royal Chihpen,"Hotel Royal Chihpen operates a resort hotel in Taiwan. Its resort hotel comprises 183 guest accommodations, as well as offers recreational facilities and amenities. The company is based in Taitung, Taiwan.",TWD,Consumer Discretionary,Consumer Services,"Hotels, Restaurants & Leisure",TWO,ROCO,Taipei Stock Exchange,Taiwan,,Taitung,354,http://www.hotel-royal-chihpen.com.tw,Nano Cap,TW0005704001,,BBG000DK75N6,BBG000DK74Z6,BBG001SDL1F6,False
5820.TWO,"JihSun Financial Holding Co.,Ltd.","JihSun Financial Holding Co.,Ltd., together with its subsidiaries, operates as a financial holding company in Taiwan. It engages in securities brokerage, trading, underwriting, and margin purchases and short sales; and stock transaction agency and futures trading activities, as well as provides auxiliary services for futures trading and stock warrant issuance. The company also offers general deposits, loans and discounts, stocks, short term securities, financial bonds, and others, as well as government bond investment and collection, fund trust transaction, and employee investment trust services. In addition, it operates as a property and life insurance agent, as well as provides venture capital, securities investment research, and proprietary trading services. Further, the company is involved in the securities research and analysis, corporate and personal financial planning, and financing activities, as well as sale of mutual funds and other financial products. JihSun Financial Holding Co.,Ltd. was incorporated in 2002 and is based in Taipei City, Taiwan.",TWD,Financials,Diversified Financials,Capital Markets,TWO,ROCO,Taipei Stock Exchange,Taiwan,,Taipei,,http://www.jsun.com,Small Cap,,,,,,False
5859.TWO,"Farglory Life Insurance Co., Ltd.","Farglory Life Insurance Co., Ltd. provides insurance products and services in Taiwan. It offers life, health, injury, travel, savings, and annuity insurance products, as well as investment products. The company was founded in 1993 and is headquartered in Taipei, Taiwan. Farglory Life Insurance Co., Ltd. is a subsidiary of Farglory Group.",TWD,Financials,Insurance,Insurance,TWO,ROCO,Taipei Stock Exchange,Taiwan,,Taipei,,http://www.fglife.com.tw,Small Cap,TW0005859003,,BBG008G90CX2,BBG005GS6609,BBG005GS6618,False
5863.TWO,Taipei Star Bank,"Taipei Star Bank provides various banking products and services in Taiwan. The company accepts check deposits, demand deposits, and time deposits; and domestic foreign exchange and commercial bills. It also provides short-term, medium-term, and long-term loans; bill discounts; letters of credit; treasury bills; safe deposit box; and guarantees. In addition, the company also invests in financial, public, short-term, and corporate bonds, as well as stocks; collects and pays against agents; and purchases and sells foreign currencies cash and traveler cheque. Further, it provides warehousing, and storage and agency services. The company was formerly known as Bank of Taipei, Ltd. Taipei Star Bank is headquartered in Taipei City, Taiwan.",TWD,Financials,Banks,Banks,TWO,ROCO,Taipei Stock Exchange,Taiwan,,Taipei,,http://www.taipeistarbank.com.tw,Micro Cap,TW0005863005,,BBG000C58SZ6,BBG000C58SP7,BBG001SLK285,False
5864.TWO,"Concord International Securities Co., Ltd","Concord International Securities Co., Ltd is a company listed on the Taipei Stock Exchange under the ticker 5864. It operates in the Capital Markets industry within the Financials sector. The company is headquartered in Tainan City, Taiwan.",TWD,Financials,Diversified Financials,Capital Markets,TWO,ROCO,Taipei Stock Exchange,Taiwan,,Tainan City,,https://www.wintan.com.tw,Small Cap,TW0005864003,,BBG000BTQFT0,BBG000BTQFN6,BBG001SC5JL0,False
5878.TWO,"Taiming Assurance Broker Co.,Ltd.","Taiming Assurance Broker Co., Ltd. engages in the life and property insurance brokerage business in Taiwan. It offers personal life, injury, health, annuity, group, and investment insurance products. The company also provides fire, automobile, liability, and other property insurance. Taiming Assurance Broker Co., Ltd. was founded in 2002 and is headquartered in Taipei City, Taiwan.",TWD,Financials,Insurance,Insurance,TWO,ROCO,Taipei Stock Exchange,Taiwan,,Taipei,,http://www.tabc.com.tw,Nano Cap,TW0005878003,,BBG005L6Q501,BBG005L6Q4Y7,BBG005L6Q529,False
5902.TWO,"Tait Marketing & Distribution Co., Ltd.","Tait Marketing & Distribution Co., Ltd. imports and trades in consumer goods in Taiwan. It offers tea, coffee, mineral water, beer, wine, liquor, and other beverages; desserts; and sugar cake/snack food products. The company also exports its products. Tait Marketing & Distribution Co., Ltd. was founded in 1845 and is based in Taipei City, Taiwan.",TWD,Consumer Staples,Food & Staples Retailing,Food & Staples Retailing,TWO,ROCO,Taipei Stock Exchange,Taiwan,,Taipei City,106,http://www.tait.com.tw,Micro Cap,TW0005902001,,BBG000F4RYD6,BBG000F4RXZ4,BBG001SFTLJ5,False
5903.TWO,"Taiwan FamilyMart Co., Ltd.","Taiwan FamilyMart Co., Ltd. operates various convenience stores in Taiwan and internationally. The company engages in the provision of warehouse tally services; electronic information services; system integrated services; sales and services of computer software and related equipment; logistics activities; manufacturing of food; and trucking, staffing, and packaging services. In addition, it wholesales and retails books and magazines, and household merchandise. As of December 31, 2019, the company operated 3,548 stores in Taiwan; and 2,801 stores in China. Taiwan FamilyMart Co., Ltd. was founded in 1988 and is headquartered in Taipei City, Taiwan.",TWD,Consumer Discretionary,Retailing,Multiline Retail,TWO,ROCO,Taipei Stock Exchange,Taiwan,,Taipei,107,http://www.family.com.tw,Small Cap,TW0005903009,,BBG000BKNMC5,BBG000BKNM08,BBG001S8YNQ3,False
5904.TWO,"POYA International Co., Ltd.","POYA International Co., Ltd. operates personal beauty and daily merchandise stores in Taiwan. The company's stores offer makeup products and cosmetics, jewelries, daily goods, snacks, fashion hosieries, hardware products, underwear and pajamas, etc. As of April 30, 2020, it has operated 239 stores. The company was formerly known as POYA Department Store Co., Ltd. and changed its name to POYA International Co., Ltd. in June 2000. POYA International Co., Ltd. was founded in 1997 and is headquartered in Tainan, Taiwan.",TWD,Consumer Discretionary,Consumer Durables & Apparel,Household Durables,TWO,ROCO,Taipei Stock Exchange,Taiwan,,Tainan City,,http://www.poya.com.tw,Large Cap,TW0005904007,,BBG000MTMQ09,BBG000MTLML6,BBG001SKHWF7,False
5905.TWO,"Nan Ren Lake Leisure Amusement Co., Ltd.","Nan Ren Lake Leisure Amusement Co., Ltd. provides leisure and recreation facilities in Taiwan. It operates the National Museum of Marine Biology and Aquarium, an underwater tunnel, a resort and sleepover, dining service area, and underground food shopping mall, as well as Nargo electronic mall, an online shopping platform. The company was founded in 1989 and is based in Kaohsiung City, Taiwan.",TWD,Consumer Discretionary,Consumer Services,"Hotels, Restaurants & Leisure",TWO,ROCO,Taipei Stock Exchange,Taiwan,,Kaohsiung,802,http://www.nanrenhu.com.tw,Micro Cap,TW0005905004,,BBG000P5V425,BBG000P5V327,BBG001SL4W23,False
6015.TWO,"Horizon Securities Co., Ltd.","Horizon Securities Co., Ltd. is a company listed on the Taipei Stock Exchange under the ticker 6015. It operates in the Capital Markets industry within the Financials sector. The company is headquartered in Taipei, Taiwan.",TWD,Financials,Diversified Financials,Capital Markets,TWO,ROCO,Taipei Stock Exchange,Taiwan,,Taipei,106,https://www.honsec.com.tw,Micro Cap,TW0006015001,,BBG000H4KWS9,BBG000H4KWM5,BBG001S95J37,False
6016.TWO,"Concord Securities Co., Ltd.","Concord Securities Co., Ltd. is a company listed on the Taipei Stock Exchange under the ticker 6016. It operates in the Capital Markets industry within the Financials sector. The company is headquartered in Taipei, Taiwan.",TWD,Financials,Diversified Financials,Capital Markets,TWO,ROCO,Taipei Stock Exchange,Taiwan,,Taipei,,https://www.concords.com.tw,Small Cap,TW0006016009,,BBG000HS46Z3,BBG000HS46M7,BBG001S9D0M8,False
6020.TWO,"TaChan Securities Co.,Ltd.","TaChan Securities Co.,Ltd. provides brokerage services in Taiwan. The company operates through three segments: Brokerage Department, Investment Banking Department, and Proprietary Trading Department. It offers securities lending/borrowing services, such as margin trading and short sale for the trading of securities, securities-backed lending, and unrestricted purpose loans; stock-related custody settlement, IPO subscription, bid auction, and securities borrowing and lending services; futures introducing brokerage services; and other securities investment consulting services, as well as undertakes the trading of securities, including online, mobile, and telephone order placements. The company also trades in securities comprising listed stocks, funds, and bonds for own account; manages derivatives consisting of call warrants, and securities-related futures and options; plans and counsels IPO process; guides and plans listing process of shares; plans and evaluates raising of capital and corporate financing strategy; invests and trades in emerging stocks; and promotes investment and venture capital business. In addition, it engages in the convertible bond asset swap business; trading of corporate and financial bonds, and bond transactions, and electronic bond trading systems; and reverse auction of government bonds on primary market. Further, the company provides securities investment consulting services, including accepting consignment to offer research and analysis opinions or suggestions on securities investment related matters; accepting discretionary investment; issuing securities-related products; and organizing securities-related seminars. The company was incorporated in 1988 and is headquartered in Taipei, Taiwan.",TWD,Financials,Diversified Financials,Capital Markets,TWO,ROCO,Taipei Stock Exchange,Taiwan,,Taipei,10351,http://www.tachan.com.tw,Micro Cap,TW0006020001,,BBG000HMP530,BBG000HMP4R7,BBG001SHRNY2,False
6021.TWO,"Good Finance Securities Co., Ltd.","Good Finance Securities Co., Ltd. is a company listed on the Taipei Stock Exchange under the ticker 6021 and traded in TWD. It is classified in the Financials sector (Capital Markets). Its country is Taiwan.",TWD,Financials,Diversified Financials,Capital Markets,TWO,ROCO,Taipei Stock Exchange,Taiwan,,Taipei City,,https://goodfinance.com,Small Cap,TW0006021009,,BBG000PKJB20,BBG000PKJ8Z1,BBG001SLDNP8,False
6023.TWO,"Yuanta Futures Co., Ltd.","Yuanta Futures Co., Ltd. is a company listed on the Taipei Stock Exchange under the ticker 6023. It operates in the Capital Markets industry within the Financials sector. The company is headquartered in Taipei, Taiwan.",TWD,Financials,Diversified Financials,Capital Markets,TWO,ROCO,Taipei Stock Exchange,Taiwan,,Taipei,104089,https://www.yuantafutures.com.tw,Small Cap,TW0006023005,,BBG000BK7M33,BBG000BK7LN3,BBG001S8T882,False
6026.TWO,"Grand Fortune Securities Co.,Ltd","Grand Fortune Securities Co.,Ltd is a company listed on the Taipei Stock Exchange under the ticker 6026. It operates in the Capital Markets industry within the Financials sector. The company is headquartered in Taipei City, Taiwan.",TWD,Financials,Diversified Financials,Capital Markets,TWO,ROCO,Taipei Stock Exchange,Taiwan,,Taipei City,,https://www.gfortune.com.tw,Micro Cap,TW0006026008,,BBG0074TDDJ3,BBG000PX9MW6,BBG001T62Y50,False
6027.TWO,"Reliance Securities Co.,Ltd.","Reliance Securities Co.,Ltd. is a company listed on the Taipei Stock Exchange under the ticker 6027. It operates in the Capital Markets industry within the Financials sector. The company is headquartered in Taipei, Taiwan.",TWD,Financials,Diversified Financials,Capital Markets,TWO,ROCO,Taipei Stock Exchange,Taiwan,,Taipei,,https://www.rsc.com.tw,Micro Cap,TW0006027006,,BBG00B9LN8P9,BBG001S4P1P1,BBG001V3TJM9,False
6028.TWO,"Golden Insurance Brokers Co.,Ltd.","Golden Insurance Brokers Co.,Ltd. is a company listed on the Taipei Stock Exchange under the ticker 6028. It operates in the Insurance industry within the Financials sector. The company is headquartered in Kaohsiung, Taiwan.",TWD,Financials,Insurance,Insurance,TWO,ROCO,Taipei Stock Exchange,Taiwan,,Kaohsiung,813,https://www.goldennet.com.tw,Micro Cap,TW0006028004,,BBG00NFTCJB2,BBG00NFTCJ86,BBG00NFTCJG7,False
6035.TWO,EASYCARD Corporation,"EASYCARD Corporation is a company listed on the Taipei Stock Exchange under the ticker 6035. It operates in the Software industry within the Information Technology sector. The company is headquartered in Taipei City, Taiwan.",TWD,Information Technology,Software & Services,Software,TWO,ROCO,Taipei Stock Exchange,Taiwan,,Taipei City,115,https://www.easycard.com.tw,Micro Cap,TW0006035009,,BBG01C4JGB31,BBG002NKVBV2,BBG002NKVBW1,False
6101.TWO,"Kwan's International Co., Ltd.","Kwan's International Co., Ltd. is a company listed on the Taipei Stock Exchange under the ticker 6101. It operates in the Electronic Equipment, Instruments & Components industry within the Information Technology sector. The company is headquartered in Taipei, Taiwan.",TWD,Information Technology,Technology Hardware & Equipment,"Electronic Equipment, Instruments & Components",TWO,ROCO,Taipei Stock Exchange,Taiwan,,Taipei,10663,https://kwans.com.tw,Micro Cap,TW0006101009,,BBG000H1YKN1,BBG000H1YK06,BBG001SHJ794,False
6103.TWO,Avid Electronics Corp.,"Avid Electronics Corp. researches, develops, produces, and markets IC chip series products. The company offers audio-visual related IC products; analog IC products, such as power supply and lighting driver products; and wireless transmission system chips. It also provides external hard disk boxes, driving recorders, Bluetooth speakers, SD memory cards and flash drives, solid state hard disks, wireless charging equipment, air purification intelligent sweeping robots, LCD displays, and WIFI connection products. The company was founded in 1996 and is based in Hsinchu City, Taiwan.",TWD,Information Technology,Semiconductors & Semiconductor Equipment,Semiconductors & Semiconductor Equipment,TWO,ROCO,Taipei Stock Exchange,Taiwan,,Hsinchu City,30075,http://www.avid.com.tw,Nano Cap,TW0006103005,,BBG000HKQG02,BBG000HKQF95,BBG001SGKSS7,False
6104.TWO,"Genesys Logic, Inc.","Genesys Logic, Inc., a fabless IC design house, provides high-speed interface technologies. The company offers USB hub controllers; storage products, such as card reader controllers; repeater products comprising USB, PCI express, and DP redrivers; image and video products consisting of scanner controllers, fisheye image processors, and PC-cameras; silicon intellectual properties; and USB host charger controllers and other products, as well as provides support services. Its products are used in computing and display applications. The company was founded in 1997 and is headquartered in New Taipei City, Taiwan.",TWD,Information Technology,Semiconductors & Semiconductor Equipment,Semiconductors & Semiconductor Equipment,TWO,ROCO,Taipei Stock Exchange,Taiwan,,New Taipei City,231,http://www.genesyslogic.com,Micro Cap,TW0006104003,,BBG000HZJDB2,BBG000HZJCY9,BBG001SHX1Z2,False
6109.TWO,Atech OEM Inc.,"Atech OEM Inc. designs, develops, manufactures, and sells magnetic components, power supply solutions, and wireless devices in Taiwan. It offers magnetic components, including signal and communication transformers, power transformers, and EMC components; power supply solutions, such as power supply units (PSUs), which includes wall-mounts, desktops, interchangeable AC pins, car chargers, PSR, high surge, AC-DC and DC-DC converters, POE power, and ODM products; open frames, telecom power products, and LED drivers; and medical and industrial PSUs; and wireless devices comprising Bluetooth modules, Bluetooth dongles/adapters, and WiFi modules. The company was founded in 1990 and is headquartered in Taipei, Taiwan.",TWD,Industrials,Capital Goods,Electrical Equipment,TWO,ROCO,Taipei Stock Exchange,Taiwan,,Taipei,10607,http://www.atechoem.com,Nano Cap,TW0006109002,,BBG000JQ9Z77,BBG000JQ9YX1,BBG001SJ8VD4,False
6111.TWO,"Star Fusion Group Co., Ltd.","Softstar Entertainment Inc. develops, licenses, and sells mobile, online, and single player games in Mainland China, Taiwan, Hong Kong, and internationally. It also produces and sells peripherals and guides of computer software; and researches and develops network technologies. The company was founded in 1988 and is based in Taipei City, Taiwan.",TWD,Communication Services,Media & Entertainment,Interactive Media & Services,TWO,ROCO,Taipei Stock Exchange,Taiwan,,Taipei,,http://www.softstar.com.tw,Micro Cap,TW0006111008,,BBG000JWVVB3,BBG000JWVTR1,BBG001SJCN29,False
6113.TWO,ASEC International Corporation,"ASEC International Corporation distributes semiconductor components in the Asia Pacific. Its products are used in PC; Internet; telecommunication; MCU; electronic products; multimedia software/hardware; and energy saving and carbon reduction products, including mobile TV, LCD TV, mobile phone, wireless broadband, internet, MP3, networking and telecom appliances, MPEG encoder/decoder, set-top box, CMOS sensor, adapter, HDTV, IP phone and various multimedia software, LED lighting, and green energy products. The company was formerly known as ASEC Company and changed its name to ASEC International Corporation in 1998. ASEC International Corporation was founded in 1986 and is headquartered in Taipei City, Taiwan.",TWD,Information Technology,Semiconductors & Semiconductor Equipment,Semiconductors & Semiconductor Equipment,TWO,ROCO,Taipei Stock Exchange,Taiwan,,Taipei,114,http://www.asec.com.tw,Nano Cap,TW0006113004,,BBG000JWW191,BBG000JWW0K0,BBG001SJCN92,False
6114.TWO,Juic International Corporation,"Juic International Corporation is a company listed on the Taipei Stock Exchange under the ticker 6114. It operates in the Electronic Equipment, Instruments & Components industry within the Information Technology sector. The company is headquartered in Taipei, Taiwan.",TWD,Information Technology,Technology Hardware & Equipment,"Electronic Equipment, Instruments & Components",TWO,ROCO,Taipei Stock Exchange,Taiwan,,Taipei,11491,https://www.juic.com.tw,Nano Cap,TW0006114002,,BBG000K6MRP2,BBG000K6MR54,BBG001SJHN60,False
6118.TWO,Xander International Corp.,"Xander International Corp. sells information and commercial products in Taiwan. It offers audio and video multimedia products, DIY components, computer peripherals, computer systems, network/monitoring/software products, storage devices, transaction equipment, car/outdoor products, living appliances, and combination goods. The company was founded in 1997 and is headquartered in New Taipei City, Taiwan.",TWD,Information Technology,Technology Hardware & Equipment,"Electronic Equipment, Instruments & Components",TWO,ROCO,Taipei Stock Exchange,Taiwan,,New Taipei City,,http://www.xander.com.tw,Nano Cap,TW0006118003,,BBG000C4K1P5,BBG000C4K120,BBG001SF06W4,False
6121.TWO,"Simplo Technology Co., Ltd.","Simplo Technology Co., Ltd. develops, produces, and sells battery packs worldwide. Its products include LEV power tool battery, handheld tool battery, and electric vehicle battery modules; household energy storage systems; smartphone, tablet, and laptop battery modules; power banks; wearable devices; and power banks, BT speaker, cleaning robots, wearable devices, and vacuum cleaner Li-ion battery modules. The company also provides machine parts, such as plastic moldings, injections/fixtures/films, metal stampings/trays, and die cut/busbar products; AGV products and automation equipment; and lab testing services, as well as power equipment, industrial robot controllers, machine arms, and industrial cameras. It offers its products for household appliances; and mobile devices, LEV, and EV applications, as well as for fit accessories. The company was formerly known as Simplo Company, Ltd. and changed its name to Simplo Technology Co., Ltd. in September 1998. Simplo Technology Co., Ltd. was founded in 1992 and is headquartered in Hsinchu, Taiwan.",TWD,Industrials,Capital Goods,Electrical Equipment,TWO,ROCO,Taipei Stock Exchange,Taiwan,,Hsinchu City,30348,http://www.simplo.com.tw,Mid Cap,TW0006121007,,BBG000C6GBQ2,BBG000C6GB73,BBG001SF3M10,False
6122.TWO,"King Polytechnic Engineering Co., Ltd.","King Polytechnic Engineering Co., Ltd. operates as an integrated engineering and construction company in Taiwan and internationally. Its services include project planning, design, procurement, construction, commissioning, project management, and turnkey services. The company offers process, civil and structure, piping, equipment, electrical, mechanical, instrument and control, fire protection, and environmental protection work solutions for petrochemical and chemical industries. It also plans, designs, and constructs HVAC systems, cleanrooms, biological cleanrooms, air abatement systems, purified water systems, gas systems, and chemical systems, as well as provides electrical, automatic control, monitoring, fire protection, water supply and drainage, pipeline, air conditioning system, purified water system, gas system, chemical system, and hook-up services for high-tech, microelectronics, electronics, flat panel, semiconductors, optoelectronics, biotechnology, and pharmaceutical industries. In addition, the company offers planning, design, and construction services for various types of infrastructure and public work projects; and constructs green buildings, as well as constructs commercial high-rise buildings, deluxe residential buildings, five-star hotels, luxury recreation villas, and public construction projects. The company was founded in 1982 and is headquartered in Taipei, Taiwan.",TWD,Industrials,Capital Goods,Construction & Engineering,TWO,ROCO,Taipei Stock Exchange,Taiwan,,Taipei,,http://www.kpec.com.tw,Micro Cap,TW0006122005,,BBG000DSZX11,BBG000DSZWH6,BBG001SK5916,False
6123.TWO,GrandTech C.G. Systems Inc.,"GrandTech C.G. Systems Inc. operates as a distributor of graphics, imaging, and multimedia design software. The company distributes 2D and 3D professional software products; digital printing equipment and solutions; and IT software and hardware products for enterprises, as well as IT integration and cloud services. It operates in Taiwan, Hong Kong, China, Singapore, Malaysia, Indonesia, and internationally. The company was founded in 1991 and is headquartered in Taipei City, Taiwan.",TWD,Information Technology,Technology Hardware & Equipment,"Electronic Equipment, Instruments & Components",TWO,ROCO,Taipei Stock Exchange,Taiwan,,Taipei,114,http://www.grandtech.com,Micro Cap,TW0006123003,,BBG000LQJ445,BBG000LQJ383,BBG001SK42B1,False
6124.TWO,Yeh-Chiang Technology Corp.,"Yeh-Chiang Technology Corp. produces and sells electronic components and materials worldwide. It operates through Heat Pipe, Lighting, and Semiconductor segments. The company's thermal components include heat pipes, vapor chambers, and loop heat pipes. Its electronic materials comprise BGA solder sphere, solder paste, and SMT and semiconductor flux products. The company also engages in the production and sale of raw alcohol, lighting equipment, semiconductor packaging wires, and solder balls; manufacture and sale of bioethanol; international trade activities; and environmental protection related business, as well as offers LED products. It serves original equipment manufacturers of computing systems and electronic devices; semiconductor companies; manufacturers using SMT processes; manufacturers requiring thermal solutions; thermal module design and manufacturing companies; and system houses that require cooling technologies. Yeh-Chiang Technology Corp. was founded in 1994 and is headquartered in Taipei City, Taiwan.",TWD,Information Technology,Technology Hardware & Equipment,"Electronic Equipment, Instruments & Components",TWO,ROCO,Taipei Stock Exchange,Taiwan,,Taipei,115,http://www.yctc.com.tw,Micro Cap,TW0006124001,,BBG000BLJCK1,BBG000BLJBT4,BBG001S7FNP7,False
6125.TWO,"Kenmec Mechanical Engineering Co., Ltd.","Kenmec Mechanical Engineering Co., Ltd. engages in the planning, design, manufacturing, and sale of logistics centers and intelligent automation integration services in Taiwan. It offers storage equipment, automated packaging equipment, logistic center, material handling equipment systems, automated agriculture/farming equipment, lithium batteries, and heat conduction/heat dissipation equipment. The company was formerly known as Guang Yun Machinery Engineering Co., Ltd. and changed its name to Kenmec Mechanical Engineering Co., Ltd. in March 1987. Kenmec Mechanical Engineering Co., Ltd. was founded in 1976 and is headquartered in Taipei City, Taiwan.",TWD,Industrials,Capital Goods,Machinery,TWO,ROCO,Taipei Stock Exchange,Taiwan,,Taipei City,115,http://www.kenmec.com,Small Cap,TW0006125008,,BBG000C3W0T2,BBG000C3W0M9,BBG001SDWRX7,False
6126.TWO,"Singatron Enterprise Co.,Ltd","Singatron Enterprise Co.,Ltd develops, manufactures, and supplies electrical connectors for laptop industries in Taiwan and internationally. It offers waterproof connectors, such as circular, quick lock, M5/M8, M12, USB, USB charger, RJ45, cable gland, NMEA 2000, and LEV connectors; and consumer connectors, including DC power jack, audio jack, USB2.0/USB3.0, USB3.1 Type-C, RJ/transformer, HDMI, battery, and other connectors. The company also provides professional support services. Its products are used in consumer electronics, portable devices, networking, marine electronics, outdoor displays, outdoor lighting, and communications for outdoor solutions, as well as industrial automation and light electronic vehicles. Singatron Enterprise Co.,Ltd was founded in 1976 and is headquartered in Hsinchu City, Taiwan.",TWD,Information Technology,Technology Hardware & Equipment,"Electronic Equipment, Instruments & Components",TWO,ROCO,Taipei Stock Exchange,Taiwan,,Hsinchu City,30343,http://www.singatron.com.tw,Micro Cap,TW0006126006,,BBG000LW7WV3,BBG000LW7WG0,BBG001SK5Q72,False
6127.TWO,"LEATEC Fine Ceramics Co., Ltd.","LEATEC Fine Ceramics Co., Ltd. manufactures and sells chip alumina fine ceramic substrates in Taiwan. It develops high-voltage resistor, variable resistor, array, and chip resistor substrates, as well as chip array substrates. The company also offers fine ceramics, such as alumina, LED, aluminum nitride, laser machining ceramic, and lapping and polishing substrates, as well as ceramic cores and Zirconia toughened alumina; and green energy products, including junction boxes, compact combiner boxes, and tools and other products, as well as PV connectors, cables, and cable assemblies. In addition, it provides car-used electronic substrates comprising LED package, hybrid IC, and sensor substrates. The company was founded in 1991 and is based in Taoyuan City, Taiwan.",TWD,Information Technology,Semiconductors & Semiconductor Equipment,Semiconductors & Semiconductor Equipment,TWO,ROCO,Taipei Stock Exchange,Taiwan,,Taoyuan City,324,http://www.leatec.com.tw,Micro Cap,TW0006127004,,BBG000LMLQX0,BBG000LMLQ88,BBG001SK2YW0,False
6129.TWO,Princeton Technology Corporation,"Princeton Technology Corporation operates as a fabless IC design company in Taiwan. It provides IC technology for energy-saving solutions, including a series of energy-saving ballast driver ICs, LED lighting/backlight driver ICs, and brushless DC motor ICs for use in various indoor/outdoor lighting and motor control products. The company also offers display driver, multimedia audio controller, LED driver, motor driver, RF, encoder/decoder, remote control, GPS, I/O expander, power, and PFC controller ICs, as well as ASICs, microcontrollers, and automotive solutions. Its products are used in automotive dash-board and multimedia devices, portable audio players, digital TVs, home audio/video appliances, DSCs, DSLRs, monitoring cameras, and car security systems. The company was founded in 1986 and is headquartered in New Taipei City, Taiwan.",TWD,Information Technology,Semiconductors & Semiconductor Equipment,Semiconductors & Semiconductor Equipment,TWO,ROCO,Taipei Stock Exchange,Taiwan,,New Taipei City,23145,http://www.princeton.com.tw,Micro Cap,TW0006129000,,BBG000D9C243,BBG000D9C1V5,BBG001SGNHC5,False
6130.TWO,"Shangya Technology Co., Ltd.","Singbao International Co. Ltd engages in the wholesale of Chinese medicines, western medicines, medical equipment, slimming products, and cosmetics in Taiwan and Asia. It is also involved in the research, development, production, and sale of wireless communication integrated circuits; and the operation of various beauty salons, as well as offers other services. The company was founded in 1994 and is headquartered in Taipei, Taiwan.",TWD,Information Technology,Semiconductors & Semiconductor Equipment,Semiconductors & Semiconductor Equipment,TWO,ROCO,Taipei Stock Exchange,Taiwan,,Taipei,10571,http://www.genomeib.com,Nano Cap,TW0006130008,,BBG000BLJ9Y3,BBG000BLJ9C7,BBG001S96554,False
6134.TWO,"Wanshih Electronic Co., Ltd.","Wanshih Electronic Co., Ltd. operates as an OEM/ODM manufacturer of mini coaxial cable assembly for tier-one notebook computer and mobile phone companies worldwide. The company primarily provides NB and mini-coaxial cables, LCD TV cables/wire harnesses, mobile phone cables, wire harness cables, electronic components, and smart antennas/modules. Its products include external cables comprising HDMI, USB 2.0/3.0/3.1, SATA, LAN, D-SUB/DVI, RCA, VGA, BNC, automobile, lightning, and medical cables, as well as power cords; antennas, such as external Wi-Fi and LTE, built-in PCB and metal, built-in MIMO, satellite positioning, small base station, and fiberglass tube; and internal cables consisting of LVDS/eDP, consumer device, industrial, medical, and robotic cables. It also provides SMT products and assembly, such as SMT equipment comprising multi-f production, solder paste printing, 3D online solder paste, and AOI optical inspection; and various applications in automobile, consumer electronic, and 3C/AI. The company was founded in 1987 and is headquartered in New Taipei City, Taiwan.",TWD,Information Technology,Technology Hardware & Equipment,Communications Equipment,TWO,ROCO,Taipei Stock Exchange,Taiwan,,New Taipei City,24891,http://www.wanshih.com.tw,Micro Cap,TW0006134000,,BBG000K68656,BBG000K685N8,BBG001SJHH36,False
6138.TWO,Anpec Electronics Corporation,"Anpec Electronics Corporation designs power ICs, mixed signal ICs, and power discrete devices in Taiwan. Its primary products include power management ICs, audio amplifier ICs, LCD controller/driver ICs, hall effect ICs, and power MOSFETs. The company also provides switching regulators, lighting and display products, linear regulators, switches, LCD bias convertors, battery powered systems, DVR powered systems, audio products, analog to digital converters, battery management solutions, voltage supervisors, and motor drivers. Its products are used in various applications, including motherboards, VGA cards, notebooks, mobiles, PND systems, LCD TVs, LCD panels, fans, inverters, WLAN cards, and ATX power supply products, as well as in communication IC and micro-controller applications. The company was founded in 1997 and is headquartered in Hsinchu, Taiwan.",TWD,Information Technology,Semiconductors & Semiconductor Equipment,Semiconductors & Semiconductor Equipment,TWO,ROCO,Taipei Stock Exchange,Taiwan,,Hsinchu City,,http://www.anpec.com.tw,Small Cap,TW0006138001,,BBG000LMLJP5,BBG000LMLJD8,BBG001SK2YL2,False
6140.TWO,"Dimension Computer Technology Co., Ltd.","Dimension Computer Technology Co., Ltd. is a company listed on the Taipei Stock Exchange under the ticker 6140. It operates in the Electronic Equipment, Instruments & Components industry within the Information Technology sector. The company is headquartered in Taipei, Taiwan.",TWD,Information Technology,Technology Hardware & Equipment,"Electronic Equipment, Instruments & Components",TWO,ROCO,Taipei Stock Exchange,Taiwan,,Taipei,10477,https://www02.dimension.com.tw,Nano Cap,TW0006140007,,BBG000LZJHB8,BBG000LZJH19,BBG001SK6SY7,False
6143.TWO,"Netronix, Inc.","Netronix, Inc. designs and manufactures network and e-Reader products in Taiwan and internationally. It also designs and sells ID, hardware, and software products, as well as provides electronic shelf label and electron baggage tag. The company was founded in 1997 and is headquartered in Hsinchu, Taiwan.",TWD,Information Technology,Technology Hardware & Equipment,Communications Equipment,TWO,ROCO,Taipei Stock Exchange,Taiwan,,Hsinchu City,302,http://www.netronixinc.com,Micro Cap,TW0006143001,,BBG000LVF7M1,BBG000LVF7B3,BBG001SDFFB6,False
6144.TWO,"Deltamac(Taiwan) Co.,Ltd.","Deltamac(Taiwan) Co.,Ltd. produces, distributes, and franchises audio and video products in Taiwan. The company engages in production, recording, publication, rental, distribution, and export/import of TV and film program DVD, BD and 4K UHD discs, and music CDs. It is also involved in the agency and sale of physical and digital copyrights of movies; operation of TSUTAYA bookstores and Wired Tokyo cafés; and provision of catering services. In addition, the company sells stationery products and delicatessen. Deltamac(Taiwan) Co.,Ltd. was founded in 1995 and is headquartered in Taipei City, Taiwan.",TWD,Communication Services,Media & Entertainment,Entertainment,TWO,ROCO,Taipei Stock Exchange,Taiwan,,Taipei,,http://www.deltamac.com.tw,Nano Cap,TW0006144009,,BBG000LMQX60,BBG000LMQW99,BBG001SK30P1,False
6146.TWO,Sporton International Inc.,"Sporton International Inc. provides product testing and certification services in Taiwan and internationally. It offers mobile device services, including design consultation, training, testing, and certification that allow its customers to acquire certificates and promote products. The company also provides EMC compatibility, safety, radio device, cellphone handset, and NCC testing and certification services, as well as customization services; and sells anti magnetic components. Sporton International Inc. was founded in 1986 and is headquartered in New Taipei City, Taiwan.",TWD,Industrials,Commercial & Professional Services,Professional Services,TWO,ROCO,Taipei Stock Exchange,Taiwan,,New Taipei City,,http://www.sporton.com.tw,Small Cap,TW0006146004,,BBG000LPWQX1,BBG000LPWQ61,BBG001SK3TN0,False
6147.TWO,Chipbond Technology Corporation,"Chipbond Technology Corporation, together with its subsidiaries, provides services for backend assembly processing of LCD driver integrated circuits (ICs) in Taiwan, the United States, and internationally. The company offers turnkey services, which comprise bumping manufacturing services, including gold, solder, and copper bumping services; redistribution layer services; wafer surface processing services, such as back side metal and dielectric layer coating process services; wafer grinding, dicing, and picking and placing services; package and testing services comprising driver and non-driver IC testing, driver IC package, and wafer level chip scale packaging services; final inspection and failure analysis services; and chip tray design and manufacturing services. It also invests in, develops, manufactures, and sells electronic components, as well as tape automated bonding, tape carrier, and others. Chipbond Technology Corporation was founded in 1997 and is headquartered in Hsinchu, Taiwan.",TWD,Information Technology,Semiconductors & Semiconductor Equipment,Semiconductors & Semiconductor Equipment,TWO,ROCO,Taipei Stock Exchange,Taiwan,,Hsinchu City,300,http://www.chipbond.com.tw,Mid Cap,TW0006147002,,BBG000LZJG20,BBG000LZHCZ5,BBG001SGCDH1,False
6148.TWO,Azion Corporation,"Azion Corporation provides information, communication, network, telecommunications, broadband, traffic control engineering, and cloud applications services in Taiwan. The company's products include DataPilot 10, a handheld digital evidence acquisition instrument; big data platforms; Cisco data center and virtualization, Cisco cloud collaboration, and Cisco enterprise network services; information security solutions; search and exploration engine systems; storage systems; and data protection solutions. Its solutions include information and communication system integration, big data analysis and knowledge exploration, information security, digital banking and financial, and smart police solutions. It serves finance, manufacturing, retail, telecommunications, and government agencies. The company was founded in 1991 and is headquartered in Taipei, Taiwan.",TWD,Information Technology,Technology Hardware & Equipment,Communications Equipment,TWO,ROCO,Taipei Stock Exchange,Taiwan,,Taipei,100,http://www.azion.com.tw,Micro Cap,TW0006148000,,BBG000LVF572,BBG000LVF4V8,BBG001SK5G47,False
6150.TWO,TUL Corporation,"TUL Corporation develops and markets hardware solutions in IT industry worldwide. The company offers gaming and embedded graphics cards, SoC based mainboards and systems, FPGA products, thunderbolt adopters, and SSD storage solutions. It serves OEMs, distributors, VARs, and system integrators. The company was formerly known as C.P. Technologies and changed its name to TUL Corporation in March 2004. TUL Corporation was founded in 1997 and is headquartered in New Taipei City, Taiwan.",TWD,Information Technology,Technology Hardware & Equipment,"Electronic Equipment, Instruments & Components",TWO,ROCO,Taipei Stock Exchange,Taiwan,,New Taipei City,221,http://www.tul.com.tw,Micro Cap,TW0006150006,,BBG000BDCRG8,BBG000BDCR50,BBG001S6TLM1,False
6151.TWO,"Ginar Technology Co.,Ltd.","Ginar Technology Co., Ltd. produces and sells performance materials in the field of engineering thermoplastics in Asia, the Americas, Europe, and internationally. It offers MAPEX polyamide engineering plastics, such as impact modified, mineral reinforced, glass fiber reinforced, and flame retardant polyamide 6, polyamide 66, and high temperature nylon compounds for automotive, electrical/electronic, and other industries; and mineral fiber, glass fiber, and impact modifier or flame retardant APLAX polypropylene engineering plastics. The company also provides impact modification and glass fiber reinforcement or flammability KAPEX polycarbonate engineering plastics; KAPEX PC/ABS alloys for cars instrument panels and dashboards, notebook covers, and cell phones; and KAPEX green products that contain r-PET and/or r-PC, which are from post-consumer recycled products for notebook PC, desktop PC, LED TV, monitor, and OA products. In addition, it offers flame retardant high performance nylon composite engineering plastics. The company's products are used for automotive and consumer electronics applications. Ginar Technology Co., Ltd. was founded in 1982 and is headquartered in Taoyuan City, Taiwan.",TWD,Materials,Materials,Chemicals,TWO,ROCO,Taipei Stock Exchange,Taiwan,,Taoyuan City,33759,http://www.ginar.com.tw,Micro Cap,TW0006151004,,BBG000CQ4K45,BBG000CQ4JP5,BBG001SFNNR8,False
6154.TWO,"Sunfar Computer Co., Ltd","Sunfar Computer Co., Ltd sells various goods for consumers in Taiwan. It offers home appliances, personal computer hardware and peripheral equipment, computer supplies and consumables, computer software and books, consumer electronics and communications, etc., as well as OA merchandise and maintenance services. The company provides its products through 64 stores and online shopping platform. Sunfar Computer Co., Ltd was founded in 1982 and is based in Kaohsiung, Taiwan.",TWD,Information Technology,Technology Hardware & Equipment,"Electronic Equipment, Instruments & Components",TWO,ROCO,Taipei Stock Exchange,Taiwan,,Kaohsiung,80750,http://www.sunfar.com.tw,Nano Cap,TW0006154008,,BBG000BJ6V73,BBG000BJ6V28,BBG001S8FVN9,False
6156.TWO,"Song Shang Electronics Co.,Ltd.","Song Shang Electronics Co., Ltd. manufactures and sells magnetic components, printed circuit boards, and wire products. Its magnetic components include coils, line filters, power chokes, and transformers primarily used in the production of transformers, filters, and inductors, as well as in adapter, LED TV, LCD TV, charger, game console, desktop, monitor, printer, lighting, and communication applications. The company's printed circuit boards are used in consumable electronic products, power supplies, machinery, instruments, and automobile industries, as well as other industries. It also offers wire products for LED TV and display, car audio, battery, power supply equipment, and home appliances. The company was formerly known as K-Bridge Electronics Co. Ltd. and changed its name to Song Shang Electronics Co., Ltd. in March 2011. Song Shang Electronics Co., Ltd. was founded in 1988 and is based in New Taipei City, Taiwan.",TWD,Information Technology,Technology Hardware & Equipment,"Electronic Equipment, Instruments & Components",TWO,ROCO,Taipei Stock Exchange,Taiwan,,New Taipei City,236,http://www.song-shang.com.tw,Micro Cap,TW0006156003,,BBG000M522V2,BBG000M521F2,BBG001SK8SB0,False
6158.TWO,P-Two Industries Inc.,"P-Two Industries Inc. is a company listed on the Taipei Stock Exchange under the ticker 6158. It operates in the Electronic Equipment, Instruments & Components industry within the Information Technology sector. The company is headquartered in Táoyuán, Taiwan.",TWD,Information Technology,Technology Hardware & Equipment,"Electronic Equipment, Instruments & Components",TWO,ROCO,Taipei Stock Exchange,Taiwan,,Táoyuán,330,https://www.p-two.com,Nano Cap,TW0006158009,,BBG000M51XX3,BBG000M51XD5,BBG001S97K23,False
6160.TWO,"Cipherlab Co.,Ltd.","Cipherlab Co.,Ltd. designs, manufactures, markets, and sells automatic identification and data capture products under the CipherLab brand worldwide. The company offers windows/android and proprietary mobile computers; general purpose, business durable, and pocket sized barcode scanners; HF and UHF radio frequency identification readers; and software solutions comprising deployment and development tools, device management, browser and emulation, programming, and scanner software. It serves warehouse, transportation and logistics, field mobility, retail, manufacturing, and healthcare industries, as well as the government. The company was founded in 1988 and is headquartered in Taipei, Taiwan.",TWD,Industrials,Commercial & Professional Services,Commercial Services & Supplies,TWO,ROCO,Taipei Stock Exchange,Taiwan,,Taipei,10669,http://www.cipherlab.com,Nano Cap,TW0006160005,,BBG000CLY190,BBG000CLWZV2,BBG001SFKMF6,False
6161.TWO,"Jetway Information Co., Ltd.","Jetway Information Co., Ltd. designs, manufactures, and sells motherboards and other IT products worldwide. It also provides AIO products, graphic cards, IPC boards, barebones, and chassis products. The company was founded in 1986 and is headquartered in New Taipei City, Taiwan.",TWD,Information Technology,Technology Hardware & Equipment,"Technology Hardware, Storage & Peripherals",TWO,ROCO,Taipei Stock Exchange,Taiwan,,New Taipei City,231,http://www.jetway.com.tw,Micro Cap,TW0006161003,,BBG000BDL4W1,BBG000BDL4G9,BBG001S6YH35,False
6163.TWO,HwaCom Systems Inc.,"Hwacom Systems Inc., a broadband system integrator, supplies mobile, fixed, and IP networks related services in Taiwan and internationally. The company also supplies multimedia applications. Its product portfolio includes interactive personalized television (IPTV) set-top boxes, OTT set-top boxes, hybrid set-top boxes, and video gateways, as well as video streaming related consulting and integration services. It also provides broadband infrastructure solutions, value added services, customized network management systems, and integrated video solutions; cloud computing and data center solutions; and IPTV solutions. In addition, the company offers smart city solutions comprising video and traffic surveillance systems; intelligent transportation services; information security management services; multi-channel acquiring and network management solutions; and 3D radar reimage solution. It serves payTV operators, telecoms, and MSOs. The company was founded in 1994 and is headquartered in New Taipei City, Taiwan.",TWD,Communication Services,Telecommunication Services,Diversified Telecommunication Services,TWO,ROCO,Taipei Stock Exchange,Taiwan,,New Taipei City,221,http://www.hwacom.com,Micro Cap,TW0006163009,,BBG000BJBJ74,BBG000BJBHW0,BBG001S8HWM6,False
6167.TWO,Powertip Technology Corporation,"Powertip Technology Corporation manufactures and sells small to mid-size full color TFT and monochrome displays, and touch panels worldwide. The company's offers embedded solutions, full viewing angle displays, EM touch products, TFT displays, TFT with projected capacitive touch panels, graphic and chip-on-glass LCD modules, character LCD modules, FS-LCDs, VATN/PBT LCD modules, resistive and capacitive touch panels, and evaluation boards; and surface mount technology, chip-on-board, chip-on-flex, tape automated bonding, and screen printing products. Its products are used in white goods and gas pumps/parking meters, as well as for industrial, medical, consumer, automotive, communications, and test and measurement applications. The company was founded in 1991 and is headquartered in Taichung, Taiwan.",TWD,Information Technology,Technology Hardware & Equipment,"Electronic Equipment, Instruments & Components",TWO,ROCO,Taipei Stock Exchange,Taiwan,,Taichung,407,http://www.powertip.com.tw,Nano Cap,TW0006167000,,BBG000BL0KY8,BBG000BL0K87,BBG001S91F57,False
6169.TWO,InterServ International Inc.,"InterServ International Inc. develops games worldwide. The company is involved in edutainment related activities; and the research, development, and operation of TV/PC/online/Web/mobile games. It also develops PC MMORPG, casual games, console games, and mobile games, as well as app, online, social, PC console, and Xbox360 games. InterServ International Inc. was founded in 1989 and is headquartered in Taipei, Taiwan.",TWD,Communication Services,Media & Entertainment,Entertainment,TWO,ROCO,Taipei Stock Exchange,Taiwan,,Taipei,11492,http://www.interserv.com.tw,Nano Cap,TW0006169006,,BBG000BN8FT3,BBG000BN8FF8,BBG001S9ST85,False
6170.TWO,Welldone Company,"Welldone Company, together with its subsidiaries, engages in telecommunication, IC, and other access businesses primarily in Taiwan. It sells prepaid mobile SIM cards, trading of online game point cards, and foreign migrant worker remittance services. The company also engages in the mobile phone top-up services; international human resources business services project, including human resources agency, foreign caregivers, management consulting, laws and information, foreign worker translation services, abnormal incidents involving foreign workers, and conducting periodic visits to employers and foreign workers; and airport access business. In addition, it provides online games and payment services; and I-MONEY, a convenient and secure purchasing channel. Further, the company offers telecom apparatus; retails and wholesales of food and cosmetics; manufactures and wholesales of batteries and electronic components. Welldone Company was founded in 1966 and is based in Taipei, Taiwan.",TWD,Communication Services,Telecommunication Services,,TWO,ROCO,Taipei Stock Exchange,Taiwan,,,,https://www.welldone.com.tw,Micro Cap,TW0006170004,,BBG000MB2PF6,BBG000MB2NJ7,BBG001SKBJY1,False
6171.TWO,"Tacheng Real Estate Co.,Ltd.","Taiwan Aries Co.,Ltd. manufactures, processes, and trades in various electronic parts in Taiwan. It is also involved in residential and building development, rental, and sales; building materials wholesale and retail, landscape and interior design, import and export trading, real estate trading and leasing, and other businesses. The company was founded in 1984 and is based in Taichung, Taiwan.",TWD,Real Estate,Real Estate,Real Estate Management & Development,TWO,ROCO,Taipei Stock Exchange,Taiwan,,Taichung,407,http://www.aries-net.com.tw,Micro Cap,TW0006171002,,BBG000MGPD21,BBG000MGPCG8,BBG001SKD338,False
6173.TWO,"Prosperity Dielectrics Co., Ltd.","Prosperity Dielectrics Co., Ltd. manufactures and exports ceramic dielectric powders and multilayer ceramic chip capacitors in Taiwan, the United States, Europe, and the Asia-Pacific. Its products include ceramic dielectric powders, disc type semi-conductive capacitor elements, multilayer ceramic chip capacitors, chip resistors, diodes, inductors, and coils. The company also provides SBL elements. Its products are used in power, communications, and consumer applications; and medical, military, and measurement equipment, as well as the automotive sector. Prosperity Dielectrics Co., Ltd. was founded in 1990 and is based in Taoyuan, Taiwan.",TWD,Information Technology,Semiconductors & Semiconductor Equipment,Semiconductors & Semiconductor Equipment,TWO,ROCO,Taipei Stock Exchange,Taiwan,,Taoyuan City,33860,http://www.pdc.com.tw,Small Cap,TW0006173008,,BBG000MC50F6,BBG000MC4ZT5,BBG001SKBYZ7,False
6174.TWO,"Aker Technology Co., Ltd","Aker Technology Co., Ltd is a company listed on the Taipei Stock Exchange under the ticker 6174. It operates in the Electronic Equipment, Instruments & Components industry within the Information Technology sector. The company is headquartered in Taichung, Taiwan.",TWD,Information Technology,Technology Hardware & Equipment,"Electronic Equipment, Instruments & Components",TWO,ROCO,Taipei Stock Exchange,Taiwan,,Taichung,427058,https://www.aker.com.tw,Micro Cap,TW0006174006,,BBG000MMXC12,BBG000MMXBN0,BBG001SKFS22,False
6175.TWO,Liton Technology Corp.,"Liton Technology Corp. manufactures and sells etched and formed aluminum foils in Taiwan, Mainland China, Europe, the Americas, Japan, Korea, India, and Southeast Asia. The company offers middle and high voltage formed aluminum foils; low voltage formed aluminum foils; and middle and high voltage etched aluminum foils. Its products are used in industries and products, such as aerospace, high-speed rail, MRT systems, solar and wind power, computers, mobile phones, automobiles, home appliances, and industrial products. The company was formerly known as Liton Electrics Corp. and changed its name to Liton Technology Corp. in April 1998. Liton Technology Corp. was founded in 1993 and is headquartered in Miaoli, Taiwan.",TWD,Materials,Materials,Metals & Mining,TWO,ROCO,Taipei Stock Exchange,Taiwan,,Miaoli,,http://www.liton.com.tw,Small Cap,TW0006175003,,BBG000C0DPZ7,BBG000C0DPP8,BBG001SDCJ12,False
6179.TWO,"ATE Energy International Co., Ltd.","ATE Energy International Co., Ltd. is a company listed on the Taipei Stock Exchange under the ticker 6179. It operates in the Construction & Engineering industry within the Industrials sector. The company is headquartered in New Taipei City, Taiwan.",TWD,Industrials,Capital Goods,Construction & Engineering,TWO,ROCO,Taipei Stock Exchange,Taiwan,,New Taipei City,,https://www.ateenergy.com.tw,Micro Cap,TW0006179005,,BBG000MR8M80,BBG000MR8LL7,BBG001SKGYQ2,False
6180.TWO,"Gamania Digital Entertainment Co., Ltd.","Gamania Digital Entertainment Co., Ltd., together with its subsidiaries, publishes online and mobile games in Taiwan, Hong Kong, Japan, and Korea. The company was founded in 1995 and is based in Taipei City, Taiwan.",TWD,Communication Services,Media & Entertainment,Entertainment,TWO,ROCO,Taipei Stock Exchange,Taiwan,,Taipei,11494,http://www.gamania.com,Micro Cap,TW0006180003,,BBG000HWZQM0,BBG000HWZPG9,BBG001S912H3,False
6182.TWO,Wafer Works Corporation,"Wafer Works Corporation engages in the manufacture and supply of silicon wafers worldwide. It offers polished silicon and epitaxial wafers, as well as single crystal ingots and doped silicon wafers used in semiconductor devices for power and digital applications. The company supplies its products through sales representatives. Wafer Works Corporation was founded in 1997 and is based in Taoyuan City, Taiwan.",TWD,Information Technology,Semiconductors & Semiconductor Equipment,Semiconductors & Semiconductor Equipment,TWO,ROCO,Taipei Stock Exchange,Taiwan,,Taoyuan City,32668,http://www.waferworks.com,Mid Cap,TW0006182009,,BBG000MZJMB6,BBG000MZJLR1,BBG001SKKTH8,False
6185.TWO,"Plastron Precision Co., Ltd.","Plastron Precision Co., Ltd. engages in the research and development, manufacture, and market of connectors in Taiwan and internationally. It offers board to board, header/socket, USB, memory card connectors, etc.; and serial ATA products, I/O connectors, and edge card connectors. The company was founded in 1988 and is based in New Taipei City, Taiwan.",TWD,Information Technology,Technology Hardware & Equipment,"Electronic Equipment, Instruments & Components",TWO,ROCO,Taipei Stock Exchange,Taiwan,,New Taipei City,23678,http://www.plastron.com.tw,Micro Cap,TW0006185002,,BBG000P0C3B9,BBG000P0C2H5,BBG001SL1PY6,False
6186.TWO,"Shin Ruenn development Co., LTD","Shin Ruenn development Co., LTD. engages in the development and rental of housing and buildings. It is also involved in the sale, leasing, and purchase of real estate properties. The company was formerly known as Jinglay, Inc. and changed its name to Shin Ruenn development Co., LTD. in July 2011. Shin Ruenn development Co., LTD. was founded in 1998 and is based in Taipei, Taiwan.",TWD,Real Estate,Real Estate,Real Estate Management & Development,TWO,ROCO,Taipei Stock Exchange,Taiwan,,Taipei,105,http://www.shinruenn.com,Micro Cap,TW0006186000,,BBG000F8CS46,BBG000F8CRX6,BBG001SL0XW2,False
6187.TWO,"All Ring Tech Co., Ltd.","All Ring Tech Co., Ltd. is a company listed on the Taipei Stock Exchange under the ticker 6187. It operates in the Machinery industry within the Industrials sector. The company is headquartered in Kaohsiung, Taiwan.",TWD,Industrials,Capital Goods,Machinery,TWO,ROCO,Taipei Stock Exchange,Taiwan,,Kaohsiung,821011,https://www.allring-tech.com.tw,Mid Cap,TW0006187008,,BBG000MNRW95,BBG000MNRVB4,BBG001SKG4L3,False
6188.TWO,Quanta Storage Inc.,"Quanta Storage Inc. designs, develops, manufactures, and sells optical storage products to computer manufacturers worldwide. The company offers storage and peripheral products, such as NAS, DAS, USB-C power delivery and mini docks, adapters, and Wi-Fi storage products. It also provides solid state drives and intelligent automation systems; and storage manufacturing services of storage devices and systems, computer peripherals, and IoT related products. In addition, the company offers project planning, product development, technical, design, engineering mechanism, electrical engineering, logistics management, and repair and maintenance services. Quanta Storage Inc. was founded in 1999 and is headquartered in Taoyuan, Taiwan.",TWD,Information Technology,Technology Hardware & Equipment,"Technology Hardware, Storage & Peripherals",TWO,ROCO,Taipei Stock Exchange,Taiwan,,Taoyuan,333,http://www.qsitw.com,Small Cap,TW0006188006,,BBG000MNXWX1,BBG000MNWTF9,BBG001SKG5J3,False
6190.TWO,"Wonderful Hi-tech Co., Ltd.","Wonderful Hi-tech Co., Ltd. is a company listed on the Taipei Stock Exchange under the ticker 6190. It operates in the Electrical Equipment industry within the Industrials sector. The company is headquartered in Taoyuan City, Taiwan.",TWD,Industrials,Capital Goods,Electrical Equipment,TWO,ROCO,Taipei Stock Exchange,Taiwan,,Taoyuan City,231,https://www.wontex.com,Small Cap,TW0006190002,,BBG000GQLSH1,BBG000GQLR47,BBG001SJFCM8,False
6194.TWO,"Yufo Electronics Co., Ltd.","Yufo Electronics Co., Ltd. primarily manufactures and sells printed circuit boards in Taiwan and internationally. It offers computer motherboards for use in personal computers, industrial computers, and medical equipment; and high frequency impedance control printed circuit boards for use in servers, communication base station, network communication equipment, and high-precision instruments. The company was founded in 1983 and is headquartered in Taoyuan City, Taiwan.",TWD,Information Technology,Technology Hardware & Equipment,"Electronic Equipment, Instruments & Components",TWO,ROCO,Taipei Stock Exchange,Taiwan,,Taoyuan City,330,http://www.yufo.com.tw,Nano Cap,TW0006194004,,BBG000BCBWY0,BBG000BCBWJ7,BBG001S68XV8,False
6195.TWO,Scan-D Corporation,"Scan-D Corporation is a company listed on the Taipei Stock Exchange under the ticker 6195. It operates in the Household Durables industry within the Consumer Discretionary sector. The company is headquartered in Taoyuan City, Taiwan.",TWD,Consumer Discretionary,Consumer Durables & Apparel,Household Durables,TWO,ROCO,Taipei Stock Exchange,Taiwan,,Taoyuan City,333,https://www.topshine.tw,Nano Cap,TW0006195001,,BBG000MXMNM3,BBG000MXMN52,BBG001SKJZ59,False
6198.TWO,"Rich Circle Development Co., Ltd.","Rich Circle Development Co., Ltd. is a company listed on the Taipei Stock Exchange under the ticker 6198 and traded in TWD. It is classified in the Information Technology sector (Semiconductors & Semiconductor Equipment). Its country is Taiwan.",TWD,Information Technology,Semiconductors & Semiconductor Equipment,Semiconductors & Semiconductor Equipment,TWO,ROCO,Taipei Stock Exchange,Taiwan,,Taipei,114063,https://www.richcircle.com.tw,Micro Cap,TW0006198005,,BBG000MZNZ04,BBG000MZNXM5,BBG001SKKWH1,False
6199.TWO,"TienPin United Enterprise CO., LTD.","TienPin United Enterprise CO., LTD. operates as a flash storage manufacturer in Taiwan. The company designs, manufactures, and sells portable storage products. It offers flash card readers/writers and adapters, digital photo frames, digital signage products, LCD TV player modules, fingerprint devices, and flash drives. The company was formerly known as DataFab Systems Inc. and changed its name to TienPin United Enterprise CO., LTD. in July 2015. TienPin United Enterprise CO., LTD. is headquartered in Pingzhen, Taiwan.",TWD,Information Technology,Technology Hardware & Equipment,"Technology Hardware, Storage & Peripherals",TWO,ROCO,Taipei Stock Exchange,Taiwan,,Pingzhen,32466,http://www.datafab.com,Micro Cap,TW0006199003,,BBG000N8WHJ3,BBG000N8WGR6,BBG001SKP9W0,False
6203.TWO,"Sea Sonic Electronics Co., Ltd.","Sea Sonic Electronics Co., Ltd. is a company listed on the Taipei Stock Exchange under the ticker 6203. It operates in the Electronic Equipment, Instruments & Components industry within the Information Technology sector. The company is headquartered in Taipei, Taiwan.",TWD,Information Technology,Technology Hardware & Equipment,"Electronic Equipment, Instruments & Components",TWO,ROCO,Taipei Stock Exchange,Taiwan,,Taipei,114,https://seasonic.com,Micro Cap,TW0006203003,,BBG000HVCXF0,BBG000HVCWS8,BBG001SHV488,False
6204.TWO,"Taiwan Alpha Electronic Co., Ltd.","Taiwan Alpha Electronic Co., Ltd. is a company listed on the Taipei Stock Exchange under the ticker 6204. It operates in the Electronic Equipment, Instruments & Components industry within the Information Technology sector. The company is headquartered in Taoyuan City, Taiwan.",TWD,Information Technology,Technology Hardware & Equipment,"Electronic Equipment, Instruments & Components",TWO,ROCO,Taipei Stock Exchange,Taiwan,,Taoyuan City,330010,https://www.taiwanalpha.com,Micro Cap,TW0006204001,,BBG000NP8DT0,BBG000NP8D29,BBG001SKVG02,False
6207.TWO,"Laser Tek Taiwan Co.,Ltd.","Laser Tek Taiwan Co.,Ltd. is a company listed on the Taipei Stock Exchange under the ticker 6207. It operates in the Electronic Equipment, Instruments & Components industry within the Information Technology sector. The company is headquartered in Kaohsiung, Taiwan.",TWD,Information Technology,Technology Hardware & Equipment,"Electronic Equipment, Instruments & Components",TWO,ROCO,Taipei Stock Exchange,Taiwan,,Kaohsiung,806,https://www.lasertek.com.tw,Small Cap,TW0006207004,,BBG000MNRTG4,BBG000MNRT01,BBG001SKG4K4,False
6208.TWO,Highlight Tech Corp.,"Highlight Tech Corp. designs, manufactures, and sells integrated vacuum coating chamber solutions for original equipment manufacturers worldwide. It offers cylindrical, box, D shape, spherical, polygon, bell jar, large, and aluminum vacuum chambers, as well as vacuum modules and systems; vacuum chamber kits; ultra-high vacuum chambers; and vacuum valves, such as vacuum poppet valves, aluminum alloy angle valves, vacuum gate valves, vacuum butterfly valves, rectangular gate valves, pendulum valves, teflon coating vacuum valves, vacuum ball valves, vacuum check valves, vent valves, metal valves, and vacuum valve kits. The company also provides vacuum components, including elbows-tees-crosses, vacuum flanges, teflon bellows, hydroformed vacuum bellows, centering rings, vacuum clamps, adaptor fittings, vacuum viewports, vacuum feedthroughs, and vacuum accessories, as well as KF, ISO, and CF components; and vacuum pumps comprising edwards turbomolecular pumps, scroll and refurbished vacuum pumps, and Ebara dry pump repair kits. In addition, it offers sanitary fittings comprising ferrule blanks, fittings, gaskets, clamps, and adaptors, as well as sanitary valves; perfluoroelastomer O'rings; IC dispensing machines; and centrifugal vacuum mixers. Further, the company provides vacuum pump and valves overhaul services; and refurbished vacuum pump services. Highlight Tech Corp. was founded in 1997 and is headquartered in Tainan City, Taiwan.",TWD,Industrials,Capital Goods,Machinery,TWO,ROCO,Taipei Stock Exchange,Taiwan,,Tainan City,709,http://www.htcvacuum.com,Micro Cap,TW0006208002,,BBG000MNRRY8,BBG000MNRR50,BBG001SKG4G9,False
6210.TWO,"Kintech Electronics Co., Ltd.","Kintech Electronics Co. Ltd. engages in manufacturing, processing, and trading of single-sided and multi-layer printed circuit boards and electronic components in Taiwan, the United States, Europe, Japan, China, and the Southeast Asia. It offers its products for consumer and other products, communication products, PC and peripheral, industrial equipment, and servers. The company was founded in 1984 and is based in Taoyuan City, Taiwan.",TWD,Information Technology,Technology Hardware & Equipment,"Electronic Equipment, Instruments & Components",TWO,ROCO,Taipei Stock Exchange,Taiwan,,Taoyuan City,,http://www.kintech.com.tw,Nano Cap,,,BBG000FS5D61,BBG000FS5C81,BBG001SGYR04,False
6212.TWO,"Li Ming Development Construction Co., Ltd.","Li Ming Development Construction Co., Ltd. is a company listed on the Taipei Stock Exchange under the ticker 6212. It operates in the Real Estate Management & Development industry within the Real Estate sector. The company is headquartered in Hsinchu, Taiwan.",TWD,Real Estate,Real Estate,Real Estate Management & Development,TWO,ROCO,Taipei Stock Exchange,Taiwan,,Hsinchu,300042,https://www.met.com.tw,Micro Cap,TW0006212004,,BBG000MNV900,BBG000MNV8D8,BBG001SKG549,False
6217.TWO,"C.C.P. Contact Probes Co., Ltd.","C.C.P. Contact Probes Co., Ltd., together with its subsidiaries, manufactures and sells spring loaded probes and connectors in Taiwan and internationally. The company offers testing solutions, including high frequency testing, Kelvin contact testing, memory testing, burn-in testing, fine pitch connector testing, IC and ICT test probe, ATE connecting, general final testing, panel testing, wafer level testing, battery probe, and high current IC testing solutions. It also provides pogo pin connectors, such as standard and non-standard, single pogo pin, waterproof, ball point, magnetic, high current and frequency, and ultra-small pin connectors, as well as screw pins; female and industrial connectors; and DAC network cables. The company was formerly known as CCP Contact Probes Enterprise Co., Ltd. and changed its name to C.C.P. Contact Probes Co., Ltd. in 1998. C.C.P. Contact Probes Co., Ltd. was founded in 1983 and is headquartered in New Taipei City, Taiwan.",TWD,Information Technology,Technology Hardware & Equipment,"Electronic Equipment, Instruments & Components",TWO,ROCO,Taipei Stock Exchange,Taiwan,,New Taipei City,220,http://www.ccpcontactprobes.com,Small Cap,TW0006217003,,BBG000ND5KF9,BBG000ND5JV4,BBG001SKQSN7,False
6218.TWO,Hauman Technologies Corp.,"Hauman Technologies Corp. develops products and solutions for information technology, semiconductor, optoelectronics, and photovoltaic industries in Taiwan, Mainland China, and the United States. The company offers hardware and software products; and application services, including planning, marketing, sales, installation, training, system maintenance, and integration services to the government agencies, institutions of higher learning, research institutes, financial institutions, and multinational corporations. It also provides materials, equipment, and automatic packaging and testing instruments; and wafer probers, IC test handlers, underfill dispensers, package inspection solutions, ATE testers, LED probers and sorters, X-ray inspection systems, solar cell texturing and manufacturing AOI systems, ESD monitoring systems, cleaning systems, sealing machines, cutters, forming machines, machine vision systems, texturing systems, automatic inspection systems, LED and LCD process, etc. The company was formerly known as Hauman Enterprise and changed its name to Hauman Technologies Corp. in 2000. The company was founded in 1979 and is headquartered in Taipei, Taiwan.",TWD,Information Technology,Semiconductors & Semiconductor Equipment,Semiconductors & Semiconductor Equipment,TWO,ROCO,Taipei Stock Exchange,Taiwan,,Taipei,,http://www.hauman.com.tw,Micro Cap,TW0006218001,,BBG000BLGLK4,BBG000BLGL88,BBG001S95SY3,False
6219.TWO,"Full Wang International Development Co., Ltd.","Full Wang International Development Co., Ltd. is a company listed on the Taipei Stock Exchange under the ticker 6219. It operates in the Real Estate Management & Development industry within the Real Estate sector. The company is headquartered in Taichung, Taiwan.",TWD,Real Estate,Real Estate,Real Estate Management & Development,TWO,ROCO,Taipei Stock Exchange,Taiwan,,Taichung,40310,https://www.fwgroup.com.tw,Nano Cap,TW0006219009,,BBG000BGS581,BBG000BGS4Z4,BBG001S7WP55,False
6220.TWO,"YFC-Boneagle Electric Co., Ltd.","YFC-Boneagle Electric Co., Ltd. engages in the developing, manufacturing, and sale of power cord sets, LAN cables, patch cords, and networking accessories in Taiwan and internationally. The company provides power cables, including wires, power supply cords, cord sets, and portable hand lamps; electronic wires and cables comprising UL AWM cables and hook-up wires; and networking accessories, such as patch panels, keystone jacks, outlets, plugs, wiring connectors and blocks, and cable management products, as well as LAN cables and patch cords. It also offers fiber optic products, which comprise adapters, cables, connectors, enclosures, and patch cords; and other application and connector products. YFC-Boneagle Electric Co., Ltd. was incorporated in 1983 and is headquartered in Taoyuan City, Taiwan.",TWD,Information Technology,Technology Hardware & Equipment,Communications Equipment,TWO,ROCO,Taipei Stock Exchange,Taiwan,,,,https://www.cables.com.tw,Micro Cap,TW0006220007,,BBG000NDC8V0,BBG000NDC8N9,BBG001SKQXJ1,False
6221.TWO,"Genesis Technology, Inc.","Genesis Technology, Inc. is a company listed on the Taipei Stock Exchange under the ticker 6221. It operates in the IT Services industry within the Information Technology sector. The company is headquartered in Hsinchu City, Taiwan.",TWD,Information Technology,Software & Services,IT Services,TWO,ROCO,Taipei Stock Exchange,Taiwan,,Hsinchu City,30071,https://www.genesis.com.tw,Micro Cap,TW0006221005,,BBG000NJ34W5,BBG000NJ34C7,BBG001SKSMC0,False
6222.TWO,"Li Hsuan Development & Construction Co., Ltd.","Soaring Technology Co.,Ltd. manufactures and sells liquid crystal displays and lighting products in Taiwan and internationally. It offers LED bulbs and lamps, LED tubes, and LED indoor and outdoor fixtures, as well as dimmers, switches, and plugs. The company was founded in 1986 and is headquartered in New Taipei City, Taiwan.",TWD,Consumer Discretionary,Consumer Durables & Apparel,Household Durables,TWO,ROCO,Taipei Stock Exchange,Taiwan,,New Taipei City,22161,http://www.sotac.com.tw,Micro Cap,TW0006222003,,BBG000MNVBC2,BBG000MNV9J0,BBG001SKG558,False
6223.TWO,MPI Corporation,,TWD,Information Technology,Semiconductors & Semiconductor Equipment,Semiconductors & Semiconductor Equipment,TWO,ROCO,Taipei Stock Exchange,Taiwan,,,,https://www.mpi-corporation.com,Large Cap,TW0006223001,,BBG000NVC458,BBG000NVC3H7,BBG001SKY9N0,False
6227.TWO,Macnica Galaxy Inc.,"Macnica Galaxy Inc. distributes IC products and services in Taiwan and internationally. It offers software, artificial intelligence, and Internet of Things products, as well as semiconductors to customers in the cloud, Internet of Things, communication, industrial electronics, and automotive industries. The company was formerly known as Galaxy Far East Corporation and changed its name to Macnica Galaxy Inc. in July 2017. The company was founded in 1979 and is headquartered in New Taipei City, Taiwan. Macnica Galaxy Inc. is a subsidiary of Macnica Chungju Co., Ltd.",TWD,Information Technology,Technology Hardware & Equipment,"Electronic Equipment, Instruments & Components",TWO,ROCO,Taipei Stock Exchange,Taiwan,,New Taipei City,,http://www.macnica.com.tw,Small Cap,TW0006227002,,BBG000LTPFK9,BBG000LTPD60,BBG001SK56G6,False
6228.TWO,"Pacific Image Electronics Co., Ltd.","Pacific Image Electronics Co., Ltd. is a company listed on the Taipei Stock Exchange under the ticker 6228. It operates in the Technology Hardware, Storage & Peripherals industry within the Information Technology sector. The company is headquartered in New Taipei City, Taiwan.",TWD,Information Technology,Technology Hardware & Equipment,"Technology Hardware, Storage & Peripherals",TWO,ROCO,Taipei Stock Exchange,Taiwan,,New Taipei City,221,https://www.scanace.com,Nano Cap,TW0006228000,,BBG000NYBW15,BBG000NYBVS8,BBG001SL0HT1,False
6229.TWO,"V-TAC Technology Co.,Ltd.","V-TAC Technology Co.,Ltd. is a company listed on the Taipei Stock Exchange under the ticker 6229. It operates in the Semiconductors & Semiconductor Equipment industry within the Information Technology sector. The company is headquartered in New Taipei City, Taiwan.",TWD,Information Technology,Semiconductors & Semiconductor Equipment,Semiconductors & Semiconductor Equipment,TWO,ROCO,Taipei Stock Exchange,Taiwan,,New Taipei City,302,https://www.vtac.com.tw,Nano Cap,TW0006229008,,BBG000HWZS28,BBG000HWZQX8,BBG001S7PJB0,False
6231.TWO,Insyde Software Corp.,"Insyde Software Corp. provides system firmware and software engineering services for companies in the mobile, desktop, server, and embedded systems industries worldwide. It offers client, server, and Internet of Things (IoT)/embedded solutions; developer tools; Supervyse, a systems management software; BlinkBoot UEFI Boot Loader; and mobile applications. The company also provides engineering services in the areas of project planning, design, implementation and integration, acceptance and deployment, and maintenance and field updates; and UEFI training programs. It serves mobile computing, desktop, servers, and embedded/IoT markets. The company was founded in 1998 and is headquartered in Taipei, Taiwan.",TWD,Information Technology,Software & Services,Software,TWO,ROCO,Taipei Stock Exchange,Taiwan,,Taipei,10483,http://www.insyde.com,Small Cap,TW0006231004,,BBG000P8Z4X1,BBG000P8Z4Q9,BBG001SL6RT3,False
6233.TWO,Prolific Technology Inc.,"Prolific Technology Inc. operates as an IC design company and ASIC design service provider for USB smart I/O, intelligent green energy saving, and mixed-mode hall sensor solutions. The company offers IC and SOC solutions for USB serial/parallel converters, USB storage products, brushless motor drivers, hall sensors, power meters, and MEMS motion sensing products. It sells its products in Taiwan, Mainland China, Japan, Korea, Canada, and the United States. The company was founded in 1997 and is headquartered in Taipei, Taiwan.",TWD,Information Technology,Semiconductors & Semiconductor Equipment,Semiconductors & Semiconductor Equipment,TWO,ROCO,Taipei Stock Exchange,Taiwan,,Taipei,115,http://www.prolific.com.tw,Micro Cap,TW0006233000,,BBG000PDZWV0,BBG000PDZWF8,BBG001SL9RC8,False
6234.TWO,Tera Autotech Corporation,"Tera Autotech Corporation manufactures and sells automation equipment in Taiwan. The company offers automatic storage and logistic equipment; whole plant automated logistic equipment; automatic re-grind machines, product inspection machines, RGV machines, and lock screw machines; CNC machines, welding equipment, and chamber processing machines; and measurement equipment. It also offers drill products, including standard, micro, large, UC, and slot drills, as well as router bits. The company was formerly known as Tera Automation Corporation and changed its name to Tera Autotech Corporation in 2001. Tera Autotech Corporation was founded in 1982 and is based in Taichung City, Taiwan.",TWD,Industrials,Capital Goods,Machinery,TWO,ROCO,Taipei Stock Exchange,Taiwan,,Taichung,437,http://www.teraauto.com.tw,Micro Cap,TW0006234008,,BBG000BX1FZ1,BBG000BX1FL6,BBG001SCSYB3,False
6236.TWO,Neith Corporation,"Neith Corporation is a company listed on the Taipei Stock Exchange under the ticker 6236. It operates in the Biotechnology industry within the Health Care sector. The company is headquartered in Taichung, Taiwan.",TWD,Health Care,"Pharmaceuticals, Biotechnology & Life Sciences",Biotechnology,TWO,ROCO,Taipei Stock Exchange,Taiwan,,Taichung,408,https://www.neithcorp.com,Nano Cap,TW0006236003,,BBG000MNY0L3,BBG000MNY060,BBG001SKG5S3,False
6237.TWO,C-Media Electronics Inc.,"C-Media Electronics Inc. is a company listed on the Taipei Stock Exchange under the ticker 6237. It operates in the Semiconductors & Semiconductor Equipment industry within the Information Technology sector. The company is headquartered in Taipei, Taiwan.",TWD,Information Technology,Semiconductors & Semiconductor Equipment,Semiconductors & Semiconductor Equipment,TWO,ROCO,Taipei Stock Exchange,Taiwan,,Taipei,10690,https://www.cmedia.com.tw,Micro Cap,TW0006237001,,BBG000MNVDX5,BBG000MNVD01,BBG001SKG576,False
6240.TWO,Sung Gang Corp.Limited,"Sung Gang Corp.Limited engages in the information software wholesale in Taiwan. The company is also involved in the book publishing; real estate leasing; sale of electronic parts and computer peripherals; parking lot operations; financial debt purchase; and purchase of financial institutions. The company was founded in 1986 and is based in Taipei City, Taiwan.",TWD,Communication Services,Telecommunication Services,Diversified Telecommunication Services,TWO,ROCO,Taipei Stock Exchange,Taiwan,,Taipei,,http://www.kingsinfo.com.tw,Nano Cap,TW0006240005,,BBG000BJ7KB1,BBG000BJ7JK4,BBG001S8G2X1,False
6241.TWO,Amigo Technology Inc.,"Amigo Technology Inc., an OEM/ODM company, provides various support services related to the design, manufacture, and after-sales service for networking and communication products. It offers Wi-Fi access points, such as enterprise indoor and ruggedized access points; and mesh routers. The company was founded in 1992 and is headquartered in Tainan City, Taiwan.",TWD,Information Technology,Technology Hardware & Equipment,Communications Equipment,TWO,ROCO,Taipei Stock Exchange,Taiwan,,Tainan City,709,http://www.amigo.com.tw,Nano Cap,TW0006241003,,BBG000MNY6D9,BBG000MNY5Y8,BBG001SKG5Y6,False
6242.TWO,"Li Kang Biomedical Co., Ltd.","Li Kang Biomedical Co., Ltd. is a company listed on the Taipei Stock Exchange under the ticker 6242. It operates in the Household & Personal Products industry within the Consumer Staples sector. The company is headquartered in Tainan City, Taiwan.",TWD,Consumer Staples,Household & Personal Products,,TWO,ROCO,Taipei Stock Exchange,Taiwan,,Tainan City,710,https://www.likangbio.com,Nano Cap,TW0006242001,,BBG000FSKC11,BBG000FSKBF8,BBG001SGYXK9,False
6244.TWO,Motech Industries Inc.,"Motech Industries Inc. researches, develops, manufactures, and sells solar products and services in Taiwan and internationally. It provides photovoltaic (PV) cells, PV modules, PV power systems, and PV inverters. The company was formerly known as Meter International Corporation. Motech Industries Inc. was founded in 1981 and is headquartered in New Taipei City, Taiwan.",TWD,Information Technology,Technology Hardware & Equipment,"Technology Hardware, Storage & Peripherals",TWO,ROCO,Taipei Stock Exchange,Taiwan,,New Taipei City,22204,http://www.motechsolar.com,Micro Cap,TW0006244007,,BBG000PL1PG1,BBG000PL1P26,BBG001SLF0L0,False
6245.TWO,Lanner Electronics Inc.,"Lanner Electronics Inc. provides design, engineering, and manufacturing services for advanced network appliances and rugged applied computing platforms for system integrators, service providers, and application developers worldwide. The company offers network appliances, such as modules and acceleration cards, white box hardware solutions, wide temperature network appliances, desktop network appliances, and rackmount network appliances; and telecom datacenter appliances consisting of cloud storage, HybridTCA, vCPE/uCPE, and video transport platforms, as well as modules and blades, and hyper-converged appliances. It also provides intelligent edge appliances, including DIN-Rail industrial gateway, edge AI appliance, embedded platform, intelligent video platform, rackmount industrial computer, rugged wireless gateway, vehicle gateway, and vehicle/rail computer; and extension modules comprising LTE radio modules. The company offers its products for use in various applications, such as network computing, telecommunication, transportation, power and energy, industrial automation, intelligent systems, software-defined wide area network, and edge AI applications. Lanner Electronics Inc. was founded in 1986 and is headquartered in New Taipei City, Taiwan.",TWD,Information Technology,Technology Hardware & Equipment,"Technology Hardware, Storage & Peripherals",TWO,ROCO,Taipei Stock Exchange,Taiwan,,New Taipei City,22184,http://www.lannerinc.com,Small Cap,TW0006245004,,BBG000PLL2Y0,BBG000PLL252,BBG001SLFQG9,False
6246.TWO,Taiwan Thick-Film Ind. Corp,"Taiwan Thick-Film Ind. Corp manufactures and sells transformers, backlight modules, light emitting diode (LED) light bars, and light guide plates in Taiwan. It offers back light modules, such as in-vehicle and industrial control, tablet series, NB series, and monitors; LCM assemblies; LED light bars for consumer electronics, industrial control, medical, military, automotive, and other applications; and automotive/new energy automotive electronics that include vehicle charging station main boards, vehicle charging indicator main boards, car door lock main boards, automotive control switches, anti-pinch window lift monitor main boards, and vehicle indicator light switches. The company also provides cultural and creative business unit that provides brand licensing, product image design, cross-industry alliances and strategic alliances, creative products, 3C-related products, daily necessities, and auto supplies. Taiwan Thick-Film Ind. Corp was founded in 1982 and is based in New Taipei City, Taiwan.",TWD,Information Technology,Technology Hardware & Equipment,"Electronic Equipment, Instruments & Components",TWO,ROCO,Taipei Stock Exchange,Taiwan,,New Taipei City,242,http://www.tai-lon.com,Nano Cap,TW0006246002,,BBG000NWQ6G4,BBG000NWQ629,BBG001SKZDN0,False
6247.TWO,Jazz Hipster Corporation,"Jazz Hipster Corporation researches, develops, manufactures, and sells audio speakers worldwide. It offers hi-fi and multi-room speakers; and earphone/mic products. The company markets its products under the JS brand. The company was founded in 1982 and is headquartered in New Taipei City, Taiwan.",TWD,Information Technology,Technology Hardware & Equipment,"Electronic Equipment, Instruments & Components",TWO,ROCO,Taipei Stock Exchange,Taiwan,,New Taipei City,235,http://www.jazzspeakers.com,Nano Cap,,,,,,False
6248.TWO,TMP Steel Corporation,"TMP Steel Corporation is a company listed on the Taipei Stock Exchange under the ticker 6248. It operates in the Metals & Mining industry within the Materials sector. The company is headquartered in Changhua, Taiwan.",TWD,Materials,Materials,Metals & Mining,TWO,ROCO,Taipei Stock Exchange,Taiwan,,Changhua,505029,https://www.tmpco.com.tw,Micro Cap,TW0006248008,,BBG000C4RG84,BBG000C4RFN9,BBG001SF10R2,False
6259.TWO,"Bull Will Co., Ltd.","Bull Will Co., Ltd. is a company listed on the Taipei Stock Exchange under the ticker 6259. It operates in the Electronic Equipment, Instruments & Components industry within the Information Technology sector. The company is headquartered in Taipei, Taiwan.",TWD,Information Technology,Technology Hardware & Equipment,"Electronic Equipment, Instruments & Components",TWO,ROCO,Taipei Stock Exchange,Taiwan,,Taipei,114,https://www.bullwill.com.tw,Nano Cap,TW0006259005,,BBG000PM8175,BBG000PM80M0,BBG001SLGPB5,False
6261.TWO,Youngtek Electronics Corporation,"Youngtek Electronics Corporation provides semiconductor back-end foundry services in Taiwan. The company engages in wafer testing, wafer grinding and cutting and die picking, IC product testing, special substrate cutting, test program development, platform conversion, engineering support, and valet shipping; and AOI automatic optical inspection of LED dies and VCSEL components, die picking inspection, visual inspection, and other post-process OEM activities. It also offers IC sorting and bonding; WLCSP die sorting packaging; label flip-chip binding; and die and LED bonding machines. The company was founded in 1991 and is headquartered in Hsinchu, Taiwan.",TWD,Information Technology,Semiconductors & Semiconductor Equipment,Semiconductors & Semiconductor Equipment,TWO,ROCO,Taipei Stock Exchange,Taiwan,,Hsinchu City,,http://www.ytec.com.tw,Small Cap,TW0006261001,,BBG000BBV5W1,BBG000BBV524,BBG001S60NC9,False
6263.TWO,Planet Technology Corporation,"Planet Technology Corporation is a company listed on the Taipei Stock Exchange under the ticker 6263. It operates in the Communications Equipment industry within the Information Technology sector. The company is headquartered in New Taipei City, Taiwan.",TWD,Information Technology,Technology Hardware & Equipment,Communications Equipment,TWO,ROCO,Taipei Stock Exchange,Taiwan,,New Taipei City,231,https://www.planet.com.tw,Small Cap,TW0006263007,,BBG000HNX3X1,BBG000HNX316,BBG001SHS6N0,False
6264.TWO,Kingland Property Corporation Ltd.,"Kingland Property Corporation Ltd. engages in the construction business. The company was formerly known as DSG Technology Co., Ltd. The company was founded in 1997 and is based in Taipei City, Taiwan.",TWD,Real Estate,Real Estate,Real Estate Management & Development,TWO,ROCO,Taipei Stock Exchange,Taiwan,,Taipei,110050,http://www.kingland.com.tw,Nano Cap,TW0006264005,,BBG000HNW0X8,BBG000HNVZY1,BBG001SHS6M1,False
6265.TWO,Kuen Chaang Uppertech Corp.,"Kuen Chaang Uppertech Corp. engages in the electronic component channel business in Taiwan. It is also involved in the semiconductor business. The company was founded in 1987 and is headquartered in New Taipei City, Taiwan.",TWD,Information Technology,Technology Hardware & Equipment,"Electronic Equipment, Instruments & Components",TWO,ROCO,Taipei Stock Exchange,Taiwan,,New Taipei City,231,http://www.kc-uppertech.com,Micro Cap,TW0006265002,,BBG000HN22G6,BBG000HN21M1,BBG001SHRW81,False
6266.TWO,Top Union Electronics Corp.,"Top Union Electronics Corp. is a company listed on the Taipei Stock Exchange under the ticker 6266. It operates in the Semiconductors & Semiconductor Equipment industry within the Information Technology sector. The company is headquartered in Hsinchu City, Taiwan.",TWD,Information Technology,Semiconductors & Semiconductor Equipment,Semiconductors & Semiconductor Equipment,TWO,ROCO,Taipei Stock Exchange,Taiwan,,Hsinchu City,300060,https://www.topunion.com.tw,Micro Cap,TW0006266000,,BBG000PS98D9,BBG000PS9867,BBG001SLQLY8,False
6270.TWO,Professional Computer Technology Limited,"Professional Computer Technology Limited is a company listed on the Taipei Stock Exchange under the ticker 6270. It operates in the Semiconductors & Semiconductor Equipment industry within the Information Technology sector. The company is headquartered in New Taipei City, Taiwan.",TWD,Information Technology,Semiconductors & Semiconductor Equipment,Semiconductors & Semiconductor Equipment,TWO,ROCO,Taipei Stock Exchange,Taiwan,,New Taipei City,221,https://www.pct.com.tw,Micro Cap,TW0006270002,,BBG000KVB8L5,BBG000KVB8B6,BBG001SJR8W3,False
6272.TWO,"Wieson Technologies Co., Ltd.","Wieson Technologies Co., Ltd. manufactures and sells interconnect components and wireless components. It offers I/O connectors, board mount connectors, card and socket connecters, connecters and cables, cable assemblies, optical fiber components, wires, wireless modules, automotive electronics, and LED lighting products, as well as antennas. The company was founded in 1990 and is headquartered in New Taipei City, Taiwan.",TWD,Information Technology,Technology Hardware & Equipment,"Electronic Equipment, Instruments & Components",TWO,ROCO,Taipei Stock Exchange,Taiwan,,New Taipei City,22146,http://www.wieson.com,Nano Cap,TW0006272008,,,,,True
6274.TWO,Taiwan Union Technology Corporation,"Taiwan Union Technology Corporation is a company listed on the Taipei Stock Exchange under the ticker 6274. It operates in the Electronic Equipment, Instruments & Components industry within the Information Technology sector. The company is headquartered in Zhubei, Taiwan.",TWD,Information Technology,Technology Hardware & Equipment,"Electronic Equipment, Instruments & Components",TWO,ROCO,Taipei Stock Exchange,Taiwan,,Zhubei,302045,https://www.tuc.com.tw,Large Cap,TW0006274004,,BBG000LLH1T7,BBG000LLH153,BBG001SK2B69,False
6275.TWO,Yen Sun Technology Corporation,"Yen Sun Technology Corporation is a company listed on the Taipei Stock Exchange under the ticker 6275. The company is headquartered in Kaohsiung, Taiwan.",TWD,,,,TWO,ROCO,Taipei Stock Exchange,Taiwan,,Kaohsiung,814017,https://www.ystech.com.tw,Micro Cap,TW0006275001,,BBG000NXZJG4,BBG000NXZHN0,BBG001SL0857,False
6276.TWO,Antec Inc.,"Antec Inc. engages in the manufacturing and selling of computer components and accessories for the gaming, PC upgrade, and do-it-yourself markets worldwide. It offers cases and power supply products, as well as cooling products, such as case fans, and CPU liquid and air coolers. The company was formerly known as Ming Jong Technologies Co., Ltd. Antec Inc. was founded in 1986 and is headquartered in Fremont, California.",TWD,Information Technology,Technology Hardware & Equipment,"Electronic Equipment, Instruments & Components",TWO,ROCO,Taipei Stock Exchange,United States,CA,Fremont,94538,http://www.antec.com,Nano Cap,TW0006276009,,BBG000L82SN9,BBG000L82RG9,BBG001SJXN53,False
6279.TWO,Hu Lane Associate Inc.,"Hu Lane Associate Inc. is a company listed on the Taipei Stock Exchange under the ticker 6279. It operates in the Auto Components industry within the Consumer Discretionary sector. The company is headquartered in New Taipei City, Taiwan.",TWD,Consumer Discretionary,Automobiles & Components,Auto Components,TWO,ROCO,Taipei Stock Exchange,Taiwan,,New Taipei City,221010,https://www.hulane.com.tw,Small Cap,TW0006279003,,BBG000L828C5,BBG000L82755,BBG001SJXMY3,False
6284.TWO,"INPAQ Technology Co., Ltd.","INPAQ Technology Co., Ltd. provides circuit protection components and antenna products for computing, communication, consumer electronics, and automotive electronics primarily in Taiwan, China, Korea, and North America. It offers RF antennas, such as patch, active, chip, dipole, NFC, RFID, and customized antennas, as well as automotive, wireless power charger, module system, and LTC technology products. The company also provides SMD metal oxide varistor, ESD, transient voltage suppressor, and multilayer varistor; chip ferrite bead and common mode filter; and power, general circuits, and high frequency inductors. Its products are used in phones, tablets, NBs, TVs, and set top boxes, as well as automotive and network applications. INPAQ Technology Co., Ltd. was founded in 1998 and is headquartered in Miaoli, Taiwan.",TWD,Information Technology,Technology Hardware & Equipment,"Electronic Equipment, Instruments & Components",TWO,ROCO,Taipei Stock Exchange,Taiwan,,Miaoli,35059,http://www.inpaq.com.tw,Small Cap,TW0006284003,,BBG000LL9697,BBG000LL95S8,BBG001SK28N7,False
6290.TWO,Longwell Company,"Longwell Company, together with its subsidiaries, produces and sells electronic components and cable products in Taiwan, China, the United States, Japan, and internationally. The company offers power cords for various applications, such as computers, telecommunications, consumer electronics, and home appliances; and electronic wires and cables, insulation tubes, and heat-shrinkable tubes for use in computers, home appliances, telecommunications, and other electronics products. It also provides cable assemblies for various market sectors, including computer, communication, and consumer electronic and networking industries; connectors primarily for mobile devices, computers, and GPS; wire, AC, and DC halogen free products; and USB output, desk top, car, and wireless chargers, as well as interchangeable plugs, AC and wall-mount adapters, EV charging units, and mechanical components and plastic parts. In addition, the company offers a range of support services. Longwell Company was founded in 1972 and is headquartered in Taipei City, Taiwan.",TWD,Industrials,Capital Goods,Electrical Equipment,TWO,ROCO,Taipei Stock Exchange,Taiwan,,Taipei,104,http://www.longwell.com,Small Cap,TW0006290000,,BBG000LJLG50,BBG000LJLDZ4,BBG001SK1CT3,False
6291.TWO,Analog Integrations Corporation,"Analog Integrations Corporation, a fabless IC company, designs, manufactures, tests, and markets analog integrated circuits in Taiwan and internationally. The company offers power conversion products, including low and ultra-low dropout linear regulators, DDR regulators, and voltage references; DC/DC converters for high power and portable applications; and LED backlights and lighting solutions. It also provides power management products, such as USB and regulatory USB power switches, and bare-bone USB switches; supervisory products; and NiMH/NiCd battery chargers, Li-ion battery protection products, and high current drivers. Its products are used in 3C applications in the areas of LCD TV, DSC, mobile phone, MP3, PMP, etc. Analog Integrations Corporation was founded in 1992 and is headquartered in Hsinchu, Taiwan.",TWD,Information Technology,Semiconductors & Semiconductor Equipment,Semiconductors & Semiconductor Equipment,TWO,ROCO,Taipei Stock Exchange,Taiwan,,Hsinchu City,300,http://www.analog.com.tw,Small Cap,TW0006291008,,BBG000DQQH83,BBG000DQQH10,BBG001SGHJL8,False
6292.TWO,Axis Corporation,"Axis Corporation is a company listed on the Taipei Stock Exchange under the ticker 6292. It operates in the Electrical Equipment industry within the Industrials sector. The company is headquartered in Taoyuan City, Taiwan.",TWD,Industrials,Capital Goods,Electrical Equipment,TWO,ROCO,Taipei Stock Exchange,Taiwan,,Taoyuan City,333,https://www.axis.com.tw,Micro Cap,TW0006292006,,BBG000LJMRJ0,BBG000LJMQD8,BBG001SK1D75,False
6294.TWO,"Tekom Technologies, Inc","Tekom Technologies, Inc provides tutoring services in Taiwan. It offers national examination, correspondence, double-effect, and travel teaching products and services. The company is based in Tainan, Taiwan.",TWD,Information Technology,Technology Hardware & Equipment,"Electronic Equipment, Instruments & Components",TWO,ROCO,Taipei Stock Exchange,Taiwan,,Tainan,,http://www.tekom.com.tw,Nano Cap,TW0006294002,,BBG000GS2LP4,BBG000GS2L83,BBG001SHDLJ8,False
6403.TWO,AcSiP Technology Corp.,"AcSiP Technology Corp., an Internet of Things solution company, provides wireless communication services and solutions in Taiwan. The company offers wireless connectivity solutions, including Bluetooth, NFC, Zigbee, GPS, 2G, 4G, and IoT-Wi-Fi and loT-LoRa products, as well as development kits. It also provides system integration and size shrinkage services. AcSiP Technology Corp. was founded in 2009 and is based in New Taipei City, Taiwan.",TWD,Information Technology,Technology Hardware & Equipment,Communications Equipment,TWO,ROCO,Taipei Stock Exchange,Taiwan,,New Taipei City,23805,http://www.acsip.com.tw,Nano Cap,TW0006403009,,,,,True
6407.TWO,"Mutual-Tek Industries Co., Ltd.","Mutual-Tek Industries Co., Ltd. is a company listed on the Taipei Stock Exchange under the ticker 6407. It operates in the Electronic Equipment, Instruments & Components industry within the Information Technology sector. The company is headquartered in New Taipei City, Taiwan.",TWD,Information Technology,Technology Hardware & Equipment,"Electronic Equipment, Instruments & Components",TWO,ROCO,Taipei Stock Exchange,Taiwan,,New Taipei City,242,https://www.mutualtek.com,Micro Cap,TW0006407000,,BBG004CFR399,BBG000QS2B02,BBG001SSJCB6,False
6411.TWO,Amazing Microelectronic Corp.,"Amazing Microelectronic Corp. provides electrostatic discharge (ESD) protection related solutions in Taiwan. It offers ESD solutions for use in industrial, automotive, and LCM panel, as well as IPC, and DVR and medical electronics applications; and EMI filters for use in LCD/camera display, multimedia card/secure digital memory card, and keypad products of mobile phones and hand held portable devices. It also provides analog switches for video, LAN, Bus, and USB applications; HDMI re-drivers and switches; and RS485/RS232 interface IC solutions for industrial and medical process control, automobile electronics, monitoring system, and building automation networks. The company was incorporated in 2006 and is headquartered in New Taipei City, Taiwan.",TWD,Information Technology,Semiconductors & Semiconductor Equipment,Semiconductors & Semiconductor Equipment,TWO,ROCO,Taipei Stock Exchange,Taiwan,,New Taipei City,235,http://www.amazingic.com.tw,Micro Cap,TW0006411002,,BBG003QG3N50,BBG003QG3N14,BBG003QG3N87,False
6417.TWO,"Securitag Assembly Group Co., Ltd.","Securitag Assembly Group Co., Ltd. manufactures and sells RFID transponders in Taiwan and internationally. It offers cards; keyfobs; tags; and NFC sensor-enabled tag products, as well as metal, non-metal, NFC, tamper proof, and rain RFID labels. The company also provides value-added services, such as thermal transfer printing or encoding on used chips. It serves clients in access control, healthcare, automation, logistic, industrial, entertainment, and NFC markets. Securitag Assembly Group Co., Ltd. was founded in 1999 and is based in Taichung, Taiwan.",TWD,Information Technology,Technology Hardware & Equipment,Communications Equipment,TWO,ROCO,Taipei Stock Exchange,Taiwan,,Taichung,41280,http://www.sag.com.tw,Micro Cap,TW0006417009,,BBG0046XG7G2,BBG000QJY181,BBG001T7DN05,False
6418.TWO,"Y-S Electronic Co., Ltd.","Y-S Electronic Co., Ltd. is a company listed on the Taipei Stock Exchange under the ticker 6418. It operates in the Electronic Equipment, Instruments & Components industry within the Information Technology sector. The company is headquartered in Taoyuan City, Taiwan.",TWD,Information Technology,Technology Hardware & Equipment,"Electronic Equipment, Instruments & Components",TWO,ROCO,Taipei Stock Exchange,Taiwan,,Taoyuan City,320,https://www.yselec.com.tw,Nano Cap,TW0006418007,,BBG003QS93G0,BBG003QS93D3,BBG003QS93H9,False
6419.TWO,NUUO Inc.,"NUUO Inc. provides surveillance solutions for recording, monitoring, and third party solution integration for IP and analog cameras in Taiwan and internationally. Its NUUO Crystal Family solutions, such as NUUO NuStation, a Linux enterprise solution; NUUO Titan Pro, a Linux-based VMS solution; NUUO Network Storage solution for surveillance applications; and NUUO Crystal, a VMS solution. The company's NUUO Mainconsole Family solutions include NUUO central management system to manage large scale installations and alarms; NUUO Mainconsole, a NUUO PC based video recording server; NUUO Hybrid Appliance solution to choose a pure DVR, pure NVR, or a hybrid system; NUUO NVRmini 2 and NUUO NVRmini 3 portable NVR solutions; NUUO intelligent video surveillance solution; NUUO IP Appliance solution that provides integration between older and newer types of cameras; NUUO Report Service, which visualizes the people counting data into various graphic types; NUUO NVRSolo_Plus, a Linux embedded standalone solution; and NUUO IVS, a video analytics solution. It also offers NUUO Point of Sale (POS) solution that connects surveillance video with transaction data from POS and ATM; NUUO Facial recognition solution that connects surveillance videos with NUUO Nuface software; NUUO license plate recognition (LPR) solution, which connects surveillance videos with third party LPR solutions; and NUUO Access Control solution that connects surveillance video with access control systems from third party partners. In addition, the company offers NUUO iViewer solution to remotely monitor live video from security cameras; NUUO software development kit; NUUO Temperature Monitoring Panel; NUUO thermal detection solution; IP cameras; VZIII, a retail analytics system; and accessories. It serves retail, transportation, industrial, educational, banking, hospitality, and home markets, as well as government. NUUO Inc. was founded in 2004 and is headquartered in New Taipei City, Taiwan.",TWD,Industrials,Commercial & Professional Services,Commercial Services & Supplies,TWO,ROCO,Taipei Stock Exchange,Taiwan,,New Taipei City,235,http://www.nuuo.com,Micro Cap,TW0006419005,,BBG004GW58Z2,BBG004GW58X4,BBG004GW5908,False
6425.TWO,Easy Field Corporation,"Easy Field Corporation is a company listed on the Taipei Stock Exchange under the ticker 6425. It operates in the Machinery industry within the Industrials sector. The company is headquartered in Taoyuan City, Taiwan.",TWD,Industrials,Capital Goods,Machinery,TWO,ROCO,Taipei Stock Exchange,Taiwan,,Taoyuan City,320,https://www.efctw.com/index.php?route=common/home,Micro Cap,TW0006425002,,BBG004XBH9Y5,BBG004XBH9V8,BBG004XBH9W7,False
6428.TWO,"Taiwan Taomee Co., Ltd.","Taiwan Taomee Co., Ltd. provides online gaming services in Taiwan. Taiwan Taomee Co., Ltd. was founded in 2009 and is based in Taipei City, Taiwan.",TWD,Communication Services,Media & Entertainment,Entertainment,TWO,ROCO,Taipei Stock Exchange,Taiwan,,Taipei City,,http://www.61.com.tw,Nano Cap,TW0006428006,,BBG00579CXX9,BBG00579CXV1,BBG00579CXT4,False
6432.TWO,Arlitech Electronic Corp.,"Arlitech Electronic Corp. supplies inductors for LCD panel industry in Taiwan. It offers high current power, SMD power, DIP power, and RF inductors, as well as automotive grade and EMI suppression filters. The company also provides business items; cooling materials, such as graphene papers, thermal conductivity die-casting aluminum alloy, and graphene coating; and thermal solution designs. Its products are used in the display panel, network, industrial, entertainment, storage device, and computer applications. The company was incorporated in 2001 and is headquartered in New Taipei City, Taiwan.",TWD,Information Technology,Technology Hardware & Equipment,"Electronic Equipment, Instruments & Components",TWO,ROCO,Taipei Stock Exchange,Taiwan,,New Taipei City,,http://www.arlitech.com.tw,Micro Cap,TW0006432008,,BBG006NJ3R42,BBG006NJ3R15,BBG006NJ3R24,False
6434.TWO,TacBright Optronics Corp.,"TacBright Optronics Corporation researches, develops, manufactures, and sells triacetate cellulose (TAC) films. It offers TAC films for protective film in liquid crystal displays (LCDs), as well as for sunglasses, photographic equipment filters, anti-glare goggles, car navigation, other polarizing microscopes, special medical glasses, and other purposes. The company serves LCD polarizer manufacturers in Taiwan, South Korea, Japan, and Mainland China. TacBright Optronics Corporation was founded in 2006 and is based in Miaoli, Taiwan.",TWD,Materials,Materials,Chemicals,TWO,ROCO,Taipei Stock Exchange,Taiwan,,Miaoli,,http://www.tacbright.com,Micro Cap,TW0006434004,,BBG005JWXTT6,BBG004XFF1L9,BBG004XFF1M8,False
6435.TWO,"Sinopower Semiconductor, Inc.","Sinopower Semiconductor, Inc. operates as a fabless IC design company in Taiwan. The company designs, markets, and sells power discrete devices, including MOSFET and IGBT; and high voltage power ICs. The company's products are used in various applications, such as computers comprising PCs and servers, as well as power suppliers, communication equipment, handheld devices, consumer products, industrials, etc. Sinopower Semiconductor, Inc. was founded in 2008 and is headquartered in Hsinchu, Taiwan.",TWD,Information Technology,Semiconductors & Semiconductor Equipment,Semiconductors & Semiconductor Equipment,TWO,ROCO,Taipei Stock Exchange,Taiwan,,Hsinchu City,30078,http://www.sinopowersemi.com,Small Cap,TW0006435001,,BBG005NRHZ34,BBG005NRHZ07,BBG005NRHZ16,False
6441.TWO,Ibase Gaming Inc.,"Ibase Gaming Inc. designs, develops, manufactures, and sells gaming systems worldwide. It offers gaming solutions for lottery terminals, kiosks, and casino slots. The company also provides OEM and turnkey ODM solutions for terminals, cabinets, class leading PC hardware, and gaming support peripherals. Ibase Gaming Inc. was founded in 2011 and is based in New Taipei City, Taiwan.",TWD,Information Technology,Semiconductors & Semiconductor Equipment,Semiconductors & Semiconductor Equipment,TWO,ROCO,Taipei Stock Exchange,Taiwan,,New Taipei City,221,http://www.ibasegaming.com,Nano Cap,TW0006441009,,BBG005MQ7053,BBG005MQ7026,BBG005MQ7035,False
6446.TWO,PharmaEssentia Corporation,"PharmaEssentia Corporation engages in the research, development, production, and sale of therapeutic products for the treatment of human diseases. Its products include ropeginterferon alfa-2b that is used for the treatment of polycythemia vera, essential thrombocythemia, and hepatitis B and C; and Anti-PD-1 antibody for the treatment of cancer. The company also licensed to develop Oraxol for the treatment of breast, advanced gastric, and esophageal cancer; KX01 for the treatment of psoriasis and actinic keratosis. It also focuses on the drug research and development programs in the areas of hematology, infectious disease, oncology, and dermatology. The company has a research collaboration agreement with Axis Therapeutics Limite for the development of T Cell Receptor-T therapy based on the T cell receptor affinity enhancing specific T cell therapy technology platform. PharmaEssentia Corporation was founded in 2003 and is headquartered in Taipei, Taiwan.",TWD,Health Care,"Pharmaceuticals, Biotechnology & Life Sciences",Biotechnology,TWO,ROCO,Taipei Stock Exchange,Taiwan,,Taipei,115,http://www.pharmaessentia.com,Small Cap,,,,,,False
6457.TWO,Hycon Technology Corporation,"Hycon Technology Corporation designs, produces, and sells mixed signal microcontroller units, and battery management and touch panel ICs in Taiwan and China. The company offers battery management ICs, such as single cell and multi-cell, and secondary protectors, as well as balance ICs and gas gauges; mixed signal microcontroller units, including microcontroller units, data converters, digital multi-function meters, AC impedance measurement, sensor signal conditioners, low-dropout voltage regulators, LCD controllers and drivers, and application specific standard parts; and capacitive touch ICs. Its products are used in no-switch electronic scale, blood pressure monitor, PIR detector, digital multi-meter, and touch panel applications. The company provides its products under the HYCON brand name. Hycon Technology Corporation was founded in 2007 and is headquartered in Taipei City, Taiwan.",TWD,Information Technology,Semiconductors & Semiconductor Equipment,Semiconductors & Semiconductor Equipment,TWO,ROCO,Taipei Stock Exchange,Taiwan,,Taipei,11164,http://www.hycontek.com,Micro Cap,TW0006457005,,,,,True
6461.TWO,Intech Biopharm Corporation,"Intech Biopharm Corporation focuses on developing and manufacturing generic drugs to treat respiratory diseases. It owns iLEF (inhaled low ethanol formulation), a metered dose inhaler platform to treat asthma and chronic pulmonary obstructive disease; and dry powder inhaler. The company offers its products under the SYN006, SYN010, SYN007, Synflutide, Duasma, Synvent, and SYN011 names. Intech Biopharm Corporation is headquartered in Taipei, Taiwan.",TWD,Health Care,"Pharmaceuticals, Biotechnology & Life Sciences",Biotechnology,TWO,ROCO,Taipei Stock Exchange,Taiwan,,Taipei,114,http://www.intechbiopharm.com,Micro Cap,TW0006461007,,BBG006S3TQF4,BBG006S3TQB8,BBG006S3TQC7,False
6462.TWO,Egis Technology Inc.,"Egis Technology Inc. engages in the IC design, research, development, testing, and sale of capacitive fingerprint sensors worldwide. It offers universal 2nd factor fingerprint dongle and mobile authentication solutions, and wearable devices. The company was founded in 2007 and is headquartered in Taipei, Taiwan.",TWD,Information Technology,Software & Services,Software,TWO,ROCO,Taipei Stock Exchange,Taiwan,,Taipei,11492,http://www.egistec.com,Micro Cap,TW0006462005,,BBG006NJ3V43,BBG000MFKXJ6,BBG001T4R6X8,False
6465.TWO,ATrack Technology Inc.,"ATrack Technology Inc. designs, develops, manufactures, and sells GPS telematics hardware in Taiwan and internationally. It offers hardwired fleet tracking devices, plug and play GPS tracking units, and IP rated tracking devices, as well as accessories. The company's products are used in cars, trucks, containers and non-powered assets, trailers, and motorcycles. ATrack Technology Inc. was founded in 2010 and is headquartered in Taipei City, Taiwan.",TWD,Information Technology,Technology Hardware & Equipment,Communications Equipment,TWO,ROCO,Taipei Stock Exchange,Taiwan,,Taipei,11493,http://www.atrack.com.tw,Micro Cap,TW0006465008,,BBG006R6RFZ2,BBG006R6RFX4,BBG006R6RFW5,False
6468.TWO,Netmarble Joybomb Inc.,"Netmarble Joybomb Inc. develops and publishes mobile, PC, and console games in Taiwan, Hong Kong, and Macau. The company was formerly known as JoyBomb Entertainment Technology Co., Ltd. and changed its name to Netmarble Joybomb Inc. in December 2014. Netmarble Joybomb Inc. was founded in 2012 and is headquartered in Taipei, Taiwan.",TWD,Communication Services,Media & Entertainment,Interactive Media & Services,TWO,ROCO,Taipei Stock Exchange,Taiwan,,Taipei,11493,http://www.joybomb.com.tw,Nano Cap,,,,,,False
6469.TWO,"Great Tree Pharmacy Co., Ltd.","Great Tree Pharmacy Co., Ltd. is a company listed on the Taipei Stock Exchange under the ticker 6469. It operates in the Pharmaceuticals industry within the Health Care sector. The company is headquartered in Taoyuan City, Taiwan.",TWD,Health Care,"Pharmaceuticals, Biotechnology & Life Sciences",Pharmaceuticals,TWO,ROCO,Taipei Stock Exchange,Taiwan,,Taoyuan City,330046,https://www.greattree.com.tw,Micro Cap,TW0006469000,,BBG007SMKJM7,BBG007SMKJJ1,BBG007SMKJL8,False
6470.TWO,"U-MEDIA Communications, Inc.","U-MEDIA Communications, Inc. is a company listed on the Taipei Stock Exchange under the ticker 6470. It operates in the Communications Equipment industry within the Information Technology sector. The company is headquartered in Hsinchu, Taiwan.",TWD,Information Technology,Technology Hardware & Equipment,Communications Equipment,TWO,ROCO,Taipei Stock Exchange,Taiwan,,Hsinchu,300,https://www.u-media.com.tw,Micro Cap,TW0006470008,,BBG0074BLQZ6,BBG0074BLQV0,BBG0074BLQX8,False
6472.TWO,"Bora Pharmaceuticals Co., LTD.","Bora Pharmaceuticals Co., LTD. engages in the research, development, production, marketing, sale, and distribution of pharmaceutical products worldwide. It manufactures and sells generic, brand, and over-the-counter (OTC) drugs. The company is involved in contract development and manufacturing; consumer healthcare and OTC; and prescription drugs businesses. It also provides clinical and commercial manufacturing services, including solvent manufacturing; solid and liquid dosage forms; extrusion spheronization; immediate and extended release; core, sugar-coated, and film-coated tablets; fixed-dose combination products; and granules, and liquids sachet/stick pack filling. In addition, the company offers pharmaceutical development services, such as liquid and solid dosage forms, and immediate and modified release, analytical method development and validation; packaging and serialization services, which include bottle and blister packaging, and sachets; and raw materials and finished products testing, and analytical techniques services, as well as method verification, validation, and transfer. Further, it provides OTC medicines, foods and vitamins supplements; and skincare products. Additionally, the company also offers market analysis, drug and regulatory related services, price development, GDP warehousing, distribution, packaging, marketing planning, and sales services. The company's sales and distribution network comprises medical centers, hospitals, clinics, pharmacies, drug stores, CVS, and specialty channels. Bora Pharmaceuticals Co., LTD. was founded in 2007 and is based in Taipei, Taiwan.",TWD,Health Care,"Pharmaceuticals, Biotechnology & Life Sciences",Pharmaceuticals,TWO,ROCO,Taipei Stock Exchange,Taiwan,,Taipei,114,http://www.bora-corp.com,Small Cap,,,,,,False
6473.TWO,"meimaii Technology Co., Ltd","meimaii Technology Co., Ltd operates as a social, Web, and mobile game publisher. The company also provides live streaming service; and content production/licensing services. It operates in Taiwan, Hong Kong, Macao, Japan, Thailand, and the rest of Asia. The company was founded in 2010 and is based in New Taipei City, Taiwan.",TWD,Communication Services,Media & Entertainment,Entertainment,TWO,ROCO,Taipei Stock Exchange,Taiwan,,New Taipei City,235,http://www.snsplus.com,Nano Cap,TW0006473002,,BBG007N34QV6,BBG007N34QS0,BBG007N34QR1,False
6474.TWO,WFE Technology Corp.,"WFE Technology Corp. manufactures and sells electrical products primarily in Taiwan. It offers power integration products; and circuit protection products, CO and outside plant products, connectors, diodes, encoders, LED shunt protectors, magnetic products, microelectronic modules, position sensors, potentiometers, resistive products, switches, transistors and thyristors, trimpot trimming potentiometers, pro audio products, and automotive products. The company also provides quartz oscillators and microchips. The company was founded in 1992 and is based in Taichung, Taiwan.",TWD,Information Technology,Technology Hardware & Equipment,"Electronic Equipment, Instruments & Components",TWO,ROCO,Taipei Stock Exchange,Taiwan,,Taichung City,40457,http://www.wfe.com.tw,Micro Cap,TW0006474000,,BBG00JVYD3F2,BBG00HBPVGG7,BBG00HBPVGH6,False
6475.TWO,"Assem Technology Co., Ltd","Assem Technology Co., Ltd engages in the development, manufacture, and sale of board-to-board and flexible printed circuit board connectors in Taiwan. It also offers board to board battery and USB type C connectors. The company was founded in 2001 and is based in New Taipei City, Taiwan.",TWD,Information Technology,Technology Hardware & Equipment,"Electronic Equipment, Instruments & Components",TWO,ROCO,Taipei Stock Exchange,Taiwan,,New Taipei City,236,http://www.assem.com.tw,Nano Cap,,,,,,False
6482.TWO,"Fun Yours Technology Co.,Ltd.","Fun Yours Technology Co.,Ltd. develops online and PC games. It provides role-playing, real-time strategy, action, and puzzle games. The company was founded in 1993 and is based in Taichung, Taiwan.",TWD,Communication Services,Media & Entertainment,Entertainment,TWO,ROCO,Taipei Stock Exchange,Taiwan,,Taichung,403,http://www.fy.com.tw,Nano Cap,TW0006482003,,BBG007GV0N43,BBG007GV0N16,BBG007GV0N25,False
6483.TWO,"Original BioMedicals Co., Ltd.","Original BioMedicals Co., Ltd. is a company listed on the Taipei Stock Exchange under the ticker 6483. It operates in the Pharmaceuticals industry within the Health Care sector. The company is headquartered in Taipei, Taiwan.",TWD,Health Care,"Pharmaceuticals, Biotechnology & Life Sciences",Pharmaceuticals,TWO,ROCO,Taipei Stock Exchange,Taiwan,,Taipei,744092,https://www.i-obm.com/English_Version/index.aspx,Nano Cap,TW0006483001,,BBG007QV2736,BBG0072GN7L2,BBG0072GN7M1,False
6485.TWO,"ASolid Technology Co., Ltd.","ASolid Technology Co., Ltd. operates as a NAND flash controller provider in Taiwan. It offers SD/microSD controllers, USB flash drive controllers, eMMC controllers, and SSD and UFD controllers. The company was founded in 2008 and is based in Hsinchu, Taiwan.",TWD,Information Technology,Technology Hardware & Equipment,"Technology Hardware, Storage & Peripherals",TWO,ROCO,Taipei Stock Exchange,Taiwan,,Hsinchu City,300,http://www.asolid-tek.com,Micro Cap,TW0006485006,,BBG0078V8YS4,BBG0078V8YP7,BBG0078V8YQ6,False
6486.TWO,Interactive Digital Technologies Inc.,"Interactive Digital Technologies Inc. is a company listed on the Taipei Stock Exchange under the ticker 6486. It operates in the Software industry within the Information Technology sector. The company is headquartered in New Taipei City, Taiwan.",TWD,Information Technology,Software & Services,Software,TWO,ROCO,Taipei Stock Exchange,Taiwan,,New Taipei City,24890,https://www.idtech.com.tw,Micro Cap,TW0006486004,,BBG007G3W932,BBG007G3W905,BBG007G3W914,False
6488.TWO,"GlobalWafers Co., Ltd.","GlobalWafers Co., Ltd., together with its subsidiaries, researches, designs, develops, and manufactures, semiconductor ingots and wafers in Taiwan and internationally. It offers silicon wafer and ingots; and annealed, diffusion, epitaxial, compound, polished, and SOI wafers. The company was founded in 2011 and is based in Hsinchu, Taiwan. GlobalWafers Co., Ltd. operates as a subsidiary of Sino-American Silicon Products Inc.",TWD,Information Technology,Semiconductors & Semiconductor Equipment,Semiconductors & Semiconductor Equipment,TWO,ROCO,Taipei Stock Exchange,Taiwan,,Hsinchu City,30075,http://www.sas-globalwafers.com,Large Cap,TW0006488000,,BBG007D2WSJ8,BBG007D2WSF2,BBG007D2WSH0,False
6492.TWO,"Senhwa Biosciences, Inc.","Senhwa Biosciences, Inc., a clinical-stage biopharmaceutical company, identifies and develops therapies for the treatment of cancer. The company is developing CX-4945 that is in phase I/II clinical trial in combination with gemcitabine plus cisplatin for the treatment of patients with cholangiocarcinoma; CX-5461 AU, a phase I, open-label, dose escalation, safety, pharmacokinetic, and pharmacodynamics study of intravenously administered CX-5461 in patients with advanced hematologic malignancies; and CX-5461 CA, which is in phase I clinical trial in patients with solid tumors and breast cancer. It is also developing CX-4945-07, which is in phase I clinical trial, multi-center, open-label, treatment duration increment, expansion, safety, and pharmacodynamic study of CX-4945 administered orally twice daily to patients with advanced basal cell carcinoma; and CX-4945 PBTC-053, a pediatric brain tumor consortium that is in phase I/II clinical trial and surgical study of CX-4945 in patients with recurrent SHH medulloblastoma. The company was founded in 2012 and is headquartered in New Taipei City, Taiwan.",TWD,Health Care,"Pharmaceuticals, Biotechnology & Life Sciences",Biotechnology,TWO,ROCO,Taipei Stock Exchange,Taiwan,,New Taipei City,23143,http://www.senhwabio.com,Micro Cap,TW0006492002,,BBG007LX9HL8,BBG007LX9HH3,BBG007LX9J98,False
6493.TWO,Ttbio Corp.,"Ttbio Corp. manufactures and sells medical instruments under the TTBIO brand name in Taiwan and internationally. The company offers high and low speed hand piece products, dental spare parts, service rotors, maintenance units, and electric hand piece systems. It also provides precision machined parts and components to various industries, including medical, automotive, aerospace, computer components, security, maintenance parts, and custom machining. The company was founded in 2012 and is based in Taichung, Taiwan.",TWD,Health Care,Health Care Equipment & Services,Health Care Equipment & Supplies,TWO,ROCO,Taipei Stock Exchange,Taiwan,,Taichung,40755,http://www.ttbio.com,Nano Cap,TW0006493000,,BBG007TDMZL9,BBG007TDMZH4,BBG007TDMZJ2,False
6494.TWO,"Nyquest Technology Co., Ltd.","Nyquest Technology Co., Ltd. researches, designs, and sells integrated circuits (ICs). The company provides voice synthesizer ICs, 4-bit microcontrollers with voice/MIDI products, 8-bit microcontrollers, motor drivers, and other products. It offers LED control and drive, speech, and multi-channel speech/melody ICs; 8-Bit OTP MCU for home appliances; 8-bit MCU with LCD drivers; audio power amplifier ICs, low power LCD driver IC, high power motor driver ICs, 4-bit MCU with touch-keys and LED controllers, and 4-Bit MCU with universal remote controllers; and 32-bit MCUs. In addition, the company provides hardware and software development tools. The company offers its products through agents in Taiwan, Japan, Mainland China, Europe, Hong Kong, and the United States. Nyquest Technology Co., Ltd. was founded in 2006 and is headquartered in Hsinchu City, Taiwan.",TWD,Information Technology,Semiconductors & Semiconductor Equipment,Semiconductors & Semiconductor Equipment,TWO,ROCO,Taipei Stock Exchange,Taiwan,,Hsinchu City,30059,http://www.nyquest.com.tw,Micro Cap,TW0006494008,,BBG007QVY8N7,BBG007QVY8K0,BBG007QVY8L9,False
6495.TWO,Nanoplus Ltd.,"Nanoplus Ltd. engages in the production, purification, grading, and development of nano diamond powder. The company is also involved in the research and development, and production of thermal materials for thermal dissipation. In addition, it offers environmental wastewater treatment. Further, the company provides laser processing technology solutions. The company was founded in 2011 and is headquartered in Taipei City, Taiwan.",TWD,Materials,Materials,Chemicals,TWO,ROCO,Taipei Stock Exchange,Taiwan,,Taipei City,114,http://www.nanoplustech.com,Nano Cap,,,,,,False
6496.TWO,Excelsior Biopharma Inc.,"Excelsior Biopharma Inc. develops pharmaceutical products in Taiwan. The company offers prescription drugs, over-the-counter drugs, medical devices, healthcare food products, medical supplies, and skin products. It provides its products for the therapeutic areas, such as pediatrics, gastroenterology, neurology, cardiology, dermatology, medical toxicology, dentistry, obstetrics and gynecology, anesthesiology, orthopedics, neonatology, oncology, pulmonary medicine, nephology, and others, etc. The company also offers test kits under the Actim name to detect inflected C-reactive protein, influenza virus, colorectal cancer, acute pancreatitis, preterm birth, and early water-breaking. In addition, it provides oral care products, including oral cleansing toothpaste, mouthwash and gel; and health food and cosmetic products. Excelsior Biopharma Inc. also exports its products. The company was formerly known as Excelsior Enterprise Co., Ltd. Excelsior Biopharma Inc. was founded in 1988 and is headquartered in Taipei City, Taiwan.",TWD,Health Care,"Pharmaceuticals, Biotechnology & Life Sciences",Pharmaceuticals,TWO,ROCO,Taipei Stock Exchange,Taiwan,,Taipei,,http://www.excelsiorgroup.com.tw,Nano Cap,TW0006496003,,BBG007QK0PD1,BBG007QK0PB3,BBG007QK0P96,False
6498.TWO,Powertip Image Corp,"Powertip Image Corp engages in the manufacture of electronic components and optical instruments Taiwan and China. The company offers cellphone, NB, optical touch panel, LED illumination, and optical fiber lenses. It also provides PC and Web camera lenses. Powertip Image Corp was founded in 2003 and is headquartered in Taichung, Taiwan.",TWD,Information Technology,Technology Hardware & Equipment,"Electronic Equipment, Instruments & Components",TWO,ROCO,Taipei Stock Exchange,Taiwan,,Taichung,407,http://www.ptic.com.tw,Micro Cap,TW0006498009,,BBG007YX1VW9,BBG007YX1VS4,BBG007YX1VT3,False
6499.TWO,"Medeon Biodesign, Inc.","Medeon Biodesign, Inc. develops and markets medical device solutions in Taiwan. It focuses on developing devices for minimally invasive surgeries, such as Duett, a vascular graft system; ClickClean, a solution to view throughout laparoscopic surgeries; AbClose to prevent port site herniation caused by improper closure; Mercury to widen the narrowed prostatic urethra tissue creating an open urethral lumen for normal urinary flow; PUMA, a solution to treat orthopedic extremity injuries; and Cross-Seal, a large-bore closure device. The company was founded in 2012 and is headquartered in Taipei, Taiwan.",TWD,Health Care,Health Care Equipment & Services,Health Care Equipment & Supplies,TWO,ROCO,Taipei Stock Exchange,Taiwan,,Taipei,11170,http://www.medeonbio.com,Micro Cap,TW0006499007,,BBG007NPQT83,BBG007NPQT56,BBG007NPQT65,False
6506.TWO,Shuang-Bang Industrial Corp.,"Shuang-Bang Industrial Corp. is a company listed on the Taipei Stock Exchange under the ticker 6506. It operates in the Chemicals industry within the Materials sector. The company is headquartered in Nantou City, Taiwan.",TWD,Materials,Materials,Chemicals,TWO,ROCO,Taipei Stock Exchange,Taiwan,,Nantou City,540,https://www.shuang-bang.com,Nano Cap,TW0006506009,,BBG000MNL4S2,BBG000MNL3Z6,BBG001SKG353,False
6508.TWO,Huikwang Corporation,"Huikwang Corporation manufactures and sells agrochemical in Taiwan and China. It offers insecticides, fungicides, herbicides, miticides, surfactants, and attractants for use in crop protection. The company was founded in 1965 and is based in Tainan, Taiwan.",TWD,Materials,Materials,Construction Materials,TWO,ROCO,Taipei Stock Exchange,Taiwan,,Tainan City,72152,http://www.huikwang.com,Micro Cap,TW0006508005,,BBG000NQBKR0,BBG000NQBJT1,BBG001SKVXR6,False
6509.TWO,"Taiwan Hopax Chems.Mfg.Co.,Ltd.","Taiwan Hopax Chems.Mfg.Co.,Ltd. produces and sells diversified chemical products in the areas of specialty chemicals, fine chemicals, and repositionable self-adhesive products in Taiwan and internationally. The company offers papermaking chemicals, including dispersants, carbonless paper chemicals, paper coating chemicals, and wet end chemicals; water treatment chemicals, such as wastewater treating compounds, and chemicals for cooling water and boiler water; and combo packs, paper notes, cubes, line/assorted/pop-up notes, markers/index tabs/flags, clear notes, special and designing notes, and re-stick tape info boards/meeting pads. The company was founded in 1975 and is headquartered in Kaohsiung, Taiwan.",TWD,Materials,Materials,Chemicals,TWO,ROCO,Taipei Stock Exchange,Taiwan,,Kaohsiung,831,http://www.hopax.com.tw,Small Cap,TW0006509003,,BBG000M8XGX9,BBG000M8XFX1,BBG001SKB2R6,False
6510.TWO,"Chunghwa Precision Test Tech. Co., Ltd.","Chunghwa Precision Test Tech. Co., Ltd., together with its subsidiaries, engages in the testing of semiconductor components in Taiwan, China, and internationally. It also produces printed circuit boards (PCB); and markets electronic products. The company offers interposers that convert signal wiring of probe PCB and allow the probe head to receive the signal; vertical probe cards for use in test interface before wafer dicing and IC packaging; and direct docking products for use in wafer testing. It also provides load board PCBs to test yield rate after dicing, mounting, welding, and wrapped with plastics, ceramics, and metals. The company was founded in 2005 and is headquartered in Taoyuan City, Taiwan.",TWD,Information Technology,Technology Hardware & Equipment,"Electronic Equipment, Instruments & Components",TWO,ROCO,Taipei Stock Exchange,Taiwan,,Taoyuan City,324,http://www.cht-pt.com.tw,Mid Cap,TW0006510001,,BBG007WJZ188,BBG007WJZ151,BBG007WJZ179,False
6512.TWO,"GoMax Electronics Co., Ltd.","GoMax Electronics, Inc. engages in the design, development, manufacture, and sale of audio and video systems in Taiwan. It offers SDI, DVI, converter, audio, HDMI, display port, and wall plate series products; and live streaming, optical extender, A/V over IP, video processor, pattern generator, and tool kit products, as well as legacy products. The company was founded in 2006 and is based in Zhubei, Taiwan.",TWD,Information Technology,Technology Hardware & Equipment,"Electronic Equipment, Instruments & Components",TWO,ROCO,Taipei Stock Exchange,Taiwan,,Zhubei,302,http://www.gomax-electronics.com.tw,Nano Cap,TW0006512007,,BBG0080S0LN8,BBG0080S0LK1,BBG0080S0LM9,False
6514.TWO,"Radiation Technology, Inc.","Radiation Technology, Inc. designs, manufactures, and sells antennas worldwide. The company offers LTE/4G/BTS, IoT/intelligent, automotive, RFID/health care, GPS/transportation, and wireless communication antennas, as well as semi-rigid and flexible RF cable assembly products, RF connectors, wire harness, microwave devices, and other products, as well as medical, computer, and network cables. The company was founded in 2001 and is headquartered in Taoyuan City, Taiwan.",TWD,Information Technology,Technology Hardware & Equipment,Communications Equipment,TWO,ROCO,Taipei Stock Exchange,Taiwan,,Taoyuan City,32063,http://www.rt-inc.com,Nano Cap,,,,,,False
6516.TWO,"Kingwaytek Technology Co., Ltd.","Kingwaytek Technology Co., Ltd. produces electronic maps and develops GIS systems in Taiwan. It offers telecommunications maps, 3D maps, and high-definition maps for self-driving cars; and Leke navigation wang quan 3D, a mobile navigation software that provides 3D map, traffic lights along the way, road markings, signs, surrounding landmarks, viaducts, and navigation guidelines under the bridge. The company also provides Leke navigation king TM series that offers professional car networking navigation software for vehicle use; and Leker interchange, a transfer and pedestrian route guidance service. In addition, it offers big data services that are used in smart traffic diversion and enhancing public transport services; Leke store; and LE bus owner service. The company was founded in 2007 and is based in Taipei, Taiwan.",TWD,Information Technology,Technology Hardware & Equipment,"Electronic Equipment, Instruments & Components",TWO,ROCO,Taipei Stock Exchange,Taiwan,,Taipei,100,http://www.kingwaytek.com,Micro Cap,TW0006516008,,BBG007XLGFT9,BBG007XLGFQ2,BBG007XLGFS0,False
6517.TWO,"BASO Precision Optics Co., Ltd.","BASO Precision Optics Co., Ltd. is a company listed on the Taipei Stock Exchange under the ticker 6517. It operates in the Machinery industry within the Industrials sector. The company is headquartered in Taichung, Taiwan.",TWD,Industrials,Capital Goods,Machinery,TWO,ROCO,Taipei Stock Exchange,Taiwan,,Taichung,427,https://www.baso.com.tw,Micro Cap,TW0006517006,,BBG0081WVKQ3,BBG005J6C0K8,BBG005J6C0L7,False
6518.TWO,"Concord Medical Co., Ltd.","Concord Medical Co., Ltd. is a company listed on the Taipei Stock Exchange under the ticker 6518. It operates in the Health Care Equipment & Supplies industry within the Health Care sector. The company is headquartered in New Taipei City, Taiwan.",TWD,Health Care,Health Care Equipment & Services,Health Care Equipment & Supplies,TWO,ROCO,Taipei Stock Exchange,Taiwan,,New Taipei City,22041,https://www.concordmed.com.tw,Nano Cap,TW0006518004,,BBG008MZJ5X2,BBG008MZJ5T7,BBG008MZJ5V4,False
6523.TWO,"Dr. Wu Skincare Co., Ltd.","Dr. Wu Skincare Co., Ltd. develops and sells skincare products in Taiwan and internationally. The company offers cleansers, masks, toners, serums, moisturizers, and sunscreen and eye care products, as well as makeup and body products. It also provides products for acne and pores, hydration, lines and wrinkles, brightening, body care, sensitive skin, and radiant health. The company offers its products through a network of approximately 2200 sales points, as well as e-commerce sales channels. Dr. Wu Skincare Co., Ltd. was founded in 2003 and is based in Taipei, Taiwan.",TWD,Consumer Staples,Household & Personal Products,Household Products,TWO,ROCO,Taipei Stock Exchange,Taiwan,,Taipei,104,http://www.drwu.com,Micro Cap,TW0006523004,,BBG008LV6J02,BBG0065D2ZL9,BBG0065D2ZN7,False
6527.TWO,Crystalvue Medical Corporation,"Crystalvue Medical Corporation designs, manufactures, and sells medical devices. Its products include OCT devices, fundus cameras, chin rest devices, digital microscope cameras, tonometers, nucleic acid extraction system, polymerase chain reaction system, gastrointestinal endoscopic disposable devices, etc. The company offers automated retina cameras; FundusVue, a diagnosis instrument for ophthalmologists to inspect and record the patients' retina; and TonoVue, a diagnosis instrument to measure IOP of the patient. Crystalvue Medical Corporation was founded in 2009 and is based in Taoyuan City, Taiwan.",TWD,Health Care,Health Care Equipment & Services,Health Care Equipment & Supplies,TWO,ROCO,Taipei Stock Exchange,Taiwan,,Taoyuan City,33072,http://www.crystalvue.com.tw,Micro Cap,TW0006527005,,BBG008KGF1G8,BBG008KGF1C2,BBG008KGF1D1,False
6530.TWO,Axcen Photonics Corporation,"Axcen Photonics Corporation specializes in photonic integration of optical, mechanical, and electrical design of manufacturing professional-grade optical transceiver modules in Taiwan. It offers 25G SFP28, video small form factor pluggable (SFP), compact SFP, 10G SFP+, 1x9, SFP, copper SFP, bi-directional SFP with single LC receptacle, BIDI 1x9, 2x5 small form factor (SFF), gigabit Ethernet passive optical network SFF, and coarse wavelength division multiplexing SFP transceiver modules. The company was incorporated in 2002 and is based in New Taipei City, Taiwan.",TWD,Information Technology,Technology Hardware & Equipment,Communications Equipment,TWO,ROCO,Taipei Stock Exchange,Taiwan,,New Taipei City,231,http://www.axcen.com.tw,Micro Cap,TW0006530009,,BBG009BLB062,BBG009BLB044,BBG009BLB071,False
6532.TWO,"Calitech Co., Ltd.","Calitech Co., Ltd. develops technology solutions for semiconductor, III/V, MEMS, LED, and display industries worldwide. The company offers semiconductor critical components for applications in chemical mechanical polishing fabrication equipment, etching, chemical vapor deposition, physical vapor deposition, etc. It also provides systems, such as spray solvent tools, spray acid tools, and spin rinse dryers; and electrostatic chucks for semiconductor and other industries. The company was founded in 1998 and is based in Hsinchu, Taiwan.",TWD,Information Technology,Semiconductors & Semiconductor Equipment,Semiconductors & Semiconductor Equipment,TWO,ROCO,Taipei Stock Exchange,Taiwan,,Hsinchu City,30351,http://www.calitech.com.tw,Micro Cap,TW0006532005,,BBG008P76VD0,BBG008P76VB2,BBG008P76V95,False
6535.TWO,"Lumosa Therapeutics Co., Ltd.","Lumosa Therapeutics Co., Ltd. researches and develops drugs for the neurological and inflammatory diseases in Taiwan. The company offers LT - 1001, an analgesic injection that has completed Phase II/III clinical trials for severe pain relief after surgery. It is also developing LT3001, which is in Phase II clinical trial for the treatment of acute ischemic stroke; LT5001 that is in Phase II clinical trial for uremic pruritus; and LT2003, which is in pre-clinical stage for the treatment of oncology. The company was incorporated in 2000 and is based in Taipei City, Taiwan.",TWD,Health Care,"Pharmaceuticals, Biotechnology & Life Sciences",Biotechnology,TWO,ROCO,Taipei Stock Exchange,Taiwan,,Taipei,11503,http://www.lumosa.com.tw,Small Cap,TW0006535008,,BBG009KDN2S9,BBG009KDN2P2,BBG009KDN2Q1,False
6536.TWO,Sofone Technology Inc.,"Sofone Technology Inc. is a company listed on the Taipei Stock Exchange under the ticker 6536. It operates in the Technology Hardware, Storage & Peripherals industry within the Information Technology sector. The company is headquartered in New Taipei City, Taiwan.",TWD,Information Technology,Technology Hardware & Equipment,"Technology Hardware, Storage & Peripherals",TWO,ROCO,Taipei Stock Exchange,Taiwan,,New Taipei City,,https://www.tigagaming.com,Nano Cap,TW0006536006,,BBG009CLRJN4,BBG0081JSC57,BBG0081JSC66,False
6538.TWO,"Brave C&H Supply Co.,Ltd.","Brave C&H Supply Co.,Ltd. is a company listed on the Taipei Stock Exchange under the ticker 6538. It operates in the Electronic Equipment, Instruments & Components industry within the Information Technology sector. The company is headquartered in Taoyuan City, Taiwan.",TWD,Information Technology,Technology Hardware & Equipment,"Electronic Equipment, Instruments & Components",TWO,ROCO,Taipei Stock Exchange,Taiwan,,Taoyuan City,333 026,https://www.bch.com.tw,Small Cap,TW0006538002,,BBG009QZFQB8,BBG009QZFQ82,BBG009QZFQ73,False
6539.TWO,"DV Biomed Co., Ltd.","DV Biomed Co., Ltd. is a company listed on the Taipei Stock Exchange under the ticker 6539. It operates in the Pharmaceuticals industry within the Health Care sector. The company is headquartered in Taipei, Taiwan.",TWD,Health Care,"Pharmaceuticals, Biotechnology & Life Sciences",Pharmaceuticals,TWO,ROCO,Taipei Stock Exchange,Taiwan,,Taipei,11494,https://www.dvbiomed.com,Nano Cap,TW0006539000,,BBG00B59KTG7,BBG00B59KTC1,BBG00B59KTD0,False
6542.TWO,"Gamesparcs Co.,Ltd.","Gamesparcs Co.,Ltd. is a company listed on the Taipei Stock Exchange under the ticker 6542. It operates in the Entertainment industry within the Communication Services sector. The company is headquartered in Taichung, Taiwan.",TWD,Communication Services,Media & Entertainment,Entertainment,TWO,ROCO,Taipei Stock Exchange,Taiwan,,Taichung,40459,https://www.gamesparcs.com,Micro Cap,TW0006542004,,BBG009DQ7BT5,BBG009DQ7BQ8,BBG009DQ7BR7,False
6543.TWO,"Perfect Medical Industry Co., Ltd.","Perfect Medical Industry Co., Ltd. is a company listed on the Taipei Stock Exchange under the ticker 6543. It operates in the Health Care Equipment & Supplies industry within the Health Care sector. The company is headquartered in Changhua, Taiwan.",TWD,Health Care,Health Care Equipment & Services,Health Care Equipment & Supplies,TWO,ROCO,Taipei Stock Exchange,Taiwan,,Changhua,521051,https://www.perfectmedical.com.tw,Nano Cap,TW0006543002,,BBG00NNJ65Q6,BBG00MRDVFZ7,BBG00MRDVG03,False
6546.TWO,AMPAK Technology Inc.,"AMPAK Technology Inc. operates as an optical communication and wireless multimedia company in Taiwan. The company operates through two business units, Wireless Multi-Media and Optical Communication. The Wireless Multi-Media business unit offers wireless multimedia products, such as Systems in Package and wireless HDMI. The Optical Communication business unit provides Tocan packaging and testing services for optoelectronic components, as well as various solutions for the optoelectronics industry. The company serves the industrial PC, energy efficiency, audio, consumer electronics, VR, UAV, wearable, medical, and automotive markets. AMPAK Technology Inc. was founded in 2000 and is based in Hsinchu, Taiwan.",TWD,Information Technology,Technology Hardware & Equipment,Communications Equipment,TWO,ROCO,Taipei Stock Exchange,Taiwan,,Hsinchu City,,http://www.ampak.com.tw,Micro Cap,TW0006546005,,BBG009LM5TQ1,BBG001S4PC68,BBG001V3TMJ6,False
6547.TWO,Medigen Vaccine Biologics Corporation,"Medigen Vaccine Biologics Corporation, a biopharmaceutical company, develops and produces vaccines and biologics for unmet medical needs in Taiwan and internationally. The company is developing A 71 to fight against EV71, a member of genus enterovirus; H5N1 and H7N9 mockup vaccines for pandemic influenza; and dengue vaccines. It is also developing biosimilar Palivizumab to prevent respiratory syncytial virus. The company has a collaboration with Dynavax Technologies Corporation to develop a vaccine candidate to protect against COVID-19; and a partnership with BlueWillow Biologics, Inc. to develop intranasal vaccine for SARS-CoV-2. Medigen Vaccine Biologics Corporation was founded in 2012 and is based in Taipei, Taiwan. Medigen Vaccine Biologics Corporation operates as a subsidiary of Medigen Biotechnology Corp.",TWD,Health Care,"Pharmaceuticals, Biotechnology & Life Sciences",Biotechnology,TWO,ROCO,Taipei Stock Exchange,Taiwan,,Taipei,114,http://www.medigenvac.com,Small Cap,TW0006547003,,BBG009PX9G96,BBG009PX9G78,BBG009PX9G69,False
6548.TWO,"Chang Wah Technology Co., Ltd.","Chang Wah Technology Co., Ltd. manufactures and sells LED lead frame and molding compound materials in Taiwan. It offers LED and IC products, and premolds. The company was founded in 2009 and is based in Kaohsiung, Taiwan.",TWD,Information Technology,Semiconductors & Semiconductor Equipment,Semiconductors & Semiconductor Equipment,TWO,ROCO,Taipei Stock Exchange,Taiwan,,Kaohsiung,811,http://www.cwtcglobal.com,Mid Cap,TW0006548001,,BBG009NZG018,BBG009NZFZY6,BBG009NZFZZ5,False
6549.TWO,"TaiwanJ Pharmaceuticals Co., Ltd.","TaiwanJ Pharmaceuticals Co., Ltd., a specialty pharmaceutical company, develops and commercializes small molecules for chronic organ inflammation of metabolic, autoimmune, and infectious etiologies in Taiwan. The company also develops JKB-122 and JKB-121; and novel chemical entities for therapy to address chronic liver diseases and allergy/asthma. Its products target diseases that include liver inflammation/liver fibrosis, non-alcoholic steatohepatitis, non-alcoholic fatty liver disease, autoimmune diseases, asthma, and atopic dermatitis. The company was incorporated in 2011 and is based in Zhubei, Taiwan.",TWD,Health Care,"Pharmaceuticals, Biotechnology & Life Sciences",Biotechnology,TWO,ROCO,Taipei Stock Exchange,Taiwan,,Zhubei,30261,http://www.taiwanj.com,Nano Cap,TW0006549009,,BBG00B6C7FB9,BBG00B6C7F74,BBG00B6C7F83,False
6555.TWO,"Long Time Technology Co., Ltd.","Long Time Technology Co., Ltd. is a company listed on the Taipei Stock Exchange under the ticker 6555. It operates in the Chemicals industry within the Materials sector. The company is headquartered in New Taipei City, Taiwan.",TWD,Materials,Materials,Chemicals,TWO,ROCO,Taipei Stock Exchange,Taiwan,,New Taipei City,221,https://www.lttech.com.tw,Nano Cap,TW0006555006,,BBG00BWMFSP6,BBG00BWMFSM9,BBG00BWMFSL0,False
6556.TWO,Topview Optronics Corporation,"Topview Optronics Corporation designs, produces, markets, and sells surveillance cameras and peripherals worldwide. The company offers various IP cameras, as well as accessories, including pendant mount and wall mount brackets, corner mount and pole mount adaptors, parapet wall mounts, pendant and wall mount with junction boxes, and sun shields. It also provides after sales services. The company was founded in 1994 and is based in Taoyuan City, Taiwan.",TWD,Industrials,Commercial & Professional Services,Professional Services,TWO,ROCO,Taipei Stock Exchange,Taiwan,,Taoyuan City,33068,http://www.topviewcorp.com,Micro Cap,TW0006556004,,BBG00BS4YM46,BBG001858X51,BBG001TCVFM7,False
6559.TWO,High Power Lighting Corp,"High Power Lighting Corp designs, manufactures, and sells LED chips and related components. Its products include UVA, UVB/UVC, IR, and color products. The company was founded in 2005 and is headquartered in New Taipei City, Taiwan.",TWD,Industrials,Capital Goods,Electrical Equipment,TWO,ROCO,Taipei Stock Exchange,Taiwan,,New Taipei City,236,http://www.hplighting.com.tw,Nano Cap,TW0006559008,,BBG00BL859S9,BBG00BL859P2,BBG00BL859N4,False
6560.TWO,Appro Photoelectron Inc.,"Appro Photoelectron Inc. operates as a design house for image products to enable customers to develop products in Taiwan. It offers camera module solutions, body worn cameras, and car DVR solutions; and image related products. The company also provides system integration and design, and FAE technical support services. The company was founded in 1999 and is based in New Taipei City, Taiwan.",TWD,Information Technology,Technology Hardware & Equipment,"Electronic Equipment, Instruments & Components",TWO,ROCO,Taipei Stock Exchange,Taiwan,,New Taipei City,242,http://www.appropho.com,Nano Cap,TW0006560006,,BBG00BSGNJP5,BBG001BW5FG8,BBG001TVDWH4,False
6561.TWO,Chief Telecom Inc.,"Chief Telecom Inc. provides telecommunication services in Taiwan and internationally. It offers POP sites; IDC services, including space/cage and suite, cabinet, inter-connection, customized power, and managed services; IDC value-added services, such as managed CPE, backup, and security services; and online IDC tour comprising L.Y. and T.F. building, cable, power, security, fire alarm, and air conditioning systems, as well as cold/hot aisle arrangement systems, lobbies, network operation centers, and IDC facilities. The company also provides enterprise networking solutions comprising multi-protocol label switching virtual private network, ADSL-VPN, tunnel VPN, SSL VPN application, data managed CPE; leased line, and international private leased circuit /IEPL; and Internet access solutions services. In addition, it offers ISR wholesale voice and voice over IP services; and retail voice services for businesses communications consisting of exchange equipment, circuit connection, and cost analysis data. Further, the company provides cloud services, such as cloud computing, APP cloud, data storage, security, and value-added services; and operates chief cloud exchange, Taipei internet exchange, and submarine exchange and voice exchange centers. Additionally, it offers global carrier, digital content, e-commerce, chain store, hybrid cloud, enterprise voice, data storage integration, greater china, and global communication solutions, as well as ICT integration solutions for traveling industry. The company was founded in 1991 and is headquartered in Taipei City, Taiwan. Chief Telecom Inc. operates as a subsidiary of Chunghwa Telecom Co., Ltd.",TWD,Communication Services,Telecommunication Services,Diversified Telecommunication Services,TWO,ROCO,Taipei Stock Exchange,Taiwan,,Taipei,114,http://www.chief.com.tw,Small Cap,TW0006561004,,BBG00H09BLJ3,BBG000FVFQJ0,BBG001SNR2L9,False
6564.TWO,Enimmune corporation,"Enimmune corporation operates as a biopharmaceutical Research and development, and marketing company in Taiwan. Its products include Tuberculin PPD RT23 SSI, an approved drug for tuberculin test to determine whether the patient is infected with tuberculosis. The company is also involved in the development of vaccines to prevent various infectious diseases, such as enterovirus, pneumonia, norovirus, dengue fever virus, Middle East respiratory syndrome coronavirus, etc. Enimmune corporation was founded in 2014 and is based in Taichung City, Taiwan.",TWD,Health Care,"Pharmaceuticals, Biotechnology & Life Sciences",Biotechnology,TWO,ROCO,Taipei Stock Exchange,Taiwan,,Taichung City,,http://www.enimmune.com.tw,Nano Cap,TW0006564008,,BBG00M0C0FW5,BBG00M0C0FT9,BBG00M0C0FX4,False
6565.TWO,"ThroughTek Co., Ltd.","ThroughTek Co., Ltd. provides solutions for Internet of Things (IoT) cloud services platforms. The company operates Kalay Platform, which provides customized app services to help customers deploy smart products and accelerate its time-to-market, as well as integrates video surveillance equipment, smart consumer products, and various sensors to allow brand name manufacturers, telecoms providers, system integration providers, hardware manufacturers, and other service providers to offer smart solutions. Its Kalay platform offers cloud services, including point-to-point and IoT connection, account and device management, video surveillance and cloud storage, push notifications, over the air, and smart assistant services. The company serves smart home, agriculture, and connected car industries. ThroughTek Co., Ltd. was founded in 2008 and is headquartered in Taipei City, Taiwan.",TWD,Information Technology,Software & Services,Software,TWO,ROCO,Taipei Stock Exchange,Taiwan,,Taipei,11579,http://www.throughtek.com,Nano Cap,TW0006565005,,BBG00FQNP1F1,BBG00FQNP1C4,BBG00FQNP1G0,False
6566.TWO,"Chuang Yi Biotech co., ltd.","Chuang Yi Biotech Co., ltd. engages in the research, development, and marketing of medicines and health foods in Taiwan. The company offers products in the areas of gastrointestinal, metabolism, and regular health care, as well as allergy reducing products. Chuang Yi Biotech Co., ltd. Swas founded in 2011 and is based in Taipei City, Taiwan.",TWD,Health Care,"Pharmaceuticals, Biotechnology & Life Sciences",Biotechnology,TWO,ROCO,Taipei Stock Exchange,Taiwan,,Taipei,115,http://www.cybiotech.com.tw,Nano Cap,,,,,,False
6568.TWO,"Rafael Microelectronics, Inc.","Rafael Microelectronics, Inc. manufactures and sells radio frequency (RF) integrated circuits. It offers IoT connectivity products, terrestrial/cable/satellite set-top box receivers, satellite broadcast reception and distribution systems, optical communication systems, and TV receivers, as well as provides RF IP and design services. The company offers its products in Taiwan, Europe, North America, China, Korea and Japan. Rafael Microelectronics, Inc. was founded in 2006 and is headquartered in Zhubei, Taiwan.",TWD,Information Technology,Semiconductors & Semiconductor Equipment,Semiconductors & Semiconductor Equipment,TWO,ROCO,Taipei Stock Exchange,Taiwan,,Zhubei,30264,http://www.rafaelmicro.com,Micro Cap,TW0006568009,,BBG00BYJCFM5,BBG00B641BD0,BBG00B641BF8,False
6569.TWO,Onyx Healthcare Inc.,"Onyx Healthcare Inc., a professional medical IT company, provides medical PC solutions for the hospital/clinical IT market worldwide. It offers mobile cart computers, ubiquitous power solutions, remote management software, mobile medical tablets, surgical workstations, operating room solutions, fanless slim PPCs, medical AIO solutions, bedside infotainment, medical display solutions, MedPC box PCs, and medical slim mini-ITX MBs. The company also offers digital operation rooms, AI and robots, power management solutions, smart ward solutions, nurse stations, telecare and telemedicine, remote system management, and emergency medical services. In addition, it provides OEM/ODM services, such as planning, designing, validation, integration, production, after-sale, software, and design capability. The company was founded in 2010 and is headquartered in New Taipei City, Taiwan. Onyx Healthcare Inc. is a subsidiary of ASUS Group.",TWD,Health Care,Health Care Equipment & Services,Health Care Technology,TWO,ROCO,Taipei Stock Exchange,Taiwan,,New Taipei City,231,http://www.onyx-healthcare.com,Micro Cap,TW0006569007,,BBG00BV39MQ8,BBG003RS9K53,BBG003RS9K62,False
6570.TWO,Aplex Technology Inc.,"Aplex Technology Inc. develops, manufactures, and sells industrial PC products worldwide. The company provides stainless steel panel, industrial panel, embedded box, marine panel, in-vehicle panel, and ATEx panel PC products. It also offers human-machine interfaces, ATEx displays, ATEx box pc products, industrial displays and boards, and machine vision systems, as well as accessories, including storage products, power adapters and modules, converter boards, and product stands. The company provides its products for use in smart factory, surveillance, control and communication, machine vision, food and beverage automation, kiosk and ticketing, ATEX oil and gas, smart warehousing and transportation, and healthcare applications. Aplex Technology Inc. was founded in 2004 and is headquartered in New Taipei City, Taiwan.",TWD,Information Technology,Technology Hardware & Equipment,"Technology Hardware, Storage & Peripherals",TWO,ROCO,Taipei Stock Exchange,Taiwan,,New Taipei City,235,http://www.aplex.com,Micro Cap,TW0006570005,,BBG00C5YPW14,BBG00C5YPVY0,BBG00C5YPVZ9,False
6572.TWO,"PlexBio Co., Ltd.","PlexBio Co., Ltd. designs, develops, and manufactures multiplexing platforms and assays to enable genetic research and clinical cancer diagnostics. It offers IntelliPlex SARS-CoV-2/Flu Kit, an in vitro diagnostic device; IntelliPlex SARS-CoV-2 Detection Kit, an automated solution for testing during the coronavirus disease; IntelliPlex Lung Cancer Panel-cfDNA, a molecular assay for mutations; IntelliPlex Lung Cancer Panel – cfRNA, which detects various variants of the ALK, ROS1, RET, NTRK1, and MET genes using cell-free RNA derived from plasma of patients with NSCLC; IntelliPlex Lung Cancer Panel, which detects various DNA mutations; IntelliPlex BRAF V600 Mutation Kit, a single well solution for mutations; IntelliPlex EGFR Mutation Kit, a molecular assay for somatic mutations; IntelliPlex KRAS Mutation Plus Kit, a solution for clinically actionable mutations; IntelliPlex NRAS Mutation Kit, a single well mutation kit; IntelliPlex PIK3CA Mutation Kit, a PCR mutation kit; IntelliPlex ALK Rearrangement Kit, a single well solution for actionable ALK gene rearrangements; IntelliPlex RET/NTRK1 Rearrangement Kit, a single well RET and NTRK1 gene rearrangement kit; IntelliPlex ROS1 Rearrangement Kit, a molecular assay for clinical actionable gene rearrangements; IntelliPlex Food Testing Kit for Dairy, a single well solution for bacteria; and pCode Coupling Buffer Set, a solution for coupling process. The company also offers IntelliPlex 1000 pCode Processor, a hybridization, washing, incubation, and labeling solution; PlexBio 100 Fluorescent Analyzer, an optical imaging system; DigiPlex Thermocycler, an instrument for PCR amplification; pCode MicroDisc, a solution for multiplexing applications; PlexBio Magnetic Stand, a solution for paramagnetic pCode precipitation; pCode Coupling Buffer Set, a solution to-use buffers; and DeXipher software for data analysis and interpretation. PlexBio Co., Ltd. was founded in 2009 and is based in Taipei City, Taiwan.",TWD,Health Care,Health Care Equipment & Services,Health Care Technology,TWO,ROCO,Taipei Stock Exchange,Taiwan,,Taipei,11491,http://www.plexbio.com,Nano Cap,TW0006572001,,BBG00C7WB4S4,BBG00C7WB4P7,BBG00C7WB4Q6,False
6574.TWO,"Mikobeaute International Co., Ltd.","Mikobeaute International Co., Ltd. researches and develops, and sells beauty and skin care products in Taiwan and internationally. The company offers its products under the EDN, NU+ derma, L'HERBOFLORE, and MIKOBEAUTÉ SPA brand names. It also operates skin care beauty therapy center. Mikobeaute International Co., Ltd. was founded in 2002 and is based in Taipei, Taiwan.",TWD,Consumer Staples,Household & Personal Products,Household Products,TWO,ROCO,Taipei Stock Exchange,Taiwan,,Taipei,10694,http://www.mikobeaute.com,Micro Cap,TW0006574007,,BBG00D8V58B9,BBG00D8V5874,BBG00D8V5883,False
6575.TWO,SyneuRx International (Taiwan) Corp.,"SyneuRx International (Taiwan) Corp. develops drugs for the treatment of unmet medical needs in central nervous system disorders in Taiwan. Its pipeline under clinical development includes SND11, which is in Phase IIb/III clinical trial for the treatment of adolescent schizophrenia; SND12 that is in Phase IIb/III clinical trial for therapy on refractory schizophrenia; and SND13, which is in Phase IIb/III clinical trial for the treatment of adult schizophrenia. The company is also developing SND14, which is in Phase IIb/III clinical trial to treat early dementia; SND51 that is in Phase II clinical trial for dementia and psychosis symptoms; SNG12, which is in Phase III clinical trial for the treatment of depression and suicidality; SNA1 that is in Phase II clinical trial to treat refractory depression; and SNB01, which is in Phase II clinical trial for the treatment of COVID-19. SyneuRx International (Taiwan) Corp. was founded in 2013 and is based in New Taipei City, Taiwan.",TWD,Health Care,"Pharmaceuticals, Biotechnology & Life Sciences",Biotechnology,TWO,ROCO,Taipei Stock Exchange,Taiwan,,New Taipei City,221,http://www.syneurx.com,Micro Cap,,,,,,False
6576.TWO,"Foresee Pharmaceuticals Co., Ltd.","Foresee Pharmaceuticals Co., Ltd., clinical-stage pharmaceutical company, engages in the development and commercialization of drugs in Taiwan and Europe. The company's stabilized injectable formulation pipeline includes FP-001, which completed Phase III clinical study for the treatment of advanced stage prostate cancer; FP-004 that is in preclinical stage to treat opioids use disorder; FP-011 and FP-014, a long-acting sustained release dosage form for the treatment of breast cancer/prostate cancer; FP-015, for the treatment of neurological diseases; and FP-002 for the treatment of acromegaly, as well as FP-008 for the treatment of diabetic retinopathy. Its new chemical entity pipeline products consists of FP-020 to treat alport syndrome; FP-025, a selective matrix metalloproteinase-12 inhibitor, which is in Phase II clinical trial for the treatment of asthama, chronic obstructive pulmonary diseases, and emphysema or sarcoidosis; and FP-045, a small molecule mitochondrial aldehyde dehydrogenase 2 that completed Phase I clinical study for the treatment of peripheral arterial disease, fanconi anemia, and cardiorenal metabolic diseases. The company's strategic partners include Pierre Fabre Medicament Production and ScinoPharm. Foresee Pharmaceuticals Co., Ltd. was founded in 2013 and is headquartered in Taipei, Taiwan.",TWD,Health Care,"Pharmaceuticals, Biotechnology & Life Sciences",Pharmaceuticals,TWO,ROCO,Taipei Stock Exchange,Taiwan,,Taipei,115,http://www.foreseepharma.com,Small Cap,TW0006576002,,BBG00CLKSG09,BBG00CLKSFX5,BBG00CLKSFY4,False
6577.TWO,Promate Solutions Corporation,"Promate Solutions Corporation designs, develops, and sells technologies for TFT LCD displays worldwide. The company offers embedded panels, panel PCs, industrial displays, and LCD products. It serves medical, automotive, vending, and marine markets. The company was founded in 1986 and is headquartered in Taipei, Taiwan.",TWD,Information Technology,Technology Hardware & Equipment,"Electronic Equipment, Instruments & Components",TWO,ROCO,Taipei Stock Exchange,Taiwan,,Taipei,11442,http://www.promate.com,Micro Cap,TW0006577000,,BBG00CBX9CR3,BBG00CBX9CN7,BBG00CBX9CP5,False
6578.TWO,DaBomb Protein Corp.,"DaBomb Protein Corp. produces and supplies plant peptides in Asia. It offers hydrolyzed soya peptide products, functional peptides, and natural lactobacillus strains under the da bomb brand. The company was founded in 2001 and is headquartered in Tainan City, Taiwan.",TWD,Consumer Staples,"Food, Beverage & Tobacco",Food Products,TWO,ROCO,Taipei Stock Exchange,Taiwan,,Tainan City,709,http://www.dabombprotein.com,Nano Cap,TW0006578008,,BBG00DB2LSF3,BBG00DB2LSB7,BBG00DB2LSC6,False
6580.TWO,"TaiRx, Inc.","TaiRx, Inc., a pharmaceutical company, focuses on the development and commercialization of therapeutics for the treatment of cancer and other diseases. The company's products under development include CVM-1118, an oral anti-cancer drug that is Phase II clinical trial; and Rexis, an add-on injection therapy that is in Phase III clinical trials to treat patients with sepsis. Its pre-clinical products comprise TRX-711 that is used to treat secondary hyperparathyroidism; TRX-920, an oral delivery formulation; and TRX-105, a molecule developed for treating and alleviating symptoms of various colitis. The company also offers Zelnite, a drug that helps in patient's blood Se level and immune system; and focuses on development of the nodal diagnostic devices and anti-body drugs. TaiRx, Inc. was founded in 2011 and is based in Taipei City, Taiwan.",TWD,Health Care,"Pharmaceuticals, Biotechnology & Life Sciences",Biotechnology,TWO,ROCO,Taipei Stock Exchange,Taiwan,,Taipei City,11502,http://www.trx.com.tw,Micro Cap,TW0006580004,,BBG00GXCGGC5,BBG00GXCGG99,BBG00GXCGGD4,False
6583.TWO,"Jason's Entertainment Co., Ltd.","Jason's Entertainment Co., Ltd. produces television shows and dramas in Taiwan. The company also distributes and brokerages artists; and offers project marketing services. The company was founded in 1996 and is headquartered in Taipei, Taiwan.",TWD,Communication Services,Media & Entertainment,Entertainment,TWO,ROCO,Taipei Stock Exchange,Taiwan,,Taipei,,http://www.jtv.com.tw,Nano Cap,TW0006583008,,BBG00DH05GQ3,BBG00DH05GM7,BBG00DH05GP4,False
6584.TWO,"Nan Juen International Co., Ltd.","Nan Juen International Co., Ltd. manufactures and trades in steel-ball bearing slides and other products in Taiwan, the Americas, and internationally. The company was formerly known as Nan Juen Industrial Corporation and changed its name to Nan Juen International Co., Ltd. in September 1996. Nan Juen International Co., Ltd. in 1984 and is headquartered in New Taipei City, Taiwan. Nan Juen International Co., Ltd. is a subsidiary of Repon Industrial Corporation.",TWD,Consumer Discretionary,Consumer Durables & Apparel,Household Durables,TWO,ROCO,Taipei Stock Exchange,Taiwan,,New Taipei City,239,http://www.repongroup.com,Small Cap,TW0006584006,,BBG00DGBDNX8,BBG00DGBDNV0,BBG00DGBDNT3,False
6585.TWO,DingZing Advanced Materials Inc.,"DingZing Advanced Materials Inc. researches, develops, produces, and sells composite materials and technical films for various industries in Taiwan. Its products include Provecta series of advanced technical films that provide an alternative to rubber and traditional plastic; Advanta technical films for clothing applications; Orkesta series of composite materials with a layer of hot melt film designed to replace conventional materials, such as microfiber or genuine leather; Perfola air hoses and hydration tubes; Aldura transmission and conveyor belts; and DingZing DZ seals. The company's products are used in apparel, automotive, electronic, wearable, footwear, healthcare, optical, outdoor and sport goods, and furniture and bedding applications. DingZing Advanced Materials Inc. is headquartered in Kaohsiung, Taiwan.",TWD,Materials,Materials,Chemicals,TWO,ROCO,Taipei Stock Exchange,Taiwan,,Kaohsiung,81266,http://www.dingzing.com,Micro Cap,,,,,,False
6586.TWO,"CHO Pharma, Inc.","CHO Pharma, Inc. is a company listed on the Taipei Stock Exchange under the ticker 6586. It operates in the Biotechnology industry within the Health Care sector. The company is headquartered in Taipei, Taiwan.",TWD,Health Care,"Pharmaceuticals, Biotechnology & Life Sciences",Biotechnology,TWO,ROCO,Taipei Stock Exchange,Taiwan,,Taipei,115202,https://www.chopharma.com,Small Cap,TW0006586001,,BBG00HRVY1X8,BBG00HRVY1V0,BBG00HRVY1Y7,False
6588.TWO,East Tender Optoelectronics Corporation,"East Tender Optoelectronics Corporation manufactures and sells optical thin film filters in Taiwan and internationally. It offers narrowband filter chips for use in the telecom industry applications, as well as custom narrowband filters for non telecom applications. The company also provides broadband filter chips, including banded skip filter chips, filter components for FTTx, CWDM filter components, and gain flattening filters; and customized products, such as coated WDM on pigtail for hi isolation application, IR-cut filters for digital still cameras and CCM applications, and R/G/B filters for digital lighting processing projectors. East Tender Optoelectronics Corporation was founded in 2000 and is based in Yilan City, Taiwan.",TWD,Information Technology,Semiconductors & Semiconductor Equipment,Semiconductors & Semiconductor Equipment,TWO,ROCO,Taipei Stock Exchange,Taiwan,,Yilan City,,http://www.east-tender.com,Micro Cap,TW0006588007,,BBG00DLKJG16,BBG00DLKJFY2,BBG00DLKJFZ1,False
6589.TWO,EirGenix Inc.,"EirGenix Inc. operates as a contract development and manufacturing company Taiwan and internationally. Its services include cell line development and cell bank manufacturing, process development, analytical sciences and quality control, cGMP manufacturing, and antibody drug conjugate. The company was founded in 2012 and is based in New Taipei City, Taiwan.",TWD,Health Care,"Pharmaceuticals, Biotechnology & Life Sciences",Biotechnology,TWO,ROCO,Taipei Stock Exchange,Taiwan,,New Taipei City,22180,http://www.eirgenix.com,Small Cap,TW0006589005,,,,,True
6590.TWO,"Provision Information Co.,Ltd.","Provision Information Co.,Ltd. provides payment, financial application, security, and outsourcing services to the financial industry. It offers payment solutions, such as ProIBRS, an interbank remittance system; ProATM, an ATM auto-transaction system; ProEPS FEDI, an enterprise payment system/financial EDI; ProEPS FXML, an enterprise payment system/financial XML; ProCMS, a card management system for IC cards and magnetic cards; ProIB/WebATM, an Internet banking/Web ATM; and real-time gross settlement mechanism. Its payment solutions also ProTGW-TSM, a mobile payment TSM gateway; ProTGW-HCE, a mobile payment HCE gateway; ProeACH, an eACH gateway for joined banks; and digital payment solutions consisting of ProePAY, a digital payment system, as well as payment gateways. The company also provides financial application solutions, including ProFEP, a platform for developing financial transactions; ProComm, an integrated communication server; ProFCS, a collection system for financial industry; ProMIPS, an encryption kit for file transmission; ProACS, an ATM controlled system; ProAMS, an ATM management system; and ProJCIC, a joint credit inquiry system. In addition, it offers information security products comprising ProHSM, a hardware security module (HSM); ProHSM KMC, a key management console; ProMonitor, a HSM monitoring system; ProHSM HRM, a HSM resource managers; ProHSM SUIP, a secure user interface program; and ProVA, a validation authority system. Further, the company provides outsourcing services, including on-site human resource services for various industries, platforms, and job roles. Provision Information Co.,Ltd. was founded in 2000 and is based in Taipei, Taiwan.",TWD,Information Technology,Software & Services,Software,TWO,ROCO,Taipei Stock Exchange,Taiwan,,Taipei,11071,http://www.provision.com.tw,Micro Cap,TW0006590003,,BBG00DRGYFN0,BBG00DRGYFK3,BBG00DRGYFM1,False
6593.TWO,"Taiwan Name Plate Co., Ltd.","Taiwan Name Plate Co., Ltd. manufactures and sells plastic cards, name plates, and membrane switches worldwide. The company offers contactless and sharped, contact only IC, and dual interface IC cards, as well as card personalization services. It also provides embossed metal dome membrane switches, capacitive touch keypads, and printed circuit boards. Taiwan Name Plate Co., Ltd. was founded in 1970 and is based in Taoyuan City, Taiwan.",TWD,Industrials,Commercial & Professional Services,Commercial Services & Supplies,TWO,ROCO,Taipei Stock Exchange,Taiwan,,Taoyuan City,333,http://www.tnp.com.tw,Nano Cap,TW0006593007,,BBG00DW0VZ67,BBG001WT1V71,BBG001WT1V80,False
6594.TWO,Alcorlink Corp.,"Alcorlink Corp., a fabless IC design company, provides device controller and image application solutions primarily in Taiwan. It offers I/O product/image application/others, which include flash and smart card readers, USB cameras, intelligent storage solutions, hub controllers, and MFi products. The company was founded in 2015 and is based in Taipei City, Taiwan.",TWD,Information Technology,Semiconductors & Semiconductor Equipment,Semiconductors & Semiconductor Equipment,TWO,ROCO,Taipei Stock Exchange,Taiwan,,Taipei City,115,http://www.alcorlink.com,Nano Cap,,,,,,False
6595.TWO,Julien's International Entertainment Group,"Julien's International Entertainment Group provides digital multimedia technology solutions worldwide. Its activities include theme park development and project management; digital content development, production, and distribution; floating theater and theme park equipment development; and investment in and development of Xingyu Cinema Park. The company was founded in 2013 and is headquartered in Taipei City, Taiwan.",TWD,Communication Services,Media & Entertainment,Entertainment,TWO,ROCO,Taipei Stock Exchange,Taiwan,,Taipei City,,http://www.juliensgroup.com,Nano Cap,TW0006595002,,BBG00N03NHC6,BBG00MRDVDC7,BBG00MRDVDD6,False
6596.TWO,Kuang Hong Arts Management Incorporation,"Kuang Hong Arts Management Incorporation engages in the promotion of art and cultural activities in Taiwan and internationally. It provides services in the areas of music, dance, exhibition, concert, drama, physical education, parenting, lecture, film, commodity, and package goods. The company was formerly known as Yucai International Marketing Co., Ltd. and changed its name to Kuang Hong Arts Management Incorporation in July 2014. Kuang Hong Arts Management Incorporation was founded in 2004 and is based in Taipei, Taiwan.",TWD,Communication Services,Media & Entertainment,Entertainment,TWO,ROCO,Taipei Stock Exchange,Taiwan,,Taipei,,http://www.kham.com.tw,Micro Cap,TW0006596000,,BBG00DY40Q43,BBG00DY40Q16,BBG00DY40Q25,False
6597.TWO,"Ecocera Optronics Co., Ltd.","Ecocera Optronics Co., Ltd. manufactures and sells ceramics circuit boards in Taiwan. It offers direct plating copper products consisting high-power LED thermal dissipation substrates, LED thermal dissipation modules, concentrating type solar cell substrates, passive components, high power electronic components, etc. The company also provides direct bonded copper and high performance copper products. Its products are used in LED lighting, automotive lighting, mobile phone LED flash, UV, display, and other applications. The company was founded in 2011 and is based in Taoyuan, Taiwan.",TWD,Information Technology,Technology Hardware & Equipment,"Electronic Equipment, Instruments & Components",TWO,ROCO,Taipei Stock Exchange,Taiwan,,Taoyuan,,http://www.ecocera.com.tw,Micro Cap,TW0006597008,,BBG00JM72K83,BBG00JM72K65,BBG00JM72K92,False
6599.TWO,Poindus Systems Corp.,"Poindus Systems Corp. designs and manufactures POS terminal and touch display products worldwide. The company offers panel PCs, tablets, small and large size displays, box PCs, POS peripherals, and custom products. Its products are used in hospitality, retail, medical, and industrial applications. The company was founded in 2009 and is headquartered in Taipei City, Taiwan.",TWD,Information Technology,Technology Hardware & Equipment,"Technology Hardware, Storage & Peripherals",TWO,ROCO,Taipei Stock Exchange,Taiwan,,Taipei,114,http://www.poindus.com,Nano Cap,TW0006599004,,BBG00JKJG667,BBG00G785ZZ8,BBG00G786002,False
6603.TWO,"Fu Chun Shin Machinery Manufacture Co., Ltd.","Fu Chun Shin Machinery Manufacture Co., Ltd. is a company listed on the Taipei Stock Exchange under the ticker 6603. It operates in the Machinery industry within the Industrials sector. The company is headquartered in Tainan, Taiwan.",TWD,Industrials,Capital Goods,Machinery,TWO,ROCO,Taipei Stock Exchange,Taiwan,,Tainan,718001,https://www.fcs.com.tw,Micro Cap,TW0006603004,,BBG000LK9V85,BBG000LK9V12,BBG001SK1VG5,False
6609.TWO,"Taiwan Takisawa Technology Co., Ltd.","Taiwan Takisawa Technology Co., Ltd. manufactures and sells precision machine tools and printed circuit board drillers in Asia, Europe, the Americas, and internationally. The company offers machine tools, such as small and medium CNC lathes, and non-CNC high speed precision lathes for bicycle, motorcycle, and automobile industries, as well as parts processing plants supplying the aeronautic industry. It also provides horizontal, vertical, dual spindle, and extra heavy duty CNC lathes; high-speed precision drilling machines; and equipment sales and maintenance services. The company was founded in 1971 and is headquartered in Taoyuan City, Taiwan. Taiwan Takisawa Technology Co., Ltd. is a subsidiary of Takisawa Machine Tool Co., Ltd.",TWD,Information Technology,Technology Hardware & Equipment,"Electronic Equipment, Instruments & Components",TWO,ROCO,Taipei Stock Exchange,Taiwan,,Taoyuan City,324,http://www.takisawa.com.tw,Micro Cap,TW0006609001,,BBG000NCPWR0,BBG000NCPWG2,BBG001SKQK54,False
6610.TWO,"TWi Biotechnology, Inc.","TWi Biotechnology, Inc. is a company listed on the Taipei Stock Exchange under the ticker 6610. It operates in the Biotechnology industry within the Health Care sector. The company is headquartered in Taipei, Taiwan.",TWD,Health Care,"Pharmaceuticals, Biotechnology & Life Sciences",Biotechnology,TWO,ROCO,Taipei Stock Exchange,Taiwan,,Taipei,114723,https://www.twibiotech.com,Small Cap,TW0006610009,,BBG00FLZ6CS2,BBG008B6X1B5,BBG008B6X1C4,False
6611.TWO,"Cayenne's Ark Mobile Co., Ltd.","Cayenne's Ark Mobile Co., Ltd. develops and sells mobile games. The company is based in Taipei, Taiwan.",TWD,Communication Services,Media & Entertainment,Interactive Media & Services,TWO,ROCO,Taipei Stock Exchange,Taiwan,,Taipei,114,http://www.cayenneark.com.tw,Nano Cap,,,,,,False
6612.TWO,"ICARES Medicus, Inc.","ICARES Medicus, Inc. engages in the research and development, manufacture, and sale of ophthalmic medical materials. The company provides nanomedical lubricious coatings and various surface treatments for implantable or interventional medical devices; intraocular lenses for the treatment of cataracts, myopia, hyperopia, presbyopia, or astigmatism; and nanomedical devices. It has operations in the United States, England, Japan, Taiwan, Spain, Hungary, China, and internationally. The company was founded in 2011 and is based in Zhubei, Taiwan.",TWD,Health Care,Health Care Equipment & Services,Health Care Equipment & Supplies,TWO,ROCO,Taipei Stock Exchange,Taiwan,,Zhubei,,http://www.icaresmedicus.com,Micro Cap,TW0006612005,,BBG00FLQN2K3,BBG00FLQN2H7,BBG00FLQN2L2,False
6613.TWO,Nova Technology Corp.,"Nova Technology Corp. is a company listed on the Taipei Stock Exchange under the ticker 6613. It operates in the Machinery industry within the Industrials sector. The company is headquartered in Zhubei, Taiwan.",TWD,Industrials,Capital Goods,Machinery,TWO,ROCO,Taipei Stock Exchange,Taiwan,,Zhubei,302054,https://www.novatech.com.tw,Small Cap,TW0006613003,,BBG00FJ66728,BBG000N67T45,BBG001T52R02,False
6615.TWO,"Sofiva Genomics Co.,Ltd.","Sofiva Genomics Co.,Ltd. provides genetic testing services in Taiwan and internationally. The company offers prenatal services, including thalassemia carrier screening; tests for microdeletion syndromes and single-gene abnormalities; detection of common chromosome abnormalities, selected microdeletions syndromes, and selected skeletal dysplasia genetic mutations; multiple genetic diseases detection; folate metabolism genetic screening; and spinal muscular atrophy carrier screening. It also provides cancer services, such as cancer scans; real-time monitoring of tumor dynamics; hereditary cancer related genetic tests; and hereditary women's cancer tests for breast, colon, ovarian, and endometrial cancer, as well as human papillomavirus screening. In addition, the company offers rare diseases genetic testing services; and preimplantation genetic diagnosis and NGS-based preimplantation genetic screening services. Further, it provides new-born genetic testing services comprising baby scans; hereditary sensorineural hearing loss screening; congenital central hypoventilation syndrome screening; congenital cytomegalovirus infection screening test; and atopic dermatitis genetic screening. Additionally, the company offers biochemical and chromosome testing, as well as advisory and support services. It serves expectant parents, patients with genetic disorders, and their families. Sofiva Genomics Co.,Ltd. was founded in 2012 and is based in Taipei City, Taiwan.",TWD,Health Care,"Pharmaceuticals, Biotechnology & Life Sciences",Biotechnology,TWO,ROCO,Taipei Stock Exchange,Taiwan,,Taipei,10043,http://www.sofivagenomics.com.tw,Nano Cap,TW0006615008,,BBG00FN8RCG0,BBG00FN8RCD3,BBG00FN8RCH9,False
6616.TWO,Techcential International Ltd,"Techcential International Ltd, an investment holding company, designs, manufactures, and sells American wooden bedroom furniture products. It offers 5-piece bedroom furniture, including bed frames, night stand, dresser, chest, and mirror. The company also engages in the production and manufacturing of wood pellets; processing and manufacturing of rubber wood raw materials; and wholesale of wooden restaurant furniture and children's bed furniture. It has operations in the United States, Malaysia, Canada, and internationally. Techcential International Ltd was founded in 2001 and is based in Grand Cayman, Cayman Islands.",TWD,Consumer Discretionary,Consumer Durables & Apparel,Household Durables,TWO,ROCO,Taipei Stock Exchange,Cayman Islands,,Grand Cayman,1002,http://www.techcential-international.com,Nano Cap,KYG870931030,,BBG00JM0YP46,BBG00JM0YP28,BBG00JM0YP55,False
6617.TWO,"Gongwin Biopharm Holdings Co., Ltd.","Gongwin Biopharm Holdings Co., Ltd., a clinical-stage biopharmaceutical company, develops anticancer drugs. It is developing PTS302, which has completed Phase III clinical trials for the treatment of lung cancer; PTS100, which is in Phase II clinical trials for the treatment of liver cancer; PTS-02 for the treatment of adenoid cystic carcinoma; and PTS500 for the treatment of malignant pleural effusion. The company was founded in 2014 and is based in Taipei, Taiwan.",TWD,Health Care,"Pharmaceuticals, Biotechnology & Life Sciences",Biotechnology,TWO,ROCO,Taipei Stock Exchange,Taiwan,,Taipei,10491,http://www.gongwinbiopharm.com,Small Cap,KYG409471060,,BBG00FVJJ526,BBG00FVJJ508,BBG00FVJJ535,False
6618.TWO,"UHT Unitech Co., Ltd.","UHT Unitech Co., Ltd. manufactures and sells medium and high grade carbon fiber in Taiwan and internationally. Its products are used in aerospace, automotive, energy, and other sectors. The company is based in Taoyuan, Taiwan.",TWD,Industrials,Capital Goods,Machinery,TWO,ROCO,Taipei Stock Exchange,Taiwan,,Taoyuan City,320,http://www.uht.com.tw,Nano Cap,TW0006618002,,BBG00HNG3ZW5,BBG00HNG3ZT9,BBG00HNG3ZX4,False
6620.TWO,"Handa Pharmaceuticals, Inc.","Handa Pharmaceuticals, Inc., a specialty pharmaceutical company, focuses on the development of drugs for various diseases in the United States and China. It is developing various general delivery systems, including matrix system, reservoir system, matrix plus reservoir system, osmotic pump system, and colon delivery system. The company also develops modified release dosage forms, such as orally disintegrating tablets, modified release orally disintegrating tablets, modified release suspension systems, and ophthalmic modified release systems. In addition, it develops 505(b)2 and generic drugs. The company is headquartered in Tainan City, Taiwan.",TWD,Health Care,"Pharmaceuticals, Biotechnology & Life Sciences",Pharmaceuticals,TWO,ROCO,Taipei Stock Exchange,Taiwan,,Tainan City,74147,http://www.handapharma.com.tw,Small Cap,TW0006620008,,BBG00FM0S705,BBG00FM0S6Y0,BBG00FM0S714,False
6621.TWO,"UniPharma Co., Ltd.","UniPharma Co., Ltd. engages in the brand drug development activities. The company offers adhesion reduction, neurology, cardiovascular, and anesthesia solutions; and antidotes, as well as medical devices and in vitro-diagnostic products. It also develops bio-markers for the diagnosis of neurological disease; and operates a laboratory for neurological bio-markers. The company was founded in 1998 and is based in Taipei, Taiwan.",TWD,Health Care,"Pharmaceuticals, Biotechnology & Life Sciences",Pharmaceuticals,TWO,ROCO,Taipei Stock Exchange,Taiwan,,Taipei,11494,http://www.uni-pharma.com,Nano Cap,TW0006621006,,BBG00HFBF6K9,BBG00HFBF6H3,BBG00HFBF6L8,False
6622.TWO,"Bossdom Digiinnovation Co., Ltd.","Bossdom Digiinnovation Co., Ltd. provides various content encoding services. It offers filming production, full feature post-production, VFX, animation, digital production, movie content aggregator, text localization, and digital color grading services. The company was founded in 1991 and is based in Taipei City, Taiwan.",TWD,Communication Services,Media & Entertainment,Entertainment,TWO,ROCO,Taipei Stock Exchange,Taiwan,,Taipei City,11492,http://www.bossdom.com,Nano Cap,TW0006622004,,BBG00GPYWLL7,BBG00GPYWLJ0,BBG00GPYWLM6,False
6624.TWO,Ever-Clear Environmental Eng. Corp.,"Ever-Clear Environmental Eng. Corp. engages in the evaluation, design, construction, and commissioning service of wastewater treatment and organic waste gas treatment facilities. The company is involved in the evaluation/process design/detailed design of wastewater/sludge/underground water/organic waste gas treatment; upgrade or expansion of existed wastewater or organic waste gas treatment plant; reuse of industrial wastewater; and wastewater/sludge/underground water/organic waste gas treatment equipment manufacture and turnkey services. It also provides fine screens, flow measuring tanks, sludge scrapers, anaerobic biological treatment equipment, floating decanter system of sequential batch reactors, physical and chemical treatment equipment, sludge drying equipment, and air pollution control equipment. The company serves food, textile and dying, mechanical and automotive, leather, electric and optoelectronics, biotechnology and pharmaceutical, chemical, pulp and paper, and other industries. Ever-Clear Environmental Eng. Corp. was founded in 1999 and is based in Taichung, Taiwan.",TWD,Industrials,Commercial & Professional Services,Commercial Services & Supplies,TWO,ROCO,Taipei Stock Exchange,Taiwan,,Taichung,407,http://www.ever-clear.com.tw,Nano Cap,TW0006624000,,BBG00G5D31C1,BBG00G5D3195,BBG00G5D31D0,False
6626.TWO,GAME HOURS Inc.,"GAME HOURS Inc. develops and publishes mobile/handheld gaming products. The company was formerly known as WeGames Corporation and changed its name to GAME HOURS Inc. in December 2020. GAME HOURS Inc. was founded in 2013 and is based in Taipei, Taiwan.",TWD,Communication Services,Media & Entertainment,Entertainment,TWO,ROCO,Taipei Stock Exchange,Taiwan,,Taipei,,http://www.gamehours.com,Nano Cap,TW0006626005,,,,,True
6629.TWO,"Thai Kin Co., Ltd.","Thai Kin Co., Ltd. is a company listed on the Taipei Stock Exchange under the ticker 6629. It operates in the Household Durables industry within the Consumer Discretionary sector. The company is headquartered in Taipei City, Taiwan.",TWD,Consumer Discretionary,Consumer Durables & Apparel,Household Durables,TWO,ROCO,Taipei Stock Exchange,Taiwan,,Taipei City,105,https://www.thai-kin.com,Micro Cap,KYG877791072,,BBG00P7BG4Q8,BBG00P7BG4N1,BBG00P7BG4T5,False
6633.TWO,"Somnics, Inc.","Somnics, Inc., a medical device company, focuses on developing technologies for the treatment of obstructive sleep apnea (OSA). The company offers iNAP One and iNAP Lite sleep therapy systems, which utilize oral negative pressure technology to treat OSA, a sleep-related breathing disorder. Somnics, Inc. was founded in 2011 and is based in Zhubei, Taiwan.",TWD,Health Care,Health Care Equipment & Services,Health Care Technology,TWO,ROCO,Taipei Stock Exchange,Taiwan,,Zhubei,30261,http://www.somnics.com,Nano Cap,,,,,,False
6634.TWO,Sinew Pharma Inc.,"Sinew Pharma Inc., a biopharmaceutical company, focuses on the development and sale of drugs for the treatment of hepatotoxicity-free acetaminophen and fatty liver diseases. The company's products include SNP-610 drug, which is in Phase II clinical trial for treating patients with non-alcoholic steatohepatitis in Taiwan; and SNP-630, a pre-clinical drug for treating patients with non-alcoholic steatohepatitis. It is also developing SNP-810 for use in analgesic and antipyretic indications; and SNP-830 and SNP-840, which are used as hepatotoxicity-free analgesic medicines in the United States. The company was founded in 2014 and is based in Taipei City, Taiwan.",TWD,Health Care,"Pharmaceuticals, Biotechnology & Life Sciences",Biotechnology,TWO,ROCO,Taipei Stock Exchange,Taiwan,,Taipei City,115,http://www.sinewpharma.com,Micro Cap,TW0006634009,,BBG00H09BN90,BBG00H09BN72,BBG00H09BNB7,False
6637.TWO,Medical Imaging Corporation,"Medical Imaging Corporation is a company listed on the Taipei Stock Exchange under the ticker 6637. It operates in the Health Care Providers & Services industry within the Health Care sector. The company is headquartered in Taipei, Taiwan.",TWD,Health Care,Health Care Equipment & Services,Health Care Providers & Services,TWO,ROCO,Taipei Stock Exchange,Taiwan,,Taipei,,https://www.mic-tw.com,Nano Cap,TW0006637002,,BBG00GXYFFJ3,BBG005C5CHF6,BBG005C5CHG5,False
6638.TWO,"Goldtek Technology Co., Ltd.","Goldtek Technology Co., Ltd. is a company listed on the Taipei Stock Exchange under the ticker 6638. It operates in the Communications Equipment industry within the Information Technology sector. The company is headquartered in New Taipei City, Taiwan.",TWD,Information Technology,Technology Hardware & Equipment,Communications Equipment,TWO,ROCO,Taipei Stock Exchange,Taiwan,,New Taipei City,235,https://www.goldtek.com,Nano Cap,TW0006638000,,BBG00H09BMJ1,BBG00H09BMG4,BBG00H09BMK9,False
6639.TWO,"Grand Green Energy Co., Ltd.","Grand Green Energy Co., Ltd. is a company listed on the Taipei Stock Exchange under the ticker 6639. It operates in the Machinery industry within the Industrials sector. The company is headquartered in Taoyuan City, Taiwan.",TWD,Industrials,Capital Goods,Machinery,TWO,ROCO,Taipei Stock Exchange,Taiwan,,Taoyuan City,338,https://www.ggec.com.tw,Nano Cap,TW0006639008,,BBG00MC5JHT7,BBG00MC5JHR9,BBG00MC5JHV4,False
6640.TWO,"Gallant Micro. Machining Co., LTD.","Gallant Micro. Machining Co., LTD. designs, manufactures, and sells front-end and back-end packaging and inspection equipment for manufacturing semiconductors in Taiwan, Hong Kong, and China. Its principal products include semiconductor process equipment, semiconductor detecting equipment, laser application equipment, precision machineries, and precision molds. The company was founded in 1995 and is based in New Taipei City, Taiwan. Gallant Micro. Machining Co., LTD. operates as a subsidiary of Gallant Precision Machining Co., Ltd.",TWD,Information Technology,Semiconductors & Semiconductor Equipment,Semiconductors & Semiconductor Equipment,TWO,ROCO,Taipei Stock Exchange,Taiwan,,New Taipei City,23679,http://www.gpmcorp.com.tw/en-global/about/index/28,Small Cap,TW0006640006,,BBG00HCX1YM6,BBG00HCX1YK8,BBG00HCX1YN5,False
6642.TWO,"Fuzetec Technology Co., Ltd.","Fuzetec Technology Co., Ltd. designs, manufactures, and sells circuit protection solutions for electronic and electrical industries worldwide. The company offers radial leaded PPTC, surface mount polymer PTC, battery strap polymer PTC, and low Rho SMD polymer resettable fuses, as well as PPTC chips and discs. Its products are used in various applications, including telecommunications, networks, Smart phones, tablet and notebook PCs, computers and peripherals, automotives, instrumentation and industrial controls, power supplies, consumer electronics, primary and secondary batteries, etc. The company was founded in 1997 and is headquartered in New Taipei City, Taiwan.",TWD,Information Technology,Semiconductors & Semiconductor Equipment,Semiconductors & Semiconductor Equipment,TWO,ROCO,Taipei Stock Exchange,Taiwan,,New Taipei City,24890,http://www.fuzetec.com,Micro Cap,TW0006642002,,BBG00HZ1XGG2,BBG00HZ1XGD5,BBG00HZ1XGH1,False
6643.TWO,M31 Technology Corporation,"M31 Technology Corporation operates as a professional silicon intellectual property (IP) provider. It offers standard cell library, general purpose I/O library, special I/O, high level ESD cell, memory compiler, high speed interface IP, Analog IP, and other solutions. The company was founded in 2011 and is headquartered in Zhubei, Taiwan.",TWD,Information Technology,Semiconductors & Semiconductor Equipment,Semiconductors & Semiconductor Equipment,TWO,ROCO,Taipei Stock Exchange,Taiwan,,Zhubei,302,http://www.m31tech.com,Small Cap,TW0006643000,,BBG00HPPCTD8,BBG00HPPCTB0,BBG00HPPCTF6,False
6648.TWO,"Das Technology Co., Ltd.","Das Technology Co., Ltd. is a company listed on the Taipei Stock Exchange under the ticker 6648. It operates in the Electrical Equipment industry within the Industrials sector. The company is headquartered in Taipei, Taiwan.",TWD,Industrials,Capital Goods,Electrical Equipment,TWO,ROCO,Taipei Stock Exchange,Taiwan,,Taipei,110,https://www.das.com.tw,Nano Cap,TW0006648009,,BBG00HKVWZV4,BBG00HKVWZS8,BBG00HKVWZW3,False
6649.TWO,"Taiwan Biomaterial Co., Ltd.","Taiwan Biomaterial Co., Ltd. develops and sells medical devices in Taiwan. The company provides Foamagen, an absorbable biomaterial for dura reconstruction after surgeries; stroke interventional treatment devices; and devices for the treatment of early degenerative arthritis, and tissue repair and regeneration. Taiwan Biomaterial Co., Ltd. is based in Zhubei, Taiwan.",TWD,Health Care,Health Care Equipment & Services,Health Care Equipment & Supplies,TWO,ROCO,Taipei Stock Exchange,Taiwan,,Zhubei,302,http://www.twbm.com.tw,Nano Cap,TW0006649007,,BBG00HJ4PFG5,BBG00HJ4PFD8,BBG00HJ4PFH4,False
6650.TWO,"Art Emperor Technology & Culture Co., Ltd","Art Emperor Technology & Culture Co., Ltd operates an art information website in Taiwan. Its website allows access art information; and offers art auction services, as well as TODAAY art, an e-commerce platform for artists. The company also offers art e-commerce and art advertising services. The company was founded in 1998 and is headquartered in Taipei, Taiwan.",TWD,Communication Services,Media & Entertainment,Interactive Media & Services,TWO,ROCO,Taipei Stock Exchange,Taiwan,,Taipei,,http://www.artemperor.tw,Nano Cap,TW0006650005,,BBG00HNG4MJ8,BBG00HNG4MG1,BBG00HNG4MK6,False
6651.TWO,Cystech Electronics Corp.,"Cystech Electronics Corp. designs, develops, manufactures, and supplies power devices for the computing, consumer electronics, communication, and industrial markets worldwide. The company offers MOSFET and SCR products, bipolar and digital transistors, and AECQ transistors. It also provides universal high brightness LED drivers; PWM integrated circuits (IC); DC to DC ICs; and dual operational amplifier and voltage references, regulators, CMos regulators, and quadruple operational comparators. In addition, the company offers switching control, fast, zener, switching, and schottky diodes; general purpose, glass passivated, snubber damping, and high efficiency rectifiers; and bridge and TVS products. Cystech Electronics Corp. is based in New Taipei City, Taiwan.",TWD,Information Technology,Technology Hardware & Equipment,"Electronic Equipment, Instruments & Components",TWO,ROCO,Taipei Stock Exchange,Taiwan,,New Taipei City,235,http://www.cystekec.com,Micro Cap,TW0006651003,,BBG00HSBZK68,BBG00HSBZK31,BBG00HSBZK86,False
6652.TWO,"EUSOL Biotech Co., Ltd.","Eusol Biotech Co.,Ltd. focuses on developing drugs for unmet medical needs. Its pipeline includes ES135, a recombinant human acidic fibroblast growth factor (rhFGF1) for repairing neuron function; and SM-1, a 3-in-1 capsule containing 3 commercial drugs with sedative effect. The company was founded in 2005 and is headquartered in Taipei, Taiwan.",TWD,Health Care,"Pharmaceuticals, Biotechnology & Life Sciences",Biotechnology,TWO,ROCO,Taipei Stock Exchange,Taiwan,,Taipei,10546,http://www.eusol-biotech.com,Micro Cap,TW0006652001,,,,,True
6654.TWO,"Tian Zheng International Precision Machinery Co., Ltd.","Tian Zheng International Precision Machinery Co., Ltd. is a company listed on the Taipei Stock Exchange under the ticker 6654. It operates in the Machinery industry within the Industrials sector. The company is headquartered in Kaohsiung, Taiwan.",TWD,Industrials,Capital Goods,Machinery,TWO,ROCO,Taipei Stock Exchange,Taiwan,,Kaohsiung,814018,https://www.tz-int.com,Micro Cap,TW0006654007,,BBG00J1Z0YT3,BBG00J1Z0YR5,BBG00J1Z0YV0,False
6657.TWO,"Energenesis Biomedical CO.,LTD.","Energenesis Biomedical CO.,LTD. operates in the biomedicine industry in Taiwan. It provides ENERGI-F703, which is Phase II clinical trial for use in treatment of diabetic foot ulcers; ENERGI-F701, a topical tonic for the treatment of alopecia that is in Phase II clinical trial; ENERGI-F711, a burn cream; ENERGI-F702 to treat metabolic diseases; ENERGI-F704 for the treatment of inflammatory bowel disease; ENERGI-F708 for asthma treatment; ENERGI-F705 for Parkinson's disease control; ENERGI-F707 for the treatment of mitochondria deficiency; ENERGI-F706 to treat cachexia; ENERGI-F709, a vaccine adjuvant; and ENERGI-F710 for blood phosphate control. The company also offers scientific products, which include western blot, antibody production, protein purification, and proteome experiment reagents, as well as buffer solutions for scientific researchers. Energenesis Biomedical CO.,LTD. was founded in 2012 and is based in Taipei City, Taiwan.",TWD,Health Care,"Pharmaceuticals, Biotechnology & Life Sciences",Biotechnology,TWO,ROCO,Taipei Stock Exchange,Taiwan,,Taipei City,11492,http://www.energenesis-biomedical.com,Micro Cap,,,,,,False
6661.TWO,"Welgene Biotech Co.,Ltd.","Welgene Biotech Co.,Ltd. provides clinical testing services. The company offers research services, including sequencing, microarray, quantitative PCR verification, nucleic acid extraction/QC, LCM single cell experiment, and bioinformatics analysis services; and clinical application services, such as array-based genomic hybridization and non-invasive prenatal tests. It also provides reagents, consumable supplies, and instruments, as well as software services. The company was founded in 2003 and is headquartered in Taipei City, Taiwan.",TWD,Health Care,"Pharmaceuticals, Biotechnology & Life Sciences",Biotechnology,TWO,ROCO,Taipei Stock Exchange,Taiwan,,Taipei,115,http://www.welgene.com.tw,Nano Cap,TW0006661002,,BBG00HZ1XRP8,BBG00HZ1XRM1,BBG00HZ1XRQ7,False
6662.TWO,"BioLASCO Taiwan Co., Ltd.","BioLASCO Taiwan Co., Ltd. provides bio-materials and surgical services in Taiwan and internationally. The company is also involved in the design of animal facility; and provision of contract management and training services. It breeds and produces SPF laboratory rats and mice, including outbreed stocks, inbreed strains, and immune deficient models, as well as offers special animal model services. The company also provides endotoxin detection, animal heath diagnostic, and serological kits, as well as biological indicators. In addition, it offers equipment, including IVC systems and ventilated houses; professional and automated animal watering systems; transponders; portable chlorine dioxide gas generators; mouse and rat tail cuff blood pressure systems, analgesia equipment, and animal behavioral equipment; metabolism and behavior systems, and trackers; cabinet X-ray systems; automatic cleaning equipment; workstations; isolation chambers; and foggers. The company is based in Taipei City, Taiwan.",TWD,Health Care,"Pharmaceuticals, Biotechnology & Life Sciences",Biotechnology,TWO,ROCO,Taipei Stock Exchange,Taiwan,,Taipei,115,http://www.biolasco.com.tw,Nano Cap,TW0006662000,,BBG00JM8GXJ6,BBG00JM8GXG9,BBG00JM8GXK4,False
6664.TWO,"Group Up Industrial Co., Ltd.","Group Up Industrial Co., Ltd. is a company listed on the Taipei Stock Exchange under the ticker 6664. It operates in the Machinery industry within the Industrials sector. The company is headquartered in Taoyuan City, Taiwan.",TWD,Industrials,Capital Goods,Machinery,TWO,ROCO,Taipei Stock Exchange,Taiwan,,Taoyuan City,32647,https://gp-line.com,Small Cap,TW0006664006,,BBG00HZDWKR6,BBG00HZDWKP8,BBG00HZDWKS5,False
6665.TWO,Healthconn Corp.,"Healthconn Corp. provides customized disease prevention and health management services. It offers personalized health services; health promotion services, such as nutrition, exercise, stress, and sleep management services; and health management services. The company also provides environmental food safety and clinical microbiological testing, infectious molecular biological detection, senior consultation, cancer genetic testing products, and pension planning services. Healthconn Corp. was founded in 2009 and is based in Taipei, Taiwan.",TWD,Health Care,Health Care Equipment & Services,Health Care Providers & Services,TWO,ROCO,Taipei Stock Exchange,Taiwan,,Taipei,100,http://www.healthconn.com,Nano Cap,TW0006665003,,BBG00J7TTKX5,BBG00J7TTKT0,BBG00J7TTL18,False
6667.TWO,"Trusval Technology Co., Ltd.","Trusval Technology Co., Ltd. provides solutions in the field of water supply system, waste treatment, and system integration. The company offers functional water supply systems, including CO2-DIW, O3-DIW, H2-DIW, and NH3-DIW dissolvers; and waste water treatment advanced processes that include waste acid De H2O2, waste solvent De H2O2, waste solvent De DMSO/DMSO2, waste water degrade IPA, and waste IPA and solvent reclaim, as well as reclaim of copper sulfate by electrolysis. It also provides system integration solutions, such as chemical supply, slurry supply, gas supply, waste chemical collection, and automatic electronics control systems; and engages in the planning, design, construction, and maintenance of equipment, instruments, and field pipes for the facility system in the hi-tech industries. In addition, the company is involved in the semiconductor business. Trusval Technology Co., Ltd. was founded in 1995 and is based in Miaoli, Taiwan.",TWD,Industrials,Capital Goods,Machinery,TWO,ROCO,Taipei Stock Exchange,Taiwan,,Miaoli,350-59,http://www.trusval.com.tw,Small Cap,TW0006667009,,BBG00J7TC2F3,BBG00J7TC2C6,BBG00J7TC2G2,False
6673.TWO,Innovision FlexTech Corporation,"Innovision FlexTech Corporation manufactures and sells projection screens. It offers ultra-short throw front projection, telephoto, and rear projection screens. The company is based in Kaohsiung, Taiwan. Innovision FlexTech Corporation is a subsidiary of Arisawa Mfg. Co., Ltd.",TWD,Information Technology,Technology Hardware & Equipment,"Electronic Equipment, Instruments & Components",TWO,ROCO,Taipei Stock Exchange,Taiwan,,Kaohsiung,,http://www.iftc.com.tw,Nano Cap,TW0006673007,,BBG00K67RH06,BBG00K67RGY1,BBG00K67RH15,False
6676.TWO,Sunny Pharmtech Inc.,"Sunny Pharmtech Inc. is a company listed on the Taipei Stock Exchange under the ticker 6676. It operates in the Biotechnology industry within the Health Care sector. The company is headquartered in Taoyuan, Taiwan.",TWD,Health Care,"Pharmaceuticals, Biotechnology & Life Sciences",Biotechnology,TWO,ROCO,Taipei Stock Exchange,Taiwan,,Taoyuan,325002,https://www.sunnypharmtech.com,Micro Cap,TW0006676000,,BBG014HDM482,BBG00MRDVD73,BBG00MRDVD82,False
6677.TWO,"Anxo Pharmaceutical Co., Ltd.","Anxo Pharmaceutical Co., Ltd., a specialty pharmaceutical company, develops, manufactures, and sells pharmaceutical products for medical professionals and patients in Taiwan and internationally. It offers prescription and over the counter drugs in various therapeutic areas, such as cardiovascular, metabolism, CNS, diabetic, gastroenterology, respiratory, anti-infection, dermatology, nephrology, urology, orthopedics, etc. The company was founded in 2003 and is headquartered in Taipei, Taiwan.",TWD,Health Care,"Pharmaceuticals, Biotechnology & Life Sciences",Pharmaceuticals,TWO,ROCO,Taipei Stock Exchange,Taiwan,,Taipei,10489,http://www.anxo.com.tw,Nano Cap,TW0006677008,,BBG00L7QPH49,BBG00L7QPH21,BBG00L7QPH58,False
6679.TWO,Zilltek Technology Corp.,"Zilltek Technology Corp. operates as an analog and mixed signal IC design house in Taiwan. It designs and develops micro-electromechanical (MEMS) heterogeneous integrated circuits. The company offers analog, digital, and optics MEMS microphones; digital barometric pressure and temperature sensors; audio amplifiers; DC/DC converters; LDOs; and touch screen controllers. Its products are used in PCs, wearable devices, and TVs applications. The company was founded in 2005 and is headquartered in Hsinchu City, Taiwan.",TWD,Information Technology,Semiconductors & Semiconductor Equipment,Semiconductors & Semiconductor Equipment,TWO,ROCO,Taipei Stock Exchange,Taiwan,,Hsinchu City,30078,http://www.zilltek.com,Small Cap,TW0006679004,,BBG00KT8P384,BBG00KT8P366,BBG00KT8P393,False
6680.TWO,Sintrones Technology Corp.,"Sintrones Technology Corp. manufactures and sells computers and peripherals in Taiwan, Europe, the Americas, and internationally. The company provides edge AI rugged computers; in-vehicle rugged computer computing platforms; reliable rugged industrial computer systems for smart factory automation; display computer, such as in-vehicle HM monitor, in-vehicle panel pc, and industrial panel pc; and peripherals, including GPS, CAN bus, and video capture modules. It also offers edge AI, AGV and AMR, autonomous cars, railway and rolling stock, fleet management, intelligent surveillance, smart agriculture and animal husbandry, industrial automation, and military and defense solutions. Sintrones Technology Corp. was incorporated in 2009 and is based in New Taipei City, Taiwan.",TWD,Information Technology,Technology Hardware & Equipment,"Technology Hardware, Storage & Peripherals",TWO,ROCO,Taipei Stock Exchange,Taiwan,,,,https://www.sintrones.com,Nano Cap,TW0006680002,,BBG00KSQHB59,BBG00KSQHB31,BBG00KSQHB68,False
6682.TWO,"Hua Hsu Advanced Technology Co., Ltd.","Hua Hsu Advanced Technology Co., Ltd. is a company listed on the Taipei Stock Exchange under the ticker 6682. It operates in the Semiconductors & Semiconductor Equipment industry within the Information Technology sector. The company is headquartered in Taichung, Taiwan.",TWD,Information Technology,Semiconductors & Semiconductor Equipment,Semiconductors & Semiconductor Equipment,TWO,ROCO,Taipei Stock Exchange,Taiwan,,Taichung,,http://www.huahsu.com,Micro Cap,TW0006682008,,BBG00KVQXYK0,BBG00KVQXYH4,BBG00KVQXYL9,False
6683.TWO,Keystone Microtech Corporation,"Keystone Microtech Corporation operates in the semiconductor industry in Taiwan and internationally. The company offers load board and burn-in boards. It also offers probe cards. In addition, the company provides technical services comprising of signal integrity and power integrity simulation and thermal simulation. Keystone Microtech Corporation was founded in 2006 and is based in Zhubei City, Taiwan.",TWD,Information Technology,Semiconductors & Semiconductor Equipment,Semiconductors & Semiconductor Equipment,TWO,ROCO,Taipei Stock Exchange,Taiwan,,,,https://www.ksmt.com.tw,Small Cap,TW0006683006,,BBG00L10YRM0,BBG00L10YRK2,BBG00L10YRN9,False
6684.TWO,"Algoltek, Inc.","Algoltek, Inc. provides building bloc IPs in Taiwan. The company offers solutions for video conversion in various formats, such as MHL, HDMI, VGA, DisplayPort, and type-C ALT mode; ASIC solutions for switching/splitting video signal between sink and source devices; signal extension and redriver solutions; and protocol controls for power delivery application. It also provides design assistance that enables IC designers to accelerate SoC designs from planning to SoC silicon. Algoltek, Inc. was founded in 2010 and is based in Zhubei, Taiwan.",TWD,Information Technology,Semiconductors & Semiconductor Equipment,Semiconductors & Semiconductor Equipment,TWO,ROCO,Taipei Stock Exchange,Taiwan,,Zhubei,302,http://www.algoltek.com.tw,Micro Cap,TW0006684004,,BBG00L110HX5,BBG00L110HV7,BBG00L110HY4,False
6688.TWO,Deepjoy Picture Corporation,"Deepjoy Picture Corporation engages in the film distribution, digital and TV copyright licensing, home video and audio distribution, and film investment businesses in Taiwan. It operates 100 DVD-owned cooperation channels; 92 movie theaters; and 5 cable TV channels, as well as OTT digital platforms. The company was founded in 2004 and is based in Taipei City, Taiwan.",TWD,Communication Services,Media & Entertainment,Entertainment,TWO,ROCO,Taipei Stock Exchange,Taiwan,,New Taipei City,241,http://www.deepjoy.com.tw,Nano Cap,,,,,,False
6689.TWO,"eCloudvalley Digital Technology Co., Ltd.","eCloudvalley Digital Technology Co., Ltd. operates as a cloud managed service provider and storage product distributor in Taiwan and internationally. The company offers cloud storage, disaster backup, server hosting, server monitoring, and Amazon Web Services (AWS) training; and solution for management consultant roles, such as examining existing information security risks, system architecture weaknesses, improving system performance, and lowering corporate expense on IT. It serves traditional industries; public sectors; banks; and media, gaming, and travel industries, as well as startups. eCloudvalley Digital Technology Co., Ltd. was founded in 2013 and is based in Taipei City, Taiwan.",TWD,Information Technology,Software & Services,Software,TWO,ROCO,Taipei Stock Exchange,Taiwan,,Taipei,104,http://www.ecloudvalley.com,Small Cap,,,,,,False
6690.TWO,Acer Cyber Security Inc.,"Acer Cyber Security Inc. is a company listed on the Taipei Stock Exchange under the ticker 6690. It operates in the Software industry within the Information Technology sector. The company is headquartered in Taipei, Taiwan.",TWD,Information Technology,Software & Services,Software,TWO,ROCO,Taipei Stock Exchange,Taiwan,,Taipei,110,https://www.acercsi.com,Micro Cap,TW0006690001,,BBG00LGL9982,BBG00LGL9964,BBG00LGL9991,False
6691.TWO,"Yankey Engineering Co., Ltd.","Yankey Engineering Co., Ltd. offers engineering services in Taiwan. Its projects include clean room constant temperature and humidity engineering; HVAC commercial fine air conditioning; and high and low voltage transmission, fire system, process pipeline system, water supply and drainage system, process exhaust system, and monitoring and weak current system installation engineering, as well as green energy technology services. Yankey Engineering Co., Ltd. was founded in 1980 and is headquartered in New Taipei, Taiwan.",TWD,Industrials,Capital Goods,Construction & Engineering,TWO,ROCO,Taipei Stock Exchange,Taiwan,,New Taipei,,http://www.yankey.com.tw,Small Cap,,,,,,False
6692.TWO,"Acmepoint Energy Services Co.,Ltd.","Acmepoint Energy Services Co.,Ltd. provides engineering, procurement, construction consultancy, construction, and operation warranty and maintenance services for solar power stations in Taiwan and internationally. The company also offers solar systems, grid connected PV systems, standalone PV systems, solar hot water systems, biomass energy generation systems, and energy storage systems. In addition, it provides BIPV and BAPV system integration services, and solar system and station services. The company was founded in 1994 and is headquartered in Taipei City, Taiwan.",TWD,Information Technology,Technology Hardware & Equipment,"Technology Hardware, Storage & Peripherals",TWO,ROCO,Taipei Stock Exchange,Taiwan,,Taipei City,,http://en.acmepoint.com,Nano Cap,TW0006692007,,BBG00LZGT5Y9,BBG00LZGT5W1,BBG00LZGT5Z8,False
6693.TWO,Inergy Technology Inc.,"Inergy Technology Inc. engages in the development and sale of integrated power components that are optimized for system applications. It also provides integrated power modules for motor drives and ceiling fan air cleaners. The company was founded in 2007 and is headquartered in Zhubei, Taiwan.",TWD,Information Technology,Semiconductors & Semiconductor Equipment,Semiconductors & Semiconductor Equipment,TWO,ROCO,Taipei Stock Exchange,Taiwan,,Zhubei,30288,http://www.inergy.com.tw,Micro Cap,TW0006693005,,BBG00MTPJC43,BBG00MTPJC25,BBG00MTPJC52,False
6695.TWO,"iCatch Technology, Inc.","iCatch Technology, Inc. designs and sells fabless IC. The company offers automotive grade sensing camera module image signal processor for use in ADAS front cameras, intelligent rear view cameras, blind spot detection, and driver monitoring systems; and an automotive grade SoC for use in digital video recorders, and camera and driver monitoring systems. It also provides SoC for consumer imaging devices for use in digital still, action, home security, body worn, trail, 3D sensing, surveillance, and VR cameras, as well as digital video recorders, factory automation, automated stores, and home appliances. The company was founded in 2009 and is headquartered in Hsinchu, Taiwan.",TWD,Information Technology,Semiconductors & Semiconductor Equipment,Semiconductors & Semiconductor Equipment,TWO,ROCO,Taipei Stock Exchange,Taiwan,,Hsinchu City,300,http://www.icatchtek.com,Micro Cap,TW0006695000,,,,,True
6696.TWO,"Lin BioScience, Inc.","Lin BioScience, Inc. is a company listed on the Taipei Stock Exchange under the ticker 6696. It operates in the Biotechnology industry within the Health Care sector. The company is headquartered in Taipei, Taiwan.",TWD,Health Care,"Pharmaceuticals, Biotechnology & Life Sciences",Biotechnology,TWO,ROCO,Taipei Stock Exchange,Taiwan,,Taipei,110,https://www.linbioscience.com,Mid Cap,TW0006696008,,BBG00M3JS3K7,BBG00M3JS3H1,BBG00M3JS3L6,False
6697.TWO,"Information Technology Total Services Co., Ltd","Information Technology Total Services Co., Ltd is a company listed on the Taipei Stock Exchange under the ticker 6697. It operates in the IT Services industry within the Information Technology sector. The company is headquartered in Taipei, Taiwan.",TWD,Information Technology,Software & Services,IT Services,TWO,ROCO,Taipei Stock Exchange,Taiwan,,Taipei,115,https://www.itts.com.tw,Nano Cap,TW0006697006,,BBG00M0C2M30,BBG001CNF9G0,BBG001TYRK25,False
6703.TWO,"Shiny Brands Group Co., Ltd.","Shiny Brands Group Co., Ltd. is a company listed on the Taipei Stock Exchange under the ticker 6703. It operates in the Household & Personal Products industry within the Consumer Staples sector. The company is headquartered in Taipei, Taiwan.",TWD,Consumer Staples,Household & Personal Products,,TWO,ROCO,Taipei Stock Exchange,Taiwan,,Taipei,105,https://www.shinybrands.com,Micro Cap,TW0006703002,,BBG00M63D0H5,BBG00M63D0F7,BBG00M63D0J3,False
6704.TWO,"Gwo Xi Stem Cell Applied Technology Co. , Ltd","Gwo Xi Stem Cell Applied Technology Co. , Ltd is a company listed on the Taipei Stock Exchange under the ticker 6704. It operates in the Biotechnology industry within the Health Care sector. The company is headquartered in Zhubei, Taiwan.",TWD,Health Care,"Pharmaceuticals, Biotechnology & Life Sciences",Biotechnology,TWO,ROCO,Taipei Stock Exchange,Taiwan,,Zhubei,302041,https://www.gwoxi.com,Micro Cap,TW0006704000,,BBG01G98Z105,BBG01G98Z0Y0,BBG01G98Z114,False
6705.TWO,"MARTAS Precision Slide Co., Ltd.","MARTAS Precision Slide Co.,Ltd manufactures and sells ball bearing slides for various applications in Taiwan. Its products are used in server rails, cabinets, and cloud computing devices; tool cabinets, fire cabinets, ATM machines, ending machines, POS machines, and upright open showcases; and office furniture, computer desks, copy machines, and fax machines, as well as in kitchen cabinets, dish washers, ovens, and refrigerators. The company's products are also used for automotive applications, such as in sliding arm rests, under seat and glove box storage, and luggage compartments; and residential applications for living rooms, TV cabinets, bedrooms, closets, cupboards, and restaurants. MARTAS Precision Slide Co.,Ltd was founded in 1996 and is based in New Taipei City, Taiwan.",TWD,Industrials,Capital Goods,Machinery,TWO,ROCO,Taipei Stock Exchange,Taiwan,,New Taipei City,23680,http://www.martas-online.com,Micro Cap,TW0006705007,,BBG00MC5RSZ7,BBG00MC5RSX9,BBG00MC5RT03,False
6707.TWO,Afastor Corporation,"Afastor Corporation is a company listed on the Taipei Stock Exchange under the ticker 6707. It operates in the Electronic Equipment, Instruments & Components industry within the Information Technology sector. The company is headquartered in Taipei City, Taiwan.",TWD,Information Technology,Technology Hardware & Equipment,"Electronic Equipment, Instruments & Components",TWO,ROCO,Taipei Stock Exchange,Taiwan,,Taipei City,115607,https://www.afastor.com.tw,Micro Cap,TW0006707003,,BBG018QVQDG0,BBG018QVQDD3,BBG018QVQDM3,False
6708.TWO,Mars Semiconductor Corp.,"Mars Semiconductor Corp. is a company listed on the Taipei Stock Exchange under the ticker 6708. It operates in the Semiconductors & Semiconductor Equipment industry within the Information Technology sector. The company is headquartered in Hsinchu, Taiwan.",TWD,Information Technology,Semiconductors & Semiconductor Equipment,Semiconductors & Semiconductor Equipment,TWO,ROCO,Taipei Stock Exchange,Taiwan,,Hsinchu,300,https://www.mars-semi.com.tw,Micro Cap,TW0006708001,,BBG00R8CLP60,BBG00R8CLP42,BBG00R8CLP79,False
6709.TWO,"Advagene Biopharma Co., Ltd.","Advagene Biopharma Co., Ltd. engages in the research and development of vaccine technology and related products in Taiwan. Its products in development include nasal spray influenza vaccine, allergy vaccines, other vaccines, etc. The company was founded in 1995 and is based in Taipei, Taiwan.",TWD,Health Care,"Pharmaceuticals, Biotechnology & Life Sciences",Biotechnology,TWO,ROCO,Taipei Stock Exchange,Taiwan,,Taipei,114,http://www.advagene.com.tw,Micro Cap,TW0006709009,,BBG00MMP4V35,BBG00MMP4V17,BBG00MMP4V44,False
6712.TWO,"Ever Supreme Bio Technology Co., Ltd","Ever Supreme Bio Technology Co., Ltd is a company listed on the Taipei Stock Exchange under the ticker 6712. It operates in the Biotechnology industry within the Health Care sector. The company is headquartered in Taichung, Taiwan.",TWD,Health Care,"Pharmaceuticals, Biotechnology & Life Sciences",Biotechnology,TWO,ROCO,Taipei Stock Exchange,Taiwan,,Taichung,,https://www.ever-supreme.com.tw,Small Cap,TW0006712003,,BBG00M8WFZW3,BBG00M8WFZT7,BBG00M8WFZX2,False
6716.TWO,"PADAUK Technology Co., Ltd.","PADAUK Technology Co., Ltd. develops, manufactures, and sells microcontrollers. Its products are used in interactive smart toys, remote control appliances, smart household appliances, industrial grade chips, and high-efficiency brushless DC motors. The company was founded in 2005 and is based in Hsinchu City, Taiwan.",TWD,Information Technology,Semiconductors & Semiconductor Equipment,Semiconductors & Semiconductor Equipment,TWO,ROCO,Taipei Stock Exchange,Taiwan,,Hsinchu City,300042,http://www.padauk.com.tw,Micro Cap,TW0006716004,,BBG00MQ1TDB8,BBG00MQ1TD82,BBG00MQ1TDC7,False
6717.TWO,"SmartDisplayer Technology Co., Ltd.","SmartDisplayer Technology Co., Ltd. develops, manufactures, and sells smart display cards in Taiwan and internationally. The company provides all-in-one cards; crypto currency cards; OATH card-type OTP tokens; and EMV display cards. It also offers IC, segmented e-paper, module, and firmware design; semiconductor and graphic e-paper integration; emulation kit; and credit card personalization services, as well as various OTP seed perso solutions. The company was founded in 1996 and is headquartered in Keelung, Taiwan.",TWD,Information Technology,Technology Hardware & Equipment,"Electronic Equipment, Instruments & Components",TWO,ROCO,Taipei Stock Exchange,Taiwan,,Keelung,20647,http://www.smartdisplayer.com,Nano Cap,,,,,,False
6719.TWO,uPI Semiconductor Corp.,"uPI Semiconductor Corp., an IC design company, designs and manufactures analog and mixed-signal power management solutions in electronic systems in Taiwan and internationally. It offers Power Management products, such as DC/DC buck controllers and converters, DC/DC boost converters, power device drivers, low dropout regulators, power switch ICs, LED driver ICs, charging ICs, and voltage and current consoles; Battery Management products, including PTIC and charger ICs; and low, medium, and high voltage power MOSFET products. The company also provides application and interface, ultra speed, tiny package speed, high surge, and high voltage TVS products; OP-amplifiers; bio sensors; and GaN solutions. uPI Semiconductor Corp. was founded in 2005 and is headquartered in Zhubei, Taiwan.",TWD,Information Technology,Semiconductors & Semiconductor Equipment,Semiconductors & Semiconductor Equipment,TWO,ROCO,Taipei Stock Exchange,Taiwan,,Zhubei,302,http://www.upi-semi.com,Small Cap,,,,,,False
6720.TWO,"Major-Power Technology Co., Ltd.","Major-Power Technology Co., Ltd. is a company listed on the Taipei Stock Exchange under the ticker 6720. It operates in the Semiconductors & Semiconductor Equipment industry within the Information Technology sector. The company is headquartered in Hsinchu City, Taiwan.",TWD,Information Technology,Semiconductors & Semiconductor Equipment,Semiconductors & Semiconductor Equipment,TWO,ROCO,Taipei Stock Exchange,Taiwan,,Hsinchu City,300096,https://www.major-power.com.tw,Micro Cap,TW0006720006,,BBG00P0S2Y69,BBG00P0S2Y41,BBG00P0S2Y78,False
6721.TWO,Sincere Security Co. Ltd.,"Sincere Security Co. Ltd. engages in the property management, electrical maintenance, environmental friendly cleaning, and security businesses. The company offers community, factory, and parking lot property management; and director general, administrative secretary, and other manpower dispatch services, as well as generator equipment installation and maintenance, electrical maintenance, central air conditioning system installation and maintenance, air conditioning cooling tower cleaning, water system repair and replacement, fire equipment installation and maintenance, and monitoring system installation services. It also provides environmental friendly cleaning services, such as airport, station, hospital, and building cleaning; floor waxing polishing; stone crystallization grinding; carpet, sofa chair, and office chair sterilization; disinfection; pool cleaning and water quality inspection; exterior wall cleaning; gardening planting; and waste removal services. In addition, the company offers security services, including guardian, system, and personal security, as well as central monitoring system control management services. It serves science parks, hypermarkets, commercial buildings, schools, golf courses, villas and residential areas, and government units. The company was founded in 2007 and is headquartered in Zhubei, Taiwan.",TWD,Industrials,Commercial & Professional Services,Professional Services,TWO,ROCO,Taipei Stock Exchange,Taiwan,,Zhubei,,http://www.sincere-group.com.tw,Nano Cap,TW0006721004,,BBG00NNJ6HV4,BBG00NNJ6HS8,BBG00NNJ6HW3,False
6723.TWO,"JG Environmental Technology Co.,Ltd.","JG Environmental Technology Co.,Ltd. is a company listed on the Taipei Stock Exchange under the ticker 6723. The company is headquartered in Taoyuan City, Taiwan.",TWD,,,,TWO,ROCO,Taipei Stock Exchange,Taiwan,,Taoyuan City,325025,https://www.jgok.net,Nano Cap,TW0006723000,,BBG00MTZ3DM6,BBG00MTZ3DK8,BBG00MTZ3DN5,False
6725.TWO,"Cica-Huntek Chemical Technology Taiwan Co., Ltd.","Cica-Huntek Chemical Technology Taiwan Co., Ltd. is a company listed on the Taipei Stock Exchange under the ticker 6725. It operates in the Machinery industry within the Industrials sector. The company is headquartered in Zhubei, Taiwan.",TWD,Industrials,Capital Goods,Machinery,TWO,ROCO,Taipei Stock Exchange,Taiwan,,Zhubei,302,https://www.cicahuntek.com.tw,Micro Cap,TW0006725005,,BBG01C5K2ZB0,BBG01C5K2Z84,BBG01C5K2ZC9,False
6727.TWO,"Asia Metal Industries, Inc.","Asia Metal Industries, Inc. is a company listed on the Taipei Stock Exchange under the ticker 6727. It operates in the Machinery industry within the Industrials sector. The company is headquartered in Taoyuan City, Taiwan.",TWD,Industrials,Capital Goods,Machinery,TWO,ROCO,Taipei Stock Exchange,Taiwan,,Taoyuan City,326019,https://www.asiametalinc.com,Small Cap,TW0006727001,,BBG00P83WZH8,BBG00P83WZF0,BBG00P83WZJ6,False
6728.TWO,Up Young Cornerstone Corp.,"Up Young Cornerstone Corp. is a company listed on the Taipei Stock Exchange under the ticker 6728. The company is headquartered in New Taipei City, Taiwan.",TWD,,,,TWO,ROCO,Taipei Stock Exchange,Taiwan,,New Taipei City,248,https://www.upyoung.com.tw,Micro Cap,TW0006728009,,BBG00NZNW0X8,BBG00NZNW0V0,BBG00NZNW0Y7,False
6729.TWO,Luminescence Technology Corp.,"Luminescence Technology Corp. manufactures and sells organic chemicals in North America, Europe, Asia, and Taiwan. Its product-range includes organic light emitting diode (OLED) material, OPV material, OTFT material, organic intermediates, boronic acid, and ITO patterned glass and components. The company offers patented materials, biomedical science, organic light emitting diode (OLED), thermally activated delayed fluorescence OLED, solution-processed OLED, organic photovoltaic, dye-sensitized solar cell, perovskite solar cells, organic thin-film transistor, flexible printed electronics, photonic and optical device, synthetic intermediates and reagents, and electrode/substrate and sealing. It offers organic optoelectronic materials in the markets of OLED, OPV, and OTFT have led luminescence technology. Luminescence Technology Corp. is headquartered in New Taipei City, Taiwan.",TWD,Materials,Materials,Chemicals,TWO,ROCO,Taipei Stock Exchange,Taiwan,,New Taipei City,22175,http://www.lumtec.com.tw,Nano Cap,TW0006729007,,BBG00PKB1WC2,BBG00PKB1W96,BBG00PKB1WD1,False
6730.TWO,"Lagis Enterprise Co., Ltd.","Lagis Enterprise Co., Ltd., a medical device development company, develops and markets medical devices for the laparoscopic and endoscopic surgical markets worldwide. Its products include trocars, single port surgery devices, and wound protectors; endo devices, such as hand instruments and advanced bipolar devices; specimen retrieval products; suction irrigation systems and irrigation pumps; training systems; and related accessories. The company was founded in 2004 and is headquartered in Taichung, Taiwan.",TWD,Health Care,Health Care Equipment & Services,Health Care Equipment & Supplies,TWO,ROCO,Taipei Stock Exchange,Taiwan,,Taichung,43767,http://www.lagis.com.tw,Nano Cap,TW0006730005,,BBG00QQGGXS8,BBG00QQGGXQ0,BBG00QQGGXT7,False
6731.TWO,"Femco Steel Technology Co., Ltd.","Femco Steel Technology Co., Ltd. designs, manufactures, markets, and distributes steel golf shafts to golf club original equipment manufacturers and distributors worldwide. The company offers steel shafts under the FST and KBS brand names. Femco Steel Technology Co., Ltd. is based in Chiayi, Taiwan.",TWD,Materials,Materials,Metals & Mining,TWO,ROCO,Taipei Stock Exchange,Taiwan,,Chiayi,,http://www.femcosteel.com.tw,Nano Cap,,,,,,False
6732.TWO,Sensortek Technology Corp.,"Sensortek Technology Corp. provides a range of sensor chips. Its principal products include ambient light sensors, proximity sensors, and MEMS accelerometers that are used in various applications, such as mobile phones, smart phones, tablets, laptops, digital cameras, and consumer electronics. The company is based in Jhubei City, Taiwan.",TWD,Information Technology,Technology Hardware & Equipment,"Electronic Equipment, Instruments & Components",TWO,ROCO,Taipei Stock Exchange,Taiwan,,Jhubei City,302,http://www.sensortek.com.tw,Micro Cap,TW0006732001,,BBG00PDLBH12,BBG00PDLBGZ7,BBG00PDLBH21,False
6733.TWO,"BioGend Therapeutics Co., Ltd.","BioGend Therapeutics Co., Ltd. develops regenerative bio-orthopaedic medicines. It is developing BiG-001 and BiG-006, an osteo-inductive bone graft substitute; and BiG-009, an autologous chondrocyte repair system. The company is also involved in developing bio-orthopaedic devices and treatment methods to fulfill unmet clinical needs. BioGend Therapeutics Co., Ltd. was founded in 2016 and is based in Taipei City, Taiwan.",TWD,Health Care,"Pharmaceuticals, Biotechnology & Life Sciences",Biotechnology,TWO,ROCO,Taipei Stock Exchange,Taiwan,,Taipei City,115,http://www.biogend.com.tw,Micro Cap,TW0006733009,,BBG00PDLB2R7,BBG00PDLB2P9,BBG00PDLB2S6,False
6734.TWO,"iXensor Co., Ltd.","iXensor Co., Ltd. develops, produces, and sells hardware and software systems for in-vitro diagnostic medical devices. The company's PixoTest technology uses the lighting and image sensing module of the smartphone to detect the color change reaction on the biochemical test strip. It offers PixoTest Blood Glucose Monitoring System and PixoTest POCT System for chronic diseases management; Eveline Smart Fertility System for women's health management; and systems for infectious disease management, as well as PixoHealth App, which measures, records, and uploads test readings to the cloud. The company was founded in 2012 and is based in Taipei, Taiwan.",TWD,Health Care,Health Care Equipment & Services,Health Care Equipment & Supplies,TWO,ROCO,Taipei Stock Exchange,Taiwan,,Taipei,11492,http://www.ixensor.com,Nano Cap,TW0006734007,,BBG00PGWR3L7,BBG00PGWR3J0,BBG00PGWR3M6,False
6735.TWO,"AMIDA Technology, Inc.","AMIDA Technology, Inc. develops and provides electronic testing and measurement solutions for the semiconductor and optical industries in Taiwan. The company offers CMOS image sensing testers and VCSEL wafer measurement systems; analog and mixed signal testers; and high power 3600 series testers. It also provides PCI modules, such as GPIB cards with PCI interfaces; time interval counter modules for PCI computers; and single-channel PCI-based arbitrary waveform generators. The company was founded in 2002 and is headquartered in New Taipei City, Taiwan.",TWD,Information Technology,Semiconductors & Semiconductor Equipment,Semiconductors & Semiconductor Equipment,TWO,ROCO,Taipei Stock Exchange,Taiwan,,New Taipei City,235,http://www.amidatec.com,Micro Cap,TW0006735004,,BBG00QJ4L1R8,BBG00QJ4L1P0,BBG00QJ4L1S7,False
6737.TWO,"Solid Year Co., Ltd.","Solid Year Co., Ltd. engages in the production of various single-shot and double-shot plastic injection finished products. Its products include computer keyboard, USB network camera, USB network camera module, driving recorder, hunting machine, projector, gamepad, automotive electronics, in-car multimedia audio and video system, smart rear-view mirror, head-up display, iPhone Computer electronic peripheral products, such as Car Box, infant network surveillance camera, etc. The company was founded in 1975 and is headquartered in New Taipei City, Taiwan.",TWD,Materials,Materials,Chemicals,TWO,ROCO,Taipei Stock Exchange,Taiwan,,New Taipei City,,http://www.solidyear.com,Micro Cap,TW0006737000,,BBG00R4TPVW1,BBG00R4TPVT5,BBG00R4TPVX0,False
6738.TWO,MAYO Human Capital Inc.,"MAYO Human Capital Inc. provides human resources management solutions to various industries and enterprises. The company offers Apollo, a human resources solution that integrates functions, such as attendance punching, scheduling, leave, salary, recruitment, signing, organization, and management. It also provides STAYFUN, an employee benefits integration platform that allows the company to have choices for gifts and employee benefits. In addition, the company offers Cornerstone, an integrated cloud platform, which covers online learning modules, training goal setting, performance management and core talent data management, visual talent placement and analysis, enterprises implement talent management strategies, successor bench strength building, and perfect talent development system creation. Further, it provides customized internal training courses to companies related to professional staff-only human resource consultants; and personnel administration commission professional outsourcing services. MAYO Human Capital Inc. is headquartered in Hsinchu County, Taiwan.",TWD,Information Technology,Software & Services,Software,TWO,ROCO,Taipei Stock Exchange,Taiwan,,Zhubei,302,http://www.mayohr.com,Micro Cap,TW0006738008,,BBG00PZHR687,BBG00PZHR669,BBG00PZHR696,False
6739.TWO,Grade Upon Technology Corp,"Grade Upon Technology Corp is a company listed on the Taipei Stock Exchange under the ticker 6739. It operates in the Semiconductors & Semiconductor Equipment industry within the Information Technology sector. The company is headquartered in Zhubei, Taiwan.",TWD,Information Technology,Semiconductors & Semiconductor Equipment,Semiconductors & Semiconductor Equipment,TWO,ROCO,Taipei Stock Exchange,Taiwan,,Zhubei,30244,https://www.gutc.com.tw,Small Cap,TW0006739006,,BBG010GVWX40,BBG010GVWX22,BBG010GVWX59,False
6740.TWO,Mobix Corporation,"Mobix Corporation operates mobile based e-commerce platform in Taiwan. The company was founded in 2016 and is based in Taipei, Taiwan. Mobix Corporation is a subsidiary of Kuobrothers Corp.",TWD,Consumer Discretionary,Retailing,Internet & Direct Marketing Retail,TWO,ROCO,Taipei Stock Exchange,Taiwan,,Taipei,115,http://www.mobix.com.tw,Nano Cap,,,,,,False
6741.TWO,"91App, Inc.","91App, Inc. is a company listed on the Taipei Stock Exchange under the ticker 6741. It operates in the Software industry within the Information Technology sector. The company is headquartered in Taipei, Taiwan.",TWD,Information Technology,Software & Services,Software,TWO,ROCO,Taipei Stock Exchange,Taiwan,,Taipei,,https://www.91app.com,Micro Cap,KYG6525T1022,,BBG010TBLLV8,BBG00R2K7719,BBG00R2K7728,False
6744.TWO,Feng Chi Biotech Corp.,"Feng Chi Biotech Corp. is a company listed on the Taipei Stock Exchange under the ticker 6744. It operates in the Biotechnology industry within the Health Care sector. The company is headquartered in Taipei, Taiwan.",TWD,Health Care,"Pharmaceuticals, Biotechnology & Life Sciences",Biotechnology,TWO,ROCO,Taipei Stock Exchange,Taiwan,,Taipei,100,https://www.fcbiotech.com.tw,Nano Cap,TW0006744006,,BBG00Q9DQDD3,BBG00Q9DQDB5,BBG00Q9DQDF1,False
6747.TWO,Tix Corporation,"Tix Corporation, through its subsidiary, operates as an entertainment company in the United States and internationally. The company provides discount ticketing and discount dinner reservations services. It offers discount tickets under short-term, exclusive, and nonexclusive agreements in Las Vegas at a discount of up to 50 percent for same day shows, concerts, attractions, and tours, as well as discount dining and shopping offers. As of March 19, 2020, the company operated nine discount ticket stores in Las Vegas under its Tix4Tonight marquee; and tix4tonight.com, an online ticket sales site. In addition, it provides online booking services for shows, concerts, tours, attractions, and other entertainment and leisure activities. The company was formerly known as Cinema Ride, Inc. and changed its name to Tix Corporation in March 2005. Tix Corporation was founded in 1993 and is headquartered in Studio City, California.",TWD,Communication Services,Media & Entertainment,Entertainment,TWO,ROCO,Taipei Stock Exchange,United States,CA,Studio City,91604,http://www.tixcorp.com,Nano Cap,,,,,,True
6748.TWO,"ACRO Biomedical Co., Ltd.","ACRO Biomedical Co., Ltd. is a company listed on the Taipei Stock Exchange under the ticker 6748. The company is headquartered in Kaohsiung City, Taiwan.",TWD,,,,TWO,ROCO,Taipei Stock Exchange,Taiwan,,Kaohsiung City,82151,http://www.acrobiomedical.com,Small Cap,TW0006748007,,BBG011W9RRN7,BBG011W9RRL9,BBG011W9RRP5,False
6750.TWO,Tech-Top Engineering Co. Ltd.,"Tech-Top Engineering Co. Ltd. is a company listed on the Taipei Stock Exchange under the ticker 6750. It operates in the Construction & Engineering industry within the Industrials sector. The company is headquartered in New Taipei City, Taiwan.",TWD,Industrials,Capital Goods,Construction & Engineering,TWO,ROCO,Taipei Stock Exchange,Taiwan,,New Taipei City,235603,https://www.tech-top-eng.com,Micro Cap,TW0006750003,,BBG00QRK1VT7,BBG00QRK1VR9,BBG00QRK1VV4,False
6751.TWO,Acer Synergy Tech Corp.,"Acer Synergy Tech Corp. is a company listed on the Taipei Stock Exchange under the ticker 6751. It operates in the IT Services industry within the Information Technology sector. The company is headquartered in Zhubei, Taiwan.",TWD,Information Technology,Software & Services,IT Services,TWO,ROCO,Taipei Stock Exchange,Taiwan,,Zhubei,302,https://www.acer-ast.com,Nano Cap,TW0006751001,,BBG00QTW1YV0,BBG00QTW1YS4,BBG00QTW1YW9,False
6752.TWO,Galaxy Software Services Corporation,"Galaxy Software Services Corporation is a company listed on the Taipei Stock Exchange under the ticker 6752. It operates in the Software industry within the Information Technology sector. The company is headquartered in Taipei, Taiwan.",TWD,Information Technology,Software & Services,Software,TWO,ROCO,Taipei Stock Exchange,Taiwan,,Taipei,10461,https://www.gss.com.tw,Micro Cap,TW0006752009,,BBG00R94L1F0,BBG001CQ6GQ6,BBG001TZD922,False
6753.TWO,"Lungteh Shipbuilding Co., Ltd.","Lungteh Shipbuilding Co, Ltd. designs and builds ships. It engages in building work boats, including environmental services craft and other special purpose vessels, as well as passenger ferries and naval combat boats. The company was founded in 1979 and is based in Dongshan, Taiwan.",TWD,Industrials,Capital Goods,Aerospace & Defense,TWO,ROCO,Taipei Stock Exchange,Taiwan,,Dongshan,269,http://www.lungteh.com,Micro Cap,,,,,,False
6755.TWO,"Lian Hong Art. Co., Ltd.","Lian Hong Art. Co., Ltd. is a company listed on the Taipei Stock Exchange under the ticker 6755. It operates in the Technology Hardware, Storage & Peripherals industry within the Information Technology sector. The company is headquartered in Taoyuan City, Taiwan.",TWD,Information Technology,Technology Hardware & Equipment,"Technology Hardware, Storage & Peripherals",TWO,ROCO,Taipei Stock Exchange,Taiwan,,Taoyuan City,33350,https://www.lianhong.com.tw,Nano Cap,TW0006755002,,BBG00QYYZK16,BBG00QYYZJZ2,BBG00QYYZK25,False
6757.TWO,"Tigerair Taiwan Co., Ltd.","Tigerair Taiwan Co., Ltd. provides airline services. It offers international transportation services for passengers and cargo; and ground handling services. The company was founded in 2014 and is based in Taoyuan City, Taiwan. Tigerair Taiwan Co., Ltd. is a subsidiary of China Airlines Co., Ltd.",TWD,Industrials,Transportation,Airlines,TWO,ROCO,Taipei Stock Exchange,Taiwan,,Taoyuan City,,http://www.tigerairtw.com/en/,Small Cap,,,,,,False
6758.TWO,"A-SPINE Asia Co., Ltd.","A-SPINE Asia Co., Ltd. is a company listed on the Taipei Stock Exchange under the ticker 6758. It operates in the Health Care Equipment & Supplies industry within the Health Care sector. The company is headquartered in New Taipei City, Taiwan.",TWD,Health Care,Health Care Equipment & Services,Health Care Equipment & Supplies,TWO,ROCO,Taipei Stock Exchange,Taiwan,,New Taipei City,234,https://www.aspine.com.tw,Nano Cap,TW0006758006,,BBG00R71NYW5,BBG00R71NYT9,BBG00R71NYX4,False
6761.TWO,"Wendell Industrial Co., Ltd","Wendel is a private equity firm specializing in equity financing in middle markets and later stages through leveraged buy-out transactions. It invests in both listed and non-listed companies. The firm seeks to invest in United States, Canada, Africa, Europe, and European Developed Markets. It invests between €250 million ($305.51 million) and €500 million ($611.03 million) in companies. It prefers to take a majority stake in its portfolio companies. The firm seeks to take a seat on the board of directors or supervisory board of its portfolio companies. It makes balance sheet investments. Wendel was founded in 1704 and is headquartered in Paris, France with additional offices across Asia, North America, United Kingdom and Europe.",TWD,Financials,Diversified Financials,Capital Markets,TWO,ROCO,Taipei Stock Exchange,France,,Paris,75312,http://www.wendelgroup.com,Micro Cap,TW0006761000,,BBG00R6TGQF9,BBG00R6TGQC2,BBG00R6TGQG8,False
6762.TWO,Delta Asia International Corporation,"Delta Asia International Corporation is a company listed on the Taipei Stock Exchange under the ticker 6762. It operates in the Health Care Equipment & Supplies industry within the Health Care sector. The company is headquartered in Taoyuan City, Taiwan.",TWD,Health Care,Health Care Equipment & Services,Health Care Equipment & Supplies,TWO,ROCO,Taipei Stock Exchange,Taiwan,,Taoyuan City,338021,https://www.deltaasia.com.tw,Micro Cap,TW0006762008,,BBG00R2CZSX5,BBG00R2CZSV7,BBG00R2CZSY4,False
6763.TWO,"Green World Fintech Service Co., Ltd.","Green World Fintech Service Co., Ltd. is a company listed on the Taipei Stock Exchange under the ticker 6763. It operates in the IT Services industry within the Information Technology sector. The company is headquartered in Taipei, Taiwan.",TWD,Information Technology,Software & Services,IT Services,TWO,ROCO,Taipei Stock Exchange,Taiwan,,Taipei,115,https://www.ecpay.com.tw,Micro Cap,TW0006763006,,BBG00SXFL6P4,BBG00SXFL6M7,BBG00SXFL6Q3,False
6764.TWO,"Ace Edulink Co., Ltd.","Ace Edulink Co., Ltd. provides small to high school short-term study and tutoring services. The company was founded in 2006 and is headquartered in New Taipei City, Taiwan.",TWD,Consumer Discretionary,Consumer Services,Diversified Consumer Services,TWO,ROCO,Taipei Stock Exchange,Taiwan,,New Taipei City,241,http://www.ace-edulink.com,Micro Cap,TW0006764004,,,,,True
6767.TWO,"Wiltrom Co., Ltd.","Wiltrom Co., Ltd. researches, develops, and produces a range of implantable medical devices. Its products include spinal fixation systems, interbody fusion systems, bone graft substitutes, vertebral body augmentation systems, and vertebroplasty bone cement. The company is based in Zhubei, Taiwan.",TWD,Health Care,Health Care Equipment & Services,Health Care Equipment & Supplies,TWO,ROCO,Taipei Stock Exchange,Taiwan,,Zhubei,30261,http://www.wiltrom.com.tw,Nano Cap,TW0006767007,,BBG00QZ8WJ72,BBG00QZ8WJ54,BBG00QZ8WJ81,False
6770.TWO,Powerchip Semiconductor Manufacturing Corp.,"Powerchip Semiconductor Manufacturing Corporation provides chip design and manufacturing services. It offers foundry, design, overhaul, manufacturing, and memory wafer testing services. The company was formerly known as Maxchip Electronics Corp and changed its name to Powerchip Semiconductor Manufacturing Corporation in September 2018. Powerchip Semiconductor Manufacturing Corporation was founded in 2008 and is headquartered in Hsinchu, Taiwan. Powerchip Semiconductor Manufacturing Corp. operates as a subsidiary of Powerchip Technology Corporation.",TWD,Information Technology,Semiconductors & Semiconductor Equipment,Semiconductors & Semiconductor Equipment,TWO,ROCO,Taipei Stock Exchange,Taiwan,,Hsinchu City,300,http://www.powerchip.com,Mid Cap,,,,,,False
6775.TWO,"Entire Technology Co., Ltd.","Entire Technology Co.,Ltd. operates in the optoelectronics material technology industry in Taiwan. The company offers light guide and diffuser plates for various applications, including TV screens, commercial displays, computer monitors, notebooks, tablets, SATNAV, POS terminals, industrial computers, gaming machines, and advertising signs, as well as LED backlight modules car displays, edge-lit LED panels, emergency lights, commercial advertising lights, illumination components, and equipment lightings; composite plates for 5G applications and consumer electronics cases; polycarbonate composites injections for backlight module plastic frames, which are used in electronic, machinery, and automobile industries; and composite materials and optical films for used in smartphones or in-car displays. Entire Technology Co.,Ltd. was founded in 2003 and is headquartered in Taoyuan, Taiwan.",TWD,Information Technology,Technology Hardware & Equipment,"Electronic Equipment, Instruments & Components",TWO,ROCO,Taipei Stock Exchange,Taiwan,,Taoyuan City,32459,http://www.entire.com.tw,Micro Cap,TW0006775000,,BBG00V029818,BBG00V0297Z3,BBG00V029827,False
6780.TWO,"Study King Co., Ltd.","Study King Co., Ltd. provides digital learning content. It offers high school audio-visual interactive teaching materials. The company was founded in 2012 and is based in New Taipei City, Taiwan.",TWD,Information Technology,Software & Services,Software,TWO,ROCO,Taipei Stock Exchange,Taiwan,,New Taipei City,22044,http://www.study123.com.tw,Nano Cap,TW0006780000,,BBG00W2L72Y1,BBG00W2L72W3,BBG00W2L72Z0,False
6784.TWO,"Tsky Co.,Ltd","Tsky Co., Ltd. engages in the design, development, manufacture, and sale of GPS watches and bands, and wearable devices that are used for golf, running, cycling, swimming, and track record. The company was founded in 2006 and is based in Zhubei City, Taiwan.",TWD,Information Technology,Technology Hardware & Equipment,"Electronic Equipment, Instruments & Components",TWO,ROCO,Taipei Stock Exchange,Taiwan,,Zhubei,302,http://www.tsky.com.tw,Nano Cap,TW0006784002,,BBG00Y4NG1V6,BBG00Y4NG1S0,BBG00Y4NG1X4,False
6785.TWO,Alar Pharmaceuticals Inc.,"Alar Pharmaceuticals Inc. is a company listed on the Taipei Stock Exchange under the ticker 6785. It operates in the Pharmaceuticals industry within the Health Care sector. The company is headquartered in Taichung, Taiwan.",TWD,Health Care,"Pharmaceuticals, Biotechnology & Life Sciences",Pharmaceuticals,TWO,ROCO,Taipei Stock Exchange,Taiwan,,Taichung,221,https://alarpharm.com,Micro Cap,TW0006785009,,BBG00XKGF2B6,BBG00XKGF280,BBG00XKGF2C5,False
6786.TWO,iSTART-TEK INC.,"Istart-Tek Inc. provides memory testing and repairing solutions for SoC designers worldwide. The company is based in Zhubei City, Taiwan.",TWD,Information Technology,Semiconductors & Semiconductor Equipment,Semiconductors & Semiconductor Equipment,TWO,ROCO,Taipei Stock Exchange,Taiwan,,Zhubei City,30288,http://www.istart-tek.com,Micro Cap,TW0006786007,,BBG00WLXV6Z7,BBG00WLXV6X9,BBG00WLXV703,False
6787.TWO,"Kingray Technology Corporation, Ltd.","Kingray Technology Corporation, Ltd. engages in the semiconductor wafer, diode, and LED epitaxil wafer business. It offers narrow band pass filters, new blue glasses, organic blue glasses, blue glass filters, reflective and UV IR cut filters, optical filters, rectangle and octagon OEM dicing products, and circular OEM drills; high reflective filters, anti-reflective filters, IR pass filters, beam spiltters, and dichroic color filters; and mobile phone camera module assemblies and security surveillance camera modules. The company was founded in 1999 and is based in Hsinchu, Taiwan.",TWD,Information Technology,Semiconductors & Semiconductor Equipment,Semiconductors & Semiconductor Equipment,TWO,ROCO,Taipei Stock Exchange,Taiwan,,Hsinchu,310,http://www.kingraytech.com,Micro Cap,TW0006787005,,BBG00ZXMN225,BBG00ZXMN207,BBG00ZXMN252,False
6788.TWO,Brillian Network & Automation Integrated System Co. Ltd.,"Brillian Network & Automation Integrated System Co. Ltd. is a company listed on the Taipei Stock Exchange under the ticker 6788. It operates in the Semiconductors & Semiconductor Equipment industry within the Information Technology sector. The company is headquartered in Miaoli, Taiwan.",TWD,Information Technology,Semiconductors & Semiconductor Equipment,Semiconductors & Semiconductor Equipment,TWO,ROCO,Taipei Stock Exchange,Taiwan,,Miaoli,35059,https://www.brillian.com.tw,Small Cap,TW0006788003,,BBG00XRR6T80,BBG00XRR6T62,BBG00XRR6T99,False
6789.TWO,VisEra Technologies Company Ltd.,"VisEra Technologies Company Limited manufactures and sells electronic spare parts in Taiwan. It also researches, develops, designs, manufactures, sells, packages, and tests color filters. In addition, the company offers image sensor foundry solutions, which include CMOS image sensor that performs the role of an electronic film in digital photography equipment; and wafer level testing and wafer level optical thin film services. Its CMOS image sensor products are used in various areas, such as digital cameras, camera phones, web cameras, notebooks, security devices, automobiles, and miniature imaging devices used in medical applications. The company was founded in 2003 and is based in Hsinchu City, Taiwan. VisEra Technologies Company Limited is a subsidiary of Taiwan Semiconductor Manufacturing Company Limited.",TWD,Information Technology,Semiconductors & Semiconductor Equipment,Semiconductors & Semiconductor Equipment,TWO,ROCO,Taipei Stock Exchange,Taiwan,,Hsinchu City,30078,http://www.viseratech.com,Mid Cap,,,,,,False
6790.TWO,"Yuen Foong Yu Consumer Products Co., Ltd.","Yuen Foong Yu Consumer Products Co., Ltd produces and sells household paper in Taiwan. The company is based in Taipei, Taiwan.",TWD,Consumer Staples,Household & Personal Products,Household Products,TWO,ROCO,Taipei Stock Exchange,Taiwan,,Taipei,,http://www.yfycpg.com,Small Cap,,,,,,False
6791.TWO,Taiwan Auto-Design Co.,"Taiwan Auto-Design Co. is a company listed on the Taipei Stock Exchange under the ticker 6791. It operates in the Software industry within the Information Technology sector. The company is headquartered in New Taipei City, Taiwan.",TWD,Information Technology,Software & Services,Software,TWO,ROCO,Taipei Stock Exchange,Taiwan,,New Taipei City,22065,https://www.cadmen.com,Micro Cap,TW0006791007,,BBG010JWW4Y6,BBG010JWW4W8,BBG010JWW4Z5,False
6792.TWO,Unictron Technologies Corporation,"Unictron Technologies Corp. engages in the development, manufacture, and sale of antennas and piezoelectric ceramic elements for use in various electronic devices in Taiwan and internationally. The company provides antennas, such as chip, patch, and custom-made antennas; and piezoelectric ceramic elements, including automobile parking sensors, ultrasonic transducers, weaving machine actuators, and touch panel sensors. It also offers over-voltage and over-current circuit protection components comprising spark gaps, gas tubes, thyristors, transient voltage suppressors, ZnO-based varistors, PPTC resettable fuses, and other fuses. The company was founded in 1988 and is headquartered in Hsin-Chu, Taiwan.",TWD,Information Technology,Technology Hardware & Equipment,"Electronic Equipment, Instruments & Components",TWO,ROCO,Taipei Stock Exchange,Taiwan,,Hsin-Chu,30648,http://www.unictron.com,Micro Cap,,,,,,False
6793.TWO,"Tien Li Offshore Wind Technology Co., Ltd.","Tien Li Offshore Wind Technology Co., Ltd. produces and sells wind turbine blades, wind turbine molds, and other products. It also provides offshore wind operation and maintenance, as well as blade or composite materials research and development technical advisory services. The company was founded in 1998 and is based in Taipei City, Taiwan.",TWD,Industrials,Capital Goods,Machinery,TWO,ROCO,Taipei Stock Exchange,Taiwan,,Taipei City,,http://www.tien-li.com,Nano Cap,TW0006793003,,BBG00XZ97D76,BBG00W6QZMB6,BBG00W6QZMC5,False
6794.TWO,"UnicoCell Biomed Co., Ltd.","UnicoCell Biomed Co., Ltd., a biomedical company, researches and develops stem cell therapeutic products, cell therapy technology, and regenerative medicine applications in Taiwan. It develops CT21-ELIXCYTE, which is in Phase 2 clinical trials for the treatment of knee osteoarthritis; and CT31-ELIXCYTE for the treatment of renal failure. The company offers Perfectin, a stem cell secretion and can be used as a raw material for skin care products; and UnicoVial, a cell storage container. UnicoCell Biomed Co., Ltd. was founded in 2018 and is based in Taipei, Taiwan.",TWD,Health Care,"Pharmaceuticals, Biotechnology & Life Sciences",Biotechnology,TWO,ROCO,Taipei Stock Exchange,Taiwan,,Taipei,11494,http://www.unicocell.com,Micro Cap,,,,,,False
6796.TWO,Medimaging Integrated Solution Inc.,"Medimaging Integrated Solution Inc. provides digital and portable diagnostic solutions. It designs and manufactures digital hand-held diagnostic scopes, as well as auxiliary tools. The company was founded in 2010 and is based in Hsinchu, Taiwan.",TWD,Health Care,Health Care Equipment & Services,Health Care Technology,TWO,ROCO,Taipei Stock Exchange,Taiwan,,Hsinchu,30077,http://www.miis.com.tw,Micro Cap,,,,,,False
6797.TWO,Taiwan Advanced Nanotech Inc.,"Taiwan Advanced Nanotech Inc. is a company listed on the Taipei Stock Exchange under the ticker 6797. The company is headquartered in Taoyuan, Taiwan.",TWD,,,,TWO,ROCO,Taipei Stock Exchange,Taiwan,,Taoyuan,330,https://www.tanbead.com,Nano Cap,TW0006797004,,BBG00Y08WVP6,BBG00Y08WVM9,BBG00Y08WVQ5,False
6798.TWO,"Flight International Co., Ltd.","Flight International Co., Ltd. is a company listed on the Taipei Stock Exchange under the ticker 6798. It operates in the Media industry within the Communication Services sector. The company is headquartered in Taipei City, Taiwan.",TWD,Communication Services,Media & Entertainment,Media,TWO,ROCO,Taipei Stock Exchange,Taiwan,,Taipei City,106045,https://www.fltmkt.com.tw,Nano Cap,TW0006798002,,BBG01G9NF293,BBG01G9NF275,BBG01G9NF2B0,False
6803.TWO,ECOVE Environment Corp.,"ECOVE Environment Corp. provides engineering and environmental services to public and private entities in Taiwan, Macau, China, Southeast Asia, India, and the United States. It finances, plans, constructs, operates, and maintains energy-from-waste plants, hazardous and special waste treatment plants, water and wastewater treatment plants, photovoltaic power plants, and resource reclamation and treatment plants. The company's services include operations and maintenance, consulting, and investment and development of public and private entities. It also offers technical and consulting services, such as mechatronics system and equipment maintenance and upgrade, commissioning, and testing for energy-from-waste, railway, waste management, and public utility sectors. In addition, the company is involved in developing, operating, and managing photovoltaic power plants with a total capacity of 25 megawatts; and the recycling of PET bottles. The company was formerly known as KD Holding Corp. ECOVE Environment Corp. was founded in 1994 and is headquartered in Taipei, Taiwan. ECOVE Environment Corporation operates as a subsidiary of CTCI Corporation.",TWD,Industrials,Commercial & Professional Services,Commercial Services & Supplies,TWO,ROCO,Taipei Stock Exchange,Taiwan,,Taipei,114,http://www.ecove.com,Small Cap,TW0006803000,,BBG000BSS781,BBG000BSS6K9,BBG001SRXXS8,False
6804.TWO,"Axman Enterprise Co., Ltd.","Axman Enterprise Co., Ltd. designs, develops, manufactures, tests, and sells bicycles. It provides road bikes, mountain bikes, and carbon fiber frames. The company was founded in 1985 and is based in Changhua County, Taiwan.",TWD,Consumer Discretionary,Consumer Services,"Hotels, Restaurants & Leisure",TWO,ROCO,Taipei Stock Exchange,Taiwan,,Changhua,515,http://www.axman.com.tw,Nano Cap,TW0006804008,,BBG00YB2NBD4,BBG00YB2NBB6,BBG00YB2NBF2,False
6805.TWO,Fositek Corp.,"Fositek Corp. designs, manufactures, and distributes consumer electronic components. The company produces connecting rotating shafts, cantilever brackets, and other components for computers, optics, appliances, and communications and medical equipment. It markets its products in Asia, the United States, and internationally. The company was founded in 1990 and is based in New Taipei City, Taiwan.",TWD,Information Technology,Technology Hardware & Equipment,"Technology Hardware, Storage & Peripherals",TWO,ROCO,Taipei Stock Exchange,Taiwan,,New Taipei City,24892,http://www.fositek.com,Small Cap,,,,,,False
6806.TWO,"Shinfox Energy Co., Ltd","Shinfox Energy International Inc. engages in oil trading business. The company is based in New Taipei City, Taiwan.",TWD,Utilities,Utilities,Independent Power and Renewable Electricity Producers,TWO,ROCO,Taipei Stock Exchange,Taiwan,,New Taipei City,,http://www.shinfox.com.tw,Small Cap,,,BBG00YCW4P83,BBG00YCW4P74,BBG00YCW4PB9,False
6808.TWO,3D Global Biotech Inc.,"3D Global Biotech Inc. is a company listed on the Taipei Stock Exchange under the ticker 6808. It operates in the Biotechnology industry within the Health Care sector. The company is headquartered in New Taipei City, Taiwan.",TWD,Health Care,"Pharmaceuticals, Biotechnology & Life Sciences",Biotechnology,TWO,ROCO,Taipei Stock Exchange,Taiwan,,New Taipei City,221,https://www.3dglobalbiotech.com.tw,Micro Cap,TW0006808009,,BBG00YJ9NG04,BBG00YJ9NFY9,BBG00YJ9NG13,False
6810.TWO,Bio Preventive Medicine Corp.,"Bio Preventive Medicine Corp. is a company listed on the Taipei Stock Exchange under the ticker 6810. It operates in the Biotechnology industry within the Health Care sector. The company is headquartered in Zhubei, Taiwan.",TWD,Health Care,"Pharmaceuticals, Biotechnology & Life Sciences",Biotechnology,TWO,ROCO,Taipei Stock Exchange,Taiwan,,Zhubei,302,https://www.bpmbiotech.com,Nano Cap,TW0006810005,,BBG01280D019,BBG01280CZZ6,BBG01280D028,False
6811.TWO,Acer E-Enabling Service Business Inc.,"Acer E-Enabling Service Business Inc. is a company listed on the Taipei Stock Exchange under the ticker 6811. It operates in the IT Services industry within the Information Technology sector. The company is headquartered in Taipei, Taiwan.",TWD,Information Technology,Software & Services,IT Services,TWO,ROCO,Taipei Stock Exchange,Taiwan,,Taipei,105001,https://www.aceraeb.com,Small Cap,TW0006811003,,BBG00TPPWG02,BBG00TPPWFY7,BBG00TPPWNH9,False
6812.TWO,"Saultech Technology Co., Ltd","Saul Tech Technology Co., Ltd. develops, manufactures, and sells precision equipment. It offers IC products in various series, such as wafer to tray, wafer to wafer, wafer to tape, and multi-function sorter products; LED mapping sorters and mini LED die attachments; and LD bar attachments. The company is based in Hsinchu City, Taiwan.",TWD,Industrials,Capital Goods,Machinery,TWO,ROCO,Taipei Stock Exchange,Taiwan,,Hsinchu City,300,http://www.saultech.com.tw,Micro Cap,TW0006812001,,BBG00Z1KPKN9,BBG00Z1KPKL1,BBG00Z1KPKP7,False
6813.TWO,"GeneTouch Corp., Ltd","GeneTouch Corp., Ltd. designs and manufactures touch technology products. The company offers infrared touch, PCAP touch, and digital signage products, as well as wireless presentation solutions and accessories. It also provides electronics manufacturing service FOR OEM/ODM customers. GeneTouch Corp., Ltd. Was founded in 2009 is based in Taoyuan, Taiwan.",TWD,Information Technology,Technology Hardware & Equipment,"Electronic Equipment, Instruments & Components",TWO,ROCO,Taipei Stock Exchange,Taiwan,,Taoyuan City,338,http://www.genetouch.com,Nano Cap,,,,,,False
6814.TWO,Lukas Biomedical Inc.,"Lukas Biomedical Inc. engages in the research and the development of immunotherapy for cancer treatment. It is also involved in the rental of medical equipment. The company was founded in 2014 and is headquartered in Taipei City, Taiwan.",TWD,Health Care,"Pharmaceuticals, Biotechnology & Life Sciences",Biotechnology,TWO,ROCO,Taipei Stock Exchange,Taiwan,,Taipei,,http://www.lukas-bio.com.tw,Nano Cap,TW0006814007,,BBG00YPHS9K8,BBG00MYZ8016,BBG00MYZ8025,False
6815.TWO,"Diamond Biotechnology Co., Ltd","Diamond Biotechnology Co., Ltd is a company listed on the Taipei Stock Exchange under the ticker 6815. The company is headquartered in Taipei, Taiwan.",TWD,,,,TWO,ROCO,Taipei Stock Exchange,Taiwan,,Taipei,221,https://www.diamond-biotechnology.com,Nano Cap,TW0006815004,,BBG00YZH1RR9,BBG00YZH1RP1,BBG00YZH1RS8,False
6816.TWO,MetaEdge Corporation,"MetaEdge Corporation provides data warehousing and business intelligence (BI) consulting services to enterprise customers in China. Its solutions cover BI tools and software, and education and training related services. The company was founded in 2000 and is based in Taipei, Taiwan.",TWD,Information Technology,Software & Services,Software,TWO,ROCO,Taipei Stock Exchange,Taiwan,,Taipei,105,http://www.metaedge.com.tw,Nano Cap,TW0006816002,,BBG00YRDFBS6,BBG00YRDFBQ8,BBG00YRDFBT5,False
6817.TWO,"Winston Medical Supply Co.,Ltd","Winston Medical Supply Co.,Ltd. engages in the development, manufacture, and distribution of pharmaceuticals, nutrition supplements, and cosmeceutical products. It offers sterile ophthalmic preparations comprising gels, suspensions, solutions, and emulsions; hormone preparations, which primarily cover birth control and oral suspension for cancer related cachexia; external use preparations comprising ointments; and other oral preparations, which are in oral dosage forms, such as powders, troches, tables, film coated tablets, chewables, and capsules for the treatment of colds, gastrointestinal issues, or other indications. The company was founded in 1974 and is based in Tainan City, Taiwan. As of January 2014, Winston Medical Supply Co., Ltd. operates as a subsidiary of Medigen Biotechnology Corp.",TWD,Health Care,"Pharmaceuticals, Biotechnology & Life Sciences",Pharmaceuticals,TWO,ROCO,Taipei Stock Exchange,Taiwan,,Tainan City,71072,http://www.winston.com.tw,Nano Cap,TW0006817000,,BBG00Z4MCTN7,BBG005KM0G01,BBG005KM0G10,False
6818.TWO,Advanced Wireless & Antenna Inc.,"Advanced Wireless & Antenna Inc. manufactures and sells computer and communication connectors in Taiwan and internationally. It offers Wi-Fi, NFC, networking, and 3D antennas; and NFC modules with antennas, as well as Netcom antennas. Its products are used in computer, electronic communication, telecommunications, automotive, medical, and Internet of Things and other related markets. The company was founded in 2000 and is based in New Taipei City, Taiwan.",TWD,Information Technology,Technology Hardware & Equipment,"Electronic Equipment, Instruments & Components",TWO,ROCO,Taipei Stock Exchange,Taiwan,,New Taipei City,231,http://www.awan-ant.com,Nano Cap,TW0006818008,,BBG00W2L1HT0,BBG00W2L1HR2,BBG00W2L1HV7,False
6819.TWO,Oriental System Technology Inc.,"Oriental System Technology Inc. is a company listed on the Taipei Stock Exchange under the ticker 6819. It operates in the Semiconductors & Semiconductor Equipment industry within the Information Technology sector. The company is headquartered in Hsinchu City, Taiwan.",TWD,Information Technology,Semiconductors & Semiconductor Equipment,Semiconductors & Semiconductor Equipment,TWO,ROCO,Taipei Stock Exchange,Taiwan,,Hsinchu City,30075,https://www.orisystech.com,Micro Cap,TW0006819006,,BBG00Z2W39N1,BBG00Z2W39L3,BBG00Z2W39P9,False
6820.TWO,Acon Optics Communications Inc.,"Acon Optics Communications Inc. designs, manufactures, and sells fiber optical components worldwide. It offers connectors, adapters, patch cords, FTTA cables with mesh cover and angled boot, accessories, fiber optic extenders, fiber optic and copper transceivers, and water repellent materials; MPO/MTP solutions; and data center solutions, such as cassette series, panel series, and cable management. The company was founded in 2017 and is based in New Taipei City, Taiwan.",TWD,Information Technology,Technology Hardware & Equipment,Communications Equipment,TWO,ROCO,Taipei Stock Exchange,Taiwan,,New Taipei City,231,http://www.aconoptics.com,Micro Cap,TW0006820004,,BBG00XLVHRW2,BBG00XLVHRT6,BBG00XLVHRX1,False
6821.TWO,"LinkCom Manufacturing Co.,LTD.","LinkCom Manufacturing Co., Ltd. designs, produces, and sells magnetic components, intelligent power supplies, and intelligent lighting control solutions worldwide. Its products are used in 5G, electric car, IoT, ehealth, network communication, and industrial control applications. The company was founded in 1988 and is headquartered in New Taipei City, Taiwan.",TWD,Information Technology,Technology Hardware & Equipment,"Electronic Equipment, Instruments & Components",TWO,ROCO,Taipei Stock Exchange,Taiwan,,New Taipei City,231,http://www.linkcomusa.com,Nano Cap,TW0006821002,,BBG0100NKXM8,BBG0100NKXK0,BBG0100NKXN7,False
6823.TWO,Greenfiltec Ltd.,"Greenfiltec Ltd. is a company listed on the Taipei Stock Exchange under the ticker 6823. The company is headquartered in Taoyuan City, Taiwan.",TWD,,,,TWO,ROCO,Taipei Stock Exchange,Taiwan,,Taoyuan City,32665,https://www.greenfiltec.com,Micro Cap,TW0006823008,,BBG0118WTS86,BBG010JWLF91,BBG010JWLFC7,False
6825.TWO,"Qbic Technology Co., Ltd.","Qbic Technology Co., Ltd. develops and sells commercial and industrial grade devices in Taiwan. The company provides smart panel-PCs, embedded and fanless ARM box-PCs, fanless AI edge computers, embedded and fanless x86 box-PCs, single board computers, OQupancy manager devices, kiosks, and accessories It offers devices for facility management, embedded computing, retail and hospitality solution, interactive smart technology, and design and manufacturing. The company is headquartered in New Taipei City, Taiwan.",TWD,Information Technology,Technology Hardware & Equipment,"Technology Hardware, Storage & Peripherals",TWO,ROCO,Taipei Stock Exchange,Taiwan,,New Taipei City,,http://www.qbictechnology.com,Nano Cap,TW0006825003,,BBG0107G8VS8,BBG0107G8VQ0,BBG0107G8VT7,False
6826.TWO,Taiwan Puritic Corp.,"Taiwan Puritic Corp. is a company listed on the Taipei Stock Exchange under the ticker 6826. It operates in the Semiconductors & Semiconductor Equipment industry within the Information Technology sector. The company is headquartered in Hsinchu City, Taiwan.",TWD,Information Technology,Semiconductors & Semiconductor Equipment,Semiconductors & Semiconductor Equipment,TWO,ROCO,Taipei Stock Exchange,Taiwan,,Hsinchu City,303036,https://www.jtpc.com.tw,Small Cap,TW0006826001,,BBG011C1LJZ7,BBG011C1LJX9,BBG011C1LK02,False
6827.TWO,"MegaPro Biomedical Co., Ltd","MegaPro Biomedical Co., Ltd is a company listed on the Taipei Stock Exchange under the ticker 6827. It operates in the Biotechnology industry within the Health Care sector. The company is headquartered in Zhubei, Taiwan.",TWD,Health Care,"Pharmaceuticals, Biotechnology & Life Sciences",Biotechnology,TWO,ROCO,Taipei Stock Exchange,Taiwan,,Zhubei,302,https://www.megaprobio.com,Nano Cap,TW0006827009,,BBG012WH5CQ1,BBG00QX1ZQ89,BBG00QX1ZQ98,False
6829.TWO,"ChenFull Precision Co., Ltd.","ChenFull Precision Co., Ltd. is a company listed on the Taipei Stock Exchange under the ticker 6829. It operates in the Machinery industry within the Industrials sector. The company is headquartered in Taichung, Taiwan.",TWD,Industrials,Capital Goods,Machinery,TWO,ROCO,Taipei Stock Exchange,Taiwan,,Taichung,421012,https://www.cfprec.com.tw,Small Cap,TW0006829005,,BBG012M7L8K1,BBG00ZN4QXR8,BBG00ZN4QXS7,False
6832.TWO,"King's Metal Fiber Technologies Co., Ltd.","King's Metal Fiber Technologies Co., Ltd. is a company listed on the Taipei Stock Exchange under the ticker 6832. The company is headquartered in Taipei, Taiwan.",TWD,,,,TWO,ROCO,Taipei Stock Exchange,Taiwan,,Taipei,104,https://www.kingsmetalfiber.com,Micro Cap,TW0006832009,,BBG012JMZZN4,BBG012JMZZL6,BBG012JMZZP2,False
6833.TWO,T-Conn Precision Corporation,"T-Conn Precision Corporation is a company listed on the Taipei Stock Exchange under the ticker 6833. It operates in the Electrical Equipment industry within the Industrials sector. The company is headquartered in New Taipei, Taiwan.",TWD,Industrials,Capital Goods,Electrical Equipment,TWO,ROCO,Taipei Stock Exchange,Taiwan,,New Taipei,30352,https://www.t-conn.com,Nano Cap,TW0006833007,,BBG0116MCG02,BBG0116MCFY7,BBG0116MCG11,False
6839.TWO,"Power Master II Holdings. Co., Ltd.","Power Master II Holdings. Co., Ltd. is a company listed on the Taipei Stock Exchange under the ticker 6839. The company is headquartered in New Taipei City, Taiwan.",TWD,,,,TWO,ROCO,Taipei Stock Exchange,Taiwan,,New Taipei City,242,https://www.powermaster.com.tw,Nano Cap,TW0006839004,,BBG01318YGY3,BBG01318YGW5,BBG01318YGZ2,False
6840.TWO,BTL Inc.,"BTL Inc. is a company listed on the Taipei Stock Exchange under the ticker 6840. It operates in the Commercial & Professional Services industry within the Industrials sector. The company is headquartered in Taipei, Taiwan.",TWD,Industrials,Commercial & Professional Services,,TWO,ROCO,Taipei Stock Exchange,Taiwan,,Taipei,302,https://www.btl.com.tw,Micro Cap,TW0006840002,,BBG011PKRSK1,BBG011PKRSH5,BBG011PKRSL0,False
6841.TWO,"Ever Fortune.AI Co., Ltd.","Ever Fortune.AI Co., Ltd. is a company listed on the Taipei Stock Exchange under the ticker 6841. It operates in the Software industry within the Information Technology sector. The company is headquartered in Taichung City, Taiwan.",TWD,Information Technology,Software & Services,Software,TWO,ROCO,Taipei Stock Exchange,Taiwan,,Taichung City,406040,https://www.everfortuneai.com.tw,Micro Cap,TW0006841000,,BBG012DZMY76,BBG012DZMY58,BBG012DZMY85,False
6842.TWO,"Nexora Technology Co., Ltd.","Nexora Technology Co., Ltd. is a company listed on the Taipei Stock Exchange under the ticker 6842. It operates in the Electronic Equipment, Instruments & Components industry within the Information Technology sector. The company is headquartered in Taipei, Taiwan.",TWD,Information Technology,Technology Hardware & Equipment,"Electronic Equipment, Instruments & Components",TWO,ROCO,Taipei Stock Exchange,Taiwan,,Taipei,114,https://www.e-elements.com.tw,Nano Cap,TW0006842008,,BBG012NV7MR5,BBG012NV7MP7,BBG012NV7MS4,False
6843.TWO,"JDV Control Valves Co., Ltd.","JDV Control Valves Co., Ltd. is a company listed on the Taipei Stock Exchange under the ticker 6843. It operates in the Machinery industry within the Industrials sector. The company is headquartered in Taoyuan City, Taiwan.",TWD,Industrials,Capital Goods,Machinery,TWO,ROCO,Taipei Stock Exchange,Taiwan,,Taoyuan City,326,http://www.jdv.com.tw,Nano Cap,TW0006843006,,BBG012T7QDL7,BBG012T7QDJ0,BBG012T7QDM6,False
6844.TWO,"Norbel Baby Co., Ltd","Norbel Baby Co., Ltd is a company listed on the Taipei Stock Exchange under the ticker 6844. It operates in the Retailing industry within the Consumer Discretionary sector. The company is headquartered in Kaohsiung, Taiwan.",TWD,Consumer Discretionary,Retailing,,TWO,ROCO,Taipei Stock Exchange,Taiwan,,Kaohsiung,,https://www.norbelbaby.com.tw,Micro Cap,TW0006844004,,BBG013CM77S7,BBG013CM77Q9,BBG013CM77V3,False
6846.TWO,"Greenyn Biotechnology Co., Ltd","Greenyn Biotechnology Co., Ltd is a company listed on the Taipei Stock Exchange under the ticker 6846. It operates in the Biotechnology industry within the Health Care sector. The company is headquartered in Taichung, Taiwan.",TWD,Health Care,"Pharmaceuticals, Biotechnology & Life Sciences",Biotechnology,TWO,ROCO,Taipei Stock Exchange,Taiwan,,Taichung,428,https://www.greenynbio.com,Nano Cap,TW0006846009,,BBG016PTKWL8,BBG016PTKWJ1,BBG016PTKWN6,False
6847.TWO,"Puriblood Medical Co., Ltd.","Puriblood Medical Co., Ltd. is a company listed on the Taipei Stock Exchange under the ticker 6847. The company is headquartered in Hsinchu City, Taiwan.",TWD,,,,TWO,ROCO,Taipei Stock Exchange,Taiwan,,Hsinchu City,300096,https://www.puriblood.com,Nano Cap,TW0006847007,,BBG0137PMXY5,BBG0137PMXW7,BBG0137PMXZ4,False
6848.TWO,RBC Bioscience Corporation,"RBC Bioscience Corporation is a company listed on the Taipei Stock Exchange under the ticker 6848. It operates in the Biotechnology industry within the Health Care sector. The company is headquartered in New Taipei City, Taiwan.",TWD,Health Care,"Pharmaceuticals, Biotechnology & Life Sciences",Biotechnology,TWO,ROCO,Taipei Stock Exchange,Taiwan,,New Taipei City,235029,https://www.rbcbioscience.com,Nano Cap,TW0006848005,,BBG0132GD3Q5,BBG00D7CFP78,BBG00D7CFP96,False
6850.TWO,BiOptic Inc.,"BiOptic Inc. is a company listed on the Taipei Stock Exchange under the ticker 6850. It operates in the Biotechnology industry within the Health Care sector. The company is headquartered in New Taipei City, Taiwan.",TWD,Health Care,"Pharmaceuticals, Biotechnology & Life Sciences",Biotechnology,TWO,ROCO,Taipei Stock Exchange,Taiwan,,New Taipei City,23141,https://www.bioptic.com.tw,Nano Cap,TW0006850001,,BBG013F1X4L5,BBG013F1X4J8,BBG013F1X4M4,False
6855.TWO,"Eclatorq Technology Co., Ltd.","Eclatorq Technology Co., Ltd. is a company listed on the Taipei Stock Exchange under the ticker 6855. It operates in the Machinery industry within the Industrials sector. The company is headquartered in Taichung, Taiwan.",TWD,Industrials,Capital Goods,Machinery,TWO,ROCO,Taipei Stock Exchange,Taiwan,,Taichung,42760,https://www.eclatorq.com,Micro Cap,TW0006855000,,BBG012V38TN6,BBG012V38TL8,BBG012V38TP4,False
6856.TWO,SHINE TREND International Multimedia Technology Co. Ltd.,"SHINE TREND International Multimedia Technology Co. Ltd. is a company listed on the Taipei Stock Exchange under the ticker 6856. It operates in the Entertainment industry within the Communication Services sector. The company is headquartered in Taichung, Taiwan.",TWD,Communication Services,Media & Entertainment,Entertainment,TWO,ROCO,Taipei Stock Exchange,Taiwan,,Taichung,41262,https://www.st-media.com.tw,Nano Cap,TW0006856008,,BBG011QKRXJ1,BBG011QKRXG4,BBG011QKRXK9,False
6857.TWO,Acer Medical Inc.,"Acer Medical Inc. is a company listed on the Taipei Stock Exchange under the ticker 6857. It operates in the Health Care Technology industry within the Health Care sector. The company is headquartered in New Taipei City, Taiwan.",TWD,Health Care,Health Care Equipment & Services,Health Care Technology,TWO,ROCO,Taipei Stock Exchange,Taiwan,,New Taipei City,,https://www.acer-medical.com,Nano Cap,TW0006857006,,BBG01332M8Q4,BBG01332M8N7,BBG01332M8R3,False
6858.TWO,IPEVO Corporation,"IPEVO Corporation is a company listed on the Taipei Stock Exchange under the ticker 6858. It operates in the Communications Equipment industry within the Information Technology sector. The company is headquartered in Taipei, Taiwan.",TWD,Information Technology,Technology Hardware & Equipment,Communications Equipment,TWO,ROCO,Taipei Stock Exchange,Taiwan,,Taipei,11470,https://international.ipevo.com/tw,Nano Cap,TW0006858004,,BBG014C291C7,BBG014C29191,BBG014C291D6,False
6859.TWO,"Best Precision Industrial Co., Ltd.","Best Precision Industrial Co., Ltd. is a company listed on the Taipei Stock Exchange under the ticker 6859. It operates in the Machinery industry within the Industrials sector. The company is headquartered in Taichung, Taiwan.",TWD,Industrials,Capital Goods,Machinery,TWO,ROCO,Taipei Stock Exchange,Taiwan,,Taichung,42753,https://www.best-opto.com,Micro Cap,TW0006859002,,BBG013TPWRN5,BBG013TPWRK8,BBG013TPWRQ2,False
6864.TWO,"Anti-Microbial Savior BioteQ Co., Ltd","Anti-Microbial Savior BioteQ Co., Ltd is a company listed on the Taipei Stock Exchange under the ticker 6864. It operates in the Biotechnology industry within the Health Care sector. The company is headquartered in Kaohsiung, Taiwan.",TWD,Health Care,"Pharmaceuticals, Biotechnology & Life Sciences",Biotechnology,TWO,ROCO,Taipei Stock Exchange,Taiwan,,Kaohsiung,802701,https://www.ams-bioteq.com,Micro Cap,TW0006864002,,BBG0147575G5,BBG0147575D8,BBG0147575J2,False
6865.TWO,"WebComm Technology Co., Ltd.","WebComm Technology Co., Ltd. is a company listed on the Taipei Stock Exchange under the ticker 6865. It operates in the Software industry within the Information Technology sector. The company is headquartered in Taipei, Taiwan.",TWD,Information Technology,Software & Services,Software,TWO,ROCO,Taipei Stock Exchange,Taiwan,,Taipei,105409,https://www.webcomm.com.tw,Nano Cap,TW0006865009,,BBG0145MJPQ2,BBG0145MJPN5,BBG0145MJPR1,False
6867.TWO,"Tan De Tech Co., Ltd","Tan De Tech Co., Ltd is a company listed on the Taipei Stock Exchange under the ticker 6867. It operates in the Auto Components industry within the Consumer Discretionary sector. The company is headquartered in Douliu, Taiwan.",TWD,Consumer Discretionary,Automobiles & Components,Auto Components,TWO,ROCO,Taipei Stock Exchange,Taiwan,,Douliu,64069,https://www.tdtech.com.tw,Nano Cap,TW0006867005,,BBG0182L9011,BBG0182L8ZZ8,BBG0182L9020,False
6868.TWO,Iscom Online International Information Inc.,"Iscom Online International Information Inc. is a company listed on the Taipei Stock Exchange under the ticker 6868. It operates in the Software industry within the Information Technology sector. The company is headquartered in Taichung, Taiwan.",TWD,Information Technology,Software & Services,Software,TWO,ROCO,Taipei Stock Exchange,Taiwan,,Taichung,407031,https://www.iscom.com.tw,Nano Cap,TW0006868003,,BBG014CZ44R7,BBG014CZ44P9,BBG014CZ44S6,False
6870.TWO,Turn Cloud Technology Service Inc.,"Turn Cloud Technology Service Inc. is a company listed on the Taipei Stock Exchange under the ticker 6870. It operates in the IT Services industry within the Information Technology sector. The company is headquartered in New Taipei City, Taiwan.",TWD,Information Technology,Software & Services,IT Services,TWO,ROCO,Taipei Stock Exchange,Taiwan,,New Taipei City,221,https://www.turn2cloud.com,Micro Cap,TW0006870009,,BBG00R87GVJ0,BBG00R87GVG3,BBG00R87GVK8,False
6872.TWO,NaviFUS Corp.,"NaviFUS Corp. is a company listed on the Taipei Stock Exchange under the ticker 6872. It operates in the Health Care Equipment & Supplies industry within the Health Care sector. The company is headquartered in Taipei, Taiwan.",TWD,Health Care,Health Care Equipment & Services,Health Care Equipment & Supplies,TWO,ROCO,Taipei Stock Exchange,Taiwan,,Taipei,103,https://navifus.com,Nano Cap,TW0006872005,,BBG018539L94,BBG0185379T1,BBG018537B07,False
6874.TWO,"M-POWER INFORMATION Co., Ltd.","M-POWER INFORMATION Co., Ltd. is a company listed on the Taipei Stock Exchange under the ticker 6874. It operates in the Software industry within the Information Technology sector. The company is headquartered in Taipei, Taiwan.",TWD,Information Technology,Software & Services,Software,TWO,ROCO,Taipei Stock Exchange,Taiwan,,Taipei,,https://www.mpinfo.com.tw,Nano Cap,TW0006874001,,BBG0140GMP22,BBG0140GMP04,BBG0140GMP31,False
6875.TWO,Pharmosa Biopharm Inc.,"Pharmosa Biopharm Inc. is a company listed on the Taipei Stock Exchange under the ticker 6875. It operates in the Biotechnology industry within the Health Care sector. The company is headquartered in Taipei City, Taiwan.",TWD,Health Care,"Pharmaceuticals, Biotechnology & Life Sciences",Biotechnology,TWO,ROCO,Taipei Stock Exchange,Taiwan,,Taipei City,11502,https://www.pharmosa.com.tw,Micro Cap,TW0006875008,,BBG015CHM0J1,BBG015CHM0G4,BBG015CHM0L8,False
6876.TWO,"LAUNXP Biomedical Co., Ltd","LAUNXP Biomedical Co., Ltd is a company listed on the Taipei Stock Exchange under the ticker 6876. It operates in the Biotechnology industry within the Health Care sector. The company is headquartered in Taichung, Taiwan.",TWD,Health Care,"Pharmaceuticals, Biotechnology & Life Sciences",Biotechnology,TWO,ROCO,Taipei Stock Exchange,Taiwan,,Taichung,408,http://www.launxp.com,Nano Cap,TW0006876006,,BBG01KY714N6,BBG01KY714L8,BBG01KY714P4,False
6877.TWO,"Hye Technology Co.,Ltd","Hye Technology Co.,Ltd is a company listed on the Taipei Stock Exchange under the ticker 6877. It operates in the Semiconductors & Semiconductor Equipment industry within the Information Technology sector. The company is headquartered in Kaohsiung, Taiwan.",TWD,Information Technology,Semiconductors & Semiconductor Equipment,Semiconductors & Semiconductor Equipment,TWO,ROCO,Taipei Stock Exchange,Taiwan,,Kaohsiung,821011,https://www.hyetech.com.tw,Micro Cap,TW0006877004,,BBG015K3T596,BBG015K3T578,BBG015K3T5B3,False
6878.TWO,"O'Pay Electronic Payment Co., Ltd.","O'Pay Electronic Payment Co., Ltd. is a company listed on the Taipei Stock Exchange under the ticker 6878. It operates in the Software industry within the Information Technology sector. The company is headquartered in Taipei, Taiwan.",TWD,Information Technology,Software & Services,Software,TWO,ROCO,Taipei Stock Exchange,Taiwan,,Taipei,115,https://www.opay.tw,Nano Cap,TW0006878002,,BBG015WTN3B4,BBG015WTN388,BBG015WTN3K4,False
6879.TWO,TCI GENE Inc.,"TCI GENE Inc. is a company listed on the Taipei Stock Exchange under the ticker 6879. It operates in the Biotechnology industry within the Health Care sector. The company is headquartered in Taipei, Taiwan.",TWD,Health Care,"Pharmaceuticals, Biotechnology & Life Sciences",Biotechnology,TWO,ROCO,Taipei Stock Exchange,Taiwan,,Taipei,11494,https://www.tci-gene.com,Nano Cap,TW0006879000,,BBG014JFFTM2,BBG014JFFTK4,BBG014JFFTN1,False
6881.TWO,Ruentex Interior Design Inc.,"Ruentex Interior Design Inc. is a company listed on the Taipei Stock Exchange under the ticker 6881. It operates in the Professional Services industry within the Industrials sector. The company is headquartered in Taipei City, Taiwan.",TWD,Industrials,Commercial & Professional Services,Professional Services,TWO,ROCO,Taipei Stock Exchange,Taiwan,,Taipei City,104,https://rd.ruentex.com.tw,Micro Cap,TW0006881006,,BBG018QP0NR7,BBG005Q1R0Q9,BBG005Q1R0R8,False
6882.TWO,Reallusion Inc.,"Reallusion Inc. is a company listed on the Taipei Stock Exchange under the ticker 6882. It operates in the Software industry within the Information Technology sector. The company is headquartered in New Taipei City, Taiwan.",TWD,Information Technology,Software & Services,Software,TWO,ROCO,Taipei Stock Exchange,Taiwan,,New Taipei City,231,https://www.reallusion.com,Nano Cap,TW0006882004,,BBG016RY6KS0,BBG016RY6KQ2,BBG016RY6KT9,False
6884.TWO,Highpoint Service Network Corp.,"Highpoint Service Network Corp. is a company listed on the Taipei Stock Exchange under the ticker 6884. It operates in the IT Services industry within the Information Technology sector. The company is headquartered in New Taipei City, Taiwan.",TWD,Information Technology,Software & Services,IT Services,TWO,ROCO,Taipei Stock Exchange,Taiwan,,New Taipei City,221421,https://www.hsnservice.com,Nano Cap,TW0006884000,,BBG011RSQWD2,BBG011RSQWB4,BBG011RSQWF0,False
6886.TWO,"Far East Bio-Tec Co., Ltd.","Far East Bio-Tec Co., Ltd. is a company listed on the Taipei Stock Exchange under the ticker 6886. It operates in the Food Products industry within the Consumer Staples sector. The company is headquartered in Taipei, Taiwan.",TWD,Consumer Staples,"Food, Beverage & Tobacco",Food Products,TWO,ROCO,Taipei Stock Exchange,Taiwan,,Taipei,115,https://www.febico.com,Nano Cap,TW0006886005,,BBG01G9N3J62,BBG01G9N3J44,BBG01G9N3J71,False
6891.TWO,"Locus Cell Co., Ltd.","Locus Cell Co., Ltd. is a company listed on the Taipei Stock Exchange under the ticker 6891. It operates in the Biotechnology industry within the Health Care sector. The company is headquartered in New Taipei City, Taiwan.",TWD,Health Care,"Pharmaceuticals, Biotechnology & Life Sciences",Biotechnology,TWO,ROCO,Taipei Stock Exchange,Taiwan,,New Taipei City,22175,https://www.locus-cell.com,Micro Cap,TW0006891005,,BBG016XDQ8Z6,BBG016XDQ8X8,BBG016XDQ902,False
6892.TWO,"Taiwan Bio Therapeutics Co., Ltd","Taiwan Bio Therapeutics Co., Ltd is a company listed on the Taipei Stock Exchange under the ticker 6892. It operates in the Biotechnology industry within the Health Care sector. The company is headquartered in Taipei City, Taiwan.",TWD,Health Care,"Pharmaceuticals, Biotechnology & Life Sciences",Biotechnology,TWO,ROCO,Taipei Stock Exchange,Taiwan,,Taipei City,,https://www.twbio-thera.com,Micro Cap,TW0006892003,,BBG0177HSNL4,BBG0177HSNJ7,BBG0177HSNM3,False
6894.TWO,Waste Recovery Technology Inc.,"Waste Recovery Technology Inc. is a company listed on the Taipei Stock Exchange under the ticker 6894. The company is headquartered in Taichung, Taiwan.",TWD,,,,TWO,ROCO,Taipei Stock Exchange,Taiwan,,Taichung,407,https://www.recotech.com.tw,Micro Cap,TW0006894009,,BBG018XT1Z48,BBG018XT1Z20,BBG018XT1Z57,False
6895.TWO,Wave Power Technology Inc.,"Wave Power Technology Inc. is a company listed on the Taipei Stock Exchange under the ticker 6895. It operates in the Electrical Equipment industry within the Industrials sector. The company is headquartered in Toufen, Taiwan.",TWD,Industrials,Capital Goods,Electrical Equipment,TWO,ROCO,Taipei Stock Exchange,Taiwan,,Toufen,35151,https://www.wavepower.com.tw,Micro Cap,TW0006895006,,BBG019HRMG65,BBG019HRMG47,BBG019HRMG74,False
6898.TWO,"ChainSea Information Integration Co.,Ltd.","ChainSea Information Integration Co.,Ltd. is a company listed on the Taipei Stock Exchange under the ticker 6898. It operates in the Commercial & Professional Services industry within the Industrials sector. The company is headquartered in Taipei, Taiwan.",TWD,Industrials,Commercial & Professional Services,,TWO,ROCO,Taipei Stock Exchange,Taiwan,,Taipei,105,https://www.chainsea.com.tw,Micro Cap,TW0006898000,,BBG017KD1LD0,BBG017KD1LB2,BBG017KD1LF8,False
6899.TWO,Apex Material Technology Corp.,"Apex Material Technology Corp. is a company listed on the Taipei Stock Exchange under the ticker 6899. It operates in the Electronic Equipment, Instruments & Components industry within the Information Technology sector. The company is headquartered in Keelung City, Taiwan.",TWD,Information Technology,Technology Hardware & Equipment,"Electronic Equipment, Instruments & Components",TWO,ROCO,Taipei Stock Exchange,Taiwan,,Keelung City,204009,https://www.amtouch.com.tw,Micro Cap,TW0006899008,,BBG018CCQWY5,BBG00M6T1P22,BBG00M6T1P31,False
6903.TWO,"Jiu Han System Technology Co., Ltd.","Jiu Han System Technology Co., Ltd. is a company listed on the Taipei Stock Exchange under the ticker 6903. It operates in the Construction & Engineering industry within the Industrials sector. The company is headquartered in Hsinchu City, Taiwan.",TWD,Industrials,Capital Goods,Construction & Engineering,TWO,ROCO,Taipei Stock Exchange,Taiwan,,Hsinchu City,300002,https://www.jiuhan.com.tw,Small Cap,TW0006903008,,BBG018QNNDR9,BBG018QNNDP1,BBG018QNNDS8,False
6904.TWO,"Proxene Tools Co., Ltd.","Proxene Tools Co., Ltd. is a company listed on the Taipei Stock Exchange under the ticker 6904. It operates in the Machinery industry within the Industrials sector. The company is headquartered in Taichung, Taiwan.",TWD,Industrials,Capital Goods,Machinery,TWO,ROCO,Taipei Stock Exchange,Taiwan,,Taichung,429015,https://www.proxene.com.tw,Micro Cap,TW0006904006,,BBG0190RK0K4,BBG0190RK0H8,BBG0190RK0L3,False
6910.TWO,Grandsys Inc.,"Grandsys Inc. is a company listed on the Taipei Stock Exchange under the ticker 6910. It operates in the Software industry within the Information Technology sector. The company is headquartered in Taipei City, Taiwan.",TWD,Information Technology,Software & Services,Software,TWO,ROCO,Taipei Stock Exchange,Taiwan,,Taipei City,103,https://www.grandsys.com.tw,Nano Cap,TW0006910003,,BBG01GLJ9CB0,BBG01GLJ9C84,BBG01GLJ9CC9,False
6911.TWO,Chyunn Environment Corporation,"Chyunn Environment Corporation is a company listed on the Taipei Stock Exchange under the ticker 6911. It operates in the Commercial Services & Supplies industry within the Industrials sector. The company is headquartered in Tainan City, Taiwan.",TWD,Industrials,Commercial & Professional Services,Commercial Services & Supplies,TWO,ROCO,Taipei Stock Exchange,Taiwan,,Tainan City,100,https://www.chyunn.com,Nano Cap,TW0006911001,,BBG01B0DVY42,BBG01B0DVY24,BBG01B0DVY51,False
6912.TWO,"Yi Chun Green Technology Co., Ltd.","Yi Chun Green Technology Co., Ltd. is a company listed on the Taipei Stock Exchange under the ticker 6912. The company is headquartered in Taoyuan City, Taiwan.",TWD,,,,TWO,ROCO,Taipei Stock Exchange,Taiwan,,Taoyuan City,338002,http://www.yichungt.com,Micro Cap,TW0006912009,,BBG01B021XF9,BBG01B021XC2,BBG01B021XG8,False
6913.TWO,"VSO Electronics Co., Ltd.","VSO Electronics Co., Ltd. is a company listed on the Taipei Stock Exchange under the ticker 6913. It operates in the Electrical Equipment industry within the Industrials sector. The company is headquartered in New Taipei City, Taiwan.",TWD,Industrials,Capital Goods,Electrical Equipment,TWO,ROCO,Taipei Stock Exchange,Taiwan,,New Taipei City,23586,http://www.vso-corp.com,Micro Cap,TW0006913007,,BBG019VJ1G51,BBG019VJ1G33,BBG019VJ1G79,False
6915.TWO,"Igiant Optics Co., Ltd.","Igiant Optics Co., Ltd. is a company listed on the Taipei Stock Exchange under the ticker 6915. It operates in the Semiconductors & Semiconductor Equipment industry within the Information Technology sector. The company is headquartered in Hsinchu, Taiwan.",TWD,Information Technology,Semiconductors & Semiconductor Equipment,Semiconductors & Semiconductor Equipment,TWO,ROCO,Taipei Stock Exchange,Taiwan,,Hsinchu,303,https://www.igiantopt.com,Micro Cap,TW0006915002,,BBG01B6XW465,BBG01B6XW447,BBG01B6XW474,False
6917.TWO,"Andros Pharmaceuticals Co.,Ltd","Andros Pharmaceuticals Co.,Ltd is a company listed on the Taipei Stock Exchange under the ticker 6917. It operates in the Biotechnology industry within the Health Care sector. The company is headquartered in Zhubei, Taiwan.",TWD,Health Care,"Pharmaceuticals, Biotechnology & Life Sciences",Biotechnology,TWO,ROCO,Taipei Stock Exchange,Taiwan,,Zhubei,30261,https://www.andros.com.tw,Micro Cap,TW0006917008,,BBG01C6SRXG5,BBG01C6SRXD8,BBG01C6SRXK0,False
6920.TWO,"Phoenix Pioneer technology Co., Ltd.","Phoenix Pioneer technology Co., Ltd. is a company listed on the Taipei Stock Exchange under the ticker 6920. It operates in the Semiconductors & Semiconductor Equipment industry within the Information Technology sector. The company is headquartered in Hsinchu, Taiwan.",TWD,Information Technology,Semiconductors & Semiconductor Equipment,Semiconductors & Semiconductor Equipment,TWO,ROCO,Taipei Stock Exchange,Taiwan,,Hsinchu,30353,https://www.ppt.com.tw,Small Cap,TW0006920002,,BBG01C6BD6Q5,BBG006WX2SD0,BBG006WX2SF8,False
6922.TWO,Neousys Technology Inc.,"Neousys Technology Inc. is a company listed on the Taipei Stock Exchange under the ticker 6922. It operates in the Technology Hardware, Storage & Peripherals industry within the Information Technology sector. The company is headquartered in New Taipei City, Taiwan.",TWD,Information Technology,Technology Hardware & Equipment,"Technology Hardware, Storage & Peripherals",TWO,ROCO,Taipei Stock Exchange,Taiwan,,New Taipei City,235042,https://www.neousys-tech.com,Micro Cap,TW0006922008,,BBG01B09PZZ1,BBG019G470S5,BBG019G470T4,False
6925.TWO,"eLand Information Co., Ltd","eLand Information Co., Ltd is a company listed on the Taipei Stock Exchange under the ticker 6925. The company is headquartered in Taipei City, Taiwan.",TWD,,,,TWO,ROCO,Taipei Stock Exchange,Taiwan,,Taipei City,,https://www.eland.com.tw,Nano Cap,TW0006925001,,BBG01B0MFMT9,BBG01B0MFMR1,BBG01B0MFMV6,False
6926.TWO,"Shine-On BioMedical Co.,Ltd.","Shine-On BioMedical Co.,Ltd. is a company listed on the Taipei Stock Exchange under the ticker 6926. It operates in the Biotechnology industry within the Health Care sector. The company is headquartered in Taichung, Taiwan.",TWD,Health Care,"Pharmaceuticals, Biotechnology & Life Sciences",Biotechnology,TWO,ROCO,Taipei Stock Exchange,Taiwan,,Taichung,407,https://www.shineon-bio.com,Micro Cap,TW0006926009,,BBG01BJTZ243,BBG01BJTZ225,BBG01BJTZ252,False
6927.TWO,"Integrated Solutions Technology, Inc.","Integrated Solutions Technology, Inc. is a company listed on the Taipei Stock Exchange under the ticker 6927. It operates in the Electronic Equipment, Instruments & Components industry within the Information Technology sector. The company is headquartered in Taipei, Taiwan.",TWD,Information Technology,Technology Hardware & Equipment,"Electronic Equipment, Instruments & Components",TWO,ROCO,Taipei Stock Exchange,Taiwan,,Taipei,114062,https://www.ist4u.com,Micro Cap,TW0006927007,,BBG01GP2SXZ0,BBG002WK6S61,BBG002WK6S70,False
6929.TWO,"We Can Medicines Co., Ltd.","We Can Medicines Co., Ltd. is a company listed on the Taipei Stock Exchange under the ticker 6929. It operates in the Food Products industry within the Consumer Staples sector. The company is headquartered in Taichung, Taiwan.",TWD,Consumer Staples,"Food, Beverage & Tobacco",Food Products,TWO,ROCO,Taipei Stock Exchange,Taiwan,,Taichung,,https://www.yourchance.com.tw,Nano Cap,TW0006929003,,BBG01BJDXJZ9,BBG01BJDXJX1,BBG01BJDXK04,False
6932.TWO,Mercury Biopharmaceutical Corporation,"Mercury Biopharmaceutical Corporation is a company listed on the Taipei Stock Exchange under the ticker 6932. It operates in the Pharmaceuticals industry within the Health Care sector. The company is headquartered in New Taipei City, Taiwan.",TWD,Health Care,"Pharmaceuticals, Biotechnology & Life Sciences",Pharmaceuticals,TWO,ROCO,Taipei Stock Exchange,Taiwan,,New Taipei City,235030,https://merdury.com,Micro Cap,TW0006932007,,BBG01BYYBXR8,BBG01BYYBXP0,BBG01BYYBXS7,False
6935.TWO,"Prince Pharmaceutical Co., Ltd.","Prince Pharmaceutical Co., Ltd. is a company listed on the Taipei Stock Exchange under the ticker 6935. It operates in the Pharmaceuticals industry within the Health Care sector. The company is headquartered in Yúnlín, Taiwan.",TWD,Health Care,"Pharmaceuticals, Biotechnology & Life Sciences",Pharmaceuticals,TWO,ROCO,Taipei Stock Exchange,Taiwan,,Yúnlín,632,https://www.prince-pharm.com.tw,Nano Cap,TW0006935000,,BBG01G044PZ6,BBG01G044PX8,BBG01G044Q02,False
6938.TWO,"Neweb Information Co., Ltd.","Neweb Information Co., Ltd. is a company listed on the Taipei Stock Exchange under the ticker 6938. It operates in the IT Services industry within the Information Technology sector. The company is headquartered in Taipei, Taiwan.",TWD,Information Technology,Software & Services,IT Services,TWO,ROCO,Taipei Stock Exchange,Taiwan,,Taipei,114,http://www.newebinfo.com.tw,Nano Cap,TW0006938004,,BBG01L0FGFV3,BBG01L0FGFS7,BBG01L0FGFW2,False
6939.TWO,TFBS Bioscience Inc.,"TFBS Bioscience Inc. is a company listed on the Taipei Stock Exchange under the ticker 6939. The company is headquartered in New Taipei City, Taiwan.",TWD,,,,TWO,ROCO,Taipei Stock Exchange,Taiwan,,New Taipei City,,https://www.tfbsbio.com,Nano Cap,TW0006939002,,BBG01GJZK3S6,BBG01GJZK3Q8,BBG01GJZK3T5,False
6940.TWO,"Gus Technology Co., Ltd.","Gus Technology Co., Ltd. is a company listed on the Taipei Stock Exchange under the ticker 6940. It operates in the Electrical Equipment industry within the Industrials sector. The company is headquartered in Taoyuan City, Taiwan.",TWD,Industrials,Capital Goods,Electrical Equipment,TWO,ROCO,Taipei Stock Exchange,Taiwan,,Taoyuan City,320023,https://gustech.com,Micro Cap,TW0006940000,,BBG01GJ5JFK5,BBG01GJ5JFH9,BBG01GJ5JFM3,False
6945.TWO,AP Biosciences Inc,"AP Biosciences Inc is a company listed on the Taipei Stock Exchange under the ticker 6945. It operates in the Biotechnology industry within the Health Care sector. The company is headquartered in Taipei City, Taiwan.",TWD,Health Care,"Pharmaceuticals, Biotechnology & Life Sciences",Biotechnology,TWO,ROCO,Taipei Stock Exchange,Taiwan,,Taipei City,115011,https://www.apbioinc.com,Small Cap,TW0006945009,,BBG01HBLJBP0,BBG01947CRF0,BBG01947CRG9,False
6953.TWO,"Gudeng Equipment Co., Ltd.","Gudeng Equipment Co., Ltd. is a company listed on the Taipei Stock Exchange under the ticker 6953. It operates in the Semiconductors & Semiconductor Equipment industry within the Information Technology sector. The company is headquartered in New Taipei City, Taiwan.",TWD,Information Technology,Semiconductors & Semiconductor Equipment,Semiconductors & Semiconductor Equipment,TWO,ROCO,Taipei Stock Exchange,Taiwan,,New Taipei City,236041,https://www.gdauto.com.tw,Micro Cap,TW0006953003,,BBG01H074BT5,BBG01H074BR7,BBG01H074BV2,False
6959.TWO,"Ion Electronic Materials Co., Ltd.","Ion Electronic Materials Co., Ltd. is a company listed on the Taipei Stock Exchange under the ticker 6959. It operates in the Chemicals industry within the Materials sector. The company is headquartered in Miaoli, Taiwan.",TWD,Materials,Materials,Chemicals,TWO,ROCO,Taipei Stock Exchange,Taiwan,,Miaoli,366003,https://www.iemc.co/tw,Micro Cap,TW0006959000,,BBG01HB2TXJ0,BBG01HB2TXG3,BBG01HB2TXK8,False
6961.TWO,"Uni Travel Services Co., Ltd.","Uni Travel Services Co., Ltd. is a company listed on the Taipei Stock Exchange under the ticker 6961. It operates in the Hotels, Restaurants & Leisure industry within the Consumer Discretionary sector. The company is headquartered in Taipei City, Taiwan.",TWD,Consumer Discretionary,Consumer Services,"Hotels, Restaurants & Leisure",TWO,ROCO,Taipei Stock Exchange,Taiwan,,Taipei City,,https://www.gounitravel.com,Nano Cap,TW0006961006,,BBG01HQ029J0,BBG01HQ029G3,BBG01HQ029K8,False
6963.TWO,"Texture Maker Enterprise Co., Ltd","Texture Maker Enterprise Co., Ltd is a company listed on the Taipei Stock Exchange under the ticker 6963. It operates in the Food Products industry within the Consumer Staples sector. The company is headquartered in New Taipei City, Taiwan.",TWD,Consumer Staples,"Food, Beverage & Tobacco",Food Products,TWO,ROCO,Taipei Stock Exchange,Taiwan,,New Taipei City,251,https://www.texturemaker.com.tw,Nano Cap,TW0006963002,,BBG01H2TWBM1,BBG01H2TWBK3,BBG01H2TWBN0,False
6967.TWO,Trans-Sun Materials Technology Company Limited,"Trans-Sun Materials Technology Company Limited is a company listed on the Taipei Stock Exchange under the ticker 6967. It operates in the Chemicals industry within the Materials sector. The company is headquartered in Taichung City, Taiwan.",TWD,Materials,Materials,Chemicals,TWO,ROCO,Taipei Stock Exchange,Taiwan,,Taichung City,40768,https://www.trans-sun.com.tw,Micro Cap,TW0006967003,,BBG01JG01ND3,BBG01JG01NB5,BBG01JG01NF1,False
6968.TWO,Wonder Pets Enterprises Corporation,"Wonder Pets Enterprises Corporation is a company listed on the Taipei Stock Exchange under the ticker 6968. It operates in the Food Products industry within the Consumer Staples sector. The company is headquartered in Taipei City, Taiwan.",TWD,Consumer Staples,"Food, Beverage & Tobacco",Food Products,TWO,ROCO,Taipei Stock Exchange,Taiwan,,Taipei City,104403,https://www.wonderpet.asia,Micro Cap,TW0006968001,,BBG01J20N348,BBG01J20N320,BBG01J20N357,False
6971.TWO,Hui Min Environmental Tech Corporation,"Hui Min Environmental Tech Corporation is a company listed on the Taipei Stock Exchange under the ticker 6971. It operates in the Construction & Engineering industry within the Industrials sector. The company is headquartered in Taipei City, Taiwan.",TWD,Industrials,Capital Goods,Construction & Engineering,TWO,ROCO,Taipei Stock Exchange,Taiwan,,Taipei City,105007,http://www.huimin.com.tw,Nano Cap,TW0006971005,,BBG01HFY1JD3,BBG006NBXRW5,BBG006NBXRX4,False
6973.TWO,U-Neuron Biomedical Inc,"U-Neuron Biomedical Inc is a company listed on the Taipei Stock Exchange under the ticker 6973. It operates in the Biotechnology industry within the Health Care sector. The company is headquartered in New Taipei City, Taiwan.",TWD,Health Care,"Pharmaceuticals, Biotechnology & Life Sciences",Biotechnology,TWO,ROCO,Taipei Stock Exchange,Taiwan,,New Taipei City,22102,http://www.u-neuron.com,Micro Cap,TW0006973001,,BBG01HDNB8S6,BBG01HDNB8Q8,BBG01HDNB8T5,False
6976.TWO,"Acepodia, Inc.","Acepodia, Inc. is a company listed on the Taipei Stock Exchange under the ticker 6976. It operates in the Biotechnology industry within the Health Care sector. The company is headquartered in Grand Cayman, Cayman Islands.",TWD,Health Care,"Pharmaceuticals, Biotechnology & Life Sciences",Biotechnology,TWO,ROCO,Taipei Stock Exchange,Cayman Islands,,Grand Cayman,KY1-1104,https://www.acepodia.com,Micro Cap,KYG0073G1091,,BBG01HQ02G40,BBG01HQ02G22,BBG01HQ02G59,False
6977.TWO,"United Purification Technology Co., Ltd.","United Purification Technology Co., Ltd. is a company listed on the Taipei Stock Exchange under the ticker 6977. It operates in the Machinery industry within the Industrials sector. The company is headquartered in Taichung, Taiwan.",TWD,Industrials,Capital Goods,Machinery,TWO,ROCO,Taipei Stock Exchange,Taiwan,,Taichung,407,https://www.upt.com.tw,Micro Cap,TW0006977002,,BBG01JD5MGH3,BBG01JD5MGF5,BBG01JD5MGJ1,False
6979.TWO,"Victory for Technology Co., Ltd.","Victory for Technology Co., Ltd. is a company listed on the Taipei Stock Exchange under the ticker 6979. It operates in the Electronic Equipment, Instruments & Components industry within the Information Technology sector. The company is headquartered in Kaohsiung, Taiwan.",TWD,Information Technology,Technology Hardware & Equipment,"Electronic Equipment, Instruments & Components",TWO,ROCO,Taipei Stock Exchange,Taiwan,,Kaohsiung,814032,http://www.vft.com.tw,Nano Cap,TW0006979008,,BBG01MYFFMM0,BBG01MYFFMK2,BBG01MYFFMN9,False
6980.TWO,Rapidtek Technologies Inc.,"Rapidtek Technologies Inc. is a company listed on the Taipei Stock Exchange under the ticker 6980. It operates in the Electronic Equipment, Instruments & Components industry within the Information Technology sector. The company is headquartered in New Taipei, Taiwan.",TWD,Information Technology,Technology Hardware & Equipment,"Electronic Equipment, Instruments & Components",TWO,ROCO,Taipei Stock Exchange,Taiwan,,New Taipei,,http://www.rapidtek.net,Micro Cap,TW0006980006,,BBG01HQPTJC1,BBG01HQPTJ95,BBG01HQPTJD0,False
6982.TWO,"Walrus Pump Co., Ltd.","Walrus Pump Co., Ltd. is a company listed on the Taipei Stock Exchange under the ticker 6982. It operates in the Machinery industry within the Industrials sector. The company is headquartered in New Taipei City, Taiwan.",TWD,Industrials,Capital Goods,Machinery,TWO,ROCO,Taipei Stock Exchange,Taiwan,,New Taipei City,252002,https://www.walruspump.com,Micro Cap,TW0006982002,,BBG01JG012R4,BBG01GQQVKM4,BBG01GQQVL06,False
6983.TWO,"UA YANG Precision Machinery Co., Ltd.","UA YANG Precision Machinery Co., Ltd. is a company listed on the Taipei Stock Exchange under the ticker 6983. It operates in the Electronic Equipment, Instruments & Components industry within the Information Technology sector. The company is headquartered in Tainan City, Taiwan.",TWD,Information Technology,Technology Hardware & Equipment,"Electronic Equipment, Instruments & Components",TWO,ROCO,Taipei Stock Exchange,Taiwan,,Tainan City,712,http://www.hua-yang.com.tw,Micro Cap,TW0006983000,,BBG01JZTQ827,BBG00HJZYYJ2,BBG00HJZYYK0,False
6984.TWO,"ACpay Co., Ltd.","ACpay Co., Ltd. is a company listed on the Taipei Stock Exchange under the ticker 6984. It operates in the Software industry within the Information Technology sector. The company is headquartered in Taipei, Taiwan.",TWD,Information Technology,Software & Services,Software,TWO,ROCO,Taipei Stock Exchange,Taiwan,,Taipei,104,https://www.acpay.com.tw,Nano Cap,TW0006984008,,BBG01JQHMJ50,BBG01JQHMJ32,BBG01JQHMJ69,False
6986.TWO,"HeXun Biosciences Co., Ltd.","HeXun Biosciences Co., Ltd. is a company listed on the Taipei Stock Exchange under the ticker 6986. It operates in the Biotechnology industry within the Health Care sector. The company is headquartered in Taoyuan City, Taiwan.",TWD,Health Care,"Pharmaceuticals, Biotechnology & Life Sciences",Biotechnology,TWO,ROCO,Taipei Stock Exchange,Taiwan,,Taoyuan City,33022,https://www.hexunbio.com,Micro Cap,TW0006986003,,BBG01J3SKGH6,BBG01J3SKGF8,BBG01J3SKGJ4,False
6990.TWO,"Plum-Monix Industry Co., Ltd.","Plum-Monix Industry Co., Ltd. is a company listed on the Taipei Stock Exchange under the ticker 6990. The company is headquartered in Changhua, Taiwan.",TWD,,,,TWO,ROCO,Taipei Stock Exchange,Taiwan,,Changhua,50544,https://www.plummonix.com,Small Cap,TW0006990005,,BBG01J46K532,BBG004LNRRP1,BBG004LNRRQ0,False
6996.TWO,Forcelead,"Forcelead is a company listed on the Taipei Stock Exchange under the ticker 6996. It operates in the Electronic Equipment, Instruments & Components industry within the Information Technology sector. The company is headquartered in Zhubei, Taiwan.",TWD,Information Technology,Technology Hardware & Equipment,"Electronic Equipment, Instruments & Components",TWO,ROCO,Taipei Stock Exchange,Taiwan,,Zhubei,302,https://www.forcelead.com.tw,Micro Cap,TW0006996002,,BBG01KJHPYS4,BBG01KJHPYQ6,BBG01KJHPYT3,False
6997.TWO,Nextlink,"Nextlink is a company listed on the Taipei Stock Exchange under the ticker 6997. It operates in the IT Services industry within the Information Technology sector. The company is headquartered in Taipei City, Taiwan.",TWD,Information Technology,Software & Services,IT Services,TWO,ROCO,Taipei Stock Exchange,Taiwan,,Taipei City,104,https://www.nextlink.cloud,Nano Cap,TW0006997000,,BBG01KT8LT62,BBG00MH3WH12,BBG00MH3WH30,False
7402.TWO,Brinno Incorporated,"Brinno Incorporated designs, develops, produces, and sells imaging devices. The company offers time lapse, construction, and outdoor security cameras; camera kits; and smart home security products, as well as time lapse accessories. It also provides contact tracing COVID-19 products; and Friday home smart locks. The company offers its products through distributors worldwide. Brinno Incorporated was founded in 2003 and is based in Taipei, Taiwan.",TWD,Industrials,Commercial & Professional Services,Professional Services,TWO,ROCO,Taipei Stock Exchange,Taiwan,,Taipei,11493,http://www.brinno.com,Micro Cap,TW0007402000,,BBG005SX6D46,BBG005SX6D19,BBG005SX6D37,False
7419.TWO,Mortech Corporation,"Mortech Corporation develops and provides polyimide films in Taiwan. Its products include PIF, PIN, PIB/PMB, PIA/PAB, and PIT type polyimide films. The company was founded in 2004 and is based in Taoyuan City, Taiwan.",TWD,Information Technology,Technology Hardware & Equipment,"Electronic Equipment, Instruments & Components",TWO,ROCO,Taipei Stock Exchange,Taiwan,,Taoyuan City,32461,http://www.mortech.com.tw/en,Micro Cap,TW0007419004,,BBG005SX7F86,BBG005SX7F59,BBG005SX7F68,False
7427.TWO,Great Novel Therapeutics Biotech & Medicals,"Great Novel Therapeutics Biotech & Medicals is a company listed on the Taipei Stock Exchange under the ticker 7427. It operates in the Biotechnology industry within the Health Care sector. The company is headquartered in Taipei City, Taiwan.",TWD,Health Care,"Pharmaceuticals, Biotechnology & Life Sciences",Biotechnology,TWO,ROCO,Taipei Stock Exchange,Taiwan,,Taipei City,115,https://www.gntbm.com.tw,Micro Cap,TW0007427007,,BBG006H3JH85,BBG006H3JH58,BBG006H3JH67,False
7443.TWO,Fluxtek International Corp.,"Fluxtek International Corp. manufactures and sells RO water purification equipment in Taiwan and internationally. The company offers compact systems, residential systems, purifier systems, commercial systems, dispensers, filters/membranes, housing caps, pumps/transformers, tanks/faucets, fittings, and coconut shell carbon products. It also provides accessories, such as leak detectors, housing wrenches, shut off valves, pressure regulators, flow restrictors, mini digital TDS meters, pressure gauges, high and low pressure switches, solenoid and needle valves, and control boxes. The company was founded in 2000 and is based in Pingtung City, Taiwan.",TWD,Industrials,Capital Goods,Construction & Engineering,TWO,ROCO,Taipei Stock Exchange,Taiwan,,Pingtung City,90093,http://www.fluxtek.com,Nano Cap,TW0007443004,,BBG0072KF5B7,BBG0072KF572,BBG0072KF581,False
7507.TWO,Enrestec Inc.,"Enrestec Inc engages in the pyrolysis and recycling of used plastic, rubber, and organic wastes. It is also involved in the development of soil thermal desorption technology and application. The company was incorporated in 1994 and is based in Pingtung, Taiwan.",TWD,Industrials,Commercial & Professional Services,Commercial Services & Supplies,TWO,ROCO,Taipei Stock Exchange,Taiwan,,Pingtung,940,http://www.enrestec.com.tw,Nano Cap,TW0007507B10,,,,,False
7516.TWO,"Sea Mild Biotechnology Co., Ltd.","Sea Mild Biotechnology Co., Ltd. is a company listed on the Taipei Stock Exchange under the ticker 7516. It operates in the Household & Personal Products industry within the Consumer Staples sector. The company is headquartered in Taoyuan City, Taiwan.",TWD,Consumer Staples,Household & Personal Products,,TWO,ROCO,Taipei Stock Exchange,Taiwan,,Taoyuan City,324017,https://www.seamild.com.tw,Nano Cap,TW0007516B19,,BBG00G5LWXV0,BBG00G5LWXS4,BBG00G5LWXX8,False
7530.TWO,Forward Science Corp.,"Forward Science Corp. is a company listed on the Taipei Stock Exchange under the ticker 7530. It operates in the Machinery industry within the Industrials sector. The company is headquartered in Zhunan, Taiwan.",TWD,Industrials,Capital Goods,Machinery,TWO,ROCO,Taipei Stock Exchange,Taiwan,,Zhunan,350,https://www.forward-tek.com.tw,Micro Cap,TW0007530B11,,BBG00H5KLXH8,BBG00H5KLXF0,BBG00H5KLXJ6,False
7547.TWO,Intumit Inc.,"Intumit, Inc. provides artificial intelligence and CX solutions primarily in China. The company's products include SmartRobot, a solution to help enterprises in establishing automate smart service platforms across Websites, FB Messenger, LINE, WeChat, WhatsApp, Microsoft Services, APPs, and other channels; SmartKMS, a cognitive knowledge management system; SmartWork, a Microsoft 365 internal helpdesk; WFH solutions, a personal internal helpdesk assistant for information technology, human resource, call centers, and other areas; AOG, a Google assistant solution; SmartForce, a solution for customer interaction; SmartNow, a workplace management solution; SmartXP, a customer engagement solution; and Smartonnect, a solution to collect customers' interests and info from conversations and speech dialogues. It primarily serves financial services, insurance, healthcare, retail/FMCG, public service/education, tourism/transportation, and manufacturing sectors. The company was founded in 1999 and is based in New Taipei City, Taiwan.",TWD,Information Technology,Software & Services,Software,TWO,ROCO,Taipei Stock Exchange,Taiwan,,New Taipei City,231,http://www.intumit.com,Micro Cap,TW0007547B12,,BBG00L1KGHZ4,BBG000C46HG6,BBG001SFZ8W2,False
7551.TWO,Flashaim Inc.,"Flashaim Inc. provides digital marketing services to major portals and messaging software of Yahoo, Google, LINE, Facebook, and Bing and other advertising agencies. The company was founded in 2005 and is headquartered in Tainan, Taiwan.",TWD,Communication Services,Telecommunication Services,Diversified Telecommunication Services,TWO,ROCO,Taipei Stock Exchange,Taiwan,,Tainan,700,http://flashaim.tv,Nano Cap,TW0007551B15,,BBG00L98C0V8,BBG00L98C0S2,BBG00L98C0W7,False
7556.TWO,Yeedex Electronic Corporation,"Yeedex Electronic Corporation provides parts, materials, and sub-systems for semiconductor process equipment in Taiwan and China. The company offers fine ceramic parts and materials; perfluoroelastomer seals; precision vacuum chucks; refurbish and repair precious parts, including ESC, heaters, vacuum chucks, ceramic coatings, anodizing products, etc.; plasma coated chamber parts; quartz and others parts; tungsten carbide blades; and heat resistant phosphor plates. It also serves flat display panel, passive electronic component, LED, solar cell, automobile, medical, and special material industries. The company also exports its products to other Asian and American countries. Yeedex Electronic Corporation was founded in 1999 and is headquartered in Taipei City, Taiwan.",TWD,Information Technology,Technology Hardware & Equipment,"Electronic Equipment, Instruments & Components",TWO,ROCO,Taipei Stock Exchange,Taiwan,,Taipei,,http://www.yeedex.com.tw,Micro Cap,TW0007556B10,,BBG00LFSQY75,BBG00LFSQY57,BBG00LFSQY93,False
7558.TWO,Bryton Inc.,"Bryton Inc. develops, sells, and retails GPS cycle computers and accessories in Taiwan and internationally. It also operates an online store for products. The company was founded in 1998 and is headquartered in Taipei, Taiwan.",TWD,Information Technology,Technology Hardware & Equipment,"Electronic Equipment, Instruments & Components",TWO,ROCO,Taipei Stock Exchange,Taiwan,,Taipei,,http://www.brytonsport.com,Nano Cap,TW0007558B18,,BBG00LJTXG16,BBG00LJTXFZ1,BBG00LJTXG25,False
7561.TWO,"Bioray Biotech Co., Ltd","BioRay Biotech Co., Ltd. engages in the development and manufacture of biological agents. Its biological agents include functional probiotics, medicinal fungi, and immune cell preparations. The company was founded in 1994 is based in Pingtung, Taiwan.",TWD,Health Care,"Pharmaceuticals, Biotechnology & Life Sciences",Pharmaceuticals,TWO,ROCO,Taipei Stock Exchange,Taiwan,,Pingtung,90846,http://www.bio-ray.com.tw,Nano Cap,TW0007561B13,,BBG00M647TP8,BBG00M647TM1,BBG00M647TQ7,False
7562.TWO,"Lex Computech Co., Ltd.","Lex Computech Co., Ltd. is a company listed on the Taipei Stock Exchange under the ticker 7562. It operates in the Technology Hardware, Storage & Peripherals industry within the Information Technology sector. The company is headquartered in New Taipei, Taiwan.",TWD,Information Technology,Technology Hardware & Equipment,"Technology Hardware, Storage & Peripherals",TWO,ROCO,Taipei Stock Exchange,Taiwan,,New Taipei,23556,https://www.lex.com.tw,Nano Cap,TW0007562B12,,BBG00MFQD3F0,BBG00MFQD3C3,BBG00MFQD3G9,False
7566.TWO,"Argo Yachts Development Co.,Ltd.","Argo Yachts Development Co., Ltd. engages in the operation of water recreation activities and ship leasing business in Taiwan. The company was founded in 2003 is based in Tainan City, Taiwan.",TWD,Consumer Discretionary,Consumer Services,"Hotels, Restaurants & Leisure",TWO,ROCO,Taipei Stock Exchange,Taiwan,,Tainan City,70967,https://www.argoyc.com,Micro Cap,TW0007566B18,,BBG00NKXH6P5,BBG00NKXH6M8,BBG00NKXH6Q4,False
7578.TWO,"Revivegen Co., Ltd.","Revivegen Co., Ltd. is a company listed on the Taipei Stock Exchange under the ticker 7578. It operates in the Commercial Services & Supplies industry within the Industrials sector. The company is headquartered in Tainan City, Taiwan.",TWD,Industrials,Commercial & Professional Services,Commercial Services & Supplies,TWO,ROCO,Taipei Stock Exchange,Taiwan,,Tainan City,736,https://www.revivegen.com.tw,Nano Cap,TW0007578B14,,BBG00Q71TKT5,BBG00Q71TKR7,BBG00Q71TKV2,False
7583.TWO,International Ocean Group,"International Ocean Group is a company listed on the Taipei Stock Exchange under the ticker 7583. It operates in the Construction & Engineering industry within the Industrials sector. The company is headquartered in Taipei City, Taiwan.",TWD,Industrials,Capital Goods,Construction & Engineering,TWO,ROCO,Taipei Stock Exchange,Taiwan,,Taipei City,105409,https://www.iog-tw.com,Nano Cap,TW0007583B17,,BBG00RMFJYS7,BBG00QGTNL81,BBG00QGTNL90,False
7584.TWO,"Happytuk Co., Ltd.","Happytuk Co., Ltd. is a company listed on the Taipei Stock Exchange under the ticker 7584. It operates in the Entertainment industry within the Communication Services sector. The company is headquartered in New Taipei City, Taiwan.",TWD,Communication Services,Media & Entertainment,Entertainment,TWO,ROCO,Taipei Stock Exchange,Taiwan,,New Taipei City,231,https://www.mangot5.com,Nano Cap,TW0007584B16,,BBG00RZ3NH75,BBG00RZ3NH57,BBG00RZ3NH84,False
7590.TWO,"YIHO International Co., Ltd.","YIHO International Co., Ltd. is a company listed on the Taipei Stock Exchange under the ticker 7590. It operates in the Construction & Engineering industry within the Industrials sector. The company is headquartered in Kaohsiung, Taiwan.",TWD,Industrials,Capital Goods,Construction & Engineering,TWO,ROCO,Taipei Stock Exchange,Taiwan,,Kaohsiung,800,https://www.yihoinc.com.tw,Micro Cap,TW0007590B18,,BBG00V7272P0,BBG00V7272M3,BBG00V7272Q9,False
7595.TWO,"Pharmigene, Inc.","PharmiGene, Inc. develops, manufactures, and sells diagnostic tests worldwide. It primarily develops DNA genetic tests. The company was founded in 2005 and is headquartered in Taipei, Taiwan.",TWD,Health Care,"Pharmaceuticals, Biotechnology & Life Sciences",Biotechnology,TWO,ROCO,Taipei Stock Exchange,Taiwan,,Taipei,114,http://www.pharmigene.com,Nano Cap,TW0007595B13,,BBG00WK94VY7,BBG00WK94RN8,BBG00WK94Z69,False
7607.TWO,DuoGenic StemCells corporation,"DuoGenic StemCells corporation is a company listed on the Taipei Stock Exchange under the ticker 7607. The company is headquartered in Taichung City, Taiwan.",TWD,,,,TWO,ROCO,Taipei Stock Exchange,Taiwan,,Taichung City,402202,http://www.dgsc.com.tw,Nano Cap,TW0007607004,,BBG012DRSSF2,BBG012DRSSC5,BBG012DRSSG1,False
7642.TWO,Champ Ray,"Champ Ray is a company listed on the Taipei Stock Exchange under the ticker 7642. It operates in the Household Durables industry within the Consumer Discretionary sector. The company is headquartered in Taichung City, Taiwan.",TWD,Consumer Discretionary,Consumer Durables & Apparel,Household Durables,TWO,ROCO,Taipei Stock Exchange,Taiwan,,Taichung City,434,http://www.champ-ray.com,Micro Cap,TW0007642B16,,BBG01GHQ50V7,BBG01GHQ50S1,BBG01GHQ50W6,False
7702.TWO,APEX Wind Power Equipment Manufacturing,"APEX Wind Power Equipment Manufacturing is a company listed on the Taipei Stock Exchange under the ticker 7702. It operates in the Machinery industry within the Industrials sector. The company is headquartered in New Taipei City, Taiwan.",TWD,Industrials,Capital Goods,Machinery,TWO,ROCO,Taipei Stock Exchange,Taiwan,,New Taipei City,241513,https://www.apexwp.com.tw,Nano Cap,TW0007702003,,BBG01JRHY0B0,BBG01JRHY084,BBG01JRHY0C9,False
7703.TWO,Rayzher,"Rayzher is a company listed on the Taipei Stock Exchange under the ticker 7703. It operates in the Construction & Engineering industry within the Industrials sector. The company is headquartered in Zhubei, Taiwan.",TWD,Industrials,Capital Goods,Construction & Engineering,TWO,ROCO,Taipei Stock Exchange,Taiwan,,Zhubei,302054,https://www.rayzher.com.tw,Micro Cap,TW0007703001,,BBG01KJT8C96,BBG00ZVK3WQ1,BBG00ZVK3WR0,False
7704.TWO,"Finesse Technology Co., Ltd","Finesse Technology Co., Ltd is a company listed on the Taipei Stock Exchange under the ticker 7704. It operates in the Electrical Equipment industry within the Industrials sector. The company is headquartered in Zhubei, Taiwan.",TWD,Industrials,Capital Goods,Electrical Equipment,TWO,ROCO,Taipei Stock Exchange,Taiwan,,Zhubei,302,https://www.finesse-tech.com,Micro Cap,TW0007704009,,BBG01K9LJFT3,BBG01K9LJFR5,BBG01K9LJFV0,False
7706.TWO,Acer Synergy Manpower Corp.,"Acer Synergy Manpower Corp. is a company listed on the Taipei Stock Exchange under the ticker 7706. It operates in the Professional Services industry within the Industrials sector. The company is headquartered in Zhubei, Taiwan.",TWD,Industrials,Commercial & Professional Services,Professional Services,TWO,ROCO,Taipei Stock Exchange,Taiwan,,Zhubei,302,http://www.acer-asm.com,Nano Cap,TW0007706004,,BBG01KMJHCV9,BBG01KMJHCS3,BBG01KMJHCW8,False
7707.TWO,"CMSC, Inc.","CMSC, Inc. is a company listed on the Taipei Stock Exchange under the ticker 7707. It operates in the Semiconductors & Semiconductor Equipment industry within the Information Technology sector. The company is headquartered in Hsinchu City, Taiwan.",TWD,Information Technology,Semiconductors & Semiconductor Equipment,Semiconductors & Semiconductor Equipment,TWO,ROCO,Taipei Stock Exchange,Taiwan,,Hsinchu City,300,https://www.cmsc.com.tw,Micro Cap,TW0007707002,,BBG01KBK2647,BBG01KBK2629,BBG01KBK2656,False
7708.TWO,Family International Gourmet Co. Ltd.,"Family International Gourmet Co. Ltd. is a company listed on the Taipei Stock Exchange under the ticker 7708. It operates in the Hotels, Restaurants & Leisure industry within the Consumer Discretionary sector. The company is headquartered in Taipei, Taiwan.",TWD,Consumer Discretionary,Consumer Services,"Hotels, Restaurants & Leisure",TWO,ROCO,Taipei Stock Exchange,Taiwan,,Taipei,104411,https://www.familygourmet.com.tw,Micro Cap,TW0007708000,,BBG01KJT4LX3,BBG01KJT4LV5,BBG01KJT4LZ1,False
7709.TWO,Honor,"Honor is a company listed on the Taipei Stock Exchange under the ticker 7709. It operates in the Machinery industry within the Industrials sector. The company is headquartered in Kaohsiung City, Taiwan.",TWD,Industrials,Capital Goods,Machinery,TWO,ROCO,Taipei Stock Exchange,Taiwan,,Kaohsiung City,800,http://www.honorseiki.com,Micro Cap,TW0007709008,,BBG01KSDMHL0,BBG01KSDMHJ3,BBG01KSDMHM9,False
7712.TWO,Potens,"Potens is a company listed on the Taipei Stock Exchange under the ticker 7712. It operates in the Semiconductors & Semiconductor Equipment industry within the Information Technology sector. The company is headquartered in Zhubei, Taiwan.",TWD,Information Technology,Semiconductors & Semiconductor Equipment,Semiconductors & Semiconductor Equipment,TWO,ROCO,Taipei Stock Exchange,Taiwan,,Zhubei,30274,https://www.potens-semi.com,Micro Cap,TW0007712002,,BBG01K4MZ672,BBG01K4MZ654,BBG01K4MZ681,False
7713.TWO,"WeLeader Biomedical Co., Ltd.","WeLeader Biomedical Co., Ltd. is a company listed on the Taipei Stock Exchange under the ticker 7713. It operates in the Health Care Providers & Services industry within the Health Care sector. The company is headquartered in Kaohsiung City, Taiwan.",TWD,Health Care,Health Care Equipment & Services,Health Care Providers & Services,TWO,ROCO,Taipei Stock Exchange,Taiwan,,Kaohsiung City,,http://www.weleader.com.tw,Micro Cap,TW0007713000,,BBG01KR7TJT5,BBG014LP0PY8,BBG014LP0Q12,False
7714.TWO,Uniforce Technology Corp.,"Uniforce Technology Corp. is a company listed on the Taipei Stock Exchange under the ticker 7714. It operates in the IT Services industry within the Information Technology sector. The company is headquartered in Taipei, Taiwan.",TWD,Information Technology,Software & Services,IT Services,TWO,ROCO,Taipei Stock Exchange,Taiwan,,Taipei,114,https://www.uniforce.com.tw,Micro Cap,TW0007714008,,BBG01KS0PY29,BBG0167Y9LR8,BBG0167Y9LS7,False
7715.TWO,"Yuh Shan Environmental Engineering Co., Ltd.","Yuh Shan Environmental Engineering Co., Ltd. is a company listed on the Taipei Stock Exchange under the ticker 7715. It operates in the Construction & Engineering industry within the Industrials sector. The company is headquartered in Kaohsiung City, Taiwan.",TWD,Industrials,Capital Goods,Construction & Engineering,TWO,ROCO,Taipei Stock Exchange,Taiwan,,Kaohsiung City,807413,https://www.yseec.com,Nano Cap,TW0007715005,,BBG01KV8XVH9,BBG01KV8XVF1,BBG01KV8XVJ7,False
7716.TWO,"ITI International Transportation, Inc.","ITI International Transportation, Inc. is a company listed on the Taipei Stock Exchange under the ticker 7716. It operates in the Marine industry within the Industrials sector. The company is headquartered in Taipei, Taiwan.",TWD,Industrials,Transportation,Marine,TWO,ROCO,Taipei Stock Exchange,Taiwan,,Taipei,10489,http://www.itigroup.com.tw,Nano Cap,TW0007716003,,BBG01M2YMSQ9,BBG01M2YMSN2,BBG01M2YMSR8,False
7717.TWO,Lightel Corp,"Lightel Corp is a company listed on the Taipei Stock Exchange under the ticker 7717. It operates in the Communications Equipment industry within the Information Technology sector. The company is headquartered in New Taipei, Taiwan.",TWD,Information Technology,Technology Hardware & Equipment,Communications Equipment,TWO,ROCO,Taipei Stock Exchange,Taiwan,,New Taipei,235601,https://www.lightel-ky.com,Small Cap,KYG5486D1060,,BBG01Y7F9B81,BBG01Y7F9B63,BBG01Y7F9B90,False
7718.TWO,SPEC Products Corp.,"SPEC Products Corp. is a company listed on the Taipei Stock Exchange under the ticker 7718. It operates in the Machinery industry within the Industrials sector. The company is headquartered in Tainan City, Taiwan.",TWD,Industrials,Capital Goods,Machinery,TWO,ROCO,Taipei Stock Exchange,Taiwan,,Tainan City,701002,https://www.spec.com.tw,Micro Cap,TW0007718009,,BBG01LC19961,BBG001BP0DC7,BBG001TR8917,False
7719.TWO,Carbon-Based Technology Inc.,"Carbon-Based Technology Inc. is a company listed on the Taipei Stock Exchange under the ticker 7719. It operates in the Aerospace & Defense industry within the Industrials sector. The company is headquartered in Taipei, Taiwan.",TWD,Industrials,Capital Goods,Aerospace & Defense,TWO,ROCO,Taipei Stock Exchange,Taiwan,,Taipei,407,http://www.uaver.com,Nano Cap,TW0007719007,,BBG01K4YBHC2,BBG01K4YBH96,BBG01K4YBHD1,False
7723.TWO,"Jhu Jian Catering Co., Ltd.","Jhu Jian Catering Co., Ltd. is a company listed on the Taipei Stock Exchange under the ticker 7723. It operates in the Hotels, Restaurants & Leisure industry within the Consumer Discretionary sector. The company is headquartered in Taichung, Taiwan.",TWD,Consumer Discretionary,Consumer Services,"Hotels, Restaurants & Leisure",TWO,ROCO,Taipei Stock Exchange,Taiwan,,Taichung,,https://www.jhujian.com.tw,Nano Cap,TW0007723009,,BBG01KJT7H78,BBG01KJT7H50,BBG01KJT7H87,False
7725.TWO,LabTurbo Biotech Corporation,"LabTurbo Biotech Corporation is a company listed on the Taipei Stock Exchange under the ticker 7725. It operates in the Biotechnology industry within the Health Care sector. The company is headquartered in Taipei, Taiwan.",TWD,Health Care,"Pharmaceuticals, Biotechnology & Life Sciences",Biotechnology,TWO,ROCO,Taipei Stock Exchange,Taiwan,,Taipei,111,https://labturbo.com,Nano Cap,TW0007725004,,BBG01KK45NK5,BBG01KK45NH9,BBG01KK45NL4,False
7726.TWO,Carilex,"Carilex is a company listed on the Taipei Stock Exchange under the ticker 7726. It operates in the Health Care Providers & Services industry within the Health Care sector. The company is headquartered in Taoyuan, Taiwan.",TWD,Health Care,Health Care Equipment & Services,Health Care Providers & Services,TWO,ROCO,Taipei Stock Exchange,Taiwan,,Taoyuan,33383,http://www.carilexmedical.com,Nano Cap,TW0007726002,,BBG01LLNKVP0,BBG01LLNKVM3,BBG01LLNKVQ9,False
7728.TWO,"Enli Technology Co.,Ltd","Enli Technology Co.,Ltd is a company listed on the Taipei Stock Exchange under the ticker 7728. It operates in the Semiconductors & Semiconductor Equipment industry within the Information Technology sector. The company is headquartered in Kaohsiung, Taiwan.",TWD,Information Technology,Semiconductors & Semiconductor Equipment,Semiconductors & Semiconductor Equipment,TWO,ROCO,Taipei Stock Exchange,Taiwan,,Kaohsiung,821011,https://www.enlitechnology.com,Micro Cap,TW0007728008,,BBG01LWTKXX2,BBG01LWTKXV4,BBG01LWTKXY1,False
7729.TWO,Steminent Biotherapeutics Inc.,"Steminent Biotherapeutics Inc. is a company listed on the Taipei Stock Exchange under the ticker 7729. It operates in the Biotechnology industry within the Health Care sector. The company is headquartered in Taipei, Taiwan.",TWD,Health Care,"Pharmaceuticals, Biotechnology & Life Sciences",Biotechnology,TWO,ROCO,Taipei Stock Exchange,Taiwan,,Taipei,11445,http://www.steminent.com,Small Cap,TW0007729006,,BBG01LSGSNR6,BBG012XRDTM6,BBG012XRDTN5,False
7731.TWO,"MARX Biotech Co., Ltd.","MARX Biotech Co., Ltd. is a company listed on the Taipei Stock Exchange under the ticker 7731. It operates in the Multiline Retail industry within the Consumer Discretionary sector. The company is headquartered in New Taipei City, Taiwan.",TWD,Consumer Discretionary,Retailing,Multiline Retail,TWO,ROCO,Taipei Stock Exchange,Taiwan,,New Taipei City,,https://marxbiotech.com,Micro Cap,TW0007731002,,BBG01L75VH56,BBG01L75VH38,BBG01L75VH65,False
7734.TWO,"AblePrint Technology Co., Ltd.","AblePrint Technology Co., Ltd. is a company listed on the Taipei Stock Exchange under the ticker 7734. It operates in the Containers & Packaging industry within the Materials sector. The company is headquartered in Hsinchu City, Taiwan.",TWD,Materials,Materials,Containers & Packaging,TWO,ROCO,Taipei Stock Exchange,Taiwan,,Hsinchu City,300110,https://www.ableprint.com.tw,Mid Cap,TW0007734006,,BBG01LV47VX7,BBG01LV47VV9,BBG01LV47VY6,False
7738.TWO,Eastern Union Interactive Corp.,"Eastern Union Interactive Corp. is a company listed on the Taipei Stock Exchange under the ticker 7738. It operates in the Capital Markets industry within the Financials sector. The company is headquartered in New Taipei City, Taiwan.",TWD,Financials,Diversified Financials,Capital Markets,TWO,ROCO,Taipei Stock Exchange,Taiwan,,New Taipei City,,https://www.eui.money,Micro Cap,TW0007738007,,BBG01N5L80R8,BBG01N5L80P0,BBG01N5L80T6,False
7743.TWO,"KEE Fresh & Safe Foodtech Co., Ltd.","KEE Fresh & Safe Foodtech Co., Ltd. is a company listed on the Taipei Stock Exchange under the ticker 7743. It operates in the Food Products industry within the Consumer Staples sector. The company is headquartered in Pingtung, Taiwan.",TWD,Consumer Staples,"Food, Beverage & Tobacco",Food Products,TWO,ROCO,Taipei Stock Exchange,Taiwan,,Pingtung,90093,http://www.kfs-foodtech.com,Nano Cap,TW0007743007,,BBG01MFKBSG8,BBG01MFKBSD1,BBG01MFKBSH7,False
7747.TWO,Grandtech Cloud Services Inc.,"Grandtech Cloud Services Inc. is a company listed on the Taipei Stock Exchange under the ticker 7747. It operates in the Software industry within the Information Technology sector. The company is headquartered in Taipei, Taiwan.",TWD,Information Technology,Software & Services,Software,TWO,ROCO,Taipei Stock Exchange,Taiwan,,Taipei,11491,https://www.grandtechcloud.com,Micro Cap,TW0007747008,,BBG01MYFFMR5,BBG01MYFFMP7,BBG01MYFFMS4,False
7751.TWO,Horng Terng,"Horng Terng is a company listed on the Taipei Stock Exchange under the ticker 7751. It operates in the Machinery industry within the Industrials sector. The company is headquartered in Kaohsiung, Taiwan.",TWD,Industrials,Capital Goods,Machinery,TWO,ROCO,Taipei Stock Exchange,Taiwan,,Kaohsiung,81170,https://www.hta.com.tw,Small Cap,TW0007751000,,BBG01N5LD396,BBG01N5LD378,BBG01N5LD3B3,False
7752.TWO,Century Huaxin Wind Energy Co. Ltd.,"Century Huaxin Wind Energy Co. Ltd. is a company listed on the Taipei Stock Exchange under the ticker 7752. It operates in the Metals & Mining industry within the Materials sector. The company is headquartered in Taichung City, Taiwan.",TWD,Materials,Materials,Metals & Mining,TWO,ROCO,Taipei Stock Exchange,Taiwan,,Taichung City,434445,https://www.chwetw.com/tw,Micro Cap,TW0007752008,,BBG01N8DDVR9,BBG014P81BR0,BBG014P81KG2,False
7754.TWO,AnnJi,"AnnJi is a company listed on the Taipei Stock Exchange under the ticker 7754. It operates in the Biotechnology industry within the Health Care sector. The company is headquartered in Taipei, Taiwan.",TWD,Health Care,"Pharmaceuticals, Biotechnology & Life Sciences",Biotechnology,TWO,ROCO,Taipei Stock Exchange,Taiwan,,Taipei,115011,https://www.ajpharm.com,Micro Cap,TW0007754004,,BBG01NBZV3L4,BBG01NBZV3J7,BBG01NBZV3R8,False
7757.TWO,"Lebledor F&B Co., Ltd.","Lebledor F&B Co., Ltd. is a company listed on the Taipei Stock Exchange under the ticker 7757. It operates in the Hotels, Restaurants & Leisure industry within the Consumer Discretionary sector. The company is headquartered in New Taipei City, Taiwan.",TWD,Consumer Discretionary,Consumer Services,"Hotels, Restaurants & Leisure",TWO,ROCO,Taipei Stock Exchange,Taiwan,,New Taipei City,24158,https://www.lebledor.com,Micro Cap,TW0007757007,,BBG01NC8Z776,BBG01NC8Z758,BBG01NC8Z794,False
8024.TWO,Alpha Microelectronics Corporation,"Alpha Microelectronics Corporation is a company listed on the Taipei Stock Exchange under the ticker 8024. It operates in the Semiconductors & Semiconductor Equipment industry within the Information Technology sector. The company is headquartered in Hsinchu, Taiwan.",TWD,Information Technology,Semiconductors & Semiconductor Equipment,Semiconductors & Semiconductor Equipment,TWO,ROCO,Taipei Stock Exchange,Taiwan,,Hsinchu,,https://www.ealpha.com.tw,Nano Cap,TW0008024001,,BBG000HZX621,BBG000HZX5R6,BBG001SHX869,False
8027.TWO,E&R Engineering Corp.,"E&R Engineering Corp. is a company listed on the Taipei Stock Exchange under the ticker 8027. It operates in the Machinery industry within the Industrials sector. The company is headquartered in Kaohsiung City, Taiwan.",TWD,Industrials,Capital Goods,Machinery,TWO,ROCO,Taipei Stock Exchange,Taiwan,,Kaohsiung City,824,https://www.enr.com.tw,Small Cap,TW0008027004,,BBG005HGD054,BBG000M20TW1,BBG001SK7RT4,False
8032.TWO,"Koryo Electronics Co., Ltd.","Koryo Electronics Co., Ltd. engages in the production, sale, and import/export of electronic parts and components, and computers and computer peripherals. It also imports/exports electric appliances and components, such as TV sets, video and radio cassette recorders, air conditioners, refrigerators, and microwave ovens; and acts as an agent for related products of Taiwan and international companies on sales, bids, and quotes. The company was founded in 1987 and is based in New Taipei City, Taiwan.",TWD,Information Technology,Technology Hardware & Equipment,"Technology Hardware, Storage & Peripherals",TWO,ROCO,Taipei Stock Exchange,Taiwan,,New Taipei City,22101,http://www.koryo.com.tw,Micro Cap,TW0008032004,,BBG000MTDTD9,BBG000MTDSW0,BBG001SKHTP3,False
8034.TWO,"OPNET Technologies Co., Ltd.","OPNET Technologies Co., Ltd. designs, manufactures, and markets telecommunication network access and optical transport equipment worldwide. Its access network products include DLC/E1-MUX/IP-MUX, MSAN/SVG, Mini-DSLAM, VoIP gateway, and GPON; and transmission network products comprise CWDM/DWDM/ROADM, carrier grade switching platform, fiber optical multiplexers, TDMo-PSN, Ethernet over PDH, and G.SHDSL.bis bridges/routers. The company also offers enterprise network products, such as EPON; distribution network products that consist of telecom cables, ODF/FDC, FOSC, FDP/FDB, and box panels, as well as accessories; and submarine cable systems, including submarine power, submarine optical fiber, optical fiber composite submarine, special underwater, and high voltage power cables, as well as transoceanic communication system accessories. In addition, the company provides fiber optic sensor solutions; and supports network planning, installation, training, and maintenance services. It serves incumbent fixed-network operators, mobile operators, cable TV operators, utility companies, enterprises, and military entities. The company was founded in 1991 and is headquartered in Hsinchu City, Taiwan.",TWD,Information Technology,Technology Hardware & Equipment,Communications Equipment,TWO,ROCO,Taipei Stock Exchange,Taiwan,,Hsinchu City,30075,http://www.opnet.com.tw,Nano Cap,TW0008034000,,BBG000N4PMB7,BBG000N4PLL8,BBG001SKMTK2,False
8038.TWO,"Changs Ascending Enterprise Co., Ltd.","Changs Ascending Enterprise Co., Ltd. engages in the research and development, manufacture, and sale of rechargeable batteries and cell materials in Taiwan. The company offers vehicle batteries, including starter batteries for golf carts, forklifts, and hybrids and E-cars; and electronic storage systems (ESS) and uninterruptible power supply (UPS) systems for use in office and home applications, ESS UPC backup power, off the grid applications, and solar LED lights. It also provides grid and industrial ESS/UPS energy storage and back-up systems for large UPS, micro grid ESS, mission critical UPS, and traffic light back-up applications. The company was formerly known as Changs Enterprise Co., Ltd. and changed its name to Changs Ascending Enterprise Co., Ltd. in July 2000. Changs Ascending Enterprise Co., Ltd. was founded in 1997 and is based in Taichung, Taiwan.",TWD,Industrials,Capital Goods,Electrical Equipment,TWO,ROCO,Taipei Stock Exchange,Taiwan,,Taichung,407,http://www.caec.com.tw,Micro Cap,TW0008038001,,BBG000MX6KX5,BBG000MX6KM7,BBG001SKJSG3,False
8040.TWO,IC Plus Corp.,"IC Plus Corp. is a company listed on the Taipei Stock Exchange under the ticker 8040. It operates in the Semiconductors & Semiconductor Equipment industry within the Information Technology sector. The company is headquartered in Hsinchu City, Taiwan.",TWD,Information Technology,Semiconductors & Semiconductor Equipment,Semiconductors & Semiconductor Equipment,TWO,ROCO,Taipei Stock Exchange,Taiwan,,Hsinchu City,30071,https://www.icplus.com.tw,Micro Cap,TW0008040007,,BBG000N4Z8S9,BBG000N4Z8D5,BBG001SKMXR6,False
8042.TWO,"Taiwan Chinsan Electronic Industrial Co., Ltd.","Taiwan Chinsan Electronic Industrial Co., Ltd. designs, manufactures, and distributes electrolytic capacitors. The company offers aluminum electrolytic capacitors, such as radial lead type, snap-in lug terminal type, and screw terminal type capacitors; and aluminum polymer capacitors comprising polymer radial lead type and polymer SMD type capacitors. Taiwan Chinsan Electronic Industrial Co., Ltd. was founded in 1970 and is based in New Taipei City, Taiwan.",TWD,Information Technology,Technology Hardware & Equipment,"Electronic Equipment, Instruments & Components",TWO,ROCO,Taipei Stock Exchange,Taiwan,,New Taipei City,,http://www.chinsan.com,Small Cap,TW0008042003,,BBG000NQY856,BBG000NQY721,BBG001SKW550,False
8043.TWO,"Honey Hope Honesty Enterprise Co.,Ltd","Honey Hope Honesty Enterprise Co.,Ltd, together with its subsidiaries, engages in the sales agency of multilayer ceramic capacitors and inductors in passive components in Taiwan, Asia, and internationally. It provides electronic components, and related products. The company also engages in investment activities. Honey Hope Honesty Enterprise Co.,Ltd was incorporated in 1989 and is headquartered in Taipei, Taiwan.",TWD,Information Technology,Technology Hardware & Equipment,"Electronic Equipment, Instruments & Components",TWO,ROCO,Taipei Stock Exchange,Taiwan,,,,https://www.threehhh.com.tw,Small Cap,TW0008043001,,BBG000PMHY00,BBG000PMHXR3,BBG001SLH467,False
8044.TWO,PChome Online Inc.,"PChome Online Inc. provides e-commerce and portal services in China and internationally. It operates through E-Commerce-Sales, Market Place, and Other segments. The company operates PChome 24h Shopping, PChome Shopping, and PChome Global Shopping Websites. It also operates portals that provide a range of network services, including news platforms, stock markets, email, Kaza personal blog, news, travel, car-buying, customized photo album, search channels, etc., as well as online adverting services, such as display advertising and display network. In addition, the company offers type II telecommunications, magazine publication, international trade and investment, online payment processing, travel agency, information, transportation and logistics, clothing sales, information processing, electronic information, and Internet services. PChome Online Inc. was founded in 1996 and is headquartered in Taipei, Taiwan.",TWD,Consumer Discretionary,Retailing,Internet & Direct Marketing Retail,TWO,ROCO,Taipei Stock Exchange,Taiwan,,Taipei,106,http://www.pchome.com.tw,Micro Cap,TW0008044009,,BBG000DCXM30,BBG000DCXLY8,BBG001SGXZL4,False
8045.TWO,"TWOWAY Communications, Inc.","TWOWAY Communications, Inc. is a company listed on the Taiwan Stock Exchange under the ticker 8045. It operates in the Communications Equipment industry within the Information Technology sector. The company is headquartered in New Taipei City, Taiwan.",TWD,Information Technology,Technology Hardware & Equipment,"Electronic Equipment, Instruments & Components",TWO,ROCO,Taipei Stock Exchange,Taiwan,,New Taipei City,24891,https://www.twoway.com.tw,Micro Cap,TW0008045006,,,,,True
8047.TWO,Great Computer Corp.,"Great Computer Corp. is a company listed on the Taipei Stock Exchange under the ticker 8047. It operates in the Machinery industry within the Industrials sector. The company is headquartered in New Taipei City, Taiwan.",TWD,Industrials,Capital Goods,Machinery,TWO,ROCO,Taipei Stock Exchange,Taiwan,,New Taipei City,22151,https://www.gccworld.com,Micro Cap,TW0008047002,,BBG000P751T7,BBG000P75180,BBG001SL5JR4,False
8048.TWO,Ruby Tech Corporation,"Ruby Tech Corporation manufactures and sells networking products in Taiwan. It offers PoE Ethernet and industrial switches; managed, Web-smart, unmanaged, PoE, mode, and industrial converters; fiber NICs; and OLT and ONU products, and splitters, as well as HW/SW customization services. The company was founded in 1981 and is headquartered in Taipei City, Taiwan.",TWD,Information Technology,Technology Hardware & Equipment,Communications Equipment,TWO,ROCO,Taipei Stock Exchange,Taiwan,,Taipei,115,http://www.rubytech.com.tw,Micro Cap,TW0008048000,,BBG000NBXK53,BBG000NBXJ83,BBG001SKQ3R8,False
8049.TWO,"Ampire Co., Ltd.","Ampire Co., Ltd. designs, manufactures, and sells liquid crystal display (LCD) modules and touch screens for industrial applications. The company offers large, medium, and small TN, STN, FSTN, TFT, and capacitive TP modules, as well as graphic, character, and open frame products. Its products are used in non-consumer application panels, such as white home appliances, HMI, card reader, industrial instrumentation, medical devices, automobile display panel, touch panel PC/Monitor, maritime information display panel, on-board entertainment panel, smart home control display panel, kiosks, and multi-functional office machines. The company was founded in 1998 and is based in New Taipei City, Taiwan.",TWD,Information Technology,Technology Hardware & Equipment,"Electronic Equipment, Instruments & Components",TWO,ROCO,Taipei Stock Exchange,Taiwan,,New Taipei City,221,http://www.ampire.com.tw,Micro Cap,TW0008049008,,BBG000NY7JJ0,BBG000NY7HY7,BBG001SL0FK4,False
8050.TWO,IBASE Technology Inc.,"IBASE Technology Inc. designs, develops, manufactures, and sells industrial PCs in Taiwan and internationally. The company primarily offers industrial motherboards, embedded systems, panel PCs, digital signage players, and network appliances, as well as RISC computing products, such as ARM-based Freescale i.MX6 SBCs, SMARC modules and carrier boards, and SMARC development kits for various applications in industrial automation, smart retail, networking and communication, intelligent transportation, medical, gaming, healthcare, smart factory, and entertainment and hospitality markets. It also provides original and joint design manufacturing services, such as board/system specification design, software design, manufacturing, validation, and after services. The company was founded in 2000 and is headquartered in Taipei, Taiwan.",TWD,Information Technology,Technology Hardware & Equipment,"Technology Hardware, Storage & Peripherals",TWO,ROCO,Taipei Stock Exchange,Taiwan,,Taipei,115,http://www.ibase.com.tw,Small Cap,TW0008050006,,BBG000NR0YC6,BBG000NR0XL8,BBG001SKW621,False
8054.TWO,"Alcor Micro,Corp.","Alcor Micro,Corp., a fabless IC design company, designs, develops, and markets integrated semiconductor chips and software solutions for the personal computer peripherals and consumer electronics worldwide. The company offers human interface input and output solutions, such as flash media reader, USB hub, camera, and other multimedia related controllers. It also provides mobile device, data link, USB flash disk, and SSD storage controllers, as well as SD card controllers. The company was founded in 1999 and is headquartered in Taipei, Taiwan.",TWD,Information Technology,Technology Hardware & Equipment,"Technology Hardware, Storage & Peripherals",TWO,ROCO,Taipei Stock Exchange,Taiwan,,Taipei,115,http://www.alcormicro.com,Micro Cap,TW0008054008,,BBG000PN7094,BBG000PN6ZX1,BBG001SLJ9H2,False
8059.TWO,CastleNet Technology Inc.,"CastleNet Technology Inc. develops, manufactures, and sells network communication equipment in Taiwan. It offers data cable modems, data and EMTA gateway products, and embedded cable modem modules, as well as products in the WAN, LAN, and wireless fields to MSO, telecom, and ISP companies. It also supplies its products to Europe, Japan, and Korea. The company was founded in 1998 and is headquartered in New Taipei City, Taiwan.",TWD,Information Technology,Technology Hardware & Equipment,Communications Equipment,TWO,ROCO,Taipei Stock Exchange,Taiwan,,New Taipei City,222004,http://www.castlenet.com.tw,Micro Cap,TW0008059007,,BBG000CZN1T9,BBG000CZN173,BBG001SFXDM4,False
8064.TWO,"Contrel Technology Co., Ltd.","Contrel Technology Co., Ltd. engages in the research, development, manufacture, and sale of LCD equipment in Taiwan and internationally. The company offers panel automation products, such as CF/TFT whole plant, LCD whole factory panel, and RTP/RTS whole line panel transmission equipment integration system, as well as pack/unpack equipment; panel process equipment; and glass appearance inspection, burr check, electrical testing, light on test, MACRO, and mini LED test equipment, as well as PAD inspection machine. It also provides semiconductor automation solutions, such as EFEM integrated system, OHS automated handling system, storage systems, and automatic optical inspection products, as well as laser cutting, pattering, drilling, and repair equipment. In addition, the company offers laser equipment, including TFT array and LCD cell repair equipment, LCD bright point repair systems, OLED dark point repair equipment, circuit missing line repair machine, carbonization machine, glass cutting machine, OLED mask clean equipment, and laser marking/automatic optical inspection systems; logistic systems, including sorting system, automatic warehouse and handling system, and intelligent logistics equipment; LED vacuum coating equipment, such as glue, evaporation, optical, and continuous sputtering machine; and micro nano products. Contrel Technology Co., Ltd. was founded in 1998 and is headquartered in Tainan City, Taiwan.",TWD,Information Technology,Semiconductors & Semiconductor Equipment,Semiconductors & Semiconductor Equipment,TWO,ROCO,Taipei Stock Exchange,Taiwan,,Tainan City,744094,http://www.contrel.com.tw,Small Cap,TW0008064007,,BBG000CVQ5G0,BBG000CVQ4W5,BBG001SFT378,False
8066.TWO,Lifestyle Global Enterprise Inc.,"Lifestyle Global Enterprise Inc. is a company listed on the Taipei Stock Exchange under the ticker 8066. It operates in the Household Durables industry within the Consumer Discretionary sector. The company is headquartered in Taipei, Taiwan.",TWD,Consumer Discretionary,Consumer Durables & Apparel,Household Durables,TWO,ROCO,Taipei Stock Exchange,Taiwan,,Taipei,114,https://www.lifestyle-global.com,Nano Cap,TW0008066002,,BBG000F3PRP2,BBG000F3PQV7,BBG001SGP174,False
8067.TWO,"Gish International Co., Ltd","Gish International Co., Ltd operates as a distribution company in Japan, Singapore, China, Canada, the United States, Australia, and Chile. It offers a range of products, including fragrances and beauty products. The company was founded in 1989 and is based in New Taipei City, Taiwan.",TWD,Information Technology,Technology Hardware & Equipment,"Electronic Equipment, Instruments & Components",TWO,ROCO,Taipei Stock Exchange,Taiwan,,New Taipei City,,http://www.gish-int.com,Nano Cap,TW0008067000,,BBG000NRPRL4,BBG000NRPR34,BBG001SKWLC7,False
8068.TWO,Chander Electronics Corp.,"Chander Electronics Corp. engages in the distribution and maintenance of electronic components, integrated circuits, and design and test equipment. The company is also involved in the maintenance of computers and related spare parts; and analysis, planning, designing, development, import and export, distribution, and maintenance of computer and software systems. It also provides cloud services. The company was incorporated in 1997 and is based in New Taipei City, Taiwan.",TWD,Information Technology,Technology Hardware & Equipment,"Electronic Equipment, Instruments & Components",TWO,ROCO,Taipei Stock Exchange,Taiwan,,New Taipei City,,http://www.chander.com.tw,Nano Cap,TW0008068008,,BBG000P34G14,BBG000P34F25,BBG001SL3F12,False
8069.TWO,E Ink Holdings Inc.,"E Ink Holdings Inc. is a company listed on the Taipei Stock Exchange under the ticker 8069. It operates in the Electronic Equipment, Instruments & Components industry within the Information Technology sector. The company is headquartered in Hsinchu City, Taiwan.",TWD,Information Technology,Technology Hardware & Equipment,"Electronic Equipment, Instruments & Components",TWO,ROCO,Taipei Stock Exchange,Taiwan,,Hsinchu City,300,https://www.eink.com,Mid Cap,TW0008069006,,BBG000PPMR20,BBG000PPMQC1,BBG001SLG6B7,False
8071.TWO,"ABICO NetCom Co.,Ltd.","ABICO NetCom Co.,Ltd. operates as a pre-recorded disk manufacturing company. The company engages in the real estate investment business; film production/marketing/acting agent business; and investment businesses. It offers contact lenses; digital business machines, POS systems, and communication systems; sports related supplies; machines and printers; components and production molds; auto parts, modules, power tool machine gear packs, and residential appliances/ OA-related parts; mobile phones, digital cameras, 3C electronics products, metal and plastic chassis exterior parts, and internal components; and digital imaging products. The company was formerly known as ABICO-FS Co., Ltd. and changed its name to ABICO NetCom Co.,Ltd. in 2019. ABICO NetCom Co.,Ltd. was founded in 1993 and is headquartered in New Taipei City, Taiwan.",TWD,Information Technology,Technology Hardware & Equipment,"Technology Hardware, Storage & Peripherals",TWO,ROCO,Taipei Stock Exchange,Taiwan,,New Taipei City,,http://www.fstdisc.com.tw,Nano Cap,TW0008071002,,BBG000PPRSJ5,BBG000PPRS41,BBG001SLLWN1,False
8074.TWO,"Aurona Industries, Inc.","Aurona Industries, Inc. produces phenolic resin laminates of drilling backup boards, and insulating materials to print circuit board and mechanical industries. The company's product portfolio includes PCB drilling back-up/entry boards, routing back-up/entry boards, bakelites, diamond coating routers, medium-density fiberboards, aluminum lubrication entry boards, cushion craft papers, collets, and pressure brushes. It supplies its products to the high-end PCB and IC carrier fabricators, as well as for use in the PCB applications, including smart phone, flash memory chip, PBGA, flip chip drilling, etc. The company supplies its products to approximately 10 countries, such as Japan, Korea, China, Singapore, Malaysia, Thailand, Indonesia, Vietnam, Germany, and the United States. Aurona Industries, Inc. was founded in 1996 and is based in Tainan City, Taiwan.",TWD,Information Technology,Technology Hardware & Equipment,"Electronic Equipment, Instruments & Components",TWO,ROCO,Taipei Stock Exchange,Taiwan,,Tainan City,72261,http://www.aurona.com.tw,Micro Cap,TW0008074006,,BBG000K76NG7,BBG000K76MY9,BBG001SJDNW5,False
8076.TWO,"Firich Enterprises Co., Ltd.","Firich Enterprises Co., Ltd. engages in the design and manufacture of POS systems worldwide. The company offers XPOS and mobile POS products; POS and BOX systems; lite, fanless, and performance panel PCs; monitors; kiosks; and peripherals. It provides POS solutions for the hospitality and retail markets. The company was founded in 1995 and is based in New Taipei City, Taiwan.",TWD,Information Technology,Technology Hardware & Equipment,"Technology Hardware, Storage & Peripherals",TWO,ROCO,Taipei Stock Exchange,Taiwan,,New Taipei City,221,http://www.fecpos.com,Micro Cap,TW0008076001,,BBG000LYWNS5,BBG000LYWNB3,BBG001SK6KD7,False
8077.TWO,"Green World Hotels Co., Ltd.","Green World Hotels Co., Ltd. is a company listed on the Taipei Stock Exchange under the ticker 8077. It operates in the Hotels, Restaurants & Leisure industry within the Consumer Discretionary sector. The company is headquartered in Taipei, Taiwan.",TWD,Consumer Discretionary,Consumer Services,"Hotels, Restaurants & Leisure",TWO,ROCO,Taipei Stock Exchange,Taiwan,,Taipei,104,https://www.greenworldhotels.com,Nano Cap,TW0008077009,,BBG000KJRQL5,BBG000KJQNN1,BBG001SJMNS0,False
8080.TWO,TerraLink Enterprise Co Ltd,"Taiwan Ostor Corporation manufactures and sells electronic components. It offers electrolytic capacitors for use in the motherboard and power supply markets; solid capacitors; and Trusted Platform Module, a microcontroller installed on the motherboard of a PC or laptop designed to provide security-related functions and create cryptographic keys and digital certificates. The company also offers fingerprint solutions, interquip electronics, and multilayer ceramic capacitors. In addition, it provides medical crystal products, such as scintillator. Further, the company offers crystalline solar modules, photovoltaic (PV) ethylene-vinyl-acetate films, PV backsheets, PV module automatic equipment, and PV junction boxes, as well as conductive silver paste. Taiwan Ostor Corporation was founded in 1993 and is headquartered in Taipei City, Taiwan.",TWD,Information Technology,Technology Hardware & Equipment,"Electronic Equipment, Instruments & Components",TWO,ROCO,Taipei Stock Exchange,Taiwan,,Taipei,115,http://www.ost.com.tw,Micro Cap,TW0008080003,,BBG000C083L7,BBG000C08391,BBG001SDBRD2,False
8083.TWO,Pro-Hawk Corporation,"Pro-Hawk Corporation is a company listed on the Taipei Stock Exchange under the ticker 8083. It operates in the Auto Components industry within the Consumer Discretionary sector. The company is headquartered in New Taipei City, Taiwan.",TWD,Consumer Discretionary,Automobiles & Components,Auto Components,TWO,ROCO,Taipei Stock Exchange,Taiwan,,New Taipei City,24200,https://www.prohawk.com.tw,Micro Cap,TW0008083007,,BBG000LB1WV5,BBG000LB1W54,BBG001SJY8D6,False
8084.TWO,"Chip Hope Co., Ltd","Chip Hope Co., Ltd is a company listed on the Taipei Stock Exchange under the ticker 8084. It operates in the Semiconductors & Semiconductor Equipment industry within the Information Technology sector. The company is headquartered in New Taipei City, Taiwan.",TWD,Information Technology,Semiconductors & Semiconductor Equipment,Semiconductors & Semiconductor Equipment,TWO,ROCO,Taipei Stock Exchange,Taiwan,,New Taipei City,23551,https://www.chiphope.com,Nano Cap,TW0008084005,,BBG000LXHWH6,BBG000LXHVZ8,BBG001SK6835,False
8085.TWO,"Forward Electronics Co., Ltd.","Forward Electronics Co., Ltd. is a company listed on the Taipei Stock Exchange under the ticker 8085. It operates in the Electronic Equipment, Instruments & Components industry within the Information Technology sector. The company is headquartered in New Taipei City, Taiwan.",TWD,Information Technology,Technology Hardware & Equipment,"Electronic Equipment, Instruments & Components",TWO,ROCO,Taipei Stock Exchange,Taiwan,,New Taipei City,236,https://www.fwd.com.tw,Micro Cap,TW0008085002,,BBG000LXHTM7,BBG000LXHT10,BBG001SK6817,False
8086.TWO,Advanced Wireless Semiconductor Company,"Advanced Wireless Semiconductor Company is a company listed on the Taipei Stock Exchange under the ticker 8086. It operates in the Semiconductors & Semiconductor Equipment industry within the Information Technology sector. The company is headquartered in Tainan City, Taiwan.",TWD,Information Technology,Semiconductors & Semiconductor Equipment,Semiconductors & Semiconductor Equipment,TWO,ROCO,Taipei Stock Exchange,Taiwan,,Tainan City,74145,https://www.awsc.com.tw,Small Cap,TW0008086000,,BBG000LXHRP8,BBG000LXHQ89,BBG001SK67Z2,False
8087.TWO,Leadsun Greentech Corporation,"Homenema Technology Incorporation manufactures and sells professional pre-recorded optic discs in Taiwan. The company offers compact discs (CDs) consisting of audio and video CDs, as well as mixed mode, ROM, and card CDs; and digital versatile discs. It also provides packaging services. The company's products are used in digital music and videos, gaming, software, and business cards applications. Homenema Technology Incorporation was founded in 1997 and is based in Taipei, Taiwan.",TWD,Information Technology,Technology Hardware & Equipment,"Technology Hardware, Storage & Peripherals",TWO,ROCO,Taipei Stock Exchange,Taiwan,,Taipei,,http://www.homenema.com,Nano Cap,TW0008087008,,BBG000K4GJT8,BBG000K4GHS3,BBG001SJGQ82,False
8088.TWO,Panram International Corp.,"Panram International Corp. provides electronic manufacturing services in Taiwan. The company offers services, such as ODM and OEM services, as well as product design, raw material procurement, logistic management, transportation, product testing, and RMA services. Its products include DRAM modules; flash memory products, such as pen drives and fingerprint drives; I/O products; keyboards, touch panel control boards, and VGA cards; and embedded storage products, touch screen controllers, and card readers. The company also provides SSDs, SD/microSD cards and USB modules, FDM modules, conformal coatings, and anti-sulfur modules. Panram International Corp. was founded in 1994 and is based in Taipei City, Taiwan.",TWD,Information Technology,Technology Hardware & Equipment,"Technology Hardware, Storage & Peripherals",TWO,ROCO,Taipei Stock Exchange,Taiwan,,Taipei,114,http://www.panram.com.tw,Micro Cap,TW0008088006,,BBG000M5DBY7,BBG000M5DB77,BBG001SK8YR0,False
8089.TWO,Comtrend Corporation,"Comtrend Corporation designs and manufactures broadband communication equipment worldwide. The company offers switches, SMB wireless products, powerline and coax adapters, and power over Ethernet products. Comtrend Corporation was founded in 1990 and is headquartered in New Taipei City, Taiwan.",TWD,Information Technology,Technology Hardware & Equipment,Communications Equipment,TWO,ROCO,Taipei Stock Exchange,Taiwan,,New Taipei City,241405,http://www.comtrend.com,Nano Cap,TW0008089004,,BBG00LTP1SJ3,BBG000PM88X1,BBG001SLGPW2,False
8091.TWO,Feedback Technology Corp.,"Feedback Technology Corp. manufactures and sells components for semiconductor, LCD, LED, and vacuum industries in Taiwan. The company offers helium leak detectors, MV multi-traps, pureron gas filters, SiC coated susceptors, and silicon boat for vertical furnace; and high precision matching and surface treatment products; as well as provides repair and overhaul services. The company was founded in 1991 and is headquartered in Hsinchu City, Taiwan.",TWD,Information Technology,Semiconductors & Semiconductor Equipment,Semiconductors & Semiconductor Equipment,TWO,ROCO,Taipei Stock Exchange,Taiwan,,Hsinchu City,30091,http://www.feedback.com.tw,Small Cap,TW0008091000,,BBG000MJYC18,BBG000MJYBK9,BBG001SKDXT4,False
8092.TWO,"Chien Wei Precise Technology Co., Ltd.","Chien Wei Precise Technology Co., Ltd. manufactures and sells precise molding and measuring machines, and machine tools worldwide. Its products include 2D/3D precise measuring instruments, precision JIG grinders, machining centers, vertical grinding machines, IC-semiconductor special accessories, trimming and forming products, ultra-precision optics, and DVD molds. The company was founded in 1981 and is headquartered in Kaohsiung, Taiwan.",TWD,Industrials,Capital Goods,Machinery,TWO,ROCO,Taipei Stock Exchange,Taiwan,,Kaohsiung,83041,http://www.chienwei.com,Nano Cap,TW0008092008,,BBG000NGSS15,BBG000NGSRS8,BBG001SKS163,False
8093.TWO,Enermax Technology Corporation,"Enermax Technology Corporation manufactures and sells PC components and peripherals worldwide. It offers power supplies; cases comprising full, mid, and mini towers; fans; air and liquid coolers; peripherals, such as monitor stands, USB fans, air guides, headset holders, blackplane modules, mobile racks, card readers, HDD enclosures, keyboards, and notebook coolers; and audio products, including speakers and earphones. The company was founded in 1990 and is based in Taoyuan, Taiwan.",TWD,Information Technology,Technology Hardware & Equipment,"Technology Hardware, Storage & Peripherals",TWO,ROCO,Taipei Stock Exchange,Taiwan,,Taoyuan City,330,http://www.enermax.com.tw,Nano Cap,TW0008093006,,BBG000P327D3,BBG000P32743,BBG001SL3BY5,False
8096.TWO,CoAsia Electronics Corp.,"CoAsia Electronics Corp. provides components for mobile multimedia in Taiwan and internationally. It offers CMOS, 3D, and automotive image sensors; processors, PMICs, and NFC components; memory solutions; mobile and IT AMOLEDs; and balanced membrane drivers, chip solutions, driver IC's, and battery protection circuit packages, as well as micro controller units for remote controllers, small home application, and LCD applications. The company was formerly known as CoAsia Microelectronics Corp. The company was founded in 1997 and is based in Taipei, Taiwan.",TWD,Information Technology,Semiconductors & Semiconductor Equipment,Semiconductors & Semiconductor Equipment,TWO,ROCO,Taipei Stock Exchange,Taiwan,,Taipei,115,http://www.coasiaelec.com,Small Cap,TW0008096009,,BBG000NB4G45,BBG000NB4F38,BBG001SKPTY4,False
8097.TWO,ATW Technology Inc.,"ATW Technology Inc. researches, develops, manufactures, and sells wireless communication products in the United States, Europe, and Asia. It offers wireless indoor and outdoor APs/repeaters, including Wi-Fi range extenders and routers; wireless indoor network adapters, which includes Bluetooth speaker adapters, and display and wireless USB dongles; wireless outdoor adapters; indoor signal boosters; and networking adapters, such as Wi-Fi and USB adapters, PCI and PCI-E cards, modems, and modem cards. The company also provides 4G/4.5G products; switch hubs; smart IoT products; dual Wan xDSL 4G Indoor Wi-Fi routers; ADSL routers; routers with VoIP; and VDSL products. In addition, it offers cellular phone peripheral components, power adaptors, IP cameras, etc. The company was formerly known as L&K Precision Technology Co., Ltd. and changed its name to ATW Technology Inc. in September 2013. ATW Technology Inc. was founded in 1986 and is based in New Taipei City, Taiwan.",TWD,Information Technology,Technology Hardware & Equipment,Communications Equipment,TWO,ROCO,Taipei Stock Exchange,Taiwan,,New Taipei City,238,http://www.atw.com.tw,Micro Cap,TW0008097007,,BBG000NT2YG6,BBG000NT2XQ7,BBG001SKXHB6,False
8098.TWO,Duratek,"Duratek is a company listed on the Taipei Stock Exchange under the ticker 8098. It operates in the Machinery industry within the Industrials sector. The company is headquartered in Tainan, Taiwan.",TWD,Industrials,Capital Goods,Machinery,TWO,ROCO,Taipei Stock Exchange,Taiwan,,Tainan,,https://www.duratek.com.tw,Micro Cap,TW0008098005,,BBG01JS8YXK7,BBG000NVQQ81,BBG001SKYN13,False
8099.TWO,Tatung System Technologies Inc.,"Tatung System Technologies Inc. provides professional services and assistance in digital transformation. The company provides services, including intelligent solutions, consultancy services, cloud services, information and communication system integration and construction, protection of data security, and uninterrupted services, as well as AI medical image recognition system for mammography and smart medical services. It serves customers in a range of industries, such as telecommunication, financial holdings, manufacturing, media, retail, government, military, universities, and research organizations. The company was founded in 2000 and is based in Taipei City, Taiwan.",TWD,Information Technology,Software & Services,IT Services,TWO,ROCO,Taipei Stock Exchange,Taiwan,,Taipei,104,http://www.etatung.com,Micro Cap,TW0008099003,,BBG000GM3DD7,BBG000GM3CZ5,BBG001SH9F15,False
8102.TWO,"Jeilin Technology Co., Ltd.","Jeilin Technology Co., Ltd. is a company listed on the Taipei Stock Exchange under the ticker 8102. It operates in the Semiconductors & Semiconductor Equipment industry within the Information Technology sector. The company is headquartered in New Taipei City, Taiwan.",TWD,Information Technology,Semiconductors & Semiconductor Equipment,Semiconductors & Semiconductor Equipment,TWO,ROCO,Taipei Stock Exchange,Taiwan,,New Taipei City,,https://www.jeilin.com.tw,Nano Cap,TW0008102005,,BBG01JS9DHY8,BBG000MF12Q7,BBG001SKCLK0,False
8107.TWO,"Tayih Kenmos Auto parts Co., Ltd.","Tayih Kenmos Auto parts Co., Ltd. researches, develops, manufactures, and sells automotive blow molding and filtration parts in Taiwan and internationally. It offers automobile cabin air filters, automatic transmission filters, home air purifier filters, face masks, and other products; running boards; and pickup sport bars, tonneau covers, and other exteriors. The company was founded in 1998 and is headquartered in Tainan City, Taiwan.",TWD,Consumer Discretionary,Automobiles & Components,Auto Components,TWO,ROCO,Taipei Stock Exchange,Taiwan,,Tainan City,745,http://www.kenmos.com.tw,Nano Cap,TW0008107004,,BBG000PLX767,BBG000PLX6M1,BBG001SLG1K8,False
8109.TWO,"P-Duke Technology Co.,Ltd.","P-Duke Technology Co.,Ltd. is a company listed on the Taipei Stock Exchange under the ticker 8109. It operates in the Electrical Equipment industry within the Industrials sector. The company is headquartered in Taichung, Taiwan.",TWD,Industrials,Capital Goods,Electrical Equipment,TWO,ROCO,Taipei Stock Exchange,Taiwan,,Taichung,40850,https://www.pduke.com,Small Cap,TW0008109000,,BBG000PN2TP8,BBG000PN2T14,BBG001SLJ1R8,False
8111.TWO,"Ligitek Electronics Co.,Ltd","Ligitek Electronics Co.,Ltd designs, develops, manufactures, and sells a range of optoelectronic components in Taiwan and internationally. The company offers LED products, such as through hole LEDs, PCB type surface-mount device (SMD), PLCC SMDs, leads type SMDs, invisible LED, automotive LED, ambient light sensors, smart LED, arrays, SMD type displays, LED displays, dot matrixes, and LED back lights. Its products are used in the LED lighting, mass transit and MRT system, automobile and motorcycle LED module, customized lighting, imaging lighting infrared module products and ODM, UV module group product and ODM, solar energy, and e-bike applications. The company was founded in 1989 and is headquartered in New Taipei City, Taiwan.",TWD,Information Technology,Technology Hardware & Equipment,"Electronic Equipment, Instruments & Components",TWO,ROCO,Taipei Stock Exchange,Taiwan,,New Taipei City,238,http://www.ligitek.com,Small Cap,TW0008111006,,BBG000PQYTF7,BBG000PQYT67,BBG001SLNYZ2,False
8119.TWO,Clientron Corp.,"Clientron Corp. provides integrated embedded solutions worldwide. It designs, manufactures, and supplies thin client solutions, POS systems, automotive electronics, and embedded computing solutions, as well as offers after sales services. The company was incorporated in 1983 and is headquartered in New Taipei City, Taiwan.",TWD,Information Technology,Technology Hardware & Equipment,"Technology Hardware, Storage & Peripherals",TWO,ROCO,Taipei Stock Exchange,Taiwan,,New Taipei City,221,http://www.clientron.com,Nano Cap,TW0008119009,,BBG00H1G32K5,BBG00H1G32H9,BBG00H1G32L4,False
8121.TWO,Acme Electronics Corporation,"Acme Electronics Corporation produces and sells soft ferrite products in Taiwan. The company primarily offers Mn-Zn ferrite cores, Ni-Zn ferrite cores, and Mg-Zn ferrite cores for use in telecommunication, power conversion, and interference suppression applications. Its soft ferrite products comprise inductance passive electronic components, such as power transformers, loaded coils, and choke and demagnetization coils, which are used in various 3C devices, including power supplies, desktop monitors, notebooks, broadband network systems, telephone switching systems, relay stations, mobile phones, PDAs, LCD TVs, digital cameras, digital video cameras, video games handsets, scanners, etc. The company also provides sapphire ingots to sapphire wafer customers. Acme Electronics Corporation was founded in 1991 and is headquartered in Taipei, Taiwan.",TWD,Information Technology,Technology Hardware & Equipment,"Electronic Equipment, Instruments & Components",TWO,ROCO,Taipei Stock Exchange,Taiwan,,Taipei,114,http://www.acme-ferrite.com.tw,Micro Cap,TW0008121005,,BBG000MN0DY8,BBG000MN0CQ9,BBG001SKFV25,False
8147.TWO,Nextronics Engineering Corp.,"Nextronics Engineering Corp. provides connectors, and PICMG components and solutions for medical, aerospace, transportation, industrial, cloud/communication, and automation applications in Taiwan. The company offers high speed I/O, push pull circular, backplane signal, and combo power connectors; and embedded system connectors and components. It also provides terminal blocks, press-fit machine and tooling products, and customized-solutions, as well as Compact PCI, ATCA, and AMC and Micro TCA product solutions. The company was founded in 1986 and is headquartered in New Taipei City, Taiwan.",TWD,Information Technology,Technology Hardware & Equipment,"Electronic Equipment, Instruments & Components",TWO,ROCO,Taipei Stock Exchange,Taiwan,,New Taipei City,,http://www.nextrongroup.com,Micro Cap,TW0008147000,,BBG002R34YP3,BBG000RTG696,BBG001SV8DR2,False
8155.TWO,"Allied Circuit Co., Ltd.","Allied Circuit Co., Ltd. is a company listed on the Taipei Stock Exchange under the ticker 8155. It operates in the Electronic Equipment, Instruments & Components industry within the Information Technology sector. The company is headquartered in Taoyuan City, Taiwan.",TWD,Information Technology,Technology Hardware & Equipment,"Electronic Equipment, Instruments & Components",TWO,ROCO,Taipei Stock Exchange,Taiwan,,Taoyuan City,32559,https://www.accl.com.tw,Small Cap,TW0008155003,,BBG001PG6HD6,BBG001PG6HB8,BBG001V1BJH8,False
8171.TWO,Formosa Electronic Industries Inc.,"Formosa Electronic Industries Inc. is a company listed on the Taipei Stock Exchange under the ticker 8171. It operates in the Electronic Equipment, Instruments & Components industry within the Information Technology sector. The company is headquartered in Taipei, Taiwan.",TWD,Information Technology,Technology Hardware & Equipment,"Electronic Equipment, Instruments & Components",TWO,ROCO,Taipei Stock Exchange,Taiwan,,Taipei,,https://www.feii.com.tw,Micro Cap,TW0008171000,,BBG00173QDN1,BBG00173QDL3,BBG001TCQ3B2,False
8176.TWO,"Z-Com, Inc.","Z-Com, Inc. is a company listed on the Taipei Stock Exchange under the ticker 8176. It operates in the Communications Equipment industry within the Information Technology sector. The company is headquartered in Hsinchu, Taiwan.",TWD,Information Technology,Technology Hardware & Equipment,Communications Equipment,TWO,ROCO,Taipei Stock Exchange,Taiwan,,Hsinchu,300,https://www.zcom.com.tw,Nano Cap,TW0008176009,,BBG000BQD790,BBG000BQD6Y4,BBG001SBFT02,False
8179.TWO,"Subtron Technology Co., Ltd","Subtron Technology Co., Ltd manufactures and sells IC carrier boards and soft boards in Taiwan. Its products primarily include system in package RF, LED lighting, optical communication module, sensor, 5G related, and PBGA/CSP/TFBGA products, as well as TAB, COF, EMV TAB, and INK products. The company was founded in 1998 and is based in Hsinchu City, Taiwan.",TWD,Information Technology,Technology Hardware & Equipment,"Electronic Equipment, Instruments & Components",TWO,ROCO,Taipei Stock Exchange,Taiwan,,Hsinchu City,30351,http://www.subtron.com.tw,Micro Cap,,,,,,False
8182.TWO,Harmony Electronics Co. Ltd,"Harmony Electronics Co. Ltd is a company listed on the Taipei Stock Exchange under the ticker 8182. It operates in the Electronic Equipment, Instruments & Components industry within the Information Technology sector. The company is headquartered in Kaohsiung, Taiwan.",TWD,Information Technology,Technology Hardware & Equipment,"Electronic Equipment, Instruments & Components",TWO,ROCO,Taipei Stock Exchange,Taiwan,,Kaohsiung,831,https://www.hele.com.tw,Micro Cap,TW0008182007,,BBG000BJPXK3,BBG000BJPXB3,BBG001S8PY43,False
8227.TWO,Progate Group Corporation,"Progate Group Corporation is a company listed on the Taipei Stock Exchange under the ticker 8227. It operates in the Semiconductors & Semiconductor Equipment industry within the Information Technology sector. The company is headquartered in Taipei, Taiwan.",TWD,Information Technology,Semiconductors & Semiconductor Equipment,Semiconductors & Semiconductor Equipment,TWO,ROCO,Taipei Stock Exchange,Taiwan,,Taipei,114,https://www.pgc.com.tw,Small Cap,TW0008227000,,BBG000Q3YFP6,BBG000Q3YDR9,BBG001SM50D8,False
8234.TWO,"NEXCOM International Co., Ltd.","NEXCOM International Co., Ltd. provides Internet of Things (IoT) automation solutions, intelligent platform and services, mobile computing solutions, network and communication solutions, intelligent digital security, and medical and healthcare informatics products worldwide. The company offers IoT automation solutions, such as industrial fanless computer, google cloud IoT ready solution, industrial wireless solution, industry firewall solution, IoT solution, industrial touch computer, machine automation, PC-based factory automation, and software solution; and smart system solutions, including AI accelerators, interactive signage solution packs, multimedia player application platforms, multimedia machine tablets, embedded computer, open frame tablets, TV wall digital electronic signage solutions, digital electronic signboard dedicated hardware platforms, point of sale terminals, and rack industrial computers. It also provides car computer suctions comprising AI edge telematics solutions, embedded add-on modules, mobile NVRs, car computers, car network equipment, car touch screen computers, rugged car displays, modular on-board computers, and railway computers. In addition, the company offers network communication solutions, including cyber security solutions, edge and cloud solutions, industrial gateway solutions, network peripheral solutions, and SoC capability and S/W services; and smart medical solutions, such as healthcare medical, IoT gateway, software package, and video conference system. Further, it provides intelligent monitoring solutions comprising 3D cameras, panoramic cameras, license plate recognition cameras, monitoring video platforms, and webcams; and smart system and movie and film solutions. NEXCOM International Co., Ltd. was founded in 1992 and is headquartered in New Taipei City, Taiwan.",TWD,Information Technology,Technology Hardware & Equipment,"Technology Hardware, Storage & Peripherals",TWO,ROCO,Taipei Stock Exchange,Taiwan,,New Taipei City,23586,http://www.nexcom.com.tw,Micro Cap,TW0008234006,,BBG000C009Q7,BBG000C009D1,BBG001SD9LC9,False
8240.TWO,Wah Hong Industrial Corp.,"Wah Hong Industrial Corp. is a company listed on the Taipei Stock Exchange under the ticker 8240. It operates in the Electronic Equipment, Instruments & Components industry within the Information Technology sector. The company is headquartered in Kaohsiung, Taiwan.",TWD,Information Technology,Technology Hardware & Equipment,"Electronic Equipment, Instruments & Components",TWO,ROCO,Taipei Stock Exchange,Taiwan,,Kaohsiung,,https://www.wahhong.com,Micro Cap,TW0008240003,,BBG000J4X771,BBG000J4X6J0,BBG001SHZY24,False
8255.TWO,Actron Technology Corporation,"Actron Technology Corporation designs, develops, manufactures, and sells electronic components of vehicles for automakers worldwide. It offers high and low cup, and JP pressfit diodes; dish diodes; and TO-220, standard, micro, and jumbo button diodes. The company also provides alternators, regulators, and anti-lock brake system controls. Actron Technology Corporation was founded in 1998 and is based in Taoyuan, Taiwan.",TWD,Consumer Discretionary,Automobiles & Components,Auto Components,TWO,ROCO,Taipei Stock Exchange,Taiwan,,Taoyuan City,338,http://www.actron.com.tw,Small Cap,TW0008255001,,BBG000BFFDG1,BBG000BFFCF4,BBG001S7F1L9,False
8272.TWO,Changing Information Technology Inc.,"Changing Information Technology Inc. is a company listed on the Taipei Stock Exchange under the ticker 8272. It operates in the Software industry within the Information Technology sector. The company is headquartered in Hsinchu, Taiwan.",TWD,Information Technology,Software & Services,Software,TWO,ROCO,Taipei Stock Exchange,Taiwan,,Hsinchu,30844,https://www.changingtec.com,Nano Cap,TW0008272006,,BBG01JMKRS34,BBG01JMKRS16,BBG01JMKRS43,False
8277.TWO,Unifosa Corp.,"Unifosa Corp. operates as a memory modules ODM/OEM company in Taiwan. The company offers notebook and niche product memory modules, including DRAM and FLASH memories. It also provides storage products and polymer films, such as stretch hood, synthetic paper, PE and PP separators, multi-layer separator, and PE film products. The company was founded in 1994 and is based in Taipei, Taiwan.",TWD,Information Technology,Semiconductors & Semiconductor Equipment,Semiconductors & Semiconductor Equipment,TWO,ROCO,Taipei Stock Exchange,Taiwan,,Taipei,11492,http://www.unifosa.com.tw,Nano Cap,TW0008277005,,BBG000GZNWD4,BBG000GZNVY3,BBG001SHHFJ7,False
8279.TWO,"Syngen Biotech Co., Ltd.","Syngen Biotech Co., Ltd. operates as a biotech company in Taiwan. The company manufactures and sells active pharmaceutical ingredients, including Mupirocin, an antibiotic against gram-positive bacteria that is used for the topical treatment of superficial infections, such as impetigo and infections, as well as to control infected eczema, wounds, and burns; and nutraceutical ingredients comprising probiotics, medicinal fungi, and entomogenous fungi. It also offers biology fermentation, biology agriculture and aquaculture, and functional food products. The company was founded in 1999 and is based in Tainan City, Taiwan.",TWD,Health Care,"Pharmaceuticals, Biotechnology & Life Sciences",Biotechnology,TWO,ROCO,Taipei Stock Exchange,Taiwan,,Tainan City,73055,http://www.syngen.com.tw,Micro Cap,TW0008279001,,BBG007H158Y3,BBG000P6H6Q8,BBG001SL5479,False
8281.TWO,Appro Technology Inc.,"Appro Technology Inc. engages in the design and development of a range of security and surveillance systems in Taiwan. The company offers cloud IP cameras, including Wi-Fi and IP cameras; professional IP cameras, such as box IP, fixed-dome, speed dome, bullet, and fisheye IP cameras; video servers; network video recorders; and accessories, such as racks and mounts. It also provides software solutions comprising AppPro APP and Central Management System 1030. The company was founded in 1993 and is headquartered in New Taipei City, Taiwan.",TWD,Industrials,Commercial & Professional Services,Professional Services,TWO,ROCO,Taipei Stock Exchange,Taiwan,,New Taipei City,,http://www.approtech.com,Nano Cap,,,,,,False
8284.TWO,Mitake Information Corporation,"Mitake Information Corporation engages in the computer equipment installation, information software services, and electronic communication and information equipment trading business in Taiwan. The company was founded in 1991 and is based in Taipei City, Taiwan.",TWD,Information Technology,Software & Services,Software,TWO,ROCO,Taipei Stock Exchange,Taiwan,,Taipei,,http://www.mitake.com.tw,Micro Cap,TW0008284001,,BBG003LXKP81,BBG003LXKP63,BBG003LXKP90,False
8289.TWO,"Taitien Electronics Co., Ltd.","Taitien Electronics Co., Ltd. manufactures and sells quartz frequency control components in Taiwan, the United States, Europe, and China. Its products include crystal units, crystal oscillators, VCXO, TCXO, OCXO, QCM, equipment, mini oven, and timing modules. The company serves automotive, consumer electronics, information technology, and telecommunication industries. Taitien Electronics Co., Ltd. was founded in 1976 and is headquartered in New Taipei City, Taiwan.",TWD,Information Technology,Technology Hardware & Equipment,"Electronic Equipment, Instruments & Components",TWO,ROCO,Taipei Stock Exchange,Taiwan,,New Taipei City,238,http://www.taitien.com.tw,Micro Cap,TW0008289000,,BBG000C00BS0,BBG000C00BH2,BBG001SD9LD8,False
8291.TWO,"ShineMore Technology Materials Co., Ltd.","ShineMore Technology Materials Co., Ltd. provides copper clad laminates and carbon and glass fiber composites. It offers FR-4 CCL, prepreg/bonding sheet, and metal CCL products. The company was founded in 1997 and is based in Taoyuan City, Taiwan.",TWD,Information Technology,Technology Hardware & Equipment,"Electronic Equipment, Instruments & Components",TWO,ROCO,Taipei Stock Exchange,Taiwan,,Taoyuan City,33757,http://www.shinemore.com.tw,Nano Cap,TW0008291006,,BBG000BYX158,BBG000BYX0J5,BBG001SD4MG8,False
8298.TWO,Genie Networks Limited,"Genie Networks Limited provides networking and security solutions worldwide. It offers GenieATM, GenieATM FLB, GenieATM visual portal, GenieATM MSP server, GenieATM traffic optimizer, GenieAnalytics, and GenieAnalytics deep trace. The company also offers AI-enabled network security, data correlation for forensic insights, network traffic analytics, insight-driven optimization, DDoS protection, managed service enabling, and traffic data exploration solutions. It serves Internet service providers, government organizations, academic institutions, and large-scale enterprises. Genie Networks Limited was founded in 1990 and is headquartered in Taipei, Taiwan.",TWD,Information Technology,Software & Services,Software,TWO,ROCO,Taipei Stock Exchange,Taiwan,,Taipei,,https://www.genie-networks.com,Nano Cap,TW0008298001,,BBG00KDT6V75,BBG00KDT6V57,BBG00KDT6V84,False
8299.TWO,Phison Electronics Corp.,"Phison Electronics Corp. designs, manufactures, and sells flash memory controllers and peripheral system applications in Asia, the United States, Europe, Australia, and internationally. The company offers controllers and modules of SSD; controllers and modules of embedded flash used on portable applications; controllers and modules of USB; and controllers and modules of memory cards. It also designs, researches, develops, produces, sells, imports, and exports storage devices, integrated circuits, and systems and electronics hardware and software, as well as technical support services. In addition, the company manufactures and trades in electronic components. Further, it is involved in the investment activities. The company serves consumer, industrial, and enterprise markets. Phison Electronics Corp. was incorporated in 2000 and is headquartered in Miaoli, Taiwan.",TWD,Information Technology,Technology Hardware & Equipment,"Technology Hardware, Storage & Peripherals",TWO,ROCO,Taipei Stock Exchange,Taiwan,,Miaoli,350,http://www.phison.com,Large Cap,TW0008299009,,BBG000GRXXM9,BBG000GRXX30,BBG001SHDHN2,False
8329.TWO,"Taiwan Television Enterprise Co.,Ltd.","Taiwan Television Enterprise Co.,Ltd. is a company listed on the Taipei Stock Exchange under the ticker 8329. It operates in the Media industry within the Communication Services sector. The company is headquartered in Taipei, Taiwan.",TWD,Communication Services,Media & Entertainment,Media,TWO,ROCO,Taipei Stock Exchange,Taiwan,,Taipei,,https://www.ttv.com.tw,Micro Cap,TW0008329004,,BBG000R8PX39,BBG000R8PW59,BBG001STB2X0,False
8342.TWO,"I Jang Industrial Co.,Ltd.","I Jang Industrial Co.,Ltd. manufactures and sells commercial storage equipment, and custom-made and household products worldwide. The company offers store display products, such as fruit, display, and flower racks; display, shopping basket, and mesh shop display stands; display tables; and wire rotary displays, as well as healthcare products comprising binder, shelves binder, and medical trolley carts; and shelving covers. It also provides moving storage rack systems, cylinder and cargo trolleys, warehouse cages, trolley and tool carts, and metal pallets for logistics and warehouses; and stainless steel trolleys and storage racks, working carts, stainless steel work tables, and storage racks for food services and restaurants. In addition, the company offers customized display stands, AGV pallets, and foldable display racks. Further, it provides home furniture products, such as wagons, heavy duty and corner shelving, slimline and other shelving, and magazine racks. The company was founded in 1987 and is based in Changhua City, Taiwan.",TWD,Industrials,Commercial & Professional Services,Commercial Services & Supplies,TWO,ROCO,Taipei Stock Exchange,Taiwan,,Changhua,523,http://www.i-jang.com,Micro Cap,TW0008342007,,BBG00D0FQ9Q1,BBG001S4P8L0,BBG001V3TLN3,False
8349.TWO,QST International Corp.,"QST International Corp. manufactures and sells automotive fasteners and metal parts worldwide. It provides proprietary fasteners, such as screws and induction hardened bolts; and auto fasteners, including weld bolts and weld studs, screws and washer assemblies, multi-die headed pins and rivets, and special screws per print, as well as internal, external, and non-fasteners. The company also offers third party testing and consulting services, as well as training services; and logistics services, including tailored services that consist of JIT, kanban, VMI, Bar Code, 2 Bin, in-house crib and products integration, localization, joint design, and value analysis and engineering to OEM assembly plants, as well as operates Halofast.com/VMI, a Web-based EDI platform to provide remote VMI service. QST International Corp. was founded in 1985 and is headquartered in Tainan, Taiwan.",TWD,Industrials,Capital Goods,Machinery,TWO,ROCO,Taipei Stock Exchange,Taiwan,,Tainan,701,http://www.qst.com.tw,Micro Cap,TW0008349002,,BBG000QMV3Y4,BBG000QMV3T0,BBG001SN6ZD8,False
8349A.TWO,QST International Corp.,"QST International Corp. manufactures and sells automotive fasteners and metal parts worldwide. It provides proprietary fasteners, such as screws and induction hardened bolts; and auto fasteners, including weld bolts and weld studs, screws and washer assemblies, multi-die headed pins and rivets, and special screws per print, as well as internal, external, and non-fasteners. The company also offers third party testing and consulting services, as well as training services; and logistics services, including tailored services that consist of JIT, kanban, VMI, Bar Code, 2 Bin, in-house crib and products integration, localization, joint design, and value analysis and engineering to OEM assembly plants, as well as operates Halofast.com/VMI, a Web-based EDI platform to provide remote VMI service. QST International Corp. was founded in 1985 and is headquartered in Tainan, Taiwan.",TWD,Industrials,Capital Goods,Machinery,TWO,ROCO,Taipei Stock Exchange,Taiwan,,Tainan,701,http://www.qst.com.tw,Micro Cap,,,BBG00QTVV9V4,BBG00QTVV9S8,BBG00QTVV9W3,False
8354.TWO,"Koan Hao Technology Co., Ltd.","Koan Hao Technology Co., Ltd. manufactures and sells self-adhesive labels in Taiwan. It offers release papers, including PE coated Kraft, glassine, clay coated Kraft, and super calandered Kraft paper; film release liners, such as PET, PP, and HDPE release liners; and adhesive tapes, such as surface protective films, adhesive transfer tapes, and film and non-woven tissue double sided adhesive tapes. The company also provides PSA label materials comprising paper, film, tamper evident, and re-sealable labels; and thermal and UV release film tapes, and PE laminated non-woven products, as well as contract coatings. It serves decorative, electronics and optoelectronics, automobiles, logistics, food and beverage, and consumer commodity industries. The company was formerly known as Koan Hao Enterprise Co., Ltd. and changed its name to Koan Hao Technology Co., Ltd. in 2013. Koan Hao Technology Co., Ltd. was founded in 1992 and is headquartered in Nantou City, Taiwan.",TWD,Materials,Materials,Chemicals,TWO,ROCO,Taipei Stock Exchange,Taiwan,,Nantou City,54066,http://www.koanhao.com,Nano Cap,TW0008354002,,BBG000L61527,BBG000L614H4,BBG001SJW6Q8,False
8358.TWO,Co-Tech Development Corporation,"Co-Tech Development Corporation is a company listed on the Taipei Stock Exchange under the ticker 8358. It operates in the Electronic Equipment, Instruments & Components industry within the Information Technology sector. The company is headquartered in Taipei, Taiwan.",TWD,Information Technology,Technology Hardware & Equipment,"Electronic Equipment, Instruments & Components",TWO,ROCO,Taipei Stock Exchange,Taiwan,,Taipei,114,https://www.co-tech.com,Mid Cap,TW0008358003,,BBG000TS7VJ0,BBG000TS7V64,BBG001T0GLX5,False
8359.TWO,"Cashbox Partyworld Co., Ltd.","Cashbox Partyworld Co., Ltd. primarily engages in the karaoke business in Taiwan and China. The company conducts its operations through Services Industries segment. It offers karaoke entertainment services. The company is also involved the distribution and trade of karaoke equipment and supplies; sale of food and beverages; retail of stationery, toys, entertainment products, books, and tobacco; and management consulting business. It operates 12 branches and 16 direct stores. The company was formerly known as Cashbox Consulting Co., Ltd. and changed its name to Cashbox Partyworld Co., Ltd. in September 2000. Cashbox Partyworld Co., Ltd. was founded in 1986 and is headquartered in Taipei, Taiwan.",TWD,Consumer Discretionary,Consumer Services,"Hotels, Restaurants & Leisure",TWO,ROCO,Taipei Stock Exchange,Taiwan,,Taipei,,http://www.cashboxparty.com,Micro Cap,TW0008359001,,BBG002XT22S8,BBG000NFSGY7,BBG001SKRMQ6,False
8383.TWO,"Chen Full International Co., Ltd.","Chen Full International Co., Ltd. is a company listed on the Taipei Stock Exchange under the ticker 8383. It operates in the Machinery industry within the Industrials sector. The company is headquartered in Taoyuan City, Taiwan.",TWD,Industrials,Capital Goods,Machinery,TWO,ROCO,Taipei Stock Exchange,Taiwan,,Taoyuan City,33859,https://www.chenfull.com.tw,Micro Cap,TW0008383001,,BBG000PYRG20,BBG000PYRFK2,BBG001SLYJ47,False
8390.TWO,Jiin Yeeh Ding Enterprises Corp.,"Jiin Yeeh Ding Enterprises Corp. engages in recycling and refining precious metals in Taiwan. It operates professional cleaning and recycling facilities that clean shutters, recycle precious metals, sift disintegrated materials, and prevent pollution, as well as owns recycling and cleaning vehicles. The company serves semiconductor, printer circuit, computer components, electro-optical, passive components, telecommunication, and other industries. Jiin Yeen Ding Enterprise Corp. was founded in 1997 and is based in Hsinchu City, Taiwan.",TWD,Industrials,Commercial & Professional Services,Commercial Services & Supplies,TWO,ROCO,Taipei Stock Exchange,Taiwan,,Hsinchu City,,http://www.jyd.com.tw,Micro Cap,TW0008390006,,BBG000BVQFH8,BBG000BVQF88,BBG001SJ0XV8,False
8401.TWO,"Bai Sha Technology Co., Ltd.","Bai Sha Technology Co., Ltd. is a company listed on the Taipei Stock Exchange under the ticker 8401. It operates in the Commercial & Professional Services industry within the Industrials sector. The company is headquartered in Taichung, Taiwan.",TWD,Industrials,Commercial & Professional Services,,TWO,ROCO,Taipei Stock Exchange,Taiwan,,Taichung,411042,https://www.bsbs.com.tw,Micro Cap,TW0008401001,,BBG000DLX038,BBG000DLWZQ7,BBG001T1PF20,False
8403.TWO,"ShareHope Medicine Co., Ltd.","ShareHope Medicine Co., Ltd. provides integrated medical services in Taiwan. It engages in the health management and operation activities; human resource dispatch of professional medical staff; provision of medical, pharmaceutical, and health devices, as well as long-distance health care services; and rental of medical devices. The company was founded in 2003 and is based in Taoyuan, Taiwan.",TWD,Health Care,Health Care Equipment & Services,Health Care Providers & Services,TWO,ROCO,Taipei Stock Exchange,Taiwan,,Taoyuan City,330,http://www.share-hope.com,Micro Cap,TW0008403007,,BBG000KTWXY8,BBG000KTWXM1,BBG001T438Z8,False
8406.TWO,"Ginko International Co., Ltd.","Ginko International Co., Ltd., together with its subsidiaries, manufactures and sells non-disposable and disposable contact lenses, and lens care products in China, Germany, the United Kingdom, Australia, Poland, Canada, Brazil, Iran, and internationally. The company offers various optical products, such as high definition contact lenses, toric lenses, cosmetic lenses, and others, as well as lens solutions under the Horien and Hydron brands. Ginko International Co., Ltd. was founded in 2007 and is based in Grand Cayman, the Cayman Islands.",TWD,Health Care,Health Care Equipment & Services,Health Care Equipment & Supplies,TWO,ROCO,Taipei Stock Exchange,Cayman Islands,,Grand Cayman,KY1-1205,http://www.ginkointernational.com,Small Cap,,,,,,True
8409.TWO,EBM Technologies Incorporated,"EBM Technologies Incorporated develops and markets software and integrity solutions to the health sector in Taiwan and internationally. The company offers Enterprise PACS (picture archiving and communication systems), including SoliPACS that unites various products of the radiology, mammography, and dental fields; SoliPACS Gateway, a DICOM gateway; SoliPACS Server, an interface between HIS and RIS patient data and PACS; SoliPACS Web Viewer, which enables radiologists and physicians to view DICOM-compliant images, compare them to examination results, utilize image enhancement tools, and select images for review; SoliPACS Report that offers a tool for generating customized reports; and Advanced Server Archive, a PACS storage system. It also provides MobiPACS applications, which allow clinicians to retrieve, view, and compare various medical images; MobiPACS Server to store, process, and retrieve image files for mobile devices; MobiPACS App, an in mobile medical image viewing app; MobiPACS Web Viewer for viewing images from Internet-enabled end devices; and MobiPACS Share, a cloud-based platform. In addition, the company offers MobiPACS Multi that supports doctors to connect various iPads/iPad Pros for image display; Vital-Sign On-the-Go, a patient monitoring solution; Rad@, which enables doctors and radiologists to view medical-grade images and diagnose; and Digital Pathology scanner. Further, it provides Telemed, which interlinks medical facilities; Electronic Medical Record, a digital version of the paper-based individual medical record for patients' medical history; Personal Health Record that offers electronic access to the individual's medical history; and eHealth solutions for retrieving and reviewing patient images, sign data, and ECG waveforms, as well as technical and after sales services. EBM Technologies Incorporated was founded in 1988 and is headquartered in Taipei, Taiwan.",TWD,Health Care,Health Care Equipment & Services,Health Care Technology,TWO,ROCO,Taipei Stock Exchange,Taiwan,,Taipei,,http://www.ebmtech.com,Nano Cap,TW0008409004,,BBG000QP1MS5,BBG000QP1MF9,BBG001T886V2,False
8410.TWO,"Sentien Printing Factory Co., Ltd.","Sentien Printing Factory Co., Ltd. produces, supplies, and sells heat transfer, insert mold, and in-mold label and release foils in Taiwan. Its heat transfer films are used in house wares, cosmetics, stationeries, appliances, and janitorial applications; and in-mold labels are used in plastic plates or cups applications. The company's in-mold decoration films are used in consumer electronic products, appliances, and automotive interior components applications; and insert molding films are used in smart appliances, and interior and exterior of automobiles and motorbikes applications. Sentien Printing Factory Co., Ltd. was founded in 1956 and is based in Tainan City, Taiwan.",TWD,Industrials,Capital Goods,Industrial Conglomerates,TWO,ROCO,Taipei Stock Exchange,Taiwan,,Tainan City,709,http://www.sentien.com.tw,Nano Cap,TW0008410002,,BBG000PQPK57,BBG000PQPJX9,BBG001T5W6M1,False
8415.TWO,Brighton-Best International (Taiwan) Inc.,"Brighton-Best International (Taiwan) Inc. sells screws and nuts primarily in Taiwan, North America, and Oceania. It also engages in import, export, and sale of aluminum products; and investment activities. The company was founded in 2007 and is based in Tainan, Taiwan.",TWD,Industrials,Capital Goods,Machinery,TWO,ROCO,Taipei Stock Exchange,Taiwan,,Tainan City,71752,http://www.brighton-best.com.tw,Small Cap,TW0008415001,,BBG0019VX8F9,BBG0019VX8C2,BBG001TG60X7,False
8416.TWO,"Solidwizard Technology Co., Ltd.","Solidwizard Technology Co., Ltd. provides software, hardware, and consulting service solutions in Taiwan and China. The company offers CAID, CAD, RP, RE, CAE, CAM, and PDM solutions. It also provides subscription services; 3D CAD, product data management, simulation solution, technical communication, CAM, and education software products; 3D printer and scanner products; and collaborative robots. The company was founded in 1997 and is based in Taipei City, Taiwan.",TWD,Information Technology,Software & Services,Software,TWO,ROCO,Taipei Stock Exchange,Taiwan,,Taipei,114,http://www.swtc.com/zh-tw/,Micro Cap,TW0008416009,,BBG001KX7C53,BBG001KX7C35,BBG001V0SWX5,False
8421.TWO,"Xu Yuan Packaging Technology Co., Ltd.","Xu Yuan Packaging Technology Co., Ltd. is a company listed on the Taipei Stock Exchange under the ticker 8421. It operates in the Machinery industry within the Industrials sector. The company is headquartered in Hsinchu City, Taiwan.",TWD,Industrials,Capital Goods,Machinery,TWO,ROCO,Taipei Stock Exchange,Taiwan,,Hsinchu City,305046,https://www.xuyuanpack.com,Nano Cap,TW0008421009,,BBG0017CPSD0,BBG0017CPSB2,BBG001TCRM83,False
8423.TWO,"Polygreen Resources Co., Ltd.","Polygreen Resources Co., Ltd., an investment holding company, engages in resource recycling and environmental protection business in Malaysia. The company manufactures and sells Tyrec, a tyrec reclaimed rubber for use in tires, conveyor belts, inner tubes, ring pads, rubber matting, shoe soles, vibration pads, dock fenders, and other rubber products; Burec, a butyl reclaimed rubber for use in butyl inner tubes, tire inner liners, butyl adhesives, and other butyl rubber-related products; and Narec, a natural inner tube reclaimed rubber for use in rubber matting, shoe soles, and other rubber products. Its products also comprise T-Mesh, a crumb rubber for use in various applications in rubber products as compounding substitute, such as tire, ring pads, and rubber matting; and rubber granules that are recycled from the tire and industrial rubber waste that is used in the underlayment for running tracks, children's playgrounds, gym, and rubber tiles. The company also exports its products to Japan, Europe, Taiwan, Vietnam, the Philippines, Indonesia, Thailand, Pakistan, China, the Middle East, Australia, Singapore, and internationally. It serves manufacturers in the tire and conveyor-belt industries. The company was founded in 1988 and is headquartered in Grand Cayman, the Cayman Islands.",TWD,Consumer Discretionary,Automobiles & Components,Auto Components,TWO,ROCO,Taipei Stock Exchange,Cayman Islands,,Grand Cayman,KY1-1208,http://www.pgr.com.tw,Nano Cap,KYG715991074,,BBG001DG8SF1,BBG001DG8SC4,BBG001V064Z9,False
8424.TWO,"Wellpool Co., Ltd.","Wellpool Co., Ltd. manufactures and sells fireproof and environmental protection green building materials. It offers calcium silicate and fiber cement boards. The company was founded in 1981 and is headquartered in Taipei, Taiwan.",TWD,Materials,Materials,Construction Materials,TWO,ROCO,Taipei Stock Exchange,Taiwan,,Taipei,,http://www.wellpool.com.tw,Micro Cap,TW0008424003,,BBG0018NC200,BBG000PKJ701,BBG001SR3735,False
8426.TWO,Redwood Group Ltd,"Redwood Group Ltd is a company listed on the Taipei Stock Exchange under the ticker 8426. It operates in the Household Durables industry within the Consumer Discretionary sector. The company is headquartered in Grand Cayman, Cayman Islands.",TWD,Consumer Discretionary,Consumer Durables & Apparel,Household Durables,TWO,ROCO,Taipei Stock Exchange,Cayman Islands,,Grand Cayman,KY1-9005,https://www.redwoodgroup.co/cn/about-us-cn.html,Nano Cap,KYG7457N1051,,BBG001Q5ZGL0,BBG001Q5ZGJ3,BBG001V1DW69,False
8431.TWO,"Superior Plating Technology Co., Ltd.","Superior Plating Technology Co., Ltd. operates as a surface treatment company in Taiwan. The company engages in the research and development of metal and plastic surface treatment technology and manufacturing services. It also provides plating services for the semiconductor lead frames, terminals, strips, and LED stents. In addition, the company provides plating services for HDD products, medical equipment, auto parts, connectors, and OA products; and anodizing services to 3C products and industrial products. Superior Plating Technology Co., Ltd. was founded in 1999 and is headquartered in Taipei City, Taiwan.",TWD,Materials,Materials,Chemicals,TWO,ROCO,Taipei Stock Exchange,Taiwan,,Taipei,114,http://www.superior-sz.com,Micro Cap,TW0008431008,,BBG001K5Q941,BBG001K5Q923,BBG001V0KNY2,False
8432.TWO,TSH Biopharm Corporation Limited,"TSH Biopharm Corporation Limited develops and markets medicines for chronic diseases in Taiwan. It offers products for cardiovascular, central nervous, gastrointestinal, and others, as well as liquid-biopsy diagnosis. The company is headquartered in Taipei city, Taiwan. TSH Biopharm Corporation Limited is a subsidiary of TTY Biopharm Company Limited.",TWD,Health Care,"Pharmaceuticals, Biotechnology & Life Sciences",Pharmaceuticals,TWO,ROCO,Taipei Stock Exchange,Taiwan,,Taipei,11503,http://www.tshbiopharm.com,Micro Cap,TW0008432006,,BBG001QYZ3H1,BBG001QYZ3F3,BBG001V1S9Y3,False
8433.TWO,"Bon Fame Co., Ltd.","Bon Fame Co., Ltd. operates in fashion market in Taiwan. It offers hair accessories, jewelry, hairstyling products, beauty tools, bags and purses, fashion accessories, and novelty products, as well as event products, such as kid's masks. The company was founded in 1985 and is based in Taipei, Taiwan.",TWD,Consumer Discretionary,Retailing,Specialty Retail,TWO,ROCO,Taipei Stock Exchange,Taiwan,,Taipei,114,http://www.bonfame.com,Micro Cap,TW0008433004,,BBG0021JD1L2,BBG0021JD1J5,BBG0021JD1M1,False
8435.TWO,Zimmite Taiwan Ltd.,"Zimmite Taiwan Ltd. engages in the industrial water treatment activities in Taiwan and China. It offers cooling water treatment agents, such as corrosion inhibitors, scale inhibitors, algaecides, biocides, rust removers, and cooling water all-in-one tablets; and boiler water treatment agents, including internal treatment additives, oxygen scavengers, neutralizing amines, and filming amines. The company also provides boiler fireside treatment additives comprising fuel oil additives and soot removers; and oil refinery and petrochemical process additives consisting of corrosion inhibitors, antifoulants, desalting agents, demulsifiers–emulsion breakers, antifoamers/defoamers, metal passivating agents, polymerization inhibitors, and antioxidants. In addition, it offers wastewater treatment agents, including polymer flocculants, dewatering aids, heavy metal chelators, deodorants, and COD degradation agents; slow release tablets, such as cooling water treatment tablets, drain pan slime preventive tablets, and chlorine donors; and RO and scrubber chemicals. Further, the company provides environmental protection testing and technical services; water treatment technology supports; and oil mud dispersants, as well as sells water treatment raw materials. It primarily serves oil refineries and petrochemicals production plants, steel mills, power generation plants, office buildings, textile manufacturing processes, plastic manufacturing plants and processors, electronic manufacturing sector, and public facilities. Zimmite Taiwan Ltd. was founded in 1977 and is headquartered in New Taipei City, Taiwan.",TWD,Materials,Materials,Chemicals,TWO,ROCO,Taipei Stock Exchange,Taiwan,,New Taipei City,,http://www.zimmite.com,Micro Cap,TW0008435009,,BBG002B14RP9,BBG002B14RM2,BBG002B14RQ8,False
8436.TWO,"TCI Co., Ltd.","TCI Co., Ltd. is a company listed on the Taipei Stock Exchange under the ticker 8436. It operates in the Household & Personal Products industry within the Consumer Staples sector. The company is headquartered in Taipei, Taiwan.",TWD,Consumer Staples,Household & Personal Products,,TWO,ROCO,Taipei Stock Exchange,Taiwan,,Taipei,11494,https://www.tci-bio.com,Small Cap,TW0008436007,,BBG002H581T3,BBG002H581R5,BBG002H581V0,False
8437.TWO,Dadi Early-Childhood Education Group Limited,"Dadi Early-Childhood Education Group Limited, together with its subsidiaries, provides early childhood education management consulting services in Mainland China, Hong Kong, and Taiwan. It offers campus development, classroom decoration, curriculum design, and teaching materials and teaching aids development services; early childhood education supplies; preschool textbooks and toys; and preschool software. The company also wholesales and retails cultural and education products, musical instruments, educational and entertainment materials, computers and office equipment, and information software; and leases office equipment and teaching devices. In addition, it engages in the trading business; IPRs; provision of system integration services; books, audio, and software publication business; and provision of management consultation, general advertising, product design, art and culture, agent, convention and exhibition, and overseas study services. The company was founded in 2008 and is headquartered in George Town, the Cayman Islands.",TWD,Consumer Discretionary,Consumer Services,Diversified Consumer Services,TWO,ROCO,Taipei Stock Exchange,Cayman Islands,,George Town,KY 1-9005,http://www.edudadi.com,Nano Cap,KYG2615N1051,,BBG008KQJSX4,BBG008KQJST9,BBG008KQJSV6,False
8438.TWO,"Amia Co.,Ltd","Amia Co.,Ltd manufactures and sells copper sulfate in Taiwan. It also offers oxides and carbonates. The company also exports its products. Amia Co.,Ltd was founded in 1974 and is based in Taoyuan City, Taiwan.",TWD,Materials,Materials,Chemicals,TWO,ROCO,Taipei Stock Exchange,Taiwan,,Taoyuan City,337,http://www.persee.com.tw,Micro Cap,,,,,,False
8440.TWO,"E&E Recycling,Inc.","E&E Recycling,Inc. is a company listed on the Taipei Stock Exchange under the ticker 8440. It operates in the Commercial Services & Supplies industry within the Industrials sector. The company is headquartered in Taipei, Taiwan.",TWD,Industrials,Commercial & Professional Services,Commercial Services & Supplies,TWO,ROCO,Taipei Stock Exchange,Taiwan,,Taipei,,https://www.eer.com.tw,Nano Cap,TW0008440009,,BBG0032RSRX5,BBG0032RSRV7,BBG0032RSRY4,False
8444.TWO,Green River Holding Co. Ltd.,"Green River Holding Co. Ltd. is a company listed on the Taipei Stock Exchange under the ticker 8444. It operates in the Paper & Forest Products industry within the Materials sector. The company is headquartered in Songkhla, Thailand.",TWD,Materials,Materials,Paper & Forest Products,TWO,ROCO,Taipei Stock Exchange,Thailand,,Songkhla,90110,https://www.greenriverholding.com,Nano Cap,KYG409691006,,BBG004S3XS88,BBG004S3XS51,BBG004S3XS60,False
8446.TWO,HIM International Music Inc.,"HIM International Music Inc. is a company listed on the Taipei Stock Exchange under the ticker 8446. It operates in the Entertainment industry within the Communication Services sector. The company is headquartered in Taipei, Taiwan.",TWD,Communication Services,Media & Entertainment,Entertainment,TWO,ROCO,Taipei Stock Exchange,Taiwan,,Taipei,407021,https://www.him.com.tw,Micro Cap,TW0008446006,,BBG003H7HGQ7,BBG003H7HGN0,BBG003H7HGR6,False
8450.TWO,"Pili International Multimedia Co.,Ltd.","Pili International Multimedia Co.,Ltd. produces and distributes dramatic puppetry series in Taiwan. It is also involved in the Pili satellite television station; production and distribution of DVD's and soundtrack; performance and movie activities; publications and posters, etc.; and licensing development of peripheral products. In addition, the company fan club and cosplay activity; operates puppetry community Website; manages allied counters and boutiques in Taiwan; and produces and distributes 3D animation. The company was formerly known as Da Chih Entertainment Co., Ltd. and changed its name to Pili International Multimedia Co.,Ltd. in August 2000. Pili International Multimedia Co.,Ltd. was founded in 1996 and is headquartered in Taipei City, Taiwan.",TWD,Communication Services,Media & Entertainment,Entertainment,TWO,ROCO,Taipei Stock Exchange,Taiwan,,Taipei,115,http://www.pili.com.tw,Nano Cap,TW0008450008,,BBG00592VX34,BBG00592VX07,BBG00592VX16,False
8455.TWO,"Daito Me Holdings Co., Ltd","Daito Me Holdings Co., Ltd is a company listed on the Taipei Stock Exchange under the ticker 8455. It operates in the Technology Hardware, Storage & Peripherals industry within the Information Technology sector. The company is headquartered in George Town, Cayman Islands.",TWD,Information Technology,Technology Hardware & Equipment,"Technology Hardware, Storage & Peripherals",TWO,ROCO,Taipei Stock Exchange,Cayman Islands,,George Town,KY1-9005,https://www.daito-me.com.tw,Nano Cap,KYG264101034,,BBG00BS186K8,BBG00BS186G3,BBG00BS186H2,False
8458.TWO,1 Production Film Co.,"1 Production Film Co. is a company listed on the Taipei Stock Exchange under the ticker 8458. It operates in the Entertainment industry within the Communication Services sector. The company is headquartered in Taipei City, Taiwan.",TWD,Communication Services,Media & Entertainment,Entertainment,TWO,ROCO,Taipei Stock Exchange,Taiwan,,Taipei City,105036,https://www.1production.com.tw,Nano Cap,TW0008458001,,BBG007BVVLP5,BBG007BVVLL9,BBG007BVVLM8,False
8465.TWO,"Tekho Marine Biotech Co., Ltd","Tekho Marine Biotech Co., Ltd researches and develops aquatic and aquarium products in Taiwan and internationally. It offers blood fish, larva fish, and adult fish, as well as giant, leopard coral, tiger, and orange-spotted grouper. The company also develops hardware-software products; and imports peripheral products of aquarium fish. In addition, it publishes aquarium books. Tekho Marine Biotech Co., Ltd was founded in 1965 and is headquartered in Tainan City, Taiwan.",TWD,Consumer Staples,Household & Personal Products,Household Products,TWO,ROCO,Taipei Stock Exchange,Taiwan,,Tainan City,708,http://www.tekho.com.tw,Nano Cap,,,,,,False
8472.TWO,"Navicare Biotech Co., Ltd.","GOMAJI Corp., LTD provides e-commerce and advertising services in Taiwan. The company was founded in 1999 and is based in Taipei City, Taiwan.",TWD,Consumer Discretionary,Retailing,Internet & Direct Marketing Retail,TWO,ROCO,Taipei Stock Exchange,Taiwan,,Taipei,106,http://www.gomaji.com,Nano Cap,TW0008472002,,BBG007V9ZTP1,BBG007V9ZTL5,BBG007V9ZTM4,False
8477.TWO,"Xxtechec Co., Ltd.","Xxtechec Co., Ltd. is a company listed on the Taipei Stock Exchange under the ticker 8477 and traded in TWD. It is classified in the Consumer Discretionary sector (Internet & Direct Marketing Retail). Its country is Taiwan.",TWD,Consumer Discretionary,Retailing,Internet & Direct Marketing Retail,TWO,ROCO,Taipei Stock Exchange,Taiwan,,Tainan City,717,https://www.xxtechec.com,Nano Cap,TW0008477001,,BBG00B8L1G67,BBG00B8L1G30,BBG00B8L1G49,False
8487.TWO,"ELTA Technology Co.,Ltd.","ELTA Technology Co.,Ltd. operates platform for digital content in Taiwan. The company has library of digital content and broadband-delivered AV materials. It offers IP/TV (STB or MOD), PC/TV, VOD, and mobile TV, as well as large-sized data transfer technology and wireless communications support services. The company was founded in 2000 and is based in Taipei City, Taiwan.",TWD,Communication Services,Media & Entertainment,Entertainment,TWO,ROCO,Taipei Stock Exchange,Taiwan,,Taipei,100,http://www.elta.com.tw,Nano Cap,,,,,,False
8489.TWO,"Samebest Co., Ltd.","Samebest Co., Ltd. engages in the research and development of digital cloud curriculum systems primarily in Taiwan. The company also develops personalized action learning solutions through the integration of virtual reality. Its products cover high school, junior high school, middle and upper grades primary school, lower middle grade primary school, kindergarten, and preschool. The company was founded in 2006 and is based in New Taipei City, Taiwan.",TWD,Consumer Discretionary,Consumer Services,Diversified Consumer Services,TWO,ROCO,Taipei Stock Exchange,Taiwan,,New Taipei City,241,http://www.samebest.com.tw,Nano Cap,TW0008489006,,BBG00BT5NST4,BBG00BT5NSQ7,BBG00BT5NSR6,False
8905.TWO,"Eagle Cold Storage Enterprise Co., Ltd.","Eagle Cold Storage Enterprise Co., Ltd. engages in the processing and trade of vegetables and meat products in Taiwan. It offers frozen beef, hot pot meat, and canned products, as well as imports and sells meat, french fries, green beans, and other commodities. The company also develops, constructs, leases, and sells residential houses. In addition, it is involved in the cold storage, warehousing, logistics, and distribution business. The company was founded in 1990 and is based in Taichung City, Taiwan.",TWD,Industrials,Commercial & Professional Services,Professional Services,TWO,ROCO,Taipei Stock Exchange,Taiwan,,Taichung City,,http://www.cooleagle.com.tw,Micro Cap,TW0008905001,,BBG000G5YX28,BBG000G5YW75,BBG001S8R8W7,False
8906.TWO,"Forward Graphic Enterprise Co., Ltd.","Forward Graphic Enterprise Co., Ltd. operates in the printing industry in Taiwan. The company provides product design, prepress, printing equipment, and post press services. It offers printing services for various packages, such as boxes, gift boxes, chocolate boxes, and bags; books; notebooks; catalogue/flyers; calendars; and special, DIY, and ECO friendly products. The company was founded in 1968 and is based in New Taipei City, Taiwan.",TWD,Industrials,Commercial & Professional Services,Professional Services,TWO,ROCO,Taipei Stock Exchange,Taiwan,,New Taipei City,,http://www.forward-net.com.tw,Nano Cap,TW0008906009,,BBG000GL8Y75,BBG000GL8XY7,BBG001S8WP08,False
8908.TWO,ShinHsiung Natural Gas Inc.,"ShinHsiung Natural Gas Inc. supplies natural gas in Taiwan. The company was founded in 1975 and is based in Kaohsiung, Taiwan.",TWD,Utilities,Utilities,Gas Utilities,TWO,ROCO,Taipei Stock Exchange,Taiwan,,Kaohsiung,830,http://www.shng.com.tw,Small Cap,TW0008908005,,BBG000BH66Q1,BBG000BH66G2,BBG001S7TZR3,False
8916.TWO,"Kwong Lung Enterprise Co., Ltd.","Kwong Lung Enterprise Co., Ltd. manufactures and sells apparel in Taiwan, China, Vietnam, and Japan. The company operates through Apparel department, Down Material Department, and Home Textile Department segments. It offers down and bedding; wholesale of outdoor supplies, household wares, clothing, and related packaging materials; food; and import and export of goods and technology. The company provides down products, including natural down, water repellent down, antibacterial deodorant down, color down, and flame retardant, as well as Thermobrid plus products for use in outdoor and home textile. In addition, it provides clothing products, such as snowboard wear, skiing wear, mountain climbing jackets, seamless wind and rain-proof jackets, biking wear, sportswear, jeans, casual jackets and pants, etc. Further, it manufactures winter quilts, cushions, seating pads, sofas, pillows, sleeping bags, gloves, and home decoration products. It also offers bedding products under the Kong lung brand. Kwong Lung Enterprise Co., Ltd. was founded in 1966 and is headquartered in Taipei, Taiwan.",TWD,Consumer Discretionary,Consumer Durables & Apparel,"Textiles, Apparel & Luxury Goods",TWO,ROCO,Taipei Stock Exchange,Taiwan,,Taipei,10682,http://www.klf.com.tw,Micro Cap,TW0008916008,,BBG000BD61K7,BBG000BD6145,BBG001S6VW26,False
8916A.TWO,"Kwong Lung Enterprise Co., Ltd.","Kwong Lung Enterprise Co., Ltd. manufactures and sells apparel in Taiwan, China, Vietnam, and Japan. The company operates through Apparel department, Down Material Department, and Home Textile Department segments. It offers down and bedding; wholesale of outdoor supplies, household wares, clothing, and related packaging materials; food; and import and export of goods and technology. The company provides down products, including natural down, water repellent down, antibacterial deodorant down, color down, and flame retardant, as well as Thermobrid plus products for use in outdoor and home textile. In addition, it provides clothing products, such as snowboard wear, skiing wear, mountain climbing jackets, seamless wind and rain-proof jackets, biking wear, sportswear, jeans, casual jackets and pants, etc. Further, it manufactures winter quilts, cushions, seating pads, sofas, pillows, sleeping bags, gloves, and home decoration products. It also offers bedding products under the Kong lung brand. Kwong Lung Enterprise Co., Ltd. was founded in 1966 and is headquartered in Taipei, Taiwan.",TWD,Consumer Discretionary,Consumer Durables & Apparel,"Textiles, Apparel & Luxury Goods",TWO,ROCO,Taipei Stock Exchange,Taiwan,,Taipei,10682,http://www.klf.com.tw,Micro Cap,,,,,,False
8917.TWO,"Hsin Tai Gas Co., Ltd.","Hsin Tai Gas Co., Ltd. is a company listed on the Taipei Stock Exchange under the ticker 8917. It operates in the Gas Utilities industry within the Utilities sector. The company is headquartered in New Taipei City, Taiwan.",TWD,Utilities,Utilities,Gas Utilities,TWO,ROCO,Taipei Stock Exchange,Taiwan,,New Taipei City,236,https://www.htgas.com.tw,Micro Cap,TW0008917006,,BBG000BVDQN1,BBG000BVDQB4,BBG001SCQR02,False
8921.TWO,"Shen's Art Printing Co., Ltd.","Shen's Art Printing Co., Ltd. is a company listed on the Taipei Stock Exchange under the ticker 8921. It operates in the Commercial & Professional Services industry within the Industrials sector. The company is headquartered in New Taipei, Taiwan.",TWD,Industrials,Commercial & Professional Services,,TWO,ROCO,Taipei Stock Exchange,Taiwan,,New Taipei,10419,https://www.shen.com.tw,Nano Cap,TW0008921008,,BBG000CCF8V1,BBG000CCF805,BBG001SDXYZ9,False
8923.TWO,China Times Publishing Comp.,"China Times Publishing Comp. is a company listed on the Taipei Stock Exchange under the ticker 8923. It operates in the Media industry within the Communication Services sector. The company is headquartered in Taipei, Taiwan.",TWD,Communication Services,Media & Entertainment,Media,TWO,ROCO,Taipei Stock Exchange,Taiwan,,Taipei,108,https://www.readingtimes.com.tw,Nano Cap,TW0008923004,,BBG000C530M6,BBG000C530C7,BBG001SDN0D8,False
8924.TWO,"O-TA Precision Industry Co., Ltd.","O-TA Precision Industry Co., Ltd. is a company listed on the Taipei Stock Exchange under the ticker 8924. The company is headquartered in Pingtung, Taiwan.",TWD,,,,TWO,ROCO,Taipei Stock Exchange,Taiwan,,Pingtung,912018,https://www.o-ta.com.tw,Micro Cap,TW0008924002,,BBG000C86YG0,BBG000C86XK7,BBG001SDTCZ2,False
8927.TWO,"North-Star International Co., Ltd.","North-Star International Co., Ltd. is a company listed on the Taipei Stock Exchange under the ticker 8927. It operates in the Retailing industry within the Consumer Discretionary sector. The company is headquartered in New Taipei City, Taiwan.",TWD,Consumer Discretionary,Retailing,,TWO,ROCO,Taipei Stock Exchange,Taiwan,,New Taipei City,220,https://www.nspco.com.tw,Micro Cap,TW0008927005,,BBG000CJD009,BBG000CJCZC0,BBG001SG7ZG9,False
8928.TWO,Dynamic Precision Industry Corporation,"Dynamic Precision Industry Corporation is a company listed on the Taipei Stock Exchange under the ticker 8928. The company is headquartered in Kaohsiung, Taiwan.",TWD,,,,TWO,ROCO,Taipei Stock Exchange,Taiwan,,Kaohsiung,831,https://www.dynamic.com.tw,Nano Cap,TW0008928003,,BBG000F5X4H8,BBG000F5X415,BBG001SGQ2B6,False
8929.TWO,"Fu Burg Industrial Co., Ltd.","Fu Burg Industrial Co., Ltd. is a company listed on the Taipei Stock Exchange under the ticker 8929. It operates in the Household & Personal Products industry within the Consumer Staples sector. The company is headquartered in Taipei City, Taiwan.",TWD,Consumer Staples,Household & Personal Products,,TWO,ROCO,Taipei Stock Exchange,Taiwan,,Taipei City,10053,https://www.fuburg.com,Nano Cap,TW0008929001,,BBG000CPHX27,BBG000CPHWK9,BBG001SFN0Y0,False
8930.TWO,CKM Applied Materials Corp.,"CKM Applied Materials Corp. develops metal building materials in Taiwan. The company offers ceiling suspension systems, such as exposed T grids and partition frame systems; metal ceilings, including flat, perforated, embossed, mesh, baffle, curve, linear grid, honeycomb, extrusion, crossing, triangular, strip, and cell ceilings; and micro-perforated acoustical panels. Its products are used in governmental buildings, hospitals, schools, department stores, hotels, factories, public and residential buildings, and commercial buildings. The company was formerly known as CKM Building Material Corp. and changed its name to CKM Applied Materials Corp. in July 2017. The company was founded in 1982 and is headquartered in Tainan city, Taiwan.",TWD,Industrials,Capital Goods,Building Products,TWO,ROCO,Taipei Stock Exchange,Taiwan,,Tainan City,72042,http://www.ckm.com.tw,Micro Cap,TW0008930009,,BBG000DQTXF7,BBG000DQTWT4,BBG001SGHL24,False
8931.TWO,Ta-Yuan Cogeneration Company Ltd.,"Ta-Yuan Cogeneration Company Ltd. generates and supplies electricity and heat to Dayuan industrial park in Taiwan. It operates and manages cogeneration plants. The company also engages in operating and repairing equipment, processing waste disposal, managing incinerators, producing petrochemical materials, and processing refuse derived fuel. Ta-Yuan Cogeneration Company Ltd. was founded in 1993 and is based in Taoyuan City, Taiwan.",TWD,Utilities,Utilities,Electric Utilities,TWO,ROCO,Taipei Stock Exchange,Taiwan,,Taoyuan City,328,http://www.tycc.com.tw,Micro Cap,TW0008931007,,BBG000HRH2V4,BBG000HRH1G3,BBG001SHTCW6,False
8932.TWO,"Wiselink Co., Ltd.","Max Zipper Co., Ltd. manufactures and markets zippers worldwide. It offers nylon, delrin, metal, invisible, specialized, water repellent, heat transfer, pattern tape, coil vacuum, satin tape, chameleon, reflective, spear teach, weave tape, delrin inkjet, and contrast slit zippers; invisible, nylon, delrin, metal, and tape attachable sliders; plastic and spring lock sliders; and metal, plastic, diamante, cord, leather, woven, and stone pullers. The company also provides special slider treatment, such as pattern coating and double plating services. Max Zipper Co., Ltd. offers its products under the MAX brand. The company was formerly known as Horng Dah Zippers Co. Ltd. and changed its name to Max Zipper Co., Ltd. in September 2009. Max Zipper Co., Ltd. was founded in 1978 and is headquartered in Taipei, Taiwan.",TWD,Consumer Discretionary,Consumer Durables & Apparel,"Textiles, Apparel & Luxury Goods",TWO,ROCO,Taipei Stock Exchange,Taiwan,,Taipei,114,http://www.maxzip.com.tw,Small Cap,TW0008932005,,BBG000GYPB78,BBG000GYN868,BBG001SHH2S6,False
8933.TWO,Ideal Bike Corporation,"Ideal Bike Corporation manufactures and sells bicycles worldwide. The company was founded in 1980 and is headquartered in Taichung, Taiwan.",TWD,Consumer Discretionary,Consumer Services,"Hotels, Restaurants & Leisure",TWO,ROCO,Taipei Stock Exchange,Taiwan,,Taichung,435,http://www.idealbike.com.tw,Nano Cap,TW0008933003,,BBG000GXDKZ2,BBG000GXDK64,BBG001SHGL32,False
8935.TWO,"Pontex Polyblend Co.,Ltd","Pontex Polyblend Co., Ltd. engages in footwear injection molding and engineering plastics compound materials businesses in Taiwan. It offers ABS, PC, nylon, PP, PBT, NPE, TPU, PLA, PBS, and r-PET plastic products for applications in the areas of 3C/electronic products, industrial equipment parts, auto/moto parts, household goods, sports/toy parts, and medical supplies. The company also provides sports equipment, such as baseball, football, soccer, and bicycle outsoles; and shoe components, including midsoles, shanks, and counters. In addition, it manufactures various women vamps injection products on an OEM basis for the CROCS' brand. Pontex Polyblend Co., Ltd. was founded in 1982 and is headquartered in Taichung City, Taiwan.",TWD,Materials,Materials,Chemicals,TWO,ROCO,Taipei Stock Exchange,Taiwan,,Taichung,42742,http://www.pontex.com,Micro Cap,TW0008935008,,BBG000BLH984,BBG000BLH8G7,BBG001S95ZH6,False
8936.TWO,"Kuo Toong International Co., Ltd.","Kuo Toong International Co., Ltd. designs, produces, and assembles water supply and division pipes in Taiwan. The company offers various concrete products, including prestressed concrete cylinder and non-cylinder pipes, reinforced concrete pipes, reinforced concrete cylinder pipes, concrete pipes for sewerage in jacking method, prestressed beams, precast prestressed concrete culverts, manholes for sewerage, shield-segments, and other concrete products. It also provides ductile iron pipes, DI flexible pipes, connecting closures, and accessories; and various steel pipe items comprising coated steel pipes for water service, polyethylene coated and lined steel pipes, steel pipes by jacking method, steel flexible pipe joints, connecting closures, fittings, and weight-coated offshore pipes. In addition, the company offers services for the design, manufacturing, and construction of water supply and division pipes through no-dig jacking methods; and specific mechanical equipment and plant set up, and operation of seawater desalination, water, and sewage water. Kuo Toong International Co., Ltd. was founded in 1978 and is headquartered in Kaohsiung, Taiwan.",TWD,Industrials,Capital Goods,Construction & Engineering,TWO,ROCO,Taipei Stock Exchange,Taiwan,,Kaohsiung,81357,http://www.kti.com.tw,Small Cap,TW0008936006,,BBG000MNYH72,BBG000MNYGP4,BBG001SKG692,False
8937.TWO,"Her Chee Industrial Co., Ltd.","Her Chee Industrial Co., Ltd. is a company listed on the Taipei Stock Exchange under the ticker 8937. It operates in the Automobiles industry within the Consumer Discretionary sector. The company is headquartered in Chiayi, Taiwan.",TWD,Consumer Discretionary,Automobiles & Components,Automobiles,TWO,ROCO,Taipei Stock Exchange,Taiwan,,Chiayi,702,https://www.hercheemoto.com,Small Cap,TW0008937004,,BBG000MNXZR1,BBG000MNXZ46,BBG001SKG5R4,False
8938.TWO,"Advanced International Multitech Co., Ltd.","Advanced International Multitech Co., Ltd. manufactures and sells golf club heads, shafts, golf club sets, golf balls, carbon fiber components, aviation products, and composite materials worldwide. The company offers various golf products, including metal woods, irons/wedges, putters, graphite shafts, and club assemblies; carbon fiber bicycle components, such as frames, forks, and parts; DIZO bicycles; and investment casting services for components of aircraft interior, bike, industrial, and hardware in titanium and stainless steel. It also provides composite products, such as aircraft interiors comprising seat backrests, seat pads, and seat arm rests; automotive products consisting of engine covers, spoilers, and driving shafts; electronic device protectors, such as laptop carbon covers and pad soft goods; and industrial structures, including robot arm accessories, frame tubes, and assistive devices. In addition, the company offers prepreg products. Advanced International Multitech Co., Ltd. was founded in 1987 and is headquartered in Kaohsiung, Taiwan.",TWD,Consumer Discretionary,Consumer Services,"Hotels, Restaurants & Leisure",TWO,ROCO,Taipei Stock Exchange,Taiwan,,Kaohsiung,,http://www.adgroup.com.tw,Micro Cap,TW0008938002,,BBG000MP9KF9,BBG000MP9JV4,BBG001SCCBC9,False
8941.TWO,"Grand Hall Enterprise Co., Ltd.","Grand Hall Enterprise Co., Ltd. is a company listed on the Taipei Stock Exchange under the ticker 8941. It operates in the Household & Personal Products industry within the Consumer Staples sector. The company is headquartered in Taipei, Taiwan.",TWD,Consumer Staples,Household & Personal Products,,TWO,ROCO,Taipei Stock Exchange,Taiwan,,Taipei,114,https://www.grandhall.com.tw,Nano Cap,TW0008941006,,BBG000NJ0HJ4,BBG000NJ0GZ8,BBG001SKSL87,False
8942.TWO,"Xxentria Technology Materials Co., Ltd.","Xxentria Technology Materials Co., Ltd. manufactures and sells metal composite materials worldwide. The company develops products with metal and plastic components. It offers exterior facades cladding and interior furnishing for new buildings, as well as refurbishment; and lacquer coated solid aluminum panels, as well as anodized and PVD-coating materials for architectural applications. The company also provides solar receiver tubes and tube coatings; and reflective composites materials for solar thermal applications. In addition, it offers wall and door panels for truck and trailer bodies; galvanized steel composite panels; and high tensile aluminum composite panels for transportation applications. The company was founded in 1994 and is headquartered in Tainan, Taiwan.",TWD,Materials,Materials,Metals & Mining,TWO,ROCO,Taipei Stock Exchange,Taiwan,,Tainan,711,http://www.xxentria-tech.com,Micro Cap,TW0008942004,,BBG000P91368,BBG000P91279,BBG001SL6TF4,False
9949.TWO,Tittot Company Limited,"Tittot Company Limited provides glass-art products in Taiwan. The company was founded in 1994 and is based in New Taipei City, Taiwan.",TWD,Consumer Staples,Household & Personal Products,Household Products,TWO,ROCO,Taipei Stock Exchange,Taiwan,,New Taipei City,23452,http://www.tittot.com,Nano Cap,TW0009949008,,BBG000K2GW95,BBG000K2GVL3,BBG001SJFTB3,False
9950.TWO,Eminent Luggage Corporation,"Eminent Luggage Corporation designs, manufactures, and sells luggage products worldwide. The company provides a range of ABS, PP, PC, nylon, and polyester cases; bags and leisure products; and hard shell and beauty cases, soft luggage, trolleys, suitcase sets, business suitcases, and laptop backpacks. It offers its products under the Eminent, Case-Star, Mine, and Probeetle brands. Eminent Luggage Corporation was founded in 1979 and is headquartered in Tainan City, Taiwan.",TWD,Consumer Discretionary,Consumer Durables & Apparel,"Textiles, Apparel & Luxury Goods",TWO,ROCO,Taipei Stock Exchange,Taiwan,,Tainan City,711,http://www.eminent.com,Micro Cap,TW0009950006,,BBG000N1JH03,BBG000N1JGD1,BBG001SKLNZ0,False
9951.TWO,"Macauto Industrial Co., Ltd.","Macauto Industrial Co., Ltd. engages in the manufacture and sale of automotive sunshade products. The company offers automotive interiors, such as Sunshades for roof systems, luggage cover systems, side and rear window shades, wind deflectors, divider net systems, and mobile phone/tablet holder. It also provides garden tools, including cordless electric mower, electric wheelbarrows, and robotic golf caddy cart. Macauto Industrial Co., Ltd. was founded in 1979 and is headquartered in Tainan, Taiwan.",TWD,Consumer Discretionary,Automobiles & Components,Auto Components,TWO,ROCO,Taipei Stock Exchange,Taiwan,,Tainan,710,http://www.macauto-group.com,Micro Cap,TW0009951004,,BBG000LH26S2,BBG000LH2620,BBG001SK0BB5,False
9957.TWO,Yieh United Steel Corp.,"Yieh United Steel Corp. produces and sells stainless steel products in Taiwan and internationally. The company offers stainless steel billets, hot rolled black coils and plates, coils and sheets, cold rolled coils and sheets, and slabs for home and office uses, and industrial and transport applications, as well as for architecture, building, and construction applications. It also provides carbon steel products, including carbon steel slabs, billets, blacks, and plates for industrial applications. The company was founded in 1988 and is based in Kaohsiung City, Taiwan.",TWD,Materials,Materials,Metals & Mining,TWO,ROCO,Taipei Stock Exchange,Taiwan,,Kaohsiung City,82057,http://www.yusco.com.tw,Small Cap,TW0009957001,,BBG000LTP674,BBG000LTP5V9,BBG001SK5676,False
9960.TWO,Dacome International Ltd.,"Dacome International Ltd. distributes golf brands in Taiwan, the United States, and Japan. The company offers balls, golf products, footwear, bags, apparel, hats, belts, gloves, accessories, audiovisual books, team gifts, and gift certificates, as well as training supplies. It also markets its products through its Website, golfshop.com.tw; and provides golf equipment bidding, golf courses booking, golf tours at home and abroad, golf skills teaching, handicap system, etc. The company was founded in 2000 and is headquartered in Kaohsiung City, Taiwan.",TWD,Consumer Discretionary,Consumer Services,"Hotels, Restaurants & Leisure",TWO,ROCO,Taipei Stock Exchange,Taiwan,,Kaohsiung,,http://www.golfshop.com.tw,Nano Cap,TW0009960005,,BBG000MF1429,BBG000MF13C0,BBG001SKCLM8,False
9962.TWO,"Yeou Yih Steel Co., Ltd.","Yeou Yih Steel Co., Ltd. manufactures and sells hot rolled stainless steel plates and flat bars primarily in Taiwan. The company was founded in 1996 and is based in Kaohsiung City, Taiwan.",TWD,Materials,Materials,Metals & Mining,TWO,ROCO,Taipei Stock Exchange,Taiwan,,Kaohsiung,82841,http://www.yeouyih.com.tw,Nano Cap,TW0009962001,,BBG000PS56S1,BBG000PS56D7,BBG001SLQD30,False
