symbol,name,cryptocurrency,currency,summary,exchange,website
AAVE-CAD,Aave CAD,AAVE,CAD,Aave (AAVE) is a cryptocurrency and operates on the Ethereum platform.,CCC,https://aave.com/
AAVE-CNY,Aave CNY,AAVE,CNY,Aave (AAVE) is a cryptocurrency and operates on the Ethereum platform.,CCC,https://aave.com/
AAVE-ETH,Aave ETH,AAVE,ETH,Aave (AAVE) is a cryptocurrency and operates on the Ethereum platform.,CCC,https://aave.com/
AAVE-EUR,Aave EUR,AAVE,EUR,Aave (AAVE) is a cryptocurrency and operates on the Ethereum platform.,CCC,https://aave.com/
AAVE-GBP,Aave GBP,AAVE,GBP,Aave (AAVE) is a cryptocurrency and operates on the Ethereum platform.,CCC,https://aave.com/
AAVE-INR,Aave INR,AAVE,INR,Aave (AAVE) is a cryptocurrency and operates on the Ethereum platform.,CCC,https://aave.com/
AAVE-JPY,Aave JPY,AAVE,JPY,Aave (AAVE) is a cryptocurrency and operates on the Ethereum platform.,CCC,https://aave.com/
AAVE-KRW,Aave KRW,AAVE,KRW,Aave (AAVE) is a cryptocurrency and operates on the Ethereum platform.,CCC,https://aave.com/
AAVE-RUB,Aave RUB,AAVE,RUB,Aave (AAVE) is a cryptocurrency and operates on the Ethereum platform.,CCC,https://aave.com/
AAVE-USD,Aave USD,AAVE,USD,Aave (AAVE) is a cryptocurrency and operates on the Ethereum platform.,CCC,https://aave.com/
ABBC-CAD,ABBCCoin CAD,ABBC,CAD,ABBC Coin (ABBC) is a cryptocurrency. Users are able to generate ABBC through the process of mining.,CCC,https://abbccoin.com/
ABBC-CNY,ABBCCoin CNY,ABBC,CNY,ABBC Coin (ABBC) is a cryptocurrency. Users are able to generate ABBC through the process of mining.,CCC,https://abbccoin.com/
ABBC-ETH,ABBCCoin ETH,ABBC,ETH,ABBC Coin (ABBC) is a cryptocurrency. Users are able to generate ABBC through the process of mining.,CCC,https://abbccoin.com/
ABBC-EUR,ABBCCoin EUR,ABBC,EUR,ABBC Coin (ABBC) is a cryptocurrency. Users are able to generate ABBC through the process of mining.,CCC,https://abbccoin.com/
ABBC-GBP,ABBCCoin GBP,ABBC,GBP,ABBC Coin (ABBC) is a cryptocurrency. Users are able to generate ABBC through the process of mining.,CCC,https://abbccoin.com/
ABBC-INR,ABBCCoin INR,ABBC,INR,ABBC Coin (ABBC) is a cryptocurrency. Users are able to generate ABBC through the process of mining.,CCC,https://abbccoin.com/
ABBC-JPY,ABBCCoin JPY,ABBC,JPY,ABBC Coin (ABBC) is a cryptocurrency. Users are able to generate ABBC through the process of mining.,CCC,https://abbccoin.com/
ABBC-KRW,ABBCCoin KRW,ABBC,KRW,ABBC Coin (ABBC) is a cryptocurrency. Users are able to generate ABBC through the process of mining.,CCC,https://abbccoin.com/
ABBC-RUB,ABBCCoin RUB,ABBC,RUB,ABBC Coin (ABBC) is a cryptocurrency. Users are able to generate ABBC through the process of mining.,CCC,https://abbccoin.com/
ABBC-USD,ABBCCoin USD,ABBC,USD,ABBC Coin (ABBC) is a cryptocurrency. Users are able to generate ABBC through the process of mining.,CCC,https://abbccoin.com/
ACH-CAD,AlchemyPay CAD,ACH,CAD,Alchemy Pay (ACH) is a cryptocurrency.,CCC,https://www.alchemytech.io/
ACH-CNY,AlchemyPay CNY,ACH,CNY,Alchemy Pay (ACH) is a cryptocurrency.,CCC,https://www.alchemytech.io/
ACH-ETH,AlchemyPay ETH,ACH,ETH,Alchemy Pay (ACH) is a cryptocurrency.,CCC,https://www.alchemytech.io/
ACH-EUR,AlchemyPay EUR,ACH,EUR,Alchemy Pay (ACH) is a cryptocurrency.,CCC,https://www.alchemytech.io/
ACH-GBP,AlchemyPay GBP,ACH,GBP,Alchemy Pay (ACH) is a cryptocurrency.,CCC,https://www.alchemytech.io/
ACH-INR,AlchemyPay INR,ACH,INR,Alchemy Pay (ACH) is a cryptocurrency.,CCC,https://www.alchemytech.io/
ACH-JPY,AlchemyPay JPY,ACH,JPY,Alchemy Pay (ACH) is a cryptocurrency.,CCC,https://www.alchemytech.io/
ACH-KRW,AlchemyPay KRW,ACH,KRW,Alchemy Pay (ACH) is a cryptocurrency.,CCC,https://www.alchemytech.io/
ACH-RUB,AlchemyPay RUB,ACH,RUB,Alchemy Pay (ACH) is a cryptocurrency.,CCC,https://www.alchemytech.io/
ACH-USD,AlchemyPay USD,ACH,USD,Alchemy Pay (ACH) is a cryptocurrency.,CCC,https://www.alchemytech.io/
ACT-CAD,Achain CAD,ACT,CAD,Achain (ACT) is a cryptocurrency.,CCC,https://www.achain.com/
ACT-CNY,Achain CNY,ACT,CNY,Achain (ACT) is a cryptocurrency.,CCC,https://www.achain.com/
ACT-ETH,Achain ETH,ACT,ETH,Achain (ACT) is a cryptocurrency.,CCC,https://www.achain.com/
ACT-EUR,Achain EUR,ACT,EUR,Achain (ACT) is a cryptocurrency.,CCC,https://www.achain.com/
ACT-GBP,Achain GBP,ACT,GBP,Achain (ACT) is a cryptocurrency.,CCC,https://www.achain.com/
ACT-INR,Achain INR,ACT,INR,Achain (ACT) is a cryptocurrency.,CCC,https://www.achain.com/
ACT-JPY,Achain JPY,ACT,JPY,Achain (ACT) is a cryptocurrency.,CCC,https://www.achain.com/
ACT-KRW,Achain KRW,ACT,KRW,Achain (ACT) is a cryptocurrency.,CCC,https://www.achain.com/
ACT-RUB,Achain RUB,ACT,RUB,Achain (ACT) is a cryptocurrency.,CCC,https://www.achain.com/
ACT-USD,Achain USD,ACT,USD,Achain (ACT) is a cryptocurrency.,CCC,https://www.achain.com/
ADA-AUD,Cardano AUD,ADA,AUD,Cardano (ADA) is a cryptocurrency. Users are able to generate ADA through the process of mining.,CCC,https://www.cardano.org
ADA-CAD,Cardano CAD,ADA,CAD,Cardano (ADA) is a cryptocurrency. Users are able to generate ADA through the process of mining.,CCC,https://www.cardano.org
ADA-ETH,Cardano ETH,ADA,ETH,Cardano (ADA) is a cryptocurrency. Users are able to generate ADA through the process of mining.,CCC,https://www.cardano.org
ADA-EUR,Cardano EUR,ADA,EUR,Cardano (ADA) is a cryptocurrency. Users are able to generate ADA through the process of mining.,CCC,https://www.cardano.org
ADA-GBP,Cardano GBP,ADA,GBP,Cardano (ADA) is a cryptocurrency. Users are able to generate ADA through the process of mining.,CCC,https://www.cardano.org
ADA-INR,Cardano INR,ADA,INR,Cardano (ADA) is a cryptocurrency. Users are able to generate ADA through the process of mining.,CCC,https://www.cardano.org
ADA-JPY,Cardano JPY,ADA,JPY,Cardano (ADA) is a cryptocurrency. Users are able to generate ADA through the process of mining.,CCC,https://www.cardano.org
ADA-KRW,Cardano KRW,ADA,KRW,Cardano (ADA) is a cryptocurrency. Users are able to generate ADA through the process of mining.,CCC,https://www.cardano.org
ADA-RUB,Cardano RUB,ADA,RUB,Cardano (ADA) is a cryptocurrency. Users are able to generate ADA through the process of mining.,CCC,https://www.cardano.org
ADA-USD,Cardano USD,ADA,USD,Cardano (ADA) is a cryptocurrency. Users are able to generate ADA through the process of mining.,CCC,https://www.cardano.org
ADK-CAD,AidosKuneen CAD,ADK,CAD,Aidos Kuneen (ADK) is a cryptocurrency.,CCC,http://aidoskuneen.com/
ADK-CNY,AidosKuneen CNY,ADK,CNY,Aidos Kuneen (ADK) is a cryptocurrency.,CCC,http://aidoskuneen.com/
ADK-ETH,AidosKuneen ETH,ADK,ETH,Aidos Kuneen (ADK) is a cryptocurrency.,CCC,http://aidoskuneen.com/
ADK-EUR,AidosKuneen EUR,ADK,EUR,Aidos Kuneen (ADK) is a cryptocurrency.,CCC,http://aidoskuneen.com/
ADK-GBP,AidosKuneen GBP,ADK,GBP,Aidos Kuneen (ADK) is a cryptocurrency.,CCC,http://aidoskuneen.com/
ADK-INR,AidosKuneen INR,ADK,INR,Aidos Kuneen (ADK) is a cryptocurrency.,CCC,http://aidoskuneen.com/
ADK-JPY,AidosKuneen JPY,ADK,JPY,Aidos Kuneen (ADK) is a cryptocurrency.,CCC,http://aidoskuneen.com/
ADK-KRW,AidosKuneen KRW,ADK,KRW,Aidos Kuneen (ADK) is a cryptocurrency.,CCC,http://aidoskuneen.com/
ADK-RUB,AidosKuneen RUB,ADK,RUB,Aidos Kuneen (ADK) is a cryptocurrency.,CCC,http://aidoskuneen.com/
ADK-USD,AidosKuneen USD,ADK,USD,Aidos Kuneen (ADK) is a cryptocurrency.,CCC,http://aidoskuneen.com/
ADX-INR,AdEx INR,ADX,INR,AdEx Network (ADX) is a cryptocurrency and operates on the Ethereum platform.,CCC,https://www.adex.network/
ADX-USD,AdEx USD,ADX,USD,AdEx Network (ADX) is a cryptocurrency and operates on the Ethereum platform.,CCC,https://www.adex.network/
AE-CAD,Aeternity CAD,AE,CAD,Aeternity (AE) is a cryptocurrency. Users are able to generate AE through the process of mining.,CCC,https://www.aeternity.com/
AE-CNY,Aeternity CNY,AE,CNY,Aeternity (AE) is a cryptocurrency. Users are able to generate AE through the process of mining.,CCC,https://www.aeternity.com/
AE-ETH,Aeternity ETH,AE,ETH,Aeternity (AE) is a cryptocurrency. Users are able to generate AE through the process of mining.,CCC,https://www.aeternity.com/
AE-EUR,Aeternity EUR,AE,EUR,Aeternity (AE) is a cryptocurrency. Users are able to generate AE through the process of mining.,CCC,https://www.aeternity.com/
AE-GBP,Aeternity GBP,AE,GBP,Aeternity (AE) is a cryptocurrency. Users are able to generate AE through the process of mining.,CCC,https://www.aeternity.com/
AE-INR,Aeternity INR,AE,INR,Aeternity (AE) is a cryptocurrency. Users are able to generate AE through the process of mining.,CCC,https://www.aeternity.com/
AE-JPY,Aeternity JPY,AE,JPY,Aeternity (AE) is a cryptocurrency. Users are able to generate AE through the process of mining.,CCC,https://www.aeternity.com/
AE-KRW,Aeternity KRW,AE,KRW,Aeternity (AE) is a cryptocurrency. Users are able to generate AE through the process of mining.,CCC,https://www.aeternity.com/
AE-RUB,Aeternity RUB,AE,RUB,Aeternity (AE) is a cryptocurrency. Users are able to generate AE through the process of mining.,CCC,https://www.aeternity.com/
AE-USD,Aeternity USD,AE,USD,Aeternity (AE) is a cryptocurrency. Users are able to generate AE through the process of mining.,CCC,https://www.aeternity.com/
AIB-CAD,AdvancedInternetBlocks CAD,AIB,CAD,Advanced Internet Blocks (AIB) is a cryptocurrency. Users are able to generate AIB through the process of mining.,CCC,http://aib.iobond.com/
AIB-CNY,AdvancedInternetBlocks CNY,AIB,CNY,Advanced Internet Blocks (AIB) is a cryptocurrency. Users are able to generate AIB through the process of mining.,CCC,http://aib.iobond.com/
AIB-ETH,AdvancedInternetBlocks ETH,AIB,ETH,Advanced Internet Blocks (AIB) is a cryptocurrency. Users are able to generate AIB through the process of mining.,CCC,http://aib.iobond.com/
AIB-EUR,AdvancedInternetBlocks EUR,AIB,EUR,Advanced Internet Blocks (AIB) is a cryptocurrency. Users are able to generate AIB through the process of mining.,CCC,http://aib.iobond.com/
AIB-GBP,AdvancedInternetBlocks GBP,AIB,GBP,Advanced Internet Blocks (AIB) is a cryptocurrency. Users are able to generate AIB through the process of mining.,CCC,http://aib.iobond.com/
AIB-INR,AdvancedInternetBlocks INR,AIB,INR,Advanced Internet Blocks (AIB) is a cryptocurrency. Users are able to generate AIB through the process of mining.,CCC,http://aib.iobond.com/
AIB-JPY,AdvancedInternetBlocks JPY,AIB,JPY,Advanced Internet Blocks (AIB) is a cryptocurrency. Users are able to generate AIB through the process of mining.,CCC,http://aib.iobond.com/
AIB-KRW,AdvancedInternetBlocks KRW,AIB,KRW,Advanced Internet Blocks (AIB) is a cryptocurrency. Users are able to generate AIB through the process of mining.,CCC,http://aib.iobond.com/
AIB-RUB,AdvancedInternetBlocks RUB,AIB,RUB,Advanced Internet Blocks (AIB) is a cryptocurrency. Users are able to generate AIB through the process of mining.,CCC,http://aib.iobond.com/
AIB-USD,AdvancedInternetBlocks USD,AIB,USD,Advanced Internet Blocks (AIB) is a cryptocurrency. Users are able to generate AIB through the process of mining.,CCC,http://aib.iobond.com/
AION-EUR,Aion EUR,AION,EUR,Aion (AION) is a cryptocurrency. Users are able to generate AION through the process of mining.,CCC,https://theoan.com/
AION-GBP,Aion GBP,AION,GBP,Aion (AION) is a cryptocurrency. Users are able to generate AION through the process of mining.,CCC,https://theoan.com/
AION-INR,Aion INR,AION,INR,Aion (AION) is a cryptocurrency. Users are able to generate AION through the process of mining.,CCC,https://theoan.com/
AION-JPY,Aion JPY,AION,JPY,Aion (AION) is a cryptocurrency. Users are able to generate AION through the process of mining.,CCC,https://theoan.com/
AION-KRW,Aion KRW,AION,KRW,Aion (AION) is a cryptocurrency. Users are able to generate AION through the process of mining.,CCC,https://theoan.com/
AION-RUB,Aion RUB,AION,RUB,Aion (AION) is a cryptocurrency. Users are able to generate AION through the process of mining.,CCC,https://theoan.com/
AION-USD,Aion USD,AION,USD,Aion (AION) is a cryptocurrency. Users are able to generate AION through the process of mining.,CCC,https://theoan.com/
ALGO-AUD,Algorand AUD,ALGO,AUD,Algorand (ALGO) is a cryptocurrency.,CCC,http://algorand.foundation
ALGO-BTC,Algorand BTC,ALGO,BTC,Algorand (ALGO) is a cryptocurrency.,CCC,http://algorand.foundation
ALGO-CAD,Algorand CAD,ALGO,CAD,Algorand (ALGO) is a cryptocurrency.,CCC,http://algorand.foundation
ALGO-CNY,Algorand CNY,ALGO,CNY,Algorand (ALGO) is a cryptocurrency.,CCC,http://algorand.foundation
ALGO-ETH,Algorand ETH,ALGO,ETH,Algorand (ALGO) is a cryptocurrency.,CCC,http://algorand.foundation
ALGO-EUR,Algorand EUR,ALGO,EUR,Algorand (ALGO) is a cryptocurrency.,CCC,http://algorand.foundation
ALGO-GBP,Algorand GBP,ALGO,GBP,Algorand (ALGO) is a cryptocurrency.,CCC,http://algorand.foundation
ALGO-INR,Algorand INR,ALGO,INR,Algorand (ALGO) is a cryptocurrency.,CCC,http://algorand.foundation
ALGO-JPY,Algorand JPY,ALGO,JPY,Algorand (ALGO) is a cryptocurrency.,CCC,http://algorand.foundation
ALGO-KRW,Algorand KRW,ALGO,KRW,Algorand (ALGO) is a cryptocurrency.,CCC,http://algorand.foundation
ALGO-RUB,Algorand RUB,ALGO,RUB,Algorand (ALGO) is a cryptocurrency.,CCC,http://algorand.foundation
ALGO-USD,Algorand USD,ALGO,USD,Algorand (ALGO) is a cryptocurrency.,CCC,http://algorand.foundation
ALIAS-CAD,Alias CAD,ALIAS,CAD,Alias (ALIAS) is a cryptocurrency.,CCC,https://alias.cash
ALIAS-CNY,Alias CNY,ALIAS,CNY,Alias (ALIAS) is a cryptocurrency.,CCC,https://alias.cash
ALIAS-ETH,Alias ETH,ALIAS,ETH,Alias (ALIAS) is a cryptocurrency.,CCC,https://alias.cash
ALIAS-EUR,Alias EUR,ALIAS,EUR,Alias (ALIAS) is a cryptocurrency.,CCC,https://alias.cash
ALIAS-GBP,Alias GBP,ALIAS,GBP,Alias (ALIAS) is a cryptocurrency.,CCC,https://alias.cash
ALIAS-INR,Alias INR,ALIAS,INR,Alias (ALIAS) is a cryptocurrency.,CCC,https://alias.cash
ALIAS-JPY,Alias JPY,ALIAS,JPY,Alias (ALIAS) is a cryptocurrency.,CCC,https://alias.cash
ALIAS-KRW,Alias KRW,ALIAS,KRW,Alias (ALIAS) is a cryptocurrency.,CCC,https://alias.cash
ALIAS-RUB,Alias RUB,,,,CCC,
ALIAS-USD,Alias USD,ALIAS,USD,Alias (ALIAS) is a cryptocurrency.,CCC,https://alias.cash
AMB-BTC,Ambrosus BTC,AMB,BTC,Ambrosus (AMB) is a cryptocurrency.,CCC,http://ambrosus.com/
AMB-CAD,Ambrosus CAD,AMB,CAD,Ambrosus (AMB) is a cryptocurrency.,CCC,http://ambrosus.com/
AMB-CNY,Ambrosus CNY,AMB,CNY,Ambrosus (AMB) is a cryptocurrency.,CCC,http://ambrosus.com/
AMB-ETH,Ambrosus ETH,AMB,ETH,Ambrosus (AMB) is a cryptocurrency.,CCC,http://ambrosus.com/
AMB-EUR,Ambrosus EUR,AMB,EUR,Ambrosus (AMB) is a cryptocurrency.,CCC,http://ambrosus.com/
AMB-GBP,Ambrosus GBP,AMB,GBP,Ambrosus (AMB) is a cryptocurrency.,CCC,http://ambrosus.com/
AMB-INR,Ambrosus INR,AMB,INR,Ambrosus (AMB) is a cryptocurrency.,CCC,http://ambrosus.com/
AMB-JPY,Ambrosus JPY,AMB,JPY,Ambrosus (AMB) is a cryptocurrency.,CCC,http://ambrosus.com/
AMB-KRW,Ambrosus KRW,AMB,KRW,Ambrosus (AMB) is a cryptocurrency.,CCC,http://ambrosus.com/
AMB-RUB,Ambrosus RUB,AMB,RUB,Ambrosus (AMB) is a cryptocurrency.,CCC,http://ambrosus.com/
AMB-USD,Ambrosus USD,AMB,USD,Ambrosus (AMB) is a cryptocurrency.,CCC,http://ambrosus.com/
AMP1-CAD,Amp CAD,AMP1,CAD,Amp (AMP) is a cryptocurrency and operates on the Ethereum platform.,CCC,https://amptoken.org
AMP1-CNY,Amp CNY,AMP1,CNY,Amp (AMP) is a cryptocurrency and operates on the Ethereum platform.,CCC,https://amptoken.org
AMP1-ETH,Amp ETH,AMP1,ETH,Amp (AMP) is a cryptocurrency and operates on the Ethereum platform.,CCC,https://amptoken.org
AMP1-EUR,Amp EUR,AMP1,EUR,Amp (AMP) is a cryptocurrency and operates on the Ethereum platform.,CCC,https://amptoken.org
AMP1-GBP,Amp GBP,AMP1,GBP,Amp (AMP) is a cryptocurrency and operates on the Ethereum platform.,CCC,https://amptoken.org
AMP1-INR,Amp INR,AMP1,INR,Amp (AMP) is a cryptocurrency and operates on the Ethereum platform.,CCC,https://amptoken.org
AMP1-JPY,Amp JPY,AMP1,JPY,Amp (AMP) is a cryptocurrency and operates on the Ethereum platform.,CCC,https://amptoken.org
AMP1-KRW,Amp KRW,AMP1,KRW,Amp (AMP) is a cryptocurrency and operates on the Ethereum platform.,CCC,https://amptoken.org
AMP1-RUB,Amp RUB,AMP1,RUB,Amp (AMP) is a cryptocurrency and operates on the Ethereum platform.,CCC,https://amptoken.org
AMP1-USD,Amp USD,AMP1,USD,Amp (AMP) is a cryptocurrency and operates on the Ethereum platform.,CCC,https://amptoken.org
ANKR-CAD,Ankr CAD,ANKR,CAD,Ankr (ANKR) is a cryptocurrency and operates on the Binance Chain platform.,CCC,https://www.ankr.com/
ANKR-CNY,Ankr CNY,ANKR,CNY,Ankr (ANKR) is a cryptocurrency and operates on the Binance Chain platform.,CCC,https://www.ankr.com/
ANKR-ETH,Ankr ETH,ANKR,ETH,Ankr (ANKR) is a cryptocurrency and operates on the Binance Chain platform.,CCC,https://www.ankr.com/
ANKR-EUR,Ankr EUR,ANKR,EUR,Ankr (ANKR) is a cryptocurrency and operates on the Binance Chain platform.,CCC,https://www.ankr.com/
ANKR-GBP,Ankr GBP,ANKR,GBP,Ankr (ANKR) is a cryptocurrency and operates on the Binance Chain platform.,CCC,https://www.ankr.com/
ANKR-INR,Ankr INR,ANKR,INR,Ankr (ANKR) is a cryptocurrency and operates on the Binance Chain platform.,CCC,https://www.ankr.com/
ANKR-JPY,Ankr JPY,ANKR,JPY,Ankr (ANKR) is a cryptocurrency and operates on the Binance Chain platform.,CCC,https://www.ankr.com/
ANKR-KRW,Ankr KRW,ANKR,KRW,Ankr (ANKR) is a cryptocurrency and operates on the Binance Chain platform.,CCC,https://www.ankr.com/
ANKR-RUB,Ankr RUB,ANKR,RUB,Ankr (ANKR) is a cryptocurrency and operates on the Binance Chain platform.,CCC,https://www.ankr.com/
ANKR-USD,Ankr USD,ANKR,USD,Ankr (ANKR) is a cryptocurrency and operates on the Binance Chain platform.,CCC,https://www.ankr.com/
ANT-ETH,Aragon ETH,ANT,ETH,Aragon (ANT) is a cryptocurrency and operates on the Ethereum platform.,CCC,https://aragon.org/
ANT-INR,Aragon INR,ANT,INR,Aragon (ANT) is a cryptocurrency and operates on the Ethereum platform.,CCC,https://aragon.org/
ANT-JPY,Aragon JPY,ANT,JPY,Aragon (ANT) is a cryptocurrency and operates on the Ethereum platform.,CCC,https://aragon.org/
ANT-KRW,Aragon KRW,ANT,KRW,Aragon (ANT) is a cryptocurrency and operates on the Ethereum platform.,CCC,https://aragon.org/
ANT-RUB,Aragon RUB,ANT,RUB,Aragon (ANT) is a cryptocurrency and operates on the Ethereum platform.,CCC,https://aragon.org/
ANT-USD,Aragon USD,ANT,USD,Aragon (ANT) is a cryptocurrency and operates on the Ethereum platform.,CCC,https://aragon.org/
APL-AUD,ApolloCurrency AUD,APL,AUD,Apollo Currency (APL) is a cryptocurrency.,CCC,https://aplfintech.com/apollo-currency/
APL-BTC,ApolloCurrency BTC,APL,BTC,Apollo Currency (APL) is a cryptocurrency.,CCC,https://aplfintech.com/apollo-currency/
APL-CAD,ApolloCurrency CAD,APL,CAD,Apollo Currency (APL) is a cryptocurrency.,CCC,https://aplfintech.com/apollo-currency/
APL-CNY,ApolloCurrency CNY,APL,CNY,Apollo Currency (APL) is a cryptocurrency.,CCC,https://aplfintech.com/apollo-currency/
APL-ETH,ApolloCurrency ETH,APL,ETH,Apollo Currency (APL) is a cryptocurrency.,CCC,https://aplfintech.com/apollo-currency/
APL-EUR,ApolloCurrency EUR,APL,EUR,Apollo Currency (APL) is a cryptocurrency.,CCC,https://aplfintech.com/apollo-currency/
APL-GBP,ApolloCurrency GBP,APL,GBP,Apollo Currency (APL) is a cryptocurrency.,CCC,https://aplfintech.com/apollo-currency/
APL-INR,ApolloCurrency INR,APL,INR,Apollo Currency (APL) is a cryptocurrency.,CCC,https://aplfintech.com/apollo-currency/
APL-JPY,ApolloCurrency JPY,APL,JPY,Apollo Currency (APL) is a cryptocurrency.,CCC,https://aplfintech.com/apollo-currency/
APL-KRW,ApolloCurrency KRW,APL,KRW,Apollo Currency (APL) is a cryptocurrency.,CCC,https://aplfintech.com/apollo-currency/
APL-RUB,ApolloCurrency RUB,APL,RUB,Apollo Currency (APL) is a cryptocurrency.,CCC,https://aplfintech.com/apollo-currency/
APL-USD,ApolloCurrency USD,APL,USD,Apollo Currency (APL) is a cryptocurrency.,CCC,https://aplfintech.com/apollo-currency/
AR-CAD,Arweave CAD,AR,CAD,Arweave (AR) is a cryptocurrency.,CCC,https://www.arweave.org
AR-CNY,Arweave CNY,AR,CNY,Arweave (AR) is a cryptocurrency.,CCC,https://www.arweave.org
AR-ETH,Arweave ETH,AR,ETH,Arweave (AR) is a cryptocurrency.,CCC,https://www.arweave.org
AR-EUR,Arweave EUR,AR,EUR,Arweave (AR) is a cryptocurrency.,CCC,https://www.arweave.org
AR-GBP,Arweave GBP,AR,GBP,Arweave (AR) is a cryptocurrency.,CCC,https://www.arweave.org
AR-INR,Arweave INR,AR,INR,Arweave (AR) is a cryptocurrency.,CCC,https://www.arweave.org
AR-JPY,Arweave JPY,AR,JPY,Arweave (AR) is a cryptocurrency.,CCC,https://www.arweave.org
AR-KRW,Arweave KRW,AR,KRW,Arweave (AR) is a cryptocurrency.,CCC,https://www.arweave.org
AR-RUB,Arweave RUB,AR,RUB,Arweave (AR) is a cryptocurrency.,CCC,https://www.arweave.org
AR-USD,Arweave USD,AR,USD,Arweave (AR) is a cryptocurrency.,CCC,https://www.arweave.org
ARDR-CAD,Ardor CAD,ARDR,CAD,Ardor (ARDR) is a cryptocurrency.,CCC,https://www.jelurida.com/ardor
ARDR-CNY,Ardor CNY,ARDR,CNY,Ardor (ARDR) is a cryptocurrency.,CCC,https://www.jelurida.com/ardor
ARDR-ETH,Ardor ETH,ARDR,ETH,Ardor (ARDR) is a cryptocurrency.,CCC,https://www.jelurida.com/ardor
ARDR-EUR,Ardor EUR,ARDR,EUR,Ardor (ARDR) is a cryptocurrency.,CCC,https://www.jelurida.com/ardor
ARDR-GBP,Ardor GBP,ARDR,GBP,Ardor (ARDR) is a cryptocurrency.,CCC,https://www.jelurida.com/ardor
ARDR-INR,Ardor INR,ARDR,INR,Ardor (ARDR) is a cryptocurrency.,CCC,https://www.jelurida.com/ardor
ARDR-JPY,Ardor JPY,ARDR,JPY,Ardor (ARDR) is a cryptocurrency.,CCC,https://www.jelurida.com/ardor
ARDR-KRW,Ardor KRW,ARDR,KRW,Ardor (ARDR) is a cryptocurrency.,CCC,https://www.jelurida.com/ardor
ARDR-RUB,Ardor RUB,ARDR,RUB,Ardor (ARDR) is a cryptocurrency.,CCC,https://www.jelurida.com/ardor
ARDR-USD,Ardor USD,ARDR,USD,Ardor (ARDR) is a cryptocurrency.,CCC,https://www.jelurida.com/ardor
ARRR-AUD,PirateChain AUD,ARRR,AUD,Pirate Chain (ARRR) is a cryptocurrency. Users are able to generate ARRR through the process of mining.,CCC,https://pirate.black/
ARRR-BTC,PirateChain BTC,ARRR,BTC,Pirate Chain (ARRR) is a cryptocurrency. Users are able to generate ARRR through the process of mining.,CCC,https://pirate.black/
ARRR-CAD,PirateChain CAD,ARRR,CAD,Pirate Chain (ARRR) is a cryptocurrency. Users are able to generate ARRR through the process of mining.,CCC,https://pirate.black/
ARRR-CNY,PirateChain CNY,ARRR,CNY,Pirate Chain (ARRR) is a cryptocurrency. Users are able to generate ARRR through the process of mining.,CCC,https://pirate.black/
ARRR-ETH,PirateChain ETH,ARRR,ETH,Pirate Chain (ARRR) is a cryptocurrency. Users are able to generate ARRR through the process of mining.,CCC,https://pirate.black/
ARRR-EUR,PirateChain EUR,ARRR,EUR,Pirate Chain (ARRR) is a cryptocurrency. Users are able to generate ARRR through the process of mining.,CCC,https://pirate.black/
ARRR-GBP,PirateChain GBP,ARRR,GBP,Pirate Chain (ARRR) is a cryptocurrency. Users are able to generate ARRR through the process of mining.,CCC,https://pirate.black/
ARRR-INR,PirateChain INR,ARRR,INR,Pirate Chain (ARRR) is a cryptocurrency. Users are able to generate ARRR through the process of mining.,CCC,https://pirate.black/
ARRR-JPY,PirateChain JPY,ARRR,JPY,Pirate Chain (ARRR) is a cryptocurrency. Users are able to generate ARRR through the process of mining.,CCC,https://pirate.black/
ARRR-KRW,PirateChain KRW,ARRR,KRW,Pirate Chain (ARRR) is a cryptocurrency. Users are able to generate ARRR through the process of mining.,CCC,https://pirate.black/
ARRR-RUB,PirateChain RUB,ARRR,RUB,Pirate Chain (ARRR) is a cryptocurrency. Users are able to generate ARRR through the process of mining.,CCC,https://pirate.black/
ARRR-USD,PirateChain USD,ARRR,USD,Pirate Chain (ARRR) is a cryptocurrency. Users are able to generate ARRR through the process of mining.,CCC,https://pirate.black/
ATB-AUD,ATBCoin AUD,ATB,AUD,ATBCoin (ATB) is a cryptocurrency. Users are able to generate ATB through the process of mining.,CCC,https://atbcoin.com/
ATB-BTC,ATBCoin BTC,ATB,BTC,ATBCoin (ATB) is a cryptocurrency. Users are able to generate ATB through the process of mining.,CCC,https://atbcoin.com/
ATB-ETH,ATBCoin ETH,ATB,ETH,ATBCoin (ATB) is a cryptocurrency. Users are able to generate ATB through the process of mining.,CCC,https://atbcoin.com/
ATB-EUR,ATBCoin EUR,ATB,EUR,ATBCoin (ATB) is a cryptocurrency. Users are able to generate ATB through the process of mining.,CCC,https://atbcoin.com/
ATB-GBP,ATBCoin GBP,ATB,GBP,ATBCoin (ATB) is a cryptocurrency. Users are able to generate ATB through the process of mining.,CCC,https://atbcoin.com/
ATB-INR,ATBCoin INR,ATB,INR,ATBCoin (ATB) is a cryptocurrency. Users are able to generate ATB through the process of mining.,CCC,https://atbcoin.com/
ATB-JPY,ATBCoin JPY,ATB,JPY,ATBCoin (ATB) is a cryptocurrency. Users are able to generate ATB through the process of mining.,CCC,https://atbcoin.com/
ATB-KRW,ATBCoin KRW,ATB,KRW,ATBCoin (ATB) is a cryptocurrency. Users are able to generate ATB through the process of mining.,CCC,https://atbcoin.com/
ATB-RUB,ATBCoin RUB,ATB,RUB,ATBCoin (ATB) is a cryptocurrency. Users are able to generate ATB through the process of mining.,CCC,https://atbcoin.com/
ATB-USD,ATBCoin USD,ATB,USD,ATBCoin (ATB) is a cryptocurrency. Users are able to generate ATB through the process of mining.,CCC,https://atbcoin.com/
ATOM1-CAD,Cosmos CAD,ATOM1,CAD,Cosmos (ATOM) is a cryptocurrency.,CCC,https://cosmos.network/
ATOM1-CNY,Cosmos CNY,ATOM1,CNY,Cosmos (ATOM) is a cryptocurrency.,CCC,https://cosmos.network/
ATOM1-ETH,Cosmos ETH,ATOM1,ETH,Cosmos (ATOM) is a cryptocurrency.,CCC,https://cosmos.network/
ATOM1-EUR,Cosmos EUR,ATOM1,EUR,Cosmos (ATOM) is a cryptocurrency.,CCC,https://cosmos.network/
ATOM1-GBP,Cosmos GBP,ATOM1,GBP,Cosmos (ATOM) is a cryptocurrency.,CCC,https://cosmos.network/
ATOM1-INR,Cosmos INR,ATOM1,INR,Cosmos (ATOM) is a cryptocurrency.,CCC,https://cosmos.network/
ATOM1-JPY,Cosmos JPY,ATOM1,JPY,Cosmos (ATOM) is a cryptocurrency.,CCC,https://cosmos.network/
ATOM1-KRW,Cosmos KRW,ATOM1,KRW,Cosmos (ATOM) is a cryptocurrency.,CCC,https://cosmos.network/
ATOM1-RUB,Cosmos RUB,ATOM1,RUB,Cosmos (ATOM) is a cryptocurrency.,CCC,https://cosmos.network/
ATOM1-USD,Cosmos USD,ATOM1,USD,Cosmos (ATOM) is a cryptocurrency.,CCC,https://cosmos.network/
ATRI-CAD,AtariToken CAD,ATRI,CAD,Atari Token (ATRI) is a cryptocurrency and operates on the Ethereum platform.,CCC,https://www.atarichain.com/
ATRI-CNY,AtariToken CNY,ATRI,CNY,Atari Token (ATRI) is a cryptocurrency and operates on the Ethereum platform.,CCC,https://www.atarichain.com/
ATRI-ETH,AtariToken ETH,ATRI,ETH,Atari Token (ATRI) is a cryptocurrency and operates on the Ethereum platform.,CCC,https://www.atarichain.com/
ATRI-EUR,AtariToken EUR,ATRI,EUR,Atari Token (ATRI) is a cryptocurrency and operates on the Ethereum platform.,CCC,https://www.atarichain.com/
ATRI-GBP,AtariToken GBP,ATRI,GBP,Atari Token (ATRI) is a cryptocurrency and operates on the Ethereum platform.,CCC,https://www.atarichain.com/
ATRI-INR,AtariToken INR,ATRI,INR,Atari Token (ATRI) is a cryptocurrency and operates on the Ethereum platform.,CCC,https://www.atarichain.com/
ATRI-JPY,AtariToken JPY,ATRI,JPY,Atari Token (ATRI) is a cryptocurrency and operates on the Ethereum platform.,CCC,https://www.atarichain.com/
ATRI-KRW,AtariToken KRW,ATRI,KRW,Atari Token (ATRI) is a cryptocurrency and operates on the Ethereum platform.,CCC,https://www.atarichain.com/
ATRI-RUB,AtariToken RUB,ATRI,RUB,Atari Token (ATRI) is a cryptocurrency and operates on the Ethereum platform.,CCC,https://www.atarichain.com/
ATRI-USD,AtariToken USD,ATRI,USD,Atari Token (ATRI) is a cryptocurrency and operates on the Ethereum platform.,CCC,https://www.atarichain.com/
AVA-AUD,Travalacom AUD,AVA,AUD,Travala.com (AVA) is a cryptocurrency and operates on the Binance Chain platform.,CCC,https://www.travala.com/
AVA-CAD,Travalacom CAD,AVA,CAD,Travala.com (AVA) is a cryptocurrency and operates on the Binance Chain platform.,CCC,https://www.travala.com/
AVA-CNY,Travalacom CNY,AVA,CNY,Travala.com (AVA) is a cryptocurrency and operates on the Binance Chain platform.,CCC,https://www.travala.com/
AVA-ETH,Travalacom ETH,AVA,ETH,Travala.com (AVA) is a cryptocurrency and operates on the Binance Chain platform.,CCC,https://www.travala.com/
AVA-EUR,Travalacom EUR,AVA,EUR,Travala.com (AVA) is a cryptocurrency and operates on the Binance Chain platform.,CCC,https://www.travala.com/
AVA-GBP,Travalacom GBP,AVA,GBP,Travala.com (AVA) is a cryptocurrency and operates on the Binance Chain platform.,CCC,https://www.travala.com/
AVA-INR,Travalacom INR,AVA,INR,Travala.com (AVA) is a cryptocurrency and operates on the Binance Chain platform.,CCC,https://www.travala.com/
AVA-JPY,Travalacom JPY,AVA,JPY,Travala.com (AVA) is a cryptocurrency and operates on the Binance Chain platform.,CCC,https://www.travala.com/
AVA-KRW,Travalacom KRW,AVA,KRW,Travala.com (AVA) is a cryptocurrency and operates on the Binance Chain platform.,CCC,https://www.travala.com/
AVA-RUB,Travalacom RUB,AVA,RUB,Travala.com (AVA) is a cryptocurrency and operates on the Binance Chain platform.,CCC,https://www.travala.com/
AVA-USD,Travalacom USD,AVA,USD,Travala.com (AVA) is a cryptocurrency and operates on the Binance Chain platform.,CCC,https://www.travala.com/
AVAX-CAD,Avalanche CAD,AVAX,CAD,Avalanche (AVAX) is a cryptocurrency launched in 2020.,CCC,https://www.avalabs.org/
AVAX-CNY,Avalanche CNY,AVAX,CNY,Avalanche (AVAX) is a cryptocurrency launched in 2020.,CCC,https://www.avalabs.org/
AVAX-ETH,Avalanche ETH,AVAX,ETH,Avalanche (AVAX) is a cryptocurrency launched in 2020.,CCC,https://www.avalabs.org/
AVAX-EUR,Avalanche EUR,AVAX,EUR,Avalanche (AVAX) is a cryptocurrency launched in 2020.,CCC,https://www.avalabs.org/
AVAX-GBP,Avalanche GBP,AVAX,GBP,Avalanche (AVAX) is a cryptocurrency launched in 2020.,CCC,https://www.avalabs.org/
AVAX-INR,Avalanche INR,AVAX,INR,Avalanche (AVAX) is a cryptocurrency launched in 2020.,CCC,https://www.avalabs.org/
AVAX-JPY,Avalanche JPY,AVAX,JPY,Avalanche (AVAX) is a cryptocurrency launched in 2020.,CCC,https://www.avalabs.org/
AVAX-KRW,Avalanche KRW,AVAX,KRW,Avalanche (AVAX) is a cryptocurrency launched in 2020.,CCC,https://www.avalabs.org/
AVAX-RUB,Avalanche RUB,AVAX,RUB,Avalanche (AVAX) is a cryptocurrency launched in 2020.,CCC,https://www.avalabs.org/
AVAX-USD,Avalanche USD,AVAX,USD,Avalanche (AVAX) is a cryptocurrency launched in 2020.,CCC,https://www.avalabs.org/
AXEL-EUR,AXEL EUR,AXEL,EUR,AXEL (AXEL) is a cryptocurrency.,CCC,https://axel.network/
AXEL-GBP,AXEL GBP,AXEL,GBP,AXEL (AXEL) is a cryptocurrency.,CCC,https://axel.network/
AXEL-INR,AXEL INR,AXEL,INR,AXEL (AXEL) is a cryptocurrency.,CCC,https://axel.network/
AXEL-JPY,AXEL JPY,AXEL,JPY,AXEL (AXEL) is a cryptocurrency.,CCC,https://axel.network/
AXEL-KRW,AXEL KRW,AXEL,KRW,AXEL (AXEL) is a cryptocurrency.,CCC,https://axel.network/
AXEL-RUB,AXEL RUB,AXEL,RUB,AXEL (AXEL) is a cryptocurrency.,CCC,https://axel.network/
AXEL-USD,AXEL USD,AXEL,USD,AXEL (AXEL) is a cryptocurrency.,CCC,https://axel.network/
BAND-CAD,BandProtocol CAD,BAND,CAD,Band Protocol (BAND) is a cryptocurrency and operates on the Ethereum platform.,CCC,https://bandprotocol.com/
BAND-CNY,BandProtocol CNY,BAND,CNY,Band Protocol (BAND) is a cryptocurrency and operates on the Ethereum platform.,CCC,https://bandprotocol.com/
BAND-ETH,BandProtocol ETH,BAND,ETH,Band Protocol (BAND) is a cryptocurrency and operates on the Ethereum platform.,CCC,https://bandprotocol.com/
BAND-EUR,BandProtocol EUR,BAND,EUR,Band Protocol (BAND) is a cryptocurrency and operates on the Ethereum platform.,CCC,https://bandprotocol.com/
BAND-GBP,BandProtocol GBP,BAND,GBP,Band Protocol (BAND) is a cryptocurrency and operates on the Ethereum platform.,CCC,https://bandprotocol.com/
BAND-INR,BandProtocol INR,BAND,INR,Band Protocol (BAND) is a cryptocurrency and operates on the Ethereum platform.,CCC,https://bandprotocol.com/
BAND-JPY,BandProtocol JPY,BAND,JPY,Band Protocol (BAND) is a cryptocurrency and operates on the Ethereum platform.,CCC,https://bandprotocol.com/
BAND-KRW,BandProtocol KRW,BAND,KRW,Band Protocol (BAND) is a cryptocurrency and operates on the Ethereum platform.,CCC,https://bandprotocol.com/
BAND-RUB,BandProtocol RUB,BAND,RUB,Band Protocol (BAND) is a cryptocurrency and operates on the Ethereum platform.,CCC,https://bandprotocol.com/
BAND-USD,BandProtocol USD,BAND,USD,Band Protocol (BAND) is a cryptocurrency and operates on the Ethereum platform.,CCC,https://bandprotocol.com/
BAT-AUD,BasicAttentionToken AUD,BAT,AUD,Basic Attention Token (BAT) is a cryptocurrency and operates on the Ethereum platform.,CCC,https://basicattentiontoken.org/
BAT-BTC,BasicAttentionToken BTC,BAT,BTC,Basic Attention Token (BAT) is a cryptocurrency and operates on the Ethereum platform.,CCC,https://basicattentiontoken.org/
BAT-CAD,BasicAttentionToken CAD,BAT,CAD,Basic Attention Token (BAT) is a cryptocurrency and operates on the Ethereum platform.,CCC,https://basicattentiontoken.org/
BAT-CNY,BasicAttentionToken CNY,BAT,CNY,Basic Attention Token (BAT) is a cryptocurrency and operates on the Ethereum platform.,CCC,https://basicattentiontoken.org/
BAT-ETH,BasicAttentionToken ETH,BAT,ETH,Basic Attention Token (BAT) is a cryptocurrency and operates on the Ethereum platform.,CCC,https://basicattentiontoken.org/
BAT-EUR,BasicAttentionToken EUR,BAT,EUR,Basic Attention Token (BAT) is a cryptocurrency and operates on the Ethereum platform.,CCC,https://basicattentiontoken.org/
BAT-GBP,BasicAttentionToken GBP,BAT,GBP,Basic Attention Token (BAT) is a cryptocurrency and operates on the Ethereum platform.,CCC,https://basicattentiontoken.org/
BAT-INR,BasicAttentionToken INR,BAT,INR,Basic Attention Token (BAT) is a cryptocurrency and operates on the Ethereum platform.,CCC,https://basicattentiontoken.org/
BAT-JPY,BasicAttentionToken JPY,BAT,JPY,Basic Attention Token (BAT) is a cryptocurrency and operates on the Ethereum platform.,CCC,https://basicattentiontoken.org/
BAT-KRW,BasicAttentionToken KRW,BAT,KRW,Basic Attention Token (BAT) is a cryptocurrency and operates on the Ethereum platform.,CCC,https://basicattentiontoken.org/
BAT-RUB,BasicAttentionToken RUB,BAT,RUB,Basic Attention Token (BAT) is a cryptocurrency and operates on the Ethereum platform.,CCC,https://basicattentiontoken.org/
BAT-USD,BasicAttentionToken USD,BAT,USD,Basic Attention Token (BAT) is a cryptocurrency and operates on the Ethereum platform.,CCC,https://basicattentiontoken.org/
BCA-CAD,BitcoinAtom CAD,BCA,CAD,Bitcoin Atom (BCA) is a cryptocurrency. Users are able to generate BCA through the process of mining.,CCC,https://bitcoinatom.io/
BCA-CNY,BitcoinAtom CNY,BCA,CNY,Bitcoin Atom (BCA) is a cryptocurrency. Users are able to generate BCA through the process of mining.,CCC,https://bitcoinatom.io/
BCA-ETH,BitcoinAtom ETH,BCA,ETH,Bitcoin Atom (BCA) is a cryptocurrency. Users are able to generate BCA through the process of mining.,CCC,https://bitcoinatom.io/
BCA-EUR,BitcoinAtom EUR,BCA,EUR,Bitcoin Atom (BCA) is a cryptocurrency. Users are able to generate BCA through the process of mining.,CCC,https://bitcoinatom.io/
BCA-GBP,BitcoinAtom GBP,BCA,GBP,Bitcoin Atom (BCA) is a cryptocurrency. Users are able to generate BCA through the process of mining.,CCC,https://bitcoinatom.io/
BCA-INR,BitcoinAtom INR,BCA,INR,Bitcoin Atom (BCA) is a cryptocurrency. Users are able to generate BCA through the process of mining.,CCC,https://bitcoinatom.io/
BCA-JPY,BitcoinAtom JPY,BCA,JPY,Bitcoin Atom (BCA) is a cryptocurrency. Users are able to generate BCA through the process of mining.,CCC,https://bitcoinatom.io/
BCA-KRW,BitcoinAtom KRW,BCA,KRW,Bitcoin Atom (BCA) is a cryptocurrency. Users are able to generate BCA through the process of mining.,CCC,https://bitcoinatom.io/
BCA-RUB,BitcoinAtom RUB,BCA,RUB,Bitcoin Atom (BCA) is a cryptocurrency. Users are able to generate BCA through the process of mining.,CCC,https://bitcoinatom.io/
BCA-USD,BitcoinAtom USD,BCA,USD,Bitcoin Atom (BCA) is a cryptocurrency. Users are able to generate BCA through the process of mining.,CCC,https://bitcoinatom.io/
BCD-AUD,,,,,,
BCD-BTC,BitcoinDiamond BTC,BCD,BTC,Bitcoin Diamond (BCD) is a cryptocurrency. Users are able to generate BCD through the process of mining.,CCC,https://www.bitcoindiamond.org/
BCD-CAD,BitcoinDiamond CAD,BCD,CAD,Bitcoin Diamond (BCD) is a cryptocurrency. Users are able to generate BCD through the process of mining.,CCC,https://www.bitcoindiamond.org/
BCD-ETH,BitcoinDiamond ETH,BCD,ETH,Bitcoin Diamond (BCD) is a cryptocurrency. Users are able to generate BCD through the process of mining.,CCC,https://www.bitcoindiamond.org/
BCD-EUR,BitcoinDiamond EUR,BCD,EUR,Bitcoin Diamond (BCD) is a cryptocurrency. Users are able to generate BCD through the process of mining.,CCC,https://www.bitcoindiamond.org/
BCD-GBP,BitcoinDiamond GBP,BCD,GBP,Bitcoin Diamond (BCD) is a cryptocurrency. Users are able to generate BCD through the process of mining.,CCC,https://www.bitcoindiamond.org/
BCD-INR,BitcoinDiamond INR,BCD,INR,Bitcoin Diamond (BCD) is a cryptocurrency. Users are able to generate BCD through the process of mining.,CCC,https://www.bitcoindiamond.org/
BCD-JPY,BitcoinDiamond JPY,BCD,JPY,Bitcoin Diamond (BCD) is a cryptocurrency. Users are able to generate BCD through the process of mining.,CCC,https://www.bitcoindiamond.org/
BCD-KRW,BitcoinDiamond KRW,BCD,KRW,Bitcoin Diamond (BCD) is a cryptocurrency. Users are able to generate BCD through the process of mining.,CCC,https://www.bitcoindiamond.org/
BCD-RUB,BitcoinDiamond RUB,BCD,RUB,Bitcoin Diamond (BCD) is a cryptocurrency. Users are able to generate BCD through the process of mining.,CCC,https://www.bitcoindiamond.org/
BCD-USD,BitcoinDiamond USD,BCD,USD,Bitcoin Diamond (BCD) is a cryptocurrency. Users are able to generate BCD through the process of mining.,CCC,https://www.bitcoindiamond.org/
BCH-AUD,BitcoinCash AUD,BCH,AUD,Bitcoin Cash (BCH) is a cryptocurrency. Users are able to generate BCH through the process of mining.,CCC,http://bch.info
BCH-BTC,BitcoinCash BTC,BCH,BTC,Bitcoin Cash (BCH) is a cryptocurrency. Users are able to generate BCH through the process of mining.,CCC,http://bch.info
BCH-CAD,BitcoinCash CAD,BCH,CAD,Bitcoin Cash (BCH) is a cryptocurrency. Users are able to generate BCH through the process of mining.,CCC,http://bch.info
BCH-CNY,BitcoinCash CNY,BCH,CNY,Bitcoin Cash (BCH) is a cryptocurrency. Users are able to generate BCH through the process of mining.,CCC,http://bch.info
BCH-ETH,BitcoinCash ETH,BCH,ETH,Bitcoin Cash (BCH) is a cryptocurrency. Users are able to generate BCH through the process of mining.,CCC,http://bch.info
BCH-EUR,BitcoinCash EUR,BCH,EUR,Bitcoin Cash (BCH) is a cryptocurrency. Users are able to generate BCH through the process of mining.,CCC,http://bch.info
BCH-GBP,BitcoinCash GBP,BCH,GBP,Bitcoin Cash (BCH) is a cryptocurrency. Users are able to generate BCH through the process of mining.,CCC,http://bch.info
BCH-INR,BitcoinCash INR,BCH,INR,Bitcoin Cash (BCH) is a cryptocurrency. Users are able to generate BCH through the process of mining.,CCC,http://bch.info
BCH-JPY,BitcoinCash JPY,BCH,JPY,Bitcoin Cash (BCH) is a cryptocurrency. Users are able to generate BCH through the process of mining.,CCC,http://bch.info
BCH-KRW,BitcoinCash KRW,BCH,KRW,Bitcoin Cash (BCH) is a cryptocurrency. Users are able to generate BCH through the process of mining.,CCC,http://bch.info
BCH-RUB,BitcoinCash RUB,BCH,RUB,Bitcoin Cash (BCH) is a cryptocurrency. Users are able to generate BCH through the process of mining.,CCC,http://bch.info
BCH-USD,BitcoinCash USD,BCH,USD,Bitcoin Cash (BCH) is a cryptocurrency. Users are able to generate BCH through the process of mining.,CCC,http://bch.info
BCN-AUD,Bytecoin AUD,BCN,AUD,Bytecoin (BCN) is a cryptocurrency. Users are able to generate BCN through the process of mining.,CCC,https://bytecoin.org/
BCN-BTC,Bytecoin BTC,BCN,BTC,Bytecoin (BCN) is a cryptocurrency. Users are able to generate BCN through the process of mining.,CCC,https://bytecoin.org/
BCN-CAD,Bytecoin CAD,BCN,CAD,Bytecoin (BCN) is a cryptocurrency. Users are able to generate BCN through the process of mining.,CCC,https://bytecoin.org/
BCN-ETH,Bytecoin ETH,BCN,ETH,Bytecoin (BCN) is a cryptocurrency. Users are able to generate BCN through the process of mining.,CCC,https://bytecoin.org/
BCN-EUR,Bytecoin EUR,BCN,EUR,Bytecoin (BCN) is a cryptocurrency. Users are able to generate BCN through the process of mining.,CCC,https://bytecoin.org/
BCN-GBP,Bytecoin GBP,BCN,GBP,Bytecoin (BCN) is a cryptocurrency. Users are able to generate BCN through the process of mining.,CCC,https://bytecoin.org/
BCN-INR,Bytecoin INR,BCN,INR,Bytecoin (BCN) is a cryptocurrency. Users are able to generate BCN through the process of mining.,CCC,https://bytecoin.org/
BCN-JPY,Bytecoin JPY,BCN,JPY,Bytecoin (BCN) is a cryptocurrency. Users are able to generate BCN through the process of mining.,CCC,https://bytecoin.org/
BCN-KRW,Bytecoin KRW,BCN,KRW,Bytecoin (BCN) is a cryptocurrency. Users are able to generate BCN through the process of mining.,CCC,https://bytecoin.org/
BCN-RUB,Bytecoin RUB,BCN,RUB,Bytecoin (BCN) is a cryptocurrency. Users are able to generate BCN through the process of mining.,CCC,https://bytecoin.org/
BCN-USD,Bytecoin USD,BCN,USD,Bytecoin (BCN) is a cryptocurrency. Users are able to generate BCN through the process of mining.,CCC,https://bytecoin.org/
BDX-CAD,Beldex CAD,BDX,CAD,Beldex (BDX) is a cryptocurrency.,CCC,https://beldex.io/
BDX-CNY,Beldex CNY,BDX,CNY,Beldex (BDX) is a cryptocurrency.,CCC,https://beldex.io/
BDX-ETH,Beldex ETH,BDX,ETH,Beldex (BDX) is a cryptocurrency.,CCC,https://beldex.io/
BDX-EUR,Beldex EUR,BDX,EUR,Beldex (BDX) is a cryptocurrency.,CCC,https://beldex.io/
BDX-GBP,Beldex GBP,BDX,GBP,Beldex (BDX) is a cryptocurrency.,CCC,https://beldex.io/
BDX-INR,Beldex INR,BDX,INR,Beldex (BDX) is a cryptocurrency.,CCC,https://beldex.io/
BDX-JPY,Beldex JPY,BDX,JPY,Beldex (BDX) is a cryptocurrency.,CCC,https://beldex.io/
BDX-KRW,Beldex KRW,BDX,KRW,Beldex (BDX) is a cryptocurrency.,CCC,https://beldex.io/
BDX-RUB,Beldex RUB,BDX,RUB,Beldex (BDX) is a cryptocurrency.,CCC,https://beldex.io/
BDX-USD,Beldex USD,BDX,USD,Beldex (BDX) is a cryptocurrency.,CCC,https://beldex.io/
BEPRO-CAD,BetProtocol CAD,BEPRO,CAD,BEPRO Network (BEPRO) is a cryptocurrency and operates on the Ethereum platform.,CCC,https://bepro.network
BEPRO-CNY,BetProtocol CNY,BEPRO,CNY,BEPRO Network (BEPRO) is a cryptocurrency and operates on the Ethereum platform.,CCC,https://bepro.network
BEPRO-ETH,BetProtocol ETH,BEPRO,ETH,BEPRO Network (BEPRO) is a cryptocurrency and operates on the Ethereum platform.,CCC,https://bepro.network
BEPRO-EUR,BetProtocol EUR,BEPRO,EUR,BEPRO Network (BEPRO) is a cryptocurrency and operates on the Ethereum platform.,CCC,https://bepro.network
BEPRO-GBP,BetProtocol GBP,BEPRO,GBP,BEPRO Network (BEPRO) is a cryptocurrency and operates on the Ethereum platform.,CCC,https://bepro.network
BEPRO-INR,BetProtocol INR,BEPRO,INR,BEPRO Network (BEPRO) is a cryptocurrency and operates on the Ethereum platform.,CCC,https://bepro.network
BEPRO-JPY,BetProtocol JPY,BEPRO,JPY,BEPRO Network (BEPRO) is a cryptocurrency and operates on the Ethereum platform.,CCC,https://bepro.network
BEPRO-KRW,BetProtocol KRW,BEPRO,KRW,BEPRO Network (BEPRO) is a cryptocurrency and operates on the Ethereum platform.,CCC,https://bepro.network
BEPRO-RUB,BetProtocol RUB,BEPRO,RUB,BEPRO Network (BEPRO) is a cryptocurrency and operates on the Ethereum platform.,CCC,https://bepro.network
BEPRO-USD,BetProtocol USD,BEPRO,USD,BEPRO Network (BEPRO) is a cryptocurrency and operates on the Ethereum platform.,CCC,https://bepro.network
BHD-CAD,BitcoinHD CAD,BHD,CAD,BitcoinHD (BHD) is a cryptocurrency.,CCC,http://www.btchd.org/
BHD-CNY,BitcoinHD CNY,BHD,CNY,BitcoinHD (BHD) is a cryptocurrency.,CCC,http://www.btchd.org/
BHD-ETH,BitcoinHD ETH,BHD,ETH,BitcoinHD (BHD) is a cryptocurrency.,CCC,http://www.btchd.org/
BHD-EUR,BitcoinHD EUR,BHD,EUR,BitcoinHD (BHD) is a cryptocurrency.,CCC,http://www.btchd.org/
BHD-GBP,BitcoinHD GBP,BHD,GBP,BitcoinHD (BHD) is a cryptocurrency.,CCC,http://www.btchd.org/
BHD-INR,BitcoinHD INR,BHD,INR,BitcoinHD (BHD) is a cryptocurrency.,CCC,http://www.btchd.org/
BHD-JPY,BitcoinHD JPY,BHD,JPY,BitcoinHD (BHD) is a cryptocurrency.,CCC,http://www.btchd.org/
BHD-KRW,BitcoinHD KRW,BHD,KRW,BitcoinHD (BHD) is a cryptocurrency.,CCC,http://www.btchd.org/
BHD-RUB,BitcoinHD RUB,BHD,RUB,BitcoinHD (BHD) is a cryptocurrency.,CCC,http://www.btchd.org/
BHD-USD,BitcoinHD USD,BHD,USD,BitcoinHD (BHD) is a cryptocurrency.,CCC,http://www.btchd.org/
BHP-CAD,BHPCoin CAD,BHP,CAD,BHPCoin (BHP) is a cryptocurrency.,CCC,https://www.bhpa.io/#/
BHP-CNY,BHPCoin CNY,BHP,CNY,BHPCoin (BHP) is a cryptocurrency.,CCC,https://www.bhpa.io/#/
BHP-ETH,BHPCoin ETH,BHP,ETH,BHPCoin (BHP) is a cryptocurrency.,CCC,https://www.bhpa.io/#/
BHP-EUR,BHPCoin EUR,BHP,EUR,BHPCoin (BHP) is a cryptocurrency.,CCC,https://www.bhpa.io/#/
BHP-GBP,BHPCoin GBP,BHP,GBP,BHPCoin (BHP) is a cryptocurrency.,CCC,https://www.bhpa.io/#/
BHP-INR,BHPCoin INR,BHP,INR,BHPCoin (BHP) is a cryptocurrency.,CCC,https://www.bhpa.io/#/
BHP-JPY,BHPCoin JPY,BHP,JPY,BHPCoin (BHP) is a cryptocurrency.,CCC,https://www.bhpa.io/#/
BHP-KRW,BHPCoin KRW,BHP,KRW,BHPCoin (BHP) is a cryptocurrency.,CCC,https://www.bhpa.io/#/
BHP-RUB,BHPCoin RUB,BHP,RUB,BHPCoin (BHP) is a cryptocurrency.,CCC,https://www.bhpa.io/#/
BHP-USD,BHPCoin USD,BHP,USD,BHPCoin (BHP) is a cryptocurrency.,CCC,https://www.bhpa.io/#/
BIP-AUD,,,,,,
BIP-BTC,MinterNetwork BTC,BIP,BTC,Minter Network (BIP) is a cryptocurrency.,CCC,https://minter.org/
BIP-CAD,MinterNetwork CAD,BIP,CAD,Minter Network (BIP) is a cryptocurrency.,CCC,https://minter.org/
BIP-CNY,MinterNetwork CNY,BIP,CNY,Minter Network (BIP) is a cryptocurrency.,CCC,https://minter.org/
BIP-ETH,MinterNetwork ETH,BIP,ETH,Minter Network (BIP) is a cryptocurrency.,CCC,https://minter.org/
BIP-EUR,MinterNetwork EUR,BIP,EUR,Minter Network (BIP) is a cryptocurrency.,CCC,https://minter.org/
BIP-GBP,MinterNetwork GBP,BIP,GBP,Minter Network (BIP) is a cryptocurrency.,CCC,https://minter.org/
BIP-INR,MinterNetwork INR,BIP,INR,Minter Network (BIP) is a cryptocurrency.,CCC,https://minter.org/
BIP-JPY,MinterNetwork JPY,BIP,JPY,Minter Network (BIP) is a cryptocurrency.,CCC,https://minter.org/
BIP-KRW,MinterNetwork KRW,BIP,KRW,Minter Network (BIP) is a cryptocurrency.,CCC,https://minter.org/
BIP-RUB,MinterNetwork RUB,BIP,RUB,Minter Network (BIP) is a cryptocurrency.,CCC,https://minter.org/
BIP-USD,MinterNetwork USD,BIP,USD,Minter Network (BIP) is a cryptocurrency.,CCC,https://minter.org/
BLK-BTC,BlackCoin BTC,BLK,BTC,BlackCoin (BLK) is a cryptocurrency.,CCC,https://blackcoin.org/
BLK-CAD,BlackCoin CAD,BLK,CAD,BlackCoin (BLK) is a cryptocurrency.,CCC,https://blackcoin.org/
BLK-CNY,BlackCoin CNY,BLK,CNY,BlackCoin (BLK) is a cryptocurrency.,CCC,https://blackcoin.org/
BLK-ETH,BlackCoin ETH,BLK,ETH,BlackCoin (BLK) is a cryptocurrency.,CCC,https://blackcoin.org/
BLK-EUR,BlackCoin EUR,BLK,EUR,BlackCoin (BLK) is a cryptocurrency.,CCC,https://blackcoin.org/
BLK-GBP,BlackCoin GBP,BLK,GBP,BlackCoin (BLK) is a cryptocurrency.,CCC,https://blackcoin.org/
BLK-INR,BlackCoin INR,BLK,INR,BlackCoin (BLK) is a cryptocurrency.,CCC,https://blackcoin.org/
BLK-JPY,BlackCoin JPY,BLK,JPY,BlackCoin (BLK) is a cryptocurrency.,CCC,https://blackcoin.org/
BLK-KRW,BlackCoin KRW,BLK,KRW,BlackCoin (BLK) is a cryptocurrency.,CCC,https://blackcoin.org/
BLK-RUB,BlackCoin RUB,BLK,RUB,BlackCoin (BLK) is a cryptocurrency.,CCC,https://blackcoin.org/
BLK-USD,BlackCoin USD,BLK,USD,BlackCoin (BLK) is a cryptocurrency.,CCC,https://blackcoin.org/
BLOCK-AUD,Blocknet AUD,BLOCK,AUD,Blocknet (BLOCK) is a cryptocurrency.,CCC,http://blocknet.co/
BLOCK-BTC,Blocknet BTC,BLOCK,BTC,Blocknet (BLOCK) is a cryptocurrency.,CCC,http://blocknet.co/
BLOCK-CAD,Blocknet CAD,BLOCK,CAD,Blocknet (BLOCK) is a cryptocurrency.,CCC,http://blocknet.co/
BLOCK-CNY,Blocknet CNY,BLOCK,CNY,Blocknet (BLOCK) is a cryptocurrency.,CCC,http://blocknet.co/
BLOCK-ETH,Blocknet ETH,BLOCK,ETH,Blocknet (BLOCK) is a cryptocurrency.,CCC,http://blocknet.co/
BLOCK-EUR,Blocknet EUR,BLOCK,EUR,Blocknet (BLOCK) is a cryptocurrency.,CCC,http://blocknet.co/
BLOCK-GBP,Blocknet GBP,BLOCK,GBP,Blocknet (BLOCK) is a cryptocurrency.,CCC,http://blocknet.co/
BLOCK-INR,Blocknet INR,BLOCK,INR,Blocknet (BLOCK) is a cryptocurrency.,CCC,http://blocknet.co/
BLOCK-RUB,Blocknet RUB,BLOCK,RUB,Blocknet (BLOCK) is a cryptocurrency.,CCC,http://blocknet.co/
BLOCK-USD,Blocknet USD,BLOCK,USD,Blocknet (BLOCK) is a cryptocurrency.,CCC,http://blocknet.co/
BNB-AUD,BinanceCoin AUD,BNB,AUD,Binance Coin (BNB) is a cryptocurrency.,CCC,https://www.binance.com/
BNB-BTC,BinanceCoin BTC,BNB,BTC,Binance Coin (BNB) is a cryptocurrency.,CCC,https://www.binance.com/
BNB-CAD,BinanceCoin CAD,BNB,CAD,Binance Coin (BNB) is a cryptocurrency.,CCC,https://www.binance.com/
BNB-CNY,BinanceCoin CNY,BNB,CNY,Binance Coin (BNB) is a cryptocurrency.,CCC,https://www.binance.com/
BNB-ETH,BinanceCoin ETH,BNB,ETH,Binance Coin (BNB) is a cryptocurrency.,CCC,https://www.binance.com/
BNB-EUR,BinanceCoin EUR,BNB,EUR,Binance Coin (BNB) is a cryptocurrency.,CCC,https://www.binance.com/
BNB-GBP,BinanceCoin GBP,BNB,GBP,Binance Coin (BNB) is a cryptocurrency.,CCC,https://www.binance.com/
BNB-INR,BinanceCoin INR,BNB,INR,Binance Coin (BNB) is a cryptocurrency.,CCC,https://www.binance.com/
BNB-JPY,BinanceCoin JPY,BNB,JPY,Binance Coin (BNB) is a cryptocurrency.,CCC,https://www.binance.com/
BNB-KRW,BinanceCoin KRW,BNB,KRW,Binance Coin (BNB) is a cryptocurrency.,CCC,https://www.binance.com/
BNB-RUB,BinanceCoin RUB,BNB,RUB,Binance Coin (BNB) is a cryptocurrency.,CCC,https://www.binance.com/
BNB-USD,BinanceCoin USD,BNB,USD,Binance Coin (BNB) is a cryptocurrency.,CCC,https://www.binance.com/
BNT-ETH,Bancor ETH,BNT,ETH,Bancor (BNT) is a cryptocurrency launched in 2017and operates on the Ethereum platform.,CCC,https://bancor.network/
BNT-USD,Bancor USD,BNT,USD,Bancor (BNT) is a cryptocurrency launched in 2017and operates on the Ethereum platform.,CCC,https://bancor.network/
BONO-CAD,Bonorum CAD,BONO,CAD,Bonorum (BONO) is a cryptocurrency launched in 2020.,CCC,https://www.bonorum.io/
BONO-CNY,Bonorum CNY,BONO,CNY,Bonorum (BONO) is a cryptocurrency launched in 2020.,CCC,https://www.bonorum.io/
BONO-ETH,Bonorum ETH,BONO,ETH,Bonorum (BONO) is a cryptocurrency launched in 2020.,CCC,https://www.bonorum.io/
BONO-EUR,Bonorum EUR,BONO,EUR,Bonorum (BONO) is a cryptocurrency launched in 2020.,CCC,https://www.bonorum.io/
BONO-GBP,Bonorum GBP,BONO,GBP,Bonorum (BONO) is a cryptocurrency launched in 2020.,CCC,https://www.bonorum.io/
BONO-INR,Bonorum INR,BONO,INR,Bonorum (BONO) is a cryptocurrency launched in 2020.,CCC,https://www.bonorum.io/
BONO-JPY,Bonorum JPY,BONO,JPY,Bonorum (BONO) is a cryptocurrency launched in 2020.,CCC,https://www.bonorum.io/
BONO-KRW,Bonorum KRW,BONO,KRW,Bonorum (BONO) is a cryptocurrency launched in 2020.,CCC,https://www.bonorum.io/
BONO-RUB,Bonorum RUB,BONO,RUB,Bonorum (BONO) is a cryptocurrency launched in 2020.,CCC,https://www.bonorum.io/
BONO-USD,Bonorum USD,BONO,USD,Bonorum (BONO) is a cryptocurrency launched in 2020.,CCC,https://www.bonorum.io/
BPC-CAD,BackPackerCoin CAD,BPC,CAD,BackPacker Coin (BPC) is a cryptocurrency.,CCC,https://backpackercoin.com/
BPC-CNY,BackPackerCoin CNY,BPC,CNY,BackPacker Coin (BPC) is a cryptocurrency.,CCC,https://backpackercoin.com/
BPC-ETH,BackPackerCoin ETH,BPC,ETH,BackPacker Coin (BPC) is a cryptocurrency.,CCC,https://backpackercoin.com/
BPC-EUR,BackPackerCoin EUR,BPC,EUR,BackPacker Coin (BPC) is a cryptocurrency.,CCC,https://backpackercoin.com/
BPC-GBP,BackPackerCoin GBP,BPC,GBP,BackPacker Coin (BPC) is a cryptocurrency.,CCC,https://backpackercoin.com/
BPC-INR,BackPackerCoin INR,BPC,INR,BackPacker Coin (BPC) is a cryptocurrency.,CCC,https://backpackercoin.com/
BPC-JPY,BackPackerCoin JPY,BPC,JPY,BackPacker Coin (BPC) is a cryptocurrency.,CCC,https://backpackercoin.com/
BPC-KRW,BackPackerCoin KRW,BPC,KRW,BackPacker Coin (BPC) is a cryptocurrency.,CCC,https://backpackercoin.com/
BPC-RUB,BackPackerCoin RUB,BPC,RUB,BackPacker Coin (BPC) is a cryptocurrency.,CCC,https://backpackercoin.com/
BPC-USD,BackPackerCoin USD,BPC,USD,BackPacker Coin (BPC) is a cryptocurrency.,CCC,https://backpackercoin.com/
BPS-CAD,BitcoinPoS CAD,BPS,CAD,BitcoinPoS (BPS) is a cryptocurrency.,CCC,https://www.bitcoinpos.net/
BPS-CNY,BitcoinPoS CNY,BPS,CNY,BitcoinPoS (BPS) is a cryptocurrency.,CCC,https://www.bitcoinpos.net/
BPS-ETH,BitcoinPoS ETH,BPS,ETH,BitcoinPoS (BPS) is a cryptocurrency.,CCC,https://www.bitcoinpos.net/
BPS-EUR,BitcoinPoS EUR,BPS,EUR,BitcoinPoS (BPS) is a cryptocurrency.,CCC,https://www.bitcoinpos.net/
BPS-GBP,BitcoinPoS GBP,BPS,GBP,BitcoinPoS (BPS) is a cryptocurrency.,CCC,https://www.bitcoinpos.net/
BPS-INR,BitcoinPoS INR,BPS,INR,BitcoinPoS (BPS) is a cryptocurrency.,CCC,https://www.bitcoinpos.net/
BPS-JPY,BitcoinPoS JPY,BPS,JPY,BitcoinPoS (BPS) is a cryptocurrency.,CCC,https://www.bitcoinpos.net/
BPS-KRW,BitcoinPoS KRW,BPS,KRW,BitcoinPoS (BPS) is a cryptocurrency.,CCC,https://www.bitcoinpos.net/
BPS-RUB,BitcoinPoS RUB,BPS,RUB,BitcoinPoS (BPS) is a cryptocurrency.,CCC,https://www.bitcoinpos.net/
BPS-USD,BitcoinPoS USD,BPS,USD,BitcoinPoS (BPS) is a cryptocurrency.,CCC,https://www.bitcoinpos.net/
BRC-CAD,BaerChain CAD,BRC,CAD,Baer Chain (BRC) is a cryptocurrency.,CCC,https://baerchain.com/
BRC-CNY,BaerChain CNY,BRC,CNY,Baer Chain (BRC) is a cryptocurrency.,CCC,https://baerchain.com/
BRC-ETH,BaerChain ETH,BRC,ETH,Baer Chain (BRC) is a cryptocurrency.,CCC,https://baerchain.com/
BRC-EUR,BaerChain EUR,BRC,EUR,Baer Chain (BRC) is a cryptocurrency.,CCC,https://baerchain.com/
BRC-GBP,BaerChain GBP,BRC,GBP,Baer Chain (BRC) is a cryptocurrency.,CCC,https://baerchain.com/
BRC-INR,BaerChain INR,BRC,INR,Baer Chain (BRC) is a cryptocurrency.,CCC,https://baerchain.com/
BRC-JPY,BaerChain JPY,BRC,JPY,Baer Chain (BRC) is a cryptocurrency.,CCC,https://baerchain.com/
BRC-KRW,BaerChain KRW,BRC,KRW,Baer Chain (BRC) is a cryptocurrency.,CCC,https://baerchain.com/
BRC-RUB,BaerChain RUB,BRC,RUB,Baer Chain (BRC) is a cryptocurrency.,CCC,https://baerchain.com/
BRC-USD,BaerChain USD,BRC,USD,Baer Chain (BRC) is a cryptocurrency.,CCC,https://baerchain.com/
BST-CAD,BlockStamp CAD,BST,CAD,BlockStamp (BST) is a cryptocurrency. Users are able to generate BST through the process of mining.,CCC,https://blockstamp.info/
BST-CNY,BlockStamp CNY,BST,CNY,BlockStamp (BST) is a cryptocurrency. Users are able to generate BST through the process of mining.,CCC,https://blockstamp.info/
BST-ETH,BlockStamp ETH,BST,ETH,BlockStamp (BST) is a cryptocurrency. Users are able to generate BST through the process of mining.,CCC,https://blockstamp.info/
BST-EUR,BlockStamp EUR,BST,EUR,BlockStamp (BST) is a cryptocurrency. Users are able to generate BST through the process of mining.,CCC,https://blockstamp.info/
BST-GBP,BlockStamp GBP,BST,GBP,BlockStamp (BST) is a cryptocurrency. Users are able to generate BST through the process of mining.,CCC,https://blockstamp.info/
BST-INR,BlockStamp INR,BST,INR,BlockStamp (BST) is a cryptocurrency. Users are able to generate BST through the process of mining.,CCC,https://blockstamp.info/
BST-JPY,BlockStamp JPY,BST,JPY,BlockStamp (BST) is a cryptocurrency. Users are able to generate BST through the process of mining.,CCC,https://blockstamp.info/
BST-KRW,BlockStamp KRW,BST,KRW,BlockStamp (BST) is a cryptocurrency. Users are able to generate BST through the process of mining.,CCC,https://blockstamp.info/
BST-RUB,BlockStamp RUB,BST,RUB,BlockStamp (BST) is a cryptocurrency. Users are able to generate BST through the process of mining.,CCC,https://blockstamp.info/
BST-USD,BlockStamp USD,BST,USD,BlockStamp (BST) is a cryptocurrency. Users are able to generate BST through the process of mining.,CCC,https://blockstamp.info/
BSV-BTC,BitcoinSV BTC,BSV,BTC,Bitcoin SV (BSV) is a cryptocurrency. Users are able to generate BSV through the process of mining.,CCC,https://bitcoinsv.com/
BSV-CAD,BitcoinSV CAD,BSV,CAD,Bitcoin SV (BSV) is a cryptocurrency. Users are able to generate BSV through the process of mining.,CCC,https://bitcoinsv.com/
BSV-ETH,BitcoinSV ETH,BSV,ETH,Bitcoin SV (BSV) is a cryptocurrency. Users are able to generate BSV through the process of mining.,CCC,https://bitcoinsv.com/
BSV-EUR,BitcoinSV EUR,BSV,EUR,Bitcoin SV (BSV) is a cryptocurrency. Users are able to generate BSV through the process of mining.,CCC,https://bitcoinsv.com/
BSV-GBP,BitcoinSV GBP,BSV,GBP,Bitcoin SV (BSV) is a cryptocurrency. Users are able to generate BSV through the process of mining.,CCC,https://bitcoinsv.com/
BSV-INR,BitcoinSV INR,BSV,INR,Bitcoin SV (BSV) is a cryptocurrency. Users are able to generate BSV through the process of mining.,CCC,https://bitcoinsv.com/
BSV-JPY,BitcoinSV JPY,BSV,JPY,Bitcoin SV (BSV) is a cryptocurrency. Users are able to generate BSV through the process of mining.,CCC,https://bitcoinsv.com/
BSV-KRW,BitcoinSV KRW,BSV,KRW,Bitcoin SV (BSV) is a cryptocurrency. Users are able to generate BSV through the process of mining.,CCC,https://bitcoinsv.com/
BSV-RUB,BitcoinSV RUB,BSV,RUB,Bitcoin SV (BSV) is a cryptocurrency. Users are able to generate BSV through the process of mining.,CCC,https://bitcoinsv.com/
BSV-USD,BitcoinSV USD,BSV,USD,Bitcoin SV (BSV) is a cryptocurrency. Users are able to generate BSV through the process of mining.,CCC,https://bitcoinsv.com/
BTC2-CAD,Bitcoin2 CAD,BTC2,CAD,Bitcoin 2 (BTC2) is a cryptocurrency.,CCC,https://www.bitc2.org/
BTC2-CNY,Bitcoin2 CNY,BTC2,CNY,Bitcoin 2 (BTC2) is a cryptocurrency.,CCC,https://www.bitc2.org/
BTC2-ETH,Bitcoin2 ETH,BTC2,ETH,Bitcoin 2 (BTC2) is a cryptocurrency.,CCC,https://www.bitc2.org/
BTC2-EUR,Bitcoin2 EUR,BTC2,EUR,Bitcoin 2 (BTC2) is a cryptocurrency.,CCC,https://www.bitc2.org/
BTC2-GBP,Bitcoin2 GBP,BTC2,GBP,Bitcoin 2 (BTC2) is a cryptocurrency.,CCC,https://www.bitc2.org/
BTC2-INR,Bitcoin2 INR,BTC2,INR,Bitcoin 2 (BTC2) is a cryptocurrency.,CCC,https://www.bitc2.org/
BTC2-JPY,Bitcoin2 JPY,BTC2,JPY,Bitcoin 2 (BTC2) is a cryptocurrency.,CCC,https://www.bitc2.org/
BTC2-KRW,Bitcoin2 KRW,BTC2,KRW,Bitcoin 2 (BTC2) is a cryptocurrency.,CCC,https://www.bitc2.org/
BTC2-RUB,Bitcoin2 RUB,BTC2,RUB,Bitcoin 2 (BTC2) is a cryptocurrency.,CCC,https://www.bitc2.org/
BTC2-USD,Bitcoin2 USD,BTC2,USD,Bitcoin 2 (BTC2) is a cryptocurrency.,CCC,https://www.bitc2.org/
BTG-AUD,BitcoinGold AUD,BTG,AUD,Bitcoin Gold (BTG) is a cryptocurrency. Users are able to generate BTG through the process of mining.,CCC,https://bitcoingold.org/
BTG-BTC,BitcoinGold BTC,BTG,BTC,Bitcoin Gold (BTG) is a cryptocurrency. Users are able to generate BTG through the process of mining.,CCC,https://bitcoingold.org/
BTG-CNY,BitcoinGold CNY,BTG,CNY,Bitcoin Gold (BTG) is a cryptocurrency. Users are able to generate BTG through the process of mining.,CCC,https://bitcoingold.org/
BTG-ETH,BitcoinGold ETH,BTG,ETH,Bitcoin Gold (BTG) is a cryptocurrency. Users are able to generate BTG through the process of mining.,CCC,https://bitcoingold.org/
BTG-EUR,BitcoinGold EUR,BTG,EUR,Bitcoin Gold (BTG) is a cryptocurrency. Users are able to generate BTG through the process of mining.,CCC,https://bitcoingold.org/
BTG-GBP,BitcoinGold GBP,BTG,GBP,Bitcoin Gold (BTG) is a cryptocurrency. Users are able to generate BTG through the process of mining.,CCC,https://bitcoingold.org/
BTG-INR,BitcoinGold INR,BTG,INR,Bitcoin Gold (BTG) is a cryptocurrency. Users are able to generate BTG through the process of mining.,CCC,https://bitcoingold.org/
BTG-JPY,BitcoinGold JPY,BTG,JPY,Bitcoin Gold (BTG) is a cryptocurrency. Users are able to generate BTG through the process of mining.,CCC,https://bitcoingold.org/
BTG-KRW,BitcoinGold KRW,BTG,KRW,Bitcoin Gold (BTG) is a cryptocurrency. Users are able to generate BTG through the process of mining.,CCC,https://bitcoingold.org/
BTG-RUB,BitcoinGold RUB,BTG,RUB,Bitcoin Gold (BTG) is a cryptocurrency. Users are able to generate BTG through the process of mining.,CCC,https://bitcoingold.org/
BTG-USD,BitcoinGold USD,BTG,USD,Bitcoin Gold (BTG) is a cryptocurrency. Users are able to generate BTG through the process of mining.,CCC,https://bitcoingold.org/
BTM-CAD,Bytom CAD,BTM,CAD,Bytom (BTM) is a cryptocurrency. Users are able to generate BTM through the process of mining.,CCC,http://bytom.io/
BTM-CNY,Bytom CNY,BTM,CNY,Bytom (BTM) is a cryptocurrency. Users are able to generate BTM through the process of mining.,CCC,http://bytom.io/
BTM-ETH,Bytom ETH,BTM,ETH,Bytom (BTM) is a cryptocurrency. Users are able to generate BTM through the process of mining.,CCC,http://bytom.io/
BTM-EUR,Bytom EUR,BTM,EUR,Bytom (BTM) is a cryptocurrency. Users are able to generate BTM through the process of mining.,CCC,http://bytom.io/
BTM-GBP,Bytom GBP,BTM,GBP,Bytom (BTM) is a cryptocurrency. Users are able to generate BTM through the process of mining.,CCC,http://bytom.io/
BTM-INR,Bytom INR,BTM,INR,Bytom (BTM) is a cryptocurrency. Users are able to generate BTM through the process of mining.,CCC,http://bytom.io/
BTM-JPY,Bytom JPY,BTM,JPY,Bytom (BTM) is a cryptocurrency. Users are able to generate BTM through the process of mining.,CCC,http://bytom.io/
BTM-KRW,Bytom KRW,BTM,KRW,Bytom (BTM) is a cryptocurrency. Users are able to generate BTM through the process of mining.,CCC,http://bytom.io/
BTM-RUB,Bytom RUB,BTM,RUB,Bytom (BTM) is a cryptocurrency. Users are able to generate BTM through the process of mining.,CCC,http://bytom.io/
BTM-USD,Bytom USD,BTM,USD,Bytom (BTM) is a cryptocurrency. Users are able to generate BTM through the process of mining.,CCC,http://bytom.io/
BTS-BTC,BitShares BTC,BTS,BTC,BitShares (BTS) is a cryptocurrency.,CCC,https://bitshares.org
BTS-CAD,BitShares CAD,BTS,CAD,BitShares (BTS) is a cryptocurrency.,CCC,https://bitshares.org
BTS-CNY,BitShares CNY,BTS,CNY,BitShares (BTS) is a cryptocurrency.,CCC,https://bitshares.org
BTS-ETH,BitShares ETH,BTS,ETH,BitShares (BTS) is a cryptocurrency.,CCC,https://bitshares.org
BTS-EUR,BitShares EUR,BTS,EUR,BitShares (BTS) is a cryptocurrency.,CCC,https://bitshares.org
BTS-GBP,BitShares GBP,BTS,GBP,BitShares (BTS) is a cryptocurrency.,CCC,https://bitshares.org
BTS-INR,BitShares INR,BTS,INR,BitShares (BTS) is a cryptocurrency.,CCC,https://bitshares.org
BTS-JPY,BitShares JPY,BTS,JPY,BitShares (BTS) is a cryptocurrency.,CCC,https://bitshares.org
BTS-KRW,BitShares KRW,BTS,KRW,BitShares (BTS) is a cryptocurrency.,CCC,https://bitshares.org
BTS-RUB,BitShares RUB,BTS,RUB,BitShares (BTS) is a cryptocurrency.,CCC,https://bitshares.org
BTS-USD,BitShares USD,BTS,USD,BitShares (BTS) is a cryptocurrency.,CCC,https://bitshares.org
BTT1-AUD,BitTorrent AUD,BTT1,AUD,BitTorrent (BTT) is a cryptocurrency and operates on the Tron platform.,CCC,https://www.bittorrent.com/btt/
BTT1-BTC,BitTorrent BTC,BTT1,BTC,BitTorrent (BTT) is a cryptocurrency and operates on the Tron platform.,CCC,https://www.bittorrent.com/btt/
BTT1-CAD,BitTorrent CAD,BTT1,CAD,BitTorrent (BTT) is a cryptocurrency and operates on the Tron platform.,CCC,https://www.bittorrent.com/btt/
BTT1-CNY,BitTorrent CNY,BTT1,CNY,BitTorrent (BTT) is a cryptocurrency and operates on the Tron platform.,CCC,https://www.bittorrent.com/btt/
BTT1-ETH,BitTorrent ETH,BTT1,ETH,BitTorrent (BTT) is a cryptocurrency and operates on the Tron platform.,CCC,https://www.bittorrent.com/btt/
BTT1-EUR,BitTorrent EUR,BTT1,EUR,BitTorrent (BTT) is a cryptocurrency and operates on the Tron platform.,CCC,https://www.bittorrent.com/btt/
BTT1-GBP,BitTorrent GBP,BTT1,GBP,BitTorrent (BTT) is a cryptocurrency and operates on the Tron platform.,CCC,https://www.bittorrent.com/btt/
BTT1-INR,BitTorrent INR,BTT1,INR,BitTorrent (BTT) is a cryptocurrency and operates on the Tron platform.,CCC,https://www.bittorrent.com/btt/
BTT1-JPY,BitTorrent JPY,BTT1,JPY,BitTorrent (BTT) is a cryptocurrency and operates on the Tron platform.,CCC,https://www.bittorrent.com/btt/
BTT1-KRW,BitTorrent KRW,BTT1,KRW,BitTorrent (BTT) is a cryptocurrency and operates on the Tron platform.,CCC,https://www.bittorrent.com/btt/
BTT1-RUB,BitTorrent RUB,BTT1,RUB,BitTorrent (BTT) is a cryptocurrency and operates on the Tron platform.,CCC,https://www.bittorrent.com/btt/
BTT1-USD,BitTorrent USD,BTT1,USD,BitTorrent (BTT) is a cryptocurrency and operates on the Tron platform.,CCC,https://www.bittorrent.com/btt/
BTX-CAD,Bitcore CAD,BTX,CAD,BitCore (BTX) is a cryptocurrency. Users are able to generate BTX through the process of mining.,CCC,http://bitcore.cc/
BTX-CNY,Bitcore CNY,BTX,CNY,BitCore (BTX) is a cryptocurrency. Users are able to generate BTX through the process of mining.,CCC,http://bitcore.cc/
BTX-ETH,Bitcore ETH,BTX,ETH,BitCore (BTX) is a cryptocurrency. Users are able to generate BTX through the process of mining.,CCC,http://bitcore.cc/
BTX-EUR,Bitcore EUR,BTX,EUR,BitCore (BTX) is a cryptocurrency. Users are able to generate BTX through the process of mining.,CCC,http://bitcore.cc/
BTX-GBP,Bitcore GBP,BTX,GBP,BitCore (BTX) is a cryptocurrency. Users are able to generate BTX through the process of mining.,CCC,http://bitcore.cc/
BTX-INR,Bitcore INR,BTX,INR,BitCore (BTX) is a cryptocurrency. Users are able to generate BTX through the process of mining.,CCC,http://bitcore.cc/
BTX-JPY,Bitcore JPY,BTX,JPY,BitCore (BTX) is a cryptocurrency. Users are able to generate BTX through the process of mining.,CCC,http://bitcore.cc/
BTX-KRW,Bitcore KRW,BTX,KRW,BitCore (BTX) is a cryptocurrency. Users are able to generate BTX through the process of mining.,CCC,http://bitcore.cc/
BTX-RUB,Bitcore RUB,BTX,RUB,BitCore (BTX) is a cryptocurrency. Users are able to generate BTX through the process of mining.,CCC,http://bitcore.cc/
BTX-USD,Bitcore USD,BTX,USD,BitCore (BTX) is a cryptocurrency. Users are able to generate BTX through the process of mining.,CCC,http://bitcore.cc/
BURST-CAD,Burst CAD,BURST,CAD,Burst (BURST) is a cryptocurrency. Users are able to generate BURST through the process of mining.,CCC,https://www.burst-coin.org
BURST-CNY,Burst CNY,BURST,CNY,Burst (BURST) is a cryptocurrency. Users are able to generate BURST through the process of mining.,CCC,https://www.burst-coin.org
BURST-ETH,Burst ETH,BURST,ETH,Burst (BURST) is a cryptocurrency. Users are able to generate BURST through the process of mining.,CCC,https://www.burst-coin.org
BURST-EUR,Burst EUR,BURST,EUR,Burst (BURST) is a cryptocurrency. Users are able to generate BURST through the process of mining.,CCC,https://www.burst-coin.org
BURST-GBP,Burst GBP,BURST,GBP,Burst (BURST) is a cryptocurrency. Users are able to generate BURST through the process of mining.,CCC,https://www.burst-coin.org
BURST-INR,Burst INR,BURST,INR,Burst (BURST) is a cryptocurrency. Users are able to generate BURST through the process of mining.,CCC,https://www.burst-coin.org
BURST-JPY,Burst JPY,BURST,JPY,Burst (BURST) is a cryptocurrency. Users are able to generate BURST through the process of mining.,CCC,https://www.burst-coin.org
BURST-KRW,Burst KRW,BURST,KRW,Burst (BURST) is a cryptocurrency. Users are able to generate BURST through the process of mining.,CCC,https://www.burst-coin.org
BURST-RUB,Burst RUB,BURST,RUB,Burst (BURST) is a cryptocurrency. Users are able to generate BURST through the process of mining.,CCC,https://www.burst-coin.org
BURST-USD,Burst USD,BURST,USD,Burst (BURST) is a cryptocurrency. Users are able to generate BURST through the process of mining.,CCC,https://www.burst-coin.org
CCA-CAD,CounosCoin CAD,CCA,CAD,Counos Coin (CCA) is a cryptocurrency. Users are able to generate CCA through the process of mining.,CCC,https://counos.io/
CCA-CNY,CounosCoin CNY,CCA,CNY,Counos Coin (CCA) is a cryptocurrency. Users are able to generate CCA through the process of mining.,CCC,https://counos.io/
CCA-ETH,CounosCoin ETH,CCA,ETH,Counos Coin (CCA) is a cryptocurrency. Users are able to generate CCA through the process of mining.,CCC,https://counos.io/
CCA-EUR,CounosCoin EUR,CCA,EUR,Counos Coin (CCA) is a cryptocurrency. Users are able to generate CCA through the process of mining.,CCC,https://counos.io/
CCA-GBP,CounosCoin GBP,CCA,GBP,Counos Coin (CCA) is a cryptocurrency. Users are able to generate CCA through the process of mining.,CCC,https://counos.io/
CCA-INR,CounosCoin INR,CCA,INR,Counos Coin (CCA) is a cryptocurrency. Users are able to generate CCA through the process of mining.,CCC,https://counos.io/
CCA-JPY,CounosCoin JPY,CCA,JPY,Counos Coin (CCA) is a cryptocurrency. Users are able to generate CCA through the process of mining.,CCC,https://counos.io/
CCA-KRW,CounosCoin KRW,CCA,KRW,Counos Coin (CCA) is a cryptocurrency. Users are able to generate CCA through the process of mining.,CCC,https://counos.io/
CCA-RUB,CounosCoin RUB,CCA,RUB,Counos Coin (CCA) is a cryptocurrency. Users are able to generate CCA through the process of mining.,CCC,https://counos.io/
CCA-USD,CounosCoin USD,CCA,USD,Counos Coin (CCA) is a cryptocurrency. Users are able to generate CCA through the process of mining.,CCC,https://counos.io/
CCXX-AUD,CounosX AUD,CCXX,AUD,Counos X (CCXX) is a cryptocurrency. Users are able to generate CCXX through the process of mining.,CCC,https://www.counos.io/CounosX
CCXX-BTC,CounosX BTC,CCXX,BTC,Counos X (CCXX) is a cryptocurrency. Users are able to generate CCXX through the process of mining.,CCC,https://www.counos.io/CounosX
CCXX-CAD,CounosX CAD,CCXX,CAD,Counos X (CCXX) is a cryptocurrency. Users are able to generate CCXX through the process of mining.,CCC,https://www.counos.io/CounosX
CCXX-CNY,CounosX CNY,CCXX,CNY,Counos X (CCXX) is a cryptocurrency. Users are able to generate CCXX through the process of mining.,CCC,https://www.counos.io/CounosX
CCXX-ETH,CounosX ETH,CCXX,ETH,Counos X (CCXX) is a cryptocurrency. Users are able to generate CCXX through the process of mining.,CCC,https://www.counos.io/CounosX
CCXX-EUR,CounosX EUR,CCXX,EUR,Counos X (CCXX) is a cryptocurrency. Users are able to generate CCXX through the process of mining.,CCC,https://www.counos.io/CounosX
CCXX-GBP,CounosX GBP,CCXX,GBP,Counos X (CCXX) is a cryptocurrency. Users are able to generate CCXX through the process of mining.,CCC,https://www.counos.io/CounosX
CCXX-INR,CounosX INR,CCXX,INR,Counos X (CCXX) is a cryptocurrency. Users are able to generate CCXX through the process of mining.,CCC,https://www.counos.io/CounosX
CCXX-JPY,CounosX JPY,CCXX,JPY,Counos X (CCXX) is a cryptocurrency. Users are able to generate CCXX through the process of mining.,CCC,https://www.counos.io/CounosX
CCXX-KRW,CounosX KRW,CCXX,KRW,Counos X (CCXX) is a cryptocurrency. Users are able to generate CCXX through the process of mining.,CCC,https://www.counos.io/CounosX
CCXX-RUB,CounosX RUB,CCXX,RUB,Counos X (CCXX) is a cryptocurrency. Users are able to generate CCXX through the process of mining.,CCC,https://www.counos.io/CounosX
CCXX-USD,CounosX USD,CCXX,USD,Counos X (CCXX) is a cryptocurrency. Users are able to generate CCXX through the process of mining.,CCC,https://www.counos.io/CounosX
CEL-JPY,Celsius JPY,CEL,JPY,Celsius (CEL) is a cryptocurrency and operates on the Ethereum platform.,CCC,https://celsius.network/
CEL-KRW,Celsius KRW,CEL,KRW,Celsius (CEL) is a cryptocurrency and operates on the Ethereum platform.,CCC,https://celsius.network/
CEL-RUB,Celsius RUB,CEL,RUB,Celsius (CEL) is a cryptocurrency and operates on the Ethereum platform.,CCC,https://celsius.network/
CEL-USD,Celsius USD,CEL,USD,Celsius (CEL) is a cryptocurrency and operates on the Ethereum platform.,CCC,https://celsius.network/
CELO-ETH,Celo ETH,CELO,ETH,Celo (CELO) is a cryptocurrency.,CCC,https://celo.org/
CELO-EUR,Celo EUR,CELO,EUR,Celo (CELO) is a cryptocurrency.,CCC,https://celo.org/
CELO-GBP,Celo GBP,CELO,GBP,Celo (CELO) is a cryptocurrency.,CCC,https://celo.org/
CELO-INR,Celo INR,CELO,INR,Celo (CELO) is a cryptocurrency.,CCC,https://celo.org/
CELO-JPY,Celo JPY,CELO,JPY,Celo (CELO) is a cryptocurrency.,CCC,https://celo.org/
CELO-KRW,Celo KRW,CELO,KRW,Celo (CELO) is a cryptocurrency.,CCC,https://celo.org/
CELO-RUB,Celo RUB,CELO,RUB,Celo (CELO) is a cryptocurrency.,CCC,https://celo.org/
CELO-USD,Celo USD,CELO,USD,Celo (CELO) is a cryptocurrency.,CCC,https://celo.org/
CET-CAD,CoinExToken CAD,CET,CAD,CoinEx Token (CET) is a cryptocurrency.,CCC,https://www.coinex.org/
CET-CNY,CoinExToken CNY,CET,CNY,CoinEx Token (CET) is a cryptocurrency.,CCC,https://www.coinex.org/
CET-ETH,CoinExToken ETH,CET,ETH,CoinEx Token (CET) is a cryptocurrency.,CCC,https://www.coinex.org/
CET-EUR,CoinExToken EUR,CET,EUR,CoinEx Token (CET) is a cryptocurrency.,CCC,https://www.coinex.org/
CET-GBP,CoinExToken GBP,CET,GBP,CoinEx Token (CET) is a cryptocurrency.,CCC,https://www.coinex.org/
CET-INR,CoinExToken INR,CET,INR,CoinEx Token (CET) is a cryptocurrency.,CCC,https://www.coinex.org/
CET-JPY,CoinExToken JPY,CET,JPY,CoinEx Token (CET) is a cryptocurrency.,CCC,https://www.coinex.org/
CET-KRW,CoinExToken KRW,CET,KRW,CoinEx Token (CET) is a cryptocurrency.,CCC,https://www.coinex.org/
CET-RUB,CoinExToken RUB,CET,RUB,CoinEx Token (CET) is a cryptocurrency.,CCC,https://www.coinex.org/
CET-USD,CoinExToken USD,CET,USD,CoinEx Token (CET) is a cryptocurrency.,CCC,https://www.coinex.org/
CHI-CNY,Xaya CNY,CHI,CNY,Xaya (CHI) is a cryptocurrency.,CCC,https://xaya.io/
CHI-ETH,Xaya ETH,CHI,ETH,Xaya (CHI) is a cryptocurrency.,CCC,https://xaya.io/
CHI-EUR,Xaya EUR,CHI,EUR,Xaya (CHI) is a cryptocurrency.,CCC,https://xaya.io/
CHI-GBP,Xaya GBP,CHI,GBP,Xaya (CHI) is a cryptocurrency.,CCC,https://xaya.io/
CHI-INR,Xaya INR,CHI,INR,Xaya (CHI) is a cryptocurrency.,CCC,https://xaya.io/
CHI-JPY,Xaya JPY,CHI,JPY,Xaya (CHI) is a cryptocurrency.,CCC,https://xaya.io/
CHI-KRW,Xaya KRW,CHI,KRW,Xaya (CHI) is a cryptocurrency.,CCC,https://xaya.io/
CHI-RUB,Xaya RUB,CHI,RUB,Xaya (CHI) is a cryptocurrency.,CCC,https://xaya.io/
CHI-USD,Xaya USD,CHI,USD,Xaya (CHI) is a cryptocurrency.,CCC,https://xaya.io/
CHZ-CAD,Chiliz CAD,CHZ,CAD,Chiliz (CHZ) is a cryptocurrency and operates on the Ethereum platform.,CCC,https://www.chiliz.com/
CHZ-CNY,Chiliz CNY,CHZ,CNY,Chiliz (CHZ) is a cryptocurrency and operates on the Ethereum platform.,CCC,https://www.chiliz.com/
CHZ-ETH,Chiliz ETH,CHZ,ETH,Chiliz (CHZ) is a cryptocurrency and operates on the Ethereum platform.,CCC,https://www.chiliz.com/
CHZ-EUR,Chiliz EUR,CHZ,EUR,Chiliz (CHZ) is a cryptocurrency and operates on the Ethereum platform.,CCC,https://www.chiliz.com/
CHZ-GBP,Chiliz GBP,CHZ,GBP,Chiliz (CHZ) is a cryptocurrency and operates on the Ethereum platform.,CCC,https://www.chiliz.com/
CHZ-INR,Chiliz INR,CHZ,INR,Chiliz (CHZ) is a cryptocurrency and operates on the Ethereum platform.,CCC,https://www.chiliz.com/
CHZ-JPY,Chiliz JPY,CHZ,JPY,Chiliz (CHZ) is a cryptocurrency and operates on the Ethereum platform.,CCC,https://www.chiliz.com/
CHZ-KRW,Chiliz KRW,CHZ,KRW,Chiliz (CHZ) is a cryptocurrency and operates on the Ethereum platform.,CCC,https://www.chiliz.com/
CHZ-RUB,Chiliz RUB,CHZ,RUB,Chiliz (CHZ) is a cryptocurrency and operates on the Ethereum platform.,CCC,https://www.chiliz.com/
CHZ-USD,Chiliz USD,CHZ,USD,Chiliz (CHZ) is a cryptocurrency and operates on the Ethereum platform.,CCC,https://www.chiliz.com/
CKB-BTC,NervosNetwork BTC,CKB,BTC,Nervos Network (CKB) is a cryptocurrency.,CCC,http://nervos.org/
CKB-CAD,NervosNetwork CAD,CKB,CAD,Nervos Network (CKB) is a cryptocurrency.,CCC,http://nervos.org/
CKB-CNY,NervosNetwork CNY,CKB,CNY,Nervos Network (CKB) is a cryptocurrency.,CCC,http://nervos.org/
CKB-ETH,NervosNetwork ETH,CKB,ETH,Nervos Network (CKB) is a cryptocurrency.,CCC,http://nervos.org/
CKB-EUR,NervosNetwork EUR,CKB,EUR,Nervos Network (CKB) is a cryptocurrency.,CCC,http://nervos.org/
CKB-GBP,NervosNetwork GBP,CKB,GBP,Nervos Network (CKB) is a cryptocurrency.,CCC,http://nervos.org/
CKB-INR,NervosNetwork INR,CKB,INR,Nervos Network (CKB) is a cryptocurrency.,CCC,http://nervos.org/
CKB-JPY,NervosNetwork JPY,CKB,JPY,Nervos Network (CKB) is a cryptocurrency.,CCC,http://nervos.org/
CKB-KRW,NervosNetwork KRW,CKB,KRW,Nervos Network (CKB) is a cryptocurrency.,CCC,http://nervos.org/
CKB-RUB,NervosNetwork RUB,CKB,RUB,Nervos Network (CKB) is a cryptocurrency.,CCC,http://nervos.org/
CKB-USD,NervosNetwork USD,CKB,USD,Nervos Network (CKB) is a cryptocurrency.,CCC,http://nervos.org/
CLAM-CAD,Clams CAD,CLAM,CAD,Clams (CLAM) is a cryptocurrency.,CCC,http://clamcoin.org/
CLAM-CNY,Clams CNY,CLAM,CNY,Clams (CLAM) is a cryptocurrency.,CCC,http://clamcoin.org/
CLAM-ETH,Clams ETH,CLAM,ETH,Clams (CLAM) is a cryptocurrency.,CCC,http://clamcoin.org/
CLAM-EUR,Clams EUR,CLAM,EUR,Clams (CLAM) is a cryptocurrency.,CCC,http://clamcoin.org/
CLAM-GBP,Clams GBP,CLAM,GBP,Clams (CLAM) is a cryptocurrency.,CCC,http://clamcoin.org/
CLAM-INR,Clams INR,CLAM,INR,Clams (CLAM) is a cryptocurrency.,CCC,http://clamcoin.org/
CLAM-JPY,Clams JPY,CLAM,JPY,Clams (CLAM) is a cryptocurrency.,CCC,http://clamcoin.org/
CLAM-KRW,Clams KRW,CLAM,KRW,Clams (CLAM) is a cryptocurrency.,CCC,http://clamcoin.org/
CLAM-RUB,Clams RUB,CLAM,RUB,Clams (CLAM) is a cryptocurrency.,CCC,http://clamcoin.org/
CLAM-USD,Clams USD,CLAM,USD,Clams (CLAM) is a cryptocurrency.,CCC,http://clamcoin.org/
CMT1-BTC,CyberMiles BTC,CMT1,BTC,CyberMiles (CMT) is a cryptocurrency.,CCC,https://www.cybermiles.io/
CMT1-CAD,CyberMiles CAD,CMT1,CAD,CyberMiles (CMT) is a cryptocurrency.,CCC,https://www.cybermiles.io/
CMT1-CNY,CyberMiles CNY,CMT1,CNY,CyberMiles (CMT) is a cryptocurrency.,CCC,https://www.cybermiles.io/
CMT1-ETH,CyberMiles ETH,CMT1,ETH,CyberMiles (CMT) is a cryptocurrency.,CCC,https://www.cybermiles.io/
CMT1-EUR,CyberMiles EUR,CMT1,EUR,CyberMiles (CMT) is a cryptocurrency.,CCC,https://www.cybermiles.io/
CMT1-GBP,CyberMiles GBP,CMT1,GBP,CyberMiles (CMT) is a cryptocurrency.,CCC,https://www.cybermiles.io/
CMT1-INR,CyberMiles INR,CMT1,INR,CyberMiles (CMT) is a cryptocurrency.,CCC,https://www.cybermiles.io/
CMT1-JPY,CyberMiles JPY,CMT1,JPY,CyberMiles (CMT) is a cryptocurrency.,CCC,https://www.cybermiles.io/
CMT1-KRW,CyberMiles KRW,CMT1,KRW,CyberMiles (CMT) is a cryptocurrency.,CCC,https://www.cybermiles.io/
CMT1-RUB,CyberMiles RUB,CMT1,RUB,CyberMiles (CMT) is a cryptocurrency.,CCC,https://www.cybermiles.io/
CMT1-USD,CyberMiles USD,CMT1,USD,CyberMiles (CMT) is a cryptocurrency.,CCC,https://www.cybermiles.io/
CNX-BTC,Cryptonex BTC,CNX,BTC,Cryptonex (CNX) is a cryptocurrency. Users are able to generate CNX through the process of mining.,CCC,https://cryptonex.org/
CNX-CAD,Cryptonex CAD,CNX,CAD,Cryptonex (CNX) is a cryptocurrency. Users are able to generate CNX through the process of mining.,CCC,https://cryptonex.org/
CNX-CNY,Cryptonex CNY,CNX,CNY,Cryptonex (CNX) is a cryptocurrency. Users are able to generate CNX through the process of mining.,CCC,https://cryptonex.org/
CNX-ETH,Cryptonex ETH,CNX,ETH,Cryptonex (CNX) is a cryptocurrency. Users are able to generate CNX through the process of mining.,CCC,https://cryptonex.org/
CNX-EUR,Cryptonex EUR,CNX,EUR,Cryptonex (CNX) is a cryptocurrency. Users are able to generate CNX through the process of mining.,CCC,https://cryptonex.org/
CNX-GBP,Cryptonex GBP,CNX,GBP,Cryptonex (CNX) is a cryptocurrency. Users are able to generate CNX through the process of mining.,CCC,https://cryptonex.org/
CNX-INR,Cryptonex INR,CNX,INR,Cryptonex (CNX) is a cryptocurrency. Users are able to generate CNX through the process of mining.,CCC,https://cryptonex.org/
CNX-JPY,Cryptonex JPY,CNX,JPY,Cryptonex (CNX) is a cryptocurrency. Users are able to generate CNX through the process of mining.,CCC,https://cryptonex.org/
CNX-KRW,Cryptonex KRW,CNX,KRW,Cryptonex (CNX) is a cryptocurrency. Users are able to generate CNX through the process of mining.,CCC,https://cryptonex.org/
CNX-RUB,Cryptonex RUB,CNX,RUB,Cryptonex (CNX) is a cryptocurrency. Users are able to generate CNX through the process of mining.,CCC,https://cryptonex.org/
COLX-CAD,ColossusXT CAD,COLX,CAD,ColossusXT (COLX) is a cryptocurrency. Users are able to generate COLX through the process of mining.,CCC,http://colossusxt.io
COLX-CNY,ColossusXT CNY,COLX,CNY,ColossusXT (COLX) is a cryptocurrency. Users are able to generate COLX through the process of mining.,CCC,http://colossusxt.io
COLX-ETH,ColossusXT ETH,COLX,ETH,ColossusXT (COLX) is a cryptocurrency. Users are able to generate COLX through the process of mining.,CCC,http://colossusxt.io
COLX-EUR,ColossusXT EUR,COLX,EUR,ColossusXT (COLX) is a cryptocurrency. Users are able to generate COLX through the process of mining.,CCC,http://colossusxt.io
COLX-GBP,ColossusXT GBP,COLX,GBP,ColossusXT (COLX) is a cryptocurrency. Users are able to generate COLX through the process of mining.,CCC,http://colossusxt.io
COLX-INR,ColossusXT INR,COLX,INR,ColossusXT (COLX) is a cryptocurrency. Users are able to generate COLX through the process of mining.,CCC,http://colossusxt.io
COLX-JPY,ColossusXT JPY,COLX,JPY,ColossusXT (COLX) is a cryptocurrency. Users are able to generate COLX through the process of mining.,CCC,http://colossusxt.io
COLX-KRW,ColossusXT KRW,COLX,KRW,ColossusXT (COLX) is a cryptocurrency. Users are able to generate COLX through the process of mining.,CCC,http://colossusxt.io
COLX-RUB,ColossusXT RUB,COLX,RUB,ColossusXT (COLX) is a cryptocurrency. Users are able to generate COLX through the process of mining.,CCC,http://colossusxt.io
COLX-USD,ColossusXT USD,COLX,USD,ColossusXT (COLX) is a cryptocurrency. Users are able to generate COLX through the process of mining.,CCC,http://colossusxt.io
COMP-EUR,Compound EUR,COMP,EUR,Compound (COMP) is a cryptocurrency and operates on the Ethereum platform.,CCC,https://compound.finance/governance/comp
COMP-USD,Compound USD,COMP,USD,Compound (COMP) is a cryptocurrency and operates on the Ethereum platform.,CCC,https://compound.finance/governance/comp
COMP1-BTC,CompoundCoin BTC,COMP1,BTC,Compound Coin (COMP) is a cryptocurrency. Users are able to generate COMP through the process of mining.,CCC,http://compound-coin.cc
COMP1-CNY,CompoundCoin CNY,COMP1,CNY,Compound Coin (COMP) is a cryptocurrency. Users are able to generate COMP through the process of mining.,CCC,http://compound-coin.cc
COMP1-ETH,CompoundCoin ETH,COMP1,ETH,Compound Coin (COMP) is a cryptocurrency. Users are able to generate COMP through the process of mining.,CCC,http://compound-coin.cc
COMP1-EUR,CompoundCoin EUR,COMP1,EUR,Compound Coin (COMP) is a cryptocurrency. Users are able to generate COMP through the process of mining.,CCC,http://compound-coin.cc
COMP1-GBP,CompoundCoin GBP,COMP1,GBP,Compound Coin (COMP) is a cryptocurrency. Users are able to generate COMP through the process of mining.,CCC,http://compound-coin.cc
COMP1-INR,CompoundCoin INR,COMP1,INR,Compound Coin (COMP) is a cryptocurrency. Users are able to generate COMP through the process of mining.,CCC,http://compound-coin.cc
COMP1-JPY,CompoundCoin JPY,COMP1,JPY,Compound Coin (COMP) is a cryptocurrency. Users are able to generate COMP through the process of mining.,CCC,http://compound-coin.cc
COMP1-KRW,CompoundCoin KRW,COMP1,KRW,Compound Coin (COMP) is a cryptocurrency. Users are able to generate COMP through the process of mining.,CCC,http://compound-coin.cc
COMP1-RUB,CompoundCoin RUB,COMP1,RUB,Compound Coin (COMP) is a cryptocurrency. Users are able to generate COMP through the process of mining.,CCC,http://compound-coin.cc
COMP1-USD,CompoundCoin USD,COMP1,USD,Compound Coin (COMP) is a cryptocurrency. Users are able to generate COMP through the process of mining.,CCC,http://compound-coin.cc
COTI-EUR,COTI EUR,COTI,EUR,COTI (COTI) is a cryptocurrency.,CCC,https://coti.io/
COTI-GBP,COTI GBP,COTI,GBP,COTI (COTI) is a cryptocurrency.,CCC,https://coti.io/
COTI-INR,COTI INR,COTI,INR,COTI (COTI) is a cryptocurrency.,CCC,https://coti.io/
COTI-JPY,COTI JPY,COTI,JPY,COTI (COTI) is a cryptocurrency.,CCC,https://coti.io/
COTI-KRW,COTI KRW,COTI,KRW,COTI (COTI) is a cryptocurrency.,CCC,https://coti.io/
COTI-RUB,COTI RUB,COTI,RUB,COTI (COTI) is a cryptocurrency.,CCC,https://coti.io/
COTI-USD,COTI USD,COTI,USD,COTI (COTI) is a cryptocurrency.,CCC,https://coti.io/
CPS-BTC,Capricoin BTC,CPS,BTC,Capricoin+ (CPS) is a cryptocurrency.,CCC,http://capricoin.org/
CPS-CAD,Capricoin CAD,CPS,CAD,Capricoin+ (CPS) is a cryptocurrency.,CCC,http://capricoin.org/
CPS-CNY,Capricoin CNY,CPS,CNY,Capricoin+ (CPS) is a cryptocurrency.,CCC,http://capricoin.org/
CPS-ETH,Capricoin ETH,CPS,ETH,Capricoin+ (CPS) is a cryptocurrency.,CCC,http://capricoin.org/
CPS-EUR,Capricoin EUR,CPS,EUR,Capricoin+ (CPS) is a cryptocurrency.,CCC,http://capricoin.org/
CPS-GBP,Capricoin GBP,CPS,GBP,Capricoin+ (CPS) is a cryptocurrency.,CCC,http://capricoin.org/
CPS-INR,Capricoin INR,CPS,INR,Capricoin+ (CPS) is a cryptocurrency.,CCC,http://capricoin.org/
CPS-JPY,Capricoin JPY,CPS,JPY,Capricoin+ (CPS) is a cryptocurrency.,CCC,http://capricoin.org/
CPS-KRW,Capricoin KRW,CPS,KRW,Capricoin+ (CPS) is a cryptocurrency.,CCC,http://capricoin.org/
CPS-RUB,Capricoin RUB,CPS,RUB,Capricoin+ (CPS) is a cryptocurrency.,CCC,http://capricoin.org/
CRO-AUD,CryptocomCoin AUD,CRO,AUD,Crypto.com Coin (CRO) is a cryptocurrency and operates on the Ethereum platform.,CCC,https://www.crypto.com/en/chain
CRO-BTC,CryptocomCoin BTC,CRO,BTC,Crypto.com Coin (CRO) is a cryptocurrency and operates on the Ethereum platform.,CCC,https://www.crypto.com/en/chain
CRO-CAD,CryptocomCoin CAD,CRO,CAD,Crypto.com Coin (CRO) is a cryptocurrency and operates on the Ethereum platform.,CCC,https://www.crypto.com/en/chain
CRO-ETH,CryptocomCoin ETH,CRO,ETH,Crypto.com Coin (CRO) is a cryptocurrency and operates on the Ethereum platform.,CCC,https://www.crypto.com/en/chain
CRO-EUR,CryptocomCoin EUR,CRO,EUR,Crypto.com Coin (CRO) is a cryptocurrency and operates on the Ethereum platform.,CCC,https://www.crypto.com/en/chain
CRO-GBP,CryptocomCoin GBP,CRO,GBP,Crypto.com Coin (CRO) is a cryptocurrency and operates on the Ethereum platform.,CCC,https://www.crypto.com/en/chain
CRO-INR,CryptocomCoin INR,CRO,INR,Crypto.com Coin (CRO) is a cryptocurrency and operates on the Ethereum platform.,CCC,https://www.crypto.com/en/chain
CRO-JPY,CryptocomCoin JPY,CRO,JPY,Crypto.com Coin (CRO) is a cryptocurrency and operates on the Ethereum platform.,CCC,https://www.crypto.com/en/chain
CRO-KRW,CryptocomCoin KRW,CRO,KRW,Crypto.com Coin (CRO) is a cryptocurrency and operates on the Ethereum platform.,CCC,https://www.crypto.com/en/chain
CRO-RUB,CryptocomCoin RUB,CRO,RUB,Crypto.com Coin (CRO) is a cryptocurrency and operates on the Ethereum platform.,CCC,https://www.crypto.com/en/chain
CRO-USD,CryptocomCoin USD,CRO,USD,Crypto.com Coin (CRO) is a cryptocurrency and operates on the Ethereum platform.,CCC,https://www.crypto.com/en/chain
CRU-CAD,Crust CAD,CRU,CAD,Crust (CRU) is a cryptocurrency.,CCC,https://www.crust.network/
CRU-CNY,Crust CNY,CRU,CNY,Crust (CRU) is a cryptocurrency.,CCC,https://www.crust.network/
CRU-ETH,Crust ETH,CRU,ETH,Crust (CRU) is a cryptocurrency.,CCC,https://www.crust.network/
CRU-EUR,Crust EUR,CRU,EUR,Crust (CRU) is a cryptocurrency.,CCC,https://www.crust.network/
CRU-GBP,Crust GBP,CRU,GBP,Crust (CRU) is a cryptocurrency.,CCC,https://www.crust.network/
CRU-INR,Crust INR,CRU,INR,Crust (CRU) is a cryptocurrency.,CCC,https://www.crust.network/
CRU-JPY,Crust JPY,CRU,JPY,Crust (CRU) is a cryptocurrency.,CCC,https://www.crust.network/
CRU-KRW,Crust KRW,CRU,KRW,Crust (CRU) is a cryptocurrency.,CCC,https://www.crust.network/
CRU-RUB,Crust RUB,CRU,RUB,Crust (CRU) is a cryptocurrency.,CCC,https://www.crust.network/
CRU-USD,Crust USD,CRU,USD,Crust (CRU) is a cryptocurrency.,CCC,https://www.crust.network/
CRV-BTC,CurveDAOToken BTC,CRV,BTC,Curve DAO Token (CRV) is a cryptocurrency and operates on the Ethereum platform.,CCC,https://guides.curve.fi/everything-you-need-to-know-about-crv/
CRV-CAD,CurveDAOToken CAD,CRV,CAD,Curve DAO Token (CRV) is a cryptocurrency and operates on the Ethereum platform.,CCC,https://guides.curve.fi/everything-you-need-to-know-about-crv/
CRV-CNY,CurveDAOToken CNY,CRV,CNY,Curve DAO Token (CRV) is a cryptocurrency and operates on the Ethereum platform.,CCC,https://guides.curve.fi/everything-you-need-to-know-about-crv/
CRV-ETH,CurveDAOToken ETH,CRV,ETH,Curve DAO Token (CRV) is a cryptocurrency and operates on the Ethereum platform.,CCC,https://guides.curve.fi/everything-you-need-to-know-about-crv/
CRV-EUR,CurveDAOToken EUR,CRV,EUR,Curve DAO Token (CRV) is a cryptocurrency and operates on the Ethereum platform.,CCC,https://guides.curve.fi/everything-you-need-to-know-about-crv/
CRV-GBP,CurveDAOToken GBP,CRV,GBP,Curve DAO Token (CRV) is a cryptocurrency and operates on the Ethereum platform.,CCC,https://guides.curve.fi/everything-you-need-to-know-about-crv/
CRV-INR,CurveDAOToken INR,CRV,INR,Curve DAO Token (CRV) is a cryptocurrency and operates on the Ethereum platform.,CCC,https://guides.curve.fi/everything-you-need-to-know-about-crv/
CRV-JPY,CurveDAOToken JPY,CRV,JPY,Curve DAO Token (CRV) is a cryptocurrency and operates on the Ethereum platform.,CCC,https://guides.curve.fi/everything-you-need-to-know-about-crv/
CRV-KRW,CurveDAOToken KRW,CRV,KRW,Curve DAO Token (CRV) is a cryptocurrency and operates on the Ethereum platform.,CCC,https://guides.curve.fi/everything-you-need-to-know-about-crv/
CRV-RUB,CurveDAOToken RUB,CRV,RUB,Curve DAO Token (CRV) is a cryptocurrency and operates on the Ethereum platform.,CCC,https://guides.curve.fi/everything-you-need-to-know-about-crv/
CRV-USD,CurveDAOToken USD,CRV,USD,Curve DAO Token (CRV) is a cryptocurrency and operates on the Ethereum platform.,CCC,https://guides.curve.fi/everything-you-need-to-know-about-crv/
CSC-BTC,CasinoCoin BTC,CSC,BTC,CasinoCoin (CSC) is a cryptocurrency launched in 2018.,CCC,http://casinocoin.org/
CSC-CAD,CasinoCoin CAD,CSC,CAD,CasinoCoin (CSC) is a cryptocurrency launched in 2018.,CCC,http://casinocoin.org/
CSC-CNY,CasinoCoin CNY,CSC,CNY,CasinoCoin (CSC) is a cryptocurrency launched in 2018.,CCC,http://casinocoin.org/
CSC-ETH,CasinoCoin ETH,CSC,ETH,CasinoCoin (CSC) is a cryptocurrency launched in 2018.,CCC,http://casinocoin.org/
CSC-EUR,CasinoCoin EUR,CSC,EUR,CasinoCoin (CSC) is a cryptocurrency launched in 2018.,CCC,http://casinocoin.org/
CSC-GBP,CasinoCoin GBP,CSC,GBP,CasinoCoin (CSC) is a cryptocurrency launched in 2018.,CCC,http://casinocoin.org/
CSC-INR,CasinoCoin INR,CSC,INR,CasinoCoin (CSC) is a cryptocurrency launched in 2018.,CCC,http://casinocoin.org/
CSC-JPY,CasinoCoin JPY,CSC,JPY,CasinoCoin (CSC) is a cryptocurrency launched in 2018.,CCC,http://casinocoin.org/
CSC-KRW,CasinoCoin KRW,CSC,KRW,CasinoCoin (CSC) is a cryptocurrency launched in 2018.,CCC,http://casinocoin.org/
CSC-RUB,CasinoCoin RUB,CSC,RUB,CasinoCoin (CSC) is a cryptocurrency launched in 2018.,CCC,http://casinocoin.org/
CSC-USD,CasinoCoin USD,CSC,USD,CasinoCoin (CSC) is a cryptocurrency launched in 2018.,CCC,http://casinocoin.org/
CTC-BTC,CreditTagChain BTC,CTC,BTC,Credit Tag Chain (CTC) is a cryptocurrency. Users are able to generate CTC through the process of mining.,CCC,https://www.credittag.io/
CTC-CAD,CreditTagChain CAD,CTC,CAD,Credit Tag Chain (CTC) is a cryptocurrency. Users are able to generate CTC through the process of mining.,CCC,https://www.credittag.io/
CTC-CNY,CreditTagChain CNY,CTC,CNY,Credit Tag Chain (CTC) is a cryptocurrency. Users are able to generate CTC through the process of mining.,CCC,https://www.credittag.io/
CTC-ETH,CreditTagChain ETH,CTC,ETH,Credit Tag Chain (CTC) is a cryptocurrency. Users are able to generate CTC through the process of mining.,CCC,https://www.credittag.io/
CTC-EUR,CreditTagChain EUR,CTC,EUR,Credit Tag Chain (CTC) is a cryptocurrency. Users are able to generate CTC through the process of mining.,CCC,https://www.credittag.io/
CTC-GBP,CreditTagChain GBP,CTC,GBP,Credit Tag Chain (CTC) is a cryptocurrency. Users are able to generate CTC through the process of mining.,CCC,https://www.credittag.io/
CTC-INR,CreditTagChain INR,CTC,INR,Credit Tag Chain (CTC) is a cryptocurrency. Users are able to generate CTC through the process of mining.,CCC,https://www.credittag.io/
CTC-JPY,CreditTagChain JPY,CTC,JPY,Credit Tag Chain (CTC) is a cryptocurrency. Users are able to generate CTC through the process of mining.,CCC,https://www.credittag.io/
CTC-KRW,CreditTagChain KRW,CTC,KRW,Credit Tag Chain (CTC) is a cryptocurrency. Users are able to generate CTC through the process of mining.,CCC,https://www.credittag.io/
CTC-RUB,CreditTagChain RUB,CTC,RUB,Credit Tag Chain (CTC) is a cryptocurrency. Users are able to generate CTC through the process of mining.,CCC,https://www.credittag.io/
CTC1-CAD,Creditcoin CAD,CTC1,CAD,Creditcoin (CTC) is a cryptocurrency.,CCC,https://www.creditcoin.org
CTC1-CNY,Creditcoin CNY,CTC1,CNY,Creditcoin (CTC) is a cryptocurrency.,CCC,https://www.creditcoin.org
CTC1-ETH,Creditcoin ETH,CTC1,ETH,Creditcoin (CTC) is a cryptocurrency.,CCC,https://www.creditcoin.org
CTC1-EUR,Creditcoin EUR,CTC1,EUR,Creditcoin (CTC) is a cryptocurrency.,CCC,https://www.creditcoin.org
CTC1-GBP,Creditcoin GBP,CTC1,GBP,Creditcoin (CTC) is a cryptocurrency.,CCC,https://www.creditcoin.org
CTC1-INR,Creditcoin INR,CTC1,INR,Creditcoin (CTC) is a cryptocurrency.,CCC,https://www.creditcoin.org
CTC1-JPY,Creditcoin JPY,CTC1,JPY,Creditcoin (CTC) is a cryptocurrency.,CCC,https://www.creditcoin.org
CTC1-KRW,Creditcoin KRW,CTC1,KRW,Creditcoin (CTC) is a cryptocurrency.,CCC,https://www.creditcoin.org
CTC1-RUB,Creditcoin RUB,CTC1,RUB,Creditcoin (CTC) is a cryptocurrency.,CCC,https://www.creditcoin.org
CTC1-USD,Creditcoin USD,CTC1,USD,Creditcoin (CTC) is a cryptocurrency.,CCC,https://www.creditcoin.org
CTXC-CAD,Cortex CAD,CTXC,CAD,Cortex (CTXC) is a cryptocurrency. Users are able to generate CTXC through the process of mining.,CCC,http://www.cortexlabs.ai/
CTXC-CNY,Cortex CNY,CTXC,CNY,Cortex (CTXC) is a cryptocurrency. Users are able to generate CTXC through the process of mining.,CCC,http://www.cortexlabs.ai/
CTXC-ETH,Cortex ETH,CTXC,ETH,Cortex (CTXC) is a cryptocurrency. Users are able to generate CTXC through the process of mining.,CCC,http://www.cortexlabs.ai/
CTXC-EUR,Cortex EUR,CTXC,EUR,Cortex (CTXC) is a cryptocurrency. Users are able to generate CTXC through the process of mining.,CCC,http://www.cortexlabs.ai/
CTXC-GBP,Cortex GBP,CTXC,GBP,Cortex (CTXC) is a cryptocurrency. Users are able to generate CTXC through the process of mining.,CCC,http://www.cortexlabs.ai/
CTXC-INR,Cortex INR,CTXC,INR,Cortex (CTXC) is a cryptocurrency. Users are able to generate CTXC through the process of mining.,CCC,http://www.cortexlabs.ai/
CTXC-JPY,Cortex JPY,CTXC,JPY,Cortex (CTXC) is a cryptocurrency. Users are able to generate CTXC through the process of mining.,CCC,http://www.cortexlabs.ai/
CTXC-KRW,Cortex KRW,CTXC,KRW,Cortex (CTXC) is a cryptocurrency. Users are able to generate CTXC through the process of mining.,CCC,http://www.cortexlabs.ai/
CTXC-RUB,Cortex RUB,CTXC,RUB,Cortex (CTXC) is a cryptocurrency. Users are able to generate CTXC through the process of mining.,CCC,http://www.cortexlabs.ai/
CTXC-USD,Cortex USD,CTXC,USD,Cortex (CTXC) is a cryptocurrency. Users are able to generate CTXC through the process of mining.,CCC,http://www.cortexlabs.ai/
CURE-CAD,Curecoin CAD,CURE,CAD,Curecoin (CURE) is a cryptocurrency. Users are able to generate CURE through the process of mining.,CCC,https://curecoin.net/
CURE-CNY,Curecoin CNY,CURE,CNY,Curecoin (CURE) is a cryptocurrency. Users are able to generate CURE through the process of mining.,CCC,https://curecoin.net/
CURE-ETH,Curecoin ETH,CURE,ETH,Curecoin (CURE) is a cryptocurrency. Users are able to generate CURE through the process of mining.,CCC,https://curecoin.net/
CURE-EUR,Curecoin EUR,CURE,EUR,Curecoin (CURE) is a cryptocurrency. Users are able to generate CURE through the process of mining.,CCC,https://curecoin.net/
CURE-GBP,Curecoin GBP,CURE,GBP,Curecoin (CURE) is a cryptocurrency. Users are able to generate CURE through the process of mining.,CCC,https://curecoin.net/
CURE-INR,Curecoin INR,CURE,INR,Curecoin (CURE) is a cryptocurrency. Users are able to generate CURE through the process of mining.,CCC,https://curecoin.net/
CURE-JPY,Curecoin JPY,CURE,JPY,Curecoin (CURE) is a cryptocurrency. Users are able to generate CURE through the process of mining.,CCC,https://curecoin.net/
CURE-KRW,Curecoin KRW,CURE,KRW,Curecoin (CURE) is a cryptocurrency. Users are able to generate CURE through the process of mining.,CCC,https://curecoin.net/
CURE-RUB,Curecoin RUB,CURE,RUB,Curecoin (CURE) is a cryptocurrency. Users are able to generate CURE through the process of mining.,CCC,https://curecoin.net/
CURE-USD,Curecoin USD,CURE,USD,Curecoin (CURE) is a cryptocurrency. Users are able to generate CURE through the process of mining.,CCC,https://curecoin.net/
CUT-CAD,CUTcoin CAD,CUT,CAD,CUTcoin (CUT) is a cryptocurrency.,CCC,https://cutcoin.org
CUT-CNY,CUTcoin CNY,CUT,CNY,CUTcoin (CUT) is a cryptocurrency.,CCC,https://cutcoin.org
CUT-ETH,CUTcoin ETH,CUT,ETH,CUTcoin (CUT) is a cryptocurrency.,CCC,https://cutcoin.org
CUT-EUR,CUTcoin EUR,CUT,EUR,CUTcoin (CUT) is a cryptocurrency.,CCC,https://cutcoin.org
CUT-GBP,CUTcoin GBP,CUT,GBP,CUTcoin (CUT) is a cryptocurrency.,CCC,https://cutcoin.org
CUT-INR,CUTcoin INR,CUT,INR,CUTcoin (CUT) is a cryptocurrency.,CCC,https://cutcoin.org
CUT-JPY,CUTcoin JPY,CUT,JPY,CUTcoin (CUT) is a cryptocurrency.,CCC,https://cutcoin.org
CUT-KRW,CUTcoin KRW,CUT,KRW,CUTcoin (CUT) is a cryptocurrency.,CCC,https://cutcoin.org
CUT-RUB,CUTcoin RUB,CUT,RUB,CUTcoin (CUT) is a cryptocurrency.,CCC,https://cutcoin.org
CUT-USD,CUTcoin USD,CUT,USD,CUTcoin (CUT) is a cryptocurrency.,CCC,https://cutcoin.org
CVC-AUD,Civic AUD,CVC,AUD,Civic (CVC) is a cryptocurrency and operates on the Ethereum platform.,CCC,https://www.civic.com/
CVC-CNY,Civic CNY,CVC,CNY,Civic (CVC) is a cryptocurrency and operates on the Ethereum platform.,CCC,https://www.civic.com/
CVC-ETH,Civic ETH,CVC,ETH,Civic (CVC) is a cryptocurrency and operates on the Ethereum platform.,CCC,https://www.civic.com/
CVC-EUR,Civic EUR,CVC,EUR,Civic (CVC) is a cryptocurrency and operates on the Ethereum platform.,CCC,https://www.civic.com/
CVC-GBP,Civic GBP,CVC,GBP,Civic (CVC) is a cryptocurrency and operates on the Ethereum platform.,CCC,https://www.civic.com/
CVC-INR,Civic INR,CVC,INR,Civic (CVC) is a cryptocurrency and operates on the Ethereum platform.,CCC,https://www.civic.com/
CVC-JPY,Civic JPY,CVC,JPY,Civic (CVC) is a cryptocurrency and operates on the Ethereum platform.,CCC,https://www.civic.com/
CVC-KRW,Civic KRW,CVC,KRW,Civic (CVC) is a cryptocurrency and operates on the Ethereum platform.,CCC,https://www.civic.com/
CVC-RUB,Civic RUB,CVC,RUB,Civic (CVC) is a cryptocurrency and operates on the Ethereum platform.,CCC,https://www.civic.com/
CVC-USD,Civic USD,CVC,USD,Civic (CVC) is a cryptocurrency and operates on the Ethereum platform.,CCC,https://www.civic.com/
DAG-USD,Constellation USD,DAG,USD,Constellation (DAG) is a cryptocurrency.,CCC,https://www.constellationlabs.io/
DASH-BTC,Dash BTC,DASH,BTC,Dash (DASH) is a cryptocurrency. Users are able to generate DASH through the process of mining.,CCC,https://www.dash.org/
DASH-JPY,Dash JPY,DASH,JPY,Dash (DASH) is a cryptocurrency. Users are able to generate DASH through the process of mining.,CCC,https://www.dash.org/
DASH-KRW,Dash KRW,DASH,KRW,Dash (DASH) is a cryptocurrency. Users are able to generate DASH through the process of mining.,CCC,https://www.dash.org/
DASH-USD,Dash USD,DASH,USD,Dash (DASH) is a cryptocurrency. Users are able to generate DASH through the process of mining.,CCC,https://www.dash.org/
DCN-AUD,Dentacoin AUD,DCN,AUD,Dentacoin (DCN) is a cryptocurrency and operates on the Ethereum platform.,CCC,http://www.dentacoin.com/
DCN-CAD,Dentacoin CAD,DCN,CAD,Dentacoin (DCN) is a cryptocurrency and operates on the Ethereum platform.,CCC,http://www.dentacoin.com/
DCN-CNY,Dentacoin CNY,DCN,CNY,Dentacoin (DCN) is a cryptocurrency and operates on the Ethereum platform.,CCC,http://www.dentacoin.com/
DCN-ETH,Dentacoin ETH,DCN,ETH,Dentacoin (DCN) is a cryptocurrency and operates on the Ethereum platform.,CCC,http://www.dentacoin.com/
DCN-EUR,Dentacoin EUR,DCN,EUR,Dentacoin (DCN) is a cryptocurrency and operates on the Ethereum platform.,CCC,http://www.dentacoin.com/
DCN-GBP,Dentacoin GBP,DCN,GBP,Dentacoin (DCN) is a cryptocurrency and operates on the Ethereum platform.,CCC,http://www.dentacoin.com/
DCN-INR,Dentacoin INR,DCN,INR,Dentacoin (DCN) is a cryptocurrency and operates on the Ethereum platform.,CCC,http://www.dentacoin.com/
DCN-JPY,Dentacoin JPY,DCN,JPY,Dentacoin (DCN) is a cryptocurrency and operates on the Ethereum platform.,CCC,http://www.dentacoin.com/
DCN-RUB,Dentacoin RUB,DCN,RUB,Dentacoin (DCN) is a cryptocurrency and operates on the Ethereum platform.,CCC,http://www.dentacoin.com/
DCN-USD,Dentacoin USD,DCN,USD,Dentacoin (DCN) is a cryptocurrency and operates on the Ethereum platform.,CCC,http://www.dentacoin.com/
DCR-BTC,Decred BTC,DCR,BTC,Decred (DCR) is a cryptocurrency. Users are able to generate DCR through the process of mining.,CCC,https://www.decred.org/
DCR-CAD,Decred CAD,DCR,CAD,Decred (DCR) is a cryptocurrency. Users are able to generate DCR through the process of mining.,CCC,https://www.decred.org/
DCR-CNY,Decred CNY,DCR,CNY,Decred (DCR) is a cryptocurrency. Users are able to generate DCR through the process of mining.,CCC,https://www.decred.org/
DCR-ETH,Decred ETH,DCR,ETH,Decred (DCR) is a cryptocurrency. Users are able to generate DCR through the process of mining.,CCC,https://www.decred.org/
DCR-EUR,Decred EUR,DCR,EUR,Decred (DCR) is a cryptocurrency. Users are able to generate DCR through the process of mining.,CCC,https://www.decred.org/
DCR-GBP,Decred GBP,DCR,GBP,Decred (DCR) is a cryptocurrency. Users are able to generate DCR through the process of mining.,CCC,https://www.decred.org/
DCR-INR,Decred INR,DCR,INR,Decred (DCR) is a cryptocurrency. Users are able to generate DCR through the process of mining.,CCC,https://www.decred.org/
DCR-JPY,Decred JPY,DCR,JPY,Decred (DCR) is a cryptocurrency. Users are able to generate DCR through the process of mining.,CCC,https://www.decred.org/
DCR-KRW,Decred KRW,DCR,KRW,Decred (DCR) is a cryptocurrency. Users are able to generate DCR through the process of mining.,CCC,https://www.decred.org/
DCR-USD,Decred USD,DCR,USD,Decred (DCR) is a cryptocurrency. Users are able to generate DCR through the process of mining.,CCC,https://www.decred.org/
DCY-CAD,Dinastycoin CAD,DCY,CAD,Dinastycoin (DCY) is a cryptocurrency. Users are able to generate DCY through the process of mining.,CCC,http://www.dinastycoin.com/
DCY-CNY,Dinastycoin CNY,DCY,CNY,Dinastycoin (DCY) is a cryptocurrency. Users are able to generate DCY through the process of mining.,CCC,http://www.dinastycoin.com/
DCY-ETH,Dinastycoin ETH,DCY,ETH,Dinastycoin (DCY) is a cryptocurrency. Users are able to generate DCY through the process of mining.,CCC,http://www.dinastycoin.com/
DCY-EUR,Dinastycoin EUR,DCY,EUR,Dinastycoin (DCY) is a cryptocurrency. Users are able to generate DCY through the process of mining.,CCC,http://www.dinastycoin.com/
DCY-GBP,Dinastycoin GBP,DCY,GBP,Dinastycoin (DCY) is a cryptocurrency. Users are able to generate DCY through the process of mining.,CCC,http://www.dinastycoin.com/
DCY-INR,Dinastycoin INR,DCY,INR,Dinastycoin (DCY) is a cryptocurrency. Users are able to generate DCY through the process of mining.,CCC,http://www.dinastycoin.com/
DCY-JPY,Dinastycoin JPY,DCY,JPY,Dinastycoin (DCY) is a cryptocurrency. Users are able to generate DCY through the process of mining.,CCC,http://www.dinastycoin.com/
DCY-KRW,Dinastycoin KRW,DCY,KRW,Dinastycoin (DCY) is a cryptocurrency. Users are able to generate DCY through the process of mining.,CCC,http://www.dinastycoin.com/
DCY-RUB,Dinastycoin RUB,DCY,RUB,Dinastycoin (DCY) is a cryptocurrency. Users are able to generate DCY through the process of mining.,CCC,http://www.dinastycoin.com/
DCY-USD,Dinastycoin USD,DCY,USD,Dinastycoin (DCY) is a cryptocurrency. Users are able to generate DCY through the process of mining.,CCC,http://www.dinastycoin.com/
DDK-CAD,DDKoin CAD,DDK,CAD,DDKoin (DDK) is a cryptocurrency. Users are able to generate DDK through the process of mining.,CCC,https://ddkoin.com/
DDK-CNY,DDKoin CNY,DDK,CNY,DDKoin (DDK) is a cryptocurrency. Users are able to generate DDK through the process of mining.,CCC,https://ddkoin.com/
DDK-ETH,DDKoin ETH,DDK,ETH,DDKoin (DDK) is a cryptocurrency. Users are able to generate DDK through the process of mining.,CCC,https://ddkoin.com/
DDK-EUR,DDKoin EUR,DDK,EUR,DDKoin (DDK) is a cryptocurrency. Users are able to generate DDK through the process of mining.,CCC,https://ddkoin.com/
DDK-GBP,DDKoin GBP,DDK,GBP,DDKoin (DDK) is a cryptocurrency. Users are able to generate DDK through the process of mining.,CCC,https://ddkoin.com/
DDK-INR,DDKoin INR,DDK,INR,DDKoin (DDK) is a cryptocurrency. Users are able to generate DDK through the process of mining.,CCC,https://ddkoin.com/
DDK-JPY,DDKoin JPY,DDK,JPY,DDKoin (DDK) is a cryptocurrency. Users are able to generate DDK through the process of mining.,CCC,https://ddkoin.com/
DDK-KRW,DDKoin KRW,DDK,KRW,DDKoin (DDK) is a cryptocurrency. Users are able to generate DDK through the process of mining.,CCC,https://ddkoin.com/
DDK-RUB,DDKoin RUB,DDK,RUB,DDKoin (DDK) is a cryptocurrency. Users are able to generate DDK through the process of mining.,CCC,https://ddkoin.com/
DDK-USD,DDKoin USD,DDK,USD,DDKoin (DDK) is a cryptocurrency. Users are able to generate DDK through the process of mining.,CCC,https://ddkoin.com/
DERO-CAD,Dero CAD,DERO,CAD,Dero (DERO) is a cryptocurrency. Users are able to generate DERO through the process of mining.,CCC,https://dero.io
DERO-CNY,Dero CNY,DERO,CNY,Dero (DERO) is a cryptocurrency. Users are able to generate DERO through the process of mining.,CCC,https://dero.io
DERO-ETH,Dero ETH,DERO,ETH,Dero (DERO) is a cryptocurrency. Users are able to generate DERO through the process of mining.,CCC,https://dero.io
DERO-EUR,Dero EUR,DERO,EUR,Dero (DERO) is a cryptocurrency. Users are able to generate DERO through the process of mining.,CCC,https://dero.io
DERO-GBP,Dero GBP,DERO,GBP,Dero (DERO) is a cryptocurrency. Users are able to generate DERO through the process of mining.,CCC,https://dero.io
DERO-INR,Dero INR,DERO,INR,Dero (DERO) is a cryptocurrency. Users are able to generate DERO through the process of mining.,CCC,https://dero.io
DERO-JPY,Dero JPY,DERO,JPY,Dero (DERO) is a cryptocurrency. Users are able to generate DERO through the process of mining.,CCC,https://dero.io
DERO-KRW,Dero KRW,DERO,KRW,Dero (DERO) is a cryptocurrency. Users are able to generate DERO through the process of mining.,CCC,https://dero.io
DERO-RUB,Dero RUB,DERO,RUB,Dero (DERO) is a cryptocurrency. Users are able to generate DERO through the process of mining.,CCC,https://dero.io
DERO-USD,Dero USD,DERO,USD,Dero (DERO) is a cryptocurrency. Users are able to generate DERO through the process of mining.,CCC,https://dero.io
DEV-BTC,DeviantCoin BTC,DEV,BTC,DeviantCoin (DEV) is a cryptocurrency. Users are able to generate DEV through the process of mining.,CCC,https://deviantcoin.io/
DEV-CAD,DeviantCoin CAD,DEV,CAD,DeviantCoin (DEV) is a cryptocurrency. Users are able to generate DEV through the process of mining.,CCC,https://deviantcoin.io/
DEV-CNY,DeviantCoin CNY,DEV,CNY,DeviantCoin (DEV) is a cryptocurrency. Users are able to generate DEV through the process of mining.,CCC,https://deviantcoin.io/
DEV-ETH,DeviantCoin ETH,DEV,ETH,DeviantCoin (DEV) is a cryptocurrency. Users are able to generate DEV through the process of mining.,CCC,https://deviantcoin.io/
DEV-EUR,DeviantCoin EUR,DEV,EUR,DeviantCoin (DEV) is a cryptocurrency. Users are able to generate DEV through the process of mining.,CCC,https://deviantcoin.io/
DEV-GBP,DeviantCoin GBP,DEV,GBP,DeviantCoin (DEV) is a cryptocurrency. Users are able to generate DEV through the process of mining.,CCC,https://deviantcoin.io/
DEV-INR,DeviantCoin INR,DEV,INR,DeviantCoin (DEV) is a cryptocurrency. Users are able to generate DEV through the process of mining.,CCC,https://deviantcoin.io/
DEV-JPY,DeviantCoin JPY,DEV,JPY,DeviantCoin (DEV) is a cryptocurrency. Users are able to generate DEV through the process of mining.,CCC,https://deviantcoin.io/
DEV-KRW,DeviantCoin KRW,DEV,KRW,DeviantCoin (DEV) is a cryptocurrency. Users are able to generate DEV through the process of mining.,CCC,https://deviantcoin.io/
DEV-RUB,DeviantCoin RUB,DEV,RUB,DeviantCoin (DEV) is a cryptocurrency. Users are able to generate DEV through the process of mining.,CCC,https://deviantcoin.io/
DFI-BTC,DeFiChain BTC,DFI,BTC,DeFiChain (DFI) is a cryptocurrency.,CCC,https://defichain.com/
DFI-CAD,DeFiChain CAD,DFI,CAD,DeFiChain (DFI) is a cryptocurrency.,CCC,https://defichain.com/
DFI-CNY,DeFiChain CNY,DFI,CNY,DeFiChain (DFI) is a cryptocurrency.,CCC,https://defichain.com/
DFI-ETH,DeFiChain ETH,DFI,ETH,DeFiChain (DFI) is a cryptocurrency.,CCC,https://defichain.com/
DFI-EUR,DeFiChain EUR,DFI,EUR,DeFiChain (DFI) is a cryptocurrency.,CCC,https://defichain.com/
DFI-GBP,DeFiChain GBP,DFI,GBP,DeFiChain (DFI) is a cryptocurrency.,CCC,https://defichain.com/
DFI-INR,DeFiChain INR,DFI,INR,DeFiChain (DFI) is a cryptocurrency.,CCC,https://defichain.com/
DFI-JPY,DeFiChain JPY,DFI,JPY,DeFiChain (DFI) is a cryptocurrency.,CCC,https://defichain.com/
DFI-KRW,DeFiChain KRW,DFI,KRW,DeFiChain (DFI) is a cryptocurrency.,CCC,https://defichain.com/
DFI-RUB,DeFiChain RUB,DFI,RUB,DeFiChain (DFI) is a cryptocurrency.,CCC,https://defichain.com/
DFI-USD,DeFiChain USD,DFI,USD,DeFiChain (DFI) is a cryptocurrency.,CCC,https://defichain.com/
DGB-AUD,DigiByte AUD,DGB,AUD,DigiByte (DGB) is a cryptocurrency. Users are able to generate DGB through the process of mining.,CCC,https://digibyte.org/
DGB-BTC,DigiByte BTC,DGB,BTC,DigiByte (DGB) is a cryptocurrency. Users are able to generate DGB through the process of mining.,CCC,https://digibyte.org/
DGB-CAD,DigiByte CAD,DGB,CAD,DigiByte (DGB) is a cryptocurrency. Users are able to generate DGB through the process of mining.,CCC,https://digibyte.org/
DGB-CNY,DigiByte CNY,DGB,CNY,DigiByte (DGB) is a cryptocurrency. Users are able to generate DGB through the process of mining.,CCC,https://digibyte.org/
DGB-ETH,DigiByte ETH,DGB,ETH,DigiByte (DGB) is a cryptocurrency. Users are able to generate DGB through the process of mining.,CCC,https://digibyte.org/
DGB-EUR,DigiByte EUR,DGB,EUR,DigiByte (DGB) is a cryptocurrency. Users are able to generate DGB through the process of mining.,CCC,https://digibyte.org/
DGB-GBP,DigiByte GBP,DGB,GBP,DigiByte (DGB) is a cryptocurrency. Users are able to generate DGB through the process of mining.,CCC,https://digibyte.org/
DGB-INR,DigiByte INR,DGB,INR,DigiByte (DGB) is a cryptocurrency. Users are able to generate DGB through the process of mining.,CCC,https://digibyte.org/
DGB-JPY,DigiByte JPY,DGB,JPY,DigiByte (DGB) is a cryptocurrency. Users are able to generate DGB through the process of mining.,CCC,https://digibyte.org/
DGB-RUB,DigiByte RUB,DGB,RUB,DigiByte (DGB) is a cryptocurrency. Users are able to generate DGB through the process of mining.,CCC,https://digibyte.org/
DGB-USD,DigiByte USD,DGB,USD,DigiByte (DGB) is a cryptocurrency. Users are able to generate DGB through the process of mining.,CCC,https://digibyte.org/
DGD-BTC,DigixDAO BTC,DGD,BTC,DigixDAO (DGD) is a cryptocurrency and operates on the Ethereum platform.,CCC,https://digix.global/dgd/
DGD-CAD,DigixDAO CAD,DGD,CAD,DigixDAO (DGD) is a cryptocurrency and operates on the Ethereum platform.,CCC,https://digix.global/dgd/
DGD-CNY,DigixDAO CNY,DGD,CNY,DigixDAO (DGD) is a cryptocurrency and operates on the Ethereum platform.,CCC,https://digix.global/dgd/
DGD-EUR,DigixDAO EUR,DGD,EUR,DigixDAO (DGD) is a cryptocurrency and operates on the Ethereum platform.,CCC,https://digix.global/dgd/
DGD-GBP,DigixDAO GBP,DGD,GBP,DigixDAO (DGD) is a cryptocurrency and operates on the Ethereum platform.,CCC,https://digix.global/dgd/
DGD-INR,DigixDAO INR,DGD,INR,DigixDAO (DGD) is a cryptocurrency and operates on the Ethereum platform.,CCC,https://digix.global/dgd/
DGD-JPY,DigixDAO JPY,DGD,JPY,DigixDAO (DGD) is a cryptocurrency and operates on the Ethereum platform.,CCC,https://digix.global/dgd/
DGD-KRW,DigixDAO KRW,DGD,KRW,DigixDAO (DGD) is a cryptocurrency and operates on the Ethereum platform.,CCC,https://digix.global/dgd/
DGD-RUB,DigixDAO RUB,DGD,RUB,DigixDAO (DGD) is a cryptocurrency and operates on the Ethereum platform.,CCC,https://digix.global/dgd/
DGD-USD,DigixDAO USD,DGD,USD,DigixDAO (DGD) is a cryptocurrency and operates on the Ethereum platform.,CCC,https://digix.global/dgd/
DIME-CAD,Dimecoin CAD,DIME,CAD,Dimecoin (DIME) is a cryptocurrency. Users are able to generate DIME through the process of mining.,CCC,https://www.dimecoinnetwork.com/
DIME-CNY,Dimecoin CNY,DIME,CNY,Dimecoin (DIME) is a cryptocurrency. Users are able to generate DIME through the process of mining.,CCC,https://www.dimecoinnetwork.com/
DIME-ETH,Dimecoin ETH,DIME,ETH,Dimecoin (DIME) is a cryptocurrency. Users are able to generate DIME through the process of mining.,CCC,https://www.dimecoinnetwork.com/
DIME-EUR,Dimecoin EUR,DIME,EUR,Dimecoin (DIME) is a cryptocurrency. Users are able to generate DIME through the process of mining.,CCC,https://www.dimecoinnetwork.com/
DIME-GBP,Dimecoin GBP,DIME,GBP,Dimecoin (DIME) is a cryptocurrency. Users are able to generate DIME through the process of mining.,CCC,https://www.dimecoinnetwork.com/
DIME-INR,Dimecoin INR,DIME,INR,Dimecoin (DIME) is a cryptocurrency. Users are able to generate DIME through the process of mining.,CCC,https://www.dimecoinnetwork.com/
DIME-JPY,Dimecoin JPY,DIME,JPY,Dimecoin (DIME) is a cryptocurrency. Users are able to generate DIME through the process of mining.,CCC,https://www.dimecoinnetwork.com/
DIME-KRW,Dimecoin KRW,DIME,KRW,Dimecoin (DIME) is a cryptocurrency. Users are able to generate DIME through the process of mining.,CCC,https://www.dimecoinnetwork.com/
DIME-RUB,Dimecoin RUB,DIME,RUB,Dimecoin (DIME) is a cryptocurrency. Users are able to generate DIME through the process of mining.,CCC,https://www.dimecoinnetwork.com/
DIME-USD,Dimecoin USD,DIME,USD,Dimecoin (DIME) is a cryptocurrency. Users are able to generate DIME through the process of mining.,CCC,https://www.dimecoinnetwork.com/
DMCH-CAD,DARMACash CAD,DMCH,CAD,Darma Cash (DMCH) is a cryptocurrency.,CCC,https://www.darmacash.com/
DMCH-CNY,DARMACash CNY,DMCH,CNY,Darma Cash (DMCH) is a cryptocurrency.,CCC,https://www.darmacash.com/
DMCH-ETH,DARMACash ETH,DMCH,ETH,Darma Cash (DMCH) is a cryptocurrency.,CCC,https://www.darmacash.com/
DMCH-EUR,DARMACash EUR,DMCH,EUR,Darma Cash (DMCH) is a cryptocurrency.,CCC,https://www.darmacash.com/
DMCH-GBP,DARMACash GBP,DMCH,GBP,Darma Cash (DMCH) is a cryptocurrency.,CCC,https://www.darmacash.com/
DMCH-INR,DARMACash INR,DMCH,INR,Darma Cash (DMCH) is a cryptocurrency.,CCC,https://www.darmacash.com/
DMCH-JPY,DARMACash JPY,DMCH,JPY,Darma Cash (DMCH) is a cryptocurrency.,CCC,https://www.darmacash.com/
DMCH-KRW,DARMACash KRW,DMCH,KRW,Darma Cash (DMCH) is a cryptocurrency.,CCC,https://www.darmacash.com/
DMCH-RUB,DARMACash RUB,DMCH,RUB,Darma Cash (DMCH) is a cryptocurrency.,CCC,https://www.darmacash.com/
DMCH-USD,DARMACash USD,DMCH,USD,Darma Cash (DMCH) is a cryptocurrency.,CCC,https://www.darmacash.com/
DMD-KRW,Diamond KRW,DMD,KRW,Diamond (DMD) is a cryptocurrency.,CCC,http://bit.diamonds
DMD-RUB,Diamond RUB,DMD,RUB,Diamond (DMD) is a cryptocurrency.,CCC,http://bit.diamonds
DMD-USD,Diamond USD,DMD,USD,Diamond (DMD) is a cryptocurrency.,CCC,http://bit.diamonds
DNA1-AUD,MetaverseDualchainNetworkArchitecture CAD,DNA1,AUD,Metaverse Dualchain Network Architecture (DNA) is a cryptocurrency.,CCC,https://mvsdna.com
DNA1-CAD,MetaverseDualchainNetworkArchitecture CAD,DNA1,CAD,Metaverse Dualchain Network Architecture (DNA) is a cryptocurrency.,CCC,https://mvsdna.com
DNA1-CNY,MetaverseDualchainNetworkArchitecture CNY,DNA1,CNY,Metaverse Dualchain Network Architecture (DNA) is a cryptocurrency.,CCC,https://mvsdna.com
DNA1-ETH,MetaverseDualchainNetworkArchitecture ETH,DNA1,ETH,Metaverse Dualchain Network Architecture (DNA) is a cryptocurrency.,CCC,https://mvsdna.com
DNA1-EUR,MetaverseDualchainNetworkArchitecture EUR,DNA1,EUR,Metaverse Dualchain Network Architecture (DNA) is a cryptocurrency.,CCC,https://mvsdna.com
DNA1-GBP,MetaverseDualchainNetworkArchitecture GBP,DNA1,GBP,Metaverse Dualchain Network Architecture (DNA) is a cryptocurrency.,CCC,https://mvsdna.com
DNA1-INR,MetaverseDualchainNetworkArchitecture INR,DNA1,INR,Metaverse Dualchain Network Architecture (DNA) is a cryptocurrency.,CCC,https://mvsdna.com
DNA1-JPY,MetaverseDualchainNetworkArchitecture JPY,DNA1,JPY,Metaverse Dualchain Network Architecture (DNA) is a cryptocurrency.,CCC,https://mvsdna.com
DNA1-KRW,MetaverseDualchainNetworkArchitecture KRW,DNA1,KRW,Metaverse Dualchain Network Architecture (DNA) is a cryptocurrency.,CCC,https://mvsdna.com
DNA1-RUB,MetaverseDualchainNetworkArchitecture RUB,DNA1,RUB,Metaverse Dualchain Network Architecture (DNA) is a cryptocurrency.,CCC,https://mvsdna.com
DNA1-USD,MetaverseDualchainNetworkArchitecture USD,DNA1,USD,Metaverse Dualchain Network Architecture (DNA) is a cryptocurrency.,CCC,https://mvsdna.com
DNT-BTC,district0x BTC,DNT,BTC,district0x (DNT) is a cryptocurrency and operates on the Ethereum platform.,CCC,https://district0x.io/
DNT-CAD,district0x CAD,DNT,CAD,district0x (DNT) is a cryptocurrency and operates on the Ethereum platform.,CCC,https://district0x.io/
DNT-CNY,district0x CNY,DNT,CNY,district0x (DNT) is a cryptocurrency and operates on the Ethereum platform.,CCC,https://district0x.io/
DNT-ETH,district0x ETH,DNT,ETH,district0x (DNT) is a cryptocurrency and operates on the Ethereum platform.,CCC,https://district0x.io/
DNT-EUR,district0x EUR,DNT,EUR,district0x (DNT) is a cryptocurrency and operates on the Ethereum platform.,CCC,https://district0x.io/
DNT-GBP,district0x GBP,DNT,GBP,district0x (DNT) is a cryptocurrency and operates on the Ethereum platform.,CCC,https://district0x.io/
DNT-INR,district0x INR,DNT,INR,district0x (DNT) is a cryptocurrency and operates on the Ethereum platform.,CCC,https://district0x.io/
DNT-JPY,district0x JPY,DNT,JPY,district0x (DNT) is a cryptocurrency and operates on the Ethereum platform.,CCC,https://district0x.io/
DNT-KRW,district0x KRW,DNT,KRW,district0x (DNT) is a cryptocurrency and operates on the Ethereum platform.,CCC,https://district0x.io/
DNT-USD,district0x USD,DNT,USD,district0x (DNT) is a cryptocurrency and operates on the Ethereum platform.,CCC,https://district0x.io/
DOGE-AUD,Dogecoin AUD,DOGE,AUD,Dogecoin (DOGE) is a cryptocurrency. Users are able to generate DOGE through the process of mining.,CCC,http://dogecoin.com/
DOGE-BTC,Dogecoin BTC,DOGE,BTC,Dogecoin (DOGE) is a cryptocurrency. Users are able to generate DOGE through the process of mining.,CCC,http://dogecoin.com/
DOGE-CAD,Dogecoin CAD,DOGE,CAD,Dogecoin (DOGE) is a cryptocurrency. Users are able to generate DOGE through the process of mining.,CCC,http://dogecoin.com/
DOGE-ETH,Dogecoin ETH,DOGE,ETH,Dogecoin (DOGE) is a cryptocurrency. Users are able to generate DOGE through the process of mining.,CCC,http://dogecoin.com/
DOGE-EUR,Dogecoin EUR,DOGE,EUR,Dogecoin (DOGE) is a cryptocurrency. Users are able to generate DOGE through the process of mining.,CCC,http://dogecoin.com/
DOGE-GBP,Dogecoin GBP,DOGE,GBP,Dogecoin (DOGE) is a cryptocurrency. Users are able to generate DOGE through the process of mining.,CCC,http://dogecoin.com/
DOGE-INR,Dogecoin INR,DOGE,INR,Dogecoin (DOGE) is a cryptocurrency. Users are able to generate DOGE through the process of mining.,CCC,http://dogecoin.com/
DOGE-JPY,Dogecoin JPY,DOGE,JPY,Dogecoin (DOGE) is a cryptocurrency. Users are able to generate DOGE through the process of mining.,CCC,http://dogecoin.com/
DOGE-KRW,Dogecoin KRW,DOGE,KRW,Dogecoin (DOGE) is a cryptocurrency. Users are able to generate DOGE through the process of mining.,CCC,http://dogecoin.com/
DOGE-RUB,Dogecoin RUB,DOGE,RUB,Dogecoin (DOGE) is a cryptocurrency. Users are able to generate DOGE through the process of mining.,CCC,http://dogecoin.com/
DOGE-USD,Dogecoin USD,DOGE,USD,Dogecoin (DOGE) is a cryptocurrency. Users are able to generate DOGE through the process of mining.,CCC,http://dogecoin.com/
DOT1-AUD,Polkadot AUD,DOT1,AUD,Polkadot (DOT) is a cryptocurrency.,CCC,https://polkadot.network/
DOT1-BTC,Polkadot BTC,DOT1,BTC,Polkadot (DOT) is a cryptocurrency.,CCC,https://polkadot.network/
DOT1-CAD,Polkadot CAD,DOT1,CAD,Polkadot (DOT) is a cryptocurrency.,CCC,https://polkadot.network/
DOT1-CNY,Polkadot CNY,DOT1,CNY,Polkadot (DOT) is a cryptocurrency.,CCC,https://polkadot.network/
DOT1-ETH,Polkadot ETH,DOT1,ETH,Polkadot (DOT) is a cryptocurrency.,CCC,https://polkadot.network/
DOT1-EUR,Polkadot EUR,DOT1,EUR,Polkadot (DOT) is a cryptocurrency.,CCC,https://polkadot.network/
DOT1-GBP,Polkadot GBP,DOT1,GBP,Polkadot (DOT) is a cryptocurrency.,CCC,https://polkadot.network/
DOT1-INR,Polkadot INR,DOT1,INR,Polkadot (DOT) is a cryptocurrency.,CCC,https://polkadot.network/
DOT1-JPY,Polkadot JPY,DOT1,JPY,Polkadot (DOT) is a cryptocurrency.,CCC,https://polkadot.network/
DOT1-KRW,Polkadot KRW,DOT1,KRW,Polkadot (DOT) is a cryptocurrency.,CCC,https://polkadot.network/
DOT1-RUB,Polkadot RUB,DOT1,RUB,Polkadot (DOT) is a cryptocurrency.,CCC,https://polkadot.network/
DOT1-USD,Polkadot USD,DOT1,USD,Polkadot (DOT) is a cryptocurrency.,CCC,https://polkadot.network/
DTEP-CAD,DECOIN CAD,DTEP,CAD,DECOIN (DTEP) is a cryptocurrency. Users are able to generate DTEP through the process of mining.,CCC,https://www.decoin.io/
DTEP-CNY,DECOIN CNY,DTEP,CNY,DECOIN (DTEP) is a cryptocurrency. Users are able to generate DTEP through the process of mining.,CCC,https://www.decoin.io/
DTEP-ETH,DECOIN ETH,DTEP,ETH,DECOIN (DTEP) is a cryptocurrency. Users are able to generate DTEP through the process of mining.,CCC,https://www.decoin.io/
DTEP-EUR,DECOIN EUR,DTEP,EUR,DECOIN (DTEP) is a cryptocurrency. Users are able to generate DTEP through the process of mining.,CCC,https://www.decoin.io/
DTEP-GBP,DECOIN GBP,DTEP,GBP,DECOIN (DTEP) is a cryptocurrency. Users are able to generate DTEP through the process of mining.,CCC,https://www.decoin.io/
DTEP-INR,DECOIN INR,DTEP,INR,DECOIN (DTEP) is a cryptocurrency. Users are able to generate DTEP through the process of mining.,CCC,https://www.decoin.io/
DTEP-JPY,DECOIN JPY,DTEP,JPY,DECOIN (DTEP) is a cryptocurrency. Users are able to generate DTEP through the process of mining.,CCC,https://www.decoin.io/
DTEP-KRW,DECOIN KRW,DTEP,KRW,DECOIN (DTEP) is a cryptocurrency. Users are able to generate DTEP through the process of mining.,CCC,https://www.decoin.io/
DTEP-RUB,DECOIN RUB,DTEP,RUB,DECOIN (DTEP) is a cryptocurrency. Users are able to generate DTEP through the process of mining.,CCC,https://www.decoin.io/
DTEP-USD,DECOIN USD,DTEP,USD,DECOIN (DTEP) is a cryptocurrency. Users are able to generate DTEP through the process of mining.,CCC,https://www.decoin.io/
DUN-CAD,DuneNetwork CAD,DUN,CAD,Dune Network (DUN) is a cryptocurrency.,CCC,https://dune.network/
DUN-CNY,DuneNetwork CNY,DUN,CNY,Dune Network (DUN) is a cryptocurrency.,CCC,https://dune.network/
DUN-ETH,DuneNetwork ETH,DUN,ETH,Dune Network (DUN) is a cryptocurrency.,CCC,https://dune.network/
DUN-EUR,DuneNetwork EUR,DUN,EUR,Dune Network (DUN) is a cryptocurrency.,CCC,https://dune.network/
DUN-GBP,DuneNetwork GBP,DUN,GBP,Dune Network (DUN) is a cryptocurrency.,CCC,https://dune.network/
DUN-INR,DuneNetwork INR,DUN,INR,Dune Network (DUN) is a cryptocurrency.,CCC,https://dune.network/
DUN-JPY,DuneNetwork JPY,DUN,JPY,Dune Network (DUN) is a cryptocurrency.,CCC,https://dune.network/
DUN-KRW,DuneNetwork KRW,DUN,KRW,Dune Network (DUN) is a cryptocurrency.,CCC,https://dune.network/
DUN-RUB,DuneNetwork RUB,DUN,RUB,Dune Network (DUN) is a cryptocurrency.,CCC,https://dune.network/
DUN-USD,DuneNetwork USD,DUN,USD,Dune Network (DUN) is a cryptocurrency.,CCC,https://dune.network/
ECA-USD,Electra USD,ECA,USD,Electra (ECA) is a cryptocurrency launched in 2017. Users are able to generate ECA through the process of mining.,CCC,http://electracore.weebly.com/
EDC-BTC,EDCBlockchain BTC,EDC,BTC,EDC Blockchain v1 [old] (EDC) is a cryptocurrency. Users are able to generate EDC through the process of mining.,CCC,https://blockchain.mn
EDC-CAD,EDCBlockchain CAD,EDC,CAD,EDC Blockchain v1 [old] (EDC) is a cryptocurrency. Users are able to generate EDC through the process of mining.,CCC,https://blockchain.mn
EDC-CNY,EDCBlockchain CNY,EDC,CNY,EDC Blockchain v1 [old] (EDC) is a cryptocurrency. Users are able to generate EDC through the process of mining.,CCC,https://blockchain.mn
EDC-ETH,EDCBlockchain ETH,EDC,ETH,EDC Blockchain v1 [old] (EDC) is a cryptocurrency. Users are able to generate EDC through the process of mining.,CCC,https://blockchain.mn
EDC-EUR,EDCBlockchain EUR,EDC,EUR,EDC Blockchain v1 [old] (EDC) is a cryptocurrency. Users are able to generate EDC through the process of mining.,CCC,https://blockchain.mn
EDC-GBP,EDCBlockchain GBP,EDC,GBP,EDC Blockchain v1 [old] (EDC) is a cryptocurrency. Users are able to generate EDC through the process of mining.,CCC,https://blockchain.mn
EDC-INR,EDCBlockchain INR,EDC,INR,EDC Blockchain v1 [old] (EDC) is a cryptocurrency. Users are able to generate EDC through the process of mining.,CCC,https://blockchain.mn
EDC-JPY,EDCBlockchain JPY,EDC,JPY,EDC Blockchain v1 [old] (EDC) is a cryptocurrency. Users are able to generate EDC through the process of mining.,CCC,https://blockchain.mn
EDC-KRW,EDCBlockchain KRW,EDC,KRW,EDC Blockchain v1 [old] (EDC) is a cryptocurrency. Users are able to generate EDC through the process of mining.,CCC,https://blockchain.mn
EDC-RUB,EDCBlockchain RUB,EDC,RUB,EDC Blockchain v1 [old] (EDC) is a cryptocurrency. Users are able to generate EDC through the process of mining.,CCC,https://blockchain.mn
EDG-AUD,Edgeless AUD,EDG,AUD,Edgeless (EDG) is a cryptocurrency and operates on the Ethereum platform.,CCC,https://edgeless.io/
EDG-BTC,Edgeless BTC,EDG,BTC,Edgeless (EDG) is a cryptocurrency and operates on the Ethereum platform.,CCC,https://edgeless.io/
EDG-ETH,Edgeless ETH,EDG,ETH,Edgeless (EDG) is a cryptocurrency and operates on the Ethereum platform.,CCC,https://edgeless.io/
EDG-EUR,Edgeless EUR,EDG,EUR,Edgeless (EDG) is a cryptocurrency and operates on the Ethereum platform.,CCC,https://edgeless.io/
EDG-GBP,Edgeless GBP,EDG,GBP,Edgeless (EDG) is a cryptocurrency and operates on the Ethereum platform.,CCC,https://edgeless.io/
EDG-INR,Edgeless INR,EDG,INR,Edgeless (EDG) is a cryptocurrency and operates on the Ethereum platform.,CCC,https://edgeless.io/
EDG-JPY,Edgeless JPY,EDG,JPY,Edgeless (EDG) is a cryptocurrency and operates on the Ethereum platform.,CCC,https://edgeless.io/
EDG-KRW,Edgeless KRW,EDG,KRW,Edgeless (EDG) is a cryptocurrency and operates on the Ethereum platform.,CCC,https://edgeless.io/
EDG-RUB,Edgeless RUB,EDG,RUB,Edgeless (EDG) is a cryptocurrency and operates on the Ethereum platform.,CCC,https://edgeless.io/
EDG-USD,Edgeless USD,EDG,USD,Edgeless (EDG) is a cryptocurrency and operates on the Ethereum platform.,CCC,https://edgeless.io/
EGLD-CAD,Elrond CAD,EGLD,CAD,Elrond (EGLD) is a cryptocurrency.,CCC,https://elrond.com/
EGLD-CNY,Elrond CNY,EGLD,CNY,Elrond (EGLD) is a cryptocurrency.,CCC,https://elrond.com/
EGLD-ETH,Elrond ETH,EGLD,ETH,Elrond (EGLD) is a cryptocurrency.,CCC,https://elrond.com/
EGLD-EUR,Elrond EUR,EGLD,EUR,Elrond (EGLD) is a cryptocurrency.,CCC,https://elrond.com/
EGLD-GBP,Elrond GBP,EGLD,GBP,Elrond (EGLD) is a cryptocurrency.,CCC,https://elrond.com/
EGLD-INR,Elrond INR,EGLD,INR,Elrond (EGLD) is a cryptocurrency.,CCC,https://elrond.com/
EGLD-JPY,Elrond JPY,EGLD,JPY,Elrond (EGLD) is a cryptocurrency.,CCC,https://elrond.com/
EGLD-KRW,Elrond KRW,EGLD,KRW,Elrond (EGLD) is a cryptocurrency.,CCC,https://elrond.com/
EGLD-RUB,Elrond RUB,EGLD,RUB,Elrond (EGLD) is a cryptocurrency.,CCC,https://elrond.com/
EGLD-USD,Elrond USD,EGLD,USD,Elrond (EGLD) is a cryptocurrency.,CCC,https://elrond.com/
ELA-CAD,Elastos CAD,ELA,CAD,Elastos (ELA) is a cryptocurrency. Users are able to generate ELA through the process of mining.,CCC,https://elastos.info
ELA-CNY,Elastos CNY,ELA,CNY,Elastos (ELA) is a cryptocurrency. Users are able to generate ELA through the process of mining.,CCC,https://elastos.info
ELA-ETH,Elastos ETH,ELA,ETH,Elastos (ELA) is a cryptocurrency. Users are able to generate ELA through the process of mining.,CCC,https://elastos.info
ELA-EUR,Elastos EUR,ELA,EUR,Elastos (ELA) is a cryptocurrency. Users are able to generate ELA through the process of mining.,CCC,https://elastos.info
ELA-GBP,Elastos GBP,ELA,GBP,Elastos (ELA) is a cryptocurrency. Users are able to generate ELA through the process of mining.,CCC,https://elastos.info
ELA-INR,Elastos INR,ELA,INR,Elastos (ELA) is a cryptocurrency. Users are able to generate ELA through the process of mining.,CCC,https://elastos.info
ELA-JPY,Elastos JPY,ELA,JPY,Elastos (ELA) is a cryptocurrency. Users are able to generate ELA through the process of mining.,CCC,https://elastos.info
ELA-KRW,Elastos KRW,ELA,KRW,Elastos (ELA) is a cryptocurrency. Users are able to generate ELA through the process of mining.,CCC,https://elastos.info
ELA-RUB,Elastos RUB,ELA,RUB,Elastos (ELA) is a cryptocurrency. Users are able to generate ELA through the process of mining.,CCC,https://elastos.info
ELA-USD,Elastos USD,ELA,USD,Elastos (ELA) is a cryptocurrency. Users are able to generate ELA through the process of mining.,CCC,https://elastos.info
EMC2-CAD,Einsteinium CAD,EMC2,CAD,Einsteinium (EMC2) is a cryptocurrency. Users are able to generate EMC2 through the process of mining.,CCC,https://www.emc2.foundation/
EMC2-CNY,Einsteinium CNY,EMC2,CNY,Einsteinium (EMC2) is a cryptocurrency. Users are able to generate EMC2 through the process of mining.,CCC,https://www.emc2.foundation/
EMC2-ETH,Einsteinium ETH,EMC2,ETH,Einsteinium (EMC2) is a cryptocurrency. Users are able to generate EMC2 through the process of mining.,CCC,https://www.emc2.foundation/
EMC2-EUR,Einsteinium EUR,EMC2,EUR,Einsteinium (EMC2) is a cryptocurrency. Users are able to generate EMC2 through the process of mining.,CCC,https://www.emc2.foundation/
EMC2-GBP,Einsteinium GBP,EMC2,GBP,Einsteinium (EMC2) is a cryptocurrency. Users are able to generate EMC2 through the process of mining.,CCC,https://www.emc2.foundation/
EMC2-INR,Einsteinium INR,EMC2,INR,Einsteinium (EMC2) is a cryptocurrency. Users are able to generate EMC2 through the process of mining.,CCC,https://www.emc2.foundation/
EMC2-JPY,Einsteinium JPY,EMC2,JPY,Einsteinium (EMC2) is a cryptocurrency. Users are able to generate EMC2 through the process of mining.,CCC,https://www.emc2.foundation/
EMC2-KRW,Einsteinium KRW,EMC2,KRW,Einsteinium (EMC2) is a cryptocurrency. Users are able to generate EMC2 through the process of mining.,CCC,https://www.emc2.foundation/
EMC2-RUB,Einsteinium RUB,EMC2,RUB,Einsteinium (EMC2) is a cryptocurrency. Users are able to generate EMC2 through the process of mining.,CCC,https://www.emc2.foundation/
EMC2-USD,Einsteinium USD,EMC2,USD,Einsteinium (EMC2) is a cryptocurrency. Users are able to generate EMC2 through the process of mining.,CCC,https://www.emc2.foundation/
ENJ-BTC,EnjinCoin BTC,ENJ,BTC,Enjin Coin (ENJ) is a cryptocurrency and operates on the Ethereum platform.,CCC,https://enjin.io/
ENJ-CAD,EnjinCoin CAD,ENJ,CAD,Enjin Coin (ENJ) is a cryptocurrency and operates on the Ethereum platform.,CCC,https://enjin.io/
ENJ-CNY,EnjinCoin CNY,ENJ,CNY,Enjin Coin (ENJ) is a cryptocurrency and operates on the Ethereum platform.,CCC,https://enjin.io/
ENJ-ETH,EnjinCoin ETH,ENJ,ETH,Enjin Coin (ENJ) is a cryptocurrency and operates on the Ethereum platform.,CCC,https://enjin.io/
ENJ-EUR,EnjinCoin EUR,ENJ,EUR,Enjin Coin (ENJ) is a cryptocurrency and operates on the Ethereum platform.,CCC,https://enjin.io/
ENJ-GBP,EnjinCoin GBP,ENJ,GBP,Enjin Coin (ENJ) is a cryptocurrency and operates on the Ethereum platform.,CCC,https://enjin.io/
ENJ-INR,EnjinCoin INR,ENJ,INR,Enjin Coin (ENJ) is a cryptocurrency and operates on the Ethereum platform.,CCC,https://enjin.io/
ENJ-JPY,EnjinCoin JPY,ENJ,JPY,Enjin Coin (ENJ) is a cryptocurrency and operates on the Ethereum platform.,CCC,https://enjin.io/
ENJ-KRW,EnjinCoin KRW,ENJ,KRW,Enjin Coin (ENJ) is a cryptocurrency and operates on the Ethereum platform.,CCC,https://enjin.io/
ENJ-RUB,EnjinCoin RUB,ENJ,RUB,Enjin Coin (ENJ) is a cryptocurrency and operates on the Ethereum platform.,CCC,https://enjin.io/
ENJ-USD,EnjinCoin USD,ENJ,USD,Enjin Coin (ENJ) is a cryptocurrency and operates on the Ethereum platform.,CCC,https://enjin.io/
EOS-USD,EOS USD,EOS,USD,EOS (EOS) is a cryptocurrency.,CCC,https://eos.io/
ERK-BTC,EurekaCoin BTC,ERK,BTC,Eureka Coin (ERK) is a cryptocurrency.,CCC,https://www.eurekacoin.io
ERK-CAD,EurekaCoin CAD,ERK,CAD,Eureka Coin (ERK) is a cryptocurrency.,CCC,https://www.eurekacoin.io
ERK-CNY,EurekaCoin CNY,ERK,CNY,Eureka Coin (ERK) is a cryptocurrency.,CCC,https://www.eurekacoin.io
ERK-ETH,EurekaCoin ETH,ERK,ETH,Eureka Coin (ERK) is a cryptocurrency.,CCC,https://www.eurekacoin.io
ERK-EUR,EurekaCoin EUR,ERK,EUR,Eureka Coin (ERK) is a cryptocurrency.,CCC,https://www.eurekacoin.io
ERK-GBP,EurekaCoin GBP,ERK,GBP,Eureka Coin (ERK) is a cryptocurrency.,CCC,https://www.eurekacoin.io
ERK-INR,EurekaCoin INR,ERK,INR,Eureka Coin (ERK) is a cryptocurrency.,CCC,https://www.eurekacoin.io
ERK-JPY,EurekaCoin JPY,ERK,JPY,Eureka Coin (ERK) is a cryptocurrency.,CCC,https://www.eurekacoin.io
ERK-KRW,EurekaCoin KRW,ERK,KRW,Eureka Coin (ERK) is a cryptocurrency.,CCC,https://www.eurekacoin.io
ERK-RUB,EurekaCoin RUB,ERK,RUB,Eureka Coin (ERK) is a cryptocurrency.,CCC,https://www.eurekacoin.io
ERK-USD,EurekaCoin USD,ERK,USD,Eureka Coin (ERK) is a cryptocurrency.,CCC,https://www.eurekacoin.io
ETC-AUD,EthereumClassic AUD,ETC,AUD,Ethereum Classic (ETC) is a cryptocurrency. Users are able to generate ETC through the process of mining.,CCC,https://ethereumclassic.org/
ETC-BTC,EthereumClassic BTC,ETC,BTC,Ethereum Classic (ETC) is a cryptocurrency. Users are able to generate ETC through the process of mining.,CCC,https://ethereumclassic.org/
ETC-CAD,EthereumClassic CAD,ETC,CAD,Ethereum Classic (ETC) is a cryptocurrency. Users are able to generate ETC through the process of mining.,CCC,https://ethereumclassic.org/
ETC-CNY,EthereumClassic CNY,ETC,CNY,Ethereum Classic (ETC) is a cryptocurrency. Users are able to generate ETC through the process of mining.,CCC,https://ethereumclassic.org/
ETC-ETH,EthereumClassic ETH,ETC,ETH,Ethereum Classic (ETC) is a cryptocurrency. Users are able to generate ETC through the process of mining.,CCC,https://ethereumclassic.org/
ETC-EUR,EthereumClassic EUR,ETC,EUR,Ethereum Classic (ETC) is a cryptocurrency. Users are able to generate ETC through the process of mining.,CCC,https://ethereumclassic.org/
ETC-GBP,EthereumClassic GBP,ETC,GBP,Ethereum Classic (ETC) is a cryptocurrency. Users are able to generate ETC through the process of mining.,CCC,https://ethereumclassic.org/
ETC-INR,EthereumClassic INR,ETC,INR,Ethereum Classic (ETC) is a cryptocurrency. Users are able to generate ETC through the process of mining.,CCC,https://ethereumclassic.org/
ETC-JPY,EthereumClassic JPY,ETC,JPY,Ethereum Classic (ETC) is a cryptocurrency. Users are able to generate ETC through the process of mining.,CCC,https://ethereumclassic.org/
ETC-KRW,EthereumClassic KRW,ETC,KRW,Ethereum Classic (ETC) is a cryptocurrency. Users are able to generate ETC through the process of mining.,CCC,https://ethereumclassic.org/
ETC-RUB,EthereumClassic RUB,ETC,RUB,Ethereum Classic (ETC) is a cryptocurrency. Users are able to generate ETC through the process of mining.,CCC,https://ethereumclassic.org/
ETC-USD,EthereumClassic USD,ETC,USD,Ethereum Classic (ETC) is a cryptocurrency. Users are able to generate ETC through the process of mining.,CCC,https://ethereumclassic.org/
ETH-BTC,Ethereum BTC,ETH,BTC,Ethereum (ETH) is a cryptocurrency. Users are able to generate ETH through the process of mining.,CCC,https://www.ethereum.org/
ETH-CAD,Ethereum CAD,ETH,CAD,Ethereum (ETH) is a cryptocurrency. Users are able to generate ETH through the process of mining.,CCC,https://www.ethereum.org/
ETH-EUR,Ethereum EUR,ETH,EUR,Ethereum (ETH) is a cryptocurrency. Users are able to generate ETH through the process of mining.,CCC,https://www.ethereum.org/
ETH-GBP,Ethereum GBP,ETH,GBP,Ethereum (ETH) is a cryptocurrency. Users are able to generate ETH through the process of mining.,CCC,https://www.ethereum.org/
ETH-USD,Ethereum USD,ETH,USD,Ethereum (ETH) is a cryptocurrency. Users are able to generate ETH through the process of mining.,CCC,https://www.ethereum.org/
ETN-CAD,Electroneum CAD,ETN,CAD,Electroneum (ETN) is a cryptocurrency. Users are able to generate ETN through the process of mining.,CCC,http://electroneum.com/
ETN-CNY,Electroneum CNY,ETN,CNY,Electroneum (ETN) is a cryptocurrency. Users are able to generate ETN through the process of mining.,CCC,http://electroneum.com/
ETN-ETH,Electroneum ETH,ETN,ETH,Electroneum (ETN) is a cryptocurrency. Users are able to generate ETN through the process of mining.,CCC,http://electroneum.com/
ETN-EUR,Electroneum EUR,ETN,EUR,Electroneum (ETN) is a cryptocurrency. Users are able to generate ETN through the process of mining.,CCC,http://electroneum.com/
ETN-GBP,Electroneum GBP,ETN,GBP,Electroneum (ETN) is a cryptocurrency. Users are able to generate ETN through the process of mining.,CCC,http://electroneum.com/
ETN-INR,Electroneum INR,ETN,INR,Electroneum (ETN) is a cryptocurrency. Users are able to generate ETN through the process of mining.,CCC,http://electroneum.com/
ETN-JPY,Electroneum JPY,ETN,JPY,Electroneum (ETN) is a cryptocurrency. Users are able to generate ETN through the process of mining.,CCC,http://electroneum.com/
ETN-KRW,Electroneum KRW,ETN,KRW,Electroneum (ETN) is a cryptocurrency. Users are able to generate ETN through the process of mining.,CCC,http://electroneum.com/
ETN-RUB,Electroneum RUB,ETN,RUB,Electroneum (ETN) is a cryptocurrency. Users are able to generate ETN through the process of mining.,CCC,http://electroneum.com/
ETN-USD,Electroneum USD,ETN,USD,Electroneum (ETN) is a cryptocurrency. Users are able to generate ETN through the process of mining.,CCC,http://electroneum.com/
ETP-BTC,MetaverseETP BTC,ETP,BTC,Metaverse ETP (ETP) is a cryptocurrency. Users are able to generate ETP through the process of mining.,CCC,https://mvs.org/
ETP-CAD,MetaverseETP CAD,ETP,CAD,Metaverse ETP (ETP) is a cryptocurrency. Users are able to generate ETP through the process of mining.,CCC,https://mvs.org/
ETP-CNY,MetaverseETP CNY,ETP,CNY,Metaverse ETP (ETP) is a cryptocurrency. Users are able to generate ETP through the process of mining.,CCC,https://mvs.org/
ETP-ETH,MetaverseETP ETH,ETP,ETH,Metaverse ETP (ETP) is a cryptocurrency. Users are able to generate ETP through the process of mining.,CCC,https://mvs.org/
ETP-EUR,MetaverseETP EUR,ETP,EUR,Metaverse ETP (ETP) is a cryptocurrency. Users are able to generate ETP through the process of mining.,CCC,https://mvs.org/
ETP-GBP,MetaverseETP GBP,ETP,GBP,Metaverse ETP (ETP) is a cryptocurrency. Users are able to generate ETP through the process of mining.,CCC,https://mvs.org/
ETP-INR,MetaverseETP INR,ETP,INR,Metaverse ETP (ETP) is a cryptocurrency. Users are able to generate ETP through the process of mining.,CCC,https://mvs.org/
ETP-JPY,MetaverseETP JPY,ETP,JPY,Metaverse ETP (ETP) is a cryptocurrency. Users are able to generate ETP through the process of mining.,CCC,https://mvs.org/
ETP-KRW,MetaverseETP KRW,ETP,KRW,Metaverse ETP (ETP) is a cryptocurrency. Users are able to generate ETP through the process of mining.,CCC,https://mvs.org/
ETP-RUB,MetaverseETP RUB,ETP,RUB,Metaverse ETP (ETP) is a cryptocurrency. Users are able to generate ETP through the process of mining.,CCC,https://mvs.org/
ETP-USD,MetaverseETP USD,ETP,USD,Metaverse ETP (ETP) is a cryptocurrency. Users are able to generate ETP through the process of mining.,CCC,https://mvs.org/
EWT-AUD,EnergyWebToken AUD,EWT,AUD,Energy Web Token (EWT) is a cryptocurrency.,CCC,https://www.energyweb.org/
EWT-BTC,EnergyWebToken BTC,EWT,BTC,Energy Web Token (EWT) is a cryptocurrency.,CCC,https://www.energyweb.org/
EWT-CAD,EnergyWebToken CAD,EWT,CAD,Energy Web Token (EWT) is a cryptocurrency.,CCC,https://www.energyweb.org/
EWT-CNY,EnergyWebToken CNY,EWT,CNY,Energy Web Token (EWT) is a cryptocurrency.,CCC,https://www.energyweb.org/
EWT-ETH,EnergyWebToken ETH,EWT,ETH,Energy Web Token (EWT) is a cryptocurrency.,CCC,https://www.energyweb.org/
EWT-EUR,EnergyWebToken EUR,EWT,EUR,Energy Web Token (EWT) is a cryptocurrency.,CCC,https://www.energyweb.org/
EWT-GBP,EnergyWebToken GBP,EWT,GBP,Energy Web Token (EWT) is a cryptocurrency.,CCC,https://www.energyweb.org/
EWT-INR,EnergyWebToken INR,EWT,INR,Energy Web Token (EWT) is a cryptocurrency.,CCC,https://www.energyweb.org/
EWT-JPY,EnergyWebToken JPY,EWT,JPY,Energy Web Token (EWT) is a cryptocurrency.,CCC,https://www.energyweb.org/
EWT-KRW,EnergyWebToken KRW,EWT,KRW,Energy Web Token (EWT) is a cryptocurrency.,CCC,https://www.energyweb.org/
EWT-RUB,EnergyWebToken RUB,EWT,RUB,Energy Web Token (EWT) is a cryptocurrency.,CCC,https://www.energyweb.org/
EWT-USD,EnergyWebToken USD,EWT,USD,Energy Web Token (EWT) is a cryptocurrency.,CCC,https://www.energyweb.org/
FAIR-BTC,FairCoin BTC,FAIR,BTC,FairCoin (FAIR) is a cryptocurrency.,CCC,http://fair-coin.org/
FAIR-CNY,FairCoin CNY,FAIR,CNY,FairCoin (FAIR) is a cryptocurrency.,CCC,http://fair-coin.org/
FAIR-ETH,FairCoin ETH,FAIR,ETH,FairCoin (FAIR) is a cryptocurrency.,CCC,http://fair-coin.org/
FAIR-EUR,FairCoin EUR,FAIR,EUR,FairCoin (FAIR) is a cryptocurrency.,CCC,http://fair-coin.org/
FAIR-GBP,FairCoin GBP,FAIR,GBP,FairCoin (FAIR) is a cryptocurrency.,CCC,http://fair-coin.org/
FAIR-INR,FairCoin INR,FAIR,INR,FairCoin (FAIR) is a cryptocurrency.,CCC,http://fair-coin.org/
FAIR-JPY,FairCoin JPY,FAIR,JPY,FairCoin (FAIR) is a cryptocurrency.,CCC,http://fair-coin.org/
FAIR-KRW,FairCoin KRW,FAIR,KRW,FairCoin (FAIR) is a cryptocurrency.,CCC,http://fair-coin.org/
FAIR-RUB,FairCoin RUB,FAIR,RUB,FairCoin (FAIR) is a cryptocurrency.,CCC,http://fair-coin.org/
FAIR-USD,FairCoin USD,FAIR,USD,FairCoin (FAIR) is a cryptocurrency.,CCC,http://fair-coin.org/
FCT-AUD,Factom AUD,FCT,AUD,Factom (FCT) is a cryptocurrency.,CCC,https://www.factomprotocol.org
FCT-BTC,Factom BTC,FCT,BTC,Factom (FCT) is a cryptocurrency.,CCC,https://www.factomprotocol.org
FCT-CAD,Factom CAD,FCT,CAD,Factom (FCT) is a cryptocurrency.,CCC,https://www.factomprotocol.org
FCT-CNY,Factom CNY,FCT,CNY,Factom (FCT) is a cryptocurrency.,CCC,https://www.factomprotocol.org
FCT-ETH,Factom ETH,FCT,ETH,Factom (FCT) is a cryptocurrency.,CCC,https://www.factomprotocol.org
FCT-EUR,Factom EUR,FCT,EUR,Factom (FCT) is a cryptocurrency.,CCC,https://www.factomprotocol.org
FCT-GBP,Factom GBP,FCT,GBP,Factom (FCT) is a cryptocurrency.,CCC,https://www.factomprotocol.org
FCT-JPY,Factom JPY,FCT,JPY,Factom (FCT) is a cryptocurrency.,CCC,https://www.factomprotocol.org
FCT-KRW,Factom KRW,FCT,KRW,Factom (FCT) is a cryptocurrency.,CCC,https://www.factomprotocol.org
FCT-USD,Factom USD,FCT,USD,Factom (FCT) is a cryptocurrency.,CCC,https://www.factomprotocol.org
FET-CAD,Fetch CAD,FET,CAD,Fetch.ai (FET) is a cryptocurrency and operates on the Ethereum platform.,CCC,https://fetch.ai/
FET-CNY,Fetch CNY,FET,CNY,Fetch.ai (FET) is a cryptocurrency and operates on the Ethereum platform.,CCC,https://fetch.ai/
FET-ETH,Fetch ETH,FET,ETH,Fetch.ai (FET) is a cryptocurrency and operates on the Ethereum platform.,CCC,https://fetch.ai/
FET-EUR,Fetch EUR,FET,EUR,Fetch.ai (FET) is a cryptocurrency and operates on the Ethereum platform.,CCC,https://fetch.ai/
FET-GBP,Fetch GBP,FET,GBP,Fetch.ai (FET) is a cryptocurrency and operates on the Ethereum platform.,CCC,https://fetch.ai/
FET-INR,Fetch INR,FET,INR,Fetch.ai (FET) is a cryptocurrency and operates on the Ethereum platform.,CCC,https://fetch.ai/
FET-JPY,Fetch JPY,FET,JPY,Fetch.ai (FET) is a cryptocurrency and operates on the Ethereum platform.,CCC,https://fetch.ai/
FET-KRW,Fetch KRW,FET,KRW,Fetch.ai (FET) is a cryptocurrency and operates on the Ethereum platform.,CCC,https://fetch.ai/
FET-RUB,Fetch RUB,FET,RUB,Fetch.ai (FET) is a cryptocurrency and operates on the Ethereum platform.,CCC,https://fetch.ai/
FET-USD,Fetch USD,FET,USD,Fetch.ai (FET) is a cryptocurrency and operates on the Ethereum platform.,CCC,https://fetch.ai/
FIL-AUD,FilecoinFutures AUD,FIL,AUD,Filecoin (FIL) is a cryptocurrency launched in 2020. Users are able to generate FIL through the process of mining.,CCC,https://filecoin.io/
FIL-BTC,FilecoinFutures BTC,,,Filecoin (FIL) is a cryptocurrency launched in 2020. Users are able to generate FIL through the process of mining.,CCC,https://filecoin.io/
FIL-CAD,FilecoinFutures CAD,FIL,CAD,Filecoin (FIL) is a cryptocurrency launched in 2020. Users are able to generate FIL through the process of mining.,CCC,https://filecoin.io/
FIL-CNY,FilecoinFutures CNY,FIL,CNY,Filecoin (FIL) is a cryptocurrency launched in 2020. Users are able to generate FIL through the process of mining.,CCC,https://filecoin.io/
FIL-ETH,FilecoinFutures ETH,FIL,ETH,Filecoin (FIL) is a cryptocurrency launched in 2020. Users are able to generate FIL through the process of mining.,CCC,https://filecoin.io/
FIL-EUR,FilecoinFutures EUR,FIL,EUR,Filecoin (FIL) is a cryptocurrency launched in 2020. Users are able to generate FIL through the process of mining.,CCC,https://filecoin.io/
FIL-GBP,FilecoinFutures GBP,FIL,GBP,Filecoin (FIL) is a cryptocurrency launched in 2020. Users are able to generate FIL through the process of mining.,CCC,https://filecoin.io/
FIL-INR,FilecoinFutures INR,FIL,INR,Filecoin (FIL) is a cryptocurrency launched in 2020. Users are able to generate FIL through the process of mining.,CCC,https://filecoin.io/
FIL-JPY,FilecoinFutures JPY,FIL,JPY,Filecoin (FIL) is a cryptocurrency launched in 2020. Users are able to generate FIL through the process of mining.,CCC,https://filecoin.io/
FIL-KRW,FilecoinFutures KRW,FIL,KRW,Filecoin (FIL) is a cryptocurrency launched in 2020. Users are able to generate FIL through the process of mining.,CCC,https://filecoin.io/
FIL-RUB,FilecoinFutures RUB,FIL,RUB,Filecoin (FIL) is a cryptocurrency launched in 2020. Users are able to generate FIL through the process of mining.,CCC,https://filecoin.io/
FIL-USD,FilecoinFutures USD,FIL,USD,Filecoin (FIL) is a cryptocurrency launched in 2020. Users are able to generate FIL through the process of mining.,CCC,https://filecoin.io/
FIO-CAD,FIOProtocol CAD,FIO,CAD,FIO Protocol (FIO) is a cryptocurrency.,CCC,https://fioprotocol.io/
FIO-CNY,FIOProtocol CNY,FIO,CNY,FIO Protocol (FIO) is a cryptocurrency.,CCC,https://fioprotocol.io/
FIO-ETH,FIOProtocol ETH,FIO,ETH,FIO Protocol (FIO) is a cryptocurrency.,CCC,https://fioprotocol.io/
FIO-EUR,FIOProtocol EUR,FIO,EUR,FIO Protocol (FIO) is a cryptocurrency.,CCC,https://fioprotocol.io/
FIO-GBP,FIOProtocol GBP,FIO,GBP,FIO Protocol (FIO) is a cryptocurrency.,CCC,https://fioprotocol.io/
FIO-INR,FIOProtocol INR,FIO,INR,FIO Protocol (FIO) is a cryptocurrency.,CCC,https://fioprotocol.io/
FIO-JPY,FIOProtocol JPY,FIO,JPY,FIO Protocol (FIO) is a cryptocurrency.,CCC,https://fioprotocol.io/
FIO-KRW,FIOProtocol KRW,FIO,KRW,FIO Protocol (FIO) is a cryptocurrency.,CCC,https://fioprotocol.io/
FIO-RUB,FIOProtocol RUB,FIO,RUB,FIO Protocol (FIO) is a cryptocurrency.,CCC,https://fioprotocol.io/
FIO-USD,FIOProtocol USD,FIO,USD,FIO Protocol (FIO) is a cryptocurrency.,CCC,https://fioprotocol.io/
FIRO-CAD,Firo CAD,FIRO,CAD,Firo (FIRO) is a cryptocurrency. Users are able to generate FIRO through the process of mining.,CCC,https://firo.org/
FIRO-CNY,Firo CNY,FIRO,CNY,Firo (FIRO) is a cryptocurrency. Users are able to generate FIRO through the process of mining.,CCC,https://firo.org/
FIRO-ETH,Firo ETH,FIRO,ETH,Firo (FIRO) is a cryptocurrency. Users are able to generate FIRO through the process of mining.,CCC,https://firo.org/
FIRO-EUR,Firo EUR,FIRO,EUR,Firo (FIRO) is a cryptocurrency. Users are able to generate FIRO through the process of mining.,CCC,https://firo.org/
FIRO-GBP,Firo GBP,FIRO,GBP,Firo (FIRO) is a cryptocurrency. Users are able to generate FIRO through the process of mining.,CCC,https://firo.org/
FIRO-INR,Firo INR,FIRO,INR,Firo (FIRO) is a cryptocurrency. Users are able to generate FIRO through the process of mining.,CCC,https://firo.org/
FIRO-JPY,Firo JPY,FIRO,JPY,Firo (FIRO) is a cryptocurrency. Users are able to generate FIRO through the process of mining.,CCC,https://firo.org/
FIRO-KRW,Firo KRW,FIRO,KRW,Firo (FIRO) is a cryptocurrency. Users are able to generate FIRO through the process of mining.,CCC,https://firo.org/
FIRO-RUB,Firo RUB,FIRO,RUB,Firo (FIRO) is a cryptocurrency. Users are able to generate FIRO through the process of mining.,CCC,https://firo.org/
FIRO-USD,Firo USD,FIRO,USD,Firo (FIRO) is a cryptocurrency. Users are able to generate FIRO through the process of mining.,CCC,https://firo.org/
FLASH-ETH,Flash ETH,FLASH,ETH,Flash (FLASH) is a cryptocurrency.,CCC,https://flashcoin.io/
FLASH-EUR,Flash EUR,FLASH,EUR,Flash (FLASH) is a cryptocurrency.,CCC,https://flashcoin.io/
FLASH-GBP,Flash GBP,FLASH,GBP,Flash (FLASH) is a cryptocurrency.,CCC,https://flashcoin.io/
FLASH-INR,Flash INR,FLASH,INR,Flash (FLASH) is a cryptocurrency.,CCC,https://flashcoin.io/
FLASH-JPY,Flash JPY,FLASH,JPY,Flash (FLASH) is a cryptocurrency.,CCC,https://flashcoin.io/
FLASH-KRW,Flash KRW,FLASH,KRW,Flash (FLASH) is a cryptocurrency.,CCC,https://flashcoin.io/
FLASH-RUB,Flash RUB,FLASH,RUB,Flash (FLASH) is a cryptocurrency.,CCC,https://flashcoin.io/
FLASH-USD,Flash USD,FLASH,USD,Flash (FLASH) is a cryptocurrency.,CCC,https://flashcoin.io/
FO-CAD,FIBOS CAD,FO,CAD,FIBOS (FO) is a cryptocurrency. Users are able to generate FO through the process of mining.,CCC,https://fibos.io/
FO-CNY,FIBOS CNY,FO,CNY,FIBOS (FO) is a cryptocurrency. Users are able to generate FO through the process of mining.,CCC,https://fibos.io/
FO-ETH,FIBOS ETH,FO,ETH,FIBOS (FO) is a cryptocurrency. Users are able to generate FO through the process of mining.,CCC,https://fibos.io/
FO-EUR,FIBOS EUR,FO,EUR,FIBOS (FO) is a cryptocurrency. Users are able to generate FO through the process of mining.,CCC,https://fibos.io/
FO-GBP,FIBOS GBP,FO,GBP,FIBOS (FO) is a cryptocurrency. Users are able to generate FO through the process of mining.,CCC,https://fibos.io/
FO-INR,FIBOS INR,FO,INR,FIBOS (FO) is a cryptocurrency. Users are able to generate FO through the process of mining.,CCC,https://fibos.io/
FO-JPY,FIBOS JPY,FO,JPY,FIBOS (FO) is a cryptocurrency. Users are able to generate FO through the process of mining.,CCC,https://fibos.io/
FO-KRW,FIBOS KRW,FO,KRW,FIBOS (FO) is a cryptocurrency. Users are able to generate FO through the process of mining.,CCC,https://fibos.io/
FO-RUB,FIBOS RUB,FO,RUB,FIBOS (FO) is a cryptocurrency. Users are able to generate FO through the process of mining.,CCC,https://fibos.io/
FO-USD,FIBOS USD,FO,USD,FIBOS (FO) is a cryptocurrency. Users are able to generate FO through the process of mining.,CCC,https://fibos.io/
FRST-AUD,FirstCoin AUD,FRST,AUD,FirstCoin (FRST) is a cryptocurrency. Users are able to generate FRST through the process of mining.,CCC,http://firstcoinproject.com/
FRST-BTC,FirstCoin BTC,FRST,BTC,FirstCoin (FRST) is a cryptocurrency. Users are able to generate FRST through the process of mining.,CCC,http://firstcoinproject.com/
FRST-CAD,FirstCoin CAD,FRST,CAD,FirstCoin (FRST) is a cryptocurrency. Users are able to generate FRST through the process of mining.,CCC,http://firstcoinproject.com/
FRST-CNY,FirstCoin CNY,FRST,CNY,FirstCoin (FRST) is a cryptocurrency. Users are able to generate FRST through the process of mining.,CCC,http://firstcoinproject.com/
FRST-ETH,FirstCoin ETH,FRST,ETH,FirstCoin (FRST) is a cryptocurrency. Users are able to generate FRST through the process of mining.,CCC,http://firstcoinproject.com/
FRST-EUR,FirstCoin EUR,FRST,EUR,FirstCoin (FRST) is a cryptocurrency. Users are able to generate FRST through the process of mining.,CCC,http://firstcoinproject.com/
FRST-GBP,FirstCoin GBP,FRST,GBP,FirstCoin (FRST) is a cryptocurrency. Users are able to generate FRST through the process of mining.,CCC,http://firstcoinproject.com/
FRST-INR,FirstCoin INR,FRST,INR,FirstCoin (FRST) is a cryptocurrency. Users are able to generate FRST through the process of mining.,CCC,http://firstcoinproject.com/
FRST-KRW,FirstCoin KRW,FRST,KRW,FirstCoin (FRST) is a cryptocurrency. Users are able to generate FRST through the process of mining.,CCC,http://firstcoinproject.com/
FRST-USD,FirstCoin USD,FRST,USD,FirstCoin (FRST) is a cryptocurrency. Users are able to generate FRST through the process of mining.,CCC,http://firstcoinproject.com/
FTC-CAD,Feathercoin CAD,FTC,CAD,Feathercoin (FTC) is a cryptocurrency. Users are able to generate FTC through the process of mining.,CCC,http://feathercoin.com
FTC-CNY,Feathercoin CNY,FTC,CNY,Feathercoin (FTC) is a cryptocurrency. Users are able to generate FTC through the process of mining.,CCC,http://feathercoin.com
FTC-ETH,Feathercoin ETH,FTC,ETH,Feathercoin (FTC) is a cryptocurrency. Users are able to generate FTC through the process of mining.,CCC,http://feathercoin.com
FTC-EUR,Feathercoin EUR,FTC,EUR,Feathercoin (FTC) is a cryptocurrency. Users are able to generate FTC through the process of mining.,CCC,http://feathercoin.com
FTC-GBP,Feathercoin GBP,FTC,GBP,Feathercoin (FTC) is a cryptocurrency. Users are able to generate FTC through the process of mining.,CCC,http://feathercoin.com
FTC-INR,Feathercoin INR,FTC,INR,Feathercoin (FTC) is a cryptocurrency. Users are able to generate FTC through the process of mining.,CCC,http://feathercoin.com
FTC-JPY,Feathercoin JPY,FTC,JPY,Feathercoin (FTC) is a cryptocurrency. Users are able to generate FTC through the process of mining.,CCC,http://feathercoin.com
FTC-KRW,Feathercoin KRW,FTC,KRW,Feathercoin (FTC) is a cryptocurrency. Users are able to generate FTC through the process of mining.,CCC,http://feathercoin.com
FTC-RUB,Feathercoin RUB,FTC,RUB,Feathercoin (FTC) is a cryptocurrency. Users are able to generate FTC through the process of mining.,CCC,http://feathercoin.com
FTC-USD,Feathercoin USD,FTC,USD,Feathercoin (FTC) is a cryptocurrency. Users are able to generate FTC through the process of mining.,CCC,http://feathercoin.com
FUN-BTC,FunFair BTC,FUN,BTC,FUNToken (FUN) is a cryptocurrency and operates on the Ethereum platform.,CCC,https://funtoken.io/
FUN-CAD,FunFair CAD,FUN,CAD,FUNToken (FUN) is a cryptocurrency and operates on the Ethereum platform.,CCC,https://funtoken.io/
FUN-CNY,FunFair CNY,FUN,CNY,FUNToken (FUN) is a cryptocurrency and operates on the Ethereum platform.,CCC,https://funtoken.io/
FUN-ETH,FunFair ETH,FUN,ETH,FUNToken (FUN) is a cryptocurrency and operates on the Ethereum platform.,CCC,https://funtoken.io/
FUN-EUR,FunFair EUR,FUN,EUR,FUNToken (FUN) is a cryptocurrency and operates on the Ethereum platform.,CCC,https://funtoken.io/
FUN-GBP,FunFair GBP,FUN,GBP,FUNToken (FUN) is a cryptocurrency and operates on the Ethereum platform.,CCC,https://funtoken.io/
FUN-INR,FunFair INR,FUN,INR,FUNToken (FUN) is a cryptocurrency and operates on the Ethereum platform.,CCC,https://funtoken.io/
FUN-KRW,FunFair KRW,FUN,KRW,FUNToken (FUN) is a cryptocurrency and operates on the Ethereum platform.,CCC,https://funtoken.io/
FUN-RUB,FunFair RUB,FUN,RUB,FUNToken (FUN) is a cryptocurrency and operates on the Ethereum platform.,CCC,https://funtoken.io/
FUN-USD,FunFair USD,FUN,USD,FUNToken (FUN) is a cryptocurrency and operates on the Ethereum platform.,CCC,https://funtoken.io/
GAME-AUD,GameCredits AUD,GAME,AUD,GameCredits (GAME) is a cryptocurrency and operates on the Ethereum platform.,CCC,https://gamecredits.org/
GAME-BTC,GameCredits BTC,GAME,BTC,GameCredits (GAME) is a cryptocurrency and operates on the Ethereum platform.,CCC,https://gamecredits.org/
GAME-ETH,GameCredits ETH,GAME,ETH,GameCredits (GAME) is a cryptocurrency and operates on the Ethereum platform.,CCC,https://gamecredits.org/
GAME-EUR,GameCredits EUR,GAME,EUR,GameCredits (GAME) is a cryptocurrency and operates on the Ethereum platform.,CCC,https://gamecredits.org/
GAME-GBP,GameCredits GBP,GAME,GBP,GameCredits (GAME) is a cryptocurrency and operates on the Ethereum platform.,CCC,https://gamecredits.org/
GAME-INR,GameCredits INR,GAME,INR,GameCredits (GAME) is a cryptocurrency and operates on the Ethereum platform.,CCC,https://gamecredits.org/
GAME-JPY,GameCredits JPY,GAME,JPY,GameCredits (GAME) is a cryptocurrency and operates on the Ethereum platform.,CCC,https://gamecredits.org/
GAME-KRW,GameCredits KRW,GAME,KRW,GameCredits (GAME) is a cryptocurrency and operates on the Ethereum platform.,CCC,https://gamecredits.org/
GAME-RUB,GameCredits RUB,GAME,RUB,GameCredits (GAME) is a cryptocurrency and operates on the Ethereum platform.,CCC,https://gamecredits.org/
GAME-USD,GameCredits USD,GAME,USD,GameCredits (GAME) is a cryptocurrency and operates on the Ethereum platform.,CCC,https://gamecredits.org/
GBYTE-BTC,Obyte BTC,GBYTE,BTC,Obyte (GBYTE) is a cryptocurrency.,CCC,https://obyte.org/
GBYTE-CAD,Obyte CAD,GBYTE,CAD,Obyte (GBYTE) is a cryptocurrency.,CCC,https://obyte.org/
GBYTE-CNY,Obyte CNY,GBYTE,CNY,Obyte (GBYTE) is a cryptocurrency.,CCC,https://obyte.org/
GBYTE-ETH,Obyte ETH,GBYTE,ETH,Obyte (GBYTE) is a cryptocurrency.,CCC,https://obyte.org/
GBYTE-EUR,Obyte EUR,GBYTE,EUR,Obyte (GBYTE) is a cryptocurrency.,CCC,https://obyte.org/
GBYTE-GBP,Obyte GBP,GBYTE,GBP,Obyte (GBYTE) is a cryptocurrency.,CCC,https://obyte.org/
GBYTE-INR,Obyte INR,GBYTE,INR,Obyte (GBYTE) is a cryptocurrency.,CCC,https://obyte.org/
GBYTE-JPY,Obyte JPY,GBYTE,JPY,Obyte (GBYTE) is a cryptocurrency.,CCC,https://obyte.org/
GBYTE-KRW,Obyte KRW,GBYTE,KRW,Obyte (GBYTE) is a cryptocurrency.,CCC,https://obyte.org/
GBYTE-USD,Obyte USD,GBYTE,USD,Obyte (GBYTE) is a cryptocurrency.,CCC,https://obyte.org/
GCC1-BTC,GlobalCryptocurrency BTC,GCC1,BTC,Global Cryptocurrency (GCC) is a cryptocurrency.,CCC,https://www.thegcccoin.com/
GCC1-CAD,GlobalCryptocurrency CAD,GCC1,CAD,Global Cryptocurrency (GCC) is a cryptocurrency.,CCC,https://www.thegcccoin.com/
GCC1-CNY,GlobalCryptocurrency CNY,GCC1,CNY,Global Cryptocurrency (GCC) is a cryptocurrency.,CCC,https://www.thegcccoin.com/
GCC1-ETH,GlobalCryptocurrency ETH,GCC1,ETH,Global Cryptocurrency (GCC) is a cryptocurrency.,CCC,https://www.thegcccoin.com/
GCC1-EUR,GlobalCryptocurrency EUR,GCC1,EUR,Global Cryptocurrency (GCC) is a cryptocurrency.,CCC,https://www.thegcccoin.com/
GCC1-GBP,GlobalCryptocurrency GBP,GCC1,GBP,Global Cryptocurrency (GCC) is a cryptocurrency.,CCC,https://www.thegcccoin.com/
GCC1-INR,GlobalCryptocurrency INR,GCC1,INR,Global Cryptocurrency (GCC) is a cryptocurrency.,CCC,https://www.thegcccoin.com/
GCC1-JPY,GlobalCryptocurrency JPY,GCC1,JPY,Global Cryptocurrency (GCC) is a cryptocurrency.,CCC,https://www.thegcccoin.com/
GCC1-KRW,GlobalCryptocurrency KRW,GCC1,KRW,Global Cryptocurrency (GCC) is a cryptocurrency.,CCC,https://www.thegcccoin.com/
GCC1-RUB,GlobalCryptocurrency RUB,GCC1,RUB,Global Cryptocurrency (GCC) is a cryptocurrency.,CCC,https://www.thegcccoin.com/
GCC1-USD,GlobalCryptocurrency USD,GCC1,USD,Global Cryptocurrency (GCC) is a cryptocurrency.,CCC,https://www.thegcccoin.com/
GHOST-CAD,GHOSTPRISM CAD,GHOST,CAD,GHOSTPRISM (GHOST) is a cryptocurrency.,CCC,https://ghostxprism.com/
GHOST-CNY,GHOSTPRISM CNY,GHOST,CNY,GHOSTPRISM (GHOST) is a cryptocurrency.,CCC,https://ghostxprism.com/
GHOST-ETH,GHOSTPRISM ETH,GHOST,ETH,GHOSTPRISM (GHOST) is a cryptocurrency.,CCC,https://ghostxprism.com/
GHOST-EUR,GHOSTPRISM EUR,GHOST,EUR,GHOSTPRISM (GHOST) is a cryptocurrency.,CCC,https://ghostxprism.com/
GHOST-GBP,GHOSTPRISM GBP,GHOST,GBP,GHOSTPRISM (GHOST) is a cryptocurrency.,CCC,https://ghostxprism.com/
GHOST-INR,GHOSTPRISM INR,GHOST,INR,GHOSTPRISM (GHOST) is a cryptocurrency.,CCC,https://ghostxprism.com/
GHOST-JPY,GHOSTPRISM JPY,GHOST,JPY,GHOSTPRISM (GHOST) is a cryptocurrency.,CCC,https://ghostxprism.com/
GHOST-KRW,GHOSTPRISM KRW,GHOST,KRW,GHOSTPRISM (GHOST) is a cryptocurrency.,CCC,https://ghostxprism.com/
GHOST-RUB,GHOSTPRISM RUB,GHOST,RUB,GHOSTPRISM (GHOST) is a cryptocurrency.,CCC,https://ghostxprism.com/
GHOST-USD,GHOSTPRISM USD,GHOST,USD,GHOSTPRISM (GHOST) is a cryptocurrency.,CCC,https://ghostxprism.com/
GHOST1-CAD,GHOST CAD,GHOST1,CAD,Ghost (GHOST) is a cryptocurrency.,CCC,https://ghostbyjohnmcafee.com/
GHOST1-CNY,GHOST CNY,GHOST1,CNY,Ghost (GHOST) is a cryptocurrency.,CCC,https://ghostbyjohnmcafee.com/
GHOST1-ETH,GHOST ETH,GHOST1,ETH,Ghost (GHOST) is a cryptocurrency.,CCC,https://ghostbyjohnmcafee.com/
GHOST1-EUR,GHOST EUR,GHOST1,EUR,Ghost (GHOST) is a cryptocurrency.,CCC,https://ghostbyjohnmcafee.com/
GHOST1-GBP,GHOST GBP,GHOST1,GBP,Ghost (GHOST) is a cryptocurrency.,CCC,https://ghostbyjohnmcafee.com/
GHOST1-INR,GHOST INR,GHOST1,INR,Ghost (GHOST) is a cryptocurrency.,CCC,https://ghostbyjohnmcafee.com/
GHOST1-JPY,GHOST JPY,GHOST1,JPY,Ghost (GHOST) is a cryptocurrency.,CCC,https://ghostbyjohnmcafee.com/
GHOST1-KRW,GHOST KRW,GHOST1,KRW,Ghost (GHOST) is a cryptocurrency.,CCC,https://ghostbyjohnmcafee.com/
GHOST1-RUB,GHOST RUB,GHOST1,RUB,Ghost (GHOST) is a cryptocurrency.,CCC,https://ghostbyjohnmcafee.com/
GHOST1-USD,GHOST USD,GHOST1,USD,Ghost (GHOST) is a cryptocurrency.,CCC,https://ghostbyjohnmcafee.com/
GLEEC-CAD,Gleec CAD,GLEEC,CAD,Gleec (GLEEC) is a cryptocurrency.,CCC,https://gleec.com/
GLEEC-CNY,Gleec CNY,GLEEC,CNY,Gleec (GLEEC) is a cryptocurrency.,CCC,https://gleec.com/
GLEEC-ETH,Gleec ETH,GLEEC,ETH,Gleec (GLEEC) is a cryptocurrency.,CCC,https://gleec.com/
GLEEC-EUR,Gleec EUR,GLEEC,EUR,Gleec (GLEEC) is a cryptocurrency.,CCC,https://gleec.com/
GLEEC-GBP,Gleec GBP,GLEEC,GBP,Gleec (GLEEC) is a cryptocurrency.,CCC,https://gleec.com/
GLEEC-INR,Gleec INR,GLEEC,INR,Gleec (GLEEC) is a cryptocurrency.,CCC,https://gleec.com/
GLEEC-JPY,Gleec JPY,GLEEC,JPY,Gleec (GLEEC) is a cryptocurrency.,CCC,https://gleec.com/
GLEEC-KRW,Gleec KRW,GLEEC,KRW,Gleec (GLEEC) is a cryptocurrency.,CCC,https://gleec.com/
GLEEC-RUB,Gleec RUB,GLEEC,RUB,Gleec (GLEEC) is a cryptocurrency.,CCC,https://gleec.com/
GLEEC-USD,Gleec USD,GLEEC,USD,Gleec (GLEEC) is a cryptocurrency.,CCC,https://gleec.com/
GLM-CAD,Golem CAD,GLM,CAD,Golem (GLM) is a cryptocurrency and operates on the Ethereum platform.,CCC,https://golem.network/
GLM-CNY,Golem CNY,GLM,CNY,Golem (GLM) is a cryptocurrency and operates on the Ethereum platform.,CCC,https://golem.network/
GLM-ETH,Golem ETH,GLM,ETH,Golem (GLM) is a cryptocurrency and operates on the Ethereum platform.,CCC,https://golem.network/
GLM-EUR,Golem EUR,GLM,EUR,Golem (GLM) is a cryptocurrency and operates on the Ethereum platform.,CCC,https://golem.network/
GLM-GBP,Golem GBP,GLM,GBP,Golem (GLM) is a cryptocurrency and operates on the Ethereum platform.,CCC,https://golem.network/
GLM-INR,Golem INR,GLM,INR,Golem (GLM) is a cryptocurrency and operates on the Ethereum platform.,CCC,https://golem.network/
GLM-JPY,Golem JPY,GLM,JPY,Golem (GLM) is a cryptocurrency and operates on the Ethereum platform.,CCC,https://golem.network/
GLM-KRW,Golem KRW,GLM,KRW,Golem (GLM) is a cryptocurrency and operates on the Ethereum platform.,CCC,https://golem.network/
GLM-RUB,Golem RUB,GLM,RUB,Golem (GLM) is a cryptocurrency and operates on the Ethereum platform.,CCC,https://golem.network/
GLM-USD,Golem USD,GLM,USD,Golem (GLM) is a cryptocurrency and operates on the Ethereum platform.,CCC,https://golem.network/
GNO-CAD,Gnosis CAD,GNO,CAD,Gnosis (GNO) is a cryptocurrency and operates on the Ethereum platform.,CCC,https://gnosis.io/
GNO-CNY,Gnosis CNY,GNO,CNY,Gnosis (GNO) is a cryptocurrency and operates on the Ethereum platform.,CCC,https://gnosis.io/
GNO-ETH,Gnosis ETH,GNO,ETH,Gnosis (GNO) is a cryptocurrency and operates on the Ethereum platform.,CCC,https://gnosis.io/
GNO-EUR,Gnosis EUR,GNO,EUR,Gnosis (GNO) is a cryptocurrency and operates on the Ethereum platform.,CCC,https://gnosis.io/
GNO-GBP,Gnosis GBP,GNO,GBP,Gnosis (GNO) is a cryptocurrency and operates on the Ethereum platform.,CCC,https://gnosis.io/
GNO-INR,Gnosis INR,GNO,INR,Gnosis (GNO) is a cryptocurrency and operates on the Ethereum platform.,CCC,https://gnosis.io/
GNO-JPY,Gnosis JPY,GNO,JPY,Gnosis (GNO) is a cryptocurrency and operates on the Ethereum platform.,CCC,https://gnosis.io/
GNO-KRW,Gnosis KRW,GNO,KRW,Gnosis (GNO) is a cryptocurrency and operates on the Ethereum platform.,CCC,https://gnosis.io/
GNO-RUB,Gnosis RUB,GNO,RUB,Gnosis (GNO) is a cryptocurrency and operates on the Ethereum platform.,CCC,https://gnosis.io/
GNO-USD,Gnosis USD,GNO,USD,Gnosis (GNO) is a cryptocurrency and operates on the Ethereum platform.,CCC,https://gnosis.io/
GO-CAD,GoChain CAD,GO,CAD,GoChain (GO) is a cryptocurrency.,CCC,https://gochain.io/
GO-CNY,GoChain CNY,GO,CNY,GoChain (GO) is a cryptocurrency.,CCC,https://gochain.io/
GO-ETH,GoChain ETH,GO,ETH,GoChain (GO) is a cryptocurrency.,CCC,https://gochain.io/
GO-EUR,GoChain EUR,GO,EUR,GoChain (GO) is a cryptocurrency.,CCC,https://gochain.io/
GO-GBP,GoChain GBP,GO,GBP,GoChain (GO) is a cryptocurrency.,CCC,https://gochain.io/
GO-INR,GoChain INR,GO,INR,GoChain (GO) is a cryptocurrency.,CCC,https://gochain.io/
GO-JPY,GoChain JPY,GO,JPY,GoChain (GO) is a cryptocurrency.,CCC,https://gochain.io/
GO-KRW,GoChain KRW,GO,KRW,GoChain (GO) is a cryptocurrency.,CCC,https://gochain.io/
GO-RUB,GoChain RUB,GO,RUB,GoChain (GO) is a cryptocurrency.,CCC,https://gochain.io/
GO-USD,GoChain USD,GO,USD,GoChain (GO) is a cryptocurrency.,CCC,https://gochain.io/
GRC-CAD,GridCoin CAD,GRC,CAD,Gridcoin (GRC) is a cryptocurrency. Users are able to generate GRC through the process of mining.,CCC,http://www.gridcoin.us/
GRC-CNY,GridCoin CNY,GRC,CNY,Gridcoin (GRC) is a cryptocurrency. Users are able to generate GRC through the process of mining.,CCC,http://www.gridcoin.us/
GRC-ETH,GridCoin ETH,GRC,ETH,Gridcoin (GRC) is a cryptocurrency. Users are able to generate GRC through the process of mining.,CCC,http://www.gridcoin.us/
GRC-EUR,GridCoin EUR,GRC,EUR,Gridcoin (GRC) is a cryptocurrency. Users are able to generate GRC through the process of mining.,CCC,http://www.gridcoin.us/
GRC-GBP,GridCoin GBP,GRC,GBP,Gridcoin (GRC) is a cryptocurrency. Users are able to generate GRC through the process of mining.,CCC,http://www.gridcoin.us/
GRC-INR,GridCoin INR,GRC,INR,Gridcoin (GRC) is a cryptocurrency. Users are able to generate GRC through the process of mining.,CCC,http://www.gridcoin.us/
GRC-JPY,GridCoin JPY,GRC,JPY,Gridcoin (GRC) is a cryptocurrency. Users are able to generate GRC through the process of mining.,CCC,http://www.gridcoin.us/
GRC-KRW,GridCoin KRW,GRC,KRW,Gridcoin (GRC) is a cryptocurrency. Users are able to generate GRC through the process of mining.,CCC,http://www.gridcoin.us/
GRC-RUB,GridCoin RUB,GRC,RUB,Gridcoin (GRC) is a cryptocurrency. Users are able to generate GRC through the process of mining.,CCC,http://www.gridcoin.us/
GRC-USD,GridCoin USD,GRC,USD,Gridcoin (GRC) is a cryptocurrency. Users are able to generate GRC through the process of mining.,CCC,http://www.gridcoin.us/
GRN-BTC,GreenPower BTC,GRN,BTC,GreenPower (GRN) is a cryptocurrency.,CCC,https://www.grnpower.io/
GRN-RUB,GreenPower RUB,GRN,RUB,GreenPower (GRN) is a cryptocurrency.,CCC,https://www.grnpower.io/
GRN-USD,GreenPower USD,GRN,USD,GreenPower (GRN) is a cryptocurrency.,CCC,https://www.grnpower.io/
GRS-CAD,Groestlcoin CAD,GRS,CAD,Groestlcoin (GRS) is a cryptocurrency. Users are able to generate GRS through the process of mining.,CCC,http://www.groestlcoin.org/
GRS-CNY,Groestlcoin CNY,GRS,CNY,Groestlcoin (GRS) is a cryptocurrency. Users are able to generate GRS through the process of mining.,CCC,http://www.groestlcoin.org/
GRS-ETH,Groestlcoin ETH,GRS,ETH,Groestlcoin (GRS) is a cryptocurrency. Users are able to generate GRS through the process of mining.,CCC,http://www.groestlcoin.org/
GRS-EUR,Groestlcoin EUR,GRS,EUR,Groestlcoin (GRS) is a cryptocurrency. Users are able to generate GRS through the process of mining.,CCC,http://www.groestlcoin.org/
GRS-GBP,Groestlcoin GBP,GRS,GBP,Groestlcoin (GRS) is a cryptocurrency. Users are able to generate GRS through the process of mining.,CCC,http://www.groestlcoin.org/
GRS-INR,Groestlcoin INR,GRS,INR,Groestlcoin (GRS) is a cryptocurrency. Users are able to generate GRS through the process of mining.,CCC,http://www.groestlcoin.org/
GRS-JPY,Groestlcoin JPY,GRS,JPY,Groestlcoin (GRS) is a cryptocurrency. Users are able to generate GRS through the process of mining.,CCC,http://www.groestlcoin.org/
GRS-KRW,Groestlcoin KRW,GRS,KRW,Groestlcoin (GRS) is a cryptocurrency. Users are able to generate GRS through the process of mining.,CCC,http://www.groestlcoin.org/
GRS-RUB,Groestlcoin RUB,GRS,RUB,Groestlcoin (GRS) is a cryptocurrency. Users are able to generate GRS through the process of mining.,CCC,http://www.groestlcoin.org/
GRS-USD,Groestlcoin USD,GRS,USD,Groestlcoin (GRS) is a cryptocurrency. Users are able to generate GRS through the process of mining.,CCC,http://www.groestlcoin.org/
GRT2-CAD,TheGraph CAD,GRT2,CAD,The Graph (GRT) is a cryptocurrency and operates on the Ethereum platform.,CCC,https://thegraph.com
GRT2-CNY,TheGraph CNY,GRT2,CNY,The Graph (GRT) is a cryptocurrency and operates on the Ethereum platform.,CCC,https://thegraph.com
GRT2-ETH,TheGraph ETH,GRT2,ETH,The Graph (GRT) is a cryptocurrency and operates on the Ethereum platform.,CCC,https://thegraph.com
GRT2-EUR,TheGraph EUR,GRT2,EUR,The Graph (GRT) is a cryptocurrency and operates on the Ethereum platform.,CCC,https://thegraph.com
GRT2-GBP,TheGraph GBP,GRT2,GBP,The Graph (GRT) is a cryptocurrency and operates on the Ethereum platform.,CCC,https://thegraph.com
GRT2-INR,TheGraph INR,GRT2,INR,The Graph (GRT) is a cryptocurrency and operates on the Ethereum platform.,CCC,https://thegraph.com
GRT2-JPY,TheGraph JPY,GRT2,JPY,The Graph (GRT) is a cryptocurrency and operates on the Ethereum platform.,CCC,https://thegraph.com
GRT2-KRW,TheGraph KRW,GRT2,KRW,The Graph (GRT) is a cryptocurrency and operates on the Ethereum platform.,CCC,https://thegraph.com
GRT2-RUB,TheGraph RUB,GRT2,RUB,The Graph (GRT) is a cryptocurrency and operates on the Ethereum platform.,CCC,https://thegraph.com
GRT2-USD,TheGraph USD,GRT2,USD,The Graph (GRT) is a cryptocurrency and operates on the Ethereum platform.,CCC,https://thegraph.com
GXC-CAD,GXChain CAD,GXC,CAD,GXChain (GXC) is a cryptocurrency.,CCC,https://gxs.gxb.io/en/
GXC-CNY,GXChain CNY,GXC,CNY,GXChain (GXC) is a cryptocurrency.,CCC,https://gxs.gxb.io/en/
GXC-ETH,GXChain ETH,GXC,ETH,GXChain (GXC) is a cryptocurrency.,CCC,https://gxs.gxb.io/en/
GXC-EUR,GXChain EUR,GXC,EUR,GXChain (GXC) is a cryptocurrency.,CCC,https://gxs.gxb.io/en/
GXC-GBP,GXChain GBP,GXC,GBP,GXChain (GXC) is a cryptocurrency.,CCC,https://gxs.gxb.io/en/
GXC-INR,GXChain INR,GXC,INR,GXChain (GXC) is a cryptocurrency.,CCC,https://gxs.gxb.io/en/
GXC-JPY,GXChain JPY,GXC,JPY,GXChain (GXC) is a cryptocurrency.,CCC,https://gxs.gxb.io/en/
GXC-KRW,GXChain KRW,GXC,KRW,GXChain (GXC) is a cryptocurrency.,CCC,https://gxs.gxb.io/en/
GXC-RUB,GXChain RUB,GXC,RUB,GXChain (GXC) is a cryptocurrency.,CCC,https://gxs.gxb.io/en/
GXC-USD,GXChain USD,GXC,USD,GXChain (GXC) is a cryptocurrency.,CCC,https://gxs.gxb.io/en/
HBAR-AUD,HederaHashgraph AUD,HBAR,AUD,Hedera Hashgraph (HBAR) is a cryptocurrency.,CCC,https://www.hedera.com/
HBAR-BTC,HederaHashgraph BTC,HBAR,BTC,Hedera Hashgraph (HBAR) is a cryptocurrency.,CCC,https://www.hedera.com/
HBAR-CAD,HederaHashgraph CAD,HBAR,CAD,Hedera Hashgraph (HBAR) is a cryptocurrency.,CCC,https://www.hedera.com/
HBAR-CNY,HederaHashgraph CNY,HBAR,CNY,Hedera Hashgraph (HBAR) is a cryptocurrency.,CCC,https://www.hedera.com/
HBAR-ETH,HederaHashgraph ETH,HBAR,ETH,Hedera Hashgraph (HBAR) is a cryptocurrency.,CCC,https://www.hedera.com/
HBAR-EUR,HederaHashgraph EUR,HBAR,EUR,Hedera Hashgraph (HBAR) is a cryptocurrency.,CCC,https://www.hedera.com/
HBAR-GBP,HederaHashgraph GBP,HBAR,GBP,Hedera Hashgraph (HBAR) is a cryptocurrency.,CCC,https://www.hedera.com/
HBAR-INR,HederaHashgraph INR,HBAR,INR,Hedera Hashgraph (HBAR) is a cryptocurrency.,CCC,https://www.hedera.com/
HBAR-JPY,HederaHashgraph JPY,HBAR,JPY,Hedera Hashgraph (HBAR) is a cryptocurrency.,CCC,https://www.hedera.com/
HBAR-KRW,HederaHashgraph KRW,HBAR,KRW,Hedera Hashgraph (HBAR) is a cryptocurrency.,CCC,https://www.hedera.com/
HBAR-RUB,HederaHashgraph RUB,HBAR,RUB,Hedera Hashgraph (HBAR) is a cryptocurrency.,CCC,https://www.hedera.com/
HBAR-USD,HederaHashgraph USD,HBAR,USD,Hedera Hashgraph (HBAR) is a cryptocurrency.,CCC,https://www.hedera.com/
HC-CAD,HyperCash CAD,HC,CAD,HyperCash (HC) is a cryptocurrency. Users are able to generate HC through the process of mining.,CCC,https://h.cash/
HC-CNY,HyperCash CNY,HC,CNY,HyperCash (HC) is a cryptocurrency. Users are able to generate HC through the process of mining.,CCC,https://h.cash/
HC-ETH,HyperCash ETH,HC,ETH,HyperCash (HC) is a cryptocurrency. Users are able to generate HC through the process of mining.,CCC,https://h.cash/
HC-EUR,HyperCash EUR,HC,EUR,HyperCash (HC) is a cryptocurrency. Users are able to generate HC through the process of mining.,CCC,https://h.cash/
HC-GBP,HyperCash GBP,HC,GBP,HyperCash (HC) is a cryptocurrency. Users are able to generate HC through the process of mining.,CCC,https://h.cash/
HC-INR,HyperCash INR,HC,INR,HyperCash (HC) is a cryptocurrency. Users are able to generate HC through the process of mining.,CCC,https://h.cash/
HC-JPY,HyperCash JPY,HC,JPY,HyperCash (HC) is a cryptocurrency. Users are able to generate HC through the process of mining.,CCC,https://h.cash/
HC-KRW,HyperCash KRW,HC,KRW,HyperCash (HC) is a cryptocurrency. Users are able to generate HC through the process of mining.,CCC,https://h.cash/
HC-RUB,HyperCash RUB,HC,RUB,HyperCash (HC) is a cryptocurrency. Users are able to generate HC through the process of mining.,CCC,https://h.cash/
HC-USD,HyperCash USD,HC,USD,HyperCash (HC) is a cryptocurrency. Users are able to generate HC through the process of mining.,CCC,https://h.cash/
HIVE-KRW,Hive KRW,HIVE,KRW,Hive (HIVE) is a cryptocurrency launched in 2020.,CCC,https://hive.io/
HIVE-RUB,Hive RUB,HIVE,RUB,Hive (HIVE) is a cryptocurrency launched in 2020.,CCC,https://hive.io/
HIVE-USD,Hive USD,HIVE,USD,Hive (HIVE) is a cryptocurrency launched in 2020.,CCC,https://hive.io/
HNC-AUD,Helleniccoin AUD,HNC,AUD,Hellenic Coin (HNC) is a cryptocurrency. Users are able to generate HNC through the process of mining.,CCC,http://www.helleniccoin.com/
HNC-CNY,Helleniccoin CNY,HNC,CNY,Hellenic Coin (HNC) is a cryptocurrency. Users are able to generate HNC through the process of mining.,CCC,http://www.helleniccoin.com/
HNC-ETH,Helleniccoin ETH,HNC,ETH,Hellenic Coin (HNC) is a cryptocurrency. Users are able to generate HNC through the process of mining.,CCC,http://www.helleniccoin.com/
HNC-EUR,Helleniccoin EUR,HNC,EUR,Hellenic Coin (HNC) is a cryptocurrency. Users are able to generate HNC through the process of mining.,CCC,http://www.helleniccoin.com/
HNC-GBP,Helleniccoin GBP,HNC,GBP,Hellenic Coin (HNC) is a cryptocurrency. Users are able to generate HNC through the process of mining.,CCC,http://www.helleniccoin.com/
HNC-INR,Helleniccoin INR,HNC,INR,Hellenic Coin (HNC) is a cryptocurrency. Users are able to generate HNC through the process of mining.,CCC,http://www.helleniccoin.com/
HNC-JPY,Helleniccoin JPY,HNC,JPY,Hellenic Coin (HNC) is a cryptocurrency. Users are able to generate HNC through the process of mining.,CCC,http://www.helleniccoin.com/
HNC-KRW,Helleniccoin KRW,HNC,KRW,Hellenic Coin (HNC) is a cryptocurrency. Users are able to generate HNC through the process of mining.,CCC,http://www.helleniccoin.com/
HNC-RUB,Helleniccoin RUB,HNC,RUB,Hellenic Coin (HNC) is a cryptocurrency. Users are able to generate HNC through the process of mining.,CCC,http://www.helleniccoin.com/
HNC-USD,Helleniccoin USD,HNC,USD,Hellenic Coin (HNC) is a cryptocurrency. Users are able to generate HNC through the process of mining.,CCC,http://www.helleniccoin.com/
HNS-CAD,Handshake CAD,HNS,CAD,Handshake (HNS) is a cryptocurrency.,CCC,https://handshake.org/
HNS-CNY,Handshake CNY,HNS,CNY,Handshake (HNS) is a cryptocurrency.,CCC,https://handshake.org/
HNS-ETH,Handshake ETH,HNS,ETH,Handshake (HNS) is a cryptocurrency.,CCC,https://handshake.org/
HNS-EUR,Handshake EUR,HNS,EUR,Handshake (HNS) is a cryptocurrency.,CCC,https://handshake.org/
HNS-GBP,Handshake GBP,HNS,GBP,Handshake (HNS) is a cryptocurrency.,CCC,https://handshake.org/
HNS-INR,Handshake INR,HNS,INR,Handshake (HNS) is a cryptocurrency.,CCC,https://handshake.org/
HNS-JPY,Handshake JPY,HNS,JPY,Handshake (HNS) is a cryptocurrency.,CCC,https://handshake.org/
HNS-KRW,Handshake KRW,HNS,KRW,Handshake (HNS) is a cryptocurrency.,CCC,https://handshake.org/
HNS-RUB,Handshake RUB,HNS,RUB,Handshake (HNS) is a cryptocurrency.,CCC,https://handshake.org/
HNS-USD,Handshake USD,HNS,USD,Handshake (HNS) is a cryptocurrency.,CCC,https://handshake.org/
HNT1-CAD,Helium CAD,HNT1,CAD,Helium (HNT) is a cryptocurrency. Users are able to generate HNT through the process of mining.,CCC,https://www.helium.com/
HNT1-CNY,Helium CNY,HNT1,CNY,Helium (HNT) is a cryptocurrency. Users are able to generate HNT through the process of mining.,CCC,https://www.helium.com/
HNT1-ETH,Helium ETH,HNT1,ETH,Helium (HNT) is a cryptocurrency. Users are able to generate HNT through the process of mining.,CCC,https://www.helium.com/
HNT1-EUR,Helium EUR,HNT1,EUR,Helium (HNT) is a cryptocurrency. Users are able to generate HNT through the process of mining.,CCC,https://www.helium.com/
HNT1-GBP,Helium GBP,HNT1,GBP,Helium (HNT) is a cryptocurrency. Users are able to generate HNT through the process of mining.,CCC,https://www.helium.com/
HNT1-INR,Helium INR,HNT1,INR,Helium (HNT) is a cryptocurrency. Users are able to generate HNT through the process of mining.,CCC,https://www.helium.com/
HNT1-JPY,Helium JPY,HNT1,JPY,Helium (HNT) is a cryptocurrency. Users are able to generate HNT through the process of mining.,CCC,https://www.helium.com/
HNT1-KRW,Helium KRW,HNT1,KRW,Helium (HNT) is a cryptocurrency. Users are able to generate HNT through the process of mining.,CCC,https://www.helium.com/
HNT1-RUB,Helium RUB,HNT1,RUB,Helium (HNT) is a cryptocurrency. Users are able to generate HNT through the process of mining.,CCC,https://www.helium.com/
HNT1-USD,Helium USD,HNT1,USD,Helium (HNT) is a cryptocurrency. Users are able to generate HNT through the process of mining.,CCC,https://www.helium.com/
HPB-CAD,HighPerformanceBlockchain CAD,HPB,CAD,High Performance Blockchain (HPB) is a cryptocurrency.,CCC,https://www.hpb.io/
HPB-CNY,HighPerformanceBlockchain CNY,HPB,CNY,High Performance Blockchain (HPB) is a cryptocurrency.,CCC,https://www.hpb.io/
HPB-ETH,HighPerformanceBlockchain ETH,HPB,ETH,High Performance Blockchain (HPB) is a cryptocurrency.,CCC,https://www.hpb.io/
HPB-EUR,HighPerformanceBlockchain EUR,HPB,EUR,High Performance Blockchain (HPB) is a cryptocurrency.,CCC,https://www.hpb.io/
HPB-GBP,HighPerformanceBlockchain GBP,HPB,GBP,High Performance Blockchain (HPB) is a cryptocurrency.,CCC,https://www.hpb.io/
HPB-INR,HighPerformanceBlockchain INR,HPB,INR,High Performance Blockchain (HPB) is a cryptocurrency.,CCC,https://www.hpb.io/
HPB-JPY,HighPerformanceBlockchain JPY,HPB,JPY,High Performance Blockchain (HPB) is a cryptocurrency.,CCC,https://www.hpb.io/
HPB-KRW,HighPerformanceBlockchain KRW,HPB,KRW,High Performance Blockchain (HPB) is a cryptocurrency.,CCC,https://www.hpb.io/
HPB-RUB,HighPerformanceBlockchain RUB,HPB,RUB,High Performance Blockchain (HPB) is a cryptocurrency.,CCC,https://www.hpb.io/
HPB-USD,HighPerformanceBlockchain USD,HPB,USD,High Performance Blockchain (HPB) is a cryptocurrency.,CCC,https://www.hpb.io/
HSS-CAD,Hashshare CAD,HSS,CAD,Hashshare (HSS) is a cryptocurrency.,CCC,https://hashshare.org
HSS-CNY,Hashshare CNY,HSS,CNY,Hashshare (HSS) is a cryptocurrency.,CCC,https://hashshare.org
HSS-ETH,Hashshare ETH,HSS,ETH,Hashshare (HSS) is a cryptocurrency.,CCC,https://hashshare.org
HSS-EUR,Hashshare EUR,HSS,EUR,Hashshare (HSS) is a cryptocurrency.,CCC,https://hashshare.org
HSS-GBP,Hashshare GBP,HSS,GBP,Hashshare (HSS) is a cryptocurrency.,CCC,https://hashshare.org
HSS-INR,Hashshare INR,HSS,INR,Hashshare (HSS) is a cryptocurrency.,CCC,https://hashshare.org
HSS-JPY,Hashshare JPY,HSS,JPY,Hashshare (HSS) is a cryptocurrency.,CCC,https://hashshare.org
HSS-KRW,Hashshare KRW,HSS,KRW,Hashshare (HSS) is a cryptocurrency.,CCC,https://hashshare.org
HSS-RUB,Hashshare RUB,HSS,RUB,Hashshare (HSS) is a cryptocurrency.,CCC,https://hashshare.org
HSS-USD,Hashshare USD,HSS,USD,Hashshare (HSS) is a cryptocurrency.,CCC,https://hashshare.org
HTDF-CAD,OrientWalt CAD,HTDF,CAD,Orient Walt (HTDF) is a cryptocurrency.,CCC,https://www.orientwalt.com/
HTDF-CNY,OrientWalt CNY,HTDF,CNY,Orient Walt (HTDF) is a cryptocurrency.,CCC,https://www.orientwalt.com/
HTDF-ETH,OrientWalt ETH,HTDF,ETH,Orient Walt (HTDF) is a cryptocurrency.,CCC,https://www.orientwalt.com/
HTDF-EUR,OrientWalt EUR,HTDF,EUR,Orient Walt (HTDF) is a cryptocurrency.,CCC,https://www.orientwalt.com/
HTDF-GBP,OrientWalt GBP,HTDF,GBP,Orient Walt (HTDF) is a cryptocurrency.,CCC,https://www.orientwalt.com/
HTDF-INR,OrientWalt INR,HTDF,INR,Orient Walt (HTDF) is a cryptocurrency.,CCC,https://www.orientwalt.com/
HTDF-JPY,OrientWalt JPY,HTDF,JPY,Orient Walt (HTDF) is a cryptocurrency.,CCC,https://www.orientwalt.com/
HTDF-KRW,OrientWalt KRW,HTDF,KRW,Orient Walt (HTDF) is a cryptocurrency.,CCC,https://www.orientwalt.com/
HTDF-RUB,OrientWalt RUB,HTDF,RUB,Orient Walt (HTDF) is a cryptocurrency.,CCC,https://www.orientwalt.com/
HTDF-USD,OrientWalt USD,HTDF,USD,Orient Walt (HTDF) is a cryptocurrency.,CCC,https://www.orientwalt.com/
HTML-CAD,HTMLCOIN CAD,HTML,CAD,HTMLCOIN (HTML) is a cryptocurrency. Users are able to generate HTML through the process of mining.,CCC,http://www.htmlcoin.com/
HTML-CNY,HTMLCOIN CNY,HTML,CNY,HTMLCOIN (HTML) is a cryptocurrency. Users are able to generate HTML through the process of mining.,CCC,http://www.htmlcoin.com/
HTML-ETH,HTMLCOIN ETH,HTML,ETH,HTMLCOIN (HTML) is a cryptocurrency. Users are able to generate HTML through the process of mining.,CCC,http://www.htmlcoin.com/
HTML-EUR,HTMLCOIN EUR,HTML,EUR,HTMLCOIN (HTML) is a cryptocurrency. Users are able to generate HTML through the process of mining.,CCC,http://www.htmlcoin.com/
HTML-GBP,HTMLCOIN GBP,HTML,GBP,HTMLCOIN (HTML) is a cryptocurrency. Users are able to generate HTML through the process of mining.,CCC,http://www.htmlcoin.com/
HTML-INR,HTMLCOIN INR,HTML,INR,HTMLCOIN (HTML) is a cryptocurrency. Users are able to generate HTML through the process of mining.,CCC,http://www.htmlcoin.com/
HTML-JPY,HTMLCOIN JPY,HTML,JPY,HTMLCOIN (HTML) is a cryptocurrency. Users are able to generate HTML through the process of mining.,CCC,http://www.htmlcoin.com/
HTML-KRW,HTMLCOIN KRW,HTML,KRW,HTMLCOIN (HTML) is a cryptocurrency. Users are able to generate HTML through the process of mining.,CCC,http://www.htmlcoin.com/
HTML-RUB,HTMLCOIN RUB,HTML,RUB,HTMLCOIN (HTML) is a cryptocurrency. Users are able to generate HTML through the process of mining.,CCC,http://www.htmlcoin.com/
HTML-USD,HTMLCOIN USD,HTML,USD,HTMLCOIN (HTML) is a cryptocurrency. Users are able to generate HTML through the process of mining.,CCC,http://www.htmlcoin.com/
HYC-CNY,HYCON CNY,HYC,CNY,HYCON (HYC) is a cryptocurrency. Users are able to generate HYC through the process of mining.,CCC,https://hycon.io/
HYC-ETH,HYCON ETH,HYC,ETH,HYCON (HYC) is a cryptocurrency. Users are able to generate HYC through the process of mining.,CCC,https://hycon.io/
HYC-EUR,HYCON EUR,HYC,EUR,HYCON (HYC) is a cryptocurrency. Users are able to generate HYC through the process of mining.,CCC,https://hycon.io/
HYC-GBP,HYCON GBP,HYC,GBP,HYCON (HYC) is a cryptocurrency. Users are able to generate HYC through the process of mining.,CCC,https://hycon.io/
HYC-INR,HYCON INR,HYC,INR,HYCON (HYC) is a cryptocurrency. Users are able to generate HYC through the process of mining.,CCC,https://hycon.io/
HYC-JPY,HYCON JPY,HYC,JPY,HYCON (HYC) is a cryptocurrency. Users are able to generate HYC through the process of mining.,CCC,https://hycon.io/
HYC-KRW,HYCON KRW,HYC,KRW,HYCON (HYC) is a cryptocurrency. Users are able to generate HYC through the process of mining.,CCC,https://hycon.io/
HYC-RUB,HYCON RUB,HYC,RUB,HYCON (HYC) is a cryptocurrency. Users are able to generate HYC through the process of mining.,CCC,https://hycon.io/
HYC-USD,HYCON USD,HYC,USD,HYCON (HYC) is a cryptocurrency. Users are able to generate HYC through the process of mining.,CCC,https://hycon.io/
ICX-AUD,ICON AUD,ICX,AUD,ICON (ICX) is a cryptocurrency.,CCC,https://iconrepublic.org/
ICX-BTC,ICON BTC,ICX,BTC,ICON (ICX) is a cryptocurrency.,CCC,https://iconrepublic.org/
ICX-CNY,ICON CNY,ICX,CNY,ICON (ICX) is a cryptocurrency.,CCC,https://iconrepublic.org/
ICX-ETH,ICON ETH,ICX,ETH,ICON (ICX) is a cryptocurrency.,CCC,https://iconrepublic.org/
ICX-EUR,ICON EUR,ICX,EUR,ICON (ICX) is a cryptocurrency.,CCC,https://iconrepublic.org/
ICX-GBP,ICON GBP,ICX,GBP,ICON (ICX) is a cryptocurrency.,CCC,https://iconrepublic.org/
ICX-INR,ICON INR,ICX,INR,ICON (ICX) is a cryptocurrency.,CCC,https://iconrepublic.org/
ICX-JPY,ICON JPY,ICX,JPY,ICON (ICX) is a cryptocurrency.,CCC,https://iconrepublic.org/
ICX-RUB,ICON RUB,ICX,RUB,ICON (ICX) is a cryptocurrency.,CCC,https://iconrepublic.org/
ICX-USD,ICON USD,ICX,USD,ICON (ICX) is a cryptocurrency.,CCC,https://iconrepublic.org/
IDNA-CAD,Idena CAD,IDNA,CAD,Idena (IDNA) is a cryptocurrency.,CCC,https://idena.io/
IDNA-CNY,Idena CNY,IDNA,CNY,Idena (IDNA) is a cryptocurrency.,CCC,https://idena.io/
IDNA-ETH,Idena ETH,IDNA,ETH,Idena (IDNA) is a cryptocurrency.,CCC,https://idena.io/
IDNA-EUR,Idena EUR,IDNA,EUR,Idena (IDNA) is a cryptocurrency.,CCC,https://idena.io/
IDNA-GBP,Idena GBP,IDNA,GBP,Idena (IDNA) is a cryptocurrency.,CCC,https://idena.io/
IDNA-INR,Idena INR,IDNA,INR,Idena (IDNA) is a cryptocurrency.,CCC,https://idena.io/
IDNA-JPY,Idena JPY,IDNA,JPY,Idena (IDNA) is a cryptocurrency.,CCC,https://idena.io/
IDNA-KRW,Idena KRW,IDNA,KRW,Idena (IDNA) is a cryptocurrency.,CCC,https://idena.io/
IDNA-RUB,Idena RUB,IDNA,RUB,Idena (IDNA) is a cryptocurrency.,CCC,https://idena.io/
IDNA-USD,Idena USD,IDNA,USD,Idena (IDNA) is a cryptocurrency.,CCC,https://idena.io/
ILC-CAD,ILCoin CAD,ILC,CAD,ILCOIN (ILC) is a cryptocurrency. Users are able to generate ILC through the process of mining.,CCC,https://ilcoincrypto.com/
ILC-CNY,ILCoin CNY,ILC,CNY,ILCOIN (ILC) is a cryptocurrency. Users are able to generate ILC through the process of mining.,CCC,https://ilcoincrypto.com/
ILC-ETH,ILCoin ETH,ILC,ETH,ILCOIN (ILC) is a cryptocurrency. Users are able to generate ILC through the process of mining.,CCC,https://ilcoincrypto.com/
ILC-EUR,ILCoin EUR,ILC,EUR,ILCOIN (ILC) is a cryptocurrency. Users are able to generate ILC through the process of mining.,CCC,https://ilcoincrypto.com/
ILC-GBP,ILCoin GBP,ILC,GBP,ILCOIN (ILC) is a cryptocurrency. Users are able to generate ILC through the process of mining.,CCC,https://ilcoincrypto.com/
ILC-INR,ILCoin INR,ILC,INR,ILCOIN (ILC) is a cryptocurrency. Users are able to generate ILC through the process of mining.,CCC,https://ilcoincrypto.com/
ILC-JPY,ILCoin JPY,ILC,JPY,ILCOIN (ILC) is a cryptocurrency. Users are able to generate ILC through the process of mining.,CCC,https://ilcoincrypto.com/
ILC-KRW,ILCoin KRW,ILC,KRW,ILCOIN (ILC) is a cryptocurrency. Users are able to generate ILC through the process of mining.,CCC,https://ilcoincrypto.com/
ILC-RUB,ILCoin RUB,ILC,RUB,ILCOIN (ILC) is a cryptocurrency. Users are able to generate ILC through the process of mining.,CCC,https://ilcoincrypto.com/
ILC-USD,ILCoin USD,ILC,USD,ILCOIN (ILC) is a cryptocurrency. Users are able to generate ILC through the process of mining.,CCC,https://ilcoincrypto.com/
INSTAR-CAD,InsightsNetwork CAD,INSTAR,CAD,Insights Network (INSTAR) is a cryptocurrency.,CCC,https://instars.com/
INSTAR-CNY,InsightsNetwork CNY,INSTAR,CNY,Insights Network (INSTAR) is a cryptocurrency.,CCC,https://instars.com/
INSTAR-ETH,InsightsNetwork ETH,INSTAR,ETH,Insights Network (INSTAR) is a cryptocurrency.,CCC,https://instars.com/
INSTAR-EUR,InsightsNetwork EUR,INSTAR,EUR,Insights Network (INSTAR) is a cryptocurrency.,CCC,https://instars.com/
INSTAR-GBP,InsightsNetwork GBP,INSTAR,GBP,Insights Network (INSTAR) is a cryptocurrency.,CCC,https://instars.com/
INSTAR-INR,InsightsNetwork INR,INSTAR,INR,Insights Network (INSTAR) is a cryptocurrency.,CCC,https://instars.com/
INSTAR-JPY,InsightsNetwork JPY,INSTAR,JPY,Insights Network (INSTAR) is a cryptocurrency.,CCC,https://instars.com/
INSTAR-KRW,InsightsNetwork KRW,INSTAR,KRW,Insights Network (INSTAR) is a cryptocurrency.,CCC,https://instars.com/
INSTAR-RUB,InsightsNetwork RUB,INSTAR,RUB,Insights Network (INSTAR) is a cryptocurrency.,CCC,https://instars.com/
INSTAR-USD,InsightsNetwork USD,INSTAR,USD,Insights Network (INSTAR) is a cryptocurrency.,CCC,https://instars.com/
INT-CAD,InternetNodeToken CAD,INT,CAD,INT (INT) is a cryptocurrency.,CCC,https://intchain.io/
INT-CNY,InternetNodeToken CNY,INT,CNY,INT (INT) is a cryptocurrency.,CCC,https://intchain.io/
INT-ETH,InternetNodeToken ETH,INT,ETH,INT (INT) is a cryptocurrency.,CCC,https://intchain.io/
INT-EUR,InternetNodeToken EUR,INT,EUR,INT (INT) is a cryptocurrency.,CCC,https://intchain.io/
INT-GBP,InternetNodeToken GBP,INT,GBP,INT (INT) is a cryptocurrency.,CCC,https://intchain.io/
INT-INR,InternetNodeToken INR,INT,INR,INT (INT) is a cryptocurrency.,CCC,https://intchain.io/
INT-JPY,InternetNodeToken JPY,INT,JPY,INT (INT) is a cryptocurrency.,CCC,https://intchain.io/
INT-KRW,InternetNodeToken KRW,INT,KRW,INT (INT) is a cryptocurrency.,CCC,https://intchain.io/
INT-RUB,InternetNodeToken RUB,INT,RUB,INT (INT) is a cryptocurrency.,CCC,https://intchain.io/
INT-USD,InternetNodeToken USD,INT,USD,INT (INT) is a cryptocurrency.,CCC,https://intchain.io/
IOC-BTC,IOCoin BTC,IOC,BTC,I/O Coin (IOC) is a cryptocurrency.,CCC,http://iocoin.io/
IOC-CAD,IOCoin CAD,IOC,CAD,I/O Coin (IOC) is a cryptocurrency.,CCC,http://iocoin.io/
IOC-CNY,IOCoin CNY,IOC,CNY,I/O Coin (IOC) is a cryptocurrency.,CCC,http://iocoin.io/
IOC-ETH,IOCoin ETH,IOC,ETH,I/O Coin (IOC) is a cryptocurrency.,CCC,http://iocoin.io/
IOC-EUR,IOCoin EUR,IOC,EUR,I/O Coin (IOC) is a cryptocurrency.,CCC,http://iocoin.io/
IOC-GBP,IOCoin GBP,IOC,GBP,I/O Coin (IOC) is a cryptocurrency.,CCC,http://iocoin.io/
IOC-INR,IOCoin INR,IOC,INR,I/O Coin (IOC) is a cryptocurrency.,CCC,http://iocoin.io/
IOC-KRW,IOCoin KRW,IOC,KRW,I/O Coin (IOC) is a cryptocurrency.,CCC,http://iocoin.io/
IOC-RUB,IOCoin RUB,IOC,RUB,I/O Coin (IOC) is a cryptocurrency.,CCC,http://iocoin.io/
IOC-USD,IOCoin USD,IOC,USD,I/O Coin (IOC) is a cryptocurrency.,CCC,http://iocoin.io/
IOST-CAD,IOST CAD,IOST,CAD,IOST (IOST) is a cryptocurrency.,CCC,http://iost.io/
IOST-CNY,IOST CNY,IOST,CNY,IOST (IOST) is a cryptocurrency.,CCC,http://iost.io/
IOST-ETH,IOST ETH,IOST,ETH,IOST (IOST) is a cryptocurrency.,CCC,http://iost.io/
IOST-EUR,IOST EUR,IOST,EUR,IOST (IOST) is a cryptocurrency.,CCC,http://iost.io/
IOST-GBP,IOST GBP,IOST,GBP,IOST (IOST) is a cryptocurrency.,CCC,http://iost.io/
IOST-INR,IOST INR,IOST,INR,IOST (IOST) is a cryptocurrency.,CCC,http://iost.io/
IOST-JPY,IOST JPY,IOST,JPY,IOST (IOST) is a cryptocurrency.,CCC,http://iost.io/
IOST-KRW,IOST KRW,IOST,KRW,IOST (IOST) is a cryptocurrency.,CCC,http://iost.io/
IOST-RUB,IOST RUB,IOST,RUB,IOST (IOST) is a cryptocurrency.,CCC,http://iost.io/
IOST-USD,IOST USD,IOST,USD,IOST (IOST) is a cryptocurrency.,CCC,http://iost.io/
IOTX-CAD,IoTeX CAD,IOTX,CAD,IoTeX (IOTX) is a cryptocurrency.,CCC,https://www.iotex.io/
IOTX-CNY,IoTeX CNY,IOTX,CNY,IoTeX (IOTX) is a cryptocurrency.,CCC,https://www.iotex.io/
IOTX-ETH,IoTeX ETH,IOTX,ETH,IoTeX (IOTX) is a cryptocurrency.,CCC,https://www.iotex.io/
IOTX-EUR,IoTeX EUR,IOTX,EUR,IoTeX (IOTX) is a cryptocurrency.,CCC,https://www.iotex.io/
IOTX-GBP,IoTeX GBP,IOTX,GBP,IoTeX (IOTX) is a cryptocurrency.,CCC,https://www.iotex.io/
IOTX-INR,IoTeX INR,IOTX,INR,IoTeX (IOTX) is a cryptocurrency.,CCC,https://www.iotex.io/
IOTX-JPY,IoTeX JPY,IOTX,JPY,IoTeX (IOTX) is a cryptocurrency.,CCC,https://www.iotex.io/
IOTX-KRW,IoTeX KRW,IOTX,KRW,IoTeX (IOTX) is a cryptocurrency.,CCC,https://www.iotex.io/
IOTX-RUB,IoTeX RUB,IOTX,RUB,IoTeX (IOTX) is a cryptocurrency.,CCC,https://www.iotex.io/
IOTX-USD,IoTeX USD,IOTX,USD,IoTeX (IOTX) is a cryptocurrency.,CCC,https://www.iotex.io/
IRIS-CAD,IRISnet CAD,IRIS,CAD,IRISnet (IRIS) is a cryptocurrency.,CCC,https://www.irisnet.org/
IRIS-CNY,IRISnet CNY,IRIS,CNY,IRISnet (IRIS) is a cryptocurrency.,CCC,https://www.irisnet.org/
IRIS-ETH,IRISnet ETH,IRIS,ETH,IRISnet (IRIS) is a cryptocurrency.,CCC,https://www.irisnet.org/
IRIS-EUR,IRISnet EUR,IRIS,EUR,IRISnet (IRIS) is a cryptocurrency.,CCC,https://www.irisnet.org/
IRIS-GBP,IRISnet GBP,IRIS,GBP,IRISnet (IRIS) is a cryptocurrency.,CCC,https://www.irisnet.org/
IRIS-INR,IRISnet INR,IRIS,INR,IRISnet (IRIS) is a cryptocurrency.,CCC,https://www.irisnet.org/
IRIS-JPY,IRISnet JPY,IRIS,JPY,IRISnet (IRIS) is a cryptocurrency.,CCC,https://www.irisnet.org/
IRIS-KRW,IRISnet KRW,IRIS,KRW,IRISnet (IRIS) is a cryptocurrency.,CCC,https://www.irisnet.org/
IRIS-RUB,IRISnet RUB,IRIS,RUB,IRISnet (IRIS) is a cryptocurrency.,CCC,https://www.irisnet.org/
IRIS-USD,IRISnet USD,IRIS,USD,IRISnet (IRIS) is a cryptocurrency.,CCC,https://www.irisnet.org/
JDC-CAD,JDCoin CAD,JDC,CAD,JD Coin (JDC) is a cryptocurrency.,CCC,https://www.jdcoin.us
JDC-CNY,JDCoin CNY,JDC,CNY,JD Coin (JDC) is a cryptocurrency.,CCC,https://www.jdcoin.us
JDC-ETH,JDCoin ETH,JDC,ETH,JD Coin (JDC) is a cryptocurrency.,CCC,https://www.jdcoin.us
JDC-EUR,JDCoin EUR,JDC,EUR,JD Coin (JDC) is a cryptocurrency.,CCC,https://www.jdcoin.us
JDC-GBP,JDCoin GBP,JDC,GBP,JD Coin (JDC) is a cryptocurrency.,CCC,https://www.jdcoin.us
JDC-INR,JDCoin INR,JDC,INR,JD Coin (JDC) is a cryptocurrency.,CCC,https://www.jdcoin.us
JDC-JPY,JDCoin JPY,JDC,JPY,JD Coin (JDC) is a cryptocurrency.,CCC,https://www.jdcoin.us
JDC-KRW,JDCoin KRW,JDC,KRW,JD Coin (JDC) is a cryptocurrency.,CCC,https://www.jdcoin.us
JDC-RUB,JDCoin RUB,JDC,RUB,JD Coin (JDC) is a cryptocurrency.,CCC,https://www.jdcoin.us
JDC-USD,JDCoin USD,JDC,USD,JD Coin (JDC) is a cryptocurrency.,CCC,https://www.jdcoin.us
JUL-EUR,Joule EUR,JUL,EUR,Joule (JUL) is a cryptocurrency.,CCC,https://www.jouleindex.com
JUL-GBP,Joule GBP,JUL,GBP,Joule (JUL) is a cryptocurrency.,CCC,https://www.jouleindex.com
JUL-INR,Joule INR,JUL,INR,Joule (JUL) is a cryptocurrency.,CCC,https://www.jouleindex.com
JUL-JPY,Joule JPY,JUL,JPY,Joule (JUL) is a cryptocurrency.,CCC,https://www.jouleindex.com
JUL-KRW,Joule KRW,JUL,KRW,Joule (JUL) is a cryptocurrency.,CCC,https://www.jouleindex.com
JUL-RUB,Joule RUB,JUL,RUB,Joule (JUL) is a cryptocurrency.,CCC,https://www.jouleindex.com
KAVA-ETH,Kava ETH,KAVA,ETH,Kava.io (KAVA) is a cryptocurrency and operates on the Binance Chain platform.,CCC,https://www.kava.io/
KAVA-EUR,Kava EUR,KAVA,EUR,Kava.io (KAVA) is a cryptocurrency and operates on the Binance Chain platform.,CCC,https://www.kava.io/
KAVA-GBP,Kava GBP,KAVA,GBP,Kava.io (KAVA) is a cryptocurrency and operates on the Binance Chain platform.,CCC,https://www.kava.io/
KAVA-INR,Kava INR,KAVA,INR,Kava.io (KAVA) is a cryptocurrency and operates on the Binance Chain platform.,CCC,https://www.kava.io/
KAVA-JPY,Kava JPY,KAVA,JPY,Kava.io (KAVA) is a cryptocurrency and operates on the Binance Chain platform.,CCC,https://www.kava.io/
KAVA-KRW,Kava KRW,KAVA,KRW,Kava.io (KAVA) is a cryptocurrency and operates on the Binance Chain platform.,CCC,https://www.kava.io/
KAVA-RUB,Kava RUB,KAVA,RUB,Kava.io (KAVA) is a cryptocurrency and operates on the Binance Chain platform.,CCC,https://www.kava.io/
KAVA-USD,Kava USD,KAVA,USD,Kava.io (KAVA) is a cryptocurrency and operates on the Binance Chain platform.,CCC,https://www.kava.io/
KDA-CAD,Kadena CAD,KDA,CAD,Kadena (KDA) is a cryptocurrency.,CCC,http://kadena.io/
KDA-CNY,Kadena CNY,KDA,CNY,Kadena (KDA) is a cryptocurrency.,CCC,http://kadena.io/
KDA-ETH,Kadena ETH,KDA,ETH,Kadena (KDA) is a cryptocurrency.,CCC,http://kadena.io/
KDA-EUR,Kadena EUR,KDA,EUR,Kadena (KDA) is a cryptocurrency.,CCC,http://kadena.io/
KDA-GBP,Kadena GBP,KDA,GBP,Kadena (KDA) is a cryptocurrency.,CCC,http://kadena.io/
KDA-INR,Kadena INR,KDA,INR,Kadena (KDA) is a cryptocurrency.,CCC,http://kadena.io/
KDA-JPY,Kadena JPY,KDA,JPY,Kadena (KDA) is a cryptocurrency.,CCC,http://kadena.io/
KDA-KRW,Kadena KRW,KDA,KRW,Kadena (KDA) is a cryptocurrency.,CCC,http://kadena.io/
KDA-RUB,Kadena RUB,KDA,RUB,Kadena (KDA) is a cryptocurrency.,CCC,http://kadena.io/
KDA-USD,Kadena USD,KDA,USD,Kadena (KDA) is a cryptocurrency.,CCC,http://kadena.io/
KMD-CAD,Komodo CAD,KMD,CAD,Komodo (KMD) is a cryptocurrency. Users are able to generate KMD through the process of mining.,CCC,https://komodoplatform.com/
KMD-CNY,Komodo CNY,KMD,CNY,Komodo (KMD) is a cryptocurrency. Users are able to generate KMD through the process of mining.,CCC,https://komodoplatform.com/
KMD-ETH,Komodo ETH,KMD,ETH,Komodo (KMD) is a cryptocurrency. Users are able to generate KMD through the process of mining.,CCC,https://komodoplatform.com/
KMD-EUR,Komodo EUR,KMD,EUR,Komodo (KMD) is a cryptocurrency. Users are able to generate KMD through the process of mining.,CCC,https://komodoplatform.com/
KMD-GBP,Komodo GBP,KMD,GBP,Komodo (KMD) is a cryptocurrency. Users are able to generate KMD through the process of mining.,CCC,https://komodoplatform.com/
KMD-INR,Komodo INR,KMD,INR,Komodo (KMD) is a cryptocurrency. Users are able to generate KMD through the process of mining.,CCC,https://komodoplatform.com/
KMD-JPY,Komodo JPY,KMD,JPY,Komodo (KMD) is a cryptocurrency. Users are able to generate KMD through the process of mining.,CCC,https://komodoplatform.com/
KMD-KRW,Komodo KRW,KMD,KRW,Komodo (KMD) is a cryptocurrency. Users are able to generate KMD through the process of mining.,CCC,https://komodoplatform.com/
KMD-RUB,Komodo RUB,KMD,RUB,Komodo (KMD) is a cryptocurrency. Users are able to generate KMD through the process of mining.,CCC,https://komodoplatform.com/
KMD-USD,Komodo USD,KMD,USD,Komodo (KMD) is a cryptocurrency. Users are able to generate KMD through the process of mining.,CCC,https://komodoplatform.com/
KNC-AUD,KyberNetwork AUD,KNC,AUD,Kyber Network Crystal Legacy (KNC) is a cryptocurrency and operates on the Ethereum platform.,CCC,https://kyber.network/
KNC-BTC,KyberNetwork BTC,KNC,BTC,Kyber Network Crystal Legacy (KNC) is a cryptocurrency and operates on the Ethereum platform.,CCC,https://kyber.network/
KNC-CAD,KyberNetwork CAD,KNC,CAD,Kyber Network Crystal Legacy (KNC) is a cryptocurrency and operates on the Ethereum platform.,CCC,https://kyber.network/
KNC-CNY,KyberNetwork CNY,KNC,CNY,Kyber Network Crystal Legacy (KNC) is a cryptocurrency and operates on the Ethereum platform.,CCC,https://kyber.network/
KNC-ETH,KyberNetwork ETH,KNC,ETH,Kyber Network Crystal Legacy (KNC) is a cryptocurrency and operates on the Ethereum platform.,CCC,https://kyber.network/
KNC-EUR,KyberNetwork EUR,KNC,EUR,Kyber Network Crystal Legacy (KNC) is a cryptocurrency and operates on the Ethereum platform.,CCC,https://kyber.network/
KNC-GBP,KyberNetwork GBP,KNC,GBP,Kyber Network Crystal Legacy (KNC) is a cryptocurrency and operates on the Ethereum platform.,CCC,https://kyber.network/
KNC-INR,KyberNetwork INR,KNC,INR,Kyber Network Crystal Legacy (KNC) is a cryptocurrency and operates on the Ethereum platform.,CCC,https://kyber.network/
KNC-KRW,KyberNetwork KRW,KNC,KRW,Kyber Network Crystal Legacy (KNC) is a cryptocurrency and operates on the Ethereum platform.,CCC,https://kyber.network/
KNC-USD,KyberNetwork USD,KNC,USD,Kyber Network Crystal Legacy (KNC) is a cryptocurrency and operates on the Ethereum platform.,CCC,https://kyber.network/
KRT-CAD,TerraKRW CAD,KRT,CAD,TerraKRW (KRT) is a cryptocurrency.,CCC,https://terra.money/
KRT-CNY,TerraKRW CNY,KRT,CNY,TerraKRW (KRT) is a cryptocurrency.,CCC,https://terra.money/
KRT-ETH,TerraKRW ETH,KRT,ETH,TerraKRW (KRT) is a cryptocurrency.,CCC,https://terra.money/
KRT-EUR,TerraKRW EUR,KRT,EUR,TerraKRW (KRT) is a cryptocurrency.,CCC,https://terra.money/
KRT-GBP,TerraKRW GBP,KRT,GBP,TerraKRW (KRT) is a cryptocurrency.,CCC,https://terra.money/
KRT-INR,TerraKRW INR,KRT,INR,TerraKRW (KRT) is a cryptocurrency.,CCC,https://terra.money/
KRT-JPY,TerraKRW JPY,KRT,JPY,TerraKRW (KRT) is a cryptocurrency.,CCC,https://terra.money/
KRT-KRW,TerraKRW KRW,KRT,KRW,TerraKRW (KRT) is a cryptocurrency.,CCC,https://terra.money/
KRT-RUB,TerraKRW RUB,KRT,RUB,TerraKRW (KRT) is a cryptocurrency.,CCC,https://terra.money/
KRT-USD,TerraKRW USD,KRT,USD,TerraKRW (KRT) is a cryptocurrency.,CCC,https://terra.money/
KSM-CAD,Kusama CAD,KSM,CAD,Kusama (KSM) is a cryptocurrency.,CCC,https://kusama.network/
KSM-CNY,Kusama CNY,KSM,CNY,Kusama (KSM) is a cryptocurrency.,CCC,https://kusama.network/
KSM-ETH,Kusama ETH,KSM,ETH,Kusama (KSM) is a cryptocurrency.,CCC,https://kusama.network/
KSM-EUR,Kusama EUR,KSM,EUR,Kusama (KSM) is a cryptocurrency.,CCC,https://kusama.network/
KSM-GBP,Kusama GBP,KSM,GBP,Kusama (KSM) is a cryptocurrency.,CCC,https://kusama.network/
KSM-INR,Kusama INR,KSM,INR,Kusama (KSM) is a cryptocurrency.,CCC,https://kusama.network/
KSM-JPY,Kusama JPY,KSM,JPY,Kusama (KSM) is a cryptocurrency.,CCC,https://kusama.network/
KSM-KRW,Kusama KRW,KSM,KRW,Kusama (KSM) is a cryptocurrency.,CCC,https://kusama.network/
KSM-RUB,Kusama RUB,KSM,RUB,Kusama (KSM) is a cryptocurrency.,CCC,https://kusama.network/
KSM-USD,Kusama USD,KSM,USD,Kusama (KSM) is a cryptocurrency.,CCC,https://kusama.network/
LBC-BTC,LBRYCredits BTC,LBC,BTC,LBRY Credits (LBC) is a cryptocurrency. Users are able to generate LBC through the process of mining.,CCC,https://lbry.com/
LBC-CAD,LBRYCredits CAD,LBC,CAD,LBRY Credits (LBC) is a cryptocurrency. Users are able to generate LBC through the process of mining.,CCC,https://lbry.com/
LBC-CNY,LBRYCredits CNY,LBC,CNY,LBRY Credits (LBC) is a cryptocurrency. Users are able to generate LBC through the process of mining.,CCC,https://lbry.com/
LBC-ETH,LBRYCredits ETH,LBC,ETH,LBRY Credits (LBC) is a cryptocurrency. Users are able to generate LBC through the process of mining.,CCC,https://lbry.com/
LBC-EUR,LBRYCredits EUR,LBC,EUR,LBRY Credits (LBC) is a cryptocurrency. Users are able to generate LBC through the process of mining.,CCC,https://lbry.com/
LBC-GBP,LBRYCredits GBP,LBC,GBP,LBRY Credits (LBC) is a cryptocurrency. Users are able to generate LBC through the process of mining.,CCC,https://lbry.com/
LBC-INR,LBRYCredits INR,LBC,INR,LBRY Credits (LBC) is a cryptocurrency. Users are able to generate LBC through the process of mining.,CCC,https://lbry.com/
LBC-JPY,LBRYCredits JPY,LBC,JPY,LBRY Credits (LBC) is a cryptocurrency. Users are able to generate LBC through the process of mining.,CCC,https://lbry.com/
LBC-KRW,LBRYCredits KRW,LBC,KRW,LBRY Credits (LBC) is a cryptocurrency. Users are able to generate LBC through the process of mining.,CCC,https://lbry.com/
LBC-RUB,LBRYCredits RUB,LBC,RUB,LBRY Credits (LBC) is a cryptocurrency. Users are able to generate LBC through the process of mining.,CCC,https://lbry.com/
LBC-USD,LBRYCredits USD,LBC,USD,LBRY Credits (LBC) is a cryptocurrency. Users are able to generate LBC through the process of mining.,CCC,https://lbry.com/
LCC-CAD,LitecoinCash CAD,LCC,CAD,Litecoin Cash (LCC) is a cryptocurrency. Users are able to generate LCC through the process of mining.,CCC,https://litecoinca.sh/
LCC-CNY,LitecoinCash CNY,LCC,CNY,Litecoin Cash (LCC) is a cryptocurrency. Users are able to generate LCC through the process of mining.,CCC,https://litecoinca.sh/
LCC-ETH,LitecoinCash ETH,LCC,ETH,Litecoin Cash (LCC) is a cryptocurrency. Users are able to generate LCC through the process of mining.,CCC,https://litecoinca.sh/
LCC-EUR,LitecoinCash EUR,LCC,EUR,Litecoin Cash (LCC) is a cryptocurrency. Users are able to generate LCC through the process of mining.,CCC,https://litecoinca.sh/
LCC-GBP,LitecoinCash GBP,LCC,GBP,Litecoin Cash (LCC) is a cryptocurrency. Users are able to generate LCC through the process of mining.,CCC,https://litecoinca.sh/
LCC-INR,LitecoinCash INR,LCC,INR,Litecoin Cash (LCC) is a cryptocurrency. Users are able to generate LCC through the process of mining.,CCC,https://litecoinca.sh/
LCC-JPY,LitecoinCash JPY,LCC,JPY,Litecoin Cash (LCC) is a cryptocurrency. Users are able to generate LCC through the process of mining.,CCC,https://litecoinca.sh/
LCC-KRW,LitecoinCash KRW,LCC,KRW,Litecoin Cash (LCC) is a cryptocurrency. Users are able to generate LCC through the process of mining.,CCC,https://litecoinca.sh/
LCC-RUB,LitecoinCash RUB,LCC,RUB,Litecoin Cash (LCC) is a cryptocurrency. Users are able to generate LCC through the process of mining.,CCC,https://litecoinca.sh/
LCC-USD,LitecoinCash USD,LCC,USD,Litecoin Cash (LCC) is a cryptocurrency. Users are able to generate LCC through the process of mining.,CCC,https://litecoinca.sh/
LINK-AUD,Chainlink AUD,LINK,AUD,Chainlink (LINK) is a cryptocurrency and operates on the Ethereum platform.,CCC,https://chain.link/
LINK-BTC,Chainlink BTC,LINK,BTC,Chainlink (LINK) is a cryptocurrency and operates on the Ethereum platform.,CCC,https://chain.link/
LINK-CAD,Chainlink CAD,LINK,CAD,Chainlink (LINK) is a cryptocurrency and operates on the Ethereum platform.,CCC,https://chain.link/
LINK-CNY,Chainlink CNY,LINK,CNY,Chainlink (LINK) is a cryptocurrency and operates on the Ethereum platform.,CCC,https://chain.link/
LINK-ETH,Chainlink ETH,LINK,ETH,Chainlink (LINK) is a cryptocurrency and operates on the Ethereum platform.,CCC,https://chain.link/
LINK-EUR,Chainlink EUR,LINK,EUR,Chainlink (LINK) is a cryptocurrency and operates on the Ethereum platform.,CCC,https://chain.link/
LINK-GBP,Chainlink GBP,LINK,GBP,Chainlink (LINK) is a cryptocurrency and operates on the Ethereum platform.,CCC,https://chain.link/
LINK-INR,Chainlink INR,LINK,INR,Chainlink (LINK) is a cryptocurrency and operates on the Ethereum platform.,CCC,https://chain.link/
LINK-JPY,Chainlink JPY,LINK,JPY,Chainlink (LINK) is a cryptocurrency and operates on the Ethereum platform.,CCC,https://chain.link/
LINK-KRW,Chainlink KRW,LINK,KRW,Chainlink (LINK) is a cryptocurrency and operates on the Ethereum platform.,CCC,https://chain.link/
LINK-RUB,Chainlink RUB,LINK,RUB,Chainlink (LINK) is a cryptocurrency and operates on the Ethereum platform.,CCC,https://chain.link/
LINK-USD,Chainlink USD,LINK,USD,Chainlink (LINK) is a cryptocurrency and operates on the Ethereum platform.,CCC,https://chain.link/
LKK-AUD,Lykke AUD,LKK,AUD,Lykke (LKK) is a cryptocurrency.,CCC,https://lykke.com
LKK-CNY,Lykke CNY,LKK,CNY,Lykke (LKK) is a cryptocurrency.,CCC,https://lykke.com
LKK-ETH,Lykke ETH,LKK,ETH,Lykke (LKK) is a cryptocurrency.,CCC,https://lykke.com
LKK-EUR,Lykke EUR,LKK,EUR,Lykke (LKK) is a cryptocurrency.,CCC,https://lykke.com
LKK-GBP,Lykke GBP,LKK,GBP,Lykke (LKK) is a cryptocurrency.,CCC,https://lykke.com
LKK-INR,Lykke INR,LKK,INR,Lykke (LKK) is a cryptocurrency.,CCC,https://lykke.com
LKK-JPY,Lykke JPY,LKK,JPY,Lykke (LKK) is a cryptocurrency.,CCC,https://lykke.com
LKK-KRW,Lykke KRW,LKK,KRW,Lykke (LKK) is a cryptocurrency.,CCC,https://lykke.com
LKK-RUB,Lykke RUB,LKK,RUB,Lykke (LKK) is a cryptocurrency.,CCC,https://lykke.com
LKK-USD,Lykke USD,LKK,USD,Lykke (LKK) is a cryptocurrency.,CCC,https://lykke.com
LOKI-CAD,Loki CAD,LOKI,CAD,Oxen (OXEN) is a cryptocurrency.,CCC,https://oxen.io/
LOKI-CNY,Loki CNY,LOKI,CNY,Oxen (OXEN) is a cryptocurrency.,CCC,https://oxen.io/
LOKI-ETH,Loki ETH,LOKI,ETH,Oxen (OXEN) is a cryptocurrency.,CCC,https://oxen.io/
LOKI-EUR,Loki EUR,LOKI,EUR,Oxen (OXEN) is a cryptocurrency.,CCC,https://oxen.io/
LOKI-GBP,Loki GBP,LOKI,GBP,Oxen (OXEN) is a cryptocurrency.,CCC,https://oxen.io/
LOKI-INR,Loki INR,LOKI,INR,Oxen (OXEN) is a cryptocurrency.,CCC,https://oxen.io/
LOKI-JPY,Loki JPY,LOKI,JPY,Oxen (OXEN) is a cryptocurrency.,CCC,https://oxen.io/
LOKI-KRW,Loki KRW,LOKI,KRW,Oxen (OXEN) is a cryptocurrency.,CCC,https://oxen.io/
LOKI-RUB,Loki RUB,LOKI,RUB,Oxen (OXEN) is a cryptocurrency.,CCC,https://oxen.io/
LOKI-USD,Loki USD,LOKI,USD,Oxen (OXEN) is a cryptocurrency.,CCC,https://oxen.io/
LRC-BTC,Loopring BTC,LRC,BTC,Loopring (LRC) is a cryptocurrency and operates on the Ethereum platform.,CCC,https://loopring.org
LRC-CAD,Loopring CAD,LRC,CAD,Loopring (LRC) is a cryptocurrency and operates on the Ethereum platform.,CCC,https://loopring.org
LRC-CNY,Loopring CNY,LRC,CNY,Loopring (LRC) is a cryptocurrency and operates on the Ethereum platform.,CCC,https://loopring.org
LRC-ETH,Loopring ETH,LRC,ETH,Loopring (LRC) is a cryptocurrency and operates on the Ethereum platform.,CCC,https://loopring.org
LRC-EUR,Loopring EUR,LRC,EUR,Loopring (LRC) is a cryptocurrency and operates on the Ethereum platform.,CCC,https://loopring.org
LRC-GBP,Loopring GBP,LRC,GBP,Loopring (LRC) is a cryptocurrency and operates on the Ethereum platform.,CCC,https://loopring.org
LRC-INR,Loopring INR,LRC,INR,Loopring (LRC) is a cryptocurrency and operates on the Ethereum platform.,CCC,https://loopring.org
LRC-JPY,Loopring JPY,LRC,JPY,Loopring (LRC) is a cryptocurrency and operates on the Ethereum platform.,CCC,https://loopring.org
LRC-RUB,Loopring RUB,LRC,RUB,Loopring (LRC) is a cryptocurrency and operates on the Ethereum platform.,CCC,https://loopring.org
LRC-USD,Loopring USD,LRC,USD,Loopring (LRC) is a cryptocurrency and operates on the Ethereum platform.,CCC,https://loopring.org
LRG-CAD,LargoCoin CAD,LRG,CAD,Largo Coin (LRG) is a cryptocurrency launched in 2019.,CCC,https://www.largocoin.io
LRG-CNY,LargoCoin CNY,LRG,CNY,Largo Coin (LRG) is a cryptocurrency launched in 2019.,CCC,https://www.largocoin.io
LRG-ETH,LargoCoin ETH,LRG,ETH,Largo Coin (LRG) is a cryptocurrency launched in 2019.,CCC,https://www.largocoin.io
LRG-EUR,LargoCoin EUR,LRG,EUR,Largo Coin (LRG) is a cryptocurrency launched in 2019.,CCC,https://www.largocoin.io
LRG-GBP,LargoCoin GBP,LRG,GBP,Largo Coin (LRG) is a cryptocurrency launched in 2019.,CCC,https://www.largocoin.io
LRG-INR,LargoCoin INR,LRG,INR,Largo Coin (LRG) is a cryptocurrency launched in 2019.,CCC,https://www.largocoin.io
LRG-JPY,LargoCoin JPY,LRG,JPY,Largo Coin (LRG) is a cryptocurrency launched in 2019.,CCC,https://www.largocoin.io
LRG-KRW,LargoCoin KRW,LRG,KRW,Largo Coin (LRG) is a cryptocurrency launched in 2019.,CCC,https://www.largocoin.io
LRG-RUB,LargoCoin RUB,LRG,RUB,Largo Coin (LRG) is a cryptocurrency launched in 2019.,CCC,https://www.largocoin.io
LRG-USD,LargoCoin USD,LRG,USD,Largo Coin (LRG) is a cryptocurrency launched in 2019.,CCC,https://www.largocoin.io
LSK-AUD,Lisk AUD,LSK,AUD,Lisk (LSK) is a cryptocurrency.,CCC,https://lisk.io/
LSK-BTC,Lisk BTC,LSK,BTC,Lisk (LSK) is a cryptocurrency.,CCC,https://lisk.io/
LSK-CAD,Lisk CAD,LSK,CAD,Lisk (LSK) is a cryptocurrency.,CCC,https://lisk.io/
LSK-EUR,Lisk EUR,LSK,EUR,Lisk (LSK) is a cryptocurrency.,CCC,https://lisk.io/
LSK-GBP,Lisk GBP,LSK,GBP,Lisk (LSK) is a cryptocurrency.,CCC,https://lisk.io/
LSK-INR,Lisk INR,LSK,INR,Lisk (LSK) is a cryptocurrency.,CCC,https://lisk.io/
LSK-JPY,Lisk JPY,LSK,JPY,Lisk (LSK) is a cryptocurrency.,CCC,https://lisk.io/
LSK-KRW,Lisk KRW,LSK,KRW,Lisk (LSK) is a cryptocurrency.,CCC,https://lisk.io/
LSK-USD,Lisk USD,LSK,USD,Lisk (LSK) is a cryptocurrency.,CCC,https://lisk.io/
LTC-AUD,Litecoin AUD,LTC,AUD,Litecoin (LTC) is a cryptocurrency. Users are able to generate LTC through the process of mining.,CCC,https://litecoin.org/
LTC-BTC,Litecoin BTC,LTC,BTC,Litecoin (LTC) is a cryptocurrency. Users are able to generate LTC through the process of mining.,CCC,https://litecoin.org/
LTC-CAD,Litecoin CAD,LTC,CAD,Litecoin (LTC) is a cryptocurrency. Users are able to generate LTC through the process of mining.,CCC,https://litecoin.org/
LTC-ETH,Litecoin ETH,LTC,ETH,Litecoin (LTC) is a cryptocurrency. Users are able to generate LTC through the process of mining.,CCC,https://litecoin.org/
LTC-EUR,Litecoin EUR,LTC,EUR,Litecoin (LTC) is a cryptocurrency. Users are able to generate LTC through the process of mining.,CCC,https://litecoin.org/
LTC-GBP,Litecoin GBP,LTC,GBP,Litecoin (LTC) is a cryptocurrency. Users are able to generate LTC through the process of mining.,CCC,https://litecoin.org/
LTC-INR,Litecoin INR,LTC,INR,Litecoin (LTC) is a cryptocurrency. Users are able to generate LTC through the process of mining.,CCC,https://litecoin.org/
LTC-JPY,Litecoin JPY,LTC,JPY,Litecoin (LTC) is a cryptocurrency. Users are able to generate LTC through the process of mining.,CCC,https://litecoin.org/
LTC-USD,Litecoin USD,LTC,USD,Litecoin (LTC) is a cryptocurrency. Users are able to generate LTC through the process of mining.,CCC,https://litecoin.org/
LUNA1-CAD,Terra CAD,LUNA1,CAD,Terra (LUNA) is a cryptocurrency.,CCC,https://terra.money/
LUNA1-CNY,Terra CNY,LUNA1,CNY,Terra (LUNA) is a cryptocurrency.,CCC,https://terra.money/
LUNA1-ETH,Terra ETH,LUNA1,ETH,Terra (LUNA) is a cryptocurrency.,CCC,https://terra.money/
LUNA1-EUR,Terra EUR,LUNA1,EUR,Terra (LUNA) is a cryptocurrency.,CCC,https://terra.money/
LUNA1-GBP,Terra GBP,LUNA1,GBP,Terra (LUNA) is a cryptocurrency.,CCC,https://terra.money/
LUNA1-INR,Terra INR,LUNA1,INR,Terra (LUNA) is a cryptocurrency.,CCC,https://terra.money/
LUNA1-JPY,Terra JPY,LUNA1,JPY,Terra (LUNA) is a cryptocurrency.,CCC,https://terra.money/
LUNA1-KRW,Terra KRW,LUNA1,KRW,Terra (LUNA) is a cryptocurrency.,CCC,https://terra.money/
LUNA1-RUB,Terra RUB,LUNA1,RUB,Terra (LUNA) is a cryptocurrency.,CCC,https://terra.money/
LUNA1-USD,Terra USD,LUNA1,USD,Terra (LUNA) is a cryptocurrency.,CCC,https://terra.money/
LYNX-JPY,Lynx JPY,LYNX,JPY,Lynx (LYNX) is a cryptocurrency. Users are able to generate LYNX through the process of mining.,CCC,https://getlynx.io
LYNX-KRW,Lynx KRW,LYNX,KRW,Lynx (LYNX) is a cryptocurrency. Users are able to generate LYNX through the process of mining.,CCC,https://getlynx.io
LYNX-RUB,Lynx RUB,LYNX,RUB,Lynx (LYNX) is a cryptocurrency. Users are able to generate LYNX through the process of mining.,CCC,https://getlynx.io
MAID-BTC,MaidSafeCoin BTC,MAID,BTC,MaidSafeCoin (MAID) is a cryptocurrency.,CCC,https://safenetwork.tech/
MAID-CAD,MaidSafeCoin CAD,MAID,CAD,MaidSafeCoin (MAID) is a cryptocurrency.,CCC,https://safenetwork.tech/
MAID-CNY,MaidSafeCoin CNY,MAID,CNY,MaidSafeCoin (MAID) is a cryptocurrency.,CCC,https://safenetwork.tech/
MAID-ETH,MaidSafeCoin ETH,MAID,ETH,MaidSafeCoin (MAID) is a cryptocurrency.,CCC,https://safenetwork.tech/
MAID-EUR,MaidSafeCoin EUR,MAID,EUR,MaidSafeCoin (MAID) is a cryptocurrency.,CCC,https://safenetwork.tech/
MAID-GBP,MaidSafeCoin GBP,MAID,GBP,MaidSafeCoin (MAID) is a cryptocurrency.,CCC,https://safenetwork.tech/
MAID-INR,MaidSafeCoin INR,MAID,INR,MaidSafeCoin (MAID) is a cryptocurrency.,CCC,https://safenetwork.tech/
MAID-KRW,MaidSafeCoin KRW,MAID,KRW,MaidSafeCoin (MAID) is a cryptocurrency.,CCC,https://safenetwork.tech/
MAID-RUB,MaidSafeCoin RUB,MAID,RUB,MaidSafeCoin (MAID) is a cryptocurrency.,CCC,https://safenetwork.tech/
MAID-USD,MaidSafeCoin USD,MAID,USD,MaidSafeCoin (MAID) is a cryptocurrency.,CCC,https://safenetwork.tech/
MAN-CAD,MatrixAINetwork CAD,MAN,CAD,Matrix AI Network (MAN) is a cryptocurrency. Users are able to generate MAN through the process of mining.,CCC,https://www.matrix.io/
MAN-CNY,MatrixAINetwork CNY,MAN,CNY,Matrix AI Network (MAN) is a cryptocurrency. Users are able to generate MAN through the process of mining.,CCC,https://www.matrix.io/
MAN-ETH,MatrixAINetwork ETH,MAN,ETH,Matrix AI Network (MAN) is a cryptocurrency. Users are able to generate MAN through the process of mining.,CCC,https://www.matrix.io/
MAN-EUR,MatrixAINetwork EUR,MAN,EUR,Matrix AI Network (MAN) is a cryptocurrency. Users are able to generate MAN through the process of mining.,CCC,https://www.matrix.io/
MAN-GBP,MatrixAINetwork GBP,MAN,GBP,Matrix AI Network (MAN) is a cryptocurrency. Users are able to generate MAN through the process of mining.,CCC,https://www.matrix.io/
MAN-INR,MatrixAINetwork INR,MAN,INR,Matrix AI Network (MAN) is a cryptocurrency. Users are able to generate MAN through the process of mining.,CCC,https://www.matrix.io/
MAN-JPY,MatrixAINetwork JPY,MAN,JPY,Matrix AI Network (MAN) is a cryptocurrency. Users are able to generate MAN through the process of mining.,CCC,https://www.matrix.io/
MAN-KRW,MatrixAINetwork KRW,MAN,KRW,Matrix AI Network (MAN) is a cryptocurrency. Users are able to generate MAN through the process of mining.,CCC,https://www.matrix.io/
MAN-RUB,MatrixAINetwork RUB,MAN,RUB,Matrix AI Network (MAN) is a cryptocurrency. Users are able to generate MAN through the process of mining.,CCC,https://www.matrix.io/
MAN-USD,MatrixAINetwork USD,MAN,USD,Matrix AI Network (MAN) is a cryptocurrency. Users are able to generate MAN through the process of mining.,CCC,https://www.matrix.io/
MANA-AUD,Decentraland AUD,MANA,AUD,Decentraland (MANA) is a cryptocurrency and operates on the Ethereum platform.,CCC,https://decentraland.org/
MANA-BTC,Decentraland BTC,MANA,BTC,Decentraland (MANA) is a cryptocurrency and operates on the Ethereum platform.,CCC,https://decentraland.org/
MANA-CAD,Decentraland CAD,MANA,CAD,Decentraland (MANA) is a cryptocurrency and operates on the Ethereum platform.,CCC,https://decentraland.org/
MANA-CNY,Decentraland CNY,MANA,CNY,Decentraland (MANA) is a cryptocurrency and operates on the Ethereum platform.,CCC,https://decentraland.org/
MANA-ETH,Decentraland ETH,MANA,ETH,Decentraland (MANA) is a cryptocurrency and operates on the Ethereum platform.,CCC,https://decentraland.org/
MANA-EUR,Decentraland EUR,MANA,EUR,Decentraland (MANA) is a cryptocurrency and operates on the Ethereum platform.,CCC,https://decentraland.org/
MANA-GBP,Decentraland GBP,MANA,GBP,Decentraland (MANA) is a cryptocurrency and operates on the Ethereum platform.,CCC,https://decentraland.org/
MANA-INR,Decentraland INR,MANA,INR,Decentraland (MANA) is a cryptocurrency and operates on the Ethereum platform.,CCC,https://decentraland.org/
MANA-JPY,Decentraland JPY,MANA,JPY,Decentraland (MANA) is a cryptocurrency and operates on the Ethereum platform.,CCC,https://decentraland.org/
MANA-KRW,Decentraland KRW,MANA,KRW,Decentraland (MANA) is a cryptocurrency and operates on the Ethereum platform.,CCC,https://decentraland.org/
MANA-RUB,Decentraland RUB,MANA,RUB,Decentraland (MANA) is a cryptocurrency and operates on the Ethereum platform.,CCC,https://decentraland.org/
MANA-USD,Decentraland USD,MANA,USD,Decentraland (MANA) is a cryptocurrency and operates on the Ethereum platform.,CCC,https://decentraland.org/
MARO-ETH,Maro ETH,MARO,ETH,Maro (MARO) is a cryptocurrency.,CCC,https://ma.ro/#/
MARO-EUR,Maro EUR,MARO,EUR,Maro (MARO) is a cryptocurrency.,CCC,https://ma.ro/#/
MARO-GBP,Maro GBP,MARO,GBP,Maro (MARO) is a cryptocurrency.,CCC,https://ma.ro/#/
MARO-INR,Maro INR,MARO,INR,Maro (MARO) is a cryptocurrency.,CCC,https://ma.ro/#/
MARO-JPY,Maro JPY,MARO,JPY,Maro (MARO) is a cryptocurrency.,CCC,https://ma.ro/#/
MARO-KRW,Maro KRW,MARO,KRW,Maro (MARO) is a cryptocurrency.,CCC,https://ma.ro/#/
MARO-RUB,Maro RUB,MARO,RUB,Maro (MARO) is a cryptocurrency.,CCC,https://ma.ro/#/
MARO-USD,Maro USD,MARO,USD,Maro (MARO) is a cryptocurrency.,CCC,https://ma.ro/#/
MASS-CAD,Massnet CAD,MASS,CAD,Massnet (MASS) is a cryptocurrency.,CCC,https://massnet.org
MASS-CNY,Massnet CNY,MASS,CNY,Massnet (MASS) is a cryptocurrency.,CCC,https://massnet.org
MASS-ETH,Massnet ETH,MASS,ETH,Massnet (MASS) is a cryptocurrency.,CCC,https://massnet.org
MASS-EUR,Massnet EUR,MASS,EUR,Massnet (MASS) is a cryptocurrency.,CCC,https://massnet.org
MASS-GBP,Massnet GBP,MASS,GBP,Massnet (MASS) is a cryptocurrency.,CCC,https://massnet.org
MASS-INR,Massnet INR,MASS,INR,Massnet (MASS) is a cryptocurrency.,CCC,https://massnet.org
MASS-JPY,Massnet JPY,MASS,JPY,Massnet (MASS) is a cryptocurrency.,CCC,https://massnet.org
MASS-KRW,Massnet KRW,MASS,KRW,Massnet (MASS) is a cryptocurrency.,CCC,https://massnet.org
MASS-RUB,Massnet RUB,MASS,RUB,Massnet (MASS) is a cryptocurrency.,CCC,https://massnet.org
MASS-USD,Massnet USD,MASS,USD,Massnet (MASS) is a cryptocurrency.,CCC,https://massnet.org
MATIC-AUD,MaticNetwork AUD,MATIC,AUD,Polygon (MATIC) is a cryptocurrency and operates on the Ethereum platform.,CCC,https://polygon.technology/
MATIC-BTC,MaticNetwork BTC,MATIC,BTC,Polygon (MATIC) is a cryptocurrency and operates on the Ethereum platform.,CCC,https://polygon.technology/
MATIC-CAD,MaticNetwork CAD,MATIC,CAD,Polygon (MATIC) is a cryptocurrency and operates on the Ethereum platform.,CCC,https://polygon.technology/
MATIC-CNY,MaticNetwork CNY,MATIC,CNY,Polygon (MATIC) is a cryptocurrency and operates on the Ethereum platform.,CCC,https://polygon.technology/
MATIC-ETH,MaticNetwork ETH,MATIC,ETH,Polygon (MATIC) is a cryptocurrency and operates on the Ethereum platform.,CCC,https://polygon.technology/
MATIC-EUR,MaticNetwork EUR,MATIC,EUR,Polygon (MATIC) is a cryptocurrency and operates on the Ethereum platform.,CCC,https://polygon.technology/
MATIC-GBP,MaticNetwork GBP,MATIC,GBP,Polygon (MATIC) is a cryptocurrency and operates on the Ethereum platform.,CCC,https://polygon.technology/
MATIC-INR,MaticNetwork INR,MATIC,INR,Polygon (MATIC) is a cryptocurrency and operates on the Ethereum platform.,CCC,https://polygon.technology/
MATIC-JPY,MaticNetwork JPY,MATIC,JPY,Polygon (MATIC) is a cryptocurrency and operates on the Ethereum platform.,CCC,https://polygon.technology/
MATIC-KRW,MaticNetwork KRW,MATIC,KRW,Polygon (MATIC) is a cryptocurrency and operates on the Ethereum platform.,CCC,https://polygon.technology/
MATIC-RUB,MaticNetwork RUB,MATIC,RUB,Polygon (MATIC) is a cryptocurrency and operates on the Ethereum platform.,CCC,https://polygon.technology/
MATIC-USD,MaticNetwork USD,MATIC,USD,Polygon (MATIC) is a cryptocurrency and operates on the Ethereum platform.,CCC,https://polygon.technology/
MBC-AUD,MicroBitcoin AUD,MBC,AUD,MicroBitcoin (MBC) is a cryptocurrency. Users are able to generate MBC through the process of mining.,CCC,https://microbitcoin.org
MBC-BTC,MicroBitcoin BTC,MBC,BTC,MicroBitcoin (MBC) is a cryptocurrency. Users are able to generate MBC through the process of mining.,CCC,https://microbitcoin.org
MBC-CNY,MicroBitcoin CNY,MBC,CNY,MicroBitcoin (MBC) is a cryptocurrency. Users are able to generate MBC through the process of mining.,CCC,https://microbitcoin.org
MBC-ETH,MicroBitcoin ETH,MBC,ETH,MicroBitcoin (MBC) is a cryptocurrency. Users are able to generate MBC through the process of mining.,CCC,https://microbitcoin.org
MBC-EUR,MicroBitcoin EUR,MBC,EUR,MicroBitcoin (MBC) is a cryptocurrency. Users are able to generate MBC through the process of mining.,CCC,https://microbitcoin.org
MBC-GBP,MicroBitcoin GBP,MBC,GBP,MicroBitcoin (MBC) is a cryptocurrency. Users are able to generate MBC through the process of mining.,CCC,https://microbitcoin.org
MBC-INR,MicroBitcoin INR,MBC,INR,MicroBitcoin (MBC) is a cryptocurrency. Users are able to generate MBC through the process of mining.,CCC,https://microbitcoin.org
MBC-JPY,MicroBitcoin JPY,MBC,JPY,MicroBitcoin (MBC) is a cryptocurrency. Users are able to generate MBC through the process of mining.,CCC,https://microbitcoin.org
MBC-KRW,MicroBitcoin KRW,MBC,KRW,MicroBitcoin (MBC) is a cryptocurrency. Users are able to generate MBC through the process of mining.,CCC,https://microbitcoin.org
MBC-RUB,MicroBitcoin RUB,MBC,RUB,MicroBitcoin (MBC) is a cryptocurrency. Users are able to generate MBC through the process of mining.,CCC,https://microbitcoin.org
MBC-USD,MicroBitcoin USD,MBC,USD,MicroBitcoin (MBC) is a cryptocurrency. Users are able to generate MBC through the process of mining.,CCC,https://microbitcoin.org
MED-CAD,MediBlocQRC20 CAD,MED,CAD,MediBloc (MED) is a cryptocurrency.,CCC,https://medibloc.org/en/
MED-CNY,MediBlocQRC20 CNY,MED,CNY,MediBloc (MED) is a cryptocurrency.,CCC,https://medibloc.org/en/
MED-ETH,MediBlocQRC20 ETH,MED,ETH,MediBloc (MED) is a cryptocurrency.,CCC,https://medibloc.org/en/
MED-EUR,MediBlocQRC20 EUR,MED,EUR,MediBloc (MED) is a cryptocurrency.,CCC,https://medibloc.org/en/
MED-GBP,MediBlocQRC20 GBP,MED,GBP,MediBloc (MED) is a cryptocurrency.,CCC,https://medibloc.org/en/
MED-INR,MediBlocQRC20 INR,MED,INR,MediBloc (MED) is a cryptocurrency.,CCC,https://medibloc.org/en/
MED-JPY,MediBlocQRC20 JPY,MED,JPY,MediBloc (MED) is a cryptocurrency.,CCC,https://medibloc.org/en/
MED-KRW,MediBlocQRC20 KRW,MED,KRW,MediBloc (MED) is a cryptocurrency.,CCC,https://medibloc.org/en/
MED-RUB,MediBlocQRC20 RUB,MED,RUB,MediBloc (MED) is a cryptocurrency.,CCC,https://medibloc.org/en/
MED-USD,MediBlocQRC20 USD,MED,USD,MediBloc (MED) is a cryptocurrency.,CCC,https://medibloc.org/en/
META-CAD,Metadium CAD,META,CAD,Metadium (META) is a cryptocurrency.,CCC,https://www.metadium.com/
META-CNY,Metadium CNY,META,CNY,Metadium (META) is a cryptocurrency.,CCC,https://www.metadium.com/
META-ETH,Metadium ETH,META,ETH,Metadium (META) is a cryptocurrency.,CCC,https://www.metadium.com/
META-EUR,Metadium EUR,META,EUR,Metadium (META) is a cryptocurrency.,CCC,https://www.metadium.com/
META-GBP,Metadium GBP,META,GBP,Metadium (META) is a cryptocurrency.,CCC,https://www.metadium.com/
META-INR,Metadium INR,META,INR,Metadium (META) is a cryptocurrency.,CCC,https://www.metadium.com/
META-JPY,Metadium JPY,META,JPY,Metadium (META) is a cryptocurrency.,CCC,https://www.metadium.com/
META-KRW,Metadium KRW,META,KRW,Metadium (META) is a cryptocurrency.,CCC,https://www.metadium.com/
META-RUB,Metadium RUB,META,RUB,Metadium (META) is a cryptocurrency.,CCC,https://www.metadium.com/
META-USD,Metadium USD,META,USD,Metadium (META) is a cryptocurrency.,CCC,https://www.metadium.com/
MGO-CAD,MobileGo CAD,MGO,CAD,MobileGo (MGO) is a cryptocurrency and operates on the Ethereum platform.,CCC,https://mobilego.io/
MGO-CNY,MobileGo CNY,MGO,CNY,MobileGo (MGO) is a cryptocurrency and operates on the Ethereum platform.,CCC,https://mobilego.io/
MGO-ETH,MobileGo ETH,MGO,ETH,MobileGo (MGO) is a cryptocurrency and operates on the Ethereum platform.,CCC,https://mobilego.io/
MGO-EUR,MobileGo EUR,MGO,EUR,MobileGo (MGO) is a cryptocurrency and operates on the Ethereum platform.,CCC,https://mobilego.io/
MGO-GBP,MobileGo GBP,MGO,GBP,MobileGo (MGO) is a cryptocurrency and operates on the Ethereum platform.,CCC,https://mobilego.io/
MGO-INR,MobileGo INR,MGO,INR,MobileGo (MGO) is a cryptocurrency and operates on the Ethereum platform.,CCC,https://mobilego.io/
MGO-JPY,MobileGo JPY,MGO,JPY,MobileGo (MGO) is a cryptocurrency and operates on the Ethereum platform.,CCC,https://mobilego.io/
MGO-KRW,MobileGo KRW,MGO,KRW,MobileGo (MGO) is a cryptocurrency and operates on the Ethereum platform.,CCC,https://mobilego.io/
MGO-RUB,MobileGo RUB,MGO,RUB,MobileGo (MGO) is a cryptocurrency and operates on the Ethereum platform.,CCC,https://mobilego.io/
MGO-USD,MobileGo USD,MGO,USD,MobileGo (MGO) is a cryptocurrency and operates on the Ethereum platform.,CCC,https://mobilego.io/
MHC-CAD,MetaHash CAD,MHC,CAD,#MetaHash (MHC) is a cryptocurrency.,CCC,https://metahash.org/
MHC-CNY,MetaHash CNY,MHC,CNY,#MetaHash (MHC) is a cryptocurrency.,CCC,https://metahash.org/
MHC-ETH,MetaHash ETH,MHC,ETH,#MetaHash (MHC) is a cryptocurrency.,CCC,https://metahash.org/
MHC-EUR,MetaHash EUR,MHC,EUR,#MetaHash (MHC) is a cryptocurrency.,CCC,https://metahash.org/
MHC-GBP,MetaHash GBP,MHC,GBP,#MetaHash (MHC) is a cryptocurrency.,CCC,https://metahash.org/
MHC-INR,MetaHash INR,MHC,INR,#MetaHash (MHC) is a cryptocurrency.,CCC,https://metahash.org/
MHC-JPY,MetaHash JPY,MHC,JPY,#MetaHash (MHC) is a cryptocurrency.,CCC,https://metahash.org/
MHC-KRW,MetaHash KRW,MHC,KRW,#MetaHash (MHC) is a cryptocurrency.,CCC,https://metahash.org/
MHC-RUB,MetaHash RUB,MHC,RUB,#MetaHash (MHC) is a cryptocurrency.,CCC,https://metahash.org/
MHC-USD,MetaHash USD,MHC,USD,#MetaHash (MHC) is a cryptocurrency.,CCC,https://metahash.org/
MIDAS-INR,Midas INR,MIDAS,INR,Midas (MIDAS) is a cryptocurrency.,CCC,https://midas.investments/
MIDAS-JPY,Midas JPY,MIDAS,JPY,Midas (MIDAS) is a cryptocurrency.,CCC,https://midas.investments/
MIDAS-KRW,Midas KRW,MIDAS,KRW,Midas (MIDAS) is a cryptocurrency.,CCC,https://midas.investments/
MIDAS-RUB,Midas RUB,MIDAS,RUB,Midas (MIDAS) is a cryptocurrency.,CCC,https://midas.investments/
MIDAS-USD,Midas USD,MIDAS,USD,Midas (MIDAS) is a cryptocurrency.,CCC,https://midas.investments/
MINT-AUD,MintCoin AUD,MINT,AUD,MintCoin (MINT) is a cryptocurrency.,CCC,http://www.mintcoinofficial.eu/
MINT-CAD,MintCoin CAD,MINT,CAD,MintCoin (MINT) is a cryptocurrency.,CCC,http://www.mintcoinofficial.eu/
MINT-CNY,MintCoin CNY,MINT,CNY,MintCoin (MINT) is a cryptocurrency.,CCC,http://www.mintcoinofficial.eu/
MINT-ETH,MintCoin ETH,MINT,ETH,MintCoin (MINT) is a cryptocurrency.,CCC,http://www.mintcoinofficial.eu/
MINT-EUR,MintCoin EUR,MINT,EUR,MintCoin (MINT) is a cryptocurrency.,CCC,http://www.mintcoinofficial.eu/
MINT-GBP,MintCoin GBP,MINT,GBP,MintCoin (MINT) is a cryptocurrency.,CCC,http://www.mintcoinofficial.eu/
MINT-INR,MintCoin INR,MINT,INR,MintCoin (MINT) is a cryptocurrency.,CCC,http://www.mintcoinofficial.eu/
MINT-JPY,MintCoin JPY,MINT,JPY,MintCoin (MINT) is a cryptocurrency.,CCC,http://www.mintcoinofficial.eu/
MINT-KRW,MintCoin KRW,MINT,KRW,MintCoin (MINT) is a cryptocurrency.,CCC,http://www.mintcoinofficial.eu/
MINT-RUB,MintCoin RUB,MINT,RUB,MintCoin (MINT) is a cryptocurrency.,CCC,http://www.mintcoinofficial.eu/
MINT-USD,MintCoin USD,MINT,USD,MintCoin (MINT) is a cryptocurrency.,CCC,http://www.mintcoinofficial.eu/
MIOTA-CAD,IOTA CAD,MIOTA,CAD,IOTA (MIOTA) is a cryptocurrency.,CCC,https://www.iota.org/
MIOTA-CNY,IOTA CNY,MIOTA,CNY,IOTA (MIOTA) is a cryptocurrency.,CCC,https://www.iota.org/
MIOTA-ETH,IOTA ETH,MIOTA,ETH,IOTA (MIOTA) is a cryptocurrency.,CCC,https://www.iota.org/
MIOTA-EUR,IOTA EUR,MIOTA,EUR,IOTA (MIOTA) is a cryptocurrency.,CCC,https://www.iota.org/
MIOTA-GBP,IOTA GBP,MIOTA,GBP,IOTA (MIOTA) is a cryptocurrency.,CCC,https://www.iota.org/
MIOTA-INR,IOTA INR,MIOTA,INR,IOTA (MIOTA) is a cryptocurrency.,CCC,https://www.iota.org/
MIOTA-JPY,IOTA JPY,MIOTA,JPY,IOTA (MIOTA) is a cryptocurrency.,CCC,https://www.iota.org/
MIOTA-KRW,IOTA KRW,MIOTA,KRW,IOTA (MIOTA) is a cryptocurrency.,CCC,https://www.iota.org/
MIOTA-RUB,IOTA RUB,MIOTA,RUB,IOTA (MIOTA) is a cryptocurrency.,CCC,https://www.iota.org/
MIOTA-USD,IOTA USD,MIOTA,USD,IOTA (MIOTA) is a cryptocurrency.,CCC,https://www.iota.org/
MIR-CAD,MIRCOIN CAD,MIR,CAD,MIR COIN (MIR) is a cryptocurrency. Users are able to generate MIR through the process of mining.,CCC,http://www.mircoin.io/
MIR-CNY,MIRCOIN CNY,MIR,CNY,MIR COIN (MIR) is a cryptocurrency. Users are able to generate MIR through the process of mining.,CCC,http://www.mircoin.io/
MIR-ETH,MIRCOIN ETH,MIR,ETH,MIR COIN (MIR) is a cryptocurrency. Users are able to generate MIR through the process of mining.,CCC,http://www.mircoin.io/
MIR-EUR,MIRCOIN EUR,MIR,EUR,MIR COIN (MIR) is a cryptocurrency. Users are able to generate MIR through the process of mining.,CCC,http://www.mircoin.io/
MIR-GBP,MIRCOIN GBP,MIR,GBP,MIR COIN (MIR) is a cryptocurrency. Users are able to generate MIR through the process of mining.,CCC,http://www.mircoin.io/
MIR-INR,MIRCOIN INR,MIR,INR,MIR COIN (MIR) is a cryptocurrency. Users are able to generate MIR through the process of mining.,CCC,http://www.mircoin.io/
MIR-JPY,MIRCOIN JPY,MIR,JPY,MIR COIN (MIR) is a cryptocurrency. Users are able to generate MIR through the process of mining.,CCC,http://www.mircoin.io/
MIR-KRW,MIRCOIN KRW,MIR,KRW,MIR COIN (MIR) is a cryptocurrency. Users are able to generate MIR through the process of mining.,CCC,http://www.mircoin.io/
MIR-RUB,MIRCOIN RUB,MIR,RUB,MIR COIN (MIR) is a cryptocurrency. Users are able to generate MIR through the process of mining.,CCC,http://www.mircoin.io/
MIR-USD,MIRCOIN USD,MIR,USD,MIR COIN (MIR) is a cryptocurrency. Users are able to generate MIR through the process of mining.,CCC,http://www.mircoin.io/
MIR1-AUD,,,,,,
MIR1-BTC,,,,,,
MIR1-CAD,MirrorProtocol CAD,MIR1,CAD,Mirror Protocol (MIR) is a cryptocurrency and operates on the Ethereum platform.,CCC,https://mirror.finance
MIR1-CNY,MirrorProtocol CNY,MIR1,CNY,Mirror Protocol (MIR) is a cryptocurrency and operates on the Ethereum platform.,CCC,https://mirror.finance
MIR1-ETH,MirrorProtocol ETH,MIR1,ETH,Mirror Protocol (MIR) is a cryptocurrency and operates on the Ethereum platform.,CCC,https://mirror.finance
MIR1-EUR,MirrorProtocol EUR,MIR1,EUR,Mirror Protocol (MIR) is a cryptocurrency and operates on the Ethereum platform.,CCC,https://mirror.finance
MIR1-GBP,MirrorProtocol GBP,MIR1,GBP,Mirror Protocol (MIR) is a cryptocurrency and operates on the Ethereum platform.,CCC,https://mirror.finance
MIR1-INR,MirrorProtocol INR,MIR1,INR,Mirror Protocol (MIR) is a cryptocurrency and operates on the Ethereum platform.,CCC,https://mirror.finance
MIR1-JPY,MirrorProtocol JPY,MIR1,JPY,Mirror Protocol (MIR) is a cryptocurrency and operates on the Ethereum platform.,CCC,https://mirror.finance
MIR1-KRW,MirrorProtocol KRW,MIR1,KRW,Mirror Protocol (MIR) is a cryptocurrency and operates on the Ethereum platform.,CCC,https://mirror.finance
MIR1-RUB,MirrorProtocol RUB,MIR1,RUB,Mirror Protocol (MIR) is a cryptocurrency and operates on the Ethereum platform.,CCC,https://mirror.finance
MIR1-USD,MirrorProtocol USD,MIR1,USD,Mirror Protocol (MIR) is a cryptocurrency and operates on the Ethereum platform.,CCC,https://mirror.finance
MKR-KRW,Maker KRW,MKR,KRW,Maker (MKR) is a cryptocurrency and operates on the Ethereum platform.,CCC,https://makerdao.com/
MKR-RUB,Maker RUB,MKR,RUB,Maker (MKR) is a cryptocurrency and operates on the Ethereum platform.,CCC,https://makerdao.com/
MKR-USD,Maker USD,MKR,USD,Maker (MKR) is a cryptocurrency and operates on the Ethereum platform.,CCC,https://makerdao.com/
MLN-CNY,Melon CNY,MLN,CNY,Enzyme (MLN) is a cryptocurrency and operates on the Ethereum platform.,CCC,https://enzyme.finance/
MLN-ETH,Melon ETH,MLN,ETH,Enzyme (MLN) is a cryptocurrency and operates on the Ethereum platform.,CCC,https://enzyme.finance/
MLN-EUR,Melon EUR,MLN,EUR,Enzyme (MLN) is a cryptocurrency and operates on the Ethereum platform.,CCC,https://enzyme.finance/
MLN-GBP,Melon GBP,MLN,GBP,Enzyme (MLN) is a cryptocurrency and operates on the Ethereum platform.,CCC,https://enzyme.finance/
MLN-INR,Melon INR,MLN,INR,Enzyme (MLN) is a cryptocurrency and operates on the Ethereum platform.,CCC,https://enzyme.finance/
MLN-JPY,Melon JPY,MLN,JPY,Enzyme (MLN) is a cryptocurrency and operates on the Ethereum platform.,CCC,https://enzyme.finance/
MLN-KRW,Melon KRW,MLN,KRW,Enzyme (MLN) is a cryptocurrency and operates on the Ethereum platform.,CCC,https://enzyme.finance/
MLN-RUB,Melon RUB,MLN,RUB,Enzyme (MLN) is a cryptocurrency and operates on the Ethereum platform.,CCC,https://enzyme.finance/
MLN-USD,Melon USD,MLN,USD,Enzyme (MLN) is a cryptocurrency and operates on the Ethereum platform.,CCC,https://enzyme.finance/
MOAC-CAD,MOAC CAD,MOAC,CAD,MOAC (MOAC) is a cryptocurrency.,CCC,http://moac.io/
MOAC-CNY,MOAC CNY,MOAC,CNY,MOAC (MOAC) is a cryptocurrency.,CCC,http://moac.io/
MOAC-ETH,MOAC ETH,MOAC,ETH,MOAC (MOAC) is a cryptocurrency.,CCC,http://moac.io/
MOAC-EUR,MOAC EUR,MOAC,EUR,MOAC (MOAC) is a cryptocurrency.,CCC,http://moac.io/
MOAC-GBP,MOAC GBP,MOAC,GBP,MOAC (MOAC) is a cryptocurrency.,CCC,http://moac.io/
MOAC-INR,MOAC INR,MOAC,INR,MOAC (MOAC) is a cryptocurrency.,CCC,http://moac.io/
MOAC-JPY,MOAC JPY,MOAC,JPY,MOAC (MOAC) is a cryptocurrency.,CCC,http://moac.io/
MOAC-KRW,MOAC KRW,MOAC,KRW,MOAC (MOAC) is a cryptocurrency.,CCC,http://moac.io/
MOAC-RUB,MOAC RUB,MOAC,RUB,MOAC (MOAC) is a cryptocurrency.,CCC,http://moac.io/
MOAC-USD,MOAC USD,MOAC,USD,MOAC (MOAC) is a cryptocurrency.,CCC,http://moac.io/
MONA-BTC,MonaCoin BTC,MONA,BTC,MonaCoin (MONA) is a cryptocurrency. Users are able to generate MONA through the process of mining.,CCC,http://monacoin.org
MONA-CAD,MonaCoin CAD,MONA,CAD,MonaCoin (MONA) is a cryptocurrency. Users are able to generate MONA through the process of mining.,CCC,http://monacoin.org
MONA-ETH,MonaCoin ETH,MONA,ETH,MonaCoin (MONA) is a cryptocurrency. Users are able to generate MONA through the process of mining.,CCC,http://monacoin.org
MONA-EUR,MonaCoin EUR,MONA,EUR,MonaCoin (MONA) is a cryptocurrency. Users are able to generate MONA through the process of mining.,CCC,http://monacoin.org
MONA-GBP,MonaCoin GBP,MONA,GBP,MonaCoin (MONA) is a cryptocurrency. Users are able to generate MONA through the process of mining.,CCC,http://monacoin.org
MONA-INR,MonaCoin INR,MONA,INR,MonaCoin (MONA) is a cryptocurrency. Users are able to generate MONA through the process of mining.,CCC,http://monacoin.org
MONA-JPY,MonaCoin JPY,MONA,JPY,MonaCoin (MONA) is a cryptocurrency. Users are able to generate MONA through the process of mining.,CCC,http://monacoin.org
MONA-KRW,MonaCoin KRW,MONA,KRW,MonaCoin (MONA) is a cryptocurrency. Users are able to generate MONA through the process of mining.,CCC,http://monacoin.org
MONA-RUB,MonaCoin RUB,MONA,RUB,MonaCoin (MONA) is a cryptocurrency. Users are able to generate MONA through the process of mining.,CCC,http://monacoin.org
MONA-USD,MonaCoin USD,MONA,USD,MonaCoin (MONA) is a cryptocurrency. Users are able to generate MONA through the process of mining.,CCC,http://monacoin.org
MOON-BTC,Mooncoin BTC,MOON,BTC,Mooncoin (MOON) is a cryptocurrency. Users are able to generate MOON through the process of mining.,CCC,http://mooncoin.com/
MOON-CAD,Mooncoin CAD,MOON,CAD,Mooncoin (MOON) is a cryptocurrency. Users are able to generate MOON through the process of mining.,CCC,http://mooncoin.com/
MOON-CNY,Mooncoin CNY,MOON,CNY,Mooncoin (MOON) is a cryptocurrency. Users are able to generate MOON through the process of mining.,CCC,http://mooncoin.com/
MOON-ETH,Mooncoin ETH,MOON,ETH,Mooncoin (MOON) is a cryptocurrency. Users are able to generate MOON through the process of mining.,CCC,http://mooncoin.com/
MOON-EUR,Mooncoin EUR,MOON,EUR,Mooncoin (MOON) is a cryptocurrency. Users are able to generate MOON through the process of mining.,CCC,http://mooncoin.com/
MOON-GBP,Mooncoin GBP,MOON,GBP,Mooncoin (MOON) is a cryptocurrency. Users are able to generate MOON through the process of mining.,CCC,http://mooncoin.com/
MOON-INR,Mooncoin INR,MOON,INR,Mooncoin (MOON) is a cryptocurrency. Users are able to generate MOON through the process of mining.,CCC,http://mooncoin.com/
MOON-JPY,Mooncoin JPY,MOON,JPY,Mooncoin (MOON) is a cryptocurrency. Users are able to generate MOON through the process of mining.,CCC,http://mooncoin.com/
MOON-KRW,Mooncoin KRW,MOON,KRW,Mooncoin (MOON) is a cryptocurrency. Users are able to generate MOON through the process of mining.,CCC,http://mooncoin.com/
MOON-RUB,Mooncoin RUB,MOON,RUB,Mooncoin (MOON) is a cryptocurrency. Users are able to generate MOON through the process of mining.,CCC,http://mooncoin.com/
MRX-BTC,MetrixCoin BTC,MRX,BTC,Metrix Coin (MRX) is a cryptocurrency.,CCC,https://metrixcoin.com/
MRX-CAD,MetrixCoin CAD,MRX,CAD,Metrix Coin (MRX) is a cryptocurrency.,CCC,https://metrixcoin.com/
MRX-CNY,MetrixCoin CNY,MRX,CNY,Metrix Coin (MRX) is a cryptocurrency.,CCC,https://metrixcoin.com/
MRX-ETH,MetrixCoin ETH,MRX,ETH,Metrix Coin (MRX) is a cryptocurrency.,CCC,https://metrixcoin.com/
MRX-EUR,MetrixCoin EUR,MRX,EUR,Metrix Coin (MRX) is a cryptocurrency.,CCC,https://metrixcoin.com/
MRX-GBP,MetrixCoin GBP,MRX,GBP,Metrix Coin (MRX) is a cryptocurrency.,CCC,https://metrixcoin.com/
MRX-INR,MetrixCoin INR,MRX,INR,Metrix Coin (MRX) is a cryptocurrency.,CCC,https://metrixcoin.com/
MRX-JPY,MetrixCoin JPY,MRX,JPY,Metrix Coin (MRX) is a cryptocurrency.,CCC,https://metrixcoin.com/
MRX-KRW,MetrixCoin KRW,MRX,KRW,Metrix Coin (MRX) is a cryptocurrency.,CCC,https://metrixcoin.com/
MRX-RUB,MetrixCoin RUB,MRX,RUB,Metrix Coin (MRX) is a cryptocurrency.,CCC,https://metrixcoin.com/
MRX-USD,MetrixCoin USD,MRX,USD,Metrix Coin (MRX) is a cryptocurrency.,CCC,https://metrixcoin.com/
MTC2-CAD,Metacoin CAD,MTC2,CAD,Metacoin (MTC) is a cryptocurrency.,CCC,https://metacoin.network/
MTC2-CNY,Metacoin CNY,MTC2,CNY,Metacoin (MTC) is a cryptocurrency.,CCC,https://metacoin.network/
MTC2-ETH,Metacoin ETH,MTC2,ETH,Metacoin (MTC) is a cryptocurrency.,CCC,https://metacoin.network/
MTC2-EUR,Metacoin EUR,MTC2,EUR,Metacoin (MTC) is a cryptocurrency.,CCC,https://metacoin.network/
MTC2-GBP,Metacoin GBP,MTC2,GBP,Metacoin (MTC) is a cryptocurrency.,CCC,https://metacoin.network/
MTC2-INR,Metacoin INR,MTC2,INR,Metacoin (MTC) is a cryptocurrency.,CCC,https://metacoin.network/
MTC2-JPY,Metacoin JPY,MTC2,JPY,Metacoin (MTC) is a cryptocurrency.,CCC,https://metacoin.network/
MTC2-KRW,Metacoin KRW,MTC2,KRW,Metacoin (MTC) is a cryptocurrency.,CCC,https://metacoin.network/
MTC2-RUB,Metacoin RUB,MTC2,RUB,Metacoin (MTC) is a cryptocurrency.,CCC,https://metacoin.network/
MTC2-USD,Metacoin USD,MTC2,USD,Metacoin (MTC) is a cryptocurrency.,CCC,https://metacoin.network/
MWC-CAD,MimbleWimbleCoin CAD,MWC,CAD,MimbleWimbleCoin (MWC) is a cryptocurrency.,CCC,https://www.mwc.mw/
MWC-CNY,MimbleWimbleCoin CNY,MWC,CNY,MimbleWimbleCoin (MWC) is a cryptocurrency.,CCC,https://www.mwc.mw/
MWC-ETH,MimbleWimbleCoin ETH,MWC,ETH,MimbleWimbleCoin (MWC) is a cryptocurrency.,CCC,https://www.mwc.mw/
MWC-EUR,MimbleWimbleCoin EUR,MWC,EUR,MimbleWimbleCoin (MWC) is a cryptocurrency.,CCC,https://www.mwc.mw/
MWC-GBP,MimbleWimbleCoin GBP,MWC,GBP,MimbleWimbleCoin (MWC) is a cryptocurrency.,CCC,https://www.mwc.mw/
MWC-INR,MimbleWimbleCoin INR,MWC,INR,MimbleWimbleCoin (MWC) is a cryptocurrency.,CCC,https://www.mwc.mw/
MWC-JPY,MimbleWimbleCoin JPY,MWC,JPY,MimbleWimbleCoin (MWC) is a cryptocurrency.,CCC,https://www.mwc.mw/
MWC-KRW,MimbleWimbleCoin KRW,MWC,KRW,MimbleWimbleCoin (MWC) is a cryptocurrency.,CCC,https://www.mwc.mw/
MWC-RUB,MimbleWimbleCoin RUB,MWC,RUB,MimbleWimbleCoin (MWC) is a cryptocurrency.,CCC,https://www.mwc.mw/
MWC-USD,MimbleWimbleCoin USD,MWC,USD,MimbleWimbleCoin (MWC) is a cryptocurrency.,CCC,https://www.mwc.mw/
NAS-CAD,Nebulas CAD,NAS,CAD,Nebulas (NAS) is a cryptocurrency.,CCC,https://nebulas.io/
NAS-CNY,Nebulas CNY,NAS,CNY,Nebulas (NAS) is a cryptocurrency.,CCC,https://nebulas.io/
NAS-ETH,Nebulas ETH,NAS,ETH,Nebulas (NAS) is a cryptocurrency.,CCC,https://nebulas.io/
NAS-EUR,Nebulas EUR,NAS,EUR,Nebulas (NAS) is a cryptocurrency.,CCC,https://nebulas.io/
NAS-GBP,Nebulas GBP,NAS,GBP,Nebulas (NAS) is a cryptocurrency.,CCC,https://nebulas.io/
NAS-INR,Nebulas INR,NAS,INR,Nebulas (NAS) is a cryptocurrency.,CCC,https://nebulas.io/
NAS-JPY,Nebulas JPY,NAS,JPY,Nebulas (NAS) is a cryptocurrency.,CCC,https://nebulas.io/
NAS-KRW,Nebulas KRW,NAS,KRW,Nebulas (NAS) is a cryptocurrency.,CCC,https://nebulas.io/
NAS-RUB,Nebulas RUB,NAS,RUB,Nebulas (NAS) is a cryptocurrency.,CCC,https://nebulas.io/
NAS-USD,Nebulas USD,NAS,USD,Nebulas (NAS) is a cryptocurrency.,CCC,https://nebulas.io/
NAV-AUD,NavCoin AUD,NAV,AUD,Navcoin (NAV) is a cryptocurrency.,CCC,http://www.navcoin.org/
NAV-BTC,NavCoin BTC,NAV,BTC,Navcoin (NAV) is a cryptocurrency.,CCC,http://www.navcoin.org/
NAV-CAD,NavCoin CAD,NAV,CAD,Navcoin (NAV) is a cryptocurrency.,CCC,http://www.navcoin.org/
NAV-CNY,NavCoin CNY,NAV,CNY,Navcoin (NAV) is a cryptocurrency.,CCC,http://www.navcoin.org/
NAV-ETH,NavCoin ETH,NAV,ETH,Navcoin (NAV) is a cryptocurrency.,CCC,http://www.navcoin.org/
NAV-EUR,NavCoin EUR,NAV,EUR,Navcoin (NAV) is a cryptocurrency.,CCC,http://www.navcoin.org/
NAV-JPY,NavCoin JPY,NAV,JPY,Navcoin (NAV) is a cryptocurrency.,CCC,http://www.navcoin.org/
NAV-KRW,NavCoin KRW,NAV,KRW,Navcoin (NAV) is a cryptocurrency.,CCC,http://www.navcoin.org/
NAV-RUB,NavCoin RUB,NAV,RUB,Navcoin (NAV) is a cryptocurrency.,CCC,http://www.navcoin.org/
NAV-USD,NavCoin USD,NAV,USD,Navcoin (NAV) is a cryptocurrency.,CCC,http://www.navcoin.org/
NEBL-AUD,Neblio AUD,NEBL,AUD,Neblio (NEBL) is a cryptocurrency.,CCC,https://nebl.io/
NEBL-BTC,Neblio BTC,NEBL,BTC,Neblio (NEBL) is a cryptocurrency.,CCC,https://nebl.io/
NEBL-CAD,Neblio CAD,NEBL,CAD,Neblio (NEBL) is a cryptocurrency.,CCC,https://nebl.io/
NEBL-ETH,Neblio ETH,NEBL,ETH,Neblio (NEBL) is a cryptocurrency.,CCC,https://nebl.io/
NEBL-EUR,Neblio EUR,NEBL,EUR,Neblio (NEBL) is a cryptocurrency.,CCC,https://nebl.io/
NEBL-GBP,Neblio GBP,NEBL,GBP,Neblio (NEBL) is a cryptocurrency.,CCC,https://nebl.io/
NEBL-INR,Neblio INR,NEBL,INR,Neblio (NEBL) is a cryptocurrency.,CCC,https://nebl.io/
NEBL-KRW,Neblio KRW,NEBL,KRW,Neblio (NEBL) is a cryptocurrency.,CCC,https://nebl.io/
NEBL-RUB,Neblio RUB,NEBL,RUB,Neblio (NEBL) is a cryptocurrency.,CCC,https://nebl.io/
NEBL-USD,Neblio USD,NEBL,USD,Neblio (NEBL) is a cryptocurrency.,CCC,https://nebl.io/
NIM-CAD,Nimiq CAD,NIM,CAD,Nimiq (NIM) is a cryptocurrency. Users are able to generate NIM through the process of mining.,CCC,https://nimiq.com/
NIM-CNY,Nimiq CNY,NIM,CNY,Nimiq (NIM) is a cryptocurrency. Users are able to generate NIM through the process of mining.,CCC,https://nimiq.com/
NIM-ETH,Nimiq ETH,NIM,ETH,Nimiq (NIM) is a cryptocurrency. Users are able to generate NIM through the process of mining.,CCC,https://nimiq.com/
NIM-EUR,Nimiq EUR,NIM,EUR,Nimiq (NIM) is a cryptocurrency. Users are able to generate NIM through the process of mining.,CCC,https://nimiq.com/
NIM-GBP,Nimiq GBP,NIM,GBP,Nimiq (NIM) is a cryptocurrency. Users are able to generate NIM through the process of mining.,CCC,https://nimiq.com/
NIM-INR,Nimiq INR,NIM,INR,Nimiq (NIM) is a cryptocurrency. Users are able to generate NIM through the process of mining.,CCC,https://nimiq.com/
NIM-JPY,Nimiq JPY,NIM,JPY,Nimiq (NIM) is a cryptocurrency. Users are able to generate NIM through the process of mining.,CCC,https://nimiq.com/
NIM-KRW,Nimiq KRW,NIM,KRW,Nimiq (NIM) is a cryptocurrency. Users are able to generate NIM through the process of mining.,CCC,https://nimiq.com/
NIM-RUB,Nimiq RUB,NIM,RUB,Nimiq (NIM) is a cryptocurrency. Users are able to generate NIM through the process of mining.,CCC,https://nimiq.com/
NIM-USD,Nimiq USD,NIM,USD,Nimiq (NIM) is a cryptocurrency. Users are able to generate NIM through the process of mining.,CCC,https://nimiq.com/
NLC2-AUD,NoLimitCoin AUD,NLC2,AUD,NoLimitCoin (NLC2) is a cryptocurrency.,CCC,https://nolimitcoin.org/
NLC2-BTC,NoLimitCoin BTC,NLC2,BTC,NoLimitCoin (NLC2) is a cryptocurrency.,CCC,https://nolimitcoin.org/
NLC2-CAD,NoLimitCoin CAD,NLC2,CAD,NoLimitCoin (NLC2) is a cryptocurrency.,CCC,https://nolimitcoin.org/
NLC2-CNY,NoLimitCoin CNY,NLC2,CNY,NoLimitCoin (NLC2) is a cryptocurrency.,CCC,https://nolimitcoin.org/
NLC2-ETH,NoLimitCoin ETH,NLC2,ETH,NoLimitCoin (NLC2) is a cryptocurrency.,CCC,https://nolimitcoin.org/
NLC2-EUR,NoLimitCoin EUR,NLC2,EUR,NoLimitCoin (NLC2) is a cryptocurrency.,CCC,https://nolimitcoin.org/
NLC2-GBP,NoLimitCoin GBP,NLC2,GBP,NoLimitCoin (NLC2) is a cryptocurrency.,CCC,https://nolimitcoin.org/
NLC2-JPY,NoLimitCoin JPY,NLC2,JPY,NoLimitCoin (NLC2) is a cryptocurrency.,CCC,https://nolimitcoin.org/
NLC2-RUB,NoLimitCoin RUB,NLC2,RUB,NoLimitCoin (NLC2) is a cryptocurrency.,CCC,https://nolimitcoin.org/
NLC2-USD,NoLimitCoin USD,NLC2,USD,NoLimitCoin (NLC2) is a cryptocurrency.,CCC,https://nolimitcoin.org/
NLG-CAD,Gulden CAD,NLG,CAD,Gulden (NLG) is a cryptocurrency. Users are able to generate NLG through the process of mining.,CCC,https://gulden.com/
NLG-CNY,Gulden CNY,NLG,CNY,Gulden (NLG) is a cryptocurrency. Users are able to generate NLG through the process of mining.,CCC,https://gulden.com/
NLG-ETH,Gulden ETH,NLG,ETH,Gulden (NLG) is a cryptocurrency. Users are able to generate NLG through the process of mining.,CCC,https://gulden.com/
NLG-EUR,Gulden EUR,NLG,EUR,Gulden (NLG) is a cryptocurrency. Users are able to generate NLG through the process of mining.,CCC,https://gulden.com/
NLG-GBP,Gulden GBP,NLG,GBP,Gulden (NLG) is a cryptocurrency. Users are able to generate NLG through the process of mining.,CCC,https://gulden.com/
NLG-INR,Gulden INR,NLG,INR,Gulden (NLG) is a cryptocurrency. Users are able to generate NLG through the process of mining.,CCC,https://gulden.com/
NLG-JPY,Gulden JPY,NLG,JPY,Gulden (NLG) is a cryptocurrency. Users are able to generate NLG through the process of mining.,CCC,https://gulden.com/
NLG-KRW,Gulden KRW,NLG,KRW,Gulden (NLG) is a cryptocurrency. Users are able to generate NLG through the process of mining.,CCC,https://gulden.com/
NLG-RUB,Gulden RUB,NLG,RUB,Gulden (NLG) is a cryptocurrency. Users are able to generate NLG through the process of mining.,CCC,https://gulden.com/
NLG-USD,Gulden USD,NLG,USD,Gulden (NLG) is a cryptocurrency. Users are able to generate NLG through the process of mining.,CCC,https://gulden.com/
NMC-CAD,Namecoin CAD,NMC,CAD,Namecoin (NMC) is a cryptocurrency. Users are able to generate NMC through the process of mining.,CCC,https://www.namecoin.org/
NMC-CNY,Namecoin CNY,NMC,CNY,Namecoin (NMC) is a cryptocurrency. Users are able to generate NMC through the process of mining.,CCC,https://www.namecoin.org/
NMC-ETH,Namecoin ETH,NMC,ETH,Namecoin (NMC) is a cryptocurrency. Users are able to generate NMC through the process of mining.,CCC,https://www.namecoin.org/
NMC-EUR,Namecoin EUR,NMC,EUR,Namecoin (NMC) is a cryptocurrency. Users are able to generate NMC through the process of mining.,CCC,https://www.namecoin.org/
NMC-GBP,Namecoin GBP,NMC,GBP,Namecoin (NMC) is a cryptocurrency. Users are able to generate NMC through the process of mining.,CCC,https://www.namecoin.org/
NMC-INR,Namecoin INR,NMC,INR,Namecoin (NMC) is a cryptocurrency. Users are able to generate NMC through the process of mining.,CCC,https://www.namecoin.org/
NMC-JPY,Namecoin JPY,NMC,JPY,Namecoin (NMC) is a cryptocurrency. Users are able to generate NMC through the process of mining.,CCC,https://www.namecoin.org/
NMC-KRW,Namecoin KRW,NMC,KRW,Namecoin (NMC) is a cryptocurrency. Users are able to generate NMC through the process of mining.,CCC,https://www.namecoin.org/
NMC-RUB,Namecoin RUB,NMC,RUB,Namecoin (NMC) is a cryptocurrency. Users are able to generate NMC through the process of mining.,CCC,https://www.namecoin.org/
NMC-USD,Namecoin USD,NMC,USD,Namecoin (NMC) is a cryptocurrency. Users are able to generate NMC through the process of mining.,CCC,https://www.namecoin.org/
NPC-CAD,NPCoin CAD,NPC,CAD,NPCoin (NPC) is a cryptocurrency.,CCC,http://npcoin.info/
NPC-CNY,NPCoin CNY,NPC,CNY,NPCoin (NPC) is a cryptocurrency.,CCC,http://npcoin.info/
NPC-ETH,NPCoin ETH,NPC,ETH,NPCoin (NPC) is a cryptocurrency.,CCC,http://npcoin.info/
NPC-EUR,NPCoin EUR,NPC,EUR,NPCoin (NPC) is a cryptocurrency.,CCC,http://npcoin.info/
NPC-GBP,NPCoin GBP,NPC,GBP,NPCoin (NPC) is a cryptocurrency.,CCC,http://npcoin.info/
NPC-INR,NPCoin INR,NPC,INR,NPCoin (NPC) is a cryptocurrency.,CCC,http://npcoin.info/
NPC-JPY,NPCoin JPY,NPC,JPY,NPCoin (NPC) is a cryptocurrency.,CCC,http://npcoin.info/
NPC-KRW,NPCoin KRW,NPC,KRW,NPCoin (NPC) is a cryptocurrency.,CCC,http://npcoin.info/
NPC-RUB,NPCoin RUB,NPC,RUB,NPCoin (NPC) is a cryptocurrency.,CCC,http://npcoin.info/
NPC-USD,NPCoin USD,NPC,USD,NPCoin (NPC) is a cryptocurrency.,CCC,http://npcoin.info/
NU-CAD,NuCypher CAD,NU,CAD,NuCypher (NU) is a cryptocurrency and operates on the Ethereum platform.,CCC,https://nucypher.com
NU-CNY,NuCypher CNY,NU,CNY,NuCypher (NU) is a cryptocurrency and operates on the Ethereum platform.,CCC,https://nucypher.com
NU-ETH,NuCypher ETH,NU,ETH,NuCypher (NU) is a cryptocurrency and operates on the Ethereum platform.,CCC,https://nucypher.com
NU-EUR,NuCypher EUR,NU,EUR,NuCypher (NU) is a cryptocurrency and operates on the Ethereum platform.,CCC,https://nucypher.com
NU-GBP,NuCypher GBP,NU,GBP,NuCypher (NU) is a cryptocurrency and operates on the Ethereum platform.,CCC,https://nucypher.com
NU-INR,NuCypher INR,NU,INR,NuCypher (NU) is a cryptocurrency and operates on the Ethereum platform.,CCC,https://nucypher.com
NU-JPY,NuCypher JPY,NU,JPY,NuCypher (NU) is a cryptocurrency and operates on the Ethereum platform.,CCC,https://nucypher.com
NU-KRW,NuCypher KRW,NU,KRW,NuCypher (NU) is a cryptocurrency and operates on the Ethereum platform.,CCC,https://nucypher.com
NU-RUB,NuCypher RUB,NU,RUB,NuCypher (NU) is a cryptocurrency and operates on the Ethereum platform.,CCC,https://nucypher.com
NU-USD,NuCypher USD,NU,USD,NuCypher (NU) is a cryptocurrency and operates on the Ethereum platform.,CCC,https://nucypher.com
NULS-CAD,NULS CAD,NULS,CAD,NULS (NULS) is a cryptocurrency. Users are able to generate NULS through the process of mining.,CCC,https://nuls.io/
NULS-CNY,NULS CNY,NULS,CNY,NULS (NULS) is a cryptocurrency. Users are able to generate NULS through the process of mining.,CCC,https://nuls.io/
NULS-ETH,NULS ETH,NULS,ETH,NULS (NULS) is a cryptocurrency. Users are able to generate NULS through the process of mining.,CCC,https://nuls.io/
NULS-EUR,NULS EUR,NULS,EUR,NULS (NULS) is a cryptocurrency. Users are able to generate NULS through the process of mining.,CCC,https://nuls.io/
NULS-GBP,NULS GBP,NULS,GBP,NULS (NULS) is a cryptocurrency. Users are able to generate NULS through the process of mining.,CCC,https://nuls.io/
NULS-INR,NULS INR,NULS,INR,NULS (NULS) is a cryptocurrency. Users are able to generate NULS through the process of mining.,CCC,https://nuls.io/
NULS-JPY,NULS JPY,NULS,JPY,NULS (NULS) is a cryptocurrency. Users are able to generate NULS through the process of mining.,CCC,https://nuls.io/
NULS-KRW,NULS KRW,NULS,KRW,NULS (NULS) is a cryptocurrency. Users are able to generate NULS through the process of mining.,CCC,https://nuls.io/
NULS-RUB,NULS RUB,NULS,RUB,NULS (NULS) is a cryptocurrency. Users are able to generate NULS through the process of mining.,CCC,https://nuls.io/
NULS-USD,NULS USD,NULS,USD,NULS (NULS) is a cryptocurrency. Users are able to generate NULS through the process of mining.,CCC,https://nuls.io/
NVT-CAD,NerveNetwork CAD,NVT,CAD,NerveNetwork (NVT) is a cryptocurrency.,CCC,https://nerve.network
NVT-CNY,NerveNetwork CNY,NVT,CNY,NerveNetwork (NVT) is a cryptocurrency.,CCC,https://nerve.network
NVT-ETH,NerveNetwork ETH,NVT,ETH,NerveNetwork (NVT) is a cryptocurrency.,CCC,https://nerve.network
NVT-EUR,NerveNetwork EUR,NVT,EUR,NerveNetwork (NVT) is a cryptocurrency.,CCC,https://nerve.network
NVT-GBP,NerveNetwork GBP,NVT,GBP,NerveNetwork (NVT) is a cryptocurrency.,CCC,https://nerve.network
NVT-INR,NerveNetwork INR,NVT,INR,NerveNetwork (NVT) is a cryptocurrency.,CCC,https://nerve.network
NVT-JPY,NerveNetwork JPY,NVT,JPY,NerveNetwork (NVT) is a cryptocurrency.,CCC,https://nerve.network
NVT-KRW,NerveNetwork KRW,NVT,KRW,NerveNetwork (NVT) is a cryptocurrency.,CCC,https://nerve.network
NVT-RUB,NerveNetwork RUB,NVT,RUB,NerveNetwork (NVT) is a cryptocurrency.,CCC,https://nerve.network
NVT-USD,NerveNetwork USD,NVT,USD,NerveNetwork (NVT) is a cryptocurrency.,CCC,https://nerve.network
NXS-CAD,Nexus CAD,NXS,CAD,Nexus (NXS) is a cryptocurrency. Users are able to generate NXS through the process of mining.,CCC,http://nexus.io/
NXS-EUR,Nexus EUR,NXS,EUR,Nexus (NXS) is a cryptocurrency. Users are able to generate NXS through the process of mining.,CCC,http://nexus.io/
NXS-USD,Nexus USD,NXS,USD,Nexus (NXS) is a cryptocurrency. Users are able to generate NXS through the process of mining.,CCC,http://nexus.io/
NYE-BTC,,,,,,
NYE-CAD,NewYorkExchange CAD,NYE,CAD,NewYork Exchange (NYE) is a cryptocurrency.,CCC,https://www.nyecoin.io/
NYE-CNY,NewYorkExchange CNY,NYE,CNY,NewYork Exchange (NYE) is a cryptocurrency.,CCC,https://www.nyecoin.io/
NYE-ETH,NewYorkExchange ETH,NYE,ETH,NewYork Exchange (NYE) is a cryptocurrency.,CCC,https://www.nyecoin.io/
NYE-EUR,NewYorkExchange EUR,NYE,EUR,NewYork Exchange (NYE) is a cryptocurrency.,CCC,https://www.nyecoin.io/
NYE-GBP,NewYorkExchange GBP,NYE,GBP,NewYork Exchange (NYE) is a cryptocurrency.,CCC,https://www.nyecoin.io/
NYE-INR,NewYorkExchange INR,NYE,INR,NewYork Exchange (NYE) is a cryptocurrency.,CCC,https://www.nyecoin.io/
NYE-JPY,NewYorkExchange JPY,NYE,JPY,NewYork Exchange (NYE) is a cryptocurrency.,CCC,https://www.nyecoin.io/
NYE-KRW,NewYorkExchange KRW,NYE,KRW,NewYork Exchange (NYE) is a cryptocurrency.,CCC,https://www.nyecoin.io/
NYE-RUB,NewYorkExchange RUB,NYE,RUB,NewYork Exchange (NYE) is a cryptocurrency.,CCC,https://www.nyecoin.io/
NYE-USD,NewYorkExchange USD,NYE,USD,NewYork Exchange (NYE) is a cryptocurrency.,CCC,https://www.nyecoin.io/
NYZO-CAD,Nyzo CAD,NYZO,CAD,Nyzo (NYZO) is a cryptocurrency.,CCC,https://nyzo.co
NYZO-CNY,Nyzo CNY,NYZO,CNY,Nyzo (NYZO) is a cryptocurrency.,CCC,https://nyzo.co
NYZO-ETH,Nyzo ETH,NYZO,ETH,Nyzo (NYZO) is a cryptocurrency.,CCC,https://nyzo.co
NYZO-EUR,Nyzo EUR,NYZO,EUR,Nyzo (NYZO) is a cryptocurrency.,CCC,https://nyzo.co
NYZO-GBP,Nyzo GBP,NYZO,GBP,Nyzo (NYZO) is a cryptocurrency.,CCC,https://nyzo.co
NYZO-INR,Nyzo INR,NYZO,INR,Nyzo (NYZO) is a cryptocurrency.,CCC,https://nyzo.co
NYZO-JPY,Nyzo JPY,NYZO,JPY,Nyzo (NYZO) is a cryptocurrency.,CCC,https://nyzo.co
NYZO-KRW,Nyzo KRW,NYZO,KRW,Nyzo (NYZO) is a cryptocurrency.,CCC,https://nyzo.co
NYZO-RUB,Nyzo RUB,NYZO,RUB,Nyzo (NYZO) is a cryptocurrency.,CCC,https://nyzo.co
NYZO-USD,Nyzo USD,NYZO,USD,Nyzo (NYZO) is a cryptocurrency.,CCC,https://nyzo.co
OBSR-CAD,Observer CAD,OBSR,CAD,Observer (OBSR) is a cryptocurrency. Users are able to generate OBSR through the process of mining.,CCC,http://www.obsr.org
OBSR-CNY,Observer CNY,OBSR,CNY,Observer (OBSR) is a cryptocurrency. Users are able to generate OBSR through the process of mining.,CCC,http://www.obsr.org
OBSR-ETH,Observer ETH,OBSR,ETH,Observer (OBSR) is a cryptocurrency. Users are able to generate OBSR through the process of mining.,CCC,http://www.obsr.org
OBSR-EUR,Observer EUR,OBSR,EUR,Observer (OBSR) is a cryptocurrency. Users are able to generate OBSR through the process of mining.,CCC,http://www.obsr.org
OBSR-GBP,Observer GBP,OBSR,GBP,Observer (OBSR) is a cryptocurrency. Users are able to generate OBSR through the process of mining.,CCC,http://www.obsr.org
OBSR-INR,Observer INR,OBSR,INR,Observer (OBSR) is a cryptocurrency. Users are able to generate OBSR through the process of mining.,CCC,http://www.obsr.org
OBSR-JPY,Observer JPY,OBSR,JPY,Observer (OBSR) is a cryptocurrency. Users are able to generate OBSR through the process of mining.,CCC,http://www.obsr.org
OBSR-KRW,Observer KRW,OBSR,KRW,Observer (OBSR) is a cryptocurrency. Users are able to generate OBSR through the process of mining.,CCC,http://www.obsr.org
OBSR-RUB,Observer RUB,OBSR,RUB,Observer (OBSR) is a cryptocurrency. Users are able to generate OBSR through the process of mining.,CCC,http://www.obsr.org
OBSR-USD,Observer USD,OBSR,USD,Observer (OBSR) is a cryptocurrency. Users are able to generate OBSR through the process of mining.,CCC,http://www.obsr.org
OMG-AUD,OmiseGO AUD,OMG,AUD,OMG Network (OMG) is a cryptocurrency.,CCC,https://omg.network/
OMG-BTC,OmiseGO BTC,OMG,BTC,OMG Network (OMG) is a cryptocurrency.,CCC,https://omg.network/
OMG-ETH,OmiseGO ETH,OMG,ETH,OMG Network (OMG) is a cryptocurrency.,CCC,https://omg.network/
OMG-EUR,OmiseGO EUR,OMG,EUR,OMG Network (OMG) is a cryptocurrency.,CCC,https://omg.network/
OMG-GBP,OmiseGO GBP,OMG,GBP,OMG Network (OMG) is a cryptocurrency.,CCC,https://omg.network/
OMG-INR,OmiseGO INR,OMG,INR,OMG Network (OMG) is a cryptocurrency.,CCC,https://omg.network/
OMG-JPY,OmiseGO JPY,OMG,JPY,OMG Network (OMG) is a cryptocurrency.,CCC,https://omg.network/
OMG-KRW,OmiseGO KRW,OMG,KRW,OMG Network (OMG) is a cryptocurrency.,CCC,https://omg.network/
OMG-RUB,OmiseGO RUB,OMG,RUB,OMG Network (OMG) is a cryptocurrency.,CCC,https://omg.network/
OMG-USD,OmiseGO USD,OMG,USD,OMG Network (OMG) is a cryptocurrency.,CCC,https://omg.network/
ONE2-CAD,Harmony CAD,ONE2,CAD,Harmony (ONE) is a cryptocurrency.,CCC,https://www.harmony.one/
ONE2-CNY,Harmony CNY,ONE2,CNY,Harmony (ONE) is a cryptocurrency.,CCC,https://www.harmony.one/
ONE2-ETH,Harmony ETH,ONE2,ETH,Harmony (ONE) is a cryptocurrency.,CCC,https://www.harmony.one/
ONE2-EUR,Harmony EUR,ONE2,EUR,Harmony (ONE) is a cryptocurrency.,CCC,https://www.harmony.one/
ONE2-GBP,Harmony GBP,ONE2,GBP,Harmony (ONE) is a cryptocurrency.,CCC,https://www.harmony.one/
ONE2-INR,Harmony INR,ONE2,INR,Harmony (ONE) is a cryptocurrency.,CCC,https://www.harmony.one/
ONE2-JPY,Harmony JPY,ONE2,JPY,Harmony (ONE) is a cryptocurrency.,CCC,https://www.harmony.one/
ONE2-KRW,Harmony KRW,ONE2,KRW,Harmony (ONE) is a cryptocurrency.,CCC,https://www.harmony.one/
ONE2-RUB,Harmony RUB,ONE2,RUB,Harmony (ONE) is a cryptocurrency.,CCC,https://www.harmony.one/
ONE2-USD,Harmony USD,ONE2,USD,Harmony (ONE) is a cryptocurrency.,CCC,https://www.harmony.one/
ONT-CAD,Ontology CAD,ONT,CAD,Ontology (ONT) is a cryptocurrency.,CCC,https://ont.io/
ONT-CNY,Ontology CNY,ONT,CNY,Ontology (ONT) is a cryptocurrency.,CCC,https://ont.io/
ONT-ETH,Ontology ETH,ONT,ETH,Ontology (ONT) is a cryptocurrency.,CCC,https://ont.io/
ONT-EUR,Ontology EUR,ONT,EUR,Ontology (ONT) is a cryptocurrency.,CCC,https://ont.io/
ONT-GBP,Ontology GBP,ONT,GBP,Ontology (ONT) is a cryptocurrency.,CCC,https://ont.io/
ONT-INR,Ontology INR,ONT,INR,Ontology (ONT) is a cryptocurrency.,CCC,https://ont.io/
ONT-JPY,Ontology JPY,ONT,JPY,Ontology (ONT) is a cryptocurrency.,CCC,https://ont.io/
ONT-KRW,Ontology KRW,ONT,KRW,Ontology (ONT) is a cryptocurrency.,CCC,https://ont.io/
ONT-RUB,Ontology RUB,ONT,RUB,Ontology (ONT) is a cryptocurrency.,CCC,https://ont.io/
ONT-USD,Ontology USD,ONT,USD,Ontology (ONT) is a cryptocurrency.,CCC,https://ont.io/
OTO-CAD,OTOCASH CAD,OTO,CAD,OTOCASH (OTO) is a cryptocurrency. Users are able to generate OTO through the process of mining.,CCC,https://www.otocash.io/
OTO-CNY,OTOCASH CNY,OTO,CNY,OTOCASH (OTO) is a cryptocurrency. Users are able to generate OTO through the process of mining.,CCC,https://www.otocash.io/
OTO-ETH,OTOCASH ETH,OTO,ETH,OTOCASH (OTO) is a cryptocurrency. Users are able to generate OTO through the process of mining.,CCC,https://www.otocash.io/
OTO-EUR,OTOCASH EUR,OTO,EUR,OTOCASH (OTO) is a cryptocurrency. Users are able to generate OTO through the process of mining.,CCC,https://www.otocash.io/
OTO-GBP,OTOCASH GBP,OTO,GBP,OTOCASH (OTO) is a cryptocurrency. Users are able to generate OTO through the process of mining.,CCC,https://www.otocash.io/
OTO-INR,OTOCASH INR,OTO,INR,OTOCASH (OTO) is a cryptocurrency. Users are able to generate OTO through the process of mining.,CCC,https://www.otocash.io/
OTO-JPY,OTOCASH JPY,OTO,JPY,OTOCASH (OTO) is a cryptocurrency. Users are able to generate OTO through the process of mining.,CCC,https://www.otocash.io/
OTO-KRW,OTOCASH KRW,OTO,KRW,OTOCASH (OTO) is a cryptocurrency. Users are able to generate OTO through the process of mining.,CCC,https://www.otocash.io/
OTO-RUB,OTOCASH RUB,OTO,RUB,OTOCASH (OTO) is a cryptocurrency. Users are able to generate OTO through the process of mining.,CCC,https://www.otocash.io/
OTO-USD,OTOCASH USD,OTO,USD,OTOCASH (OTO) is a cryptocurrency. Users are able to generate OTO through the process of mining.,CCC,https://www.otocash.io/
OURO-CAD,Ouroboros CAD,OURO,CAD,Ouroboros (OURO) is a cryptocurrency.,CCC,https://ouroboros-crypto.com/en/
OURO-CNY,Ouroboros CNY,OURO,CNY,Ouroboros (OURO) is a cryptocurrency.,CCC,https://ouroboros-crypto.com/en/
OURO-ETH,Ouroboros ETH,OURO,ETH,Ouroboros (OURO) is a cryptocurrency.,CCC,https://ouroboros-crypto.com/en/
OURO-EUR,Ouroboros EUR,OURO,EUR,Ouroboros (OURO) is a cryptocurrency.,CCC,https://ouroboros-crypto.com/en/
OURO-GBP,Ouroboros GBP,OURO,GBP,Ouroboros (OURO) is a cryptocurrency.,CCC,https://ouroboros-crypto.com/en/
OURO-INR,Ouroboros INR,OURO,INR,Ouroboros (OURO) is a cryptocurrency.,CCC,https://ouroboros-crypto.com/en/
OURO-JPY,Ouroboros JPY,OURO,JPY,Ouroboros (OURO) is a cryptocurrency.,CCC,https://ouroboros-crypto.com/en/
OURO-KRW,Ouroboros KRW,OURO,KRW,Ouroboros (OURO) is a cryptocurrency.,CCC,https://ouroboros-crypto.com/en/
OURO-RUB,Ouroboros RUB,OURO,RUB,Ouroboros (OURO) is a cryptocurrency.,CCC,https://ouroboros-crypto.com/en/
OURO-USD,Ouroboros USD,OURO,USD,Ouroboros (OURO) is a cryptocurrency.,CCC,https://ouroboros-crypto.com/en/
OWC-CAD,ODUWA CAD,OWC,CAD,ODUWA (OWC) is a cryptocurrency. Users are able to generate OWC through the process of mining.,CCC,https://oduwacoin.io/
OWC-CNY,ODUWA CNY,OWC,CNY,ODUWA (OWC) is a cryptocurrency. Users are able to generate OWC through the process of mining.,CCC,https://oduwacoin.io/
OWC-ETH,ODUWA ETH,OWC,ETH,ODUWA (OWC) is a cryptocurrency. Users are able to generate OWC through the process of mining.,CCC,https://oduwacoin.io/
OWC-EUR,ODUWA EUR,OWC,EUR,ODUWA (OWC) is a cryptocurrency. Users are able to generate OWC through the process of mining.,CCC,https://oduwacoin.io/
OWC-GBP,ODUWA GBP,OWC,GBP,ODUWA (OWC) is a cryptocurrency. Users are able to generate OWC through the process of mining.,CCC,https://oduwacoin.io/
OWC-INR,ODUWA INR,OWC,INR,ODUWA (OWC) is a cryptocurrency. Users are able to generate OWC through the process of mining.,CCC,https://oduwacoin.io/
OWC-JPY,ODUWA JPY,OWC,JPY,ODUWA (OWC) is a cryptocurrency. Users are able to generate OWC through the process of mining.,CCC,https://oduwacoin.io/
OWC-KRW,ODUWA KRW,OWC,KRW,ODUWA (OWC) is a cryptocurrency. Users are able to generate OWC through the process of mining.,CCC,https://oduwacoin.io/
OWC-RUB,ODUWA RUB,OWC,RUB,ODUWA (OWC) is a cryptocurrency. Users are able to generate OWC through the process of mining.,CCC,https://oduwacoin.io/
OWC-USD,ODUWA USD,OWC,USD,ODUWA (OWC) is a cryptocurrency. Users are able to generate OWC through the process of mining.,CCC,https://oduwacoin.io/
OXT-CNY,Orchid CNY,OXT,CNY,Orchid (OXT) is a cryptocurrency and operates on the Ethereum platform.,CCC,https://www.orchid.com/
OXT-ETH,Orchid ETH,OXT,ETH,Orchid (OXT) is a cryptocurrency and operates on the Ethereum platform.,CCC,https://www.orchid.com/
OXT-EUR,Orchid EUR,OXT,EUR,Orchid (OXT) is a cryptocurrency and operates on the Ethereum platform.,CCC,https://www.orchid.com/
OXT-GBP,Orchid GBP,OXT,GBP,Orchid (OXT) is a cryptocurrency and operates on the Ethereum platform.,CCC,https://www.orchid.com/
OXT-INR,Orchid INR,OXT,INR,Orchid (OXT) is a cryptocurrency and operates on the Ethereum platform.,CCC,https://www.orchid.com/
OXT-JPY,Orchid JPY,OXT,JPY,Orchid (OXT) is a cryptocurrency and operates on the Ethereum platform.,CCC,https://www.orchid.com/
OXT-KRW,Orchid KRW,OXT,KRW,Orchid (OXT) is a cryptocurrency and operates on the Ethereum platform.,CCC,https://www.orchid.com/
OXT-RUB,Orchid RUB,OXT,RUB,Orchid (OXT) is a cryptocurrency and operates on the Ethereum platform.,CCC,https://www.orchid.com/
OXT-USD,Orchid USD,OXT,USD,Orchid (OXT) is a cryptocurrency and operates on the Ethereum platform.,CCC,https://www.orchid.com/
PAC-AUD,PACGlobal AUD,PAC,AUD,PAC Protocol (PAC) is a cryptocurrency. Users are able to generate PAC through the process of mining.,CCC,https://pacprotocol.com
PAC-CAD,PACGlobal CAD,PAC,CAD,PAC Protocol (PAC) is a cryptocurrency. Users are able to generate PAC through the process of mining.,CCC,https://pacprotocol.com
PAC-CNY,PACGlobal CNY,PAC,CNY,PAC Protocol (PAC) is a cryptocurrency. Users are able to generate PAC through the process of mining.,CCC,https://pacprotocol.com
PAC-ETH,PACGlobal ETH,PAC,ETH,PAC Protocol (PAC) is a cryptocurrency. Users are able to generate PAC through the process of mining.,CCC,https://pacprotocol.com
PAC-EUR,PACGlobal EUR,PAC,EUR,PAC Protocol (PAC) is a cryptocurrency. Users are able to generate PAC through the process of mining.,CCC,https://pacprotocol.com
PAC-GBP,PACGlobal GBP,PAC,GBP,PAC Protocol (PAC) is a cryptocurrency. Users are able to generate PAC through the process of mining.,CCC,https://pacprotocol.com
PAC-INR,PACGlobal INR,PAC,INR,PAC Protocol (PAC) is a cryptocurrency. Users are able to generate PAC through the process of mining.,CCC,https://pacprotocol.com
PAC-JPY,PACGlobal JPY,PAC,JPY,PAC Protocol (PAC) is a cryptocurrency. Users are able to generate PAC through the process of mining.,CCC,https://pacprotocol.com
PAC-KRW,PACGlobal KRW,PAC,KRW,PAC Protocol (PAC) is a cryptocurrency. Users are able to generate PAC through the process of mining.,CCC,https://pacprotocol.com
PAC-RUB,PACGlobal RUB,PAC,RUB,PAC Protocol (PAC) is a cryptocurrency. Users are able to generate PAC through the process of mining.,CCC,https://pacprotocol.com
PAC-USD,PACGlobal USD,PAC,USD,PAC Protocol (PAC) is a cryptocurrency. Users are able to generate PAC through the process of mining.,CCC,https://pacprotocol.com
PAI-BTC,ProjectPai BTC,PAI,BTC,Project Pai (PAI) is a cryptocurrency.,CCC,https://projectpai.com/
PAI-CNY,ProjectPai CNY,PAI,CNY,Project Pai (PAI) is a cryptocurrency.,CCC,https://projectpai.com/
PAI-ETH,ProjectPai ETH,PAI,ETH,Project Pai (PAI) is a cryptocurrency.,CCC,https://projectpai.com/
PAI-EUR,ProjectPai EUR,PAI,EUR,Project Pai (PAI) is a cryptocurrency.,CCC,https://projectpai.com/
PAI-GBP,ProjectPai GBP,PAI,GBP,Project Pai (PAI) is a cryptocurrency.,CCC,https://projectpai.com/
PAI-INR,ProjectPai INR,PAI,INR,Project Pai (PAI) is a cryptocurrency.,CCC,https://projectpai.com/
PAI-JPY,ProjectPai JPY,PAI,JPY,Project Pai (PAI) is a cryptocurrency.,CCC,https://projectpai.com/
PAI-KRW,ProjectPai KRW,PAI,KRW,Project Pai (PAI) is a cryptocurrency.,CCC,https://projectpai.com/
PAI-RUB,ProjectPai RUB,PAI,RUB,Project Pai (PAI) is a cryptocurrency.,CCC,https://projectpai.com/
PAI-USD,ProjectPai USD,PAI,USD,Project Pai (PAI) is a cryptocurrency.,CCC,https://projectpai.com/
PART-BTC,Particl BTC,PART,BTC,Particl (PART) is a cryptocurrency.,CCC,http://particl.io/
PART-CAD,Particl CAD,PART,CAD,Particl (PART) is a cryptocurrency.,CCC,http://particl.io/
PART-CNY,Particl CNY,PART,CNY,Particl (PART) is a cryptocurrency.,CCC,http://particl.io/
PART-ETH,Particl ETH,PART,ETH,Particl (PART) is a cryptocurrency.,CCC,http://particl.io/
PART-EUR,Particl EUR,PART,EUR,Particl (PART) is a cryptocurrency.,CCC,http://particl.io/
PART-GBP,Particl GBP,PART,GBP,Particl (PART) is a cryptocurrency.,CCC,http://particl.io/
PART-INR,Particl INR,PART,INR,Particl (PART) is a cryptocurrency.,CCC,http://particl.io/
PART-JPY,Particl JPY,PART,JPY,Particl (PART) is a cryptocurrency.,CCC,http://particl.io/
PART-RUB,Particl RUB,PART,RUB,Particl (PART) is a cryptocurrency.,CCC,http://particl.io/
PART-USD,Particl USD,PART,USD,Particl (PART) is a cryptocurrency.,CCC,http://particl.io/
PAY-ETH,TenX ETH,PAY,ETH,TenX (PAY) is a cryptocurrency launched in 2017and operates on the Ethereum platform.,CCC,https://www.tenx.tech/
PAY-EUR,TenX EUR,PAY,EUR,TenX (PAY) is a cryptocurrency launched in 2017and operates on the Ethereum platform.,CCC,https://www.tenx.tech/
PAY-GBP,TenX GBP,PAY,GBP,TenX (PAY) is a cryptocurrency launched in 2017and operates on the Ethereum platform.,CCC,https://www.tenx.tech/
PAY-INR,TenX INR,PAY,INR,TenX (PAY) is a cryptocurrency launched in 2017and operates on the Ethereum platform.,CCC,https://www.tenx.tech/
PAY-JPY,TenX JPY,PAY,JPY,TenX (PAY) is a cryptocurrency launched in 2017and operates on the Ethereum platform.,CCC,https://www.tenx.tech/
PAY-KRW,TenX KRW,PAY,KRW,TenX (PAY) is a cryptocurrency launched in 2017and operates on the Ethereum platform.,CCC,https://www.tenx.tech/
PAY-RUB,TenX RUB,PAY,RUB,TenX (PAY) is a cryptocurrency launched in 2017and operates on the Ethereum platform.,CCC,https://www.tenx.tech/
PAY-USD,TenX USD,PAY,USD,TenX (PAY) is a cryptocurrency launched in 2017and operates on the Ethereum platform.,CCC,https://www.tenx.tech/
PCX-CAD,ChainX CAD,PCX,CAD,ChainX (PCX) is a cryptocurrency.,CCC,https://chainx.org/
PCX-CNY,ChainX CNY,PCX,CNY,ChainX (PCX) is a cryptocurrency.,CCC,https://chainx.org/
PCX-ETH,ChainX ETH,PCX,ETH,ChainX (PCX) is a cryptocurrency.,CCC,https://chainx.org/
PCX-EUR,ChainX EUR,PCX,EUR,ChainX (PCX) is a cryptocurrency.,CCC,https://chainx.org/
PCX-GBP,ChainX GBP,PCX,GBP,ChainX (PCX) is a cryptocurrency.,CCC,https://chainx.org/
PCX-INR,ChainX INR,PCX,INR,ChainX (PCX) is a cryptocurrency.,CCC,https://chainx.org/
PCX-JPY,ChainX JPY,PCX,JPY,ChainX (PCX) is a cryptocurrency.,CCC,https://chainx.org/
PCX-KRW,ChainX KRW,PCX,KRW,ChainX (PCX) is a cryptocurrency.,CCC,https://chainx.org/
PCX-RUB,ChainX RUB,PCX,RUB,ChainX (PCX) is a cryptocurrency.,CCC,https://chainx.org/
PCX-USD,ChainX USD,PCX,USD,ChainX (PCX) is a cryptocurrency.,CCC,https://chainx.org/
PHA-CAD,PhalaNetwork CAD,PHA,CAD,Phala Network (PHA) is a cryptocurrency.,CCC,https://phala.network/
PHA-CNY,PhalaNetwork CNY,PHA,CNY,Phala Network (PHA) is a cryptocurrency.,CCC,https://phala.network/
PHA-ETH,PhalaNetwork ETH,PHA,ETH,Phala Network (PHA) is a cryptocurrency.,CCC,https://phala.network/
PHA-EUR,PhalaNetwork EUR,PHA,EUR,Phala Network (PHA) is a cryptocurrency.,CCC,https://phala.network/
PHA-GBP,PhalaNetwork GBP,PHA,GBP,Phala Network (PHA) is a cryptocurrency.,CCC,https://phala.network/
PHA-INR,PhalaNetwork INR,PHA,INR,Phala Network (PHA) is a cryptocurrency.,CCC,https://phala.network/
PHA-JPY,PhalaNetwork JPY,PHA,JPY,Phala Network (PHA) is a cryptocurrency.,CCC,https://phala.network/
PHA-KRW,PhalaNetwork KRW,PHA,KRW,Phala Network (PHA) is a cryptocurrency.,CCC,https://phala.network/
PHA-RUB,PhalaNetwork RUB,PHA,RUB,Phala Network (PHA) is a cryptocurrency.,CCC,https://phala.network/
PHA-USD,PhalaNetwork USD,PHA,USD,Phala Network (PHA) is a cryptocurrency.,CCC,https://phala.network/
PHR-CAD,Phore CAD,PHR,CAD,Phore (PHR) is a cryptocurrency.,CCC,https://phore.io/
PHR-CNY,Phore CNY,PHR,CNY,Phore (PHR) is a cryptocurrency.,CCC,https://phore.io/
PHR-ETH,Phore ETH,PHR,ETH,Phore (PHR) is a cryptocurrency.,CCC,https://phore.io/
PHR-EUR,Phore EUR,PHR,EUR,Phore (PHR) is a cryptocurrency.,CCC,https://phore.io/
PHR-GBP,Phore GBP,PHR,GBP,Phore (PHR) is a cryptocurrency.,CCC,https://phore.io/
PHR-INR,Phore INR,PHR,INR,Phore (PHR) is a cryptocurrency.,CCC,https://phore.io/
PHR-JPY,Phore JPY,PHR,JPY,Phore (PHR) is a cryptocurrency.,CCC,https://phore.io/
PHR-KRW,Phore KRW,PHR,KRW,Phore (PHR) is a cryptocurrency.,CCC,https://phore.io/
PHR-RUB,Phore RUB,PHR,RUB,Phore (PHR) is a cryptocurrency.,CCC,https://phore.io/
PHR-USD,Phore USD,PHR,USD,Phore (PHR) is a cryptocurrency.,CCC,https://phore.io/
PI-CAD,PCHAIN CAD,PI,CAD,Plian (PI) is a cryptocurrency.,CCC,https://plian.org/
PI-CNY,PCHAIN CNY,PI,CNY,Plian (PI) is a cryptocurrency.,CCC,https://plian.org/
PI-ETH,PCHAIN ETH,PI,ETH,Plian (PI) is a cryptocurrency.,CCC,https://plian.org/
PI-EUR,PCHAIN EUR,PI,EUR,Plian (PI) is a cryptocurrency.,CCC,https://plian.org/
PI-GBP,PCHAIN GBP,PI,GBP,Plian (PI) is a cryptocurrency.,CCC,https://plian.org/
PI-INR,PCHAIN INR,PI,INR,Plian (PI) is a cryptocurrency.,CCC,https://plian.org/
PI-JPY,PCHAIN JPY,PI,JPY,Plian (PI) is a cryptocurrency.,CCC,https://plian.org/
PI-KRW,PCHAIN KRW,PI,KRW,Plian (PI) is a cryptocurrency.,CCC,https://plian.org/
PI-RUB,PCHAIN RUB,PI,RUB,Plian (PI) is a cryptocurrency.,CCC,https://plian.org/
PI-USD,PCHAIN USD,PI,USD,Plian (PI) is a cryptocurrency.,CCC,https://plian.org/
PIVX-CNY,PIVX CNY,PIVX,CNY,PIVX (PIVX) is a cryptocurrency.,CCC,https://pivx.org
PIVX-ETH,PIVX ETH,PIVX,ETH,PIVX (PIVX) is a cryptocurrency.,CCC,https://pivx.org
PIVX-EUR,PIVX EUR,PIVX,EUR,PIVX (PIVX) is a cryptocurrency.,CCC,https://pivx.org
PIVX-GBP,PIVX GBP,PIVX,GBP,PIVX (PIVX) is a cryptocurrency.,CCC,https://pivx.org
PIVX-INR,PIVX INR,PIVX,INR,PIVX (PIVX) is a cryptocurrency.,CCC,https://pivx.org
PIVX-JPY,PIVX JPY,PIVX,JPY,PIVX (PIVX) is a cryptocurrency.,CCC,https://pivx.org
PIVX-KRW,PIVX KRW,PIVX,KRW,PIVX (PIVX) is a cryptocurrency.,CCC,https://pivx.org
PIVX-RUB,PIVX RUB,PIVX,RUB,PIVX (PIVX) is a cryptocurrency.,CCC,https://pivx.org
PIVX-USD,PIVX USD,PIVX,USD,PIVX (PIVX) is a cryptocurrency.,CCC,https://pivx.org
PLC-CAD,PLATINCOIN CAD,PLC,CAD,PLATINCOIN (PLC) is a cryptocurrency.,CCC,https://platincoin.com/
PLC-CNY,PLATINCOIN CNY,PLC,CNY,PLATINCOIN (PLC) is a cryptocurrency.,CCC,https://platincoin.com/
PLC-ETH,PLATINCOIN ETH,PLC,ETH,PLATINCOIN (PLC) is a cryptocurrency.,CCC,https://platincoin.com/
PLC-EUR,PLATINCOIN EUR,PLC,EUR,PLATINCOIN (PLC) is a cryptocurrency.,CCC,https://platincoin.com/
PLC-GBP,PLATINCOIN GBP,PLC,GBP,PLATINCOIN (PLC) is a cryptocurrency.,CCC,https://platincoin.com/
PLC-INR,PLATINCOIN INR,PLC,INR,PLATINCOIN (PLC) is a cryptocurrency.,CCC,https://platincoin.com/
PLC-JPY,PLATINCOIN JPY,PLC,JPY,PLATINCOIN (PLC) is a cryptocurrency.,CCC,https://platincoin.com/
PLC-KRW,PLATINCOIN KRW,PLC,KRW,PLATINCOIN (PLC) is a cryptocurrency.,CCC,https://platincoin.com/
PLC-RUB,PLATINCOIN RUB,PLC,RUB,PLATINCOIN (PLC) is a cryptocurrency.,CCC,https://platincoin.com/
PLC-USD,PLATINCOIN USD,PLC,USD,PLATINCOIN (PLC) is a cryptocurrency.,CCC,https://platincoin.com/
PMEER-CAD,Pmeer CAD,PMEER,CAD,Qitmeer (PMEER) is a cryptocurrency.,CCC,https://www.qitmeer.net
PMEER-CNY,Pmeer CNY,PMEER,CNY,Qitmeer (PMEER) is a cryptocurrency.,CCC,https://www.qitmeer.net
PMEER-ETH,Pmeer ETH,PMEER,ETH,Qitmeer (PMEER) is a cryptocurrency.,CCC,https://www.qitmeer.net
PMEER-EUR,Pmeer EUR,PMEER,EUR,Qitmeer (PMEER) is a cryptocurrency.,CCC,https://www.qitmeer.net
PMEER-GBP,Pmeer GBP,PMEER,GBP,Qitmeer (PMEER) is a cryptocurrency.,CCC,https://www.qitmeer.net
PMEER-INR,Pmeer INR,PMEER,INR,Qitmeer (PMEER) is a cryptocurrency.,CCC,https://www.qitmeer.net
PMEER-JPY,Pmeer JPY,PMEER,JPY,Qitmeer (PMEER) is a cryptocurrency.,CCC,https://www.qitmeer.net
PMEER-KRW,Pmeer KRW,PMEER,KRW,Qitmeer (PMEER) is a cryptocurrency.,CCC,https://www.qitmeer.net
PMEER-RUB,Pmeer RUB,PMEER,RUB,Qitmeer (PMEER) is a cryptocurrency.,CCC,https://www.qitmeer.net
PMEER-USD,Pmeer USD,PMEER,USD,Qitmeer (PMEER) is a cryptocurrency.,CCC,https://www.qitmeer.net
POA-CAD,POANetwork CAD,POA,CAD,POA (POA) is a cryptocurrency.,CCC,https://poa.network/
POA-CNY,POANetwork CNY,POA,CNY,POA (POA) is a cryptocurrency.,CCC,https://poa.network/
POA-ETH,POANetwork ETH,POA,ETH,POA (POA) is a cryptocurrency.,CCC,https://poa.network/
POA-EUR,POANetwork EUR,POA,EUR,POA (POA) is a cryptocurrency.,CCC,https://poa.network/
POA-GBP,POANetwork GBP,POA,GBP,POA (POA) is a cryptocurrency.,CCC,https://poa.network/
POA-INR,POANetwork INR,POA,INR,POA (POA) is a cryptocurrency.,CCC,https://poa.network/
POA-JPY,POANetwork JPY,POA,JPY,POA (POA) is a cryptocurrency.,CCC,https://poa.network/
POA-KRW,POANetwork KRW,POA,KRW,POA (POA) is a cryptocurrency.,CCC,https://poa.network/
POA-RUB,POANetwork RUB,POA,RUB,POA (POA) is a cryptocurrency.,CCC,https://poa.network/
POA-USD,POANetwork USD,POA,USD,POA (POA) is a cryptocurrency.,CCC,https://poa.network/
POLIS-INR,Polis INR,POLIS,INR,Polis (POLIS) is a cryptocurrency. Users are able to generate POLIS through the process of mining.,CCC,https://polispay.org/
POLIS-JPY,Polis JPY,POLIS,JPY,Polis (POLIS) is a cryptocurrency. Users are able to generate POLIS through the process of mining.,CCC,https://polispay.org/
POLIS-KRW,Polis KRW,POLIS,KRW,Polis (POLIS) is a cryptocurrency. Users are able to generate POLIS through the process of mining.,CCC,https://polispay.org/
POLIS-RUB,Polis RUB,POLIS,RUB,Polis (POLIS) is a cryptocurrency. Users are able to generate POLIS through the process of mining.,CCC,https://polispay.org/
POLIS-USD,Polis USD,POLIS,USD,Polis (POLIS) is a cryptocurrency. Users are able to generate POLIS through the process of mining.,CCC,https://polispay.org/
PPC-CAD,Peercoin CAD,PPC,CAD,Peercoin (PPC) is a cryptocurrency. Users are able to generate PPC through the process of mining.,CCC,http://www.peercoin.net
PPC-CNY,Peercoin CNY,PPC,CNY,Peercoin (PPC) is a cryptocurrency. Users are able to generate PPC through the process of mining.,CCC,http://www.peercoin.net
PPC-ETH,Peercoin ETH,PPC,ETH,Peercoin (PPC) is a cryptocurrency. Users are able to generate PPC through the process of mining.,CCC,http://www.peercoin.net
PPC-EUR,Peercoin EUR,PPC,EUR,Peercoin (PPC) is a cryptocurrency. Users are able to generate PPC through the process of mining.,CCC,http://www.peercoin.net
PPC-GBP,Peercoin GBP,PPC,GBP,Peercoin (PPC) is a cryptocurrency. Users are able to generate PPC through the process of mining.,CCC,http://www.peercoin.net
PPC-INR,Peercoin INR,PPC,INR,Peercoin (PPC) is a cryptocurrency. Users are able to generate PPC through the process of mining.,CCC,http://www.peercoin.net
PPC-JPY,Peercoin JPY,PPC,JPY,Peercoin (PPC) is a cryptocurrency. Users are able to generate PPC through the process of mining.,CCC,http://www.peercoin.net
PPC-KRW,Peercoin KRW,PPC,KRW,Peercoin (PPC) is a cryptocurrency. Users are able to generate PPC through the process of mining.,CCC,http://www.peercoin.net
PPC-RUB,Peercoin RUB,PPC,RUB,Peercoin (PPC) is a cryptocurrency. Users are able to generate PPC through the process of mining.,CCC,http://www.peercoin.net
PPC-USD,Peercoin USD,PPC,USD,Peercoin (PPC) is a cryptocurrency. Users are able to generate PPC through the process of mining.,CCC,http://www.peercoin.net
PPT-BTC,Populous BTC,PPT,BTC,Populous (PPT) is a cryptocurrency and operates on the Ethereum platform.,CCC,https://populous.world/
PPT-CAD,Populous CAD,PPT,CAD,Populous (PPT) is a cryptocurrency and operates on the Ethereum platform.,CCC,https://populous.world/
PPT-CNY,Populous CNY,PPT,CNY,Populous (PPT) is a cryptocurrency and operates on the Ethereum platform.,CCC,https://populous.world/
PPT-ETH,Populous ETH,PPT,ETH,Populous (PPT) is a cryptocurrency and operates on the Ethereum platform.,CCC,https://populous.world/
PPT-EUR,Populous EUR,PPT,EUR,Populous (PPT) is a cryptocurrency and operates on the Ethereum platform.,CCC,https://populous.world/
PPT-GBP,Populous GBP,PPT,GBP,Populous (PPT) is a cryptocurrency and operates on the Ethereum platform.,CCC,https://populous.world/
PPT-JPY,Populous JPY,PPT,JPY,Populous (PPT) is a cryptocurrency and operates on the Ethereum platform.,CCC,https://populous.world/
PPT-KRW,Populous KRW,PPT,KRW,Populous (PPT) is a cryptocurrency and operates on the Ethereum platform.,CCC,https://populous.world/
PPT-RUB,Populous RUB,PPT,RUB,Populous (PPT) is a cryptocurrency and operates on the Ethereum platform.,CCC,https://populous.world/
PPT-USD,Populous USD,PPT,USD,Populous (PPT) is a cryptocurrency and operates on the Ethereum platform.,CCC,https://populous.world/
PZM-CNY,PRIZM CNY,PZM,CNY,PRIZM (PZM) is a cryptocurrency.,CCC,https://pzm.space/en/
PZM-ETH,PRIZM ETH,PZM,ETH,PRIZM (PZM) is a cryptocurrency.,CCC,https://pzm.space/en/
PZM-EUR,PRIZM EUR,PZM,EUR,PRIZM (PZM) is a cryptocurrency.,CCC,https://pzm.space/en/
PZM-GBP,PRIZM GBP,PZM,GBP,PRIZM (PZM) is a cryptocurrency.,CCC,https://pzm.space/en/
PZM-INR,PRIZM INR,PZM,INR,PRIZM (PZM) is a cryptocurrency.,CCC,https://pzm.space/en/
PZM-JPY,PRIZM JPY,PZM,JPY,PRIZM (PZM) is a cryptocurrency.,CCC,https://pzm.space/en/
PZM-KRW,PRIZM KRW,PZM,KRW,PRIZM (PZM) is a cryptocurrency.,CCC,https://pzm.space/en/
PZM-RUB,PRIZM RUB,PZM,RUB,PRIZM (PZM) is a cryptocurrency.,CCC,https://pzm.space/en/
PZM-USD,PRIZM USD,PZM,USD,PRIZM (PZM) is a cryptocurrency.,CCC,https://pzm.space/en/
QASH-CAD,QASH CAD,QASH,CAD,QASH (QASH) is a cryptocurrency and operates on the Ethereum platform.,CCC,https://www.liquid.com/
QASH-CNY,QASH CNY,QASH,CNY,QASH (QASH) is a cryptocurrency and operates on the Ethereum platform.,CCC,https://www.liquid.com/
QASH-ETH,QASH ETH,QASH,ETH,QASH (QASH) is a cryptocurrency and operates on the Ethereum platform.,CCC,https://www.liquid.com/
QASH-EUR,QASH EUR,QASH,EUR,QASH (QASH) is a cryptocurrency and operates on the Ethereum platform.,CCC,https://www.liquid.com/
QASH-GBP,QASH GBP,QASH,GBP,QASH (QASH) is a cryptocurrency and operates on the Ethereum platform.,CCC,https://www.liquid.com/
QASH-INR,QASH INR,QASH,INR,QASH (QASH) is a cryptocurrency and operates on the Ethereum platform.,CCC,https://www.liquid.com/
QASH-JPY,QASH JPY,QASH,JPY,QASH (QASH) is a cryptocurrency and operates on the Ethereum platform.,CCC,https://www.liquid.com/
QASH-KRW,QASH KRW,QASH,KRW,QASH (QASH) is a cryptocurrency and operates on the Ethereum platform.,CCC,https://www.liquid.com/
QASH-RUB,QASH RUB,QASH,RUB,QASH (QASH) is a cryptocurrency and operates on the Ethereum platform.,CCC,https://www.liquid.com/
QASH-USD,QASH USD,QASH,USD,QASH (QASH) is a cryptocurrency and operates on the Ethereum platform.,CCC,https://www.liquid.com/
QRK-CAD,Quark CAD,QRK,CAD,Quark (QRK) is a cryptocurrency. Users are able to generate QRK through the process of mining.,CCC,http://www.qrknet.info/
QRK-CNY,Quark CNY,QRK,CNY,Quark (QRK) is a cryptocurrency. Users are able to generate QRK through the process of mining.,CCC,http://www.qrknet.info/
QRK-ETH,Quark ETH,QRK,ETH,Quark (QRK) is a cryptocurrency. Users are able to generate QRK through the process of mining.,CCC,http://www.qrknet.info/
QRK-EUR,Quark EUR,QRK,EUR,Quark (QRK) is a cryptocurrency. Users are able to generate QRK through the process of mining.,CCC,http://www.qrknet.info/
QRK-GBP,Quark GBP,QRK,GBP,Quark (QRK) is a cryptocurrency. Users are able to generate QRK through the process of mining.,CCC,http://www.qrknet.info/
QRK-INR,Quark INR,QRK,INR,Quark (QRK) is a cryptocurrency. Users are able to generate QRK through the process of mining.,CCC,http://www.qrknet.info/
QRK-JPY,Quark JPY,QRK,JPY,Quark (QRK) is a cryptocurrency. Users are able to generate QRK through the process of mining.,CCC,http://www.qrknet.info/
QRK-KRW,Quark KRW,QRK,KRW,Quark (QRK) is a cryptocurrency. Users are able to generate QRK through the process of mining.,CCC,http://www.qrknet.info/
QRK-RUB,Quark RUB,QRK,RUB,Quark (QRK) is a cryptocurrency. Users are able to generate QRK through the process of mining.,CCC,http://www.qrknet.info/
QRK-USD,Quark USD,QRK,USD,Quark (QRK) is a cryptocurrency. Users are able to generate QRK through the process of mining.,CCC,http://www.qrknet.info/
QRL-AUD,QuantumResistantLedger AUD,QRL,AUD,Quantum Resistant Ledger (QRL) is a cryptocurrency. Users are able to generate QRL through the process of mining.,CCC,https://theqrl.org/
QRL-BTC,QuantumResistantLedger BTC,QRL,BTC,Quantum Resistant Ledger (QRL) is a cryptocurrency. Users are able to generate QRL through the process of mining.,CCC,https://theqrl.org/
QRL-CAD,QuantumResistantLedger CAD,QRL,CAD,Quantum Resistant Ledger (QRL) is a cryptocurrency. Users are able to generate QRL through the process of mining.,CCC,https://theqrl.org/
QRL-CNY,QuantumResistantLedger CNY,QRL,CNY,Quantum Resistant Ledger (QRL) is a cryptocurrency. Users are able to generate QRL through the process of mining.,CCC,https://theqrl.org/
QRL-ETH,QuantumResistantLedger ETH,QRL,ETH,Quantum Resistant Ledger (QRL) is a cryptocurrency. Users are able to generate QRL through the process of mining.,CCC,https://theqrl.org/
QRL-EUR,QuantumResistantLedger EUR,QRL,EUR,Quantum Resistant Ledger (QRL) is a cryptocurrency. Users are able to generate QRL through the process of mining.,CCC,https://theqrl.org/
QRL-GBP,QuantumResistantLedger GBP,QRL,GBP,Quantum Resistant Ledger (QRL) is a cryptocurrency. Users are able to generate QRL through the process of mining.,CCC,https://theqrl.org/
QRL-INR,QuantumResistantLedger INR,QRL,INR,Quantum Resistant Ledger (QRL) is a cryptocurrency. Users are able to generate QRL through the process of mining.,CCC,https://theqrl.org/
QRL-KRW,QuantumResistantLedger KRW,QRL,KRW,Quantum Resistant Ledger (QRL) is a cryptocurrency. Users are able to generate QRL through the process of mining.,CCC,https://theqrl.org/
QRL-RUB,QuantumResistantLedger RUB,QRL,RUB,Quantum Resistant Ledger (QRL) is a cryptocurrency. Users are able to generate QRL through the process of mining.,CCC,https://theqrl.org/
QRL-USD,QuantumResistantLedger USD,QRL,USD,Quantum Resistant Ledger (QRL) is a cryptocurrency. Users are able to generate QRL through the process of mining.,CCC,https://theqrl.org/
QTUM-AUD,Qtum AUD,QTUM,AUD,Qtum (QTUM) is a cryptocurrency.,CCC,https://qtum.org/
QTUM-INR,Qtum INR,QTUM,INR,Qtum (QTUM) is a cryptocurrency.,CCC,https://qtum.org/
QTUM-KRW,Qtum KRW,QTUM,KRW,Qtum (QTUM) is a cryptocurrency.,CCC,https://qtum.org/
QTUM-RUB,Qtum RUB,QTUM,RUB,Qtum (QTUM) is a cryptocurrency.,CCC,https://qtum.org/
QTUM-USD,Qtum USD,QTUM,USD,Qtum (QTUM) is a cryptocurrency.,CCC,https://qtum.org/
RBTC-BTC,RSKSmartBitcoin BTC,RBTC,BTC,RSK Smart Bitcoin (RBTC) is a cryptocurrency. Users are able to generate RBTC through the process of mining.,CCC,https://rsk.co
RBTC-CAD,RSKSmartBitcoin CAD,RBTC,CAD,RSK Smart Bitcoin (RBTC) is a cryptocurrency. Users are able to generate RBTC through the process of mining.,CCC,https://rsk.co
RBTC-CNY,RSKSmartBitcoin CNY,RBTC,CNY,RSK Smart Bitcoin (RBTC) is a cryptocurrency. Users are able to generate RBTC through the process of mining.,CCC,https://rsk.co
RBTC-ETH,RSKSmartBitcoin ETH,RBTC,ETH,RSK Smart Bitcoin (RBTC) is a cryptocurrency. Users are able to generate RBTC through the process of mining.,CCC,https://rsk.co
RBTC-EUR,RSKSmartBitcoin EUR,RBTC,EUR,RSK Smart Bitcoin (RBTC) is a cryptocurrency. Users are able to generate RBTC through the process of mining.,CCC,https://rsk.co
RBTC-GBP,RSKSmartBitcoin GBP,RBTC,GBP,RSK Smart Bitcoin (RBTC) is a cryptocurrency. Users are able to generate RBTC through the process of mining.,CCC,https://rsk.co
RBTC-INR,RSKSmartBitcoin INR,RBTC,INR,RSK Smart Bitcoin (RBTC) is a cryptocurrency. Users are able to generate RBTC through the process of mining.,CCC,https://rsk.co
RBTC-JPY,RSKSmartBitcoin JPY,RBTC,JPY,RSK Smart Bitcoin (RBTC) is a cryptocurrency. Users are able to generate RBTC through the process of mining.,CCC,https://rsk.co
RBTC-KRW,RSKSmartBitcoin KRW,RBTC,KRW,RSK Smart Bitcoin (RBTC) is a cryptocurrency. Users are able to generate RBTC through the process of mining.,CCC,https://rsk.co
RBTC-RUB,RSKSmartBitcoin RUB,RBTC,RUB,RSK Smart Bitcoin (RBTC) is a cryptocurrency. Users are able to generate RBTC through the process of mining.,CCC,https://rsk.co
RBTC-USD,RSKSmartBitcoin USD,RBTC,USD,RSK Smart Bitcoin (RBTC) is a cryptocurrency. Users are able to generate RBTC through the process of mining.,CCC,https://rsk.co
RBY-CAD,Rubycoin CAD,RBY,CAD,Rubycoin (RBY) is a cryptocurrency.,CCC,http://www.rubycoin.org/
RBY-CNY,Rubycoin CNY,RBY,CNY,Rubycoin (RBY) is a cryptocurrency.,CCC,http://www.rubycoin.org/
RBY-ETH,Rubycoin ETH,RBY,ETH,Rubycoin (RBY) is a cryptocurrency.,CCC,http://www.rubycoin.org/
RBY-EUR,Rubycoin EUR,RBY,EUR,Rubycoin (RBY) is a cryptocurrency.,CCC,http://www.rubycoin.org/
RBY-GBP,Rubycoin GBP,RBY,GBP,Rubycoin (RBY) is a cryptocurrency.,CCC,http://www.rubycoin.org/
RBY-INR,Rubycoin INR,RBY,INR,Rubycoin (RBY) is a cryptocurrency.,CCC,http://www.rubycoin.org/
RBY-JPY,Rubycoin JPY,RBY,JPY,Rubycoin (RBY) is a cryptocurrency.,CCC,http://www.rubycoin.org/
RBY-KRW,Rubycoin KRW,RBY,KRW,Rubycoin (RBY) is a cryptocurrency.,CCC,http://www.rubycoin.org/
RBY-RUB,Rubycoin RUB,RBY,RUB,Rubycoin (RBY) is a cryptocurrency.,CCC,http://www.rubycoin.org/
RBY-USD,Rubycoin USD,RBY,USD,Rubycoin (RBY) is a cryptocurrency.,CCC,http://www.rubycoin.org/
RDD-AUD,ReddCoin AUD,RDD,AUD,ReddCoin (RDD) is a cryptocurrency.,CCC,http://www.reddcoin.com/
RDD-CAD,ReddCoin CAD,RDD,CAD,ReddCoin (RDD) is a cryptocurrency.,CCC,http://www.reddcoin.com/
RDD-CNY,ReddCoin CNY,RDD,CNY,ReddCoin (RDD) is a cryptocurrency.,CCC,http://www.reddcoin.com/
RDD-ETH,ReddCoin ETH,RDD,ETH,ReddCoin (RDD) is a cryptocurrency.,CCC,http://www.reddcoin.com/
RDD-EUR,ReddCoin EUR,RDD,EUR,ReddCoin (RDD) is a cryptocurrency.,CCC,http://www.reddcoin.com/
RDD-GBP,ReddCoin GBP,RDD,GBP,ReddCoin (RDD) is a cryptocurrency.,CCC,http://www.reddcoin.com/
RDD-INR,ReddCoin INR,RDD,INR,ReddCoin (RDD) is a cryptocurrency.,CCC,http://www.reddcoin.com/
RDD-JPY,ReddCoin JPY,RDD,JPY,ReddCoin (RDD) is a cryptocurrency.,CCC,http://www.reddcoin.com/
RDD-KRW,ReddCoin KRW,RDD,KRW,ReddCoin (RDD) is a cryptocurrency.,CCC,http://www.reddcoin.com/
RDD-RUB,ReddCoin RUB,RDD,RUB,ReddCoin (RDD) is a cryptocurrency.,CCC,http://www.reddcoin.com/
RDD-USD,ReddCoin USD,RDD,USD,ReddCoin (RDD) is a cryptocurrency.,CCC,http://www.reddcoin.com/
REP-BTC,Augur BTC,REP,BTC,Augur (REP) is a cryptocurrency and operates on the Ethereum platform.,CCC,http://www.augur.net/
REP-CNY,Augur CNY,REP,CNY,Augur (REP) is a cryptocurrency and operates on the Ethereum platform.,CCC,http://www.augur.net/
REP-ETH,Augur ETH,REP,ETH,Augur (REP) is a cryptocurrency and operates on the Ethereum platform.,CCC,http://www.augur.net/
REP-EUR,Augur EUR,REP,EUR,Augur (REP) is a cryptocurrency and operates on the Ethereum platform.,CCC,http://www.augur.net/
REP-GBP,Augur GBP,REP,GBP,Augur (REP) is a cryptocurrency and operates on the Ethereum platform.,CCC,http://www.augur.net/
REP-INR,Augur INR,REP,INR,Augur (REP) is a cryptocurrency and operates on the Ethereum platform.,CCC,http://www.augur.net/
REP-JPY,Augur JPY,REP,JPY,Augur (REP) is a cryptocurrency and operates on the Ethereum platform.,CCC,http://www.augur.net/
REP-KRW,Augur KRW,REP,KRW,Augur (REP) is a cryptocurrency and operates on the Ethereum platform.,CCC,http://www.augur.net/
REP-RUB,Augur RUB,REP,RUB,Augur (REP) is a cryptocurrency and operates on the Ethereum platform.,CCC,http://www.augur.net/
REP-USD,Augur USD,REP,USD,Augur (REP) is a cryptocurrency and operates on the Ethereum platform.,CCC,http://www.augur.net/
REV-CAD,RChain CAD,REV,CAD,RChain (REV) is a cryptocurrency.,CCC,https://www.rchain.coop/
REV-CNY,RChain CNY,REV,CNY,RChain (REV) is a cryptocurrency.,CCC,https://www.rchain.coop/
REV-ETH,RChain ETH,REV,ETH,RChain (REV) is a cryptocurrency.,CCC,https://www.rchain.coop/
REV-EUR,RChain EUR,REV,EUR,RChain (REV) is a cryptocurrency.,CCC,https://www.rchain.coop/
REV-GBP,RChain GBP,REV,GBP,RChain (REV) is a cryptocurrency.,CCC,https://www.rchain.coop/
REV-INR,RChain INR,REV,INR,RChain (REV) is a cryptocurrency.,CCC,https://www.rchain.coop/
REV-JPY,RChain JPY,REV,JPY,RChain (REV) is a cryptocurrency.,CCC,https://www.rchain.coop/
REV-KRW,RChain KRW,REV,KRW,RChain (REV) is a cryptocurrency.,CCC,https://www.rchain.coop/
REV-RUB,RChain RUB,REV,RUB,RChain (REV) is a cryptocurrency.,CCC,https://www.rchain.coop/
REV-USD,RChain USD,REV,USD,RChain (REV) is a cryptocurrency.,CCC,https://www.rchain.coop/
RINGX-CAD,RINGXPLATFORM CAD,RINGX,CAD,RING X PLATFORM (RINGX) is a cryptocurrency.,CCC,http://ringx.io/
RINGX-CNY,RINGXPLATFORM CNY,RINGX,CNY,RING X PLATFORM (RINGX) is a cryptocurrency.,CCC,http://ringx.io/
RINGX-ETH,RINGXPLATFORM ETH,RINGX,ETH,RING X PLATFORM (RINGX) is a cryptocurrency.,CCC,http://ringx.io/
RINGX-EUR,RINGXPLATFORM EUR,RINGX,EUR,RING X PLATFORM (RINGX) is a cryptocurrency.,CCC,http://ringx.io/
RINGX-GBP,RINGXPLATFORM GBP,RINGX,GBP,RING X PLATFORM (RINGX) is a cryptocurrency.,CCC,http://ringx.io/
RINGX-INR,RINGXPLATFORM INR,RINGX,INR,RING X PLATFORM (RINGX) is a cryptocurrency.,CCC,http://ringx.io/
RINGX-JPY,RINGXPLATFORM JPY,RINGX,JPY,RING X PLATFORM (RINGX) is a cryptocurrency.,CCC,http://ringx.io/
RINGX-KRW,RINGXPLATFORM KRW,RINGX,KRW,RING X PLATFORM (RINGX) is a cryptocurrency.,CCC,http://ringx.io/
RINGX-RUB,RINGXPLATFORM RUB,RINGX,RUB,RING X PLATFORM (RINGX) is a cryptocurrency.,CCC,http://ringx.io/
RINGX-USD,RINGXPLATFORM USD,RINGX,USD,RING X PLATFORM (RINGX) is a cryptocurrency.,CCC,http://ringx.io/
RLC-BTC,iExecRLC BTC,RLC,BTC,iExec RLC (RLC) is a cryptocurrency and operates on the Ethereum platform.,CCC,https://iex.ec/
RLC-CAD,iExecRLC CAD,RLC,CAD,iExec RLC (RLC) is a cryptocurrency and operates on the Ethereum platform.,CCC,https://iex.ec/
RLC-ETH,iExecRLC ETH,RLC,ETH,iExec RLC (RLC) is a cryptocurrency and operates on the Ethereum platform.,CCC,https://iex.ec/
RLC-EUR,iExecRLC EUR,RLC,EUR,iExec RLC (RLC) is a cryptocurrency and operates on the Ethereum platform.,CCC,https://iex.ec/
RLC-GBP,iExecRLC GBP,RLC,GBP,iExec RLC (RLC) is a cryptocurrency and operates on the Ethereum platform.,CCC,https://iex.ec/
RLC-INR,iExecRLC INR,RLC,INR,iExec RLC (RLC) is a cryptocurrency and operates on the Ethereum platform.,CCC,https://iex.ec/
RLC-JPY,iExecRLC JPY,RLC,JPY,iExec RLC (RLC) is a cryptocurrency and operates on the Ethereum platform.,CCC,https://iex.ec/
RLC-KRW,iExecRLC KRW,RLC,KRW,iExec RLC (RLC) is a cryptocurrency and operates on the Ethereum platform.,CCC,https://iex.ec/
RLC-RUB,iExecRLC RUB,RLC,RUB,iExec RLC (RLC) is a cryptocurrency and operates on the Ethereum platform.,CCC,https://iex.ec/
RLC-USD,iExecRLC USD,RLC,USD,iExec RLC (RLC) is a cryptocurrency and operates on the Ethereum platform.,CCC,https://iex.ec/
RSTR-CAD,Ondori CAD,RSTR,CAD,Ondori (RSTR) is a cryptocurrency. Users are able to generate RSTR through the process of mining.,CCC,https://rstr.io/
RSTR-CNY,Ondori CNY,RSTR,CNY,Ondori (RSTR) is a cryptocurrency. Users are able to generate RSTR through the process of mining.,CCC,https://rstr.io/
RSTR-ETH,Ondori ETH,RSTR,ETH,Ondori (RSTR) is a cryptocurrency. Users are able to generate RSTR through the process of mining.,CCC,https://rstr.io/
RSTR-EUR,Ondori EUR,RSTR,EUR,Ondori (RSTR) is a cryptocurrency. Users are able to generate RSTR through the process of mining.,CCC,https://rstr.io/
RSTR-GBP,Ondori GBP,RSTR,GBP,Ondori (RSTR) is a cryptocurrency. Users are able to generate RSTR through the process of mining.,CCC,https://rstr.io/
RSTR-INR,Ondori INR,RSTR,INR,Ondori (RSTR) is a cryptocurrency. Users are able to generate RSTR through the process of mining.,CCC,https://rstr.io/
RSTR-JPY,Ondori JPY,RSTR,JPY,Ondori (RSTR) is a cryptocurrency. Users are able to generate RSTR through the process of mining.,CCC,https://rstr.io/
RSTR-KRW,Ondori KRW,RSTR,KRW,Ondori (RSTR) is a cryptocurrency. Users are able to generate RSTR through the process of mining.,CCC,https://rstr.io/
RSTR-RUB,Ondori RUB,RSTR,RUB,Ondori (RSTR) is a cryptocurrency. Users are able to generate RSTR through the process of mining.,CCC,https://rstr.io/
RSTR-USD,Ondori USD,RSTR,USD,Ondori (RSTR) is a cryptocurrency. Users are able to generate RSTR through the process of mining.,CCC,https://rstr.io/
RVN-CAD,Ravencoin CAD,RVN,CAD,Ravencoin (RVN) is a cryptocurrency. Users are able to generate RVN through the process of mining.,CCC,https://ravencoin.org/
RVN-CNY,Ravencoin CNY,RVN,CNY,Ravencoin (RVN) is a cryptocurrency. Users are able to generate RVN through the process of mining.,CCC,https://ravencoin.org/
RVN-ETH,Ravencoin ETH,RVN,ETH,Ravencoin (RVN) is a cryptocurrency. Users are able to generate RVN through the process of mining.,CCC,https://ravencoin.org/
RVN-EUR,Ravencoin EUR,RVN,EUR,Ravencoin (RVN) is a cryptocurrency. Users are able to generate RVN through the process of mining.,CCC,https://ravencoin.org/
RVN-GBP,Ravencoin GBP,RVN,GBP,Ravencoin (RVN) is a cryptocurrency. Users are able to generate RVN through the process of mining.,CCC,https://ravencoin.org/
RVN-INR,Ravencoin INR,RVN,INR,Ravencoin (RVN) is a cryptocurrency. Users are able to generate RVN through the process of mining.,CCC,https://ravencoin.org/
RVN-JPY,Ravencoin JPY,RVN,JPY,Ravencoin (RVN) is a cryptocurrency. Users are able to generate RVN through the process of mining.,CCC,https://ravencoin.org/
RVN-KRW,Ravencoin KRW,RVN,KRW,Ravencoin (RVN) is a cryptocurrency. Users are able to generate RVN through the process of mining.,CCC,https://ravencoin.org/
RVN-RUB,Ravencoin RUB,RVN,RUB,Ravencoin (RVN) is a cryptocurrency. Users are able to generate RVN through the process of mining.,CCC,https://ravencoin.org/
RVN-USD,Ravencoin USD,RVN,USD,Ravencoin (RVN) is a cryptocurrency. Users are able to generate RVN through the process of mining.,CCC,https://ravencoin.org/
SALT-USD,SALT USD,SALT,USD,SALT (SALT) is a cryptocurrency and operates on the Ethereum platform.,CCC,https://www.saltlending.com/
SAPP-USD,Sapphire USD,SAPP,USD,Sapphire (SAPP) is a cryptocurrency.,CCC,https://sappcoin.com/
SBD-BTC,SteemDollars BTC,SBD,BTC,Steem Dollars (SBD) is a cryptocurrency.,CCC,https://steem.io/
SBD-CAD,SteemDollars CAD,SBD,CAD,Steem Dollars (SBD) is a cryptocurrency.,CCC,https://steem.io/
SBD-CNY,SteemDollars CNY,SBD,CNY,Steem Dollars (SBD) is a cryptocurrency.,CCC,https://steem.io/
SBD-ETH,SteemDollars ETH,SBD,ETH,Steem Dollars (SBD) is a cryptocurrency.,CCC,https://steem.io/
SBD-EUR,SteemDollars EUR,SBD,EUR,Steem Dollars (SBD) is a cryptocurrency.,CCC,https://steem.io/
SBD-GBP,SteemDollars GBP,SBD,GBP,Steem Dollars (SBD) is a cryptocurrency.,CCC,https://steem.io/
SBD-INR,SteemDollars INR,SBD,INR,Steem Dollars (SBD) is a cryptocurrency.,CCC,https://steem.io/
SBD-JPY,SteemDollars JPY,SBD,JPY,Steem Dollars (SBD) is a cryptocurrency.,CCC,https://steem.io/
SBD-KRW,SteemDollars KRW,SBD,KRW,Steem Dollars (SBD) is a cryptocurrency.,CCC,https://steem.io/
SBD-RUB,SteemDollars RUB,SBD,RUB,Steem Dollars (SBD) is a cryptocurrency.,CCC,https://steem.io/
SBD-USD,SteemDollars USD,SBD,USD,Steem Dollars (SBD) is a cryptocurrency.,CCC,https://steem.io/
SC-BTC,Siacoin BTC,SC,BTC,Siacoin (SC) is a cryptocurrency. Users are able to generate SC through the process of mining.,CCC,https://sia.tech/
SC-CAD,Siacoin CAD,SC,CAD,Siacoin (SC) is a cryptocurrency. Users are able to generate SC through the process of mining.,CCC,https://sia.tech/
SC-CNY,Siacoin CNY,SC,CNY,Siacoin (SC) is a cryptocurrency. Users are able to generate SC through the process of mining.,CCC,https://sia.tech/
SC-ETH,Siacoin ETH,SC,ETH,Siacoin (SC) is a cryptocurrency. Users are able to generate SC through the process of mining.,CCC,https://sia.tech/
SC-EUR,Siacoin EUR,SC,EUR,Siacoin (SC) is a cryptocurrency. Users are able to generate SC through the process of mining.,CCC,https://sia.tech/
SC-GBP,Siacoin GBP,SC,GBP,Siacoin (SC) is a cryptocurrency. Users are able to generate SC through the process of mining.,CCC,https://sia.tech/
SC-INR,Siacoin INR,SC,INR,Siacoin (SC) is a cryptocurrency. Users are able to generate SC through the process of mining.,CCC,https://sia.tech/
SC-JPY,Siacoin JPY,SC,JPY,Siacoin (SC) is a cryptocurrency. Users are able to generate SC through the process of mining.,CCC,https://sia.tech/
SC-RUB,Siacoin RUB,SC,RUB,Siacoin (SC) is a cryptocurrency. Users are able to generate SC through the process of mining.,CCC,https://sia.tech/
SC-USD,Siacoin USD,SC,USD,Siacoin (SC) is a cryptocurrency. Users are able to generate SC through the process of mining.,CCC,https://sia.tech/
SCC3-CAD,StakeCubeCoin CAD,SCC3,CAD,StakeCubeCoin (SCC) is a cryptocurrency. Users are able to generate SCC through the process of mining.,CCC,https://stakecube.net
SCC3-CNY,StakeCubeCoin CNY,SCC3,CNY,StakeCubeCoin (SCC) is a cryptocurrency. Users are able to generate SCC through the process of mining.,CCC,https://stakecube.net
SCC3-ETH,StakeCubeCoin ETH,SCC3,ETH,StakeCubeCoin (SCC) is a cryptocurrency. Users are able to generate SCC through the process of mining.,CCC,https://stakecube.net
SCC3-EUR,StakeCubeCoin EUR,SCC3,EUR,StakeCubeCoin (SCC) is a cryptocurrency. Users are able to generate SCC through the process of mining.,CCC,https://stakecube.net
SCC3-GBP,StakeCubeCoin GBP,SCC3,GBP,StakeCubeCoin (SCC) is a cryptocurrency. Users are able to generate SCC through the process of mining.,CCC,https://stakecube.net
SCC3-INR,StakeCubeCoin INR,SCC3,INR,StakeCubeCoin (SCC) is a cryptocurrency. Users are able to generate SCC through the process of mining.,CCC,https://stakecube.net
SCC3-JPY,StakeCubeCoin JPY,SCC3,JPY,StakeCubeCoin (SCC) is a cryptocurrency. Users are able to generate SCC through the process of mining.,CCC,https://stakecube.net
SCC3-KRW,StakeCubeCoin KRW,SCC3,KRW,StakeCubeCoin (SCC) is a cryptocurrency. Users are able to generate SCC through the process of mining.,CCC,https://stakecube.net
SCC3-RUB,StakeCubeCoin RUB,SCC3,RUB,StakeCubeCoin (SCC) is a cryptocurrency. Users are able to generate SCC through the process of mining.,CCC,https://stakecube.net
SCC3-USD,StakeCubeCoin USD,SCC3,USD,StakeCubeCoin (SCC) is a cryptocurrency. Users are able to generate SCC through the process of mining.,CCC,https://stakecube.net
SCP-CAD,ScPrime CAD,SCP,CAD,ScPrime (SCP) is a cryptocurrency. Users are able to generate SCP through the process of mining.,CCC,https://scpri.me
SCP-CNY,ScPrime CNY,SCP,CNY,ScPrime (SCP) is a cryptocurrency. Users are able to generate SCP through the process of mining.,CCC,https://scpri.me
SCP-ETH,ScPrime ETH,SCP,ETH,ScPrime (SCP) is a cryptocurrency. Users are able to generate SCP through the process of mining.,CCC,https://scpri.me
SCP-EUR,ScPrime EUR,SCP,EUR,ScPrime (SCP) is a cryptocurrency. Users are able to generate SCP through the process of mining.,CCC,https://scpri.me
SCP-GBP,ScPrime GBP,SCP,GBP,ScPrime (SCP) is a cryptocurrency. Users are able to generate SCP through the process of mining.,CCC,https://scpri.me
SCP-INR,ScPrime INR,SCP,INR,ScPrime (SCP) is a cryptocurrency. Users are able to generate SCP through the process of mining.,CCC,https://scpri.me
SCP-JPY,ScPrime JPY,SCP,JPY,ScPrime (SCP) is a cryptocurrency. Users are able to generate SCP through the process of mining.,CCC,https://scpri.me
SCP-KRW,ScPrime KRW,SCP,KRW,ScPrime (SCP) is a cryptocurrency. Users are able to generate SCP through the process of mining.,CCC,https://scpri.me
SCP-RUB,ScPrime RUB,SCP,RUB,ScPrime (SCP) is a cryptocurrency. Users are able to generate SCP through the process of mining.,CCC,https://scpri.me
SCP-USD,ScPrime USD,SCP,USD,ScPrime (SCP) is a cryptocurrency. Users are able to generate SCP through the process of mining.,CCC,https://scpri.me
SERO-CAD,SuperZero CAD,SERO,CAD,Super Zero Protocol (SERO) is a cryptocurrency.,CCC,https://sero.cash/
SERO-CNY,SuperZero CNY,SERO,CNY,Super Zero Protocol (SERO) is a cryptocurrency.,CCC,https://sero.cash/
SERO-ETH,SuperZero ETH,SERO,ETH,Super Zero Protocol (SERO) is a cryptocurrency.,CCC,https://sero.cash/
SERO-EUR,SuperZero EUR,SERO,EUR,Super Zero Protocol (SERO) is a cryptocurrency.,CCC,https://sero.cash/
SERO-GBP,SuperZero GBP,SERO,GBP,Super Zero Protocol (SERO) is a cryptocurrency.,CCC,https://sero.cash/
SERO-INR,SuperZero INR,SERO,INR,Super Zero Protocol (SERO) is a cryptocurrency.,CCC,https://sero.cash/
SERO-JPY,SuperZero JPY,SERO,JPY,Super Zero Protocol (SERO) is a cryptocurrency.,CCC,https://sero.cash/
SERO-KRW,SuperZero KRW,SERO,KRW,Super Zero Protocol (SERO) is a cryptocurrency.,CCC,https://sero.cash/
SERO-RUB,SuperZero RUB,SERO,RUB,Super Zero Protocol (SERO) is a cryptocurrency.,CCC,https://sero.cash/
SERO-USD,SuperZero USD,SERO,USD,Super Zero Protocol (SERO) is a cryptocurrency.,CCC,https://sero.cash/
SFT-CAD,SafexToken CAD,SFT,CAD,Safex Token (SFT) is a cryptocurrency.,CCC,http://safex.org
SFT-CNY,SafexToken CNY,SFT,CNY,Safex Token (SFT) is a cryptocurrency.,CCC,http://safex.org
SFT-ETH,SafexToken ETH,SFT,ETH,Safex Token (SFT) is a cryptocurrency.,CCC,http://safex.org
SFT-EUR,SafexToken EUR,SFT,EUR,Safex Token (SFT) is a cryptocurrency.,CCC,http://safex.org
SFT-GBP,SafexToken GBP,SFT,GBP,Safex Token (SFT) is a cryptocurrency.,CCC,http://safex.org
SFT-INR,SafexToken INR,SFT,INR,Safex Token (SFT) is a cryptocurrency.,CCC,http://safex.org
SFT-JPY,SafexToken JPY,SFT,JPY,Safex Token (SFT) is a cryptocurrency.,CCC,http://safex.org
SFT-KRW,SafexToken KRW,SFT,KRW,Safex Token (SFT) is a cryptocurrency.,CCC,http://safex.org
SFT-RUB,SafexToken RUB,SFT,RUB,Safex Token (SFT) is a cryptocurrency.,CCC,http://safex.org
SFT-USD,SafexToken USD,SFT,USD,Safex Token (SFT) is a cryptocurrency.,CCC,http://safex.org
SKY-CAD,Skycoin CAD,SKY,CAD,Skycoin (SKY) is a cryptocurrency.,CCC,https://www.skycoin.com/
SKY-CNY,Skycoin CNY,SKY,CNY,Skycoin (SKY) is a cryptocurrency.,CCC,https://www.skycoin.com/
SKY-ETH,Skycoin ETH,SKY,ETH,Skycoin (SKY) is a cryptocurrency.,CCC,https://www.skycoin.com/
SKY-EUR,Skycoin EUR,SKY,EUR,Skycoin (SKY) is a cryptocurrency.,CCC,https://www.skycoin.com/
SKY-GBP,Skycoin GBP,SKY,GBP,Skycoin (SKY) is a cryptocurrency.,CCC,https://www.skycoin.com/
SKY-INR,Skycoin INR,SKY,INR,Skycoin (SKY) is a cryptocurrency.,CCC,https://www.skycoin.com/
SKY-JPY,Skycoin JPY,SKY,JPY,Skycoin (SKY) is a cryptocurrency.,CCC,https://www.skycoin.com/
SKY-KRW,Skycoin KRW,SKY,KRW,Skycoin (SKY) is a cryptocurrency.,CCC,https://www.skycoin.com/
SKY-RUB,Skycoin RUB,SKY,RUB,Skycoin (SKY) is a cryptocurrency.,CCC,https://www.skycoin.com/
SKY-USD,Skycoin USD,SKY,USD,Skycoin (SKY) is a cryptocurrency.,CCC,https://www.skycoin.com/
SLS-CAD,SaluS CAD,SLS,CAD,SaluS (SLS) is a cryptocurrency.,CCC,http://saluscoin.info/
SLS-CNY,SaluS CNY,SLS,CNY,SaluS (SLS) is a cryptocurrency.,CCC,http://saluscoin.info/
SLS-ETH,SaluS ETH,SLS,ETH,SaluS (SLS) is a cryptocurrency.,CCC,http://saluscoin.info/
SLS-EUR,SaluS EUR,SLS,EUR,SaluS (SLS) is a cryptocurrency.,CCC,http://saluscoin.info/
SLS-GBP,SaluS GBP,SLS,GBP,SaluS (SLS) is a cryptocurrency.,CCC,http://saluscoin.info/
SLS-INR,SaluS INR,SLS,INR,SaluS (SLS) is a cryptocurrency.,CCC,http://saluscoin.info/
SLS-JPY,SaluS JPY,SLS,JPY,SaluS (SLS) is a cryptocurrency.,CCC,http://saluscoin.info/
SLS-KRW,SaluS KRW,SLS,KRW,SaluS (SLS) is a cryptocurrency.,CCC,http://saluscoin.info/
SLS-RUB,SaluS RUB,SLS,RUB,SaluS (SLS) is a cryptocurrency.,CCC,http://saluscoin.info/
SLS-USD,SaluS USD,SLS,USD,SaluS (SLS) is a cryptocurrency.,CCC,http://saluscoin.info/
SMART-BTC,SmartCash BTC,SMART,BTC,SmartCash (SMART) is a cryptocurrency. Users are able to generate SMART through the process of mining.,CCC,https://smartcash.cc/
SMART-CNY,SmartCash CNY,SMART,CNY,SmartCash (SMART) is a cryptocurrency. Users are able to generate SMART through the process of mining.,CCC,https://smartcash.cc/
SMART-ETH,SmartCash ETH,SMART,ETH,SmartCash (SMART) is a cryptocurrency. Users are able to generate SMART through the process of mining.,CCC,https://smartcash.cc/
SMART-EUR,SmartCash EUR,SMART,EUR,SmartCash (SMART) is a cryptocurrency. Users are able to generate SMART through the process of mining.,CCC,https://smartcash.cc/
SMART-GBP,SmartCash GBP,SMART,GBP,SmartCash (SMART) is a cryptocurrency. Users are able to generate SMART through the process of mining.,CCC,https://smartcash.cc/
SMART-INR,SmartCash INR,SMART,INR,SmartCash (SMART) is a cryptocurrency. Users are able to generate SMART through the process of mining.,CCC,https://smartcash.cc/
SMART-JPY,SmartCash JPY,SMART,JPY,SmartCash (SMART) is a cryptocurrency. Users are able to generate SMART through the process of mining.,CCC,https://smartcash.cc/
SMART-KRW,SmartCash KRW,SMART,KRW,SmartCash (SMART) is a cryptocurrency. Users are able to generate SMART through the process of mining.,CCC,https://smartcash.cc/
SMART-RUB,SmartCash RUB,SMART,RUB,SmartCash (SMART) is a cryptocurrency. Users are able to generate SMART through the process of mining.,CCC,https://smartcash.cc/
SMART-USD,SmartCash USD,SMART,USD,SmartCash (SMART) is a cryptocurrency. Users are able to generate SMART through the process of mining.,CCC,https://smartcash.cc/
SNGLS-AUD,SingularDTV AUD,SNGLS,AUD,SingularDTV (SNGLS) is a cryptocurrency and operates on the Ethereum platform.,CCC,https://breaker.io
SNGLS-BTC,SingularDTV BTC,SNGLS,BTC,SingularDTV (SNGLS) is a cryptocurrency and operates on the Ethereum platform.,CCC,https://breaker.io
SNGLS-CAD,SingularDTV CAD,SNGLS,CAD,SingularDTV (SNGLS) is a cryptocurrency and operates on the Ethereum platform.,CCC,https://breaker.io
SNGLS-ETH,SingularDTV ETH,SNGLS,ETH,SingularDTV (SNGLS) is a cryptocurrency and operates on the Ethereum platform.,CCC,https://breaker.io
SNGLS-EUR,SingularDTV EUR,SNGLS,EUR,SingularDTV (SNGLS) is a cryptocurrency and operates on the Ethereum platform.,CCC,https://breaker.io
SNGLS-INR,SingularDTV INR,SNGLS,INR,SingularDTV (SNGLS) is a cryptocurrency and operates on the Ethereum platform.,CCC,https://breaker.io
SNGLS-JPY,SingularDTV JPY,SNGLS,JPY,SingularDTV (SNGLS) is a cryptocurrency and operates on the Ethereum platform.,CCC,https://breaker.io
SNGLS-KRW,SingularDTV KRW,SNGLS,KRW,SingularDTV (SNGLS) is a cryptocurrency and operates on the Ethereum platform.,CCC,https://breaker.io
SNGLS-RUB,SingularDTV RUB,SNGLS,RUB,SingularDTV (SNGLS) is a cryptocurrency and operates on the Ethereum platform.,CCC,https://breaker.io
SNGLS-USD,SingularDTV USD,SNGLS,USD,SingularDTV (SNGLS) is a cryptocurrency and operates on the Ethereum platform.,CCC,https://breaker.io
SNM-ETH,SONM ETH,SNM,ETH,SONM (SNM) is a cryptocurrency and operates on the Ethereum platform.,CCC,https://sonm.com/
SNM-EUR,SONM EUR,SNM,EUR,SONM (SNM) is a cryptocurrency and operates on the Ethereum platform.,CCC,https://sonm.com/
SNM-GBP,SONM GBP,SNM,GBP,SONM (SNM) is a cryptocurrency and operates on the Ethereum platform.,CCC,https://sonm.com/
SNM-INR,SONM INR,SNM,INR,SONM (SNM) is a cryptocurrency and operates on the Ethereum platform.,CCC,https://sonm.com/
SNM-JPY,SONM JPY,SNM,JPY,SONM (SNM) is a cryptocurrency and operates on the Ethereum platform.,CCC,https://sonm.com/
SNM-KRW,SONM KRW,SNM,KRW,SONM (SNM) is a cryptocurrency and operates on the Ethereum platform.,CCC,https://sonm.com/
SNM-USD,SONM USD,SNM,USD,SONM (SNM) is a cryptocurrency and operates on the Ethereum platform.,CCC,https://sonm.com/
SNT-CNY,Status CNY,SNT,CNY,Status (SNT) is a cryptocurrency and operates on the Ethereum platform.,CCC,http://status.im/
SNT-ETH,Status ETH,SNT,ETH,Status (SNT) is a cryptocurrency and operates on the Ethereum platform.,CCC,http://status.im/
SNT-EUR,Status EUR,SNT,EUR,Status (SNT) is a cryptocurrency and operates on the Ethereum platform.,CCC,http://status.im/
SNT-GBP,Status GBP,SNT,GBP,Status (SNT) is a cryptocurrency and operates on the Ethereum platform.,CCC,http://status.im/
SNT-INR,Status INR,SNT,INR,Status (SNT) is a cryptocurrency and operates on the Ethereum platform.,CCC,http://status.im/
SNT-JPY,Status JPY,SNT,JPY,Status (SNT) is a cryptocurrency and operates on the Ethereum platform.,CCC,http://status.im/
SNT-KRW,Status KRW,SNT,KRW,Status (SNT) is a cryptocurrency and operates on the Ethereum platform.,CCC,http://status.im/
SNT-RUB,Status RUB,SNT,RUB,Status (SNT) is a cryptocurrency and operates on the Ethereum platform.,CCC,http://status.im/
SNT-USD,Status USD,SNT,USD,Status (SNT) is a cryptocurrency and operates on the Ethereum platform.,CCC,http://status.im/
SNX-AUD,SynthetixNetworkToken AUD,SNX,AUD,Synthetix (SNX) is a cryptocurrency and operates on the Ethereum platform.,CCC,https://www.synthetix.io/
SNX-BTC,SynthetixNetworkToken BTC,SNX,BTC,Synthetix (SNX) is a cryptocurrency and operates on the Ethereum platform.,CCC,https://www.synthetix.io/
SNX-CAD,SynthetixNetworkToken CAD,SNX,CAD,Synthetix (SNX) is a cryptocurrency and operates on the Ethereum platform.,CCC,https://www.synthetix.io/
SNX-CNY,SynthetixNetworkToken CNY,SNX,CNY,Synthetix (SNX) is a cryptocurrency and operates on the Ethereum platform.,CCC,https://www.synthetix.io/
SNX-ETH,SynthetixNetworkToken ETH,SNX,ETH,Synthetix (SNX) is a cryptocurrency and operates on the Ethereum platform.,CCC,https://www.synthetix.io/
SNX-EUR,SynthetixNetworkToken EUR,SNX,EUR,Synthetix (SNX) is a cryptocurrency and operates on the Ethereum platform.,CCC,https://www.synthetix.io/
SNX-GBP,SynthetixNetworkToken GBP,SNX,GBP,Synthetix (SNX) is a cryptocurrency and operates on the Ethereum platform.,CCC,https://www.synthetix.io/
SNX-INR,SynthetixNetworkToken INR,SNX,INR,Synthetix (SNX) is a cryptocurrency and operates on the Ethereum platform.,CCC,https://www.synthetix.io/
SNX-JPY,SynthetixNetworkToken JPY,SNX,JPY,Synthetix (SNX) is a cryptocurrency and operates on the Ethereum platform.,CCC,https://www.synthetix.io/
SNX-KRW,SynthetixNetworkToken KRW,SNX,KRW,Synthetix (SNX) is a cryptocurrency and operates on the Ethereum platform.,CCC,https://www.synthetix.io/
SNX-RUB,SynthetixNetworkToken RUB,SNX,RUB,Synthetix (SNX) is a cryptocurrency and operates on the Ethereum platform.,CCC,https://www.synthetix.io/
SNX-USD,SynthetixNetworkToken USD,SNX,USD,Synthetix (SNX) is a cryptocurrency and operates on the Ethereum platform.,CCC,https://www.synthetix.io/
SOL1-CAD,Solana CAD,SOL1,CAD,Solana (SOL) is a cryptocurrency.,CCC,https://solana.com
SOL1-CNY,Solana CNY,SOL1,CNY,Solana (SOL) is a cryptocurrency.,CCC,https://solana.com
SOL1-ETH,Solana ETH,SOL1,ETH,Solana (SOL) is a cryptocurrency.,CCC,https://solana.com
SOL1-EUR,Solana EUR,SOL1,EUR,Solana (SOL) is a cryptocurrency.,CCC,https://solana.com
SOL1-GBP,Solana GBP,SOL1,GBP,Solana (SOL) is a cryptocurrency.,CCC,https://solana.com
SOL1-INR,Solana INR,SOL1,INR,Solana (SOL) is a cryptocurrency.,CCC,https://solana.com
SOL1-JPY,Solana JPY,SOL1,JPY,Solana (SOL) is a cryptocurrency.,CCC,https://solana.com
SOL1-KRW,Solana KRW,SOL1,KRW,Solana (SOL) is a cryptocurrency.,CCC,https://solana.com
SOL1-RUB,Solana RUB,SOL1,RUB,Solana (SOL) is a cryptocurrency.,CCC,https://solana.com
SOL1-USD,Solana USD,SOL1,USD,Solana (SOL) is a cryptocurrency.,CCC,https://solana.com
SONO1-CAD,SonoCoin CAD,SONO1,CAD,SonoCoin (SONO) is a cryptocurrency launched in 2017.,CCC,https://sonocoin.io
SONO1-CNY,SonoCoin CNY,SONO1,CNY,SonoCoin (SONO) is a cryptocurrency launched in 2017.,CCC,https://sonocoin.io
SONO1-ETH,SonoCoin ETH,SONO1,ETH,SonoCoin (SONO) is a cryptocurrency launched in 2017.,CCC,https://sonocoin.io
SONO1-EUR,SonoCoin EUR,SONO1,EUR,SonoCoin (SONO) is a cryptocurrency launched in 2017.,CCC,https://sonocoin.io
SONO1-GBP,SonoCoin GBP,SONO1,GBP,SonoCoin (SONO) is a cryptocurrency launched in 2017.,CCC,https://sonocoin.io
SONO1-INR,SonoCoin INR,SONO1,INR,SonoCoin (SONO) is a cryptocurrency launched in 2017.,CCC,https://sonocoin.io
SONO1-JPY,SonoCoin JPY,SONO1,JPY,SonoCoin (SONO) is a cryptocurrency launched in 2017.,CCC,https://sonocoin.io
SONO1-KRW,SonoCoin KRW,SONO1,KRW,SonoCoin (SONO) is a cryptocurrency launched in 2017.,CCC,https://sonocoin.io
SONO1-RUB,SonoCoin RUB,SONO1,RUB,SonoCoin (SONO) is a cryptocurrency launched in 2017.,CCC,https://sonocoin.io
SONO1-USD,SonoCoin USD,SONO1,USD,SonoCoin (SONO) is a cryptocurrency launched in 2017.,CCC,https://sonocoin.io
SPHR-ETH,Sphere ETH,SPHR,ETH,Sphere (SPHR) is a cryptocurrency.,CCC,https://sphrpay.io/
SPHR-EUR,Sphere EUR,SPHR,EUR,Sphere (SPHR) is a cryptocurrency.,CCC,https://sphrpay.io/
SPHR-GBP,Sphere GBP,SPHR,GBP,Sphere (SPHR) is a cryptocurrency.,CCC,https://sphrpay.io/
SPHR-INR,Sphere INR,SPHR,INR,Sphere (SPHR) is a cryptocurrency.,CCC,https://sphrpay.io/
SPHR-JPY,Sphere JPY,SPHR,JPY,Sphere (SPHR) is a cryptocurrency.,CCC,https://sphrpay.io/
SPHR-KRW,Sphere KRW,SPHR,KRW,Sphere (SPHR) is a cryptocurrency.,CCC,https://sphrpay.io/
SPHR-RUB,Sphere RUB,SPHR,RUB,Sphere (SPHR) is a cryptocurrency.,CCC,https://sphrpay.io/
SPHR-USD,Sphere USD,SPHR,USD,Sphere (SPHR) is a cryptocurrency.,CCC,https://sphrpay.io/
SRK-CAD,Sparkpoint CAD,SRK,CAD,SparkPoint (SRK) is a cryptocurrency and operates on the Ethereum platform.,CCC,https://sparkpoint.io
SRK-CNY,Sparkpoint CNY,SRK,CNY,SparkPoint (SRK) is a cryptocurrency and operates on the Ethereum platform.,CCC,https://sparkpoint.io
SRK-ETH,Sparkpoint ETH,SRK,ETH,SparkPoint (SRK) is a cryptocurrency and operates on the Ethereum platform.,CCC,https://sparkpoint.io
SRK-EUR,Sparkpoint EUR,SRK,EUR,SparkPoint (SRK) is a cryptocurrency and operates on the Ethereum platform.,CCC,https://sparkpoint.io
SRK-GBP,Sparkpoint GBP,SRK,GBP,SparkPoint (SRK) is a cryptocurrency and operates on the Ethereum platform.,CCC,https://sparkpoint.io
SRK-INR,Sparkpoint INR,SRK,INR,SparkPoint (SRK) is a cryptocurrency and operates on the Ethereum platform.,CCC,https://sparkpoint.io
SRK-JPY,Sparkpoint JPY,SRK,JPY,SparkPoint (SRK) is a cryptocurrency and operates on the Ethereum platform.,CCC,https://sparkpoint.io
SRK-KRW,Sparkpoint KRW,SRK,KRW,SparkPoint (SRK) is a cryptocurrency and operates on the Ethereum platform.,CCC,https://sparkpoint.io
SRK-RUB,Sparkpoint RUB,SRK,RUB,SparkPoint (SRK) is a cryptocurrency and operates on the Ethereum platform.,CCC,https://sparkpoint.io
SRK-USD,Sparkpoint USD,SRK,USD,SparkPoint (SRK) is a cryptocurrency and operates on the Ethereum platform.,CCC,https://sparkpoint.io
SRM-CNY,Serum CNY,SRM,CNY,Serum (SRM) is a cryptocurrency.,CCC,https://projectserum.com/
SRM-ETH,Serum ETH,SRM,ETH,Serum (SRM) is a cryptocurrency.,CCC,https://projectserum.com/
SRM-EUR,Serum EUR,SRM,EUR,Serum (SRM) is a cryptocurrency.,CCC,https://projectserum.com/
SRM-GBP,Serum GBP,SRM,GBP,Serum (SRM) is a cryptocurrency.,CCC,https://projectserum.com/
SRM-INR,Serum INR,SRM,INR,Serum (SRM) is a cryptocurrency.,CCC,https://projectserum.com/
SRM-JPY,Serum JPY,SRM,JPY,Serum (SRM) is a cryptocurrency.,CCC,https://projectserum.com/
SRM-KRW,Serum KRW,SRM,KRW,Serum (SRM) is a cryptocurrency.,CCC,https://projectserum.com/
SRM-RUB,Serum RUB,SRM,RUB,Serum (SRM) is a cryptocurrency.,CCC,https://projectserum.com/
SRM-USD,Serum USD,SRM,USD,Serum (SRM) is a cryptocurrency.,CCC,https://projectserum.com/
STEEM-AUD,Steem AUD,STEEM,AUD,Steem (STEEM) is a cryptocurrency.,CCC,https://steem.com/
STEEM-BTC,Steem BTC,STEEM,BTC,Steem (STEEM) is a cryptocurrency.,CCC,https://steem.com/
STEEM-CNY,Steem CNY,STEEM,CNY,Steem (STEEM) is a cryptocurrency.,CCC,https://steem.com/
STEEM-ETH,Steem ETH,STEEM,ETH,Steem (STEEM) is a cryptocurrency.,CCC,https://steem.com/
STEEM-EUR,Steem EUR,STEEM,EUR,Steem (STEEM) is a cryptocurrency.,CCC,https://steem.com/
STEEM-GBP,Steem GBP,STEEM,GBP,Steem (STEEM) is a cryptocurrency.,CCC,https://steem.com/
STEEM-INR,Steem INR,STEEM,INR,Steem (STEEM) is a cryptocurrency.,CCC,https://steem.com/
STEEM-JPY,Steem JPY,STEEM,JPY,Steem (STEEM) is a cryptocurrency.,CCC,https://steem.com/
STEEM-KRW,Steem KRW,STEEM,KRW,Steem (STEEM) is a cryptocurrency.,CCC,https://steem.com/
STEEM-USD,Steem USD,STEEM,USD,Steem (STEEM) is a cryptocurrency.,CCC,https://steem.com/
STORJ-AUD,Storj AUD,STORJ,AUD,Storj (STORJ) is a cryptocurrency and operates on the Ethereum platform.,CCC,https://storj.io/
STORJ-CAD,Storj CAD,STORJ,CAD,Storj (STORJ) is a cryptocurrency and operates on the Ethereum platform.,CCC,https://storj.io/
STORJ-CNY,Storj CNY,STORJ,CNY,Storj (STORJ) is a cryptocurrency and operates on the Ethereum platform.,CCC,https://storj.io/
STORJ-ETH,Storj ETH,STORJ,ETH,Storj (STORJ) is a cryptocurrency and operates on the Ethereum platform.,CCC,https://storj.io/
STORJ-EUR,Storj EUR,STORJ,EUR,Storj (STORJ) is a cryptocurrency and operates on the Ethereum platform.,CCC,https://storj.io/
STORJ-GBP,Storj GBP,STORJ,GBP,Storj (STORJ) is a cryptocurrency and operates on the Ethereum platform.,CCC,https://storj.io/
STORJ-INR,Storj INR,STORJ,INR,Storj (STORJ) is a cryptocurrency and operates on the Ethereum platform.,CCC,https://storj.io/
STORJ-JPY,Storj JPY,STORJ,JPY,Storj (STORJ) is a cryptocurrency and operates on the Ethereum platform.,CCC,https://storj.io/
STORJ-KRW,Storj KRW,STORJ,KRW,Storj (STORJ) is a cryptocurrency and operates on the Ethereum platform.,CCC,https://storj.io/
STORJ-USD,Storj USD,STORJ,USD,Storj (STORJ) is a cryptocurrency and operates on the Ethereum platform.,CCC,https://storj.io/
STRAX-CAD,Stratis CAD,STRAX,CAD,Stratis (STRAX) is a cryptocurrency launched in 2020.,CCC,http://stratisplatform.com/
STRAX-CNY,Stratis CNY,STRAX,CNY,Stratis (STRAX) is a cryptocurrency launched in 2020.,CCC,http://stratisplatform.com/
STRAX-ETH,Stratis ETH,STRAX,ETH,Stratis (STRAX) is a cryptocurrency launched in 2020.,CCC,http://stratisplatform.com/
STRAX-EUR,Stratis EUR,STRAX,EUR,Stratis (STRAX) is a cryptocurrency launched in 2020.,CCC,http://stratisplatform.com/
STRAX-GBP,Stratis GBP,STRAX,GBP,Stratis (STRAX) is a cryptocurrency launched in 2020.,CCC,http://stratisplatform.com/
STRAX-INR,Stratis INR,STRAX,INR,Stratis (STRAX) is a cryptocurrency launched in 2020.,CCC,http://stratisplatform.com/
STRAX-JPY,Stratis JPY,STRAX,JPY,Stratis (STRAX) is a cryptocurrency launched in 2020.,CCC,http://stratisplatform.com/
STRAX-KRW,Stratis KRW,STRAX,KRW,Stratis (STRAX) is a cryptocurrency launched in 2020.,CCC,http://stratisplatform.com/
STRAX-RUB,Stratis RUB,STRAX,RUB,Stratis (STRAX) is a cryptocurrency launched in 2020.,CCC,http://stratisplatform.com/
STRAX-USD,Stratis USD,STRAX,USD,Stratis (STRAX) is a cryptocurrency launched in 2020.,CCC,http://stratisplatform.com/
STX1-CAD,Stacks CAD,STX1,CAD,Stacks (STX) is a cryptocurrency.,CCC,https://stacks.co
STX1-CNY,Stacks CNY,STX1,CNY,Stacks (STX) is a cryptocurrency.,CCC,https://stacks.co
STX1-ETH,Stacks ETH,STX1,ETH,Stacks (STX) is a cryptocurrency.,CCC,https://stacks.co
STX1-EUR,Stacks EUR,STX1,EUR,Stacks (STX) is a cryptocurrency.,CCC,https://stacks.co
STX1-GBP,Stacks GBP,STX1,GBP,Stacks (STX) is a cryptocurrency.,CCC,https://stacks.co
STX1-INR,Stacks INR,STX1,INR,Stacks (STX) is a cryptocurrency.,CCC,https://stacks.co
STX1-JPY,Stacks JPY,STX1,JPY,Stacks (STX) is a cryptocurrency.,CCC,https://stacks.co
STX1-KRW,Stacks KRW,STX1,KRW,Stacks (STX) is a cryptocurrency.,CCC,https://stacks.co
STX1-RUB,Stacks RUB,STX1,RUB,Stacks (STX) is a cryptocurrency.,CCC,https://stacks.co
STX1-USD,Stacks USD,STX1,USD,Stacks (STX) is a cryptocurrency.,CCC,https://stacks.co
SUB-AUD,Substratum AUD,SUB,AUD,Substratum (SUB) is a cryptocurrency and operates on the Ethereum platform.,CCC,https://substratum.net/
SUB-BTC,Substratum BTC,SUB,BTC,Substratum (SUB) is a cryptocurrency and operates on the Ethereum platform.,CCC,https://substratum.net/
SUB-CAD,Substratum CAD,SUB,CAD,Substratum (SUB) is a cryptocurrency and operates on the Ethereum platform.,CCC,https://substratum.net/
SUB-ETH,Substratum ETH,SUB,ETH,Substratum (SUB) is a cryptocurrency and operates on the Ethereum platform.,CCC,https://substratum.net/
SUB-EUR,Substratum EUR,SUB,EUR,Substratum (SUB) is a cryptocurrency and operates on the Ethereum platform.,CCC,https://substratum.net/
SUB-GBP,Substratum GBP,SUB,GBP,Substratum (SUB) is a cryptocurrency and operates on the Ethereum platform.,CCC,https://substratum.net/
SUB-INR,Substratum INR,SUB,INR,Substratum (SUB) is a cryptocurrency and operates on the Ethereum platform.,CCC,https://substratum.net/
SUB-JPY,Substratum JPY,SUB,JPY,Substratum (SUB) is a cryptocurrency and operates on the Ethereum platform.,CCC,https://substratum.net/
SUB-RUB,Substratum RUB,SUB,RUB,Substratum (SUB) is a cryptocurrency and operates on the Ethereum platform.,CCC,https://substratum.net/
SUB-USD,Substratum USD,SUB,USD,Substratum (SUB) is a cryptocurrency and operates on the Ethereum platform.,CCC,https://substratum.net/
SUSHI-JPY,Sushi JPY,SUSHI,JPY,SushiSwap (SUSHI) is a cryptocurrency and operates on the Ethereum platform.,CCC,https://sushiswap.org/
SUSHI-KRW,Sushi KRW,SUSHI,KRW,SushiSwap (SUSHI) is a cryptocurrency and operates on the Ethereum platform.,CCC,https://sushiswap.org/
SUSHI-RUB,Sushi RUB,SUSHI,RUB,SushiSwap (SUSHI) is a cryptocurrency and operates on the Ethereum platform.,CCC,https://sushiswap.org/
SUSHI-USD,Sushi USD,SUSHI,USD,SushiSwap (SUSHI) is a cryptocurrency and operates on the Ethereum platform.,CCC,https://sushiswap.org/
SYS-BTC,Syscoin BTC,SYS,BTC,Syscoin (SYS) is a cryptocurrency. Users are able to generate SYS through the process of mining.,CCC,http://syscoin.org
SYS-CAD,Syscoin CAD,SYS,CAD,Syscoin (SYS) is a cryptocurrency. Users are able to generate SYS through the process of mining.,CCC,http://syscoin.org
SYS-CNY,Syscoin CNY,SYS,CNY,Syscoin (SYS) is a cryptocurrency. Users are able to generate SYS through the process of mining.,CCC,http://syscoin.org
SYS-ETH,Syscoin ETH,SYS,ETH,Syscoin (SYS) is a cryptocurrency. Users are able to generate SYS through the process of mining.,CCC,http://syscoin.org
SYS-EUR,Syscoin EUR,SYS,EUR,Syscoin (SYS) is a cryptocurrency. Users are able to generate SYS through the process of mining.,CCC,http://syscoin.org
SYS-GBP,Syscoin GBP,SYS,GBP,Syscoin (SYS) is a cryptocurrency. Users are able to generate SYS through the process of mining.,CCC,http://syscoin.org
SYS-INR,Syscoin INR,SYS,INR,Syscoin (SYS) is a cryptocurrency. Users are able to generate SYS through the process of mining.,CCC,http://syscoin.org
SYS-KRW,Syscoin KRW,SYS,KRW,Syscoin (SYS) is a cryptocurrency. Users are able to generate SYS through the process of mining.,CCC,http://syscoin.org
SYS-RUB,Syscoin RUB,SYS,RUB,Syscoin (SYS) is a cryptocurrency. Users are able to generate SYS through the process of mining.,CCC,http://syscoin.org
SYS-USD,Syscoin USD,SYS,USD,Syscoin (SYS) is a cryptocurrency. Users are able to generate SYS through the process of mining.,CCC,http://syscoin.org
TAAS-BTC,TaaS BTC,TAAS,BTC,TaaS (TAAS) is a cryptocurrency token and operates on the Ethereum platform.,CCC,https://taas.fund/
TAAS-CAD,TaaS CAD,TAAS,CAD,TaaS (TAAS) is a cryptocurrency token and operates on the Ethereum platform.,CCC,https://taas.fund/
TAAS-CNY,TaaS CNY,TAAS,CNY,TaaS (TAAS) is a cryptocurrency token and operates on the Ethereum platform.,CCC,https://taas.fund/
TAAS-ETH,TaaS ETH,TAAS,ETH,TaaS (TAAS) is a cryptocurrency token and operates on the Ethereum platform.,CCC,https://taas.fund/
TAAS-EUR,TaaS EUR,TAAS,EUR,TaaS (TAAS) is a cryptocurrency token and operates on the Ethereum platform.,CCC,https://taas.fund/
TAAS-GBP,TaaS GBP,TAAS,GBP,TaaS (TAAS) is a cryptocurrency token and operates on the Ethereum platform.,CCC,https://taas.fund/
TAAS-INR,TaaS INR,TAAS,INR,TaaS (TAAS) is a cryptocurrency token and operates on the Ethereum platform.,CCC,https://taas.fund/
TAAS-KRW,TaaS KRW,TAAS,KRW,TaaS (TAAS) is a cryptocurrency token and operates on the Ethereum platform.,CCC,https://taas.fund/
TAAS-RUB,TaaS RUB,TAAS,RUB,TaaS (TAAS) is a cryptocurrency token and operates on the Ethereum platform.,CCC,https://taas.fund/
TFUEL-CAD,ThetaFuel CAD,TFUEL,CAD,Theta Fuel (TFUEL) is a cryptocurrency.,CCC,https://www.thetatoken.org
TFUEL-CNY,ThetaFuel CNY,TFUEL,CNY,Theta Fuel (TFUEL) is a cryptocurrency.,CCC,https://www.thetatoken.org
TFUEL-ETH,ThetaFuel ETH,TFUEL,ETH,Theta Fuel (TFUEL) is a cryptocurrency.,CCC,https://www.thetatoken.org
TFUEL-EUR,ThetaFuel EUR,TFUEL,EUR,Theta Fuel (TFUEL) is a cryptocurrency.,CCC,https://www.thetatoken.org
TFUEL-GBP,ThetaFuel GBP,TFUEL,GBP,Theta Fuel (TFUEL) is a cryptocurrency.,CCC,https://www.thetatoken.org
TFUEL-INR,ThetaFuel INR,TFUEL,INR,Theta Fuel (TFUEL) is a cryptocurrency.,CCC,https://www.thetatoken.org
TFUEL-JPY,ThetaFuel JPY,TFUEL,JPY,Theta Fuel (TFUEL) is a cryptocurrency.,CCC,https://www.thetatoken.org
TFUEL-KRW,ThetaFuel KRW,TFUEL,KRW,Theta Fuel (TFUEL) is a cryptocurrency.,CCC,https://www.thetatoken.org
TFUEL-RUB,ThetaFuel RUB,TFUEL,RUB,Theta Fuel (TFUEL) is a cryptocurrency.,CCC,https://www.thetatoken.org
TFUEL-USD,ThetaFuel USD,TFUEL,USD,Theta Fuel (TFUEL) is a cryptocurrency.,CCC,https://www.thetatoken.org
TOMO-CAD,TomoChain CAD,TOMO,CAD,TomoChain (TOMO) is a cryptocurrency.,CCC,https://tomochain.com/
TOMO-CNY,TomoChain CNY,TOMO,CNY,TomoChain (TOMO) is a cryptocurrency.,CCC,https://tomochain.com/
TOMO-ETH,TomoChain ETH,TOMO,ETH,TomoChain (TOMO) is a cryptocurrency.,CCC,https://tomochain.com/
TOMO-EUR,TomoChain EUR,TOMO,EUR,TomoChain (TOMO) is a cryptocurrency.,CCC,https://tomochain.com/
TOMO-GBP,TomoChain GBP,TOMO,GBP,TomoChain (TOMO) is a cryptocurrency.,CCC,https://tomochain.com/
TOMO-INR,TomoChain INR,TOMO,INR,TomoChain (TOMO) is a cryptocurrency.,CCC,https://tomochain.com/
TOMO-JPY,TomoChain JPY,TOMO,JPY,TomoChain (TOMO) is a cryptocurrency.,CCC,https://tomochain.com/
TOMO-KRW,TomoChain KRW,TOMO,KRW,TomoChain (TOMO) is a cryptocurrency.,CCC,https://tomochain.com/
TOMO-RUB,TomoChain RUB,TOMO,RUB,TomoChain (TOMO) is a cryptocurrency.,CCC,https://tomochain.com/
TOMO-USD,TomoChain USD,TOMO,USD,TomoChain (TOMO) is a cryptocurrency.,CCC,https://tomochain.com/
TRUE-CAD,TrueChain CAD,True,CAD,TrueChain (TRUE) is a cryptocurrency.,CCC,http://www.truechain.pro
TRUE-CNY,TrueChain CNY,True,CNY,TrueChain (TRUE) is a cryptocurrency.,CCC,http://www.truechain.pro
TRUE-ETH,TrueChain ETH,True,ETH,TrueChain (TRUE) is a cryptocurrency.,CCC,http://www.truechain.pro
TRUE-EUR,TrueChain EUR,True,EUR,TrueChain (TRUE) is a cryptocurrency.,CCC,http://www.truechain.pro
TRUE-GBP,TrueChain GBP,True,GBP,TrueChain (TRUE) is a cryptocurrency.,CCC,http://www.truechain.pro
TRUE-INR,TrueChain INR,True,INR,TrueChain (TRUE) is a cryptocurrency.,CCC,http://www.truechain.pro
TRUE-JPY,TrueChain JPY,True,JPY,TrueChain (TRUE) is a cryptocurrency.,CCC,http://www.truechain.pro
TRUE-KRW,TrueChain KRW,True,KRW,TrueChain (TRUE) is a cryptocurrency.,CCC,http://www.truechain.pro
TRUE-RUB,TrueChain RUB,True,RUB,TrueChain (TRUE) is a cryptocurrency.,CCC,http://www.truechain.pro
TRUE-USD,TrueChain USD,True,USD,TrueChain (TRUE) is a cryptocurrency.,CCC,http://www.truechain.pro
TRX-ETH,TRON ETH,TRX,ETH,TRON (TRX) is a cryptocurrency.,CCC,https://tron.network/
TRX-USD,TRON USD,TRX,USD,TRON (TRX) is a cryptocurrency.,CCC,https://tron.network/
TT-CAD,ThunderToken CAD,TT,CAD,Thunder Token (TT) is a cryptocurrency.,CCC,https://www.thundercore.com
TT-CNY,ThunderToken CNY,TT,CNY,Thunder Token (TT) is a cryptocurrency.,CCC,https://www.thundercore.com
TT-ETH,ThunderToken ETH,TT,ETH,Thunder Token (TT) is a cryptocurrency.,CCC,https://www.thundercore.com
TT-EUR,ThunderToken EUR,TT,EUR,Thunder Token (TT) is a cryptocurrency.,CCC,https://www.thundercore.com
TT-GBP,ThunderToken GBP,TT,GBP,Thunder Token (TT) is a cryptocurrency.,CCC,https://www.thundercore.com
TT-INR,ThunderToken INR,TT,INR,Thunder Token (TT) is a cryptocurrency.,CCC,https://www.thundercore.com
TT-JPY,ThunderToken JPY,TT,JPY,Thunder Token (TT) is a cryptocurrency.,CCC,https://www.thundercore.com
TT-KRW,ThunderToken KRW,TT,KRW,Thunder Token (TT) is a cryptocurrency.,CCC,https://www.thundercore.com
TT-RUB,ThunderToken RUB,TT,RUB,Thunder Token (TT) is a cryptocurrency.,CCC,https://www.thundercore.com
TT-USD,ThunderToken USD,TT,USD,Thunder Token (TT) is a cryptocurrency.,CCC,https://www.thundercore.com
TUBE-CAD,BitTube CAD,TUBE,CAD,BitTube (TUBE) is a cryptocurrency. Users are able to generate TUBE through the process of mining.,CCC,https://BitTube.cash
TUBE-CNY,BitTube CNY,TUBE,CNY,BitTube (TUBE) is a cryptocurrency. Users are able to generate TUBE through the process of mining.,CCC,https://BitTube.cash
TUBE-ETH,BitTube ETH,TUBE,ETH,BitTube (TUBE) is a cryptocurrency. Users are able to generate TUBE through the process of mining.,CCC,https://BitTube.cash
TUBE-EUR,BitTube EUR,TUBE,EUR,BitTube (TUBE) is a cryptocurrency. Users are able to generate TUBE through the process of mining.,CCC,https://BitTube.cash
TUBE-GBP,BitTube GBP,TUBE,GBP,BitTube (TUBE) is a cryptocurrency. Users are able to generate TUBE through the process of mining.,CCC,https://BitTube.cash
TUBE-INR,BitTube INR,TUBE,INR,BitTube (TUBE) is a cryptocurrency. Users are able to generate TUBE through the process of mining.,CCC,https://BitTube.cash
TUBE-JPY,BitTube JPY,TUBE,JPY,BitTube (TUBE) is a cryptocurrency. Users are able to generate TUBE through the process of mining.,CCC,https://BitTube.cash
TUBE-KRW,BitTube KRW,TUBE,KRW,BitTube (TUBE) is a cryptocurrency. Users are able to generate TUBE through the process of mining.,CCC,https://BitTube.cash
TUBE-RUB,BitTube RUB,TUBE,RUB,BitTube (TUBE) is a cryptocurrency. Users are able to generate TUBE through the process of mining.,CCC,https://BitTube.cash
TUBE-USD,BitTube USD,TUBE,USD,BitTube (TUBE) is a cryptocurrency. Users are able to generate TUBE through the process of mining.,CCC,https://BitTube.cash
TUSD-CAD,TrueUSD CAD,TUSD,CAD,TrueUSD (TUSD) is a cryptocurrency and operates on the Binance Chain platform.,CCC,https://www.trueusd.com/
TUSD-CNY,TrueUSD CNY,TUSD,CNY,TrueUSD (TUSD) is a cryptocurrency and operates on the Binance Chain platform.,CCC,https://www.trueusd.com/
TUSD-ETH,TrueUSD ETH,TUSD,ETH,TrueUSD (TUSD) is a cryptocurrency and operates on the Binance Chain platform.,CCC,https://www.trueusd.com/
TUSD-EUR,TrueUSD EUR,TUSD,EUR,TrueUSD (TUSD) is a cryptocurrency and operates on the Binance Chain platform.,CCC,https://www.trueusd.com/
TUSD-GBP,TrueUSD GBP,TUSD,GBP,TrueUSD (TUSD) is a cryptocurrency and operates on the Binance Chain platform.,CCC,https://www.trueusd.com/
TUSD-INR,TrueUSD INR,TUSD,INR,TrueUSD (TUSD) is a cryptocurrency and operates on the Binance Chain platform.,CCC,https://www.trueusd.com/
TUSD-JPY,TrueUSD JPY,TUSD,JPY,TrueUSD (TUSD) is a cryptocurrency and operates on the Binance Chain platform.,CCC,https://www.trueusd.com/
TUSD-KRW,TrueUSD KRW,TUSD,KRW,TrueUSD (TUSD) is a cryptocurrency and operates on the Binance Chain platform.,CCC,https://www.trueusd.com/
TUSD-RUB,TrueUSD RUB,TUSD,RUB,TrueUSD (TUSD) is a cryptocurrency and operates on the Binance Chain platform.,CCC,https://www.trueusd.com/
TUSD-USD,TrueUSD USD,TUSD,USD,TrueUSD (TUSD) is a cryptocurrency and operates on the Binance Chain platform.,CCC,https://www.trueusd.com/
TWT-CAD,TrustWalletToken CAD,TWT,CAD,Trust Wallet Token (TWT) is a cryptocurrency and operates on the Binance Chain platform.,CCC,https://trustwallet.com/
TWT-CNY,TrustWalletToken CNY,TWT,CNY,Trust Wallet Token (TWT) is a cryptocurrency and operates on the Binance Chain platform.,CCC,https://trustwallet.com/
TWT-ETH,TrustWalletToken ETH,TWT,ETH,Trust Wallet Token (TWT) is a cryptocurrency and operates on the Binance Chain platform.,CCC,https://trustwallet.com/
TWT-EUR,TrustWalletToken EUR,TWT,EUR,Trust Wallet Token (TWT) is a cryptocurrency and operates on the Binance Chain platform.,CCC,https://trustwallet.com/
TWT-GBP,TrustWalletToken GBP,TWT,GBP,Trust Wallet Token (TWT) is a cryptocurrency and operates on the Binance Chain platform.,CCC,https://trustwallet.com/
TWT-INR,TrustWalletToken INR,TWT,INR,Trust Wallet Token (TWT) is a cryptocurrency and operates on the Binance Chain platform.,CCC,https://trustwallet.com/
TWT-JPY,TrustWalletToken JPY,TWT,JPY,Trust Wallet Token (TWT) is a cryptocurrency and operates on the Binance Chain platform.,CCC,https://trustwallet.com/
TWT-KRW,TrustWalletToken KRW,TWT,KRW,Trust Wallet Token (TWT) is a cryptocurrency and operates on the Binance Chain platform.,CCC,https://trustwallet.com/
TWT-RUB,TrustWalletToken RUB,TWT,RUB,Trust Wallet Token (TWT) is a cryptocurrency and operates on the Binance Chain platform.,CCC,https://trustwallet.com/
TWT-USD,TrustWalletToken USD,TWT,USD,Trust Wallet Token (TWT) is a cryptocurrency and operates on the Binance Chain platform.,CCC,https://trustwallet.com/
UNI3-CAD,Uniswap CAD,UNI3,CAD,Uniswap (UNI) is a cryptocurrency and operates on the Ethereum platform.,CCC,https://uniswap.org/blog/uni/
UNI3-CNY,Uniswap CNY,UNI3,CNY,Uniswap (UNI) is a cryptocurrency and operates on the Ethereum platform.,CCC,https://uniswap.org/blog/uni/
UNI3-ETH,Uniswap ETH,UNI3,ETH,Uniswap (UNI) is a cryptocurrency and operates on the Ethereum platform.,CCC,https://uniswap.org/blog/uni/
UNI3-EUR,Uniswap EUR,UNI3,EUR,Uniswap (UNI) is a cryptocurrency and operates on the Ethereum platform.,CCC,https://uniswap.org/blog/uni/
UNI3-GBP,Uniswap GBP,UNI3,GBP,Uniswap (UNI) is a cryptocurrency and operates on the Ethereum platform.,CCC,https://uniswap.org/blog/uni/
UNI3-INR,Uniswap INR,UNI3,INR,Uniswap (UNI) is a cryptocurrency and operates on the Ethereum platform.,CCC,https://uniswap.org/blog/uni/
UNI3-JPY,Uniswap JPY,UNI3,JPY,Uniswap (UNI) is a cryptocurrency and operates on the Ethereum platform.,CCC,https://uniswap.org/blog/uni/
UNI3-KRW,Uniswap KRW,UNI3,KRW,Uniswap (UNI) is a cryptocurrency and operates on the Ethereum platform.,CCC,https://uniswap.org/blog/uni/
UNI3-RUB,Uniswap RUB,UNI3,RUB,Uniswap (UNI) is a cryptocurrency and operates on the Ethereum platform.,CCC,https://uniswap.org/blog/uni/
UNI3-USD,Uniswap USD,UNI3,USD,Uniswap (UNI) is a cryptocurrency and operates on the Ethereum platform.,CCC,https://uniswap.org/blog/uni/
UNO-CAD,Unobtanium CAD,UNO,CAD,Unobtanium (UNO) is a cryptocurrency. Users are able to generate UNO through the process of mining.,CCC,http://unobtanium.uno
UNO-CNY,Unobtanium CNY,UNO,CNY,Unobtanium (UNO) is a cryptocurrency. Users are able to generate UNO through the process of mining.,CCC,http://unobtanium.uno
UNO-ETH,Unobtanium ETH,UNO,ETH,Unobtanium (UNO) is a cryptocurrency. Users are able to generate UNO through the process of mining.,CCC,http://unobtanium.uno
UNO-EUR,Unobtanium EUR,UNO,EUR,Unobtanium (UNO) is a cryptocurrency. Users are able to generate UNO through the process of mining.,CCC,http://unobtanium.uno
UNO-GBP,Unobtanium GBP,UNO,GBP,Unobtanium (UNO) is a cryptocurrency. Users are able to generate UNO through the process of mining.,CCC,http://unobtanium.uno
UNO-INR,Unobtanium INR,UNO,INR,Unobtanium (UNO) is a cryptocurrency. Users are able to generate UNO through the process of mining.,CCC,http://unobtanium.uno
UNO-JPY,Unobtanium JPY,UNO,JPY,Unobtanium (UNO) is a cryptocurrency. Users are able to generate UNO through the process of mining.,CCC,http://unobtanium.uno
UNO-KRW,Unobtanium KRW,UNO,KRW,Unobtanium (UNO) is a cryptocurrency. Users are able to generate UNO through the process of mining.,CCC,http://unobtanium.uno
UNO-RUB,Unobtanium RUB,UNO,RUB,Unobtanium (UNO) is a cryptocurrency. Users are able to generate UNO through the process of mining.,CCC,http://unobtanium.uno
UNO-USD,Unobtanium USD,UNO,USD,Unobtanium (UNO) is a cryptocurrency. Users are able to generate UNO through the process of mining.,CCC,http://unobtanium.uno
USDC-CAD,USDCoin CAD,USDC,CAD,USD Coin (USDC) is a cryptocurrency and operates on the Ethereum platform.,CCC,https://www.centre.io/usdc
USDC-CNY,USDCoin CNY,USDC,CNY,USD Coin (USDC) is a cryptocurrency and operates on the Ethereum platform.,CCC,https://www.centre.io/usdc
USDC-ETH,USDCoin ETH,USDC,ETH,USD Coin (USDC) is a cryptocurrency and operates on the Ethereum platform.,CCC,https://www.centre.io/usdc
USDC-EUR,USDCoin EUR,USDC,EUR,USD Coin (USDC) is a cryptocurrency and operates on the Ethereum platform.,CCC,https://www.centre.io/usdc
USDC-GBP,USDCoin GBP,USDC,GBP,USD Coin (USDC) is a cryptocurrency and operates on the Ethereum platform.,CCC,https://www.centre.io/usdc
USDC-INR,USDCoin INR,USDC,INR,USD Coin (USDC) is a cryptocurrency and operates on the Ethereum platform.,CCC,https://www.centre.io/usdc
USDC-JPY,USDCoin JPY,USDC,JPY,USD Coin (USDC) is a cryptocurrency and operates on the Ethereum platform.,CCC,https://www.centre.io/usdc
USDC-KRW,USDCoin KRW,USDC,KRW,USD Coin (USDC) is a cryptocurrency and operates on the Ethereum platform.,CCC,https://www.centre.io/usdc
USDC-RUB,USDCoin RUB,USDC,RUB,USD Coin (USDC) is a cryptocurrency and operates on the Ethereum platform.,CCC,https://www.centre.io/usdc
USDC-USD,USDCoin USD,USDC,USD,USD Coin (USDC) is a cryptocurrency and operates on the Ethereum platform.,CCC,https://www.centre.io/usdc
USDT-BTC,Tether BTC,USDT,BTC,Tether (USDT) is a cryptocurrency launched in 2015and operates on the Ethereum platform.,CCC,https://tether.to
USDT-CNY,Tether CNY,USDT,CNY,Tether (USDT) is a cryptocurrency launched in 2015and operates on the Ethereum platform.,CCC,https://tether.to
USDT-ETH,Tether ETH,USDT,ETH,Tether (USDT) is a cryptocurrency launched in 2015and operates on the Ethereum platform.,CCC,https://tether.to
USDT-EUR,Tether EUR,USDT,EUR,Tether (USDT) is a cryptocurrency launched in 2015and operates on the Ethereum platform.,CCC,https://tether.to
USDT-GBP,Tether GBP,USDT,GBP,Tether (USDT) is a cryptocurrency launched in 2015and operates on the Ethereum platform.,CCC,https://tether.to
USDT-INR,Tether INR,USDT,INR,Tether (USDT) is a cryptocurrency launched in 2015and operates on the Ethereum platform.,CCC,https://tether.to
USDT-JPY,Tether JPY,USDT,JPY,Tether (USDT) is a cryptocurrency launched in 2015and operates on the Ethereum platform.,CCC,https://tether.to
USDT-KRW,Tether KRW,USDT,KRW,Tether (USDT) is a cryptocurrency launched in 2015and operates on the Ethereum platform.,CCC,https://tether.to
USDT-RUB,Tether RUB,USDT,RUB,Tether (USDT) is a cryptocurrency launched in 2015and operates on the Ethereum platform.,CCC,https://tether.to
USDT-USD,Tether USD,USDT,USD,Tether (USDT) is a cryptocurrency launched in 2015and operates on the Ethereum platform.,CCC,https://tether.to
USNBT-CAD,NuBits CAD,USNBT,CAD,NuBits (USNBT) is a cryptocurrency.,CCC,https://www.nubits.com
USNBT-CNY,NuBits CNY,USNBT,CNY,NuBits (USNBT) is a cryptocurrency.,CCC,https://www.nubits.com
USNBT-ETH,NuBits ETH,USNBT,ETH,NuBits (USNBT) is a cryptocurrency.,CCC,https://www.nubits.com
USNBT-EUR,NuBits EUR,USNBT,EUR,NuBits (USNBT) is a cryptocurrency.,CCC,https://www.nubits.com
USNBT-GBP,NuBits GBP,USNBT,GBP,NuBits (USNBT) is a cryptocurrency.,CCC,https://www.nubits.com
USNBT-INR,NuBits INR,USNBT,INR,NuBits (USNBT) is a cryptocurrency.,CCC,https://www.nubits.com
USNBT-JPY,NuBits JPY,USNBT,JPY,NuBits (USNBT) is a cryptocurrency.,CCC,https://www.nubits.com
USNBT-KRW,NuBits KRW,USNBT,KRW,NuBits (USNBT) is a cryptocurrency.,CCC,https://www.nubits.com
USNBT-RUB,NuBits RUB,USNBT,RUB,NuBits (USNBT) is a cryptocurrency.,CCC,https://www.nubits.com
USNBT-USD,NuBits USD,USNBT,USD,NuBits (USNBT) is a cryptocurrency.,CCC,https://www.nubits.com
VAL1-BTC,Validity BTC,VAL1,BTC,Validity (VAL) is a cryptocurrency.,CCC,https://validitytech.com/
VAL1-CAD,Validity CAD,VAL1,CAD,Validity (VAL) is a cryptocurrency.,CCC,https://validitytech.com/
VAL1-CNY,Validity CNY,VAL1,CNY,Validity (VAL) is a cryptocurrency.,CCC,https://validitytech.com/
VAL1-ETH,Validity ETH,VAL1,ETH,Validity (VAL) is a cryptocurrency.,CCC,https://validitytech.com/
VAL1-EUR,Validity EUR,VAL1,EUR,Validity (VAL) is a cryptocurrency.,CCC,https://validitytech.com/
VAL1-GBP,Validity GBP,VAL1,GBP,Validity (VAL) is a cryptocurrency.,CCC,https://validitytech.com/
VAL1-INR,Validity INR,VAL1,INR,Validity (VAL) is a cryptocurrency.,CCC,https://validitytech.com/
VAL1-JPY,Validity JPY,VAL1,JPY,Validity (VAL) is a cryptocurrency.,CCC,https://validitytech.com/
VAL1-KRW,Validity KRW,VAL1,KRW,Validity (VAL) is a cryptocurrency.,CCC,https://validitytech.com/
VAL1-RUB,Validity RUB,VAL1,RUB,Validity (VAL) is a cryptocurrency.,CCC,https://validitytech.com/
VAL1-USD,Validity USD,VAL1,USD,Validity (VAL) is a cryptocurrency.,CCC,https://validitytech.com/
VBK-CAD,VeriBlock CAD,VBK,CAD,VeriBlock (VBK) is a cryptocurrency. Users are able to generate VBK through the process of mining.,CCC,https://www.veriblock.org/
VBK-CNY,VeriBlock CNY,VBK,CNY,VeriBlock (VBK) is a cryptocurrency. Users are able to generate VBK through the process of mining.,CCC,https://www.veriblock.org/
VBK-ETH,VeriBlock ETH,VBK,ETH,VeriBlock (VBK) is a cryptocurrency. Users are able to generate VBK through the process of mining.,CCC,https://www.veriblock.org/
VBK-EUR,VeriBlock EUR,VBK,EUR,VeriBlock (VBK) is a cryptocurrency. Users are able to generate VBK through the process of mining.,CCC,https://www.veriblock.org/
VBK-GBP,VeriBlock GBP,VBK,GBP,VeriBlock (VBK) is a cryptocurrency. Users are able to generate VBK through the process of mining.,CCC,https://www.veriblock.org/
VBK-INR,VeriBlock INR,VBK,INR,VeriBlock (VBK) is a cryptocurrency. Users are able to generate VBK through the process of mining.,CCC,https://www.veriblock.org/
VBK-JPY,VeriBlock JPY,VBK,JPY,VeriBlock (VBK) is a cryptocurrency. Users are able to generate VBK through the process of mining.,CCC,https://www.veriblock.org/
VBK-KRW,VeriBlock KRW,VBK,KRW,VeriBlock (VBK) is a cryptocurrency. Users are able to generate VBK through the process of mining.,CCC,https://www.veriblock.org/
VBK-RUB,VeriBlock RUB,VBK,RUB,VeriBlock (VBK) is a cryptocurrency. Users are able to generate VBK through the process of mining.,CCC,https://www.veriblock.org/
VBK-USD,VeriBlock USD,VBK,USD,VeriBlock (VBK) is a cryptocurrency. Users are able to generate VBK through the process of mining.,CCC,https://www.veriblock.org/
VERI-CAD,Veritaseum CAD,VERI,CAD,Veritaseum (VERI) is a cryptocurrency and operates on the Ethereum platform.,CCC,http://veritas.veritaseum.com/
VERI-CNY,Veritaseum CNY,VERI,CNY,Veritaseum (VERI) is a cryptocurrency and operates on the Ethereum platform.,CCC,http://veritas.veritaseum.com/
VERI-ETH,Veritaseum ETH,VERI,ETH,Veritaseum (VERI) is a cryptocurrency and operates on the Ethereum platform.,CCC,http://veritas.veritaseum.com/
VERI-EUR,Veritaseum EUR,VERI,EUR,Veritaseum (VERI) is a cryptocurrency and operates on the Ethereum platform.,CCC,http://veritas.veritaseum.com/
VERI-GBP,Veritaseum GBP,VERI,GBP,Veritaseum (VERI) is a cryptocurrency and operates on the Ethereum platform.,CCC,http://veritas.veritaseum.com/
VERI-INR,Veritaseum INR,VERI,INR,Veritaseum (VERI) is a cryptocurrency and operates on the Ethereum platform.,CCC,http://veritas.veritaseum.com/
VERI-JPY,Veritaseum JPY,VERI,JPY,Veritaseum (VERI) is a cryptocurrency and operates on the Ethereum platform.,CCC,http://veritas.veritaseum.com/
VERI-KRW,Veritaseum KRW,VERI,KRW,Veritaseum (VERI) is a cryptocurrency and operates on the Ethereum platform.,CCC,http://veritas.veritaseum.com/
VERI-RUB,Veritaseum RUB,VERI,RUB,Veritaseum (VERI) is a cryptocurrency and operates on the Ethereum platform.,CCC,http://veritas.veritaseum.com/
VERI-USD,Veritaseum USD,VERI,USD,Veritaseum (VERI) is a cryptocurrency and operates on the Ethereum platform.,CCC,http://veritas.veritaseum.com/
VET-AUD,VeChain AUD,VET,AUD,VeChain (VET) is a cryptocurrency.,CCC,https://www.vechain.org/
VET-BTC,VeChain BTC,VET,BTC,VeChain (VET) is a cryptocurrency.,CCC,https://www.vechain.org/
VET-CAD,VeChain CAD,VET,CAD,VeChain (VET) is a cryptocurrency.,CCC,https://www.vechain.org/
VET-CNY,VeChain CNY,VET,CNY,VeChain (VET) is a cryptocurrency.,CCC,https://www.vechain.org/
VET-ETH,VeChain ETH,VET,ETH,VeChain (VET) is a cryptocurrency.,CCC,https://www.vechain.org/
VET-EUR,VeChain EUR,VET,EUR,VeChain (VET) is a cryptocurrency.,CCC,https://www.vechain.org/
VET-GBP,VeChain GBP,VET,GBP,VeChain (VET) is a cryptocurrency.,CCC,https://www.vechain.org/
VET-INR,VeChain INR,VET,INR,VeChain (VET) is a cryptocurrency.,CCC,https://www.vechain.org/
VET-JPY,VeChain JPY,VET,JPY,VeChain (VET) is a cryptocurrency.,CCC,https://www.vechain.org/
VET-KRW,VeChain KRW,VET,KRW,VeChain (VET) is a cryptocurrency.,CCC,https://www.vechain.org/
VET-USD,VeChain USD,VET,USD,VeChain (VET) is a cryptocurrency.,CCC,https://www.vechain.org/
VEX-CAD,Vexanium CAD,VEX,CAD,Vexanium (VEX) is a cryptocurrency.,CCC,https://www.vexanium.com/
VEX-CNY,Vexanium CNY,VEX,CNY,Vexanium (VEX) is a cryptocurrency.,CCC,https://www.vexanium.com/
VEX-ETH,Vexanium ETH,VEX,ETH,Vexanium (VEX) is a cryptocurrency.,CCC,https://www.vexanium.com/
VEX-EUR,Vexanium EUR,VEX,EUR,Vexanium (VEX) is a cryptocurrency.,CCC,https://www.vexanium.com/
VEX-GBP,Vexanium GBP,VEX,GBP,Vexanium (VEX) is a cryptocurrency.,CCC,https://www.vexanium.com/
VEX-INR,Vexanium INR,VEX,INR,Vexanium (VEX) is a cryptocurrency.,CCC,https://www.vexanium.com/
VEX-JPY,Vexanium JPY,VEX,JPY,Vexanium (VEX) is a cryptocurrency.,CCC,https://www.vexanium.com/
VEX-KRW,Vexanium KRW,VEX,KRW,Vexanium (VEX) is a cryptocurrency.,CCC,https://www.vexanium.com/
VEX-RUB,Vexanium RUB,VEX,RUB,Vexanium (VEX) is a cryptocurrency.,CCC,https://www.vexanium.com/
VEX-USD,Vexanium USD,VEX,USD,Vexanium (VEX) is a cryptocurrency.,CCC,https://www.vexanium.com/
VGX-AUD,VoyagerToken AUD,VGX,AUD,Voyager Token (VGX) is a cryptocurrency and operates on the Ethereum platform.,CCC,https://www.investvoyager.com/
VGX-BTC,VoyagerToken BTC,VGX,BTC,Voyager Token (VGX) is a cryptocurrency and operates on the Ethereum platform.,CCC,https://www.investvoyager.com/
VGX-CAD,VoyagerToken CAD,VGX,CAD,Voyager Token (VGX) is a cryptocurrency and operates on the Ethereum platform.,CCC,https://www.investvoyager.com/
VGX-CNY,VoyagerToken CNY,VGX,CNY,Voyager Token (VGX) is a cryptocurrency and operates on the Ethereum platform.,CCC,https://www.investvoyager.com/
VGX-ETH,VoyagerToken ETH,VGX,ETH,Voyager Token (VGX) is a cryptocurrency and operates on the Ethereum platform.,CCC,https://www.investvoyager.com/
VGX-EUR,VoyagerToken EUR,VGX,EUR,Voyager Token (VGX) is a cryptocurrency and operates on the Ethereum platform.,CCC,https://www.investvoyager.com/
VGX-GBP,VoyagerToken GBP,VGX,GBP,Voyager Token (VGX) is a cryptocurrency and operates on the Ethereum platform.,CCC,https://www.investvoyager.com/
VGX-INR,VoyagerToken INR,VGX,INR,Voyager Token (VGX) is a cryptocurrency and operates on the Ethereum platform.,CCC,https://www.investvoyager.com/
VGX-JPY,VoyagerToken JPY,VGX,JPY,Voyager Token (VGX) is a cryptocurrency and operates on the Ethereum platform.,CCC,https://www.investvoyager.com/
VGX-KRW,VoyagerToken KRW,VGX,KRW,Voyager Token (VGX) is a cryptocurrency and operates on the Ethereum platform.,CCC,https://www.investvoyager.com/
VGX-RUB,VoyagerToken RUB,VGX,RUB,Voyager Token (VGX) is a cryptocurrency and operates on the Ethereum platform.,CCC,https://www.investvoyager.com/
VGX-USD,VoyagerToken USD,VGX,USD,Voyager Token (VGX) is a cryptocurrency and operates on the Ethereum platform.,CCC,https://www.investvoyager.com/
VIA-CAD,Viacoin CAD,VIA,CAD,Viacoin (VIA) is a cryptocurrency. Users are able to generate VIA through the process of mining.,CCC,http://viacoin.org
VIA-CNY,Viacoin CNY,VIA,CNY,Viacoin (VIA) is a cryptocurrency. Users are able to generate VIA through the process of mining.,CCC,http://viacoin.org
VIA-ETH,Viacoin ETH,VIA,ETH,Viacoin (VIA) is a cryptocurrency. Users are able to generate VIA through the process of mining.,CCC,http://viacoin.org
VIA-EUR,Viacoin EUR,VIA,EUR,Viacoin (VIA) is a cryptocurrency. Users are able to generate VIA through the process of mining.,CCC,http://viacoin.org
VIA-GBP,Viacoin GBP,VIA,GBP,Viacoin (VIA) is a cryptocurrency. Users are able to generate VIA through the process of mining.,CCC,http://viacoin.org
VIA-INR,Viacoin INR,VIA,INR,Viacoin (VIA) is a cryptocurrency. Users are able to generate VIA through the process of mining.,CCC,http://viacoin.org
VIA-JPY,Viacoin JPY,VIA,JPY,Viacoin (VIA) is a cryptocurrency. Users are able to generate VIA through the process of mining.,CCC,http://viacoin.org
VIA-KRW,Viacoin KRW,VIA,KRW,Viacoin (VIA) is a cryptocurrency. Users are able to generate VIA through the process of mining.,CCC,http://viacoin.org
VIA-RUB,Viacoin RUB,VIA,RUB,Viacoin (VIA) is a cryptocurrency. Users are able to generate VIA through the process of mining.,CCC,http://viacoin.org
VIA-USD,Viacoin USD,VIA,USD,Viacoin (VIA) is a cryptocurrency. Users are able to generate VIA through the process of mining.,CCC,http://viacoin.org
VIN-CAD,VINchain CAD,VIN,CAD,VINchain (VIN) is a cryptocurrency.,CCC,https://vinchain.io/
VIN-CNY,VINchain CNY,VIN,CNY,VINchain (VIN) is a cryptocurrency.,CCC,https://vinchain.io/
VIN-ETH,VINchain ETH,VIN,ETH,VINchain (VIN) is a cryptocurrency.,CCC,https://vinchain.io/
VIN-EUR,VINchain EUR,VIN,EUR,VINchain (VIN) is a cryptocurrency.,CCC,https://vinchain.io/
VIN-GBP,VINchain GBP,VIN,GBP,VINchain (VIN) is a cryptocurrency.,CCC,https://vinchain.io/
VIN-INR,VINchain INR,VIN,INR,VINchain (VIN) is a cryptocurrency.,CCC,https://vinchain.io/
VIN-JPY,VINchain JPY,VIN,JPY,VINchain (VIN) is a cryptocurrency.,CCC,https://vinchain.io/
VIN-KRW,VINchain KRW,VIN,KRW,VINchain (VIN) is a cryptocurrency.,CCC,https://vinchain.io/
VIN-RUB,VINchain RUB,VIN,RUB,VINchain (VIN) is a cryptocurrency.,CCC,https://vinchain.io/
VIN-USD,VINchain USD,VIN,USD,VINchain (VIN) is a cryptocurrency.,CCC,https://vinchain.io/
VITAE-CAD,Vitae CAD,VITAE,CAD,Vitae (VITAE) is a cryptocurrency. Users are able to generate VITAE through the process of mining.,CCC,https://www.vitaetoken.io
VITAE-CNY,Vitae CNY,VITAE,CNY,Vitae (VITAE) is a cryptocurrency. Users are able to generate VITAE through the process of mining.,CCC,https://www.vitaetoken.io
VITAE-ETH,Vitae ETH,VITAE,ETH,Vitae (VITAE) is a cryptocurrency. Users are able to generate VITAE through the process of mining.,CCC,https://www.vitaetoken.io
VITAE-EUR,Vitae EUR,VITAE,EUR,Vitae (VITAE) is a cryptocurrency. Users are able to generate VITAE through the process of mining.,CCC,https://www.vitaetoken.io
VITAE-GBP,Vitae GBP,VITAE,GBP,Vitae (VITAE) is a cryptocurrency. Users are able to generate VITAE through the process of mining.,CCC,https://www.vitaetoken.io
VITAE-INR,Vitae INR,VITAE,INR,Vitae (VITAE) is a cryptocurrency. Users are able to generate VITAE through the process of mining.,CCC,https://www.vitaetoken.io
VITAE-JPY,Vitae JPY,VITAE,JPY,Vitae (VITAE) is a cryptocurrency. Users are able to generate VITAE through the process of mining.,CCC,https://www.vitaetoken.io
VITAE-KRW,Vitae KRW,VITAE,KRW,Vitae (VITAE) is a cryptocurrency. Users are able to generate VITAE through the process of mining.,CCC,https://www.vitaetoken.io
VITAE-RUB,Vitae RUB,VITAE,RUB,Vitae (VITAE) is a cryptocurrency. Users are able to generate VITAE through the process of mining.,CCC,https://www.vitaetoken.io
VITAE-USD,Vitae USD,VITAE,USD,Vitae (VITAE) is a cryptocurrency. Users are able to generate VITAE through the process of mining.,CCC,https://www.vitaetoken.io
VLX-CAD,Velas CAD,VLX,CAD,Velas (VLX) is a cryptocurrency.,CCC,https://www.velas.com/
VLX-CNY,Velas CNY,VLX,CNY,Velas (VLX) is a cryptocurrency.,CCC,https://www.velas.com/
VLX-ETH,Velas ETH,VLX,ETH,Velas (VLX) is a cryptocurrency.,CCC,https://www.velas.com/
VLX-EUR,Velas EUR,VLX,EUR,Velas (VLX) is a cryptocurrency.,CCC,https://www.velas.com/
VLX-GBP,Velas GBP,VLX,GBP,Velas (VLX) is a cryptocurrency.,CCC,https://www.velas.com/
VLX-INR,Velas INR,VLX,INR,Velas (VLX) is a cryptocurrency.,CCC,https://www.velas.com/
VLX-JPY,Velas JPY,VLX,JPY,Velas (VLX) is a cryptocurrency.,CCC,https://www.velas.com/
VLX-KRW,Velas KRW,VLX,KRW,Velas (VLX) is a cryptocurrency.,CCC,https://www.velas.com/
VLX-RUB,Velas RUB,VLX,RUB,Velas (VLX) is a cryptocurrency.,CCC,https://www.velas.com/
VLX-USD,Velas USD,VLX,USD,Velas (VLX) is a cryptocurrency.,CCC,https://www.velas.com/
VRA-AUD,Verasity AUD,VRA,AUD,Verasity (VRA) is a cryptocurrency.,CCC,https://www.verasity.io/
VRA-BTC,Verasity BTC,VRA,BTC,Verasity (VRA) is a cryptocurrency.,CCC,https://www.verasity.io/
VRA-CAD,Verasity CAD,VRA,CAD,Verasity (VRA) is a cryptocurrency.,CCC,https://www.verasity.io/
VRA-CNY,Verasity CNY,VRA,CNY,Verasity (VRA) is a cryptocurrency.,CCC,https://www.verasity.io/
VRA-ETH,Verasity ETH,VRA,ETH,Verasity (VRA) is a cryptocurrency.,CCC,https://www.verasity.io/
VRA-EUR,Verasity EUR,VRA,EUR,Verasity (VRA) is a cryptocurrency.,CCC,https://www.verasity.io/
VRA-GBP,Verasity GBP,VRA,GBP,Verasity (VRA) is a cryptocurrency.,CCC,https://www.verasity.io/
VRA-INR,Verasity INR,VRA,INR,Verasity (VRA) is a cryptocurrency.,CCC,https://www.verasity.io/
VRA-JPY,Verasity JPY,VRA,JPY,Verasity (VRA) is a cryptocurrency.,CCC,https://www.verasity.io/
VRA-KRW,Verasity KRW,VRA,KRW,Verasity (VRA) is a cryptocurrency.,CCC,https://www.verasity.io/
VRA-RUB,Verasity RUB,VRA,RUB,Verasity (VRA) is a cryptocurrency.,CCC,https://www.verasity.io/
VRA-USD,Verasity USD,VRA,USD,Verasity (VRA) is a cryptocurrency.,CCC,https://www.verasity.io/
VSYS-CAD,VSystems CAD,VSYS,CAD,v.systems (VSYS) is a cryptocurrency.,CCC,https://www.v.systems/
VSYS-CNY,VSystems CNY,VSYS,CNY,v.systems (VSYS) is a cryptocurrency.,CCC,https://www.v.systems/
VSYS-ETH,VSystems ETH,VSYS,ETH,v.systems (VSYS) is a cryptocurrency.,CCC,https://www.v.systems/
VSYS-EUR,VSystems EUR,VSYS,EUR,v.systems (VSYS) is a cryptocurrency.,CCC,https://www.v.systems/
VSYS-GBP,VSystems GBP,VSYS,GBP,v.systems (VSYS) is a cryptocurrency.,CCC,https://www.v.systems/
VSYS-INR,VSystems INR,VSYS,INR,v.systems (VSYS) is a cryptocurrency.,CCC,https://www.v.systems/
VSYS-JPY,VSystems JPY,VSYS,JPY,v.systems (VSYS) is a cryptocurrency.,CCC,https://www.v.systems/
VSYS-KRW,VSystems KRW,VSYS,KRW,v.systems (VSYS) is a cryptocurrency.,CCC,https://www.v.systems/
VSYS-RUB,VSystems RUB,VSYS,RUB,v.systems (VSYS) is a cryptocurrency.,CCC,https://www.v.systems/
VSYS-USD,VSystems USD,VSYS,USD,v.systems (VSYS) is a cryptocurrency.,CCC,https://www.v.systems/
VTC-BTC,Vertcoin BTC,VTC,BTC,Vertcoin (VTC) is a cryptocurrency. Users are able to generate VTC through the process of mining.,CCC,http://vertcoin.org/
VTC-CAD,Vertcoin CAD,VTC,CAD,Vertcoin (VTC) is a cryptocurrency. Users are able to generate VTC through the process of mining.,CCC,http://vertcoin.org/
VTC-ETH,Vertcoin ETH,VTC,ETH,Vertcoin (VTC) is a cryptocurrency. Users are able to generate VTC through the process of mining.,CCC,http://vertcoin.org/
VTC-EUR,Vertcoin EUR,VTC,EUR,Vertcoin (VTC) is a cryptocurrency. Users are able to generate VTC through the process of mining.,CCC,http://vertcoin.org/
VTC-GBP,Vertcoin GBP,VTC,GBP,Vertcoin (VTC) is a cryptocurrency. Users are able to generate VTC through the process of mining.,CCC,http://vertcoin.org/
VTC-INR,Vertcoin INR,VTC,INR,Vertcoin (VTC) is a cryptocurrency. Users are able to generate VTC through the process of mining.,CCC,http://vertcoin.org/
VTC-JPY,Vertcoin JPY,VTC,JPY,Vertcoin (VTC) is a cryptocurrency. Users are able to generate VTC through the process of mining.,CCC,http://vertcoin.org/
VTC-KRW,Vertcoin KRW,VTC,KRW,Vertcoin (VTC) is a cryptocurrency. Users are able to generate VTC through the process of mining.,CCC,http://vertcoin.org/
VTC-RUB,Vertcoin RUB,VTC,RUB,Vertcoin (VTC) is a cryptocurrency. Users are able to generate VTC through the process of mining.,CCC,http://vertcoin.org/
VTC-USD,Vertcoin USD,VTC,USD,Vertcoin (VTC) is a cryptocurrency. Users are able to generate VTC through the process of mining.,CCC,http://vertcoin.org/
VTHO-AUD,VeThorToken AUD,VTHO,AUD,VeThor Token (VTHO) is a cryptocurrency.,CCC,https://www.vechain.org/
VTHO-BTC,VeThorToken BTC,VTHO,BTC,VeThor Token (VTHO) is a cryptocurrency.,CCC,https://www.vechain.org/
VTHO-CAD,VeThorToken CAD,VTHO,CAD,VeThor Token (VTHO) is a cryptocurrency.,CCC,https://www.vechain.org/
VTHO-CNY,VeThorToken CNY,VTHO,CNY,VeThor Token (VTHO) is a cryptocurrency.,CCC,https://www.vechain.org/
VTHO-ETH,VeThorToken ETH,VTHO,ETH,VeThor Token (VTHO) is a cryptocurrency.,CCC,https://www.vechain.org/
VTHO-EUR,VeThorToken EUR,VTHO,EUR,VeThor Token (VTHO) is a cryptocurrency.,CCC,https://www.vechain.org/
VTHO-GBP,VeThorToken GBP,VTHO,GBP,VeThor Token (VTHO) is a cryptocurrency.,CCC,https://www.vechain.org/
VTHO-INR,VeThorToken INR,VTHO,INR,VeThor Token (VTHO) is a cryptocurrency.,CCC,https://www.vechain.org/
VTHO-JPY,VeThorToken JPY,VTHO,JPY,VeThor Token (VTHO) is a cryptocurrency.,CCC,https://www.vechain.org/
VTHO-KRW,VeThorToken KRW,VTHO,KRW,VeThor Token (VTHO) is a cryptocurrency.,CCC,https://www.vechain.org/
VTHO-RUB,VeThorToken RUB,VTHO,RUB,VeThor Token (VTHO) is a cryptocurrency.,CCC,https://www.vechain.org/
VTHO-USD,VeThorToken USD,VTHO,USD,VeThor Token (VTHO) is a cryptocurrency.,CCC,https://www.vechain.org/
WABI-CAD,Tael CAD,WABI,CAD,Wabi (WABI) is a cryptocurrency and operates on the Ethereum platform.,CCC,https://wabi.io
WABI-CNY,Tael CNY,WABI,CNY,Wabi (WABI) is a cryptocurrency and operates on the Ethereum platform.,CCC,https://wabi.io
WABI-ETH,Tael ETH,WABI,ETH,Wabi (WABI) is a cryptocurrency and operates on the Ethereum platform.,CCC,https://wabi.io
WABI-EUR,Tael EUR,WABI,EUR,Wabi (WABI) is a cryptocurrency and operates on the Ethereum platform.,CCC,https://wabi.io
WABI-GBP,Tael GBP,WABI,GBP,Wabi (WABI) is a cryptocurrency and operates on the Ethereum platform.,CCC,https://wabi.io
WABI-INR,Tael INR,WABI,INR,Wabi (WABI) is a cryptocurrency and operates on the Ethereum platform.,CCC,https://wabi.io
WABI-JPY,Tael JPY,WABI,JPY,Wabi (WABI) is a cryptocurrency and operates on the Ethereum platform.,CCC,https://wabi.io
WABI-KRW,Tael KRW,WABI,KRW,Wabi (WABI) is a cryptocurrency and operates on the Ethereum platform.,CCC,https://wabi.io
WABI-RUB,Tael RUB,WABI,RUB,Wabi (WABI) is a cryptocurrency and operates on the Ethereum platform.,CCC,https://wabi.io
WABI-USD,Tael USD,WABI,USD,Wabi (WABI) is a cryptocurrency and operates on the Ethereum platform.,CCC,https://wabi.io
WAN-CAD,Wanchain CAD,WAN,CAD,Wanchain (WAN) is a cryptocurrency.,CCC,https://wanchain.org/
WAN-CNY,Wanchain CNY,WAN,CNY,Wanchain (WAN) is a cryptocurrency.,CCC,https://wanchain.org/
WAN-ETH,Wanchain ETH,WAN,ETH,Wanchain (WAN) is a cryptocurrency.,CCC,https://wanchain.org/
WAN-EUR,Wanchain EUR,WAN,EUR,Wanchain (WAN) is a cryptocurrency.,CCC,https://wanchain.org/
WAN-GBP,Wanchain GBP,WAN,GBP,Wanchain (WAN) is a cryptocurrency.,CCC,https://wanchain.org/
WAN-INR,Wanchain INR,WAN,INR,Wanchain (WAN) is a cryptocurrency.,CCC,https://wanchain.org/
WAN-JPY,Wanchain JPY,WAN,JPY,Wanchain (WAN) is a cryptocurrency.,CCC,https://wanchain.org/
WAN-KRW,Wanchain KRW,WAN,KRW,Wanchain (WAN) is a cryptocurrency.,CCC,https://wanchain.org/
WAN-RUB,Wanchain RUB,WAN,RUB,Wanchain (WAN) is a cryptocurrency.,CCC,https://wanchain.org/
WAN-USD,Wanchain USD,WAN,USD,Wanchain (WAN) is a cryptocurrency.,CCC,https://wanchain.org/
WAVES-BTC,Waves BTC,WAVES,BTC,Waves (WAVES) is a cryptocurrency.,CCC,https://waves.tech/
WAVES-EUR,Waves EUR,WAVES,EUR,Waves (WAVES) is a cryptocurrency.,CCC,https://waves.tech/
WAVES-INR,Waves INR,WAVES,INR,Waves (WAVES) is a cryptocurrency.,CCC,https://waves.tech/
WAVES-RUB,Waves RUB,WAVES,RUB,Waves (WAVES) is a cryptocurrency.,CCC,https://waves.tech/
WAVES-USD,Waves USD,WAVES,USD,Waves (WAVES) is a cryptocurrency.,CCC,https://waves.tech/
WAXP-CAD,WAX CAD,WAXP,CAD,WAX (WAXP) is a cryptocurrency.,CCC,https://wax.io/
WAXP-CNY,WAX CNY,WAXP,CNY,WAX (WAXP) is a cryptocurrency.,CCC,https://wax.io/
WAXP-ETH,WAX ETH,WAXP,ETH,WAX (WAXP) is a cryptocurrency.,CCC,https://wax.io/
WAXP-EUR,WAX EUR,WAXP,EUR,WAX (WAXP) is a cryptocurrency.,CCC,https://wax.io/
WAXP-GBP,WAX GBP,WAXP,GBP,WAX (WAXP) is a cryptocurrency.,CCC,https://wax.io/
WAXP-INR,WAX INR,WAXP,INR,WAX (WAXP) is a cryptocurrency.,CCC,https://wax.io/
WAXP-JPY,WAX JPY,WAXP,JPY,WAX (WAXP) is a cryptocurrency.,CCC,https://wax.io/
WAXP-KRW,WAX KRW,WAXP,KRW,WAX (WAXP) is a cryptocurrency.,CCC,https://wax.io/
WAXP-RUB,WAX RUB,WAXP,RUB,WAX (WAXP) is a cryptocurrency.,CCC,https://wax.io/
WAXP-USD,WAX USD,WAXP,USD,WAX (WAXP) is a cryptocurrency.,CCC,https://wax.io/
WGR-CAD,Wagerr CAD,WGR,CAD,Wagerr (WGR) is a cryptocurrency.,CCC,https://www.wagerr.com/
WGR-CNY,Wagerr CNY,WGR,CNY,Wagerr (WGR) is a cryptocurrency.,CCC,https://www.wagerr.com/
WGR-ETH,Wagerr ETH,WGR,ETH,Wagerr (WGR) is a cryptocurrency.,CCC,https://www.wagerr.com/
WGR-EUR,Wagerr EUR,WGR,EUR,Wagerr (WGR) is a cryptocurrency.,CCC,https://www.wagerr.com/
WGR-GBP,Wagerr GBP,WGR,GBP,Wagerr (WGR) is a cryptocurrency.,CCC,https://www.wagerr.com/
WGR-INR,Wagerr INR,WGR,INR,Wagerr (WGR) is a cryptocurrency.,CCC,https://www.wagerr.com/
WGR-JPY,Wagerr JPY,WGR,JPY,Wagerr (WGR) is a cryptocurrency.,CCC,https://www.wagerr.com/
WGR-KRW,Wagerr KRW,WGR,KRW,Wagerr (WGR) is a cryptocurrency.,CCC,https://www.wagerr.com/
WGR-RUB,Wagerr RUB,WGR,RUB,Wagerr (WGR) is a cryptocurrency.,CCC,https://www.wagerr.com/
WGR-USD,Wagerr USD,WGR,USD,Wagerr (WGR) is a cryptocurrency.,CCC,https://www.wagerr.com/
WICC-CAD,WaykiChain CAD,WICC,CAD,WaykiChain (WICC) is a cryptocurrency.,CCC,http://waykichain.com/
WICC-CNY,WaykiChain CNY,WICC,CNY,WaykiChain (WICC) is a cryptocurrency.,CCC,http://waykichain.com/
WICC-ETH,WaykiChain ETH,WICC,ETH,WaykiChain (WICC) is a cryptocurrency.,CCC,http://waykichain.com/
WICC-EUR,WaykiChain EUR,WICC,EUR,WaykiChain (WICC) is a cryptocurrency.,CCC,http://waykichain.com/
WICC-GBP,WaykiChain GBP,WICC,GBP,WaykiChain (WICC) is a cryptocurrency.,CCC,http://waykichain.com/
WICC-INR,WaykiChain INR,WICC,INR,WaykiChain (WICC) is a cryptocurrency.,CCC,http://waykichain.com/
WICC-JPY,WaykiChain JPY,WICC,JPY,WaykiChain (WICC) is a cryptocurrency.,CCC,http://waykichain.com/
WICC-KRW,WaykiChain KRW,WICC,KRW,WaykiChain (WICC) is a cryptocurrency.,CCC,http://waykichain.com/
WICC-RUB,WaykiChain RUB,WICC,RUB,WaykiChain (WICC) is a cryptocurrency.,CCC,http://waykichain.com/
WICC-USD,WaykiChain USD,WICC,USD,WaykiChain (WICC) is a cryptocurrency.,CCC,http://waykichain.com/
WINGS-AUD,Wings AUD,WINGS,AUD,Wings (WINGS) is a cryptocurrency and operates on the Ethereum platform.,CCC,https://wings.ai/
WINGS-CNY,Wings CNY,WINGS,CNY,Wings (WINGS) is a cryptocurrency and operates on the Ethereum platform.,CCC,https://wings.ai/
WINGS-EUR,Wings EUR,WINGS,EUR,Wings (WINGS) is a cryptocurrency and operates on the Ethereum platform.,CCC,https://wings.ai/
WINGS-GBP,Wings GBP,WINGS,GBP,Wings (WINGS) is a cryptocurrency and operates on the Ethereum platform.,CCC,https://wings.ai/
WINGS-INR,Wings INR,WINGS,INR,Wings (WINGS) is a cryptocurrency and operates on the Ethereum platform.,CCC,https://wings.ai/
WINGS-JPY,Wings JPY,WINGS,JPY,Wings (WINGS) is a cryptocurrency and operates on the Ethereum platform.,CCC,https://wings.ai/
WINGS-USD,Wings USD,WINGS,USD,Wings (WINGS) is a cryptocurrency and operates on the Ethereum platform.,CCC,https://wings.ai/
WOZX-CAD,EFFORCE CAD,WOZX,CAD,EFFORCE (WOZX) is a cryptocurrency and operates on the Ethereum platform.,CCC,https://www.efforce.io
WOZX-CNY,EFFORCE CNY,WOZX,CNY,EFFORCE (WOZX) is a cryptocurrency and operates on the Ethereum platform.,CCC,https://www.efforce.io
WOZX-ETH,EFFORCE ETH,WOZX,ETH,EFFORCE (WOZX) is a cryptocurrency and operates on the Ethereum platform.,CCC,https://www.efforce.io
WOZX-EUR,EFFORCE EUR,WOZX,EUR,EFFORCE (WOZX) is a cryptocurrency and operates on the Ethereum platform.,CCC,https://www.efforce.io
WOZX-GBP,EFFORCE GBP,WOZX,GBP,EFFORCE (WOZX) is a cryptocurrency and operates on the Ethereum platform.,CCC,https://www.efforce.io
WOZX-INR,EFFORCE INR,WOZX,INR,EFFORCE (WOZX) is a cryptocurrency and operates on the Ethereum platform.,CCC,https://www.efforce.io
WOZX-JPY,EFFORCE JPY,WOZX,JPY,EFFORCE (WOZX) is a cryptocurrency and operates on the Ethereum platform.,CCC,https://www.efforce.io
WOZX-KRW,EFFORCE KRW,WOZX,KRW,EFFORCE (WOZX) is a cryptocurrency and operates on the Ethereum platform.,CCC,https://www.efforce.io
WOZX-RUB,EFFORCE RUB,WOZX,RUB,EFFORCE (WOZX) is a cryptocurrency and operates on the Ethereum platform.,CCC,https://www.efforce.io
WOZX-USD,EFFORCE USD,WOZX,USD,EFFORCE (WOZX) is a cryptocurrency and operates on the Ethereum platform.,CCC,https://www.efforce.io
WTC-AUD,Waltonchain AUD,WTC,AUD,Waltonchain (WTC) is a cryptocurrency and operates on the Ethereum platform.,CCC,http://www.waltonchain.org/
WTC-BTC,Waltonchain BTC,WTC,BTC,Waltonchain (WTC) is a cryptocurrency and operates on the Ethereum platform.,CCC,http://www.waltonchain.org/
WTC-CAD,Waltonchain CAD,WTC,CAD,Waltonchain (WTC) is a cryptocurrency and operates on the Ethereum platform.,CCC,http://www.waltonchain.org/
WTC-CNY,Waltonchain CNY,WTC,CNY,Waltonchain (WTC) is a cryptocurrency and operates on the Ethereum platform.,CCC,http://www.waltonchain.org/
WTC-ETH,Waltonchain ETH,WTC,ETH,Waltonchain (WTC) is a cryptocurrency and operates on the Ethereum platform.,CCC,http://www.waltonchain.org/
WTC-EUR,Waltonchain EUR,WTC,EUR,Waltonchain (WTC) is a cryptocurrency and operates on the Ethereum platform.,CCC,http://www.waltonchain.org/
WTC-GBP,Waltonchain GBP,WTC,GBP,Waltonchain (WTC) is a cryptocurrency and operates on the Ethereum platform.,CCC,http://www.waltonchain.org/
WTC-JPY,Waltonchain JPY,WTC,JPY,Waltonchain (WTC) is a cryptocurrency and operates on the Ethereum platform.,CCC,http://www.waltonchain.org/
WTC-KRW,Waltonchain KRW,WTC,KRW,Waltonchain (WTC) is a cryptocurrency and operates on the Ethereum platform.,CCC,http://www.waltonchain.org/
WTC-USD,Waltonchain USD,WTC,USD,Waltonchain (WTC) is a cryptocurrency and operates on the Ethereum platform.,CCC,http://www.waltonchain.org/
XAS-CAD,Asch CAD,XAS,CAD,Asch (XAS) is a cryptocurrency.,CCC,https://www.asch.io/
XAS-CNY,Asch CNY,XAS,CNY,Asch (XAS) is a cryptocurrency.,CCC,https://www.asch.io/
XAS-ETH,Asch ETH,XAS,ETH,Asch (XAS) is a cryptocurrency.,CCC,https://www.asch.io/
XAS-EUR,Asch EUR,XAS,EUR,Asch (XAS) is a cryptocurrency.,CCC,https://www.asch.io/
XAS-GBP,Asch GBP,XAS,GBP,Asch (XAS) is a cryptocurrency.,CCC,https://www.asch.io/
XAS-INR,Asch INR,XAS,INR,Asch (XAS) is a cryptocurrency.,CCC,https://www.asch.io/
XAS-JPY,Asch JPY,XAS,JPY,Asch (XAS) is a cryptocurrency.,CCC,https://www.asch.io/
XAS-KRW,Asch KRW,XAS,KRW,Asch (XAS) is a cryptocurrency.,CCC,https://www.asch.io/
XAS-RUB,Asch RUB,XAS,RUB,Asch (XAS) is a cryptocurrency.,CCC,https://www.asch.io/
XAS-USD,Asch USD,XAS,USD,Asch (XAS) is a cryptocurrency.,CCC,https://www.asch.io/
XBY-CAD,XTRABYTES CAD,XBY,CAD,XTRABYTES (XBY) is a cryptocurrency.,CCC,https://www.xtrabytes.global/
XBY-CNY,XTRABYTES CNY,XBY,CNY,XTRABYTES (XBY) is a cryptocurrency.,CCC,https://www.xtrabytes.global/
XBY-ETH,XTRABYTES ETH,XBY,ETH,XTRABYTES (XBY) is a cryptocurrency.,CCC,https://www.xtrabytes.global/
XBY-EUR,XTRABYTES EUR,XBY,EUR,XTRABYTES (XBY) is a cryptocurrency.,CCC,https://www.xtrabytes.global/
XBY-GBP,XTRABYTES GBP,XBY,GBP,XTRABYTES (XBY) is a cryptocurrency.,CCC,https://www.xtrabytes.global/
XBY-INR,XTRABYTES INR,XBY,INR,XTRABYTES (XBY) is a cryptocurrency.,CCC,https://www.xtrabytes.global/
XBY-JPY,XTRABYTES JPY,XBY,JPY,XTRABYTES (XBY) is a cryptocurrency.,CCC,https://www.xtrabytes.global/
XBY-KRW,XTRABYTES KRW,XBY,KRW,XTRABYTES (XBY) is a cryptocurrency.,CCC,https://www.xtrabytes.global/
XBY-RUB,XTRABYTES RUB,XBY,RUB,XTRABYTES (XBY) is a cryptocurrency.,CCC,https://www.xtrabytes.global/
XBY-USD,XTRABYTES USD,XBY,USD,XTRABYTES (XBY) is a cryptocurrency.,CCC,https://www.xtrabytes.global/
XCP-BTC,Counterparty BTC,XCP,BTC,Counterparty (XCP) is a cryptocurrency.,CCC,http://counterparty.io/
XCP-CAD,Counterparty CAD,XCP,CAD,Counterparty (XCP) is a cryptocurrency.,CCC,http://counterparty.io/
XCP-CNY,Counterparty CNY,XCP,CNY,Counterparty (XCP) is a cryptocurrency.,CCC,http://counterparty.io/
XCP-ETH,Counterparty ETH,XCP,ETH,Counterparty (XCP) is a cryptocurrency.,CCC,http://counterparty.io/
XCP-EUR,Counterparty EUR,XCP,EUR,Counterparty (XCP) is a cryptocurrency.,CCC,http://counterparty.io/
XCP-GBP,Counterparty GBP,XCP,GBP,Counterparty (XCP) is a cryptocurrency.,CCC,http://counterparty.io/
XCP-INR,Counterparty INR,XCP,INR,Counterparty (XCP) is a cryptocurrency.,CCC,http://counterparty.io/
XCP-JPY,Counterparty JPY,XCP,JPY,Counterparty (XCP) is a cryptocurrency.,CCC,http://counterparty.io/
XCP-KRW,Counterparty KRW,XCP,KRW,Counterparty (XCP) is a cryptocurrency.,CCC,http://counterparty.io/
XCP-USD,Counterparty USD,XCP,USD,Counterparty (XCP) is a cryptocurrency.,CCC,http://counterparty.io/
XDC-AUD,XinFinNetwork AUD,XDC,AUD,XinFin Network (XDC) is a cryptocurrency.,CCC,https://xinfin.org/
XDC-CAD,XinFinNetwork CAD,XDC,CAD,XinFin Network (XDC) is a cryptocurrency.,CCC,https://xinfin.org/
XDC-CNY,XinFinNetwork CNY,XDC,CNY,XinFin Network (XDC) is a cryptocurrency.,CCC,https://xinfin.org/
XDC-ETH,XinFinNetwork ETH,XDC,ETH,XinFin Network (XDC) is a cryptocurrency.,CCC,https://xinfin.org/
XDC-EUR,XinFinNetwork EUR,XDC,EUR,XinFin Network (XDC) is a cryptocurrency.,CCC,https://xinfin.org/
XDC-GBP,XinFinNetwork GBP,XDC,GBP,XinFin Network (XDC) is a cryptocurrency.,CCC,https://xinfin.org/
XDC-INR,XinFinNetwork INR,XDC,INR,XinFin Network (XDC) is a cryptocurrency.,CCC,https://xinfin.org/
XDC-JPY,XinFinNetwork JPY,XDC,JPY,XinFin Network (XDC) is a cryptocurrency.,CCC,https://xinfin.org/
XDC-KRW,XinFinNetwork KRW,XDC,KRW,XinFin Network (XDC) is a cryptocurrency.,CCC,https://xinfin.org/
XDC-RUB,XinFinNetwork RUB,XDC,RUB,XinFin Network (XDC) is a cryptocurrency.,CCC,https://xinfin.org/
XDC-USD,XinFinNetwork USD,XDC,USD,XinFin Network (XDC) is a cryptocurrency.,CCC,https://xinfin.org/
XDN-BTC,DigitalNote BTC,XDN,BTC,DigitalNote (XDN) is a cryptocurrency. Users are able to generate XDN through the process of mining.,CCC,https://digitalnote.org/
XDN-CAD,DigitalNote CAD,XDN,CAD,DigitalNote (XDN) is a cryptocurrency. Users are able to generate XDN through the process of mining.,CCC,https://digitalnote.org/
XDN-CNY,DigitalNote CNY,XDN,CNY,DigitalNote (XDN) is a cryptocurrency. Users are able to generate XDN through the process of mining.,CCC,https://digitalnote.org/
XDN-ETH,DigitalNote ETH,XDN,ETH,DigitalNote (XDN) is a cryptocurrency. Users are able to generate XDN through the process of mining.,CCC,https://digitalnote.org/
XDN-EUR,DigitalNote EUR,XDN,EUR,DigitalNote (XDN) is a cryptocurrency. Users are able to generate XDN through the process of mining.,CCC,https://digitalnote.org/
XDN-GBP,DigitalNote GBP,XDN,GBP,DigitalNote (XDN) is a cryptocurrency. Users are able to generate XDN through the process of mining.,CCC,https://digitalnote.org/
XDN-INR,DigitalNote INR,XDN,INR,DigitalNote (XDN) is a cryptocurrency. Users are able to generate XDN through the process of mining.,CCC,https://digitalnote.org/
XDN-JPY,DigitalNote JPY,XDN,JPY,DigitalNote (XDN) is a cryptocurrency. Users are able to generate XDN through the process of mining.,CCC,https://digitalnote.org/
XDN-KRW,DigitalNote KRW,XDN,KRW,DigitalNote (XDN) is a cryptocurrency. Users are able to generate XDN through the process of mining.,CCC,https://digitalnote.org/
XDN-RUB,DigitalNote RUB,XDN,RUB,DigitalNote (XDN) is a cryptocurrency. Users are able to generate XDN through the process of mining.,CCC,https://digitalnote.org/
XDN-USD,DigitalNote USD,XDN,USD,DigitalNote (XDN) is a cryptocurrency. Users are able to generate XDN through the process of mining.,CCC,https://digitalnote.org/
XEM-JPY,NEM JPY,XEM,JPY,NEM (XEM) is a cryptocurrency.,CCC,http://nem.io
XEM-RUB,NEM RUB,XEM,RUB,NEM (XEM) is a cryptocurrency.,CCC,http://nem.io
XEM-USD,NEM USD,XEM,USD,NEM (XEM) is a cryptocurrency.,CCC,http://nem.io
XHV-BTC,HavenProtocol BTC,XHV,BTC,Haven Protocol (XHV) is a cryptocurrency.,CCC,https://havenprotocol.org/
XHV-CAD,HavenProtocol CAD,XHV,CAD,Haven Protocol (XHV) is a cryptocurrency.,CCC,https://havenprotocol.org/
XHV-CNY,HavenProtocol CNY,XHV,CNY,Haven Protocol (XHV) is a cryptocurrency.,CCC,https://havenprotocol.org/
XHV-ETH,HavenProtocol ETH,XHV,ETH,Haven Protocol (XHV) is a cryptocurrency.,CCC,https://havenprotocol.org/
XHV-EUR,HavenProtocol EUR,XHV,EUR,Haven Protocol (XHV) is a cryptocurrency.,CCC,https://havenprotocol.org/
XHV-GBP,HavenProtocol GBP,XHV,GBP,Haven Protocol (XHV) is a cryptocurrency.,CCC,https://havenprotocol.org/
XHV-INR,HavenProtocol INR,XHV,INR,Haven Protocol (XHV) is a cryptocurrency.,CCC,https://havenprotocol.org/
XHV-JPY,HavenProtocol JPY,XHV,JPY,Haven Protocol (XHV) is a cryptocurrency.,CCC,https://havenprotocol.org/
XHV-KRW,HavenProtocol KRW,XHV,KRW,Haven Protocol (XHV) is a cryptocurrency.,CCC,https://havenprotocol.org/
XHV-RUB,HavenProtocol RUB,XHV,RUB,Haven Protocol (XHV) is a cryptocurrency.,CCC,https://havenprotocol.org/
XHV-USD,HavenProtocol USD,XHV,USD,Haven Protocol (XHV) is a cryptocurrency.,CCC,https://havenprotocol.org/
XLM-BTC,Stellar BTC,XLM,BTC,Stellar (XLM) is a cryptocurrency.,CCC,https://www.stellar.org
XLM-CNY,Stellar CNY,XLM,CNY,Stellar (XLM) is a cryptocurrency.,CCC,https://www.stellar.org
XLM-EUR,Stellar EUR,XLM,EUR,Stellar (XLM) is a cryptocurrency.,CCC,https://www.stellar.org
XLM-GBP,Stellar GBP,XLM,GBP,Stellar (XLM) is a cryptocurrency.,CCC,https://www.stellar.org
XLM-JPY,Stellar JPY,XLM,JPY,Stellar (XLM) is a cryptocurrency.,CCC,https://www.stellar.org
XLM-USD,Stellar USD,XLM,USD,Stellar (XLM) is a cryptocurrency.,CCC,https://www.stellar.org
XLQ-CAD,ALQO CAD,XLQ,CAD,EONS (EONS) is a cryptocurrency.,CCC,https://eons.finance
XLQ-CNY,ALQO CNY,XLQ,CNY,EONS (EONS) is a cryptocurrency.,CCC,https://eons.finance
XLQ-ETH,ALQO ETH,XLQ,ETH,EONS (EONS) is a cryptocurrency.,CCC,https://eons.finance
XLQ-EUR,ALQO EUR,XLQ,EUR,EONS (EONS) is a cryptocurrency.,CCC,https://eons.finance
XLQ-GBP,ALQO GBP,XLQ,GBP,EONS (EONS) is a cryptocurrency.,CCC,https://eons.finance
XLQ-INR,ALQO INR,XLQ,INR,EONS (EONS) is a cryptocurrency.,CCC,https://eons.finance
XLQ-JPY,ALQO JPY,XLQ,JPY,EONS (EONS) is a cryptocurrency.,CCC,https://eons.finance
XLQ-KRW,ALQO KRW,XLQ,KRW,EONS (EONS) is a cryptocurrency.,CCC,https://eons.finance
XLQ-RUB,ALQO RUB,XLQ,RUB,EONS (EONS) is a cryptocurrency.,CCC,https://eons.finance
XLQ-USD,ALQO USD,XLQ,USD,EONS (EONS) is a cryptocurrency.,CCC,https://eons.finance
XLT-CAD,Nexalt CAD,XLT,CAD,Nexalt (XLT) is a cryptocurrency.,CCC,https://nexalt.org/
XLT-CNY,Nexalt CNY,XLT,CNY,Nexalt (XLT) is a cryptocurrency.,CCC,https://nexalt.org/
XLT-ETH,Nexalt ETH,XLT,ETH,Nexalt (XLT) is a cryptocurrency.,CCC,https://nexalt.org/
XLT-EUR,Nexalt EUR,XLT,EUR,Nexalt (XLT) is a cryptocurrency.,CCC,https://nexalt.org/
XLT-GBP,Nexalt GBP,XLT,GBP,Nexalt (XLT) is a cryptocurrency.,CCC,https://nexalt.org/
XLT-INR,Nexalt INR,XLT,INR,Nexalt (XLT) is a cryptocurrency.,CCC,https://nexalt.org/
XLT-JPY,Nexalt JPY,XLT,JPY,Nexalt (XLT) is a cryptocurrency.,CCC,https://nexalt.org/
XLT-KRW,Nexalt KRW,XLT,KRW,Nexalt (XLT) is a cryptocurrency.,CCC,https://nexalt.org/
XLT-RUB,Nexalt RUB,XLT,RUB,Nexalt (XLT) is a cryptocurrency.,CCC,https://nexalt.org/
XLT-USD,Nexalt USD,XLT,USD,Nexalt (XLT) is a cryptocurrency.,CCC,https://nexalt.org/
XMC-BTC,MoneroClassic BTC,XMC,BTC,Monero Classic (XMC) is a cryptocurrency.,CCC,http://monero-classic.org/
XMC-CAD,MoneroClassic CAD,XMC,CAD,Monero Classic (XMC) is a cryptocurrency.,CCC,http://monero-classic.org/
XMC-CNY,MoneroClassic CNY,XMC,CNY,Monero Classic (XMC) is a cryptocurrency.,CCC,http://monero-classic.org/
XMC-ETH,MoneroClassic ETH,XMC,ETH,Monero Classic (XMC) is a cryptocurrency.,CCC,http://monero-classic.org/
XMC-EUR,MoneroClassic EUR,XMC,EUR,Monero Classic (XMC) is a cryptocurrency.,CCC,http://monero-classic.org/
XMC-GBP,MoneroClassic GBP,XMC,GBP,Monero Classic (XMC) is a cryptocurrency.,CCC,http://monero-classic.org/
XMC-INR,MoneroClassic INR,XMC,INR,Monero Classic (XMC) is a cryptocurrency.,CCC,http://monero-classic.org/
XMC-JPY,MoneroClassic JPY,XMC,JPY,Monero Classic (XMC) is a cryptocurrency.,CCC,http://monero-classic.org/
XMC-KRW,MoneroClassic KRW,XMC,KRW,Monero Classic (XMC) is a cryptocurrency.,CCC,http://monero-classic.org/
XMC-RUB,MoneroClassic RUB,XMC,RUB,Monero Classic (XMC) is a cryptocurrency.,CCC,http://monero-classic.org/
XMC-USD,MoneroClassic USD,XMC,USD,Monero Classic (XMC) is a cryptocurrency.,CCC,http://monero-classic.org/
XMR-AUD,Monero AUD,XMR,AUD,Monero (XMR) is a cryptocurrency. Users are able to generate XMR through the process of mining.,CCC,https://www.getmonero.org/
XMR-CNY,Monero CNY,XMR,CNY,Monero (XMR) is a cryptocurrency. Users are able to generate XMR through the process of mining.,CCC,https://www.getmonero.org/
XMR-ETH,Monero ETH,XMR,ETH,Monero (XMR) is a cryptocurrency. Users are able to generate XMR through the process of mining.,CCC,https://www.getmonero.org/
XMR-EUR,Monero EUR,XMR,EUR,Monero (XMR) is a cryptocurrency. Users are able to generate XMR through the process of mining.,CCC,https://www.getmonero.org/
XMR-GBP,Monero GBP,XMR,GBP,Monero (XMR) is a cryptocurrency. Users are able to generate XMR through the process of mining.,CCC,https://www.getmonero.org/
XMR-INR,Monero INR,XMR,INR,Monero (XMR) is a cryptocurrency. Users are able to generate XMR through the process of mining.,CCC,https://www.getmonero.org/
XMR-JPY,Monero JPY,XMR,JPY,Monero (XMR) is a cryptocurrency. Users are able to generate XMR through the process of mining.,CCC,https://www.getmonero.org/
XMR-KRW,Monero KRW,XMR,KRW,Monero (XMR) is a cryptocurrency. Users are able to generate XMR through the process of mining.,CCC,https://www.getmonero.org/
XMR-RUB,Monero RUB,XMR,RUB,Monero (XMR) is a cryptocurrency. Users are able to generate XMR through the process of mining.,CCC,https://www.getmonero.org/
XMR-USD,Monero USD,XMR,USD,Monero (XMR) is a cryptocurrency. Users are able to generate XMR through the process of mining.,CCC,https://www.getmonero.org/
XMY-KRW,Myriad KRW,XMY,KRW,Myriad (XMY) is a cryptocurrency. Users are able to generate XMY through the process of mining.,CCC,http://myriadcoin.org/
XMY-RUB,Myriad RUB,XMY,RUB,Myriad (XMY) is a cryptocurrency. Users are able to generate XMY through the process of mining.,CCC,http://myriadcoin.org/
XMY-USD,Myriad USD,XMY,USD,Myriad (XMY) is a cryptocurrency. Users are able to generate XMY through the process of mining.,CCC,http://myriadcoin.org/
XNC-CAD,XeniosCoin CAD,XNC,CAD,XeniosCoin (XNC) is a cryptocurrency.,CCC,https://xenioscoin.com
XNC-CNY,XeniosCoin CNY,XNC,CNY,XeniosCoin (XNC) is a cryptocurrency.,CCC,https://xenioscoin.com
XNC-ETH,XeniosCoin ETH,XNC,ETH,XeniosCoin (XNC) is a cryptocurrency.,CCC,https://xenioscoin.com
XNC-EUR,XeniosCoin EUR,XNC,EUR,XeniosCoin (XNC) is a cryptocurrency.,CCC,https://xenioscoin.com
XNC-GBP,XeniosCoin GBP,XNC,GBP,XeniosCoin (XNC) is a cryptocurrency.,CCC,https://xenioscoin.com
XNC-INR,XeniosCoin INR,XNC,INR,XeniosCoin (XNC) is a cryptocurrency.,CCC,https://xenioscoin.com
XNC-JPY,XeniosCoin JPY,XNC,JPY,XeniosCoin (XNC) is a cryptocurrency.,CCC,https://xenioscoin.com
XNC-KRW,XeniosCoin KRW,XNC,KRW,XeniosCoin (XNC) is a cryptocurrency.,CCC,https://xenioscoin.com
XNC-RUB,XeniosCoin RUB,XNC,RUB,XeniosCoin (XNC) is a cryptocurrency.,CCC,https://xenioscoin.com
XNC-USD,XeniosCoin USD,XNC,USD,XeniosCoin (XNC) is a cryptocurrency.,CCC,https://xenioscoin.com
XNS1-BTC,Insolar BTC,XNS1,BTC,Insolar (XNS) is a cryptocurrency launched in 2020.,CCC,https://xns.insolar.io
XNS1-CAD,Insolar CAD,XNS1,CAD,Insolar (XNS) is a cryptocurrency launched in 2020.,CCC,https://xns.insolar.io
XNS1-CNY,Insolar CNY,XNS1,CNY,Insolar (XNS) is a cryptocurrency launched in 2020.,CCC,https://xns.insolar.io
XNS1-ETH,Insolar ETH,XNS1,ETH,Insolar (XNS) is a cryptocurrency launched in 2020.,CCC,https://xns.insolar.io
XNS1-EUR,Insolar EUR,XNS1,EUR,Insolar (XNS) is a cryptocurrency launched in 2020.,CCC,https://xns.insolar.io
XNS1-GBP,Insolar GBP,XNS1,GBP,Insolar (XNS) is a cryptocurrency launched in 2020.,CCC,https://xns.insolar.io
XNS1-INR,Insolar INR,XNS1,INR,Insolar (XNS) is a cryptocurrency launched in 2020.,CCC,https://xns.insolar.io
XNS1-JPY,Insolar JPY,XNS1,JPY,Insolar (XNS) is a cryptocurrency launched in 2020.,CCC,https://xns.insolar.io
XNS1-KRW,Insolar KRW,XNS1,KRW,Insolar (XNS) is a cryptocurrency launched in 2020.,CCC,https://xns.insolar.io
XNS1-RUB,Insolar RUB,XNS1,RUB,Insolar (XNS) is a cryptocurrency launched in 2020.,CCC,https://xns.insolar.io
XRC-AUD,BitcoinRhodium AUD,XRC,AUD,xRhodium (XRC) is a cryptocurrency. Users are able to generate XRC through the process of mining.,CCC,https://www.xrhodium.org
XRC-BTC,BitcoinRhodium BTC,XRC,BTC,xRhodium (XRC) is a cryptocurrency. Users are able to generate XRC through the process of mining.,CCC,https://www.xrhodium.org
XRC-CAD,BitcoinRhodium CAD,XRC,CAD,xRhodium (XRC) is a cryptocurrency. Users are able to generate XRC through the process of mining.,CCC,https://www.xrhodium.org
XRC-CNY,BitcoinRhodium CNY,XRC,CNY,xRhodium (XRC) is a cryptocurrency. Users are able to generate XRC through the process of mining.,CCC,https://www.xrhodium.org
XRC-ETH,BitcoinRhodium ETH,XRC,ETH,xRhodium (XRC) is a cryptocurrency. Users are able to generate XRC through the process of mining.,CCC,https://www.xrhodium.org
XRC-EUR,BitcoinRhodium EUR,XRC,EUR,xRhodium (XRC) is a cryptocurrency. Users are able to generate XRC through the process of mining.,CCC,https://www.xrhodium.org
XRC-GBP,BitcoinRhodium GBP,XRC,GBP,xRhodium (XRC) is a cryptocurrency. Users are able to generate XRC through the process of mining.,CCC,https://www.xrhodium.org
XRC-INR,BitcoinRhodium INR,XRC,INR,xRhodium (XRC) is a cryptocurrency. Users are able to generate XRC through the process of mining.,CCC,https://www.xrhodium.org
XRC-JPY,BitcoinRhodium JPY,XRC,JPY,xRhodium (XRC) is a cryptocurrency. Users are able to generate XRC through the process of mining.,CCC,https://www.xrhodium.org
XRC-KRW,BitcoinRhodium KRW,XRC,KRW,xRhodium (XRC) is a cryptocurrency. Users are able to generate XRC through the process of mining.,CCC,https://www.xrhodium.org
XRC-RUB,BitcoinRhodium RUB,XRC,RUB,xRhodium (XRC) is a cryptocurrency. Users are able to generate XRC through the process of mining.,CCC,https://www.xrhodium.org
XRC-USD,BitcoinRhodium USD,XRC,USD,xRhodium (XRC) is a cryptocurrency. Users are able to generate XRC through the process of mining.,CCC,https://www.xrhodium.org
XRP-BTC,XRP BTC,XRP,BTC,XRP (XRP) is a cryptocurrency.,CCC,https://xrpl.org/
XRP-CAD,XRP CAD,XRP,CAD,XRP (XRP) is a cryptocurrency.,CCC,https://xrpl.org/
XRP-EUR,XRP EUR,XRP,EUR,XRP (XRP) is a cryptocurrency.,CCC,https://xrpl.org/
XRP-GBP,XRP GBP,XRP,GBP,XRP (XRP) is a cryptocurrency.,CCC,https://xrpl.org/
XRP-INR,XRP INR,XRP,INR,XRP (XRP) is a cryptocurrency.,CCC,https://xrpl.org/
XRP-JPY,XRP JPY,XRP,JPY,XRP (XRP) is a cryptocurrency.,CCC,https://xrpl.org/
XRP-USD,XRP USD,XRP,USD,XRP (XRP) is a cryptocurrency.,CCC,https://xrpl.org/
XSN-BTC,Stakenet BTC,XSN,BTC,Stakenet (XSN) is a cryptocurrency.,CCC,https://stakenet.io/
XSN-CAD,Stakenet CAD,XSN,CAD,Stakenet (XSN) is a cryptocurrency.,CCC,https://stakenet.io/
XSN-CNY,Stakenet CNY,XSN,CNY,Stakenet (XSN) is a cryptocurrency.,CCC,https://stakenet.io/
XSN-ETH,Stakenet ETH,XSN,ETH,Stakenet (XSN) is a cryptocurrency.,CCC,https://stakenet.io/
XSN-EUR,Stakenet EUR,XSN,EUR,Stakenet (XSN) is a cryptocurrency.,CCC,https://stakenet.io/
XSN-GBP,Stakenet GBP,XSN,GBP,Stakenet (XSN) is a cryptocurrency.,CCC,https://stakenet.io/
XSN-INR,Stakenet INR,XSN,INR,Stakenet (XSN) is a cryptocurrency.,CCC,https://stakenet.io/
XSN-JPY,Stakenet JPY,XSN,JPY,Stakenet (XSN) is a cryptocurrency.,CCC,https://stakenet.io/
XSN-KRW,Stakenet KRW,XSN,KRW,Stakenet (XSN) is a cryptocurrency.,CCC,https://stakenet.io/
XSN-RUB,Stakenet RUB,XSN,RUB,Stakenet (XSN) is a cryptocurrency.,CCC,https://stakenet.io/
XSN-USD,Stakenet USD,XSN,USD,Stakenet (XSN) is a cryptocurrency.,CCC,https://stakenet.io/
XTZ-CNY,Tezos CNY,XTZ,CNY,Tezos (XTZ) is a cryptocurrency launched in 2018.,CCC,https://www.tezos.com/
XTZ-ETH,Tezos ETH,XTZ,ETH,Tezos (XTZ) is a cryptocurrency launched in 2018.,CCC,https://www.tezos.com/
XTZ-EUR,Tezos EUR,XTZ,EUR,Tezos (XTZ) is a cryptocurrency launched in 2018.,CCC,https://www.tezos.com/
XTZ-GBP,Tezos GBP,XTZ,GBP,Tezos (XTZ) is a cryptocurrency launched in 2018.,CCC,https://www.tezos.com/
XTZ-INR,Tezos INR,XTZ,INR,Tezos (XTZ) is a cryptocurrency launched in 2018.,CCC,https://www.tezos.com/
XTZ-JPY,Tezos JPY,XTZ,JPY,Tezos (XTZ) is a cryptocurrency launched in 2018.,CCC,https://www.tezos.com/
XTZ-KRW,Tezos KRW,XTZ,KRW,Tezos (XTZ) is a cryptocurrency launched in 2018.,CCC,https://www.tezos.com/
XTZ-RUB,Tezos RUB,XTZ,RUB,Tezos (XTZ) is a cryptocurrency launched in 2018.,CCC,https://www.tezos.com/
XTZ-USD,Tezos USD,XTZ,USD,Tezos (XTZ) is a cryptocurrency launched in 2018.,CCC,https://www.tezos.com/
XUC-AUD,ExchangeUnion AUD,XUC,AUD,Exchange Union (XUC) is a cryptocurrency and operates on the Ethereum platform.,CCC,https://www.exchangeunion.com/
XUC-BTC,ExchangeUnion BTC,XUC,BTC,Exchange Union (XUC) is a cryptocurrency and operates on the Ethereum platform.,CCC,https://www.exchangeunion.com/
XUC-CAD,ExchangeUnion CAD,XUC,CAD,Exchange Union (XUC) is a cryptocurrency and operates on the Ethereum platform.,CCC,https://www.exchangeunion.com/
XUC-CNY,ExchangeUnion CNY,XUC,CNY,Exchange Union (XUC) is a cryptocurrency and operates on the Ethereum platform.,CCC,https://www.exchangeunion.com/
XUC-ETH,ExchangeUnion ETH,XUC,ETH,Exchange Union (XUC) is a cryptocurrency and operates on the Ethereum platform.,CCC,https://www.exchangeunion.com/
XUC-EUR,ExchangeUnion EUR,XUC,EUR,Exchange Union (XUC) is a cryptocurrency and operates on the Ethereum platform.,CCC,https://www.exchangeunion.com/
XUC-INR,ExchangeUnion INR,XUC,INR,Exchange Union (XUC) is a cryptocurrency and operates on the Ethereum platform.,CCC,https://www.exchangeunion.com/
XUC-KRW,ExchangeUnion KRW,XUC,KRW,Exchange Union (XUC) is a cryptocurrency and operates on the Ethereum platform.,CCC,https://www.exchangeunion.com/
XUC-RUB,ExchangeUnion RUB,XUC,RUB,Exchange Union (XUC) is a cryptocurrency and operates on the Ethereum platform.,CCC,https://www.exchangeunion.com/
XUC-USD,ExchangeUnion USD,XUC,USD,Exchange Union (XUC) is a cryptocurrency and operates on the Ethereum platform.,CCC,https://www.exchangeunion.com/
XVG-AUD,Verge AUD,XVG,AUD,Verge (XVG) is a cryptocurrency. Users are able to generate XVG through the process of mining.,CCC,http://vergecurrency.com/
XVG-BTC,Verge BTC,XVG,BTC,Verge (XVG) is a cryptocurrency. Users are able to generate XVG through the process of mining.,CCC,http://vergecurrency.com/
XVG-CNY,Verge CNY,XVG,CNY,Verge (XVG) is a cryptocurrency. Users are able to generate XVG through the process of mining.,CCC,http://vergecurrency.com/
XVG-ETH,Verge ETH,XVG,ETH,Verge (XVG) is a cryptocurrency. Users are able to generate XVG through the process of mining.,CCC,http://vergecurrency.com/
XVG-GBP,Verge GBP,XVG,GBP,Verge (XVG) is a cryptocurrency. Users are able to generate XVG through the process of mining.,CCC,http://vergecurrency.com/
XVG-INR,Verge INR,XVG,INR,Verge (XVG) is a cryptocurrency. Users are able to generate XVG through the process of mining.,CCC,http://vergecurrency.com/
XVG-JPY,Verge JPY,XVG,JPY,Verge (XVG) is a cryptocurrency. Users are able to generate XVG through the process of mining.,CCC,http://vergecurrency.com/
XVG-KRW,Verge KRW,XVG,KRW,Verge (XVG) is a cryptocurrency. Users are able to generate XVG through the process of mining.,CCC,http://vergecurrency.com/
XVG-RUB,Verge RUB,XVG,RUB,Verge (XVG) is a cryptocurrency. Users are able to generate XVG through the process of mining.,CCC,http://vergecurrency.com/
XVG-USD,Verge USD,XVG,USD,Verge (XVG) is a cryptocurrency. Users are able to generate XVG through the process of mining.,CCC,http://vergecurrency.com/
XWC-CAD,WhiteCoin CAD,XWC,CAD,WhiteCoin (XWC) is a cryptocurrency.,CCC,http://whitecoin.info/
XWC-CNY,WhiteCoin CNY,XWC,CNY,WhiteCoin (XWC) is a cryptocurrency.,CCC,http://whitecoin.info/
XWC-ETH,WhiteCoin ETH,XWC,ETH,WhiteCoin (XWC) is a cryptocurrency.,CCC,http://whitecoin.info/
XWC-EUR,WhiteCoin EUR,XWC,EUR,WhiteCoin (XWC) is a cryptocurrency.,CCC,http://whitecoin.info/
XWC-GBP,WhiteCoin GBP,XWC,GBP,WhiteCoin (XWC) is a cryptocurrency.,CCC,http://whitecoin.info/
XWC-INR,WhiteCoin INR,XWC,INR,WhiteCoin (XWC) is a cryptocurrency.,CCC,http://whitecoin.info/
XWC-JPY,WhiteCoin JPY,XWC,JPY,WhiteCoin (XWC) is a cryptocurrency.,CCC,http://whitecoin.info/
XWC-KRW,WhiteCoin KRW,XWC,KRW,WhiteCoin (XWC) is a cryptocurrency.,CCC,http://whitecoin.info/
XWC-RUB,WhiteCoin RUB,XWC,RUB,WhiteCoin (XWC) is a cryptocurrency.,CCC,http://whitecoin.info/
XWC-USD,WhiteCoin USD,XWC,USD,WhiteCoin (XWC) is a cryptocurrency.,CCC,http://whitecoin.info/
YEP-CAD,YEPCOIN CAD,YEP,CAD,YEP COIN (YEP) is a cryptocurrency.,CCC,https://www.yepcoin.io/
YEP-CNY,YEPCOIN CNY,YEP,CNY,YEP COIN (YEP) is a cryptocurrency.,CCC,https://www.yepcoin.io/
YEP-ETH,YEPCOIN ETH,YEP,ETH,YEP COIN (YEP) is a cryptocurrency.,CCC,https://www.yepcoin.io/
YEP-EUR,YEPCOIN EUR,YEP,EUR,YEP COIN (YEP) is a cryptocurrency.,CCC,https://www.yepcoin.io/
YEP-GBP,YEPCOIN GBP,YEP,GBP,YEP COIN (YEP) is a cryptocurrency.,CCC,https://www.yepcoin.io/
YEP-INR,YEPCOIN INR,YEP,INR,YEP COIN (YEP) is a cryptocurrency.,CCC,https://www.yepcoin.io/
YEP-JPY,YEPCOIN JPY,YEP,JPY,YEP COIN (YEP) is a cryptocurrency.,CCC,https://www.yepcoin.io/
YEP-KRW,YEPCOIN KRW,YEP,KRW,YEP COIN (YEP) is a cryptocurrency.,CCC,https://www.yepcoin.io/
YEP-RUB,YEPCOIN RUB,YEP,RUB,YEP COIN (YEP) is a cryptocurrency.,CCC,https://www.yepcoin.io/
YEP-USD,YEPCOIN USD,YEP,USD,YEP COIN (YEP) is a cryptocurrency.,CCC,https://www.yepcoin.io/
YFI-AUD,yearnfinance AUD,YFI,AUD,yearn.finance (YFI) is a cryptocurrency and operates on the Ethereum platform.,CCC,https://yearn.finance/
YFI-BTC,yearnfinance BTC,YFI,BTC,yearn.finance (YFI) is a cryptocurrency and operates on the Ethereum platform.,CCC,https://yearn.finance/
YFI-CAD,yearnfinance CAD,YFI,CAD,yearn.finance (YFI) is a cryptocurrency and operates on the Ethereum platform.,CCC,https://yearn.finance/
YFI-CNY,yearnfinance CNY,YFI,CNY,yearn.finance (YFI) is a cryptocurrency and operates on the Ethereum platform.,CCC,https://yearn.finance/
YFI-ETH,yearnfinance ETH,YFI,ETH,yearn.finance (YFI) is a cryptocurrency and operates on the Ethereum platform.,CCC,https://yearn.finance/
YFI-EUR,yearnfinance EUR,YFI,EUR,yearn.finance (YFI) is a cryptocurrency and operates on the Ethereum platform.,CCC,https://yearn.finance/
YFI-GBP,yearnfinance GBP,YFI,GBP,yearn.finance (YFI) is a cryptocurrency and operates on the Ethereum platform.,CCC,https://yearn.finance/
YFI-INR,yearnfinance INR,YFI,INR,yearn.finance (YFI) is a cryptocurrency and operates on the Ethereum platform.,CCC,https://yearn.finance/
YFI-JPY,yearnfinance JPY,YFI,JPY,yearn.finance (YFI) is a cryptocurrency and operates on the Ethereum platform.,CCC,https://yearn.finance/
YFI-KRW,yearnfinance KRW,YFI,KRW,yearn.finance (YFI) is a cryptocurrency and operates on the Ethereum platform.,CCC,https://yearn.finance/
YFI-RUB,yearnfinance RUB,YFI,RUB,yearn.finance (YFI) is a cryptocurrency and operates on the Ethereum platform.,CCC,https://yearn.finance/
YFI-USD,yearnfinance USD,YFI,USD,yearn.finance (YFI) is a cryptocurrency and operates on the Ethereum platform.,CCC,https://yearn.finance/
YOYOW-CAD,YOYOW CAD,YOYOW,CAD,YOYOW (YOYOW) is a cryptocurrency.,CCC,https://yoyow.org/
YOYOW-CNY,YOYOW CNY,YOYOW,CNY,YOYOW (YOYOW) is a cryptocurrency.,CCC,https://yoyow.org/
YOYOW-ETH,YOYOW ETH,YOYOW,ETH,YOYOW (YOYOW) is a cryptocurrency.,CCC,https://yoyow.org/
YOYOW-EUR,YOYOW EUR,YOYOW,EUR,YOYOW (YOYOW) is a cryptocurrency.,CCC,https://yoyow.org/
YOYOW-GBP,YOYOW GBP,YOYOW,GBP,YOYOW (YOYOW) is a cryptocurrency.,CCC,https://yoyow.org/
YOYOW-INR,YOYOW INR,YOYOW,INR,YOYOW (YOYOW) is a cryptocurrency.,CCC,https://yoyow.org/
YOYOW-JPY,YOYOW JPY,YOYOW,JPY,YOYOW (YOYOW) is a cryptocurrency.,CCC,https://yoyow.org/
YOYOW-KRW,YOYOW KRW,YOYOW,KRW,YOYOW (YOYOW) is a cryptocurrency.,CCC,https://yoyow.org/
YOYOW-RUB,YOYOW RUB,YOYOW,RUB,YOYOW (YOYOW) is a cryptocurrency.,CCC,https://yoyow.org/
YOYOW-USD,YOYOW USD,YOYOW,USD,YOYOW (YOYOW) is a cryptocurrency.,CCC,https://yoyow.org/
ZANO-CAD,Zano CAD,ZANO,CAD,Zano (ZANO) is a cryptocurrency.,CCC,https://zano.org/
ZANO-CNY,Zano CNY,ZANO,CNY,Zano (ZANO) is a cryptocurrency.,CCC,https://zano.org/
ZANO-ETH,Zano ETH,ZANO,ETH,Zano (ZANO) is a cryptocurrency.,CCC,https://zano.org/
ZANO-EUR,Zano EUR,ZANO,EUR,Zano (ZANO) is a cryptocurrency.,CCC,https://zano.org/
ZANO-GBP,Zano GBP,ZANO,GBP,Zano (ZANO) is a cryptocurrency.,CCC,https://zano.org/
ZANO-INR,Zano INR,ZANO,INR,Zano (ZANO) is a cryptocurrency.,CCC,https://zano.org/
ZANO-JPY,Zano JPY,ZANO,JPY,Zano (ZANO) is a cryptocurrency.,CCC,https://zano.org/
ZANO-KRW,Zano KRW,ZANO,KRW,Zano (ZANO) is a cryptocurrency. Users are able to generate ZANO through the process of mining.,CCC,https://zano.org/
ZANO-RUB,Zano RUB,ZANO,RUB,Zano (ZANO) is a cryptocurrency.,CCC,https://zano.org/
ZANO-USD,Zano USD,ZANO,USD,Zano (ZANO) is a cryptocurrency.,CCC,https://zano.org/
ZEC-BTC,Zcash BTC,ZEC,BTC,Zcash (ZEC) is a cryptocurrency. Users are able to generate ZEC through the process of mining.,CCC,https://z.cash/
ZEC-CAD,Zcash CAD,ZEC,CAD,Zcash (ZEC) is a cryptocurrency. Users are able to generate ZEC through the process of mining.,CCC,https://z.cash/
ZEC-ETH,Zcash ETH,ZEC,ETH,Zcash (ZEC) is a cryptocurrency. Users are able to generate ZEC through the process of mining.,CCC,https://z.cash/
ZEC-EUR,Zcash EUR,ZEC,EUR,Zcash (ZEC) is a cryptocurrency. Users are able to generate ZEC through the process of mining.,CCC,https://z.cash/
ZEC-GBP,Zcash GBP,ZEC,GBP,Zcash (ZEC) is a cryptocurrency. Users are able to generate ZEC through the process of mining.,CCC,https://z.cash/
ZEC-INR,Zcash INR,ZEC,INR,Zcash (ZEC) is a cryptocurrency. Users are able to generate ZEC through the process of mining.,CCC,https://z.cash/
ZEC-JPY,Zcash JPY,ZEC,JPY,Zcash (ZEC) is a cryptocurrency. Users are able to generate ZEC through the process of mining.,CCC,https://z.cash/
ZEC-KRW,Zcash KRW,ZEC,KRW,Zcash (ZEC) is a cryptocurrency. Users are able to generate ZEC through the process of mining.,CCC,https://z.cash/
ZEC-RUB,Zcash RUB,ZEC,RUB,Zcash (ZEC) is a cryptocurrency. Users are able to generate ZEC through the process of mining.,CCC,https://z.cash/
ZEC-USD,Zcash USD,ZEC,USD,Zcash (ZEC) is a cryptocurrency. Users are able to generate ZEC through the process of mining.,CCC,https://z.cash/
ZEL-CAD,ZelCash CAD,ZEL,CAD,Flux (FLUX) is a cryptocurrency. Users are able to generate FLUX through the process of mining.,CCC,https://runonflux.io/
ZEL-CNY,ZelCash CNY,ZEL,CNY,Flux (FLUX) is a cryptocurrency. Users are able to generate FLUX through the process of mining.,CCC,https://runonflux.io/
ZEL-ETH,ZelCash ETH,ZEL,ETH,Flux (FLUX) is a cryptocurrency. Users are able to generate FLUX through the process of mining.,CCC,https://runonflux.io/
ZEL-EUR,ZelCash EUR,ZEL,EUR,Flux (FLUX) is a cryptocurrency. Users are able to generate FLUX through the process of mining.,CCC,https://runonflux.io/
ZEL-GBP,ZelCash GBP,ZEL,GBP,Flux (FLUX) is a cryptocurrency. Users are able to generate FLUX through the process of mining.,CCC,https://runonflux.io/
ZEL-INR,ZelCash INR,ZEL,INR,Flux (FLUX) is a cryptocurrency. Users are able to generate FLUX through the process of mining.,CCC,https://runonflux.io/
ZEL-JPY,ZelCash JPY,ZEL,JPY,Flux (FLUX) is a cryptocurrency. Users are able to generate FLUX through the process of mining.,CCC,https://runonflux.io/
ZEL-KRW,ZelCash KRW,ZEL,KRW,Flux (FLUX) is a cryptocurrency. Users are able to generate FLUX through the process of mining.,CCC,https://runonflux.io/
ZEL-RUB,ZelCash RUB,ZEL,RUB,Flux (FLUX) is a cryptocurrency. Users are able to generate FLUX through the process of mining.,CCC,https://runonflux.io/
ZEL-USD,ZelCash USD,ZEL,USD,Flux (FLUX) is a cryptocurrency. Users are able to generate FLUX through the process of mining.,CCC,https://runonflux.io/
ZEN-BTC,Horizen BTC,ZEN,BTC,Horizen (ZEN) is a cryptocurrency. Users are able to generate ZEN through the process of mining.,CCC,https://horizen.global/
ZEN-CAD,Horizen CAD,ZEN,CAD,Horizen (ZEN) is a cryptocurrency. Users are able to generate ZEN through the process of mining.,CCC,https://horizen.global/
ZEN-CNY,Horizen CNY,ZEN,CNY,Horizen (ZEN) is a cryptocurrency. Users are able to generate ZEN through the process of mining.,CCC,https://horizen.global/
ZEN-ETH,Horizen ETH,ZEN,ETH,Horizen (ZEN) is a cryptocurrency. Users are able to generate ZEN through the process of mining.,CCC,https://horizen.global/
ZEN-EUR,Horizen EUR,ZEN,EUR,Horizen (ZEN) is a cryptocurrency. Users are able to generate ZEN through the process of mining.,CCC,https://horizen.global/
ZEN-GBP,Horizen GBP,ZEN,GBP,Horizen (ZEN) is a cryptocurrency. Users are able to generate ZEN through the process of mining.,CCC,https://horizen.global/
ZEN-INR,Horizen INR,ZEN,INR,Horizen (ZEN) is a cryptocurrency. Users are able to generate ZEN through the process of mining.,CCC,https://horizen.global/
ZEN-KRW,Horizen KRW,ZEN,KRW,Horizen (ZEN) is a cryptocurrency. Users are able to generate ZEN through the process of mining.,CCC,https://horizen.global/
ZEN-RUB,Horizen RUB,ZEN,RUB,Horizen (ZEN) is a cryptocurrency. Users are able to generate ZEN through the process of mining.,CCC,https://horizen.global/
ZEN-USD,Horizen USD,ZEN,USD,Horizen (ZEN) is a cryptocurrency. Users are able to generate ZEN through the process of mining.,CCC,https://horizen.global/
ZIL-AUD,Zilliqa AUD,ZIL,AUD,Zilliqa (ZIL) is a cryptocurrency. Users are able to generate ZIL through the process of mining.,CCC,https://www.zilliqa.com/
ZIL-BTC,Zilliqa BTC,ZIL,BTC,Zilliqa (ZIL) is a cryptocurrency. Users are able to generate ZIL through the process of mining.,CCC,https://www.zilliqa.com/
ZIL-CAD,Zilliqa CAD,ZIL,CAD,Zilliqa (ZIL) is a cryptocurrency. Users are able to generate ZIL through the process of mining.,CCC,https://www.zilliqa.com/
ZIL-CNY,Zilliqa CNY,ZIL,CNY,Zilliqa (ZIL) is a cryptocurrency. Users are able to generate ZIL through the process of mining.,CCC,https://www.zilliqa.com/
ZIL-ETH,Zilliqa ETH,ZIL,ETH,Zilliqa (ZIL) is a cryptocurrency. Users are able to generate ZIL through the process of mining.,CCC,https://www.zilliqa.com/
ZIL-EUR,Zilliqa EUR,ZIL,EUR,Zilliqa (ZIL) is a cryptocurrency. Users are able to generate ZIL through the process of mining.,CCC,https://www.zilliqa.com/
ZIL-GBP,Zilliqa GBP,ZIL,GBP,Zilliqa (ZIL) is a cryptocurrency. Users are able to generate ZIL through the process of mining.,CCC,https://www.zilliqa.com/
ZIL-INR,Zilliqa INR,ZIL,INR,Zilliqa (ZIL) is a cryptocurrency. Users are able to generate ZIL through the process of mining.,CCC,https://www.zilliqa.com/
ZIL-JPY,Zilliqa JPY,ZIL,JPY,Zilliqa (ZIL) is a cryptocurrency. Users are able to generate ZIL through the process of mining.,CCC,https://www.zilliqa.com/
ZIL-KRW,Zilliqa KRW,ZIL,KRW,Zilliqa (ZIL) is a cryptocurrency. Users are able to generate ZIL through the process of mining.,CCC,https://www.zilliqa.com/
ZIL-RUB,Zilliqa RUB,ZIL,RUB,Zilliqa (ZIL) is a cryptocurrency. Users are able to generate ZIL through the process of mining.,CCC,https://www.zilliqa.com/
ZIL-USD,Zilliqa USD,ZIL,USD,Zilliqa (ZIL) is a cryptocurrency. Users are able to generate ZIL through the process of mining.,CCC,https://www.zilliqa.com/
ZNN-CAD,Zenon CAD,ZNN,CAD,Zenon (ZNN) is a cryptocurrency. Users are able to generate ZNN through the process of mining.,CCC,https://zenon.network/
ZNN-CNY,Zenon CNY,ZNN,CNY,Zenon (ZNN) is a cryptocurrency. Users are able to generate ZNN through the process of mining.,CCC,https://zenon.network/
ZNN-ETH,Zenon ETH,ZNN,ETH,Zenon (ZNN) is a cryptocurrency. Users are able to generate ZNN through the process of mining.,CCC,https://zenon.network/
ZNN-EUR,Zenon EUR,ZNN,EUR,Zenon (ZNN) is a cryptocurrency. Users are able to generate ZNN through the process of mining.,CCC,https://zenon.network/
ZNN-GBP,Zenon GBP,ZNN,GBP,Zenon (ZNN) is a cryptocurrency. Users are able to generate ZNN through the process of mining.,CCC,https://zenon.network/
ZNN-INR,Zenon INR,ZNN,INR,Zenon (ZNN) is a cryptocurrency. Users are able to generate ZNN through the process of mining.,CCC,https://zenon.network/
ZNN-JPY,Zenon JPY,ZNN,JPY,Zenon (ZNN) is a cryptocurrency. Users are able to generate ZNN through the process of mining.,CCC,https://zenon.network/
ZNN-KRW,Zenon KRW,ZNN,KRW,Zenon (ZNN) is a cryptocurrency. Users are able to generate ZNN through the process of mining.,CCC,https://zenon.network/
ZNN-RUB,Zenon RUB,ZNN,RUB,Zenon (ZNN) is a cryptocurrency. Users are able to generate ZNN through the process of mining.,CCC,https://zenon.network/
ZNN-USD,Zenon USD,ZNN,USD,Zenon (ZNN) is a cryptocurrency. Users are able to generate ZNN through the process of mining.,CCC,https://zenon.network/
ZRX-CAD,0x CAD,ZRX,CAD,0x (ZRX) is a cryptocurrency and operates on the Ethereum platform.,CCC,https://0x.org/
ZRX-CNY,0x CNY,ZRX,CNY,0x (ZRX) is a cryptocurrency and operates on the Ethereum platform.,CCC,https://0x.org/
ZRX-ETH,0x ETH,ZRX,ETH,0x (ZRX) is a cryptocurrency and operates on the Ethereum platform.,CCC,https://0x.org/
ZRX-EUR,0x EUR,ZRX,EUR,0x (ZRX) is a cryptocurrency and operates on the Ethereum platform.,CCC,https://0x.org/
ZRX-GBP,0x GBP,ZRX,GBP,0x (ZRX) is a cryptocurrency and operates on the Ethereum platform.,CCC,https://0x.org/
ZRX-INR,0x INR,ZRX,INR,0x (ZRX) is a cryptocurrency and operates on the Ethereum platform.,CCC,https://0x.org/
ZRX-JPY,0x JPY,ZRX,JPY,0x (ZRX) is a cryptocurrency and operates on the Ethereum platform.,CCC,https://0x.org/
ZRX-KRW,0x KRW,ZRX,KRW,0x (ZRX) is a cryptocurrency and operates on the Ethereum platform.,CCC,https://0x.org/
ZRX-RUB,0x RUB,ZRX,RUB,0x (ZRX) is a cryptocurrency and operates on the Ethereum platform.,CCC,https://0x.org/
ZRX-USD,0x USD,ZRX,USD,0x (ZRX) is a cryptocurrency and operates on the Ethereum platform.,CCC,https://0x.org/
ZVC-BTC,ZVCHAIN BTC,ZVC,BTC,ZVCHAIN (ZVC) is a cryptocurrency. Users are able to generate ZVC through the process of mining.,CCC,https://www.zvchain.io/
ZVC-CAD,ZVCHAIN CAD,ZVC,CAD,ZVCHAIN (ZVC) is a cryptocurrency. Users are able to generate ZVC through the process of mining.,CCC,https://www.zvchain.io/
ZVC-CNY,ZVCHAIN CNY,ZVC,CNY,ZVCHAIN (ZVC) is a cryptocurrency. Users are able to generate ZVC through the process of mining.,CCC,https://www.zvchain.io/
ZVC-ETH,ZVCHAIN ETH,ZVC,ETH,ZVCHAIN (ZVC) is a cryptocurrency. Users are able to generate ZVC through the process of mining.,CCC,https://www.zvchain.io/
ZVC-EUR,ZVCHAIN EUR,ZVC,EUR,ZVCHAIN (ZVC) is a cryptocurrency. Users are able to generate ZVC through the process of mining.,CCC,https://www.zvchain.io/
ZVC-GBP,ZVCHAIN GBP,ZVC,GBP,ZVCHAIN (ZVC) is a cryptocurrency. Users are able to generate ZVC through the process of mining.,CCC,https://www.zvchain.io/
ZVC-INR,ZVCHAIN INR,ZVC,INR,ZVCHAIN (ZVC) is a cryptocurrency. Users are able to generate ZVC through the process of mining.,CCC,https://www.zvchain.io/
ZVC-JPY,ZVCHAIN JPY,ZVC,JPY,ZVCHAIN (ZVC) is a cryptocurrency. Users are able to generate ZVC through the process of mining.,CCC,https://www.zvchain.io/
ZVC-KRW,ZVCHAIN KRW,ZVC,KRW,ZVCHAIN (ZVC) is a cryptocurrency. Users are able to generate ZVC through the process of mining.,CCC,https://www.zvchain.io/
ZVC-RUB,ZVCHAIN RUB,ZVC,RUB,ZVCHAIN (ZVC) is a cryptocurrency. Users are able to generate ZVC through the process of mining.,CCC,https://www.zvchain.io/
ZYN-CAD,Zynecoin CAD,ZYN,CAD,Zynecoin (ZYN) is a cryptocurrency. Users are able to generate ZYN through the process of mining.,CCC,https://www.zynecoin.io/
ZYN-CNY,Zynecoin CNY,ZYN,CNY,Zynecoin (ZYN) is a cryptocurrency. Users are able to generate ZYN through the process of mining.,CCC,https://www.zynecoin.io/
ZYN-ETH,Zynecoin ETH,ZYN,ETH,Zynecoin (ZYN) is a cryptocurrency. Users are able to generate ZYN through the process of mining.,CCC,https://www.zynecoin.io/
ZYN-EUR,Zynecoin EUR,ZYN,EUR,Zynecoin (ZYN) is a cryptocurrency. Users are able to generate ZYN through the process of mining.,CCC,https://www.zynecoin.io/
ZYN-GBP,Zynecoin GBP,ZYN,GBP,Zynecoin (ZYN) is a cryptocurrency. Users are able to generate ZYN through the process of mining.,CCC,https://www.zynecoin.io/
ZYN-INR,Zynecoin INR,ZYN,INR,Zynecoin (ZYN) is a cryptocurrency. Users are able to generate ZYN through the process of mining.,CCC,https://www.zynecoin.io/
ZYN-JPY,Zynecoin JPY,ZYN,JPY,Zynecoin (ZYN) is a cryptocurrency. Users are able to generate ZYN through the process of mining.,CCC,https://www.zynecoin.io/
ZYN-KRW,Zynecoin KRW,ZYN,KRW,Zynecoin (ZYN) is a cryptocurrency. Users are able to generate ZYN through the process of mining.,CCC,https://www.zynecoin.io/
ZYN-RUB,Zynecoin RUB,ZYN,RUB,Zynecoin (ZYN) is a cryptocurrency. Users are able to generate ZYN through the process of mining.,CCC,https://www.zynecoin.io/
ZYN-USD,Zynecoin USD,ZYN,USD,Zynecoin (ZYN) is a cryptocurrency. Users are able to generate ZYN through the process of mining.,CCC,https://www.zynecoin.io/
