symbol,name,currency,summary,category_group,category,family,exchange,mic,isin,delisted
2NLA.HA,WI GLOB.CHALL.INDEX-FDS P,EUR,,,,,HAN,XHAN,,False
3HJ.HA,LIPPO MALLS IND.RET.TRUST,EUR,"Lippo Malls Indonesia Retail Trust is a real estate investment trust (REIT) focused on owning and operating retail malls in Indonesia. The trust aims to provide stable returns to investors through rental income and capital appreciation of its properties. The REIT's portfolio consists of a diversified range of shopping malls across various cities in Indonesia, catering to the country's growing middle class.",Real Estate,REITs,,HAN,XHAN,,False
3SP2.HA,STARCAP.-WINBONDS PL.A EO,EUR,STARCAP.-WINBONDS PL.A EO is a bond fund that aims to generate returns through investments in global bond markets. The fund focuses on identifying and investing in undervalued bonds to achieve capital appreciation and income. The investment strategy involves active portfolio management and macroeconomic analysis.,Fixed Income,Corporate Bonds,3 Banken-Generali Investment-Gesellschaft,HAN,XHAN,,False
3SP8.HA,CONREN FORTUNE -ANTEIL. R,EUR,,,,,HAN,XHAN,,False
3SP9.HA,CONREN FORTUNE RA,EUR,,,,,HAN,XHAN,,False
3SPA.HA,CONREN-EQUITY RA,EUR,,Equities,,,HAN,XHAN,,False
3SPB.HA,CONREN-FIXED INCOME RA,EUR,,Fixed Income,,,HAN,XHAN,,False
3SPC.HA,CONREN-EQUITY R EO,EUR,,Equities,,,HAN,XHAN,,False
5BW1.HA,BW-EURO.EQUITY REOA,EUR,,Equities,,,HAN,XHAN,,False
A6C.HA,ARA LOGOS LOGISTICS TRUST,EUR,ARA LOGOS LOGISTICS TRUST is a Singapore-based real estate investment trust (REIT) focused on logistics properties. The REIT invests in a diversified portfolio of logistics assets located in Singapore and Australia. ALLT aims to provide unitholders with stable distributions and long-term growth by strategically managing its portfolio of logistics properties.,Real Estate,REITs,Lion Global Investors,HAN,XHAN,,False
ABD1.HA,ASSCVI-EURO.EQU. AAEO,EUR,,,,Aberdeen Standard Investments,HAN,XHAN,,False
ABD2.HA,AS SCV I-APAC EQ. AADL,EUR,,,,,HAN,XHAN,,False
ABD3.HA,ASSCVI-SLT EU.HYB AMIEO,EUR,,,,Aberdeen Standard Investments,HAN,XHAN,,False
ABD6.HA,SSCVI-SLT EM BD AADL,EUR,,Fixed Income,Emerging Markets,,HAN,XHAN,,False
ABD7.HA,ASSCVI-WRLD EQ. AADL,EUR,,Alternatives,Blend,Aberdeen Standard Investments,HAN,XHAN,,False
ABD8.HA,ASSCVI-AUS.EQU. AAAD,EUR,,Alternatives,Blend,Aberdeen Standard Investments,HAN,XHAN,,False
AEF2.HA,ASSCVI-INDIAN EQ. AADL,EUR,"ASSCVI-INDIAN EQ. AADL is a sub-fund of Aberdeen Standard SICAV I, focusing on Indian equity investments. The fund aims to generate returns through investments in companies located in India, utilizing a specific investment approach designated as ""AADL."" Aberdeen Standard Investments is a global asset management company headquartered in Edinburgh, Scotland.",Financials,Emerging Markets,Aberdeen Standard Investments,HAN,XHAN,,False
AEF6.HA,ASSCVI-AL.CH.EQ.AADL,EUR,"ASSCVI-AL.CH.EQ.AADL is a sub-fund of Aberdeen Standard SICAV I, focusing on All China equity investments. The fund aims to generate returns through investments in companies located in China, utilizing a specific investment approach designated as ""AADL."" Aberdeen Standard Investments is a global asset management company headquartered in Edinburgh, Scotland.",Financials,Emerging Markets,Aberdeen Standard Investments,HAN,XHAN,,False
AEF8.HA,AS SCV I -APAC EQ. SADL,EUR,"AS SCV I -APAC EQ. SADL is a sub-fund of Aberdeen Standard SICAV I, focusing on Asia Pacific (APAC) equity investments. It would aim to generate returns through investments in companies located in the Asia Pacific region, excluding Japan, with a specific investment strategy denoted by ""SADL."" Aberdeen Standard Investments is a global asset management company headquartered in Edinburgh, Scotland.",Financials,Emerging Markets,Aberdeen Standard Investments,HAN,XHAN,,False
AK8P.HA,AMUNDI TOTAL RETURN ADA,EUR,"This is an Amundi fund focused on a total return strategy with an ADA (likely a specific investment approach). It aims to achieve consistent returns across various market conditions. Amundi Asset Management, headquartered in Paris, France, manages the fund, using a diversified investment approach.",Alternatives,,Amundi Asset Management,HAN,XHAN,,False
AN0M.HA,M+G(L)I1-O.I. AEOA,EUR,,,,,HAN,XHAN,,False
AOX.HA,ALSTRIA OFFICE REIT-AG,EUR,"ALSTRIA OFFICE REIT-AG is a German Real Estate Investment Trust (REIT) focused on acquiring, developing, and managing office properties in major German cities. The company's business model involves leasing office space to tenants and generating rental income, while also seeking to increase property values through strategic investments and active management. Alstria is headquartered in Hamburg, Germany.",Real Estate,REITs,,HAN,XHAN,,False
AXK6.HA,AXA ROSEN.E.A.-PA.EQ.B(EO,EUR,,,,,HAN,XHAN,,False
AXKD.HA,AXA ROS.E.AL.-G.EQ.A.B DL,EUR,,,,,HAN,XHAN,,False
AZHN.HA,AGIF-ASIA PAC.EQU.A EO,EUR,,,Emerging Markets,Allianz Global Investors Fund,HAN,XHAN,,False
BE35.HA,BERENB.AKTIEN DEUTSCHL.RA,EUR,"BERENB.AKTIEN DEUTSCHL.RA is a German equity fund managed by Berenberg, focusing on investments in German stocks. The fund aims to generate capital appreciation by investing in a diversified portfolio of German companies across various sectors. The specific investment strategy and fund details require further research.",Equities,Developed Markets,,HAN,XHAN,,False
BYQB.HA,BAR.INTL-HK CHINA ADLI,EUR,,,,,HAN,XHAN,,False
BYQI.HA,BAR.INTL-HK CHINA AEOI,EUR,,,,Barclays,HAN,XHAN,,False
C5Q1.HA,CARMIGNAC PO.-GR.EUR.AEOA,EUR,"CARMIGNAC PO.-GR.EUR.AEOA is a unit or share class of a fund managed by Carmignac, a European asset management company, and it focuses on generating returns through investments primarily in Euro-denominated assets. The fund employs an active investment strategy, aiming to outperform its benchmark. Its objective is to achieve long-term capital appreciation.",,,Carmignac Patrimoine,HAN,XHAN,,False
C5Q2.HA,CA.-P.-GREEN GOLD AEOA,EUR,CA.-P.-GREEN GOLD AEOA represents a unit or share class of a fund that is managed by Credit Agricole Private Banking and invests in companies related to green energy and gold. The fund uses an active investment strategy aimed at outperforming a benchmark. Its goal is to generate long-term capital appreciation through investments in green energy and gold-related assets.,,,,HAN,XHAN,,False
C5Q3.HA,CARMIGNAC PO.-EM.DIS.AEOA,EUR,,,,Carmignac Patrimoine,HAN,XHAN,,False
C5Q5.HA,CAR.PTF.-GL BD AEOA,EUR,,Fixed Income,,,HAN,XHAN,,False
C9DC.HA,SMART-INVEST HELIOS AR B,EUR,,Alternatives,,,HAN,XHAN,,False
CFE5.HA,C WO.WI.-C W.W.G.E.E. A1,EUR,,,,,HAN,XHAN,,False
CFPA.HA,DNB-AS.MID CAP A,EUR,"DNB-AS.MID CAP A refers to a sub-fund or share class of DNB Asset Management focused on Asian mid-cap equities. The fund aims to provide capital appreciation by investing in companies with medium market capitalization located in Asian countries. The ""A"" signifies a specific share class.",Equities,Mid Cap,DNB Asset Management,HAN,XHAN,,False
CFPC.HA,DNB-FUT.WAV.A,EUR,"DNB-FUT.WAV.A refers to a sub-fund or share class of DNB Asset Management focused on future-oriented investment themes. The fund aims to capitalize on emerging trends and innovative technologies shaping the future economy. The ""A"" signifies a specific share class.",,,DNB Asset Management,HAN,XHAN,,False
CFPJ.HA,DNB-NORD.EQUITIES A,EUR,"DNB-NORD.EQUITIES A refers to a sub-fund or share class of DNB Asset Management focused on Nordic equities. The fund aims to provide capital appreciation by investing in companies located in the Nordic region. The ""A"" signifies a specific share class.",Equities,,DNB Asset Management,HAN,XHAN,,False
CL52.HA,MAGELLAN INH. C (EUR),EUR,"MAGELLAN INH. C (EUR) is a share class of an investment fund managed by Magellan, denominated in Euros (EUR). The 'C' denotes a specific share class with its own fee structure. Magellan is a global investment management firm.",Financials,,,HAN,XHAN,,False
CL54.HA,COMGEST MONDE C,EUR,"COMGEST MONDE C is a share class of an investment fund managed by Comgest, focused on global equities ('Monde' meaning 'World' in French). The 'C' denotes a specific share class with its own fee structure. Comgest is a global investment management firm focused on quality growth investing.",Financials,,Comgest Asset Management Intl Ltd,HAN,XHAN,,False
CXW1.HA,VELTEN STRATEG.DEUTSCHL.R,EUR,VELTEN STRATEG.DEUTSCHL.R is an exchange-traded fund listed on the Hanover Stock Exchange under the ticker CXW1 and traded in EUR. It is classified as Equities (Developed Markets).,Equities,Developed Markets,,HAN,XHAN,,False
CXW6.HA,FONDRA A,EUR,"FONDRA A is a fund, and more information is needed to provide a detailed description of its investment strategy or focus. It is a European fund.",,,,HAN,XHAN,,False
CXWC.HA,FONDIS A,EUR,"FONDIS A is a fund, and more information is needed to provide a detailed description of its investment strategy or focus. It is a European fund.",,,,HAN,XHAN,,False
CXWD.HA,PLUSFONDS A,EUR,"PLUSFONDS A is a fund, and more information is needed to provide a detailed description of its investment strategy or focus. It is a European fund.",,,,HAN,XHAN,,False
CXWE.HA,CONVEST 21 VL A,EUR,"CONVEST 21 VL A is a fund and further information is needed to describe it's investment strategy, goal, or focus. It is a European fund.",,,,HAN,XHAN,,False
CXWK.HA,GOTHAER EURO-RENT,EUR,GOTHAER EURO-RENT is a Euro-denominated fixed income fund. It primarily invests in Euro-denominated bonds with the goal of generating income and capital appreciation. It is a European fund.,Fixed Income,Corporate Bonds,Allianz Global Investors Fund,HAN,XHAN,,False
CXWV.HA,BRW BALANCE.RETURN PLUS V,EUR,"BRW BALANCE.RETURN PLUS V is a balanced fund that seeks to achieve a positive return while managing risk through diversification across asset classes. The fund invests in a mix of equities, bonds, and other asset classes, such as real estate or commodities. It is a European fund.",Alternatives,Blend,Allianz Global Investors Fund,HAN,XHAN,,False
D1WA.HA,DWS AUSTRIA VERMOEGENS. T,EUR,DWS AUSTRIA VERMOEGENS. T is a fund focused on investing in Austrian assets. Further information is needed to determine the strategy. It is a European fund.,,,DWS Investment,HAN,XHAN,,False
D2W1.HA,DWS GLOBAL GROWTH LD,EUR,DWS GLOBAL GROWTH LD is a fund that invests in companies worldwide with the potential for strong growth. The fund diversifies across sectors and regions to capture global growth opportunities. It is a European fund.,Equities,Growth,DWS Investment,HAN,XHAN,,False
D2W4.HA,DWS SMART INDUST.TECH. LD,EUR,"DWS SMART INDUST.TECH. LD is a fund that invests in companies involved in smart industrial technologies. It is that the fund invests in sectors such as automation, robotics, artificial intelligence, and other technologies transforming industrial processes. It is a European fund.",Industrials,Growth,DWS Investment,HAN,XHAN,,False
D2W5.HA,DWS GERM.SMALL/MID CAP LD,EUR,,,,DWS Investment,HAN,XHAN,,False
DI4.HA,DWS GOLD PLUS INH.,EUR,"DWS GOLD PLUS INH is an investment fund managed by DWS Investment GmbH, focused on investing in gold and gold-related securities to achieve capital appreciation. The fund primarily invests in physical gold or derivatives linked to the price of gold, aiming to provide investors with exposure to the precious metal market. Its investment strategy is centered on the performance and dynamics of the gold market.",Commodities,,DWS Investment,HAN,XHAN,,False
DI44.HA,DWS USD FL.RATE NO. USDLD,EUR,"DWS USD FL.RATE NO. USDLD is a fund managed by DWS Investment GmbH that invests primarily in floating-rate notes denominated in US dollars. The fund aims to provide income by investing in a portfolio of short-term, investment-grade floating-rate debt instruments. It seeks to offer investors exposure to USD-denominated assets while mitigating interest rate risk.",Fixed Income,Corporate Bonds,DWS Investment,HAN,XHAN,,False
DI4A.HA,DWS FLOAT. RATE NOTES LC,EUR,DWS FLOAT. RATE NOTES LC is a fund managed by DWS Investment GmbH that invests primarily in floating-rate notes. The fund aims to generate income by investing in a portfolio of floating-rate debt instruments. It seeks to provide investors with exposure to debt securities while minimizing interest rate risk.,Fixed Income,Corporate Bonds,DWS Investment,HAN,XHAN,,False
DI4C.HA,DWS EO UL.SH.FI.INC.NC,EUR,,,,DWS Investment,HAN,XHAN,,False
DI4G.HA,DWS EURORENTA,EUR,DWS EURORENTA is a bond fund managed by DWS Investment GmbH that invests primarily in euro-denominated bonds. The fund seeks to generate income and capital appreciation by investing in a diversified portfolio of government and corporate bonds. It aims to provide investors with exposure to the European fixed income market.,Fixed Income,Government Bonds,DWS Investment,HAN,XHAN,,False
DI4I.HA,DWS ESG EUR.BDS(MEDIUM)LC,EUR,"DWS ESG EUR.BDS(MEDIUM)LC is a bond fund managed by DWS Investment GmbH that invests in euro-denominated bonds with a medium-term maturity profile, incorporating environmental, social, and governance (ESG) factors. The fund aims to generate income and capital appreciation while promoting responsible investing. It seeks to provide investors with exposure to the European fixed income market with ESG considerations.",Fixed Income,Corporate Bonds,DWS Investment,HAN,XHAN,,False
DI4M.HA,DWS OSTEUROPA INH.,EUR,DWS OSTEUROPA INH is an equity fund managed by DWS Investment GmbH that invests primarily in companies located in Eastern Europe. The fund aims to generate capital appreciation by investing in a diversified portfolio of stocks from the region. It seeks to provide investors with exposure to the growth potential of Eastern European economies.,Financials,,DWS Investment,HAN,XHAN,,False
DI4T.HA,DWS ESG EURO BDS(LONG) LC,EUR,"DWS ESG EURO BDS(LONG) LC is a fund managed by DWS Investment GmbH that invests primarily in euro-denominated bonds with long maturities while considering Environmental, Social, and Governance (ESG) factors. The fund seeks to generate income and capital appreciation by investing in a portfolio of government and corporate bonds that meet certain ESG criteria. It aims to provide investors with exposure to the long-term European fixed income market in a sustainable manner.",Fixed Income,Corporate Bonds,DWS Investment,HAN,XHAN,,False
DI7F.HA,ALLIANZ FDS JAPAN A (EUR),EUR,"ALLIANZ FDS JAPAN A (EUR) is a sub-fund of Allianz Global Investors Fund, focusing on investments in Japanese equities while denominated in EUR; Allianz Global Investors is a global asset management company headquartered in Munich, Germany. The fund aims to achieve capital growth by investing primarily in the Japanese stock market.",Financials,,Allianz Global Investors Fund,HAN,XHAN,,False
DI7H.HA,ALL.GELDM.SPEZIAL A EUR,EUR,"ALL.GELDM.SPEZIAL A EUR is a money market fund, a Spezialfonds (special fund) offered by Allianz Global Investors and denominated in EUR; Allianz Global Investors is a global asset management company headquartered in Munich, Germany. The fund aims to provide stable returns by investing in short-term, low-risk debt instruments.",Cash,Money Market Instruments,Allianz Global Investors Fund,HAN,XHAN,,False
DI7J.HA,ALLIANZ FL.RENTENFDS A(EO,EUR,"ALLIANZ FL.RENTENFDS A(EO) is a flexible bond fund offered by Allianz Global Investors, investing in a variety of fixed-income securities and denominated in EUR; Allianz Global Investors is a global asset management company headquartered in Munich, Germany. The fund aims to provide income and capital appreciation by dynamically adjusting its asset allocation within the fixed-income market.",Fixed Income,Corporate Bonds,Allianz Global Investors Fund,HAN,XHAN,,False
DI7L.HA,ALL.INTERN.RENTENFD.A EUR,EUR,"ALL.INTERN.RENTENFD.A EUR is an international bond fund offered by Allianz Global Investors, investing in a globally diversified portfolio of fixed-income securities and denominated in EUR; Allianz Global Investors is a global asset management company headquartered in Munich, Germany. The fund aims to provide income and capital appreciation by investing in bonds from various countries and regions.",Fixed Income,Corporate Bonds,Allianz Global Investors Fund,HAN,XHAN,,False
DI7M.HA,ALLIANZ EUROPAZINS A EUR,EUR,"ALLIANZ EUROPAZINS A EUR is a Euro bond fund offered by Allianz Global Investors focusing on European fixed-income securities and denominated in EUR; Allianz Global Investors is a global asset management company headquartered in Munich, Germany. The fund seeks to provide income and capital appreciation through investments in Euro-denominated bonds issued by European entities.",Fixed Income,Corporate Bonds,Allianz Global Investors Fund,HAN,XHAN,,False
DI7R.HA,ALL.NEBENW.D A (EUR),EUR,"ALL.NEBENW.D A (EUR) is a German small-cap equity fund offered by Allianz Global Investors and denominated in EUR; Allianz Global Investors is a global asset management company headquartered in Munich, Germany. The fund invests primarily in smaller companies listed on German stock exchanges with the goal of achieving capital appreciation.",Financials,,Allianz Global Investors Fund,HAN,XHAN,,False
DI7S.HA,ALL.VERM.EU A (EUR),EUR,"ALL.VERM.EU A (EUR) is a fund focused on wealth accumulation through investments in European assets, managed by Allianz Global Investors and denominated in EUR; Allianz Global Investors is a global asset management company headquartered in Munich, Germany. The fund's objective is to achieve long-term capital growth by investing in a diversified portfolio of European equities and/or fixed-income securities.",Financials,Blend,Allianz Global Investors Fund,HAN,XHAN,,False
DI7T.HA,INDUSTRIA A EUR,EUR,"INDUSTRIA A EUR is an investment fund, focusing on industrial sector companies, managed by Allianz Global Investors and denominated in EUR; Allianz Global Investors is a global asset management company headquartered in Munich, Germany. The fund seeks to achieve capital growth by investing in companies within the industrial sector.",Industrials,,Allianz Global Investors Fund,HAN,XHAN,,False
DI7U.HA,CONCENTRA A EUR,EUR,"CONCENTRA A EUR is a mixed asset fund offered by Allianz Global Investors, investing in a combination of equities and fixed-income securities and denominated in EUR; Allianz Global Investors is a global asset management company headquartered in Munich, Germany. The fund aims to provide a balanced investment approach with both growth and income potential through a diversified portfolio.",Financials,Blend,Allianz Global Investors Fund,HAN,XHAN,,False
DI7X.HA,ALL.WACHS.EU A (EUR),EUR,"ALL.WACHS.EU A (EUR) is a growth-oriented fund focused on European equities, managed by Allianz Global Investors and denominated in EUR; Allianz Global Investors is a global asset management company headquartered in Munich, Germany. The fund aims to achieve capital appreciation by investing in companies with high growth potential within the European region.",Financials,Growth,Allianz Global Investors Fund,HAN,XHAN,,False
DJF1.HA,ALL.WACHST.EUROLAND A EO,EUR,,,,,HAN,XHAN,,False
DJF2.HA,ALL. FDS SCHWEIZ A EO,EUR,,,,,HAN,XHAN,,False
DJFA.HA,ALL.VERM.DTLA (EUR),EUR,,,,,HAN,XHAN,,False
DJFB.HA,ALL.INTERGL.A (EUR),EUR,,,,,HAN,XHAN,,False
DJFD.HA,KAPITAL PLUS A EUR,EUR,,,,Allianz Global Investors Fund,HAN,XHAN,,False
DJFE.HA,ALLIANZ MOBIL-FONDS A EUR,EUR,,,,Allianz Global Investors Fund,HAN,XHAN,,False
DJFF.HA,ALL.BIOTECH. A (EUR),EUR,,,,Allianz Global Investors Fund,HAN,XHAN,,False
DJFG.HA,ALL.GLOB.EQUITY DIV. A EO,EUR,,Equities,,Allianz Global Investors Fund,HAN,XHAN,,False
DJFH.HA,ALL.THESAUR. AT (EUR),EUR,,,,Allianz Global Investors Fund,HAN,XHAN,,False
DJFJ.HA,AL.US LC GR. A (EUR),EUR,,,,Allianz Global Investors Fund,HAN,XHAN,,False
DJFK.HA,ALLIANZ ROHSTOFFFONDS A,EUR,,,,Allianz Global Investors Fund,HAN,XHAN,,False
DJFL.HA,ALL.INFORMAT A (EUR),EUR,,,,Allianz Global Investors Fund,HAN,XHAN,,False
DKE1.HA,BAYERNINV.OSTEUR.FDS ANL,EUR,,,,Deka Investment,HAN,XHAN,,False
DKEB.HA,DKB NACHHALT.FDS SDG AL,EUR,,,,Deka Investment,HAN,XHAN,,False
DWS1.HA,DWS I.-TOP EUROLAND LD,EUR,DWS Investment Top Euroland LD is a mutual fund managed by DWS Investment GmbH that invests primarily in equities of companies based in the Eurozone. The fund aims to achieve capital appreciation by selecting companies with strong growth potential and solid financial fundamentals within the Eurozone. The fund is domiciled in Germany.,Equities,Developed Markets,DWS Investment,HAN,XHAN,,False
DWS2.HA,DWS I.-TOP EUROLAND NC,EUR,DWS Investment Top Euroland NC is a mutual fund managed by DWS Investment GmbH that invests primarily in equities of companies based in the Eurozone. The fund aims to achieve capital appreciation by selecting companies with strong growth potential and solid financial fundamentals within the Eurozone. The fund is domiciled in Germany.,Equities,Developed Markets,DWS Investment,HAN,XHAN,,False
DWS5.HA,DWSI-EUR.EQ.HI.CO.NC,EUR,DWSI-EUR.EQ.HI.CO.NC is a fund managed by DWS Investment GmbH which invests in European equities with a focus on high-conviction ideas. The fund aims to generate capital appreciation through a concentrated portfolio of European companies. It is actively managed and seeks to outperform its benchmark.,Equities,Developed Markets,DWS Investment,HAN,XHAN,,False
DWS6.HA,DWSI-EUR.EQ.HI.CO.LD,EUR,DWSI-EUR.EQ.HI.CO.LD is a fund managed by DWS Investment GmbH that invests in European equities with a high conviction approach. The fund's objective is to achieve long-term capital growth by investing in a concentrated portfolio of European companies that the fund managers believe have significant potential. The fund is domiciled in Germany.,Equities,Developed Markets,DWS Investment,HAN,XHAN,,False
DWS8.HA,DWSI-EUR.EQ.HI.CO.LC,EUR,"DWSI-EUR.EQ.HI.CO.LC is a fund managed by DWS Investment GmbH that invests in European equities, focusing on high-conviction ideas. The objective is to achieve capital appreciation through a concentrated portfolio of carefully selected European companies with strong growth potential. The fund is domiciled in Germany.",Equities,Developed Markets,DWS Investment,HAN,XHAN,,False
DWSA.HA,DWS INV.-TOP ASIA LD,EUR,DWS Invest Top Asia LD is a mutual fund managed by DWS Investment GmbH that invests primarily in equities of companies located in Asia. The fund aims to achieve capital appreciation by investing in companies with strong growth potential and solid financial fundamentals. The fund is part of a larger family of DWS funds.,Alternatives,Emerging Markets,DWS Investment,HAN,XHAN,,False
DWSC.HA,DWS INV.-TOP ASIA LC,EUR,"DWS Invest Top Asia LC is a mutual fund managed by DWS Investment GmbH, investing in equities of companies located in Asia (excluding Japan). It seeks to achieve capital appreciation by selecting companies with strong growth potential and solid financials. The fund is actively managed and diversified.",Alternatives,Emerging Markets,DWS Investment,HAN,XHAN,,False
DWSM.HA,DWS I.-GLOB.EM EQTS. LC,EUR,"DWS I.-GLOB.EM EQTS. LC is a fund that invests in global emerging market equities, aiming to provide investors with exposure to the growth potential of developing economies. The fund is managed by DWS, a global asset manager. The specific investment strategy and holdings would need to be verified in the fund's documentation.",Alternatives,Emerging Markets,DWS Investment,HAN,XHAN,,False
DWSN.HA,DWS. I.-GLOB.EM EQTS. LD,EUR,"DWS. I.-GLOB.EM EQTS. LD is a fund that invests in global emerging market equities, aiming to provide investors with exposure to the growth potential of developing economies. The fund is managed by DWS, a global asset manager. The specific investment strategy and holdings would need to be verified in the fund's documentation.",Alternatives,Emerging Markets,DWS Investment,HAN,XHAN,,False
DWSS.HA,DWS I.-CONVERT. LC,EUR,"DWS I.-CONVERT. LC is a fund that invests in convertible securities. These are bonds or preferred stocks that can be converted into a predetermined amount of the company's common stock. The fund is managed by DWS, aiming to provide a combination of income and capital appreciation.",Alternatives,,DWS Investment,HAN,XHAN,,False
DWSY.HA,DWS TUERKEI,EUR,"DWS TUERKEI is a fund focused on investments in Turkey. The fund invests in Turkish equities and other securities, aiming to capitalize on the economic growth and investment opportunities within Turkey. The fund is managed by DWS.",Alternatives,Emerging Markets,DWS Investment,HAN,XHAN,,False
DWW4.HA,DWS NOMUR.JAP.GROWTH LCHP,EUR,"DWS NOMUR.JAP.GROWTH LCHP is a fund investing in Japanese growth stocks, particularly focusing on large-cap companies. The fund leverages the expertise of Nomura Asset Management in identifying promising growth opportunities within the Japanese market. It is managed by DWS.",Alternatives,Developed Markets,DWS Investment,HAN,XHAN,,False
DWW9.HA,DWS EMERGI.MARK. TYP O ND,EUR,"DWS EMERGI.MARK. TYP O ND is a fund investing in emerging markets. This fund invests across a range of emerging market equities and other asset classes, aiming to capture growth opportunities in developing economies. The ""Typ O ND"" refers to a specific share class or fund structure.",Alternatives,Emerging Markets,DWS Investment,HAN,XHAN,,False
DWWB.HA,DWS QI LOWVOL EUROPE NC,EUR,"DWS QI LOWVOL EUROPE NC is a fund that employs a quantitative investment strategy to invest in European equities with low volatility characteristics. The fund aims to provide investors with exposure to the European market while mitigating downside risk. It is managed by DWS using its ""QI"" (Quantitative Investment) approach.",Alternatives,Developed Markets,DWS Investment,HAN,XHAN,,False
DWWD.HA,DWS BIOTECH LC,EUR,"DWS BIOTECH LC is a fund that invests in the biotechnology sector. The fund invests in companies involved in the research, development, and manufacturing of pharmaceutical and biotechnological products. It is managed by DWS.",Health Care,Growth,DWS Investment,HAN,XHAN,,False
DWWE.HA,DWS GERMAN EQUITIES TYP O,EUR,"DWS GERMAN EQUITIES TYP O is a fund focused on investing in German equities. The fund invests in a broad range of German stocks, aiming to capture the overall performance of the German equity market. The ""Typ O"" refers to a specific share class or fund structure.",Equities,,DWS Investment,HAN,XHAN,,False
DWWH.HA,DWS TOP PORTF.OFFENSIV LC,EUR,"DWS TOP PORTF.OFFENSIV LC is an aggressively managed fund. It is a multi-asset fund with a high allocation to equities, pursuing capital appreciation as its primary goal. The fund is managed by DWS.",Alternatives,Blend,DWS Investment,HAN,XHAN,,False
DWWJ.HA,DWS HEALTH CARE TYP O NC,EUR,"DWS HEALTH CARE TYP O NC is a fund that invests in the healthcare sector, it is a non-currency hedged fund. The fund invests in companies involved in pharmaceuticals, medical devices, healthcare services, and biotechnology. It is managed by DWS, and ""Typ O"" refers to a specific share class or investment strategy.",Health Care,Growth,DWS Investment,HAN,XHAN,,False
DWWM.HA,DWS RUSSIA INH.LC,EUR,"DWS RUSSIA INH.LC is a fund that invests in the Russian market. The fund focuses on Russian equities and other securities, aiming to capitalize on the economic growth and investment opportunities in Russia. It is managed by DWS.",Alternatives,Emerging Markets,DWS Investment,HAN,XHAN,,False
DWWN.HA,DWS INDIA LC,EUR,"DWS INDIA LC is a fund that invests in the Indian market. The fund focuses on Indian equities and other securities, aiming to capitalize on the economic growth and investment opportunities within India. It is managed by DWS.",Alternatives,Emerging Markets,DWS Investment,HAN,XHAN,,False
DWWS.HA,BASLER-INTERNATIONAL DWS,EUR,"BASLER-INTERNATIONAL DWS is a fund, a sub-fund or a specific investment product offered in collaboration between Basler Versicherung (an insurance company) and DWS Investment GmbH (an asset management company). The fund's investment strategy would be tailored to meet the specific needs and risk profile of Basler's clients, typically focused on long-term capital appreciation and/or income generation. The fund invests in global markets through DWS's investment expertise.",Alternatives,Developed Markets,DWS Investment,HAN,XHAN,,False
DWWV.HA,DWS CONCEPT DJE GL.AKTIEN,EUR,"DWS Concept DJE Global Aktien is a fund that invests in global equities following a specific investment concept developed in collaboration with DJE Kapital AG. The fund aims to achieve capital appreciation through a diversified portfolio of international stocks. Its management and operations are overseen by DWS Group, headquartered in Frankfurt, Germany.",Equities,,DWS Investment,HAN,XHAN,,False
DWWW.HA,DWS US GROWTH,EUR,"DWS US Growth is a fund focused on investing in US-based companies with growth potential. The fund's objective is to generate capital appreciation by selecting companies that exhibit strong growth characteristics. DWS Group, based in Frankfurt, Germany, manages the fund.",Equities,Growth,DWS Investment,HAN,XHAN,,False
DWWY.HA,DWS GLOB.NAT.RES.EQ.TYP O,EUR,"DWS Global Natural Resources Equity Typ O is a fund that invests in companies involved in the natural resources sector worldwide. The fund aims to provide investors with exposure to businesses related to energy, mining, agriculture, and other resource-related industries. It is managed by DWS Group, headquartered in Frankfurt, Germany.",Energy,Blend,DWS Investment,HAN,XHAN,,False
DXQP.HA,DEUTSCH.MITTELST.FDS M EO,EUR,"DEUTSCH.MITTELST.FDS M EO is a fund focused on investing in medium-sized German companies. It could provide capital and support to these businesses, aiming for long-term growth and returns for its investors",Alternatives,,,HAN,XHAN,,False
DZ72.HA,DWS BALANCE,EUR,"DWS BALANCE is a balanced mutual fund managed by DWS, Deutsche Bank's asset management arm. The fund typically invests in a mix of stocks and bonds, aiming to provide investors with a balance between growth potential and capital preservation",Alternatives,Blend,DWS Investment,HAN,XHAN,,False
DZ7A.HA,DWS FINANCIALS TYP O ND,EUR,"DWS FINANCIALS TYP O ND is a mutual fund managed by DWS, Deutsche Bank's asset management division, that invests primarily in financial sector companies. The fund seeks to achieve capital appreciation by focusing on companies within the financials industry, across different geographies",Alternatives,Developed Markets,DWS Investment,HAN,XHAN,,False
DZ7C.HA,BASLER-RENTENFONDS DWS,EUR,"BASLER-RENTENFONDS DWS is a bond fund managed by DWS in collaboration with Basler Versicherung, an insurance company. The fund invests in a diversified portfolio of fixed-income securities to generate income and preserve capital for its investors",Fixed Income,Corporate Bonds,DWS Investment,HAN,XHAN,,False
DZ7F.HA,LOEWEN-AKTIENFONDS,EUR,"LOEWEN-AKTIENFONDS is an equity fund focused on investing in stocks, possibly with a specific regional or thematic focus. The fund aims to achieve capital appreciation for its investors through investments in a diversified portfolio of equities",Equities,,,HAN,XHAN,,False
DZ7I.HA,DWS VORSORGE AS (DYNAMIK),EUR,"DWS VORSORGE AS (DYNAMIK) is a fund managed by DWS that focuses on providing investment solutions for retirement savings, emphasizing dynamic asset allocation. The fund adjusts its asset allocation based on market conditions and investor risk tolerance to achieve long-term capital growth",Alternatives,Blend,DWS Investment,HAN,XHAN,,False
DZ7J.HA,DWS INTERNAT.RENT.TYP NC,EUR,DWS INTERNAT.RENT.TYP NC is an international bond fund managed by DWS. The fund focuses on investing in a diversified portfolio of bonds from various countries. The fund aims to generate income and capital appreciation by actively managing its bond portfolio across different regions and sectors.,Fixed Income,Corporate Bonds,DWS Investment,HAN,XHAN,,False
DZ7L.HA,LEA-FONDS DWS,EUR,LEA-FONDS DWS is an investment fund managed by DWS. It's objective is to create a portfolio of investments that align with a specific strategy. It invests in a variety of assets.,Alternatives,Blend,DWS Investment,HAN,XHAN,,False
DZ7R.HA,DWS EURO FLEXIZINS NC,EUR,"DWS EURO FLEXIZINS NC is a Euro-denominated flexible interest rate fund managed by DWS. The fund invests in a diversified portfolio of fixed-income securities within the Eurozone, aiming to provide investors with a stable income stream while maintaining flexibility in its investment approach. Its objective is to generate attractive returns in a low-interest-rate environment.",Fixed Income,Corporate Bonds,DWS Investment,HAN,XHAN,,False
DZ7U.HA,ALLIANZ RENTENFONDS A EUR,EUR,ALLIANZ RENTENFONDS A EUR is a Euro-denominated bond fund managed by Allianz Global Investors. The fund invests primarily in Euro-denominated government and corporate bonds with the aim of generating income and capital appreciation. Its objective is to provide investors with a stable and diversified fixed-income portfolio.,Fixed Income,Corporate Bonds,Allianz Global Investors Fund,HAN,XHAN,,False
DZ7V.HA,DWS EUROZONE BDS FLEX.LD,EUR,"DWS EUROZONE BDS FLEX.LD is a bond fund focused on the Eurozone, managed by DWS. It has a flexible investment strategy, allowing the fund manager to adjust the portfolio based on market conditions. It aims to achieve attractive returns by investing in a diversified portfolio of Eurozone bonds.",Fixed Income,Corporate Bonds,DWS Investment,HAN,XHAN,,False
DZ7W.HA,DWS INTER-RENTA LD,EUR,"DWS INTER-RENTA LD is a global bond fund managed by DWS. It invests in a diversified portfolio of bonds from various countries and sectors, aiming to generate income and capital appreciation. The fund's objective is to provide investors with access to the global fixed-income market.",Fixed Income,Corporate Bonds,DWS Investment,HAN,XHAN,,False
DZ7X.HA,DWS EURO BOND FUND LD,EUR,DWS EURO BOND FUND LD is a bond fund focusing on Euro-denominated bonds managed by DWS. The fund invests primarily in investment-grade Euro bonds. The fund's objective is to achieve attractive returns by investing in a diversified portfolio of Euro-denominated bonds.,Fixed Income,Corporate Bonds,DWS Investment,HAN,XHAN,,False
DZ7Y.HA,DWS COVERED BOND FUND LD,EUR,DWS COVERED BOND FUND LD is a bond fund specializing in covered bonds managed by DWS. The fund invests primarily in covered bonds issued by European financial institutions. The fund aims to provide investors with a secure and stable income stream by investing in this type of high-quality fixed-income security.,Fixed Income,Corporate Bonds,DWS Investment,HAN,XHAN,,False
ERD1.HA,BGF-GL DYN.EQU.F.N.A2 USD,EUR,"BGF-GL DYN.EQU.F.N.A2 USD is a fund that employs a dynamic equity investment strategy on a global scale. The fund aims to achieve capital appreciation by investing in a diversified portfolio of equities across different countries and sectors. Its investment approach is designed to be flexible, adjusting allocations based on market conditions and investment opportunities.",Equities,Blend,BlackRock Asset Management,HAN,XHAN,,False
ERD6.HA,BGF-GBL L.-HOR.EQU. A2EO,EUR,BGF-GBL L.-HOR.EQU. A2EO is a fund that invests in global equities with a long-term investment horizon. The fund aims to achieve capital appreciation by investing in a diversified portfolio of companies around the world. It focuses on identifying companies with strong growth potential and sustainable business models.,Equities,Developed Markets,BlackRock Asset Management,HAN,XHAN,,False
ERDD.HA,BGF-LATIN AMERICAN NAM.A2,EUR,"BGF-LATIN AMERICAN NAM.A2 is a fund that focuses on investing in Latin American markets, aiming to provide long-term capital growth. The fund typically invests in a diversified portfolio of equities of companies located in Latin America. The fund is managed by BlackRock, a global investment management firm headquartered in New York City.",Equities,Emerging Markets,BlackRock Asset Management,HAN,XHAN,,False
ERDE.HA,BGF-ASIAN DRAGON NAM.A2,EUR,"BGF-ASIAN DRAGON NAM.A2 is a fund focused on investing in companies in the Asian region, excluding Japan, with a focus on companies demonstrating strong growth potential. The fund aims to achieve long-term capital appreciation by investing in a diversified portfolio of Asian equities. BlackRock, headquartered in New York City, manages the fund.",Equities,Growth,BlackRock Asset Management,HAN,XHAN,,False
ERDF.HA,BGF-EMERG.EUROPE NAM.A2,EUR,"BGF-EMERG.EUROPE NAM.A2 is a fund dedicated to investing in the emerging markets of Europe, with the goal of achieving long-term capital growth. The fund typically invests in a diverse range of companies located in emerging European nations. BlackRock, a global investment management firm headquartered in New York City, manages the fund.",Equities,Emerging Markets,BlackRock Asset Management,HAN,XHAN,,False
ERDH.HA,BGF-EUR.SPEC.SIT.A2,EUR,"BGF-EUR.SPEC.SIT.A2 is a fund that focuses on investing in special situations within the European market, aiming for capital appreciation. The fund seeks to identify and capitalize on unique opportunities, such as corporate restructurings, mergers, and other specific events. BlackRock, a global investment management firm based in New York City, manages the fund.",Equities,Growth,BlackRock Asset Management,HAN,XHAN,,False
ERDK.HA,BGF-SUST.ENERGY NAM. A2,EUR,"BGF-SUST.ENERGY NAM. A2 is a fund that focuses on investing in companies involved in the sustainable energy sector, aiming for long-term capital growth. It seeks to invest in businesses that contribute to cleaner energy sources and technologies. The fund is managed by BlackRock, a global investment management firm headquartered in New York City.",Energy,Growth,BlackRock Asset Management,HAN,XHAN,,False
ERDL.HA,BGF-SYS.GL SMALLC.A2,EUR,"BGF-SYS.GL SMALLC.A2 is a fund focused on investing in small-capitalization companies globally, aiming for long-term capital growth. The fund uses a systematic investment approach to select and manage its investments. BlackRock, a global investment management firm headquartered in New York City, manages the fund.",Equities,Small Cap,BlackRock Asset Management,HAN,XHAN,,False
ERDN.HA,BGF-WORLD ENERGY F.NAM.A2,EUR,"BGF-WORLD ENERGY F.NAM.A2 is a fund that invests globally in companies operating in the energy sector, with the objective of achieving long-term capital growth. The fund focuses on companies involved in the exploration, production, and distribution of energy resources. BlackRock, a global investment management firm headquartered in New York City, manages the fund.",Energy,Growth,BlackRock Asset Management,HAN,XHAN,,False
ERDR.HA,BGF-SUST.ENERGY NA.A2EO,EUR,"BGF-SUST.ENERGY NA.A2EO is a fund focused on investing in companies involved in the sustainable energy sector, aiming to generate long-term capital growth. The fund invests in businesses that focus on renewable energy sources, energy efficiency, and related technologies. BlackRock, a global investment management firm headquartered in New York City, manages this fund.",Energy,Growth,BlackRock Asset Management,HAN,XHAN,,False
ERDS.HA,BGF-WORLD EN. F.NAM.A2EUR,EUR,"BGF-WORLD EN. F.NAM.A2EUR is a fund that focuses on investing in companies within the global energy sector, aiming for long-term capital appreciation. The fund invests in companies involved in the exploration, production, and distribution of energy resources worldwide. BlackRock, a global investment management firm headquartered in New York City, manages the fund.",Energy,Growth,BlackRock Asset Management,HAN,XHAN,,False
ERDV.HA,BGF-WLD HEALTHSC.NA.A2EO,EUR,"BGF-WLD HEALTHSC.NA.A2EO is a fund focused on investing in the global healthcare sector, with the aim of achieving long-term capital appreciation. The fund invests in companies involved in various aspects of the healthcare industry, including pharmaceuticals, biotechnology, and medical technology. BlackRock, a global investment management firm headquartered in New York City, manages this fund.",Health Care,Growth,BlackRock Asset Management,HAN,XHAN,,False
EZT6.HA,ODDO BHF MONEY MKT CR-EUR,EUR,"The ODDO BHF Money Market CR-EUR is a money market fund that invests in short-term, euro-denominated debt instruments. It aims to provide investors with a high degree of capital preservation and liquidity. ODDO BHF Asset Management manages the fund, seeking to generate returns that are competitive with prevailing money market rates.",Cash,Money Market Instruments,ODDO BHF Asset Management SAS,HAN,XHAN,,False
EZTC.HA,ODDO BHF FRANKF.-E.DR-EUR,EUR,"The ODDO BHF FRANKF.-E.DR-EUR is an equity fund that invests in German stocks. It aims to achieve long-term capital appreciation by selecting companies with strong growth potential. The fund is managed by ODDO BHF Asset Management, located in Frankfurt, Germany.",Equities,Growth,ODDO BHF Asset Management SAS,HAN,XHAN,,False
EZTG.HA,HANNOVERSCHEMEDIUMINVEST,EUR,"The HANNOVERSCHEMEDIUMINVEST is a mixed asset fund managed by Hannoversche Lebensversicherung AG, based in Germany. The fund invests in a diversified portfolio of equities and fixed income securities with a focus on medium-term investments. The aim is to achieve a balance between income and capital growth with a medium risk profile.",Alternatives,Blend,Amundi Asset Management,HAN,XHAN,,False
EZTJ.HA,HANNOVERSCHEMAXINVEST,EUR,"The HANNOVERSCHEMAXINVEST is a mixed asset fund managed by Hannoversche Lebensversicherung AG, based in Germany. The fund invests in a diversified portfolio of equities and fixed-income instruments with a focus on maximizing returns. The fund aims to achieve capital appreciation over the long term, accepting a higher risk profile.",Alternatives,Blend,Amundi Asset Management,HAN,XHAN,,False
EZTQ.HA,FMM-FONDS,EUR,"The FMM-FONDS is a fund that invests in a diversified portfolio of assets, including equities, bonds, and real estate. The fund is managed by Frankfurter Verwaltungsgesellschaft für Investmentanlagen mbH (FMM). The investment strategy focuses on generating long-term capital appreciation through active asset allocation.",Alternatives,Blend,Amundi Asset Management,HAN,XHAN,,False
F1T.HA,FIRST REAL EST. INV. TR.,EUR,"FIRST REAL EST. INV. TR. refers to First Real Estate Investment Trust, a company or fund focused on investing in real estate properties. The REIT generates income through rental revenue and potential capital appreciation from property values. The specific geographic focus and types of properties invested in require further research.",Real Estate,REITs,,HAN,XHAN,,False
FF94.HA,FPM FDS-STOCK.GE.S./M.C C,EUR,,Equities,,,HAN,XHAN,,False
FGM2.HA,DWS I.-EO HY CORP. LD,EUR,,Fixed Income,High Yield Bonds,DWS Investment,HAN,XHAN,,False
FGMD.HA,DWS GLOBAL VALUE INH.LD,EUR,,Equities,Value,DWS Investment,HAN,XHAN,,False
FGMF.HA,DWS I.-EURO-GOV BONDS LC,EUR,"This is an investment fund focused on Euro government bonds, providing investors with exposure to the fixed income market of Eurozone countries. The fund aims to generate returns by investing in a diversified portfolio of government bonds issued by Eurozone member states. The headquarter location and specific details about the fund's management strategy would require further research.",Fixed Income,Government Bonds,DWS Investment,HAN,XHAN,,False
FGMG.HA,DWS I.-EURO-GOV BONDS LD,EUR,"This is an investment fund focused on Euro government bonds, aiming for long-duration exposure in the Eurozone fixed income market. The fund seeks to generate returns by investing in government bonds with longer maturities issued by Eurozone member states. The headquarter location and specific management details require further research.",Fixed Income,Government Bonds,DWS Investment,HAN,XHAN,,False
FGMJ.HA,DWS I.-ESG EO BDS SH. LC,EUR,"This is an investment fund focusing on ESG (Environmental, Social, and Governance) Euro-denominated bonds with a short-term focus. The fund invests in a portfolio of bonds issued by European entities that meet certain ESG criteria. The headquarter location and specific management details require further research.",Fixed Income,Corporate Bonds,DWS Investment,HAN,XHAN,,False
FGMK.HA,DWS I.-ESG EO BDS SH. LD,EUR,"This is an investment fund focusing on ESG (Environmental, Social, and Governance) Euro-denominated bonds with a short-term focus and a longer duration. The fund invests in a portfolio of bonds issued by European entities that meet certain ESG criteria, seeking higher returns through increased duration. The headquarter location and specific management details require further research.",Fixed Income,Corporate Bonds,DWS Investment,HAN,XHAN,,False
FGMM.HA,DWS INV.-TOP ASIA NC,EUR,"This is an investment fund focused on top-performing companies in Asia, excluding Japan, with a non-currency hedged approach. The fund aims to generate returns by investing in a concentrated portfolio of high-quality Asian equities. The headquarter location and specific details about the fund's management strategy would require further research.",Alternatives,Emerging Markets,DWS Investment,HAN,XHAN,,False
FGMY.HA,DWS I.-ESG EO BDS SH. NC,EUR,"This is an investment fund focusing on ESG (Environmental, Social, and Governance) Euro-denominated bonds with a short-term focus and currency hedging. The fund invests in a portfolio of bonds issued by European entities that meet certain ESG criteria, while also managing currency risk. The headquarter location and specific management details require further research.",Fixed Income,Corporate Bonds,DWS Investment,HAN,XHAN,,False
FGQF.HA,DWS-MERKUR-FONDS 1,EUR,,,,DWS Investment,HAN,XHAN,,False
FGV1.HA,JH-J.H.LATIN AMER. A2EO,EUR,,,,Janus Henderson,HAN,XHAN,,False
FGVB.HA,JH-J.H.CONT.EUROP.X2EO,EUR,,,,Janus Henderson,HAN,XHAN,,False
FGVH.HA,JH-J.H.CONT.EUROP.A2EO,EUR,,,,Janus Henderson,HAN,XHAN,,False
FGVI.HA,JH-J.H.EMERG.MKTS A2EO,EUR,,,,Janus Henderson,HAN,XHAN,,False
FGVM.HA,JH-J.H.PAN EUROP. A2EO,EUR,,,,Janus Henderson,HAN,XHAN,,False
FGVW.HA,JH-J.H.EMERG.MKTS A2DL,EUR,,,,Janus Henderson,HAN,XHAN,,False
FGZB.HA,UBS(L)BD-EOCOSU PA,EUR,,Fixed Income,,UBS Asset Management,HAN,XHAN,,False
FH4G.HA,AXA WLD-EO CR.PL.N.A T,EUR,,,,AXA World Funds,HAN,XHAN,,False
FH4H.HA,AXA WLD-EO CR.PL.N.A A,EUR,,,,AXA World Funds,HAN,XHAN,,False
FH4K.HA,AXA WLD-EO BDS NAM.A A.,EUR,,,,AXA World Funds,HAN,XHAN,,False
FH5Q.HA,JPM-RUSSIA FD JPMRF AD,EUR,"JPM-RUSSIA FD JPMRF AD is a fund that invests primarily in the Russian equity market, and it is possibly managed by J.P. Morgan Asset Management. Its investment objective is to achieve long-term capital appreciation through investments in companies located in or with significant exposure to Russia. More information can be found in the fund's prospectus.",,Emerging Markets,JPMorgan Asset Management,HAN,XHAN,,False
FH5R.HA,JPM-RUSSIA FD JPMRF AA,EUR,"JPM-RUSSIA FD JPMRF AA is a fund that invests primarily in the Russian equity market, and it is possibly managed by J.P. Morgan Asset Management. Its investment objective is to achieve long-term capital appreciation through investments in companies located in or with significant exposure to Russia. More information can be found in the fund's prospectus.",,Emerging Markets,JPMorgan Asset Management,HAN,XHAN,,False
FH8B.HA,UBS(L)KEY-EU.E.V.O.EOPACC,EUR,"UBS(L)KEY-EU.E.V.O.EOPACC is a sub-fund managed by UBS Asset Management, focusing on European equities with a value-oriented approach. The fund aims to identify and invest in undervalued companies within the European market. UBS Asset Management is a global asset manager with headquarters in Zurich, Switzerland.",Equities,Value,UBS Asset Management,HAN,XHAN,,False
FHJB.HA,UBSLBF-EUR FLEXIBLE PD,EUR,"UBSLBF-EUR FLEXIBLE PD is a flexible bond fund managed by UBS, investing in Euro-denominated bonds, with a distribution focus. The fund aims to provide income by dynamically adjusting its asset allocation based on market conditions and distributing the earnings to investors. The fund's headquarter location and specific product offerings require further research.",Fixed Income,Corporate Bonds,UBS Asset Management,HAN,XHAN,,False
FHJD.HA,UBS (LUX) BF-EO H.YLD P A,EUR,"UBS (LUX) BF-EO H.YLD P A is a high-yield bond fund managed by UBS, investing in Euro-denominated high-yield bonds. The fund aims to provide high income by investing in lower-rated corporate debt. The fund's headquarter location and specific product offerings require further research.",Fixed Income,High Yield Bonds,UBS Asset Management,HAN,XHAN,,False
FHQE.HA,ROBECO ALL STRAT.EO DHEO,EUR,"ROBECO ALL STRAT.EO DHEO invests in a diversified portfolio of Euro-denominated bonds, employing a flexible investment strategy to adapt to changing market conditions. The fund aims to generate attractive risk-adjusted returns by allocating assets across various fixed-income sectors and maturities. Robeco, headquartered in Rotterdam, Netherlands, manages the fund.",Fixed Income,Corporate Bonds,Robeco Institutional Asset Mgmt BV,HAN,XHAN,,False
FHQG.HA,ROB.SUST.EUROP.ST.EQU.DEO,EUR,"ROB.SUST.EUROP.ST.EQU.DEO invests in a concentrated portfolio of sustainable European equities, focusing on companies that demonstrate strong environmental, social, and governance (ESG) practices. The fund aims to achieve long-term capital appreciation while contributing to a more sustainable economy. The fund is managed by Robeco, headquartered in Rotterdam, Netherlands.",Alternatives,Developed Markets,Robeco Institutional Asset Mgmt BV,HAN,XHAN,,False
FHQI.HA,ROBECO ASIA-PACIFIC EQ.D,EUR,"ROBECO ASIA-PACIFIC EQ.D invests in equities of companies located in the Asia-Pacific region (excluding Japan). The fund aims to provide long-term capital appreciation by investing in a diversified portfolio of stocks across various sectors and countries within the region. The fund is managed by Robeco, headquartered in Rotterdam, Netherlands.",Alternatives,Emerging Markets,Robeco Institutional Asset Mgmt BV,HAN,XHAN,,False
FHQJ.HA,ROBECO EMERG.MKTS EQ.D EO,EUR,"ROBECO EMERG.MKTS EQ.D EO invests in equities of companies located in emerging markets. The fund aims to achieve long-term capital appreciation by investing in a diversified portfolio of stocks across various emerging economies. The fund is managed by Robeco, an international asset manager headquartered in Rotterdam, Netherlands.",Alternatives,Emerging Markets,Robeco Institutional Asset Mgmt BV,HAN,XHAN,,False
FHQL.HA,ROBECO SUS.PPTY EQ.D EO,EUR,"ROBECO SUS.PPTY EQ.D EO invests in equities of companies operating in the real estate sector that demonstrate strong sustainability practices. The fund aims to provide long-term capital appreciation by investing in companies that contribute to a more sustainable built environment. The fund is managed by Robeco, headquartered in Rotterdam, Netherlands.",Real Estate,REITs,Robeco Institutional Asset Mgmt BV,HAN,XHAN,,False
FHQR.HA,RO.CGF-R.BP US PR.EQ.DHEO,EUR,"RO.CGF-R.BP US PR.EQ.DHEO seeks to achieve long-term capital appreciation by investing in a concentrated portfolio of high-quality US companies. The fund focuses on identifying companies with strong management teams, sustainable competitive advantages, and attractive valuations. The fund is managed by Robeco, headquartered in Rotterdam, Netherlands.",Alternatives,Large Cap,Natixis Funds,HAN,XHAN,,False
FHU7.HA,LBBW NACHHALTIGKEIT AKT.R,EUR,"LBBW Nachhaltigkeit Aktien R is an equity fund focusing on sustainable investments. The fund invests in stocks of companies that meet specific environmental, social, and governance (ESG) criteria. The fund is managed by LBBW Asset Management, headquartered in Stuttgart, Germany.",Fixed Income,Developed Markets,LBBW Asset Management,HAN,XHAN,,False
FHU8.HA,LBBW ZYKLUS STRATEGIE R,EUR,"LBBW Zyklus Strategie R is a fund that invests based on the economic cycle. It shifts its asset allocation between equities and bonds depending on the current stage of the business cycle. The fund is managed by LBBW Asset Management, headquartered in Stuttgart, Germany.",Fixed Income,Blend,LBBW Asset Management,HAN,XHAN,,False
FHUA.HA,LBBW DIVID.STRAT.EUROL.R,EUR,"LBBW Divid.Strat.Eurol.R invests in dividend-paying stocks within the Eurozone. The fund focuses on companies with solid dividend yields and sustainable dividend policies. The fund is managed by LBBW Asset Management, headquartered in Stuttgart, Germany.",Fixed Income,Developed Markets,LBBW Asset Management,HAN,XHAN,,False
FHUC.HA,LBBW RENTAMAX R,EUR,"LBBW Rentamax R is a bond fund that aims to maximize returns within a defined risk profile. The fund invests in a diversified portfolio of fixed-income securities. The fund is managed by LBBW Asset Management, headquartered in Stuttgart, Germany.",Fixed Income,Corporate Bonds,LBBW Asset Management,HAN,XHAN,,False
FHUF.HA,LBBW RENTEN EO FLEX NACH.,EUR,"LBBW Renten EO Flex Nach. is a flexible bond fund focusing on Euro-denominated securities and sustainability. The fund can adjust its asset allocation based on market conditions while adhering to ESG criteria. The fund is managed by LBBW Asset Management, headquartered in Stuttgart, Germany.",Fixed Income,Corporate Bonds,LBBW Asset Management,HAN,XHAN,,False
FHUH.HA,LBBW AKTIEN DEUTSCHLAND,EUR,"LBBW Aktien Deutschland is an equity fund investing in German stocks. The fund aims to provide investors with capital appreciation through investments in the German stock market. The fund is managed by LBBW Asset Management, headquartered in Stuttgart, Germany.",Equities,,LBBW Asset Management,HAN,XHAN,,False
FHUK.HA,LBBW AKTIEN EUROPA,EUR,"LBBW Aktien Europa is an equity fund investing in European stocks. The fund aims to provide investors with capital appreciation through investments in the European stock market. The fund is managed by LBBW Asset Management, headquartered in Stuttgart, Germany.",Equities,,Amundi Asset Management,HAN,XHAN,,False
FHUQ.HA,LBBW MULTI GLOBAL R,EUR,"LBBW Multi Global R is a multi-asset fund that invests globally across various asset classes. The fund's objective is to achieve long-term capital appreciation and income generation. The fund is managed by LBBW Asset Management, headquartered in Stuttgart, Germany.",Alternatives,,Amundi Asset Management,HAN,XHAN,,False
FHUR.HA,LBBW GELDMARKTFONDS R,EUR,"LBBW Geldmarktfonds R is a money market fund. It invests in short-term, high-quality debt securities with the goal of preserving capital and providing liquidity. The fund is managed by LBBW Asset Management, headquartered in Stuttgart, Germany.",Cash,Money Market Instruments,Amundi Asset Management,HAN,XHAN,,False
FJ2.HA,FID.FDS-GL CONS.IND.A GL.,EUR,"FID.FDS-GL CONS.IND.A GL. is a fund managed by Fidelity Investments, focusing on the global consumer industries. The fund aims to invest in companies involved in the production or distribution of consumer goods and services worldwide. Fidelity Investments is a global financial services company headquartered in Boston, Massachusetts.",Consumer Staples,,Fidelity Investments,HAN,XHAN,,False
FJ21.HA,FID.FDS-AMERICA A GL.,EUR,FID.FDS-AMERICA A GL. is an exchange-traded fund listed on the Hanover Stock Exchange under the ticker FJ21 and traded in EUR. The fund is part of the Fidelity Investments range.,,,Fidelity Investments,HAN,XHAN,,False
FJ22.HA,FID.-GL THEM.OPP.AEOGL,EUR,FID.-GL THEM.OPP.AEOGL is an exchange-traded fund listed on the Hanover Stock Exchange under the ticker FJ22 and traded in EUR. The fund is part of the Fidelity Investments range.,Alternatives,,Fidelity Investments,HAN,XHAN,,False
FJ23.HA,FID.FDS-USD CASH FD A GL.,EUR,FID.FDS-USD CASH FD A GL. is an exchange-traded fund listed on the Hanover Stock Exchange under the ticker FJ23 and traded in EUR. The fund is part of the Fidelity Investments range.,Cash,,Fidelity Investments,HAN,XHAN,,False
FJ25.HA,FID.FDS-EUR.D.G.A GL.,EUR,FID.FDS-EUR.D.G.A GL. is an exchange-traded fund listed on the Hanover Stock Exchange under the ticker FJ25 and traded in EUR. The fund is part of the Fidelity Investments range.,,,Fidelity Investments,HAN,XHAN,,False
FJ28.HA,FID.FDS-ASEAN FD A GL.,EUR,FID.FDS-ASEAN FD A GL. is an exchange-traded fund listed on the Hanover Stock Exchange under the ticker FJ28 and traded in EUR. The fund is part of the Fidelity Investments range.,,,Fidelity Investments,HAN,XHAN,,False
FJ29.HA,FID.FDS-MALAYSIA A GL.,EUR,FID.FDS-MALAYSIA A GL. is an exchange-traded fund listed on the Hanover Stock Exchange under the ticker FJ29 and traded in EUR. The fund is part of the Fidelity Investments range.,,,Fidelity Investments,HAN,XHAN,,False
FJ2A.HA,FID.FDS-EURO CASH A GL.,EUR,FID.FDS-EURO CASH A GL. is an exchange-traded fund listed on the Hanover Stock Exchange under the ticker FJ2A and traded in EUR. The fund is part of the Fidelity Investments range.,Cash,,Fidelity Investments,HAN,XHAN,,False
FJ2B.HA,FID.FDS-EUROP.GWTH A GL.,EUR,FID.FDS-EUROP.GWTH A GL. is an exchange-traded fund listed on the Hanover Stock Exchange under the ticker FJ2B and traded in EUR. The fund is part of the Fidelity Investments range.,,,Fidelity Investments,HAN,XHAN,,False
FJ2C.HA,FID.FDS EU.STOXX50 A GL,EUR,FID.FDS EU.STOXX50 A GL is an exchange-traded fund listed on the Hanover Stock Exchange under the ticker FJ2C and traded in EUR. The fund is part of the Fidelity Investments range.,Equities,,Fidelity Investments,HAN,XHAN,,False
FJ2F.HA,FID.FDS-AMER.GWTH A GL.,EUR,FID.FDS-AMER.GWTH A GL. is an exchange-traded fund listed on the Hanover Stock Exchange under the ticker FJ2F and traded in EUR. The fund is part of the Fidelity Investments range.,,,Fidelity Investments,HAN,XHAN,,False
FJ2G.HA,FID.FDS-GREAT.CHINA A GL.,EUR,"FID.FDS-GREAT.CHINA A GL. is a fund, possibly managed by Fidelity, focused on investments in the Greater China region, specifically targeting A shares. Its objective is to provide investors with exposure to the Chinese equity market, emphasizing growth opportunities. The fund is domiciled and regulated according to the jurisdiction indicated by the '.HA' suffix.",,,Fidelity Investments,HAN,XHAN,,False
FJ2H.HA,FID.-GLMUASDY,EUR,"FID.-GLMUASDY is a fund, possibly managed by Fidelity, with a global investment strategy focused on multiple asset classes. The fund's name suggests a dynamic allocation strategy, seeking to provide diversified returns. It is domiciled and regulated according to the jurisdiction indicated by the '.HA' suffix.",Alternatives,,Fidelity Investments,HAN,XHAN,,False
FJ2I.HA,FID.FDS-WORLD FD A GL.,EUR,"FID.FDS-WORLD FD A GL. is a fund, managed by Fidelity, with a global investment mandate. It aims to provide investors with broad exposure to the global equity market. The fund is domiciled and regulated according to the jurisdiction indicated by the '.HA' suffix.",Alternatives,,Fidelity Investments,HAN,XHAN,,False
FJ2J.HA,FID.-GL THEM.OPP.AGL,EUR,"FID.-GL THEM.OPP.AGL is a fund, managed by Fidelity, with a global investment strategy focused on thematic investment opportunities. The fund's objective is to identify and capitalize on specific global themes, across various sectors. It is domiciled and regulated according to the jurisdiction indicated by the '.HA' suffix.",Alternatives,,Fidelity Investments,HAN,XHAN,,False
FJ2L.HA,FID.FDS-GERMANY A GL.,EUR,"FID.FDS-GERMANY A GL. is a fund, managed by Fidelity, focusing on investments in German equities. The fund aims to provide investors with exposure to the German stock market, targeting growth opportunities within the region. It is domiciled and regulated according to the jurisdiction indicated by the '.HA' suffix.",Alternatives,,Fidelity Investments,HAN,XHAN,,False
FJ2M.HA,FID.FDS-EU.MU.AS.IN.MAAGL,EUR,"FID.FDS-EU.MU.AS.IN.MAAGL is a fund, managed by Fidelity, with a focus on European markets and a multi-asset investment strategy. It incorporates a managed allocation approach and is designed for investors seeking diversified exposure within the European Union. It is domiciled and regulated according to the jurisdiction indicated by the '.HA' suffix.",Alternatives,,Fidelity Investments,HAN,XHAN,,False
FJ2P.HA,FID.FDS-GL TECHNOL.A GL.,EUR,"FID.FDS-GL TECHNOL.A GL. is a fund, managed by Fidelity, with a global investment strategy focused on the technology sector. The fund aims to provide investors with exposure to technology companies worldwide, emphasizing growth opportunities. It is domiciled and regulated according to the jurisdiction indicated by the '.HA' suffix.",Information Technology,,Fidelity Investments,HAN,XHAN,,False
FJ2Q.HA,FID.FDS-EUR.HGH YLD A GL.,EUR,"FID.FDS-EUR.HGH YLD A GL. is a fund, managed by Fidelity, with a focus on Euro-denominated high-yield bonds. The fund aims to provide investors with a higher level of income than investment-grade bonds, accepting the associated higher credit risk. It is domiciled and regulated according to the jurisdiction indicated by the '.HA' suffix.",Fixed Income,High Yield Bonds,Fidelity Investments,HAN,XHAN,,False
FJ2R.HA,FID.FDS-EUR.SM.COS A GL.,EUR,"FID.FDS-EUR.SM.COS A GL. is a fund, managed by Fidelity, with a focus on European small-cap companies. The fund aims to provide investors with exposure to smaller companies within Europe, emphasizing growth opportunities. It is domiciled and regulated according to the jurisdiction indicated by the '.HA' suffix.",Equities,Small Cap,Fidelity Investments,HAN,XHAN,,False
FJ2T.HA,FID.FDS-EO BL.CHIP A GL.,EUR,FID.FDS-EO BL.CHIP A GL. is an exchange-traded fund listed on the Hanover Stock Exchange under the ticker FJ2T and traded in EUR. The fund is part of the Fidelity Investments range.,,,Fidelity Investments,HAN,XHAN,,False
FJ2U.HA,FID.FDS-GL HTH C.A GL.,EUR,FID.FDS-GL HTH C.A GL. is an exchange-traded fund listed on the Hanover Stock Exchange under the ticker FJ2U and traded in EUR. The fund is part of the Fidelity Investments range.,,,Fidelity Investments,HAN,XHAN,,False
FJ2X.HA,FID.FDS-PACIFIC FD A GL.,EUR,FID.FDS-PACIFIC FD A GL. is an exchange-traded fund listed on the Hanover Stock Exchange under the ticker FJ2X and traded in EUR. The fund is part of the Fidelity Investments range.,,,Fidelity Investments,HAN,XHAN,,False
FJ2Z.HA,FID.FDS-EMERG.MKTS A GL.,EUR,FID.FDS-EMERG.MKTS A GL. is an exchange-traded fund listed on the Hanover Stock Exchange under the ticker FJ2Z and traded in EUR. The fund is part of the Fidelity Investments range.,,,Fidelity Investments,HAN,XHAN,,False
FJF0.HA,C-QUAD.ACT.ETF SEL.EUR(T),EUR,C-QUAD.ACT.ETF SEL.EUR(T) is an exchange-traded fund listed on the Hanover Stock Exchange under the ticker FJF0 and traded in EUR.,Equities,,,HAN,XHAN,,False
FJFT.HA,AMP.DIVERS.PL.AKT.FD.P(A),EUR,AMP.DIVERS.PL.AKT.FD.P(A) is an exchange-traded fund listed on the Hanover Stock Exchange under the ticker FJFT and traded in EUR.,,,,HAN,XHAN,,False
FJR.HA,FID.FDS-GL INDUSTR.A GL.,EUR,"FID.FDS-GL INDUSTR.A GL. is a fund, managed by Fidelity, with a global investment strategy focused on various industries. The fund aims to provide investors with diversified exposure to companies across different sectors worldwide. It is domiciled and regulated according to the jurisdiction indicated by the '.HA' suffix.",,Developed Markets,Fidelity Investments,HAN,XHAN,,False
FJRA.HA,FID.FDS-THAILAND A GL.,EUR,"FID.FDS-THAILAND A GL. is a fund, managed by Fidelity, focusing on investments in Thailand equities. The fund aims to provide investors with exposure to the Thai stock market, targeting growth opportunities within the region. It is domiciled and regulated according to the jurisdiction indicated by the '.HA' suffix.",Alternatives,Emerging Markets,Fidelity Investments,HAN,XHAN,,False
FJRB.HA,FID.FDS-USD BOND A GL.,EUR,"FID.FDS-USD BOND A GL. is a fund, managed by Fidelity, with a global investment strategy focused on US dollar-denominated bonds. The fund aims to provide investors with income through a diversified portfolio of USD bonds. It is domiciled and regulated according to the jurisdiction indicated by the '.HA' suffix.",Fixed Income,Corporate Bonds,Fidelity Investments,HAN,XHAN,,False
FJRC.HA,FID.FDS-LATIN AMER. A GL.,EUR,FID.FDS-LATIN AMER. A GL. is a fund focused on investing in Latin American equities. The fund aims to achieve capital growth by investing in a diversified portfolio of companies located in Latin America. It is managed by Fidelity Investments.,Alternatives,Emerging Markets,Fidelity Investments,HAN,XHAN,,False
FJRD.HA,FID.FDS-EU.LAR.COS A GL.,EUR,FID.FDS-EU.LAR.COS A GL. is a fund focused on investing in large capitalization European companies. The fund aims to achieve capital growth by investing in a diversified portfolio of companies located in Europe. It is managed by Fidelity Investments.,Alternatives,Developed Markets,Fidelity Investments,HAN,XHAN,,False
FJRE.HA,FF-SUST.AS.EQ.FD A DIS.EO,EUR,"FF-SUST.AS.EQ.FD A DIS.EO is a sustainable Asian equity fund that distributes dividends. The fund focuses on investing in companies in Asia that meet specific sustainability criteria. It is a sub-fund of Fidelity Funds, based in Luxembourg.",Alternatives,Emerging Markets,Fidelity Investments,HAN,XHAN,,False
FJRF.HA,FF-SUST.AS.EQ.FD A DIS.DL,EUR,"FF-SUST.AS.EQ.FD A DIS.DL is a sustainable Asian equity fund that distributes dividends. The fund focuses on investing in companies in Asia that meet specific sustainability criteria. It is a sub-fund of Fidelity Funds, based in Luxembourg.",Alternatives,Emerging Markets,Fidelity Investments,HAN,XHAN,,False
FJRG.HA,FID.FDS-AS.SPEC.SIT.A GL.,EUR,"FID.FDS-AS.SPEC.SIT.A GL. is a fund that invests in Asian equities, focusing on special situations. It aims to achieve capital appreciation by identifying and investing in companies undergoing restructuring, mergers, or other events that could lead to increased value. The fund is managed by Fidelity Investments.",Alternatives,Emerging Markets,Fidelity Investments,HAN,XHAN,,False
FJRH.HA,FID.FDS-CHINA FOCUS A DL,EUR,FID.FDS-CHINA FOCUS A DL is a fund that focuses its investments on companies in China. The fund aims to achieve capital appreciation by investing in a diversified portfolio of Chinese companies. It is managed by Fidelity Investments.,Alternatives,Emerging Markets,Fidelity Investments,HAN,XHAN,,False
FJRL.HA,FID.FDS-ITALY A GL.,EUR,FID.FDS-ITALY A GL. is a fund focused on investing in Italian equities. The fund aims to achieve capital growth by investing in a diversified portfolio of companies located in Italy. It is managed by Fidelity Investments.,Alternatives,Developed Markets,Fidelity Investments,HAN,XHAN,,False
FJRM.HA,FIDELITY-GL.DIV.PLUS AGL,EUR,FIDELITY-GL.DIV.PLUS AGL is a fund that invests in global equities with a focus on dividend-paying companies. The fund aims to provide income and capital appreciation by investing in a diversified portfolio of dividend-paying stocks from around the world. Fidelity Investments manages the fund.,Alternatives,Developed Markets,Fidelity Investments,HAN,XHAN,,False
FJRP.HA,FID.FDS-INDIA FOC.FD A EO,EUR,FID.FDS-INDIA FOC.FD A EO is a fund focused on investing in Indian equities. The fund aims to achieve capital growth by investing in a diversified portfolio of companies located in India. It is managed by Fidelity Investments.,Alternatives,Emerging Markets,Fidelity Investments,HAN,XHAN,,False
FJRQ.HA,FID.FDS-GL FIN.SERV.A GL.,EUR,FID.FDS-GL FIN.SERV.A GL. is a fund focused on investing in global financial services companies. The fund aims to achieve capital growth by investing in a diversified portfolio of companies within the financial services sector worldwide. It is managed by Fidelity Investments.,Financials,,Fidelity Investments,HAN,XHAN,,False
FJRR.HA,BGF-INDA FUND A2 USD,EUR,"BGF-INDA FUND A2 USD is a fund investing in Indian equities, denominated in US dollars. The fund aims to provide capital appreciation by investing primarily in equity securities of Indian companies. BlackRock Fund Advisors manages the fund, headquartered in San Francisco, California.",Alternatives,,BlackRock Asset Management,HAN,XHAN,,False
FKN5.HA,DWS ESG EO MONEY MKT INH,EUR,,Cash,Money Market Instruments,DWS Investment,HAN,XHAN,,False
FKN7.HA,DWS I.-GL.AGRIBUSINESS LC,EUR,,,,DWS Investment,HAN,XHAN,,False
FKND.HA,DWS CON.DJE ALP.REN.GL LC,EUR,"This is a fund investing in a global allocation strategy with a focus on renewable energy and other environmental factors. It is managed by DWS and considers factors relating to DJE and Alpine strategies. DWS is headquartered in Frankfurt, Germany.",,,DWS Investment,HAN,XHAN,,False
FKNK.HA,DWS I.-GLOB.EM EQTS. NC,EUR,DWS I.-GLOB.EM EQTS. NC is an exchange-traded fund listed on the Hanover Stock Exchange under the ticker FKNK and traded in EUR. The fund is part of the DWS Investment range.,,Emerging Markets,DWS Investment,HAN,XHAN,,False
FMUC.HA,MEAG PROINVEST A,EUR,"MEAG PROINVEST A is a mutual fund. This follows a balanced investment strategy, investing in a mix of asset classes, such as stocks and bonds. The fund is managed by MEAG.",Alternatives,Blend,,HAN,XHAN,,False
FMUD.HA,MEAG EUROINVEST A,EUR,MEAG EUROINVEST A is a mutual fund. This focuses on investing in equities within the Eurozone. The fund is managed by MEAG.,Alternatives,Developed Markets,,HAN,XHAN,,False
FP7A.HA,FPM-STOCKP.GERM.ALL CAP C,EUR,FPM-STOCKP.GERM.ALL CAP C is a fund managed by FPM focusing on German equities across all market capitalizations. FPM is an asset management company. The fund aims to provide investors with exposure to the broad German stock market.,Alternatives,,,HAN,XHAN,,False
FP7B.HA,DWS I.-GL.INFRASTR. LC,EUR,"DWS I.-GL.INFRASTR. LC is a DWS Investment fund focused on global infrastructure companies, although specific details are unavailable. DWS is a large asset manager headquartered in Germany. The fund aims to provide long-term capital appreciation through investments in infrastructure-related businesses worldwide.",Alternatives,,DWS Investment,HAN,XHAN,,False
FP7C.HA,DWS I.-CHIN.EQU.LC,EUR,DWS I.-CHIN.EQU.LC is a DWS Investment fund focused on Chinese equities. DWS is a large asset manager headquartered in Germany. More specific details about its investment approach or sector focus within China are unavailable.,Alternatives,,DWS Investment,HAN,XHAN,,False
FP7D.HA,DWS I.-AFRICA LC,EUR,DWS I.-AFRICA LC is a DWS Investment fund focused on African equities. DWS is a large asset manager headquartered in Germany. More specific details about its investment approach or regional focus within Africa are unavailable.,Alternatives,,DWS Investment,HAN,XHAN,,False
FP7E.HA,DWS I.-GLOB.EM EQTS. DLLC,EUR,DWS I.-GLOB.EM EQTS. DLLC is a DWS Investment fund focused on global emerging market equities. DWS is a large asset manager headquartered in Germany. Further details concerning specific investment strategies or regional emphases within emerging markets are not available.,Alternatives,Emerging Markets,DWS Investment,HAN,XHAN,,False
FP7F.HA,DWS I.-AFRICA LD,EUR,DWS I.-AFRICA LD is an exchange-traded fund listed on the Hanover Stock Exchange under the ticker FP7F and traded in EUR. The fund is part of the DWS Investment range. It is classified as Alternatives (Frontier Markets).,Alternatives,Frontier Markets,DWS Investment,HAN,XHAN,,False
FP7G.HA,DWS I.-GL.AGRIBUSINESS LD,EUR,DWS I.-GL.AGRIBUSINESS LD is an exchange-traded fund listed on the Hanover Stock Exchange under the ticker FP7G and traded in EUR. The fund is part of the DWS Investment range.,Alternatives,,DWS Investment,HAN,XHAN,,False
FP7H.HA,DWS I.-GL.AGRIBUS. DLLC,EUR,DWS I.-GL.AGRIBUS. DLLC is an exchange-traded fund listed on the Hanover Stock Exchange under the ticker FP7H and traded in EUR. The fund is part of the DWS Investment range.,Alternatives,,DWS Investment,HAN,XHAN,,False
FP7J.HA,DWS I.-EM.MKTS CORP. LDH,EUR,"This is a fund focused on corporate bonds issued in emerging markets, aiming to provide a combination of income and capital appreciation. The fund's performance will be influenced by factors such as credit risk, interest rates, and currency fluctuations in the emerging markets it invests in. Further information on the fund's credit quality and regional allocation is needed.",Fixed Income,Corporate Bonds,DWS Investment,HAN,XHAN,,False
FP7K.HA,DWS I.-EM.MKTS CORP. LCH,EUR,"This is a fund focused on corporate bonds issued in emerging markets, aiming to provide a combination of income and capital appreciation. The fund's performance will be influenced by factors such as credit risk, interest rates, and currency fluctuations in the emerging markets it invests in. Further information on the fund's credit quality and regional allocation is needed.",Fixed Income,Corporate Bonds,DWS Investment,HAN,XHAN,,False
FP7N.HA,DWS CON.KALDEMORGEN LD,EUR,"This fund invests based on the Kaldemorgen concept, a flexible, multi-asset strategy that aims to generate returns regardless of market conditions. The fund typically invests in a mix of equities, bonds, currencies, and commodities, using a dynamic asset allocation approach based on macroeconomic analysis. Risk management is a key focus of the strategy.",Alternatives,,DWS Investment,HAN,XHAN,,False
FP7P.HA,DWS CON.KALDEMORGEN NC,EUR,"This fund invests based on the Kaldemorgen concept, a flexible, multi-asset strategy that aims to generate returns regardless of market conditions, with a non-UCITS compliant structure. The fund typically invests in a mix of equities, bonds, currencies, and commodities, using a dynamic asset allocation approach based on macroeconomic analysis. Risk management is a key focus of the strategy.",Alternatives,,DWS Investment,HAN,XHAN,,False
FP7S.HA,DWS.I.-TOP DIVIDEND LC,EUR,This is a fund focused on investing in companies with high dividend yields. The fund aims to provide investors with a stream of income from dividend payments while also seeking potential capital appreciation. The focus on top dividend-paying companies differentiates it from broader equity funds.,Equities,,DWS Investment,HAN,XHAN,,False
FP7V.HA,DWS.I.-TOP DIVIDEND LD,EUR,This is a fund focused on investing in companies with high dividend yields. The fund aims to provide investors with a stream of income from dividend payments while also seeking potential capital appreciation. The focus on top dividend-paying companies differentiates it from broader equity funds.,Equities,,DWS Investment,HAN,XHAN,,False
FP7W.HA,DWS I.-LAT.AM.EQU. LC,EUR,"This is a fund focused on investing in equities of companies in Latin America. The fund aims to provide capital appreciation by investing in companies operating in the Latin American region, with its performance tied to the economic growth and market conditions of those countries. The specific countries and sectors within Latin America that the fund invests in will determine its risk and return profile.",Alternatives,Emerging Markets,DWS Investment,HAN,XHAN,,False
FP7X.HA,DWS I.-BRAZ.EQU.LS,EUR,"This is a fund focused on investing in equities of Brazilian companies. The fund aims to provide capital appreciation by investing in companies operating in Brazil, with its performance tied to the economic growth and market conditions of the country. The specific sectors within Brazil that the fund invests in will determine its risk and return profile.",Alternatives,Emerging Markets,DWS Investment,HAN,XHAN,,False
FPG1.HA,FID.FDS-NORDIC FD A GL.,EUR,,,,Fidelity Investments,HAN,XHAN,,False
FPGC.HA,FID.FDS-F.SEL.INT. A GL.,EUR,,,,Fidelity Investments,HAN,XHAN,,False
FPGF.HA,FID.FDS-INDIA FOC.FD.A DL,EUR,"The Fidelity Funds - India Focus Fund aims to achieve capital growth by investing primarily in Indian securities. It focuses on a concentrated portfolio of companies believed to offer long-term growth potential within the Indian market. The fund is managed by Fidelity International, headquartered in London.",,Emerging Markets,Fidelity Investments,HAN,XHAN,,False
FPGG.HA,FID.FDS-SU.EU.EQ.A ACC.EO,EUR,"The Fidelity Funds - Sustainable European Equity Fund invests in European companies that demonstrate strong environmental, social, and governance (ESG) practices. It aims to provide long-term capital growth while promoting sustainable investment. The fund is managed by Fidelity International, headquartered in London.",,Developed Markets,Fidelity Investments,HAN,XHAN,,False
FPGH.HA,FID.FDS-GL. PROP. A EUR,EUR,"The Fidelity Funds - Global Property Fund invests in a diversified portfolio of global property companies and real estate investment trusts (REITs). The fund seeks to generate income and capital appreciation by capitalizing on opportunities in the global property market. Fidelity International, headquartered in London, manages the fund.",Real Estate,REITs,Fidelity Investments,HAN,XHAN,,False
FPGI.HA,FID.FDS-GL. PROP. A USD,EUR,"The Fidelity Funds - Global Property Fund invests in a diversified portfolio of global property companies and real estate investment trusts (REITs). The fund seeks to generate income and capital appreciation by capitalizing on opportunities in the global property market. Fidelity International, headquartered in London, manages the fund.",Real Estate,REITs,Fidelity Investments,HAN,XHAN,,False
FPGL.HA,FID.FDS-INDONESIA A GL.,EUR,"The Fidelity Funds - Indonesia Fund seeks capital appreciation by investing primarily in equity securities of companies located in Indonesia. The fund is managed by Fidelity International, headquartered in London, and focuses on identifying companies with strong growth potential within the Indonesian market. It aims to provide investors with exposure to the growth opportunities in the Indonesian economy.",,Emerging Markets,Fidelity Investments,HAN,XHAN,,False
FPI.HA,FID.FDS-SMART GBL DF.A GL,EUR,,,,Fidelity Investments,HAN,XHAN,,False
FPJA.HA,FIRST PRIV.EUR.AKT.ULM A,EUR,"FIRST PRIV.EUR.AKT.ULM A represents a fund focused on European equities with an active management style. The fund aims to generate capital appreciation through investments in a diversified portfolio of European stocks. The ""A"" denotes a specific share class.",,Developed Markets,,HAN,XHAN,,False
FPJB.HA,FIRST PRIV.EURO DIV.STA.A,EUR,"FIRST PRIV.EURO DIV.STA.A is a fund focused on European dividend-paying stocks with a stability focus. The fund aims to provide investors with a steady income stream through dividend payouts from established European companies. The ""A"" denotes a specific share class.",Equities,Value,,HAN,XHAN,,False
FPJD.HA,FIRST PRIV. AKT. GLOBAL A,EUR,"FIRST PRIV. AKT. GLOBAL A represents a fund focused on global equities. The fund aims to achieve capital appreciation by investing in a diversified portfolio of stocks from around the world. The ""A"" denotes a specific share class.",,Developed Markets,,HAN,XHAN,,False
FT91.HA,F.TEM.INV.-T.FR.MKTS AAEO,EUR,"F.TEM.INV.-T.FR.MKTS AAEO is a fund that invests in frontier markets. The fund aims for capital appreciation by investing in companies located in less-developed economies around the world. Franklin Templeton Investments, headquartered in San Mateo, California, manages the fund.",,Frontier Markets,Franklin Templeton Investments,HAN,XHAN,,False
FT97.HA,F.T.I.F.-F.G.A.P.M.AACCDL,EUR,F.T.I.F.-F.G.A.P.M.AACCDL is an exchange-traded fund listed on the Hanover Stock Exchange under the ticker FT97 and traded in EUR.,,,,HAN,XHAN,,False
FT98.HA,F.T.I.F.-F.G.A.P.M.AACCEO,EUR,F.T.I.F.-F.G.A.P.M.AACCEO is an exchange-traded fund listed on the Hanover Stock Exchange under the ticker FT98 and traded in EUR.,,,,HAN,XHAN,,False
FT9B.HA,F.TEM.INV-T.GL.BD A MD.EO,EUR,"F.TEM.INV-T.GL.BD A MD.EO refers to a sub-fund of Franklin Templeton Investment Funds that invests in global bonds, with ""A MD.EO"" denoting a specific share class and currency denomination. The fund aims to generate income and capital appreciation by investing in a diversified portfolio of fixed-income securities issued by governments, corporations, and other entities worldwide. The fund's investment decisions are guided by macroeconomic analysis and credit research to identify attractive opportunities across various sectors and regions.",Fixed Income,Government Bonds,Franklin Templeton Investments,HAN,XHAN,,False
FT9I.HA,F.T.I.F.-FRANK.MENA AA EO,EUR,"F.T.I.F.-FRANK.MENA AA EO is a Franklin Templeton Investment Fund focused on the Middle East and North Africa (MENA) region. The fund aims to achieve capital appreciation by investing primarily in equity securities of companies located in the MENA region. The ""AA EO"" represents a specific share class and currency.",,Emerging Markets,Franklin Templeton Investments,HAN,XHAN,,False
FT9K.HA,F.TEM.INV-T.G.T.R.A A.EUR,EUR,"F.TEM.INV-T.G.T.R.A A.EUR refers to a sub-fund of Franklin Templeton Investment Funds focused on a global total return investment strategy denominated in EUR. The fund aims to provide a combination of income and capital appreciation by investing in a diversified portfolio of global assets. The ""A A.EUR"" signifies a specific share class and currency.",,Blend,Franklin Templeton Investments,HAN,XHAN,,False
FZ1D.HA,NORDIX RENTEN PLUS R,EUR,"NORDIX RENTEN PLUS R is a fixed-income fund that invests primarily in bonds, with the ""Plus"" indicating a enhanced or higher-yielding strategy. The fund aims to provide a higher return than traditional bond funds by incorporating strategies such as credit selection or duration management. The ""R"" denotes a specific share class of the Nordix fund.",Fixed Income,Corporate Bonds,,HAN,XHAN,,False
FZ1I.HA,KB VERMOEGENSVERWALTU.FDS,EUR,,,,,HAN,XHAN,,False
G4NC.HA,H+A PRIME VALUES INC.A EO,EUR,,,,,HAN,XHAN,,False
GANK.HA,AF-AF.LAT.AMER. EQ. ADLC,EUR,"AF-AF.LAT.AMER. EQ. ADLC represents a sub-fund of Amundi Funds focusing on Latin American equities. The fund aims to achieve capital growth by investing primarily in a diversified portfolio of companies based in Latin America. ""ADLC"" designates a specific share class.",Alternatives,Emerging Markets,Amundi Asset Management,HAN,XHAN,,False
GIU1.HA,AMPEGA RESERVE RENTENF.PA,EUR,,Fixed Income,,,HAN,XHAN,,False
GIU2.HA,AMPEGA GLOBAL RENTENFONDS,EUR,,Fixed Income,,,HAN,XHAN,,False
GIU9.HA,AMPEGA RENDITE RENTENFDS,EUR,,Fixed Income,,,HAN,XHAN,,False
GIUT.HA,GENEON VERMOEGENSVERW.FDS,EUR,,Alternatives,,,HAN,XHAN,,False
GIUZ.HA,IPAM RENTENWACHSTUM,EUR,,Fixed Income,,,HAN,XHAN,,False
GN4A.HA,QUINT:ESSENCE STR.DEFEN.B,EUR,,,,Alternative Access Funds,HAN,XHAN,,False
GN4B.HA,QUINT:ESSENCE STR.DEFEN.A,EUR,,,,Alternative Access Funds,HAN,XHAN,,False
GN4C.HA,QUINT:ESS.ST.SO.ME.A.TE.P,EUR,,,,Alternative Access Funds,HAN,XHAN,,False
GN4D.HA,QUINT:ESSENCE STR.DYNAM.B,EUR,,,,Alternative Access Funds,HAN,XHAN,,False
GQHC.HA,N.-F.-NESTOR EUROPA FDS B,EUR,,,,,HAN,XHAN,,False
GQHF.HA,N.-F.-NESTOR FERNOST FD.B,EUR,,,,,HAN,XHAN,,False
GQHG.HA,N.-F.-NESTOR AUSTRA.FDS B,EUR,,,,,HAN,XHAN,,False
GQHH.HA,N.-F.-NESTOR GOLD FONDS B,EUR,,,,,HAN,XHAN,,False
GQHI.HA,N.-F.-NESTOR OSTEURO.FD.B,EUR,,,,,HAN,XHAN,,False
H2SF.HA,VCH EXPERT NAT.RESOURC.B,EUR,,,,,HAN,XHAN,,False
H2ZL.HA,BGF-GL DYN.EQU.F.N.A2 EUR,EUR,"BGF-GL DYN.EQU.F.N.A2 EUR is a sub-fund of BlackRock Global Funds, focusing on investments in global equity markets with a dynamic investment approach. The fund aims to achieve long-term capital growth by investing in a diversified portfolio of equity securities from around the world. The fund is managed by BlackRock, a global investment management firm headquartered in New York City.",,Developed Markets,BlackRock Asset Management,HAN,XHAN,,False
H2ZN.HA,BGF-EUR.SPEC.SIT.A2 DL,EUR,"BGF-EUR.SPEC.SIT.A2 DL is a sub-fund of BlackRock Global Funds, focusing on investments in European equities with a special situations approach. The fund aims to achieve long-term capital growth by investing in companies that are undergoing or are expected to undergo a significant change, such as restructuring, mergers, or acquisitions. The fund is managed by BlackRock, a global investment management firm headquartered in New York City.",,Developed Markets,BlackRock Asset Management,HAN,XHAN,,False
H2ZP.HA,BGF - CHINA FUND A2 EO-H.,EUR,"BGF - CHINA FUND A2 EO-H. is a sub-fund of BlackRock Global Funds, focusing on investments in the Chinese equity market. The fund aims to achieve long-term capital growth by investing primarily in equity securities of companies domiciled in, or exercising the predominant part of their economic activity in, the People's Republic of China. The fund is managed by BlackRock, a global investment management firm headquartered in New York City.",,Emerging Markets,BlackRock Asset Management,HAN,XHAN,,False
H2ZR.HA,BGF - CHINA FUND A2 DL,EUR,"BGF - CHINA FUND A2 DL is a sub-fund of BlackRock Global Funds, focusing on investments in the Chinese equity market. The fund aims to achieve long-term capital growth by investing primarily in equity securities of companies domiciled in, or exercising the predominant part of their economic activity in, the People's Republic of China. The fund is managed by BlackRock, a global investment management firm headquartered in New York City.",,Emerging Markets,BlackRock Asset Management,HAN,XHAN,,False
H61G.HA,HANSAGOLD USD-KL. A,EUR,"HANSAGOLD USD-KL. A is a fund that invests primarily in gold and other precious metals. The fund aims to provide investors with a hedge against inflation and currency devaluation, as well as potential capital appreciation. The fund is managed by Hansainvest Hanseatische Investment-GmbH, based in Hamburg, Germany.",Commodities,,,HAN,XHAN,,False
H61J.HA,ARAMEA BALANCED CONVERT.A,EUR,ARAMEA BALANCED CONVERT.A is a balanced fund focusing on convertible bonds. The fund aims to achieve a combination of capital appreciation and income generation by investing in a diversified portfolio of convertible securities. The fund is managed by Aramea Asset Management.,Fixed Income,Blend,,HAN,XHAN,,False
H61L.HA,TBF SMART POWER EUR R,EUR,"TBF SMART POWER EUR R is a thematic fund that invests in companies involved in the energy sector, focusing on renewable energy and energy efficiency technologies. The fund aims to generate long-term capital appreciation by capitalizing on the growth potential of the clean energy market. The fund is managed by TBF Global Asset Management GmbH, based in Germany.",Energy,Growth,,HAN,XHAN,,False
H61S.HA,HANSAWERTE USD,EUR,"HANSAWERTE USD is a fund that invests in a diversified portfolio of global equities, denominated in US dollars. The fund aims to generate long-term capital appreciation by investing in companies with strong growth potential. The fund is managed by Hansainvest Hanseatische Investment-GmbH, based in Hamburg, Germany.",Financials,,Deka Investment,HAN,XHAN,,False
H61X.HA,APUS CAPITAL REVALUE FD.R,EUR,"APUS CAPITAL REVALUE FD.R is a fund that employs a value investing strategy, focusing on undervalued companies with potential for future growth. The fund aims to generate long-term capital appreciation by identifying and investing in businesses trading below their intrinsic value. The fund is managed by Apus Capital GmbH.",Financials,,Aptus Capital Advisors,HAN,XHAN,,False
H61Z.HA,ARAMEA AKTIEN SELECT R,EUR,,Equities,,,HAN,XHAN,,False
HABA.HA,HAMBORNER REIT AG NA O.N.,EUR,"Hamborner REIT AG is a German real estate investment trust (REIT) that focuses on commercial properties. The company acquires, manages, and leases office and retail properties primarily in Germany. Hamborner REIT aims to generate stable rental income and long-term value appreciation for its shareholders.",Real Estate,REITs,Deka Investment,HAN,XHAN,,False
HG4A.HA,AMUNDI TOP WORLD,EUR,,,,Amundi Asset Management,HAN,XHAN,,False
HG4H.HA,AMUNDI AKTIEN ROHSTOFFE A,EUR,,Equities,,Amundi Asset Management,HAN,XHAN,,False
HG4U.HA,AMUNDI EURO BOND MEDIUM,EUR,,Fixed Income,,Amundi Asset Management,HAN,XHAN,,False
HG4X.HA,AMUNDI GERMAN EQUITY A ND,EUR,,Equities,,Amundi Asset Management,HAN,XHAN,,False
HJ31.HA,ARAMEA STRATEGIE I,EUR,,,,,HAN,XHAN,,False
HJ33.HA,ARAMEA RENDITE PLUS A,EUR,,,,,HAN,XHAN,,False
HJ3A.HA,HANSAZINS,EUR,,Fixed Income,,,HAN,XHAN,,False
HJ3E.HA,HANSASECUR,EUR,,Alternatives,,,HAN,XHAN,,False
HJ3F.HA,HANSAEUROPA CLASS A,EUR,,Alternatives,Developed Markets,DWS Investment,HAN,XHAN,,False
HJ3G.HA,HANSAACCURA,EUR,,,,DWS Investment,HAN,XHAN,,False
HJ3H.HA,HANSAERTRAG,EUR,,Alternatives,,DWS Investment,HAN,XHAN,,False
HJ3J.HA,NB STIFTUNGSFONDS 2,EUR,,,,Nomura Asset Management,HAN,XHAN,,False
HJ3N.HA,HANSABALANCE,EUR,,Alternatives,Blend,DWS Investment,HAN,XHAN,,False
HJ3R.HA,HANSACENTRO,EUR,,Alternatives,,DWS Investment,HAN,XHAN,,False
HJ3S.HA,HANSADYNAMIC CLASS A,EUR,,Alternatives,,DWS Investment,HAN,XHAN,,False
HJ3U.HA,HI TOPSELECT W,EUR,,Alternatives,,DWS Investment,HAN,XHAN,,False
HJ3V.HA,HI TOPSELECT D,EUR,,Alternatives,,DWS Investment,HAN,XHAN,,False
HJ3X.HA,HANSAINTERNATIONAL CL. A,EUR,,Alternatives,,DWS Investment,HAN,XHAN,,False
HJ3Y.HA,HANSADEFENSIVE,EUR,,,,DWS Investment,HAN,XHAN,,False
HJ3Z.HA,HANSARENTA,EUR,,,,DWS Investment,HAN,XHAN,,False
HJU6.HA,DWS GBL HYBRID BD LD,EUR,,Fixed Income,Corporate Bonds,DWS Investment,HAN,XHAN,,False
HJU8.HA,DWS TOP EUROPE LD,EUR,,Industrials,Developed Markets,DWS Investment,HAN,XHAN,,False
HJU9.HA,DWS ESG CONVERTIBLES LD,EUR,,Fixed Income,,DWS Investment,HAN,XHAN,,False
HJUB.HA,DWS TELEMEDIA TYP O ND,EUR,"DWS TELEMEDIA TYP O ND is a fund that invests in companies within the telecommunications and media sectors. The fund's objective is to achieve long-term capital appreciation by identifying and investing in companies with strong growth potential in these industries. DWS is headquartered in Frankfurt, Germany and is one of the world's leading asset managers.",Communication Services,,DWS Investment,HAN,XHAN,,False
HJUD.HA,DWS ESG TOP WORLD,EUR,"DWS ESG TOP WORLD is a fund that invests in global equities, selecting companies based on environmental, social, and governance (ESG) criteria. The fund aims to provide long-term capital growth by investing in companies that demonstrate strong ESG practices. DWS is headquartered in Frankfurt, Germany and is one of the world's leading asset managers.",Industrials,,DWS Investment,HAN,XHAN,,False
HJUE.HA,DWS DEUTSCHLAND LC,EUR,"DWS DEUTSCHLAND LC is a fund that invests primarily in German equities. The fund's objective is to achieve long-term capital appreciation by investing in companies listed on German stock exchanges. DWS is headquartered in Frankfurt, Germany and is one of the world's leading asset managers.",Industrials,,DWS Investment,HAN,XHAN,,False
HJUF.HA,DWS VERMOEGENSBIL.FD.I LD,EUR,"DWS VERMOEGENSBIL.FD.I LD is a fund designed to facilitate wealth accumulation for investors. It typically invests in a diversified portfolio of assets, including equities, bonds, and other investment instruments. DWS is headquartered in Frankfurt, Germany and is one of the world's leading asset managers.",Alternatives,,DWS Investment,HAN,XHAN,,False
HJUG.HA,DWS GLOBAL SMALL/MID CAP,EUR,"DWS GLOBAL SMALL/MID CAP is a fund that invests in small and mid-sized companies worldwide. The fund's objective is to achieve long-term capital appreciation by identifying and investing in companies with strong growth potential in this market segment. DWS is headquartered in Frankfurt, Germany and is one of the world's leading asset managers.",Industrials,,DWS Investment,HAN,XHAN,,False
HJUK.HA,BASLER-AKTIENFONDS DWS,EUR,"BASLER-AKTIENFONDS DWS is an equity fund managed by DWS in collaboration with Basler Versicherung, an insurance company. It primarily invests in stocks and aims to achieve long-term capital growth. DWS is headquartered in Frankfurt, Germany and is one of the world's leading asset managers.",Equities,,DWS Investment,HAN,XHAN,,False
HJUL.HA,DWS ESG INVESTA LD,EUR,"DWS ESG INVESTA LD is a fund that invests in equities globally, incorporating environmental, social, and governance (ESG) factors into its investment process. The fund aims to achieve long-term capital appreciation by selecting companies with strong ESG profiles. DWS is headquartered in Frankfurt, Germany and is one of the world's leading asset managers.",Industrials,,DWS Investment,HAN,XHAN,,False
HJUM.HA,DWS EUROVESTA,EUR,"DWS EUROVESTA is a fund that primarily invests in equities of companies based in the Eurozone. The fund's objective is to achieve long-term capital appreciation by investing in a diversified portfolio of European stocks. DWS is headquartered in Frankfurt, Germany and is one of the world's leading asset managers.",Industrials,,DWS Investment,HAN,XHAN,,False
HJUN.HA,DWS AKKUMULA LC,EUR,"DWS AKKUMULA LC is a fund designed for long-term capital accumulation, typically investing in a mix of asset classes such as equities and bonds. The fund aims to generate returns through both capital appreciation and income, with a focus on long-term growth. DWS is headquartered in Frankfurt, Germany and is one of the world's leading asset managers.",Alternatives,,DWS Investment,HAN,XHAN,,False
HJUP.HA,DWS ARTIFIC.INTELLIGEN.ND,EUR,"DWS ARTIFIC.INTELLIGEN.ND is a fund that invests in companies involved in the development and application of artificial intelligence technologies. The fund aims to achieve long-term capital appreciation by identifying and investing in companies that are expected to benefit from the growth of the AI sector. DWS is headquartered in Frankfurt, Germany and is one of the world's leading asset managers.",Information Technology,,DWS Investment,HAN,XHAN,,False
HJUQ.HA,DWS EUROPEAN OPPORTUNI.LD,EUR,"DWS EUROPEAN OPPORTUNI.LD is a fund that seeks to provide long-term capital growth by investing primarily in equities of European companies. The fund's investment strategy focuses on identifying undervalued companies with strong growth potential within the European market. DWS is headquartered in Frankfurt, Germany and is one of the world's leading asset managers.",Industrials,,DWS Investment,HAN,XHAN,,False
HJUU.HA,DWS ESG TOP ASIEN LC,EUR,"DWS ESG TOP ASIEN LC is a fund that invests in Asian equities, selecting companies based on environmental, social, and governance (ESG) criteria. The fund aims to provide long-term capital growth by investing in companies that demonstrate strong ESG practices in the Asian region. DWS is headquartered in Frankfurt, Germany and is one of the world's leading asset managers.",Alternatives,,DWS Investment,HAN,XHAN,,False
HJUX.HA,DWS EUROPE DYNAMIC,EUR,"DWS EUROPE DYNAMIC is a fund that aims to achieve capital growth by investing primarily in European equities. The fund's investment strategy focuses on identifying companies with strong growth potential and adapting to changing market conditions. DWS is headquartered in Frankfurt, Germany and is one of the world's leading asset managers.",Alternatives,,DWS Investment,HAN,XHAN,,False
HJUZ.HA,DWS SDG GLOB. EQUITIES LD,EUR,"DWS SDG GLOB. EQUITIES LD is a fund that invests in global equities, focusing on companies that contribute to the United Nations' Sustainable Development Goals (SDGs). The fund aims to achieve long-term capital appreciation by investing in companies that are addressing global challenges and promoting sustainable development. DWS is headquartered in Frankfurt, Germany and is one of the world's leading asset managers.",Equities,,DWS Investment,HAN,XHAN,,False
HJVC.HA,AL. ADIFONDS A (EUR),EUR,,Alternatives,,Allianz Global Investors Fund,HAN,XHAN,,False
HJVD.HA,FONDAK A,EUR,,Alternatives,,,HAN,XHAN,,False
HJVE.HA,ALLIANZ ADIVERBA AEO,EUR,,Alternatives,,Allianz Global Investors Fund,HAN,XHAN,,False
HVJ3.HA,DWS I.-ASIAN S/M CAP LC,EUR,DWS Investment Asian Small/Mid Cap LC represents a fund focused on investing in small and mid-capitalization companies within the Asian market. The fund aims to provide investors exposure to potential growth opportunities in Asian economies through investments in smaller companies. The specific investment strategy and regional allocation are specified within the fund's documentation.,Equities,Small Cap,DWS Investment,HAN,XHAN,,False
HVJ5.HA,DWS I.-EUR. SMALL CAP LD,EUR,DWS Investment European Small Cap LD represents a fund focused on investing in small-capitalization companies within the European market. This fund aims to provide investors with exposure to the potential growth and returns of smaller companies in Europe. The fund's specific investment strategy and regional focus are described in its official documentation.,Equities,Small Cap,DWS Investment,HAN,XHAN,,False
HVJ9.HA,DWS CON.KALDEMORGEN LC,EUR,"DWS Concept Kaldemorgen LC represents a fund managed by DWS employing the Kaldemorgen investment concept, focused on a flexible or dynamic asset allocation strategy. The ""LC"" designation could indicate a share class or specific characteristics of the fund. The fund's documentation outlines the specific investment methodology and risk parameters.",Alternatives,Blend,DWS Investment,HAN,XHAN,,False
HVJD.HA,ARERO-DER WELTFONDS INH.,EUR,"ARERO - Der Weltfonds Inhaberanteile represents a global multi-asset fund. The fund aims to offer a diversified investment across various asset classes, such as equities, bonds, and commodities, on a global scale. The fund's specific allocation and investment strategy are detailed in its prospectus.",Alternatives,Blend,,HAN,XHAN,,False
HVJI.HA,PEGASOS-SFC GBL MKTS A,EUR,,,,,HAN,XHAN,,False
HVJM.HA,FPM FDS-FPM FDS LA.-EU.V.,EUR,,,,,HAN,XHAN,,False
HVLQ.HA,AMUNDI TOTAL RETURN AND,EUR,"AMUNDI TOTAL RETURN AND represents a fund managed by Amundi aiming for total return, using a variety of investment strategies. The ""AND"" portion of the name could indicate specific attributes of this fund offering. Details on investment strategies, asset allocation, and risk parameters are provided within its fund documentation.",Alternatives,Blend,Amundi Asset Management,HAN,XHAN,,False
IUGN.HA,IFS-ENER.TRA.A,EUR,,,,,HAN,XHAN,,False
IWMB.HA,AXA RENTEN EURO,EUR,"AXA RENTEN EURO is a fixed-income fund. It primarily invests in Euro-denominated bonds, aiming to provide a steady stream of income. The fund is managed by AXA Investment Managers, headquartered in Paris, France.",Fixed Income,Corporate Bonds,Allianz Global Investors Fund,HAN,XHAN,,False
IWMF.HA,AXA WACHSTUM INVEST A,EUR,"AXA WACHSTUM INVEST A is a mixed asset fund. It invests in a combination of stocks and bonds, aiming for capital appreciation while managing risk. The fund is managed by AXA Investment Managers, headquartered in Paris, France.",Alternatives,Blend,Allianz Global Investors Fund,HAN,XHAN,,False
IWMG.HA,AXA WELT,EUR,"AXA WELT is a global equity fund. It invests in stocks of companies worldwide, aiming for capital appreciation. The fund is managed by AXA Investment Managers, headquartered in Paris, France.",Equities,Developed Markets,Allianz Global Investors Fund,HAN,XHAN,,False
IWMH.HA,AXA EUROPA,EUR,"AXA EUROPA is a European equity fund. It invests in stocks of companies located in Europe, aiming for capital appreciation. The fund is managed by AXA Investment Managers, headquartered in Paris, France.",Equities,Developed Markets,Allianz Global Investors Fund,HAN,XHAN,,False
IWMK.HA,AXA CHANCE INVEST A,EUR,"AXA CHANCE INVEST A is an equity fund with a higher risk profile. It invests in stocks of companies with high growth potential, aiming for significant capital appreciation. The fund is managed by AXA Investment Managers, headquartered in Paris, France.",Equities,Developed Markets,Allianz Global Investors Fund,HAN,XHAN,,False
IWT1.HA,ERSTE RE.EO PL.EOR01AEO,EUR,"ERSTE RE.EO PL.EOR01AEO is a fixed income fund. It primarily invests in Euro-denominated bonds. The fund is managed by Erste Asset Management, headquartered in Vienna, Austria.",Fixed Income,Government Bonds,,HAN,XHAN,,False
IWT4.HA,ERSTE STOCK VIENNA A,EUR,"ERSTE STOCK VIENNA A is an equity fund focused on the Austrian stock market. It primarily invests in companies listed on the Vienna Stock Exchange, aiming for capital appreciation. The fund is managed by Erste Asset Management, headquartered in Vienna, Austria.",Equities,,,HAN,XHAN,,False
IWT5.HA,ERSTE ST.EU.EM.R01AEO,EUR,"ERSTE ST.EU.EM.R01AEO is an equity fund that invests in stocks of companies located in Europe and emerging markets. It seeks to achieve capital appreciation through investments in these regions. The fund is managed by Erste Asset Management, headquartered in Vienna, Austria.",Equities,Emerging Markets,,HAN,XHAN,,False
IWT6.HA,ERSTE ST.ISTANBUL R01AEO,EUR,"ERSTE ST.ISTANBUL R01AEO is an equity fund focused on the Turkish stock market. It primarily invests in companies listed on the Istanbul Stock Exchange, aiming for capital appreciation. The fund is managed by Erste Asset Management, headquartered in Vienna, Austria.",Equities,Emerging Markets,,HAN,XHAN,,False
IWT7.HA,ERSTE RE.EO PL.EOR01TEO,EUR,"ERSTE RE.EO PL.EOR01TEO is a fixed income fund. It primarily invests in Euro-denominated bonds. The fund is managed by Erste Asset Management, headquartered in Vienna, Austria.",Fixed Income,Government Bonds,,HAN,XHAN,,False
IWTA.HA,ERSTE BD EM GOVE.R01AEO,EUR,"ERSTE BD EM GOVE.R01AEO is a bond fund focusing on emerging market government bonds, issued by Erste Asset Management, headquartered in Austria. The fund invests primarily in government bonds from emerging countries, denominated in various currencies. It provides investors with access to the emerging market government debt.",Fixed Income,Emerging Markets,,HAN,XHAN,,False
IWTB.HA,ERSTE BOND DANUB.EOR01AEO,EUR,,Fixed Income,,,HAN,XHAN,,False
IWTC.HA,ERSTE ST.EU.EM.R01TEO,EUR,,,,,HAN,XHAN,,False
IWTD.HA,ERSTE ST.BIOTEC R01TEO,EUR,,,,,HAN,XHAN,,False
IWTF.HA,ERSTE STOCK VIENNA T,EUR,,Equities,,,HAN,XHAN,,False
IWTG.HA,ERSTE RESERVE EO R01TEO,EUR,,,,,HAN,XHAN,,False
IWTH.HA,ERSTE RESP.BD EURR01TEO,EUR,,Fixed Income,,,HAN,XHAN,,False
IWTJ.HA,ERSTE RES.ST.EUR.EOR01TEO,EUR,,,,,HAN,XHAN,,False
IWTK.HA,ERSTE RESP.ST.EURR01TEO,EUR,,,,,HAN,XHAN,,False
IWTM.HA,ERSTE BD EO MUENDELR.A,EUR,,Fixed Income,,,HAN,XHAN,,False
IWTW.HA,ERSTE RESP.ST.EURR01AEO,EUR,,,,,HAN,XHAN,,False
JHS5.HA,HSBC GIF-THAI EQUITY A D.,EUR,"HSBC GIF-THAI EQUITY A D is an equity fund investing primarily in Thai equities, offered within the HSBC Global Investment Funds range. The fund seeks to achieve long-term capital appreciation by investing in companies listed on the Stock Exchange of Thailand. HSBC Global Asset Management is headquartered in London.",Equities,,HSBC Investment Funds,HAN,XHAN,,False
JHSA.HA,BC GIF-EUROPE VALUE P D,EUR,"BC GIF-EUROPE VALUE P D is a European equity fund within the BNY Mellon Global Investment Funds range, focusing on value investing. The fund seeks to identify undervalued companies in Europe with the potential for future growth. BNY Mellon Investment Management is headquartered in New York.",Alternatives,Developed Markets,BNY Mellon,HAN,XHAN,,False
JHSB.HA,HSBC GIF-CHIN.EQU.INH.A D,EUR,"This is a sub-fund of HSBC Global Investment Funds, focusing on Chinese equities. The fund seeks to provide long-term capital growth by investing primarily in a diversified portfolio of equities of companies domiciled in, or exercising the predominant part of their economic activity in, the People's Republic of China. HSBC Global Asset Management manages the fund, operating from its headquarters in London.",Alternatives,Emerging Markets,HSBC Investment Funds,HAN,XHAN,,False
JHSC.HA,HSBC GIF-IND.EQU. A D,EUR,"This is a sub-fund of HSBC Global Investment Funds, focusing on Indian equities. The fund aims to provide long-term capital growth by investing primarily in equities of companies domiciled in, or exercising the predominant part of their economic activity in, India. HSBC Global Asset Management manages the fund, headquartered in London.",Alternatives,Emerging Markets,HSBC Investment Funds,HAN,XHAN,,False
JHSD.HA,BC GIF-EUROPE VALUE A D,EUR,"BC GIF-EUROPE VALUE A D is a European equity fund within the BNY Mellon Global Investment Funds range, focusing on value investing. The fund seeks to identify undervalued companies in Europe with the potential for future growth. BNY Mellon Investment Management is headquartered in New York.",Alternatives,Developed Markets,BNY Mellon,HAN,XHAN,,False
JHSP.HA,HSBC GIF-GLOBAL BOND A C,EUR,"This is a sub-fund of HSBC Global Investment Funds, investing in global bonds. The fund seeks to provide income and capital growth by investing primarily in a diversified portfolio of global debt securities. HSBC Global Asset Management manages the fund from its headquarters in London.",Fixed Income,Corporate Bonds,HSBC Investment Funds,HAN,XHAN,,False
JHSQ.HA,HSBC GIF-EURO HGH YLD A C,EUR,"This is a sub-fund of HSBC Global Investment Funds, focusing on Euro high yield bonds. The fund aims to provide income and capital growth by investing primarily in a diversified portfolio of sub-investment grade Euro-denominated debt securities. HSBC Global Asset Management manages the fund and is headquartered in London.",Fixed Income,High Yield Bonds,HSBC Investment Funds,HAN,XHAN,,False
JHSZ.HA,HSBC-ECON.SCA.US EQ. AC,EUR,"This is a sub-fund of HSBC Global Investment Funds that focuses on US equities based on an economic scale approach. The fund aims to provide long-term capital growth by investing in a portfolio of US companies that exhibit characteristics of economic scale. HSBC Global Asset Management manages the fund, headquartered in London.",Alternatives,Developed Markets,HSBC Investment Funds,HAN,XHAN,,False
JM53.HA,HSBC GIF-GL E.M.E.A C,EUR,"This is a sub-fund of HSBC Global Investment Funds, investing in Global Emerging Markets in Europe, the Middle East and Africa (EMEA). The fund aims to provide long-term capital growth by investing primarily in equities of companies domiciled in, or exercising the predominant part of their economic activity in, the EMEA region of emerging markets. HSBC Global Asset Management manages the fund, headquartered in London.",Alternatives,Emerging Markets,HSBC Investment Funds,HAN,XHAN,,False
JM58.HA,HSBC GIF-HK EQU.A C,EUR,"HSBC GIF-HK EQU.A C is an equity fund within the HSBC Global Investment Funds range, focusing on investing in equities listed on the Hong Kong Stock Exchange. The fund aims for long-term capital growth through a diversified portfolio of Hong Kong companies. HSBC Global Asset Management is headquartered in London.",Alternatives,Developed Markets,HSBC Investment Funds,HAN,XHAN,,False
JM59.HA,HSBC GIF-IND.EQU. A C,EUR,"HSBC GIF-IND.EQU. A C is an equity fund within the HSBC Global Investment Funds range, focused on investing in Indian equities. The fund seeks long-term capital appreciation by investing in a diversified portfolio of companies listed on Indian stock exchanges. HSBC Global Asset Management is headquartered in London.",Alternatives,Emerging Markets,HSBC Investment Funds,HAN,XHAN,,False
JM5B.HA,HSBC-ECO.SCA.JAP.EQ. AC,EUR,HSBC-ECO.SCA.JAP.EQ. AC aims to provide long-term capital growth by investing in companies that contribute to or benefit from the transition to a low-carbon economy in Japan. The fund focuses on environmental solutions and sustainable business practices within the Japanese equity market. The fund is managed by HSBC and is domiciled in a specific location,Alternatives,Developed Markets,HSBC Investment Funds,HAN,XHAN,,False
JM5E.HA,HSBC-ECO.SCA.JAP.EQ. AD,EUR,HSBC-ECO.SCA.JAP.EQ. AD aims to provide long-term capital growth by investing in companies that contribute to or benefit from the transition to a low-carbon economy in Japan. The fund focuses on environmental solutions and sustainable business practices within the Japanese equity market. The fund is managed by HSBC and is domiciled in a specific location,Alternatives,Developed Markets,HSBC Investment Funds,HAN,XHAN,,False
JM5F.HA,HSBC GIF-EUROL.VALUE A C,EUR,"HSBC GIF-EUROL.VALUE A C represents a fund focusing on undervalued equities within the Eurozone, seeking to capitalize on market inefficiencies by investing in companies trading below their intrinsic value, managed by HSBC Global Asset Management. The fund's specific investment criteria and sector allocation would be outlined in its key investor information document.",Alternatives,Developed Markets,HSBC Investment Funds,HAN,XHAN,,False
JM5J.HA,HSBC GIF-THAI EQUITY A C.,EUR,"HSBC GIF-THAI EQUITY A C. is a fund investing in equities of companies based in Thailand, aiming for capital growth through exposure to the Thai stock market, and managed by HSBC Global Asset Management. Further details on the fund's investment approach and risk profile are available in its fund documentation.",Equities,,HSBC Investment Funds,HAN,XHAN,,False
JM5M.HA,HSBC GIF-A.PA.E.JP.EQ.A S,EUR,"HSBC GIF-A.PA.E.JP.EQ.A S represents a fund that invests in equities across the Asia Pacific ex-Japan region, aiming for capital appreciation, and managed by HSBC Global Asset Management. The 'A S' denotes a specific share class with different fee structures or distribution policies than other share classes of the same fund.",Alternatives,Emerging Markets,HSBC Investment Funds,HAN,XHAN,,False
JM5Q.HA,HSBC GIF-ASIA E.J.ACOEO,EUR,"HSBC GIF-ASIA E.J.ACOEO signifies a fund investing in Asian equities, excluding Japan, with the suffix ""ACOEO"" designating a specific share class with particular fee structures, distribution policies, or investor eligibility criteria, managed by HSBC Global Asset Management. The fund's prospectus would provide comprehensive details regarding its investment objectives and risk profile.",Alternatives,Emerging Markets,HSBC Investment Funds,HAN,XHAN,,False
JPJ2.HA,JPM-LA.AM.EQ.JMPLAE ADDL,EUR,"JPM-LA.AM.EQ.JMPLAE ADDL is a fund managed by JP Morgan, focusing on equity investments in Latin American markets. The investment objective is to achieve capital appreciation through investments in Latin American companies. More details about the fund's specific investment approach are available in the official documentation",Financials,Emerging Markets,JPMorgan Asset Management,HAN,XHAN,,False
JPJ4.HA,JPM-E.M.E.E JPMEMEE ADDL,EUR,"JPM-E.M.E.E JPMEMEE ADDL is an investment fund managed by JP Morgan, specializing in equity markets within Emerging Europe. The fund seeks capital appreciation by investing in companies located in or with significant operations in the Emerging European region. Investment strategies and risk factors are further described within the fund's official documentation",,Emerging Markets,JPMorgan Asset Management,HAN,XHAN,,False
JPJ7.HA,JPM-LA.AM.EQ.JMPLAE DADL,EUR,"JPM-LA.AM.EQ.JMPLAE DADL is a fund managed by JP Morgan Chase, focusing on equity investments within Latin American markets. The fund's goal is to achieve capital appreciation through investing in a diverse range of Latin American companies. Further information concerning the investment strategy is available in the fund prospectus",,Emerging Markets,JPMorgan Asset Management,HAN,XHAN,,False
JPJB.HA,JPM-EOP.EQ. JPMEE ADEO,EUR,"JPM-EOP.EQ. JPMEE ADEO is an investment fund managed by JP Morgan, focused on equity markets within Europe. The fund aims to achieve capital appreciation by investing in a portfolio of European companies. Details regarding the specific investment strategy are available within the fund's prospectus",,Developed Markets,JPMorgan Asset Management,HAN,XHAN,,False
JPJF.HA,JPM-EU.ST.VA.JPMESV ADEO,EUR,"JPM-EU.ST.VA.JPMESV ADEO is a European equity fund managed by JP Morgan focusing on companies with sustainable value. The fund aims to achieve long-term capital appreciation by investing in European companies demonstrating strong Environmental, Social, and Governance (ESG) practices and value characteristics. Further details on the fund's investment approach can be found in its official documentation",Equities,Value,JPMorgan Asset Management,HAN,XHAN,,False
JPJG.HA,JPM-EOLND.EQ.JPMEE ADEO,EUR,"JPM-EOLND.EQ.JPMEE ADEO is a European equity fund managed by JP Morgan, focusing on companies located in Europe excluding the United Kingdom. The fund aims to provide capital appreciation by investing in a portfolio of European companies, excluding those based in the UK. Details about the fund's investment strategy are available in its prospectus",,Developed Markets,JPMorgan Asset Management,HAN,XHAN,,False
JPJJ.HA,JPM-EO.SM.CAP JPMESC ADEO,EUR,"JPM-EO.SM.CAP JPMESC ADEO is a European equity fund managed by JP Morgan, focusing on small-cap companies within the European market. The fund seeks capital appreciation by investing in a diversified portfolio of smaller European businesses. More information regarding the specific investment strategy is available in the fund's official documentation",Equities,Small Cap,JPMorgan Asset Management,HAN,XHAN,,False
JPJP.HA,JPM-CHINA JPMCHINA ADDL,EUR,,,Emerging Markets,JPMorgan Asset Management,HAN,XHAN,,False
JPJQ.HA,JPM-EMG EU.EQ.JPMEEE ADEO,EUR,"JPM-EMG EU.EQ.JPMEEE ADEO is a fund providing exposure to emerging market equities, specifically within a European-regulated structure. It is managed by JP Morgan and offers an ADEO share class. The fund's objective is to achieve capital appreciation by investing in companies located in emerging market countries.",,Emerging Markets,JPMorgan Asset Management,HAN,XHAN,,False
JPJS.HA,JPM-EM.MK.EQ.JPMEME ADDL,EUR,JPM-EM.MK.EQ.JPMEME ADDL is a fund providing exposure to emerging market equities. It's managed by JP Morgan and offers an additional share class. The fund's objective is to achieve capital appreciation by investing in companies located in emerging market countries.,,Emerging Markets,JPMorgan Asset Management,HAN,XHAN,,False
JPJV.HA,JPM-INDIA FD JPMI ADDL,EUR,JPM-INDIA FD JPMI ADDL is a fund investing in Indian equities. It's managed by JP Morgan and provides an additional share class. The fund's investment objective is to achieve capital appreciation by investing primarily in companies located in India.,Alternatives,Emerging Markets,JPMorgan Asset Management,HAN,XHAN,,False
JPJW.HA,JPM-JAPAN EQU. JPMJE ADDL,EUR,JPM-JAPAN EQU. JPMJE ADDL is a fund focused on investing in Japanese equities. The fund is managed by JP Morgan and offers an additional share class. Its objective is to achieve capital appreciation through investments in companies listed on Japanese stock exchanges.,Alternatives,Developed Markets,JPMorgan Asset Management,HAN,XHAN,,False
JPJX.HA,JPM-PACIF.EQU.JPMPE ADDL,EUR,JPM-PACIF.EQU.JPMPE ADDL is a fund focusing on equities in the Pacific region. It is managed by JP Morgan and provides an additional share class. The fund seeks capital appreciation through investments in companies located in Pacific Basin countries (excluding Japan).,Alternatives,Developed Markets,JPMorgan Asset Management,HAN,XHAN,,False
JSG1.HA,HSBC GIF-HK EQU. P D,EUR,,,,HSBC Investment Funds,HAN,XHAN,,False
JSGB.HA,HSBC GIF-ASIA E.J.A C,EUR,,,,HSBC Investment Funds,HAN,XHAN,,False
JSGJ.HA,HSBC GIF-EOL.EQ.S.E.E.A C,EUR,,,,HSBC Investment Funds,HAN,XHAN,,False
JSGK.HA,HSBC GIF-EUROL.VALUE A D,EUR,,,,HSBC Investment Funds,HAN,XHAN,,False
JSGR.HA,HSBC-ECON.SCA.US EQ. AD,EUR,,,,HSBC Investment Funds,HAN,XHAN,,False
JSGT.HA,HSBC GIF-USD BD A D,EUR,"HSBC GIF-USD BD A D is a fund that invests in USD-denominated bonds with the goal of providing income. It is managed by HSBC Global Asset Management, a global investment firm headquartered in London. The fund aims to generate returns through a combination of capital appreciation and income from its bond holdings.",Fixed Income,Corporate Bonds,HSBC Investment Funds,HAN,XHAN,,False
JSGX.HA,HSBC-EC.SC.GL.EQ. AD,EUR,"HSBC-EC.SC.GL.EQ. AD is a fund that invests in global equities, with a focus on specific sectors or strategies. It is managed by HSBC Global Asset Management, a global investment firm headquartered in London. The fund aims to provide investors with long-term capital appreciation through diversified equity investments.",,Developed Markets,HSBC Investment Funds,HAN,XHAN,,False
JSGY.HA,HSBC GIF-GLOBAL BOND A D,EUR,"HSBC GIF-GLOBAL BOND A D is a fund that invests in global bonds with the objective of generating income and capital appreciation. It is managed by HSBC Global Asset Management, a global investment firm headquartered in London. The fund seeks to provide diversified exposure to global fixed-income markets.",Fixed Income,Government Bonds,HSBC Investment Funds,HAN,XHAN,,False
JYJ1.HA,JPM-E.M.E.E JPMEMEE DADL,EUR,JPM-E.M.E.E JPMEMEE DADL is a JPMorgan fund focused on Eastern European equities. JPMorgan Chase & Co. is a global financial services firm headquartered in New York City. The fund aims to generate long-term capital appreciation by investing in a diversified portfolio of stocks in Eastern European markets.,,Emerging Markets,JPMorgan Asset Management,HAN,XHAN,,False
JYJ7.HA,JPM-GL.NA.RE.JPMGNR AAEO,EUR,JPM-GL.NA.RE.JPMGNR AAEO is a JPMorgan fund focused on global natural resources. JPMorgan Chase & Co. is a global financial services firm headquartered in New York City. The fund aims to generate long-term capital appreciation by investing in a diversified portfolio of companies involved in natural resources around the world.,,,JPMorgan Asset Management,HAN,XHAN,,False
JYJD.HA,JPM-GL.NA.RE.JPMGNR AD,EUR,JPM-GL.NA.RE.JPMGNR AD is a JPMorgan fund focused on global natural resources. JPMorgan Chase & Co. is a global financial services firm headquartered in New York City. The fund aims to generate long-term capital appreciation by investing in a diversified portfolio of companies involved in natural resources around the world.,,,JPMorgan Asset Management,HAN,XHAN,,False
JYJL.HA,JPM-AFRICA EQ.JPMAE APADL,EUR,JPM-AFRICA EQ.JPMAE APADL is a JPMorgan Asset Management fund investing in African equities. The fund's objective is to provide long-term capital growth by investing primarily in companies listed on stock exchanges in Africa or companies that have a significant portion of their business in Africa. JPMorgan Asset Management is a global investment manager with headquarters in New York City.,,Emerging Markets,JPMorgan Asset Management,HAN,XHAN,,False
JYJM.HA,JPM-AFRICA EQ.JPMAE APAEO,EUR,JPM-AFRICA EQ.JPMAE APAEO is a JPMorgan Asset Management fund investing in African equities. The fund aims to provide long-term capital growth by primarily investing in companies listed or with significant business in Africa. JPMorgan Asset Management is a global firm with headquarters in New York City.,,Emerging Markets,JPMorgan Asset Management,HAN,XHAN,,False
LH4A.HA,AL TR.AKTIEN DTLD.,EUR,AL TR.AKTIEN DTLD. is a fund investing in German equities. It focuses on companies listed in Germany. The fund aims to provide investors with capital appreciation through investments in the German stock market.,Equities,,,HAN,XHAN,,False
LJ9.HA,FIRST SHIP LEASE TRUST,EUR,"FIRST SHIP LEASE TRUST is a Singapore-based real estate investment trust (REIT) that invests in a diversified portfolio of income-producing properties, predominantly consisting of oceangoing container ships. The trust leases these ships to various container shipping companies, generating rental income for its investors. First Ship Lease Trust operates with the goal of providing stable and sustainable returns to its unitholders through its ship leasing business.",Real Estate,REITs,,HAN,XHAN,,False
LQ3A.HA,METZLER WACHSTUM INTERN.,EUR,,Alternatives,,,HAN,XHAN,,False
LQ3B.HA,METZL.EURO RENTEN DEFENS.,EUR,,Fixed Income,,,HAN,XHAN,,False
LQ3F.HA,METZLER AKTIEN EUROPA AR,EUR,"METZLER AKTIEN EUROPA AR is a fund that invests in European stocks, seeking capital appreciation through a diversified portfolio of companies across Europe; it is managed by Metzler Asset Management, located in Frankfurt, Germany.",Equities,,,HAN,XHAN,,False
LR1P.HA,ETHNA-AKTIV A,EUR,"ETHNA-AKTIV A is an actively managed mixed asset fund, part of the Ethna Funds family, which invests across different asset classes such as equities, bonds, and currencies, aiming to generate returns while managing risk through active asset allocation.",Alternatives,,,HAN,XHAN,,False
LU91.HA,RB LUXTOPIC-AKTIEN EURO A,EUR,,Equities,,,HAN,XHAN,,False
LU92.HA,DJE-MULTI ASSET PA,EUR,,Alternatives,,DJE Kapital AG,HAN,XHAN,,False
LU95.HA,DJE-RENTEN GL.INH.PA(EO),EUR,,Fixed Income,Corporate Bonds,DJE Kapital AG,HAN,XHAN,,False
LU98.HA,DJE-GOLD+RESS.INH.PA(EO),EUR,,Alternatives,,DJE Kapital AG,HAN,XHAN,,False
LU9A.HA,DJE-EUROPA INH.PA(EO),EUR,"DJE-EUROPA INH.PA(EO) is a fund that invests in European equities, aiming to provide returns through capital appreciation. The fund's investment strategy focuses on identifying undervalued companies with growth potential within the European market. It is managed by DJE Kapital AG, an asset management company headquartered in Germany.",,Developed Markets,DJE Kapital AG,HAN,XHAN,,False
LU9B.HA,DJE-DIV.+SUBS.INH P(EO),EUR,"DJE-DIV.+SUBS.INH P(EO) is a fund focused on dividend-yielding stocks and companies with strong asset bases. The fund seeks to provide a combination of income and capital appreciation by investing in equities that offer attractive dividends and possess substantial intrinsic value. DJE Kapital AG, headquartered in Germany, manages this fund.",Equities,Value,DJE Kapital AG,HAN,XHAN,,False
LU9D.HA,DJE-ALPHA GL.INH.PA (EO),EUR,"DJE-ALPHA GL.INH.PA (EO) is a fund aiming to generate alpha, or excess returns, compared to a benchmark, by investing in global equities. The fund's investment strategy focuses on identifying companies with strong growth potential and attractive valuations across various sectors and regions. It is managed by DJE Kapital AG, an asset management company headquartered in Germany.",,Developed Markets,DJE Kapital AG,HAN,XHAN,,False
LXF6.HA,EB OEKO-AKTIENFONDS R,EUR,"EB OEKO-AKTIENFONDS R is an equity fund focused on investments in environmentally friendly and sustainable companies. The fund seeks to generate returns by investing in companies that contribute to ecological solutions and operate in a sustainable manner. The 'EB' refers to the fund's management company, and the fund's investment policies promote environmental responsibility.",Equities,,Deka Investment,HAN,XHAN,,False
M2L.HA,MAPLETREE INDUSTR. TR.,EUR,Mapletree Industrial Trust is a real estate investment trust (REIT) listed on the Singapore Exchange. It invests in a diverse portfolio of industrial properties in Singapore and North America. The REIT aims to provide stable income and long-term growth for its unitholders.,Real Estate,REITs,,HAN,XHAN,,False
MAM2.HA,MAINFIRST-EUR.VAL.ST. A,EUR,"MAINFIRST-EUR.VAL.ST. A is an investment fund focused on European value stocks. The fund invests in companies that are considered undervalued by the market, based on metrics such as price-to-earnings ratio or price-to-book ratio. This provides investors with a portfolio of European stocks that are believed to be trading below their intrinsic value.",Equities,Value,,HAN,XHAN,,False
MAM3.HA,FIDECUM-AVANT-GARDE S.A,EUR,FIDECUM-AVANT-GARDE S.A is an exchange-traded fund listed on the Hanover Stock Exchange under the ticker MAM3 and traded in EUR.,,,,HAN,XHAN,,False
ME61.HA,METZLER-METZ.EAST. EUR. A,EUR,This is a fund investing in Eastern European equities. The fund has a specific strategy for selecting companies in the region. It is an A share class.,Alternatives,Emerging Markets,,HAN,XHAN,,False
ME62.HA,MET.-METZ.EUR.GROW.SUST.A,EUR,This is a fund investing in European equities with a focus on growth and sustainability. The fund uses a specific strategy for selecting companies in the region that show good growth prospects and align with sustainable investing principles. It is an A share class.,Alternatives,Developed Markets,,HAN,XHAN,,False
ME63.HA,MET.-METZ.EU.SM.C.SUS.AEO,EUR,This is a fund that invests in small and mid-cap European equities with a sustainability focus. The fund uses a specific strategy for selecting companies in the region that meet its sustainability criteria. It is an AEO share class.,Equities,Small Cap,,HAN,XHAN,,False
ME64.HA,M.-METZ.JAP.EQ.SUST.FD A,EUR,This is a fund investing in Japanese equities with a focus on sustainability. The fund employs a strategy focused on selecting companies in Japan that meet specific sustainability criteria. It is an A share class.,Alternatives,Developed Markets,,HAN,XHAN,,False
MF40.HA,COMMOD.CAP.-GLO.MINING P,EUR,,Commodities,,,HAN,XHAN,,False
MF41.HA,WALLRICH PRAEMIENSTR.P,EUR,,,,,HAN,XHAN,,False
MI94.HA,BGF-USD H.YLD BD NAM.A2,EUR,"BGF-USD H.YLD BD NAM.A2 refers to a BlackRock USD High Yield Bond Fund, A2 share class. This fund invests primarily in high-yield bonds denominated in US dollars, aiming to provide income and capital appreciation. The fund is managed by BlackRock, a large asset management firm headquartered in New York City.",Fixed Income,High Yield Bonds,BlackRock Asset Management,HAN,XHAN,,False
MI96.HA,BGF-US BASIC VAL.NAM.A2,EUR,"BGF-US BASIC VAL.NAM.A2 refers to a BlackRock US Basic Value Fund, A2 share class. This fund invests in US equities that are considered undervalued, based on fundamental analysis, seeking long-term capital appreciation. The fund is managed by BlackRock, a large asset management firm headquartered in New York City.",Financials,Value,BlackRock Asset Management,HAN,XHAN,,False
MI97.HA,BGF-WORLD MINING NAM.A2,EUR,"BGF-WORLD MINING NAM.A2 refers to a BlackRock World Mining Fund, A2 share class. This fund invests in equities of companies involved in the mining and metals industries globally, seeking capital appreciation. The fund is managed by BlackRock, a large asset management firm headquartered in New York City.",Materials,Developed Markets,BlackRock Asset Management,HAN,XHAN,,False
MI9C.HA,BGF-WORLD GOLD A2DL,EUR,"BGF-WORLD GOLD A2DL refers to a BlackRock World Gold Fund, A2 share class. This fund invests in equities of companies involved in the gold mining industry globally, seeking capital appreciation. The fund is managed by BlackRock, a large asset management firm headquartered in New York City.",Materials,,BlackRock Asset Management,HAN,XHAN,,False
MI9F.HA,BGF-EUROPEAN FD NAM. A2,EUR,"BGF-EUROPEAN FD NAM. A2 refers to a BlackRock European Fund, A2 share class. This fund invests in equities of European companies, seeking capital appreciation. The fund is managed by BlackRock, a large asset management firm headquartered in New York City.",Financials,,BlackRock Asset Management,HAN,XHAN,,False
MI9N.HA,BGF-EURO BOND NAM. A2,EUR,BGF-EURO BOND NAM. A2 is a fund that invests in Euro-denominated bonds. It aims to provide investors with income and capital appreciation by investing in a diversified portfolio of fixed-income securities issued by European entities. The fund is managed by BlackRock and is domiciled in Luxembourg.,Fixed Income,Corporate Bonds,BlackRock Asset Management,HAN,XHAN,,False
MI9S.HA,BGF-WORLD GOLD N.A2 EO,EUR,"BGF-WORLD GOLD N.A2 EO is a fund that invests in gold-related investments globally. The fund aims to provide investors with capital appreciation by investing primarily in the equity securities of companies engaged in the gold mining industry, as well as in physical gold. The fund is managed by BlackRock and is domiciled in Luxembourg.",Alternatives,,BlackRock Asset Management,HAN,XHAN,,False
MI9T.HA,BGF-WORLD MNG NAM.A2 EO,EUR,"BGF-WORLD MNG NAM.A2 EO is a fund that invests in companies involved in the mining and natural resources sectors globally. The fund aims to generate capital growth by investing in companies engaged in the exploration, development, production, and distribution of various natural resources. The fund is managed by BlackRock and is domiciled in Luxembourg.",Alternatives,,BlackRock Asset Management,HAN,XHAN,,False
MI9V.HA,BGF-WORLD TECH. NAM. A2,EUR,"BGF-WORLD TECH. NAM. A2 is a fund that invests in technology companies globally. The fund aims to achieve capital appreciation by investing in companies that are leaders in innovation, development, and application of technology. The fund is managed by BlackRock and is domiciled in Luxembourg.",Information Technology,,BlackRock Asset Management,HAN,XHAN,,False
MI9Z.HA,BGF-WLD FINANC.F.NAM.A2,EUR,BGF-WLD FINANC.F.NAM.A2 is a fund that invests in financial companies globally. The fund seeks to provide capital appreciation by investing in companies that are engaged in the financial services industry worldwide. The fund is managed by BlackRock and is domiciled in Luxembourg.,Financials,Developed Markets,BlackRock Asset Management,HAN,XHAN,,False
MSJ5.HA,MSI-LATIN AMER.EQ. NAM.A,EUR,,,Emerging Markets,,HAN,XHAN,,False
MSJA.HA,MSI-EURO STRAT.BD NAM.A,EUR,,Fixed Income,,,HAN,XHAN,,False
MSJI.HA,MSI-SHORT MATUR.EO BD A,EUR,,Derivatives,Trading,,HAN,XHAN,,False
MSY.HA,MSI-EURO BOND FD NAM.A,EUR,,Fixed Income,,,HAN,XHAN,,False
MZR1.HA,M+G I.(1)-M+G GL.TH. EOA,EUR,"This is a fund managed by M&G Investment Funds (1) called the M&G Global Themes Fund. The fund invests in global equities, focusing on companies benefiting from long-term global trends or themes. M&G Investment Funds is based in the United Kingdom.",,Developed Markets,,HAN,XHAN,,False
NDJB.HA,NORDEA 1-NTH AM.VAL.BP-EO,EUR,NORDEA 1-NTH AM.VAL.BP-EO refers to a North American value equity fund managed by Nordea Investment Funds S.A. The fund invests primarily in undervalued stocks of companies located in North America. The objective is to provide investors with long-term capital appreciation by identifying and investing in companies trading below their intrinsic value.,Financials,Value,,HAN,XHAN,,False
NDJE.HA,NORDEA 1-NTH AM.VAL.BP-DL,EUR,NORDEA 1-NTH AM.VAL.BP-DL refers to a North American value equity fund managed by Nordea Investment Funds S.A. The fund invests primarily in undervalued stocks of companies located in North America. The objective is to provide investors with long-term capital appreciation by identifying and investing in companies trading below their intrinsic value.,Financials,Value,,HAN,XHAN,,False
NDJG.HA,NORDEA 1-AS.EX JA.E.BPDL,EUR,"NORDEA 1-AS.EX JA.E.BPDL refers to an Asia ex-Japan equity fund managed by Nordea Investment Funds S.A. The fund invests primarily in equities of companies located in Asia, excluding Japan. The objective is to provide investors with long-term capital appreciation by investing in the growing Asian markets, excluding Japan.",Financials,Emerging Markets,,HAN,XHAN,,False
NDJH.HA,NORDEA 1-EUR.COV.BD BP-EO,EUR,NORDEA 1-EUR.COV.BD BP-EO refers to a Euro-denominated covered bond fund managed by Nordea Investment Funds S.A. It invests primarily in covered bonds issued in Europe. The goal is to provide investors with a steady stream of income while maintaining a relatively low risk profile due to the security offered by covered bonds.,Fixed Income,Government Bonds,,HAN,XHAN,,False
NDJP.HA,NORDEA 1-SW.S.-T.BDBP-EO,EUR,NORDEA 1-SW.S.-T.BDBP-EO refers to a Swedish short-term bond fund managed by Nordea Investment Funds S.A. The fund invests primarily in short-term debt securities issued in Sweden. The fund's objective is to provide investors with a stable income stream while maintaining a low level of risk.,Fixed Income,Government Bonds,,HAN,XHAN,,False
NDJS.HA,NORDEA 1-NORWEG.EQ. BP-EO,EUR,NORDEA 1-NORWEG.EQ. BP-EO refers to a Norwegian equity fund managed by Nordea Investment Funds S.A. The fund invests primarily in stocks of companies located in Norway. The fund's objective is to provide investors with long-term capital appreciation through investments in the Norwegian stock market.,Alternatives,Developed Markets,,HAN,XHAN,,False
NDJU.HA,NORDEA 1-EM.WE.EQ.BPEO,EUR,NORDEA 1-EM.WE.EQ.BPEO refers to an emerging Western European equity fund managed by Nordea Investment Funds S.A. The fund primarily invests in equities of companies located in emerging Western European countries. The fund’s objective is to provide long-term capital appreciation by focusing on the growth potential of emerging economies within Western Europe.,Alternatives,Emerging Markets,Amundi Asset Management,HAN,XHAN,,False
NQ64.HA,NORDASIA.COM,EUR,,,,,HAN,XHAN,,False
NQ65.HA,AMUND.DISCOUNT BALANC.ADA,EUR,,,,Amundi Asset Management,HAN,XHAN,,False
NQ6A.HA,SELECTION GLOB.CONVERTIB.,EUR,,,,,HAN,XHAN,,False
NQ6C.HA,AMUNDI INTERNETAKTIEN,EUR,,Equities,,Amundi Asset Management,HAN,XHAN,,False
NQ6E.HA,AMUNDI ETHIK PLUS A ND,EUR,,,,Amundi Asset Management,HAN,XHAN,,False
OD5T.HA,OBERBANSCHEIDT GL.FL.UI R,EUR,,,,,HAN,XHAN,,False
OD5U.HA,LLOYD FDS-ASS.DEF.OPPS A,EUR,,,,,HAN,XHAN,,False
OD6A.HA,G+W - HDAX - TRENDFONDS,EUR,,,,,HAN,XHAN,,False
OD6E.HA,WARB.CLASS.VERMOEGENSM.F.,EUR,,,,,HAN,XHAN,,False
OD6H.HA,DIRK MUELLER PREMI.AKT.EO,EUR,,,,,HAN,XHAN,,False
OD6I.HA,WARBURG-DEFENSIV-FONDS R,EUR,WARBURG-DEFENSIV-FONDS R is a fund that aims for a defensive investment strategy. It is managed by Warburg Invest Kapitalanlagegesellschaft mbH and domiciled in Germany. The fund invests in a mix of asset classes with a focus on downside protection.,,,Warburg Invest Kapitalanlagegesellschaft mbH,HAN,XHAN,,False
OD6J.HA,WARBURG-MULTI-ASSET-SEL.R,EUR,"WARBURG-MULTI-ASSET-SEL.R is a fund that invests across multiple asset classes, selected by the fund manager. It is managed by Warburg Invest Kapitalanlagegesellschaft mbH and domiciled in Germany. The fund aims to provide diversified returns across various market conditions.",,,Warburg Invest Kapitalanlagegesellschaft mbH,HAN,XHAN,,False
OD6Q.HA,G+W-TREND ALLOCATION-FDS,EUR,"G+W-TREND ALLOCATION-FDS is a trend allocation fund managed by G+W Asset Management. The fund invests based on market trends, shifting asset allocation to capitalize on emerging opportunities. The goal is to generate returns by dynamically adjusting the portfolio based on prevailing market conditions.",Alternatives,,,HAN,XHAN,,False
OD6V.HA,G+W-ORDO-STIFTUNGSFONDS,EUR,"G+W-ORDO-STIFTUNGSFONDS is a fund designed for foundations (Stiftungen in German), managed by G+W Asset Management. The fund prioritizes capital preservation and sustainable income generation, aligning with the long-term investment goals of foundations. It invests in a diversified portfolio of assets suitable for conservative investors.",Alternatives,,,HAN,XHAN,,False
OD6W.HA,G+W-EURO RENTENTREND- FDS,EUR,"G+W-EURO RENTENTREND- FDS is a Euro bond trend fund, managed by G+W Asset Management. The fund invests in Euro-denominated bonds, selecting them based on prevailing market trends. The investment strategy aims to capitalize on the performance of Eurozone fixed income markets through trend analysis.",Fixed Income,Corporate Bonds,,HAN,XHAN,,False
OE7A.HA,OEKOWLD-OEKOVIS. CL. C,EUR,"OEKOWLD-OEKOVIS. CL. C is an ecological investment fund managed by OekoWorld. The fund invests in companies that operate in an environmentally and socially responsible manner, promoting ecological sustainability and ethical business practices. The fund prioritizes investments in renewable energy, resource efficiency, and sustainable products.",Financials,,,HAN,XHAN,,False
OFDD.HA,OYSTER-EUROP.CORP.BDS CEO,EUR,OYSTER-EUROP.CORP.BDS CEO is a European corporate bond fund managed by Oyster Management. The fund invests primarily in corporate bonds issued by companies located in Europe. The investment objective is to generate income and capital appreciation by investing in a diversified portfolio of European corporate bonds.,Fixed Income,Corporate Bonds,,HAN,XHAN,,False
OFDE.HA,OYSTER-SUS.EUR.CEO2,EUR,"OYSTER-SUS.EUR.CEO2 is a sustainable European equity fund managed by Oyster Management. The fund invests in European companies that meet specific environmental, social, and governance (ESG) criteria. The investment objective is to generate long-term capital appreciation by investing in sustainable and responsible businesses.",Financials,Developed Markets,,HAN,XHAN,,False
OG78.HA,LBBW GLOBAL WARMING R,EUR,"LBBW GLOBAL WARMING R is a fund managed by LBBW (Landesbank Baden-Württemberg) that focuses on companies involved in addressing or benefiting from global warming. The fund invests in sectors like renewable energy, energy efficiency, and sustainable technologies. Its investment objective is to generate returns while promoting environmentally conscious investing.",,,,HAN,XHAN,,False
OG7A.HA,DEKA-DEUTSCHL.AKT.STRATE.,EUR,"DEKA-DEUTSCHL.AKT.STRATE. is a German equity fund managed by DekaBank that follows a specific investment strategy. The fund invests primarily in stocks of German companies, focusing on a particular market capitalization or investment style. The fund's investment objective is to achieve capital appreciation by investing in the German stock market.",,Developed Markets,Deka Investment,HAN,XHAN,,False
OG7B.HA,LINGOHR-SYSTEMATIC-INVEST,EUR,LINGOHR-SYSTEMATIC-INVEST is a systematically managed investment fund by Lingohr. It employs a quantitative or rules-based approach to investment selection and portfolio construction. The fund aims to achieve consistent returns through its systematic investment process.,,,Deka Investment,HAN,XHAN,,False
OG7E.HA,MULTIRENT-INVEST,EUR,"MULTIRENT-INVEST is a multi-asset investment fund, focused on fixed income, managed by multiple managers or employing a diverse strategy. The fund aims to generate income and capital appreciation through a diversified portfolio of fixed-income securities and other asset classes. Its goal is to achieve a balance between risk and return in various market conditions.",,,Deka Investment,HAN,XHAN,,False
OG7G.HA,EURORENT-EM-INVEST,EUR,"EURORENT-EM-INVEST is a bond fund that invests in Euro-denominated debt from emerging markets. It aims to provide investors with exposure to the higher yields available in emerging market debt, while being denominated in Euros. The fund's investment objective is to achieve capital appreciation and income by investing in this specific segment of the fixed-income market.",,Emerging Markets,Deka Investment,HAN,XHAN,,False
OG7I.HA,LINGOHR-EUROPA-SYST.-INV.,EUR,LINGOHR-EUROPA-SYST.-INV. is a systematically managed European investment fund by Lingohr. It employs a quantitative or rules-based approach to investment selection and portfolio construction within the European market. The fund aims to achieve consistent returns through its systematic investment process in Europe.,,Developed Markets,Deka Investment,HAN,XHAN,,False
OG7J.HA,LINGOHR-ASIEN-SYSTEM.-IN.,EUR,LINGOHR-ASIEN-SYSTEM.-IN. is a systematically managed Asian investment fund by Lingohr. It employs a quantitative or rules-based approach to investment selection and portfolio construction within the Asian market. The fund aims to achieve consistent returns through its systematic investment process in Asia.,,Emerging Markets,Deka Investment,HAN,XHAN,,False
OPJS.HA,PERPETUUM VITA BASIS R,EUR,,,,,HAN,XHAN,,False
OXM0.HA,DWS QI EUROZONE EQUITY RC,EUR,"The DWS QI Eurozone Equity RC seeks to track the performance of Eurozone equities, employing a rules-based, quantitative investment strategy. The fund aims to provide exposure to companies within the Eurozone region that meet specific criteria. DWS Group is the asset manager, with headquarters in Frankfurt, Germany.",Equities,,DWS Investment,HAN,XHAN,,False
OXMC.HA,DWS CONCEPT GS+P FOOD LD,EUR,"The DWS Concept GS+P Food LD is a fund that invests in companies involved in the food industry. The fund focuses on the entire value chain, from agriculture to processing and distribution. DWS Group, headquartered in Frankfurt, Germany, manages the fund.",,,DWS Investment,HAN,XHAN,,False
OXN3.HA,DWS QI EXTRA BD TO.RET.SD,EUR,"DWS QI EXTRA BD TO.RET.SD is a fixed income fund that employs a quantitative investment approach. The fund aims to generate total return by investing primarily in a diversified portfolio of bonds. DWS Group, headquartered in Frankfurt, Germany, is the investment manager.",Fixed Income,Government Bonds,DWS Investment,HAN,XHAN,,False
P3G.HA,SUNTEC REAL EST. INV. UTS,EUR,,Real Estate,,,HAN,XHAN,,False
P3IA.HA,PICTET-CLEAN EN.N.P EUR,EUR,,Alternatives,,Pictet Asset Management,HAN,XHAN,,False
P3IB.HA,PICTET-CLEAN EN.N.P USD,EUR,,Alternatives,,Pictet Asset Management,HAN,XHAN,,False
P3IC.HA,PICTET-CLEAN EN.N.PD.USD,EUR,,Alternatives,,Pictet Asset Management,HAN,XHAN,,False
P5UZ.HA,ARBOR INVEST-SPEZIALREN.P,EUR,,,,,HAN,XHAN,,False
PBF.HA,PICTET-BIOTECH NAM.PDL,EUR,,Health Care,,Pictet Asset Management,HAN,XHAN,,False
PBF1.HA,PICTET-DIGITAL PDL,EUR,,Information Technology,,Pictet Asset Management,HAN,XHAN,,False
PBF3.HA,PICTET-EMERG.MKTS P DL,EUR,,Alternatives,Emerging Markets,Pictet Asset Management,HAN,XHAN,,False
PBF4.HA,PICTET-EMERG.EUROPE P EO,EUR,,,Emerging Markets,Pictet Asset Management,HAN,XHAN,,False
PBF6.HA,PICTET-AS.EQ.(EX JP)IDL,EUR,"PICTET-AS.EQ.(EX JP)IDL represents a Pictet Asset Management fund focused on Asian equities, excluding Japan, with an institutional distribution share class. Pictet Asset Management is an investment manager overseeing assets in various global markets. The fund provides institutional investors access to Asian equity markets (excluding Japan).",,Emerging Markets,Pictet Asset Management,HAN,XHAN,,False
PBF7.HA,PICTET-WATER NAM.P EO,EUR,"PICTET-WATER NAM.P EO is a Pictet Asset Management fund focused on companies involved in the water industry, with a capitalization share class. Pictet Asset Management is a global investment manager headquartered in Geneva, Switzerland. The fund invests in companies involved in water supply, water treatment, and other water-related technologies and services.",,,Pictet Asset Management,HAN,XHAN,,False
PBF8.HA,PICTET-EUR.EQ.SEL.NAM.PEO,EUR,"PICTET-EUR.EQ.SEL.NAM.PEO is a Pictet Asset Management fund focused on selecting European equities, with a capitalization share class. Pictet Asset Management is a global investment manager headquartered in Geneva, Switzerland. The fund aims to provide investors with exposure to European equity markets through a selection process.",,Developed Markets,Pictet Asset Management,HAN,XHAN,,False
PBFA.HA,PICTET-FAMILY PEO,EUR,"PICTET-FAMILY PEO is a Pictet Asset Management fund focused on family-owned businesses, with a capitalization share class. Pictet Asset Management is a global investment manager headquartered in Geneva, Switzerland. The fund invests in publicly listed companies where families maintain a significant ownership stake.",,,Pictet Asset Management,HAN,XHAN,,False
PBFF.HA,PICTET-CHINA EQTS NAM.PDL,EUR,"PICTET-CHINA EQTS NAM.PDL represents a Pictet Asset Management fund focused on Chinese equities, with a potential distribution share class. Pictet Asset Management is an investment manager overseeing assets in various global markets. The fund aims to provide investors with exposure to the growth potential of the Chinese economy through its equity market.",,,Pictet Asset Management,HAN,XHAN,,False
PBFG.HA,PICTET-PAC.EX JAP.NAM.PDL,EUR,"PICTET-PAC.EX JAP.NAM.PDL is a Pictet Asset Management fund focused on equities in the Pacific region, excluding Japan, with a potential distribution share class. Pictet Asset Management is a global investment manager headquartered in Geneva, Switzerland. The fund invests in companies located in the Asia-Pacific region, excluding Japan, seeking to capture the growth of these markets.",,,Pictet Asset Management,HAN,XHAN,,False
PBFJ.HA,PICTET-FAMILY IEO,EUR,"PICTET-FAMILY IEO is a Pictet Asset Management fund focused on family-owned businesses, with an institutional capitalization share class. Pictet Asset Management is a global investment manager headquartered in Geneva, Switzerland. The fund invests in publicly listed companies where families maintain a significant ownership stake, targeting institutional investors.",,,Pictet Asset Management,HAN,XHAN,,False
PBFL.HA,PICTET-HEALTH NAM.P DL,EUR,"PICTET-HEALTH NAM.P DL represents a Pictet Asset Management fund focused on the healthcare sector, with a potential distribution share class. Pictet Asset Management is an investment manager overseeing assets in various global markets. The fund aims to provide investors with exposure to companies involved in healthcare, pharmaceuticals, and biotechnology.",,,Pictet Asset Management,HAN,XHAN,,False
PBFN.HA,PICTET-BIOTECH NAM.HP EO,EUR,"PICTET-BIOTECH NAM.HP EO represents a Pictet Asset Management fund focused on the biotechnology sector, with a capitalization share class. Pictet Asset Management is an investment manager overseeing assets in various global markets. The fund invests in companies involved in the biotechnology industry.",,,Pictet Asset Management,HAN,XHAN,,False
PBFP.HA,PICTET-INDIAN EQS NAM.PDL,EUR,"PICTET-INDIAN EQS NAM.PDL represents a Pictet Asset Management fund focused on Indian equities, with a potential distribution share class. Pictet Asset Management is an investment manager overseeing assets in various global markets. The fund aims to provide investors with exposure to the growth potential of the Indian economy through its equity market.",,,Pictet Asset Management,HAN,XHAN,,False
PIMA.HA,PICTET-EU.S.M.T.B. P,EUR,,,,Pictet Asset Management,HAN,XHAN,,False
PIMB.HA,PICTET-EU.S.M.T.B. P DY,EUR,,,,Pictet Asset Management,HAN,XHAN,,False
PIMH.HA,PICTET-EUR HGH YLD P,EUR,,Fixed Income,,Pictet Asset Management,HAN,XHAN,,False
PIMI.HA,PICTET-EUR HGH YLD P DY,EUR,,Fixed Income,,Pictet Asset Management,HAN,XHAN,,False
PIMJ.HA,PICT.-SHORT-TERM MM USD P,EUR,"Pictet - Short-Term Money Market USD is a sub-fund of Pictet Funds (Europe), an investment fund domiciled in Luxembourg. It seeks to provide a return in line with money market rates by investing in short-term, USD-denominated debt instruments. The fund's objective is to offer a low-risk, liquid investment option within the USD money market.",Cash,Money Market Instruments,Pictet Asset Management,HAN,XHAN,,False
PIMK.HA,PICTET-DL GOV.BDS P,EUR,,Fixed Income,,Pictet Asset Management,HAN,XHAN,,False
PJAA.HA,PICTET-GL.EMERG.DE.P DL,EUR,PICTET-GL.EMERG.DE.P DL is a fund focused on investments in global emerging market debt. The fund aims to provide investors with exposure to the debt securities of companies and governments in developing economies. The specific investment strategy and holdings would be detailed in the fund's prospectus.,Fixed Income,Emerging Markets,Pictet Asset Management,HAN,XHAN,,False
PJAB.HA,PICTET-EM.LOC.CUR.D.PDL,EUR,PICTET-EM.LOC.CUR.D.PDL is a fund specializing in emerging market local currency debt. It aims to generate returns by investing in bonds issued by emerging market entities in their own currencies. The fund's performance is affected by both interest rate movements and currency fluctuations in these markets.,Fixed Income,Emerging Markets,Pictet Asset Management,HAN,XHAN,,False
RK11.HA,RAIFF.-OSTEUR.-AKT.RA ST.,EUR,RAIFF.-OSTEUR.-AKT.RA ST. is a fund that invests in equities of companies located in Eastern Europe. The fund seeks capital appreciation through investments in the region. The fund is managed by Raiffeisen Capital Management.,Information Technology,Emerging Markets,Raiffeisen Kapitalanlage GmbH,HAN,XHAN,,False
RK12.HA,RAIFF.-OSTEUR.-AKT. T,EUR,RAIFF.-OSTEUR.-AKT. T is a fund that invests in equities of companies located in Eastern Europe. The fund seeks capital appreciation through investments in the region. Specific details of the fund's structure might differentiate it from similar tickers.,Information Technology,Emerging Markets,Raiffeisen Kapitalanlage GmbH,HAN,XHAN,,False
RK13.HA,RAIF.-NAC.-OE.PL.-AK.RT,EUR,"RAIF.-NAC.-OE.PL.-AK.RT is a fund related to Raiffeisen, possibly focusing on equities in the region of Austria or Eastern Europe. It is an accumulating fund (AK) with partial tax transparency (RT). Further details about the specific sector or market focus would be found in the fund prospectus.",Information Technology,Emerging Markets,Raiffeisen Kapitalanlage GmbH,HAN,XHAN,,False
RK1A.HA,RAIFF.NACHHALTIGK.-MIX RA,EUR,"RAIFF.NACHHALTIGK.-MIX RA is a Raiffeisen fund focusing on sustainable investments with a mixed asset allocation. It invests in a combination of asset classes that meet specific environmental, social, and governance (ESG) criteria. ""RA"" denotes a specific share class or fund characteristic.",Alternatives,Blend,Raiffeisen Kapitalanlage GmbH,HAN,XHAN,,False
RK1B.HA,RAIFF.-GLOBAL-AKT.R A ST.,EUR,"RAIFF.-GLOBAL-AKT.R A ST. is a Raiffeisen fund investing in global equities. It aims to achieve capital appreciation through a diversified portfolio of stocks from around the world. ""R A ST"" denotes a specific share class or fund characteristic.",Information Technology,Developed Markets,Raiffeisen Kapitalanlage GmbH,HAN,XHAN,,False
RK1C.HA,RAIFF.-NACH.EUR.AKT.RVTA,EUR,"RAIFF.-NACH.EUR.AKT.RVTA is a Raiffeisen fund focused on sustainable European equities. It invests in companies with strong environmental, social, and governance (ESG) characteristics, aiming for capital appreciation. ""RVTA"" refers to specific fund characteristics.",Information Technology,Developed Markets,Raiffeisen Kapitalanlage GmbH,HAN,XHAN,,False
RK1D.HA,RAIFF.-EURO-RENT R VT ST,EUR,"RAIFF.-EURO-RENT R VT ST is a Raiffeisen fund investing in Euro-denominated bonds. It aims to generate income by investing in a diversified portfolio of fixed-income securities. The ""VT ST"" denotes specific characteristics related to distribution or tax treatment.",Fixed Income,Government Bonds,Raiffeisen Kapitalanlage GmbH,HAN,XHAN,,False
RK1F.HA,RAIFF.-EURO-RENT R T,EUR,"RAIFF.-EURO-RENT R T is a Raiffeisen fund investing in Euro-denominated bonds. It seeks to generate income through a diversified portfolio of Euro-denominated fixed-income securities. The ""R T"" refers to a specific share class with partial tax transparency.",Fixed Income,Government Bonds,Raiffeisen Kapitalanlage GmbH,HAN,XHAN,,False
RK1G.HA,RAIFF.-EUROPA-HGHY.RA ST.,EUR,"RAIFF.-EUROPA-HGHY.RA ST. is a Raiffeisen fund that invests in European high-yield bonds. It aims to generate income by investing in below-investment-grade corporate debt within Europe. ""RA ST"" refers to specific fund characteristics.",Fixed Income,High Yield Bonds,Raiffeisen Kapitalanlage GmbH,HAN,XHAN,,False
RK1H.HA,RAIFF.-EURO-RENT R A ST.,EUR,"RAIFF.-EURO-RENT R A ST. is a Raiffeisen fund that invests in Euro-denominated bonds. The fund aims to generate income through a diversified portfolio of fixed-income securities. ""R A ST"" refers to specific fund characteristics.",Fixed Income,Government Bonds,Raiffeisen Kapitalanlage GmbH,HAN,XHAN,,False
RK1K.HA,RAIF.-NACHHAL.-RENT (R)T,EUR,"RAIF.-NACHHAL.-RENT (R)T is a Raiffeisen fund investing in sustainable bonds. It aims to generate income by investing in fixed-income securities that meet specific environmental, social, and governance (ESG) criteria. The ""(R)T"" denotes specific fund or share class characteristics.",Fixed Income,Government Bonds,Raiffeisen Kapitalanlage GmbH,HAN,XHAN,,False
RK1L.HA,RAIF.-NACHHAL.-RENT (R)A,EUR,"RAIF.-NACHHAL.-RENT (R)A is a Raiffeisen fund investing in sustainable bonds. It aims to generate income by investing in fixed-income securities that meet specific environmental, social, and governance (ESG) criteria. The ""(R)A"" denotes specific fund or share class characteristics.",Fixed Income,Government Bonds,Raiffeisen Kapitalanlage GmbH,HAN,XHAN,,False
RK1M.HA,RAIFF.-GLOB.-RENT(R)A ST.,EUR,"RAIFF.-GLOB.-RENT(R)A ST. is a Raiffeisen fund investing in global bonds. Its goal is to generate income through a diversified portfolio of fixed-income securities from around the world. ""(R)A ST"" refers to specific fund characteristics or a share class designation.",Fixed Income,Government Bonds,Raiffeisen Kapitalanlage GmbH,HAN,XHAN,,False
RK1N.HA,RAIFF.-GLOB.-AKT.R VT ST.,EUR,"RAIFF.-GLOB.-AKT.R VT ST. is a Raiffeisen fund that invests in global equities. It aims to provide capital appreciation through a diversified portfolio of stocks from around the world. The ""R VT ST"" denotes specific characteristics related to distribution or tax treatment.",Financials,Developed Markets,Raiffeisen Kapitalanlage GmbH,HAN,XHAN,,False
RK1Q.HA,RAIFF.-EUROPA-HGHYIELD RT,EUR,"RAIFF.-EUROPA-HGHYIELD RT is a Raiffeisen fund that invests in European high-yield bonds. It aims to generate income by investing in below-investment-grade corporate debt within Europe. The ""RT"" indicates partial tax transparency.",Fixed Income,High Yield Bonds,Raiffeisen Kapitalanlage GmbH,HAN,XHAN,,False
RK1S.HA,RAIF.-NAC.-OE.PL.-AK.VTST,EUR,,,,Raiffeisen Kapitalanlage GmbH,HAN,XHAN,,False
RK1T.HA,RAIFF.-OSTEUR.-AKT.RVT S.,EUR,,,,Raiffeisen Kapitalanlage GmbH,HAN,XHAN,,False
RK1U.HA,RAIFF.EURASIEN-AKT.RA ST.,EUR,,,,Raiffeisen Kapitalanlage GmbH,HAN,XHAN,,False
RK1V.HA,RAIFF.EURASIEN-AKT.R VT S,EUR,,,,Raiffeisen Kapitalanlage GmbH,HAN,XHAN,,False
RK1W.HA,RAIFF.-PAZIF.-AKT.(R)A ST,EUR,,,,Raiffeisen Kapitalanlage GmbH,HAN,XHAN,,False
RK1X.HA,RAIFF.-US-AKTIEN (R)A ST.,EUR,,Equities,,Raiffeisen Kapitalanlage GmbH,HAN,XHAN,,False
RK1Y.HA,RAIFF.-US-AKTIEN (R) T,EUR,,Equities,,Raiffeisen Kapitalanlage GmbH,HAN,XHAN,,False
RK1Z.HA,RAIFFEISEN-EO-SHTT.R.RAST,EUR,,,,Raiffeisen Kapitalanlage GmbH,HAN,XHAN,,False
RKC0.HA,RAIFF.-EUR.-SM.CAP RA ST.,EUR,,,,Raiffeisen Kapitalanlage GmbH,HAN,XHAN,,False
RKC1.HA,RAIFF.-EM.MKTS-AKT.RA ST.,EUR,,,,Raiffeisen Kapitalanlage GmbH,HAN,XHAN,,False
RKC2.HA,RAIFF.-OSTEUR.-RENT RAST.,EUR,,Fixed Income,,Raiffeisen Kapitalanlage GmbH,HAN,XHAN,,False
RKC3.HA,RAIFF.-TOPDIVID.-AKT.R A,EUR,,,,Raiffeisen Kapitalanlage GmbH,HAN,XHAN,,False
RKC4.HA,RAIFF.-EUR.-SM.CA.RVT ST.,EUR,,,,Raiffeisen Kapitalanlage GmbH,HAN,XHAN,,False
RKC6.HA,RAIFF.-OSTEUR.-RENT VT,EUR,,Fixed Income,,Raiffeisen Kapitalanlage GmbH,HAN,XHAN,,False
RKC8.HA,RAIFF.-ENERG.-AKT.(R)AST,EUR,,Energy,,Raiffeisen Kapitalanlage GmbH,HAN,XHAN,,False
RKC9.HA,RAIFF.-NACHHALT.-AKT.RAST,EUR,,,,Raiffeisen Kapitalanlage GmbH,HAN,XHAN,,False
RKCA.HA,RAIFF.-NACHHALT.-AKT.RVST,EUR,"This is a fund related to Raiffeisen's sustainability equity strategy. It invests in companies that meet specific environmental, social, and governance (ESG) criteria, aiming for long-term capital appreciation. The fund is domiciled in Europe.",,,Raiffeisen Kapitalanlage GmbH,HAN,XHAN,,False
RKCB.HA,RAIFF.-ENERG.-AKT.(R)RVTS,EUR,"This is a fund associated with Raiffeisen's energy equity strategy. It invests in companies involved in the energy sector, with a focus on renewable energy. The fund aims to generate returns by investing in the growing energy market.",Energy,,Raiffeisen Kapitalanlage GmbH,HAN,XHAN,,False
RKCC.HA,RAIFF.EMERGINMARKE.RA ST.,EUR,"This is a fund that invests in emerging market equities, focusing on companies that meet specific criteria. The fund aims to provide investors with exposure to the growth potential of emerging economies. The fund follows a specific investment strategy to navigate the risks associated with emerging markets.",,,Raiffeisen Kapitalanlage GmbH,HAN,XHAN,,False
RNLE.HA,NORDEA 1-NORDIC EQ. BP-EO,EUR,"Nordea 1 - Nordic Equity Fund is an equity fund that invests primarily in companies listed on Nordic stock exchanges. The fund seeks to generate long-term capital growth by investing in a diversified portfolio of Nordic equities. It is managed by Nordea Investment Funds S.A., based in Luxembourg.",Equities,Developed Markets,,HAN,XHAN,,False
RR8B.HA,SIEMENS EUROCASH,EUR,SIEMENS EUROCASH is an investment fund. More specific information regarding the fund's investment strategy and holdings would be required to provide a more detailed description.,,Cash,,HAN,XHAN,,False
S4WA.HA,SIEMENS WELTINVEST AKTIEN,EUR,SIEMENS WELTINVEST AKTIEN is an investment fund focused on equities. More specific information regarding the fund's investment strategy and holdings would be required to provide a more detailed description.,Equities,,,HAN,XHAN,,False
S4WB.HA,SIEMENS EUROINVEST RENTEN,EUR,SIEMENS EUROINVEST RENTEN is an investment fund focused on bonds denominated in Euro. More specific information regarding the fund's investment strategy and holdings would be required to provide a more detailed description.,Fixed Income,,,HAN,XHAN,,False
S4WC.HA,SIEMENS GLOBAL GROWTH A,EUR,,,,,HAN,XHAN,,False
S4WD.HA,SIEMENS EUROINVEST AKTIEN,EUR,,Equities,,,HAN,XHAN,,False
S4WE.HA,SIEMENS BALANCED,EUR,,,,,HAN,XHAN,,False
S4WF.HA,SIEMENS EUROINVEST CORP.,EUR,,,,,HAN,XHAN,,False
S6TB.HA,FLOSSB.V.STORCH-MUL.OPP.R,EUR,,,,,HAN,XHAN,,False
S6TF.HA,STUTTGARTER DIVIDENDENFDS,EUR,,Equities,,,HAN,XHAN,,False
SAA1.HA,JSS I.-J.SU.EQ.EUR.PD,EUR,,,,,HAN,XHAN,,False
SBDA.HA,UBS(L)MONEY MKT-AUD P-ACC,EUR,"This is a UBS (Lux) Money Market fund investing in AUD. The fund aims to provide investors with a return that reflects the performance of the Australian dollar money market. UBS Asset Management is headquartered in Zurich, Switzerland.",Cash,Money Market Instruments,UBS Asset Management,HAN,XHAN,,False
SBQ1.HA,STARCAP.-DYNYM.BDS AEO,EUR,,,,,HAN,XHAN,,False
SOIA.HA,UBAM-DR.EHRHARDT GER.EQ.A,EUR,UBAM-DR.EHRHARDT GER.EQ.A is a German equity fund managed by Union Bancaire Privée (UBAM) and Dr. Ehrhardt. The fund invests in German companies with the goal of capital appreciation. The fund's investment strategy may be based on fundamental analysis or a specific investment style.,Equities,Developed Markets,UBS Asset Management,HAN,XHAN,,False
TEP1.HA,F.TEM.INV-T.EM.MKTS A QD.,EUR,F.TEM.INV-T.EM.MKTS A QD. is a fund managed by Franklin Templeton Investments that invests in emerging markets equities and is a distributing share class (QD). It is domiciled in Luxembourg. Its goal is to provide long term returns.,Information Technology,Emerging Markets,Franklin Templeton Investments,HAN,XHAN,,False
TEP3.HA,F.TEM.I.-T.EM.M. A ACC,EUR,F.TEM.I.-T.EM.M. A ACC is a fund managed by Franklin Templeton Investments that invests in emerging markets equities and is an accumulating share class (ACC). It is domiciled in Luxembourg. Its goal is to provide long term returns.,Information Technology,Emerging Markets,Franklin Templeton Investments,HAN,XHAN,,False
TEP5.HA,F.TEM.INV-F.MUT.EUR.A ACC,EUR,F.TEM.INV-F.MUT.EUR.A ACC is a fund managed by Franklin Templeton Investments that invests in European equities and is an accumulating share class (ACC). It is domiciled in Luxembourg. Its goal is to provide long term returns.,Information Technology,Developed Markets,Franklin Templeton Investments,HAN,XHAN,,False
TEP6.HA,F.TEM.I.-T.EM.M. A YDIS,EUR,F.TEM.I.-T.EM.M. A YDIS is a fund managed by Franklin Templeton Investments that invests in emerging markets equities and is a distributing share class (YDIS). It is domiciled in Luxembourg. Its goal is to provide long term returns.,Alternatives,Emerging Markets,Franklin Templeton Investments,HAN,XHAN,,False
TEP7.HA,F.TEM.INV.-EAST.EUR.A ACC,EUR,F.TEM.INV.-EAST.EUR.A ACC is a fund managed by Franklin Templeton Investments that invests in Eastern European equities and is an accumulating share class (ACC). It is domiciled in Luxembourg. Its goal is to provide long term returns.,Alternatives,Emerging Markets,Franklin Templeton Investments,HAN,XHAN,,False
TEP8.HA,F.TEM.INV-MUT.EU.N ACC.EO,EUR,"F.TEM.INV-MUT.EU.N ACC.EO is a fund managed by Franklin Templeton Investments investing in European equities, a mutual fund, and is an accumulating share class (ACC). It is domiciled in Luxembourg. Its goal is to provide long term returns.",Alternatives,Developed Markets,Franklin Templeton Investments,HAN,XHAN,,False
TEP9.HA,FT-TEM.EURO.GRO.AA,EUR,FT-TEM.EURO.GRO.AA is a fund managed by Franklin Templeton Investments focusing on European growth stocks. It is domiciled in Luxembourg. Its goal is to provide long term returns.,Equities,Growth,Franklin Templeton Investments,HAN,XHAN,,False
TEPA.HA,F.TEM.INV-T.GWTH A ACC,EUR,F.TEM.INV-T.GWTH A ACC is a fund managed by Franklin Templeton Investments investing in global equities with a focus on growth stocks and an accumulating share class (ACC). It is domiciled in Luxembourg. Its goal is to provide long term returns.,Equities,Growth,Franklin Templeton Investments,HAN,XHAN,,False
TEPB.HA,FTIF-T.GBL CL.CHANGE AYD,EUR,,,,Franklin Templeton Investments,HAN,XHAN,,False
TEPC.HA,F.TEM.INV-T.CHINA A ACC,EUR,"This is a fund related to Templeton Investment focusing on investments in China, with an accumulation strategy. The fund pools capital to invest in a portfolio of Chinese assets. Its goal is to achieve capital appreciation through investments in the Chinese market.",Alternatives,Emerging Markets,Franklin Templeton Investments,HAN,XHAN,,False
TEPD.HA,F.TEM.INV-TEMPL.GLOB.A YD,EUR,"This is a fund from Franklin Templeton Investments focused on investing in a globally diversified portfolio based on a ""Templeton Global"" strategy, with an accumulating share class. The fund's objective is long-term capital appreciation through investments in global equities. Franklin Templeton Investments is a global investment management organization headquartered in San Mateo, California.",Alternatives,Developed Markets,Franklin Templeton Investments,HAN,XHAN,,False
TEPE.HA,F.TEM.INV-F.BIOT.D.N ACC,EUR,"This is a fund managed by Franklin Templeton Investments focused on the biotechnology sector, specifically with a ""D.N"" (likely referring to a specific investment strategy or mandate within the biotech space), with an accumulating share class. The fund invests in companies involved in biotechnology research, development, and commercialization. Franklin Templeton is headquartered in San Mateo, California.",Equities,Growth,Franklin Templeton Investments,HAN,XHAN,,False
TEPF.HA,F.TEM.INV-F.BIOT.D. A ACC,EUR,"This is a fund from Franklin Templeton Investments focused on investing in the biotechnology sector, with an accumulating share class. It invests in companies involved in the research, development, and commercialization of biotechnological products and services. Franklin Templeton Investments is a global investment management organization headquartered in San Mateo, California.",Equities,Growth,Franklin Templeton Investments,HAN,XHAN,,False
TEPG.HA,FTIF-F.MUT.US.VAL. AAEO,EUR,"This is a Franklin Templeton Investments fund focused on U.S. value stocks with a ""Mutual US Value"" strategy and targeting institutional investors. It aims to provide long-term capital appreciation by investing in undervalued companies within the United States. Franklin Templeton is headquartered in San Mateo, California.",Equities,Value,Franklin Templeton Investments,HAN,XHAN,,False
TEPI.HA,FTIF-F.EURO HGH YLD AA EO,EUR,"This is a Franklin Templeton Investments fund focused on Euro High Yield bonds, targeting institutional investors, and focusing on the AA credit rating range. It aims to generate income and capital appreciation by investing in high-yield corporate bonds denominated in Euros. Franklin Templeton is headquartered in San Mateo, California.",Fixed Income,High Yield Bonds,Franklin Templeton Investments,HAN,XHAN,,False
TEPJ.HA,F.TEM.INV-T.GL.BD.A AC.EO,EUR,"This is a Franklin Templeton Investments fund focused on global bonds, with an accumulating share class and targeting institutional investors. It aims to provide income and capital appreciation by investing in a diversified portfolio of global debt securities. Franklin Templeton is headquartered in San Mateo, California.",Fixed Income,Government Bonds,Franklin Templeton Investments,HAN,XHAN,,False
TEPK.HA,F.TEM.INV.FD-F.EUR.T.R.AA,EUR,"This is a fund from Franklin Templeton Investment Funds, specifically focused on Euro Total Return strategies, with an AA share class. The fund aims to achieve a positive total return by investing primarily in a diversified portfolio of Euro-denominated fixed income securities. Franklin Templeton Investment Funds is a Luxembourg-based SICAV.",Fixed Income,Investment Grade Bonds,Franklin Templeton Investments,HAN,XHAN,,False
TEPM.HA,F.TEM.I.-T.GL.BD EO A YD,EUR,"This is a Franklin Templeton Investments fund focused on Global Bonds, with an accumulating share class and targeting institutional investors. It aims to provide income and capital appreciation by investing in a diversified portfolio of global debt securities. Franklin Templeton is headquartered in San Mateo, California.",Fixed Income,Government Bonds,Franklin Templeton Investments,HAN,XHAN,,False
TEPN.HA,FTIF-F.EURO HGH YLD AYDEO,EUR,"This is a Franklin Templeton Investments fund focused on Euro High Yield bonds, targeting institutional investors and a yield-oriented investment strategy. It aims to generate income and capital appreciation by investing in high-yield corporate bonds denominated in Euros. Franklin Templeton is headquartered in San Mateo, California.",Fixed Income,High Yield Bonds,Franklin Templeton Investments,HAN,XHAN,,False
TEPP.HA,FTIF-F.EURO GOV.BD AYD EO,EUR,"This is a Franklin Templeton Investments fund focused on Euro Government Bonds, targeting institutional investors, and with a yield-oriented investment strategy. It aims to generate income by investing primarily in government bonds denominated in Euros. Franklin Templeton is headquartered in San Mateo, California.",Fixed Income,Government Bonds,Franklin Templeton Investments,HAN,XHAN,,False
TEPQ.HA,F.TEM.INV-EAST.EUR. N ACC,EUR,This is a fund from Franklin Templeton Investments focused on investments in Eastern European markets with a non-accumulating share class. The fund pools capital to invest in a portfolio of Eastern European assets. Its goal is to achieve capital appreciation through investments in the Eastern European market.,Alternatives,Emerging Markets,Franklin Templeton Investments,HAN,XHAN,,False
TEPR.HA,F.TEM.INV-T.AS.GWTH A ACC,EUR,"This is a fund managed by Franklin Templeton Investments focused on investments in Asian growth markets, with an accumulating share class. The fund invests in companies located in Asia (excluding Japan) that are expected to experience high growth. Franklin Templeton is headquartered in San Mateo, California.",Alternatives,Emerging Markets,Franklin Templeton Investments,HAN,XHAN,,False
TEPS.HA,F.TEM.INV-T.AS.GWTH A YD,EUR,"This is a fund from Franklin Templeton Investments focused on investments in Asian growth markets, with a yield-distributing share class. The fund invests in companies located in Asia (excluding Japan) that are expected to experience high growth and distribute income to investors. Franklin Templeton is headquartered in San Mateo, California.",Alternatives,Emerging Markets,Franklin Templeton Investments,HAN,XHAN,,False
TEPT.HA,F.TEM.INV-T.EUROLND A ACC,EUR,"This is a fund managed by Franklin Templeton Investments focused on investments in the Eurozone, with an accumulating share class. The fund invests in companies located within the Eurozone that are expected to experience growth. Franklin Templeton is headquartered in San Mateo, California.",Alternatives,Developed Markets,Franklin Templeton Investments,HAN,XHAN,,False
TEPU.HA,F.TEM.INV-T.GLOB. A ACC,EUR,This is a fund from Franklin Templeton Investments focused on global investments with an accumulating share class. The fund pools capital to invest in a diversified portfolio of global assets. Its goal is to achieve capital appreciation through global market exposure.,Alternatives,Developed Markets,Franklin Templeton Investments,HAN,XHAN,,False
TEPV.HA,FTIF-F.MUT.US.VAL. AACC,EUR,"This is a Franklin Templeton Investments fund focused on U.S. value stocks with a ""Mutual US Value"" strategy and an accumulating share class. It aims to provide long-term capital appreciation by investing in undervalued companies within the United States. Franklin Templeton is headquartered in San Mateo, California.",Equities,Value,Franklin Templeton Investments,HAN,XHAN,,False
TEPX.HA,F.TEM.I.-F.US GOVER.A MD,EUR,"F.TEM.I.-F.US GOVER.A MD is a fund focused on investing in US government bonds. The fund aims to provide investors with exposure to the US government debt market, seeking to generate income and preserve capital. Further details about the fund's specific investment strategy and risk profile would be available in its prospectus.",Fixed Income,Government Bonds,Franklin Templeton Investments,HAN,XHAN,,False
TEPY.HA,F.TEM.INV-F.HGH YLD A MD.,EUR,"F.TEM.INV-F.HGH YLD A MD. is a fund that invests in high-yield bonds. High-yield bonds, also known as junk bonds, are debt securities that offer higher returns but also carry a greater risk of default. The fund aims to generate income for investors by investing in these higher-yielding, higher-risk debt instruments.",Fixed Income,High Yield Bonds,Franklin Templeton Investments,HAN,XHAN,,False
TEPZ.HA,F.TEM.INV-MUT.EU.A ACC.EO,EUR,"F.TEM.INV-MUT.EU.A ACC.EO is a mutual fund focused on European equities. The fund aims to achieve capital appreciation by investing in a diversified portfolio of companies located in Europe. The ""ACC"" indicates that the fund is an accumulating fund, meaning that any dividends earned are reinvested back into the fund rather than being distributed to investors.",Alternatives,Developed Markets,Franklin Templeton Investments,HAN,XHAN,,False
TES.HA,F.TEM.INV-T.GWTH N ACC.,EUR,"F.TEM.INV-T.GWTH N ACC. is a fund focused on thematic growth investing. The fund aims to achieve capital appreciation by investing in companies that are expected to experience high growth rates due to specific long-term trends or themes. The ""ACC"" indicates that the fund is an accumulating fund, meaning that any dividends earned are reinvested back into the fund.",Equities,Growth,Franklin Templeton Investments,HAN,XHAN,,False
TES4.HA,FTIF-TEMP.EUR.SMC A,EUR,"FTIF-TEMP.EUR.SMC A is a fund focused on European small- and mid-cap companies, aiming to provide investors with exposure to this segment of the European equity market. It invests in a diversified portfolio of stocks meeting specific size and other investment criteria. The fund is part of the Franklin Templeton Investment Funds SICAV family.",Equities,Mid Cap,Franklin Templeton Investments,HAN,XHAN,,False
TES5.HA,FTIF-TEMP.EUR.SMC NAC,EUR,"FTIF-TEMP.EUR.SMC NAC is a fund focused on European small- and mid-cap companies, aiming to provide investors with exposure to this segment of the European equity market. It invests in a diversified portfolio of stocks meeting specific size and other investment criteria. The fund is part of the Franklin Templeton Investment Funds SICAV family.",Equities,Mid Cap,Franklin Templeton Investments,HAN,XHAN,,False
TES6.HA,F.TEM.INV-EUROLND N ACC.,EUR,"F.TEM.INV-EUROLND N ACC. is a fund investing in companies within the Eurozone, seeking capital appreciation through investments in the Euroland region. The fund is part of the Franklin Templeton Investment Funds SICAV and it is an accumulation share class. The fund focuses on companies located in countries that use the Euro as their currency.",Alternatives,Developed Markets,Franklin Templeton Investments,HAN,XHAN,,False
TES7.HA,F.T.I.F.-FRANK.MENA AA DL,EUR,"F.T.I.F.-FRANK.MENA AA DL is a fund that invests in the Middle East and North Africa (MENA) region, seeking capital appreciation through investments in companies located in that area. It is part of the Franklin Templeton Investment Funds SICAV family. The fund aims to provide long-term growth by investing in a diversified portfolio of MENA equities.",Alternatives,Emerging Markets,Franklin Templeton Investments,HAN,XHAN,,False
TES8.HA,FTIF-F.JAPAN N ACC EO,EUR,"FTIF-F.JAPAN N ACC EO is a fund investing in Japanese equities, seeking capital appreciation through investments in companies located in Japan. It is part of the Franklin Templeton Investment Funds SICAV family. The fund is an accumulation share class.",Alternatives,Developed Markets,Franklin Templeton Investments,HAN,XHAN,,False
TES9.HA,F.TEM.INV-AS.GWTH N ACC.,EUR,"F.TEM.INV-AS.GWTH N ACC. is a fund investing in Asian equities, seeking capital appreciation through investments in companies located in the Asian region. It is part of the Franklin Templeton Investment Funds SICAV family. The fund is an accumulation share class.",Alternatives,Emerging Markets,Franklin Templeton Investments,HAN,XHAN,,False
TESA.HA,F.TEM.INV-T.CHINA N ACC.,EUR,"F.TEM.INV-T.CHINA N ACC. is a fund investing in Chinese equities, seeking capital appreciation through investments in companies located in China. It is part of the Franklin Templeton Investment Funds SICAV family. The fund is an accumulation share class.",,Emerging Markets,Franklin Templeton Investments,HAN,XHAN,,False
TESC.HA,F.TEM.INV-F.MUT.EU.N A.DL,EUR,F.TEM.INV-F.MUT.EU.N A.DL is a fund of funds investing in European equities. It is part of the Franklin Templeton Investment Funds SICAV family. The fund invests in other mutual funds that invest in Europe.,,Developed Markets,Franklin Templeton Investments,HAN,XHAN,,False
TESD.HA,F.TEM.INV-T.GLOB. N ACC.,EUR,F.TEM.INV-T.GLOB. N ACC. is a global equity fund seeking long-term capital appreciation. It is part of the Franklin Templeton Investment Funds SICAV family. The fund invests in a diversified portfolio of companies worldwide.,,Developed Markets,Franklin Templeton Investments,HAN,XHAN,,False
TESE.HA,F.TEM.INV-T.GWTH I ACC,EUR,F.TEM.INV-T.GWTH I ACC is a global equity fund seeking long-term capital appreciation. It is part of the Franklin Templeton Investment Funds SICAV family. The fund invests in a diversified portfolio of companies worldwide with growth potential.,Equities,Growth,Franklin Templeton Investments,HAN,XHAN,,False
TESG.HA,F.TEM.INV-F.TECHN. A ACC,EUR,"F.TEM.INV-F.TECHN. A ACC is a fund investing in technology companies, seeking capital appreciation through investments in the technology sector. It is part of the Franklin Templeton Investment Funds SICAV family. The fund is an accumulation share class.",Equities,Growth,Franklin Templeton Investments,HAN,XHAN,,False
TESH.HA,F.TEM.INV-F.U.S.O. A ACC,EUR,"F.TEM.INV-F.U.S.O. A ACC is a fund investing in US equities, seeking capital appreciation through investments in companies located in the United States. It is part of the Franklin Templeton Investment Funds SICAV family. The fund is an accumulation share class.",,Developed Markets,Franklin Templeton Investments,HAN,XHAN,,False
TESK.HA,F.TEM.INV.-FR.INC. A MDIS,EUR,"F.TEM.INV.-FR.INC. A MDIS is an income fund with monthly distributions. It is part of the Franklin Templeton Investment Funds SICAV family. The fund aims to provide a high level of current income, and secondarily, capital appreciation.",,Developed Markets,Franklin Templeton Investments,HAN,XHAN,,False
TESL.HA,F.TEM.INV-T.GL.BAL. A QD.,EUR,F.TEM.INV-T.GL.BAL. A QD. is a global balanced fund with quarterly distributions. It is part of the Franklin Templeton Investment Funds SICAV family. The fund invests in both equities and fixed income securities worldwide.,,Developed Markets,Franklin Templeton Investments,HAN,XHAN,,False
TESM.HA,FTIF-T.GBL CL.CHANGE AAEO,EUR,"FTIF-T.GBL CL.CHANGE AAEO is a global climate change fund seeking capital appreciation through investments in companies that are involved in climate change solutions. It is part of the Franklin Templeton Investment Funds SICAV family. The fund invests in companies focused on renewable energy, energy efficiency, and other related areas.",,Developed Markets,Franklin Templeton Investments,HAN,XHAN,,False
TESP.HA,F.TEM.INV-T.GWTH A YDIS,EUR,F.TEM.INV-T.GWTH A YDIS is a global equity fund seeking long-term capital appreciation with yearly distributions. It is part of the Franklin Templeton Investment Funds SICAV family. The fund invests in a diversified portfolio of companies worldwide with growth potential.,,Developed Markets,Franklin Templeton Investments,HAN,XHAN,,False
TESQ.HA,F.TEM.INV-LAT.AM. A ACC.,EUR,,,Emerging Markets,Franklin Templeton Investments,HAN,XHAN,,False
TESR.HA,F.TEM.INV-TEM.LAT.AM.A YD,EUR,,,Emerging Markets,Franklin Templeton Investments,HAN,XHAN,,False
TESS.HA,F.TEM.INV-BRIC A ACC.,EUR,,,Emerging Markets,Franklin Templeton Investments,HAN,XHAN,,False
TEST.HA,F.TEM.INV-BRIC A ACC.EUR,EUR,,,Emerging Markets,Franklin Templeton Investments,HAN,XHAN,,False
TESU.HA,F.TEM.INV-INDIA A ACC.EUR,EUR,,,Emerging Markets,Franklin Templeton Investments,HAN,XHAN,,False
TESV.HA,F.TEM.INV-INDIA A ACC.,EUR,,,Emerging Markets,Franklin Templeton Investments,HAN,XHAN,,False
TXIU.HA,DO RM SP.SIT.TOT.RET. AEO,EUR,"DO RM SP.SIT.TOT.RET. AEO is a special situations total return fund. It aims to generate returns by investing in companies facing unique circumstances, such as restructurings or turnarounds. It seeks to provide both income and capital appreciation.",Equities,Developed Markets,,HAN,XHAN,,False
U2I3.HA,AG OSTALB GLOBAL FDS AK A,EUR,"AG OSTALB GLOBAL FDS AK A is a global equity fund (""Global FDS AK"") managed by AG Ostalb. Its objective is to achieve capital appreciation by investing in a diversified portfolio of global equities. ""A"" indicates a specific share class.",Alternatives,Developed Markets,,HAN,XHAN,,False
U2IB.HA,PSM GROWTH UI,EUR,"PSM GROWTH UI is a growth-oriented fund, focused on capital appreciation through investments in companies with high growth potential. PSM is the name of the asset management company running the fund. ""UI"" represents a specific share class or fund structure.",Equities,Growth,,HAN,XHAN,,False
U2IC.HA,FIDUKA-UNIVERSAL-FONDS I,EUR,"FIDUKA-UNIVERSAL-FONDS I is a fund managed by FIDUKA, with ""UNIVERSAL"" suggesting a broad investment mandate across different asset classes. The fund aims to provide a diversified investment solution, for long-term growth and capital preservation. ""I"" could indicate a specific share class or investment strategy.",Alternatives,,,HAN,XHAN,,False
U2IG.HA,STARCAPITAL BONDVALU.UI A,EUR,"STARCAPITAL BONDVALU.UI A is a bond fund managed by StarCapital, focusing on value investing principles in the fixed income market (""Bondvalue""). It seeks to identify undervalued bonds and generate returns through their price appreciation and income generation. ""UI"" represents a specific fund structure and ""A"" represents a specific share class.",Fixed Income,Corporate Bonds,,HAN,XHAN,,False
U2II.HA,IPAM AKTIENSPEZIAL,EUR,,Equities,,,HAN,XHAN,,False
U5EA.HA,UBS LX STR.FX.IN.EO P-ACC,EUR,,,,UBS Asset Management,HAN,XHAN,,False
UBA2.HA,UBAM-SWISS EQUITY A,EUR,,Equities,,UBS Asset Management,HAN,XHAN,,False
UBA3.HA,UBAM-DR.EHRHARDT GER.EQ.R,EUR,,,,UBS Asset Management,HAN,XHAN,,False
UBF1.HA,UBS(L)EQ.-G.SUS.DL P-ACC,EUR,UBS(L)EQ.-G.SUS.DL P-ACC is an exchange-traded fund listed on the Hanover Stock Exchange under the ticker UBF1 and traded in EUR. The fund is part of the UBS Asset Management range.,,Developed Markets,UBS Asset Management,HAN,XHAN,,False
UBF3.HA,UBS(L)EQ.-JAPAN YN P-ACC,EUR,UBS(L)EQ.-JAPAN YN P-ACC is an exchange-traded fund listed on the Hanover Stock Exchange under the ticker UBF3 and traded in EUR. The fund is part of the UBS Asset Management range.,,Developed Markets,UBS Asset Management,HAN,XHAN,,False
UBFC.HA,UBS(L)EQ.-BIOTECH USD P-A,EUR,UBS(L)EQ.-BIOTECH USD P-A is an exchange-traded fund listed on the Hanover Stock Exchange under the ticker UBFC and traded in EUR. The fund is part of the UBS Asset Management range. It is classified as Health Care (Developed Markets).,Health Care,Developed Markets,UBS Asset Management,HAN,XHAN,,False
UBFG.HA,UBS(L)EQ.-EU.OP.SU.EO PA,EUR,UBS(L)EQ.-EU.OP.SU.EO PA is an exchange-traded fund listed on the Hanover Stock Exchange under the ticker UBFG and traded in EUR. The fund is part of the UBS Asset Management range. It is classified as Financials (Developed Markets).,Financials,Developed Markets,UBS Asset Management,HAN,XHAN,,False
UBFH.HA,UBS(L)EQ.-M.C.EUR.EO P-AC,EUR,UBS(L)EQ.-M.C.EUR.EO P-AC is an exchange-traded fund listed on the Hanover Stock Exchange under the ticker UBFH and traded in EUR. The fund is part of the UBS Asset Management range. It is classified as Financials (Developed Markets).,Financials,Developed Markets,UBS Asset Management,HAN,XHAN,,False
UBFN.HA,UBS(L)EQ.-GR.CH.DL P-ACC,EUR,UBS(L)EQ.-GR.CH.DL P-ACC is an exchange-traded fund listed on the Hanover Stock Exchange under the ticker UBFN and traded in EUR. The fund is part of the UBS Asset Management range. It is classified as Financials (Developed Markets).,Financials,Developed Markets,UBS Asset Management,HAN,XHAN,,False
UBFP.HA,UBS(L)EQ.-CN O.DL P-ACC,EUR,UBS(L)EQ.-CN O.DL P-ACC is an exchange-traded fund listed on the Hanover Stock Exchange under the ticker UBFP and traded in EUR. The fund is part of the UBS Asset Management range. It is classified as Financials (Emerging Markets).,Financials,Emerging Markets,UBS Asset Management,HAN,XHAN,,False
UF1A.HA,UBS (D) RENT-EURO,EUR,"UBS (D) RENT-EURO is a fixed income fund investing primarily in Euro-denominated bonds. The fund is managed by UBS, a global financial services company headquartered in Zurich and Basel, Switzerland. Its objective is to generate income and preserve capital by investing in a diversified portfolio of Euro-denominated debt securities.",Fixed Income,Corporate Bonds,UBS Asset Management,HAN,XHAN,,False
UF1F.HA,ACATIS ASIA PACIF.PLU.FDS,EUR,"ACATIS ASIA PACIF.PLU.FDS is an equity fund that invests in companies located in the Asia-Pacific region. The fund is managed by ACATIS Investment Kapitalverwaltungsgesellschaft mbH, a German investment firm, and seeks to generate long-term capital appreciation. Its investment strategy focuses on a specific approach like value investing or growth investing within the Asia-Pacific market.",Equities,Emerging Markets,ACATIS Investment Management,HAN,XHAN,,False
UFM5.HA,UBS LX STR.FD EQ.EO P-ACC,EUR,"UBS LX STR.FD EQ.EO P-ACC is a Luxembourg-domiciled structured fund primarily focused on equities in Euro-denominated assets. The fund is managed by UBS, a global financial services company headquartered in Zurich and Basel, Switzerland, and aims to achieve capital appreciation through a structured investment strategy within the equity market. The ""P-ACC"" designation signifies accumulating shares where income is reinvested.",Equities,,UBS Asset Management,HAN,XHAN,,False
UFM6.HA,UBS LUX STR.BAL. EO P-DIS,EUR,,,,UBS Asset Management,HAN,XHAN,,False
UFM7.HA,UBS LUX STR.BA.EO P-C-DIS,EUR,,,,UBS Asset Management,HAN,XHAN,,False
UFMC.HA,UBS(L)EF-T.OPP.(DL) DLPA,EUR,,,,UBS Asset Management,HAN,XHAN,,False
UFUB.HA,UBS CH STRAT.FD-BALA.EO P,EUR,,,,UBS Asset Management,HAN,XHAN,,False
UFUD.HA,UBS(CH)EQ.-SM.CAP.EU.EO P,EUR,,,,UBS Asset Management,HAN,XHAN,,False
UG71.HA,UBS(LUX)MNY MKT-EUR P-ACC,EUR,UBS(LUX)MNY MKT-EUR P-ACC is a money market fund denominated in EUR and accumulating profits. The fund aims to provide capital preservation and liquidity with a focus on short-term investments. It is managed by UBS Asset Management in Luxembourg.,Cash,Money Market Instruments,UBS Asset Management,HAN,XHAN,,False
UG72.HA,UBS(LUX)MNY MKT-USD P ACC,EUR,UBS(LUX)MNY MKT-USD P ACC is a money market fund denominated in USD and accumulating profits. The fund aims to provide capital preservation and liquidity with a focus on short-term investments. It is managed by UBS Asset Management in Luxembourg.,Cash,Money Market Instruments,UBS Asset Management,HAN,XHAN,,False
UIB2.HA,UBS(D)EQUITY FUND-GL.OPP.,EUR,"UBS(D)EQUITY FUND-GL.OPP. is a global equity fund. It seeks long-term capital appreciation by investing in companies worldwide that are believed to offer attractive growth opportunities. UBS Asset Management, headquartered in Zurich, Switzerland, manages the fund.",Equities,Developed Markets,UBS Asset Management,HAN,XHAN,,False
UIB4.HA,UBS(D)EQ.FD-SM.GERM.COS,EUR,"UBS(D)EQ.FD-SM.GERM.COS is a fund, managed by UBS, focusing on equity investments in small and mid-sized German companies. The fund aims to provide investors with exposure to the growth potential of the German Mittelstand.",Equities,Small Cap,UBS Asset Management,HAN,XHAN,,False
UIG0.HA,BW-RENTA-UNIVERSAL-FONDS,EUR,"BW-RENTA-UNIVERSAL-FONDS is a universal bond fund managed by Baden-Württembergische Bank (BW-Bank). The fund invests in a broad range of bonds, aiming for a stable return and diversification.",Fixed Income,Corporate Bonds,,HAN,XHAN,,False
UIG4.HA,WM AKTIEN GLOBAL UI-FDS B,EUR,"WM AKTIEN GLOBAL UI-FDS B is a global equity fund, managed by WM Group, structured as a ""UI-FDS,"" indicating a fund for investment-linked insurance policies, and 'B' denoting a specific share class. It aims for long-term capital appreciation through diversified investments in global equities.",Equities,,,HAN,XHAN,,False
UIG7.HA,R + P UNIVERSAL-FONDS,EUR,"R + P UNIVERSAL-FONDS is a universal fund managed by R+P Group. It is a diversified fund, investing in various asset classes, aiming for a balance between risk and return.",Fixed Income,Blend,,HAN,XHAN,,False
UIGE.HA,BW-RENTA-INTERNATIONAL-F.,EUR,"BW-RENTA-INTERNATIONAL-F. is an international bond fund managed by Baden-Württembergische Bank (BW-Bank). It invests primarily in bonds from various countries outside of Germany, aiming for a diversified fixed-income portfolio.",Fixed Income,Corporate Bonds,,HAN,XHAN,,False
UIGG.HA,DEGUSSA BANK U.-RENTENFD.,EUR,"DEGUSSA BANK U.-RENTENFD. is a universal bond fund managed by Degussa Bank. It invests in a diversified portfolio of bonds, aiming for a stable return and capital preservation.",Fixed Income,Corporate Bonds,,HAN,XHAN,,False
UIGI.HA,ACATIS AKTIEN GLOBA.FDS A,EUR,"ACATIS AKTIEN GLOBA.FDS A is a global equity fund managed by ACATIS Investment Kapitalverwaltungsgesellschaft mbH, with ""A"" denoting a specific share class. The fund aims for long-term capital appreciation by investing in a diversified portfolio of global equities, typically following a value-oriented investment approach.",Equities,,ACATIS Investment Management,HAN,XHAN,,False
UIGL.HA,FIMAX VERMOEGENSV.FDS UI,EUR,"FIMAX VERMOEGENSV.FDS UI is an asset management fund managed by FIMAX, structured as a ""UI"" fund, for investment-linked insurance. The fund aims for long-term capital appreciation and preservation through a diversified portfolio of various asset classes.",Fixed Income,,,HAN,XHAN,,False
UIGP.HA,BRW BALANCED RETURN V,EUR,"BRW BALANCED RETURN V is a balanced return fund managed by BRW (Bankhaus Reithinger Wertpapierhandels GmbH), with ""V"" denoting a specific share class. The fund aims for a balance between capital appreciation and income generation through investments in a mix of asset classes such as equities and bonds.",Fixed Income,Blend,,HAN,XHAN,,False
UIGY.HA,HP+P EURO SELECT UI FDS A,EUR,,Alternatives,,,HAN,XHAN,,False
UIGZ.HA,WACHSTUM DEFENSIV R,EUR,,Alternatives,,,HAN,XHAN,,False
UO13.HA,HMT GLOBAL ANTIZYKLIK I,EUR,,,,,HAN,XHAN,,False
UO14.HA,HMT EURO AKTIEN SOLVENCY,EUR,,Equities,,,HAN,XHAN,,False
UO1A.HA,DT.POSTBK.GLOBAL PLAYER,EUR,,,,,HAN,XHAN,,False
UO1D.HA,DT.POSTBK.EUROP.AKT.,EUR,,,,,HAN,XHAN,,False
UO1N.HA,ARISTOTELES FONDS I,EUR,,,,,HAN,XHAN,,False
UP1A.HA,LIENHARDT+PA.CORE STR.ASF,EUR,,,,,HAN,XHAN,,False
UPK2.HA,MARATHON-AKT.DIVIDENDE.A,EUR,,Equities,,,HAN,XHAN,,False
UQ21.HA,AGIF-GL.AGRIC.TRENDS A EO,EUR,AGIF-GL.AGRIC.TRENDS A EO is a fund focused on long-term capital growth by investing in companies related to global agricultural trends. The fund invests globally in equities associated with the agricultural industry.,Equities,Growth,Allianz Global Investors Fund,HAN,XHAN,,False
UQ2C.HA,AGIF-ALL.GL.EQ.UNCON.A EO,EUR,"AGIF-ALL.GL.EQ.UNCON.A EO is a fund that invests globally in equities without constraints. The fund offers flexibility in its investment approach, allowing it to invest across various sectors, market caps, and geographies.",Alternatives,Blend,Allianz Global Investors Fund,HAN,XHAN,,False
UQ2D.HA,AGIF-GL.SUSTAIN.AX EUR,EUR,"AGIF-GL.SUSTAIN.AX EUR is a fund that invests globally in companies adhering to sustainability principles. The fund focuses on companies with strong environmental, social, and governance (ESG) practices.",Alternatives,Blend,Allianz Global Investors Fund,HAN,XHAN,,False
UQ2E.HA,AGIF-ALL.GLBL EQU. AT EO,EUR,AGIF-ALL.GLBL EQU. AT EO is a fund that invests globally in equities. The fund aims to achieve capital appreciation through investments in companies across various countries and sectors.,Alternatives,Blend,Allianz Global Investors Fund,HAN,XHAN,,False
UQ2K.HA,AGIF-GL.SUSTAIN.A DL,EUR,"AGIF-GL.SUSTAIN.A DL is a fund that invests globally in companies adhering to sustainability principles. The fund focuses on companies with strong environmental, social, and governance (ESG) practices.",Financials,Blend,Allianz Global Investors Fund,HAN,XHAN,,False
UQ2L.HA,AGIF-EMERGING ASIA A DL,EUR,AGIF-EMERGING ASIA A DL is a fund focused on equity investments in Emerging Asian markets. The fund aims to achieve capital appreciation through investments in companies located within emerging economies in Asia.,Financials,Emerging Markets,Allianz Global Investors Fund,HAN,XHAN,,False
UQ2M.HA,AGIF-ALL.ASIA INNOV. A EO,EUR,AGIF-ALL.ASIA INNOV. A EO is a fund focused on investing in innovative companies located in Asia. The fund aims to capture the growth potential of innovative businesses within the Asian region.,Financials,Emerging Markets,Allianz Global Investors Fund,HAN,XHAN,,False
UQ2W.HA,AGIF-EUR.CONV.EQU.A EO,EUR,,,,Allianz Global Investors Fund,HAN,XHAN,,False
WXI3.HA,DWS GLOBAL WATER LD,EUR,DWS GLOBAL WATER LD is an exchange-traded fund listed on the Hanover Stock Exchange under the ticker WXI3 and traded in EUR. The fund is part of the DWS Investment range.,,,DWS Investment,HAN,XHAN,,False
WXI7.HA,FIVV-MIC-MANDAT-ROHSTOFFE,EUR,FIVV-MIC-MANDAT-ROHSTOFFE is an exchange-traded fund listed on the Hanover Stock Exchange under the ticker WXI7 and traded in EUR.,,,,HAN,XHAN,,False
WXIC.HA,DWS SACHWERTE,EUR,DWS SACHWERTE is an exchange-traded fund listed on the Hanover Stock Exchange under the ticker WXIC and traded in EUR. The fund is part of the DWS Investment range.,,,DWS Investment,HAN,XHAN,,False
WXIY.HA,TBF GLOB.TECHNOLOGY USD R,EUR,TBF GLOB.TECHNOLOGY USD R is an equity fund focused on global technology companies. The fund aims to achieve capital appreciation by investing in equities of technology companies worldwide and is denominated in USD. Specific details about the fund's management or domicile are unavailable.,,Growth,,HAN,XHAN,,False
WXO2.HA,OKOWORLD-WATER FOR LIFE C,EUR,OKOWORLD-WATER FOR LIFE C is an equity fund focused on companies involved in the water industry. The fund aims to achieve capital appreciation by investing in companies providing solutions for water-related challenges and is managed by OKOWORLD. Specific details regarding the fund's domicile are unavailable.,,,,HAN,XHAN,,False
WXO3.HA,OEKOWORLD-KLIMA C,EUR,OEKOWORLD-KLIMA C is an equity fund focused on companies addressing climate change. Specific details about the fund's domicile are unavailable. It is managed by OEKOWORLD.,,,Equity Fund,HAN,XHAN,,False
WYF2.HA,PRIMA-GL CHALLENGES A,EUR,,,,,HAN,XHAN,,False
WYF6.HA,PRIMA-GL CHALLENGES G,EUR,,,,,HAN,XHAN,,False
WYG1.HA,ANSA-GL.Q OPPORTUNITIES P,EUR,,,,,HAN,XHAN,,False
WYG4.HA,VALUE OPPORTUNITY FUND P,EUR,,,,,HAN,XHAN,,False
WYZ1.HA,COMG.GROWTH CHINA EOAC,EUR,"COMG.GROWTH CHINA EOAC is a China growth equity fund managed by Comgest, with ""EOAC"" indicating a Euro-denominated accumulating share class. It invests in companies with strong growth potential within the Chinese market, reinvesting dividends to maximize long-term returns. Detailed information on Comgest's specific investment approach for Chinese growth stocks would be available in the fund's documentation.",,Emerging Markets,Comgest Asset Management Intl Ltd,HAN,XHAN,,False
WYZ2.HA,COMGEST GROWTH JAP.YNAC,EUR,"COMGEST GROWTH JAP.YNAC is a Japanese growth equity fund managed by Comgest, with ""YNAC"" indicating a Yen-denominated accumulating share class. It invests in companies with strong growth potential within the Japanese market, reinvesting dividends to maximize long-term returns. More information on Comgest's investment style in the Japanese equity market would be found in the fund's materials.",,Developed Markets,Comgest Asset Management Intl Ltd,HAN,XHAN,,False
WYZ3.HA,COMGEST GROWTH INDIA DLAC,EUR,"COMGEST GROWTH INDIA DLAC is an India growth equity fund managed by Comgest, with ""DLAC"" indicating a Dollar-denominated accumulating share class. It invests in companies with strong growth potential within the Indian market, reinvesting dividends to maximize long-term returns. Further details on Comgest's specific criteria for selecting Indian growth stocks would be available in the fund's prospectus.",,Emerging Markets,Comgest Asset Management Intl Ltd,HAN,XHAN,,False
WYZ6.HA,COMG.GWTH EMER.MKTS DLAC,EUR,"COMG.GWTH EMER.MKTS DLAC is an emerging markets growth equity fund managed by Comgest, with ""DLAC"" indicating a Dollar-denominated accumulating share class. The fund aims to achieve long-term capital appreciation by investing in companies with strong growth potential within emerging market countries and reinvesting dividends. More information regarding the specific emerging market countries and sectors targeted can be found in the fund's literature.",,Emerging Markets,Comgest Asset Management Intl Ltd,HAN,XHAN,,False
WYZ7.HA,COMG.GROWTH CHINA DLAC,EUR,"COMG.GROWTH CHINA DLAC is a China growth equity fund managed by Comgest, with ""DLAC"" indicating a Dollar-denominated accumulating share class. This fund aims to provide long-term capital appreciation by investing in companies with strong growth potential in China, reinvesting dividends to maximize returns. Additional details regarding Comgest's approach to selecting growth stocks in China can be found in the fund's documentation.",Equities,Growth,Comgest Asset Management Intl Ltd,HAN,XHAN,,False
WYZ8.HA,COMGEST GROWTH-LAT.AME.EO,EUR,"COMGEST GROWTH-LAT.AME.EO is a Latin American growth equity fund managed by Comgest, with ""EO"" indicating a Euro-denominated share class. The fund aims to achieve long-term capital appreciation by investing in companies with strong growth potential located in Latin American countries. Specific information about the fund's investment strategy and the types of companies it invests in would be available in the fund's documentation.",Equities,Growth,Comgest Asset Management Intl Ltd,HAN,XHAN,,False
WYZ9.HA,COMGEST GROWTH-LAT.AM.DLA,EUR,"COMGEST GROWTH-LAT.AM.DLA is a Latin American growth equity fund managed by Comgest, with ""DLA"" indicating a Dollar-denominated accumulating share class. The fund seeks long-term capital appreciation by investing in companies exhibiting strong growth characteristics within Latin American markets and reinvesting dividends. Further insights into the fund's investment criteria and regional focus can be found within its official documentation.",Equities,Growth,Comgest Asset Management Intl Ltd,HAN,XHAN,,False
WZE6.HA,UBS(L)EQ.-RUSSIA DL P-ACC,EUR,,,,UBS Asset Management,HAN,XHAN,,False
WZF7.HA,ME FONDS-PERGAMON FONDS,EUR,,,,,HAN,XHAN,,False
WZFH.HA,PPF-LPACTIVE VALUE FD AEO,EUR,,Alternatives,,,HAN,XHAN,,False
WZFS.HA,STUTTGARTER-AKTIEN-FONDS,EUR,"The STUTTGARTER-AKTIEN-FONDS is an equity fund based out of Stuttgart, Germany, that invests in stocks. Its goal is to generate returns for investors through capital appreciation and dividends. The fund is managed by a team of investment professionals who analyze market trends and select stocks that they believe will outperform the market.",Equities,,,HAN,XHAN,,False
WZFT.HA,STUTTGARTER ENERGIEFONDS,EUR,"The STUTTGARTER ENERGIEFONDS is an energy sector fund based out of Stuttgart, Germany, that invests in energy-related companies. The fund aims to provide investors with exposure to the energy market, including renewable energy sources and traditional energy companies. The fund's investment decisions are guided by in-depth research and analysis of the energy sector.",Energy,,,HAN,XHAN,,False
XAYC.HA,ABSICAVI-EUR.EQ.PTF AXEO,EUR,ABSICAVI-EUR.EQ.PTF AXEO is a European equity portfolio fund. The fund invests primarily in stocks of companies located in Europe. The investment objective is to achieve long-term capital growth by investing in European equities.,Financials,Developed Markets,,HAN,XHAN,,False
XAYF.HA,ABSICAVI-EU.EQ.PTF A,EUR,ABSICAVI-EU.EQ.PTF A is a European equity portfolio fund. The fund invests primarily in stocks of companies located in the European Union. The investment objective is to achieve long-term capital growth by investing in EU equities.,Financials,Developed Markets,,HAN,XHAN,,False
XAYG.HA,AB FCP I-CH.LO.VO.EQ.ADL,EUR,AB FCP I-CH.LO.VO.EQ.ADL is a China low volatility equity fund managed by AllianceBernstein (AB). The fund invests in Chinese equities with the goal of achieving long-term capital appreciation while exhibiting lower volatility than the broader market. The fund's investment strategy focuses on identifying companies with stable earnings and cash flows.,Financials,Emerging Markets,,HAN,XHAN,,False
XAYH.HA,ABFCPI-SU.US TH.PTF A,EUR,,,,Nikko Asset Management,HAN,XHAN,,False
XAYK.HA,ABI-SH.DURAT.BD PTF A,EUR,,Fixed Income,,,HAN,XHAN,,False
XAYL.HA,AB FCP I-GLOBAL VALUE A,EUR,,,,,HAN,XHAN,,False
XAYM.HA,AB S.I-INDIA GWTH PTF.AX,EUR,,,,,HAN,XHAN,,False
XAYN.HA,ABSICAVI-AM.GR.PTF A,EUR,,,,,HAN,XHAN,,False
XAYP.HA,AB S.I-INT.H.CARE PTF.ADL,EUR,,,,,HAN,XHAN,,False
XAYQ.HA,AB FCP I-GL.HGH.YLD. A,EUR,,Fixed Income,,,HAN,XHAN,,False
XAYR.HA,AB FCP I-GL.EQ.BLEND A,EUR,,Alternatives,,,HAN,XHAN,,False
XE66.HA,NORD.1-GBL CL.A.EN.F.BPEO,EUR,,Fixed Income,,,HAN,XHAN,,False
XGZB.HA,SEB SUSTAIN.FD.GLOB.C EUR,EUR,SEB SUSTAIN.FD.GLOB.C EUR is an exchange-traded fund listed on the Hanover Stock Exchange under the ticker XGZB and traded in EUR.,,,SEB Investment Management,HAN,XHAN,,False
XGZE.HA,SEB CONCEPT BIOTECHNOLO.D,EUR,SEB CONCEPT BIOTECHNOLO.D is an exchange-traded fund listed on the Hanover Stock Exchange under the ticker XGZE and traded in EUR.,,,SEB Investment Management,HAN,XHAN,,False
XP62.HA,JSSI-JSS S.EQ.-SY.EM PD,EUR,,,,,HAN,XHAN,,False
XP67.HA,JSSI-J S.M.A.GL.OPP.EO PD,EUR,,,,,HAN,XHAN,,False
XP69.HA,JSS-JSS SU.EQ.GL.TH.PD,EUR,,,,,HAN,XHAN,,False
XP6A.HA,JSS I.-J.SU.BD EUR COR.PD,EUR,,Fixed Income,,,HAN,XHAN,,False
XQ10.HA,F.TEM.INV-T.AS.GR.N A.EUR,EUR,,,,Franklin Templeton Investments,HAN,XHAN,,False
XQ11.HA,F.TEM.INV-T.GL.BD AMDISDL,EUR,"F.TEM.INV-T.GL.BD AMDISDL represents a Franklin Templeton Investments fund focusing on global bonds. This is an actively managed fixed income fund investing in a diversified portfolio of debt securities from around the world. The fund's objective is to provide income and capital appreciation by investing in government, corporate, and other types of bonds.",Fixed Income,Corporate Bonds,Franklin Templeton Investments,HAN,XHAN,,False
XQ18.HA,F.TEM.INV-GL.SM.COS A YD.,EUR,"F.TEM.INV-GL.SM.COS A YD. represents a Franklin Templeton Investments fund focused on global small companies, class A, with a yield distribution. This is an equity fund that invests primarily in the stocks of small-capitalization companies located around the world. Franklin Templeton Investments is a global investment management organization headquartered in San Mateo, California.",Financials,Small Cap,Franklin Templeton Investments,HAN,XHAN,,False
XQ1A.HA,F.TEM.INV-GL.SM.COS A ACC,EUR,"F.TEM.INV-GL.SM.COS A ACC is a Franklin Templeton Investments fund focusing on global small companies, Class A accumulating shares. The fund invests in a diversified portfolio of small-capitalization companies across the globe, reinvesting any dividends or capital gains to increase the value of the investment. Franklin Templeton Investments, headquartered in San Mateo, California, offers investment management and related services.",Financials,Small Cap,Franklin Templeton Investments,HAN,XHAN,,False
XQ1C.HA,F.TEM.INV-T.GL.E.IN.A MD.,EUR,"F.TEM.INV-T.GL.E.IN.A MD. is a Franklin Templeton Investments fund focusing on global equity income, class A with monthly distributions. The fund's objective is to provide a steady stream of income by investing in dividend-paying stocks from around the world. Franklin Templeton Investments is a global investment management organization headquartered in San Mateo, California.",Financials,Developed Markets,Franklin Templeton Investments,HAN,XHAN,,False
XQ1D.HA,F.TEM.INV-FR.M.G.DI.A ACC,EUR,"F.TEM.INV-FR.M.G.DI.A ACC refers to a Franklin Templeton Investments fund focused on frontier markets growth and dividend income, Class A accumulating shares. It invests in companies located in developing or emerging economies with high growth potential, aiming to generate both capital appreciation and dividend income. Franklin Templeton Investments is a global investment management organization headquartered in San Mateo, California.",Alternatives,Frontier Markets,Franklin Templeton Investments,HAN,XHAN,,False
XQ1E.HA,F.TEM.INV-FR.M.G.D.A A.EO,EUR,"F.TEM.INV-FR.M.G.D.A A.EO represents a Franklin Templeton Investments fund focused on frontier markets growth and dividend income, Class A with annual distribution. It invests in companies located in developing or emerging economies, seeking both capital appreciation and dividend income. Franklin Templeton Investments is a global investment management organization headquartered in San Mateo, California.",Alternatives,Frontier Markets,Franklin Templeton Investments,HAN,XHAN,,False
XQ1H.HA,F.TEM.INV-LAT.AM. A YD.EO,EUR,"F.TEM.INV-LAT.AM. A YD.EO is a Franklin Templeton Investments fund focused on Latin American equities, Class A, with yield distribution annually. This invests in companies based in Latin America, seeking capital appreciation and income through dividends. Franklin Templeton Investments, headquartered in San Mateo, California, provides investment management services globally.",Alternatives,Emerging Markets,Franklin Templeton Investments,HAN,XHAN,,False
XQ1L.HA,F.TEM.INV-T.AS.GR.A YD.EO,EUR,"F.TEM.INV-T.AS.GR.A YD.EO denotes a Franklin Templeton Investments fund focused on total Asian growth, Class A with annual yield distribution. This invests in a diversified portfolio of companies across Asia, aiming for long-term capital appreciation and income. Franklin Templeton Investments is a global investment management organization headquartered in San Mateo, California.",Equities,Growth,Franklin Templeton Investments,HAN,XHAN,,False
XQ1Q.HA,F.TEM.INV-T.AS.GR.A A.EUR,EUR,"F.TEM.INV-T.AS.GR.A A.EUR represents a Franklin Templeton Investments fund focused on total Asian growth, Class A accumulating shares, denominated in EUR. The fund aims to achieve long-term capital appreciation by investing in a diversified portfolio of Asian equities. Franklin Templeton Investments is a global investment management organization headquartered in San Mateo, California.",Equities,Growth,Franklin Templeton Investments,HAN,XHAN,,False
XQ1R.HA,F.TEM.INV-T.EUROLND A YD,EUR,"F.TEM.INV-T.EUROLND A YD refers to a Franklin Templeton Investments fund focused on total return in the Eurozone, Class A, with yield distribution. This fund invests in a mix of asset classes within the Eurozone, aiming for capital appreciation and income. Franklin Templeton Investments is a global investment management organization headquartered in San Mateo, California.",Fixed Income,Investment Grade Bonds,Franklin Templeton Investments,HAN,XHAN,,False
XRQ1.HA,ROBECO CHINESE EQU.D EO,EUR,,,,Robeco Institutional Asset Mgmt BV,HAN,XHAN,,False
XRQ2.HA,ROBECO NEW WLD FIN.E.D EO,EUR,,,,Robeco Institutional Asset Mgmt BV,HAN,XHAN,,False
XRQ3.HA,ROBECO GL CON.TRDS.D EO,EUR,,,,Robeco Institutional Asset Mgmt BV,HAN,XHAN,,False
XU82.HA,HSBC GIF-BRIC MKTS EQ.A D,EUR,,Financials,Emerging Markets,HSBC Investment Funds,HAN,XHAN,,False
XU89.HA,HSBC GIF-TURKEY EQUI.A D,EUR,,Financials,Emerging Markets,HSBC Investment Funds,HAN,XHAN,,False
XZGE.HA,SEB SUST.H.YLD D (EUR),EUR,"SEB SUST.H.YLD D (EUR) is a high-yield bond fund that incorporates sustainability considerations into its investment process. The fund aims to generate income by investing in a diversified portfolio of high-yield corporate bonds, while also considering environmental, social, and governance (ESG) factors. The fund is managed by SEB (Skandinaviska Enskilda Banken) and is denominated in Euros.",Fixed Income,High Yield Bonds,SEB Investment Management,HAN,XHAN,,False
Y9U1.HA,CARMIGNAC INVESTI.AEO ACC,EUR,"CARMIGNAC INVESTI.AEO ACC is an investment fund managed by Carmignac, focusing on investment strategies. It is an accumulation share class (ACC) aiming to reinvest profits for long-term growth. The fund invests across various asset classes depending on the specific investment mandate.",Financials,,Carmignac Patrimoine,HAN,XHAN,,False
Y9U2.HA,C.LS.EUR.EQ. AEO ACC,EUR,"C.LS.EUR.EQ. AEO ACC is a Carmignac fund investing in European equities with a long-short strategy. The fund aims to generate returns by taking both long and short positions in European stocks, seeking to profit from both rising and falling prices. It is an accumulation share class (ACC) reinvesting profits for growth.",Financials,,Carmignac Patrimoine,HAN,XHAN,,False
Y9U3.HA,CARMIG.EMERGENTS AEO ACC,EUR,"CARMIG.EMERGENTS AEO ACC is an investment fund managed by Carmignac that focuses on investing in emerging markets. The fund aims to achieve long-term capital appreciation by investing in a diversified portfolio of equities and other securities in emerging economies. This is an accumulation share class (ACC), where profits are reinvested back into the fund.",Financials,Emerging Markets,Carmignac Patrimoine,HAN,XHAN,,False
Y9U4.HA,CARMIGNAC SECURIT.AEO ACC,EUR,"CARMIGNAC SECURIT.AEO ACC is an investment fund managed by Carmignac, focused on investments in securities. It is an accumulation share class (ACC) aiming to reinvest profits for long-term growth. The fund invests in fixed income securities and other debt instruments with a focus on capital preservation.",Fixed Income,Corporate Bonds,Carmignac Patrimoine,HAN,XHAN,,False
Y9U6.HA,CARMIGN.PATRIMOI. AEO ACC,EUR,"CARMIGN.PATRIMOI. AEO ACC is an investment fund managed by Carmignac, that utilizes a flexible asset allocation strategy. The fund invests across various asset classes, including equities, bonds, and currencies, to achieve long-term capital appreciation. It is an accumulation share class (ACC), where profits are reinvested within the fund.",Alternatives,,Carmignac Patrimoine,HAN,XHAN,,False
Y9U7.HA,CARMIGNAC COUR.T.AEO ACC.,EUR,"CARMIGNAC COUR.T.AEO ACC. is an investment fund managed by Carmignac specializing in short-term investments. The fund invests in money market instruments and short-dated bonds with the goal of preserving capital and generating a modest return. This is an accumulation share class (ACC), where profits are reinvested.",Cash,Money Market Instruments,Carmignac Patrimoine,HAN,XHAN,,False
YFP1.HA,B.A.U.M. FAIR FUTURE FD.A,EUR,,,,,HAN,XHAN,,False
