symbol,name,currency,summary,category_group,category,family,exchange,mic,isin,delisted
AAAP,Pacer Barings CLO Market Flex ETF,USD,The Pacer Barings CLO Market Flex ETF (the “Fund”) is an actively-managed exchange traded fund (“ETF”) that seeks current income and capital preservation. Pacer Barings CLO Market Flex ETF is an exchange-traded fund listed on the Nasdaq Global Market under the ticker AAAP and traded in USD. The fund is part of the Pacer range. It is classified as Fixed Income (Corporate Bonds).,Fixed Income,Corporate Bonds,Pacer,NGM,XNAS,US69384J6047,False
AAEQ,Alpha Architect US Equity 2 ETF,USD,The Alpha Architect US Equity 2 ETF (the “Fund”) seeks to achieve long-term capital appreciation. Alpha Architect US Equity 2 ETF is an exchange-traded fund listed on the Nasdaq Global Market under the ticker AAEQ and traded in USD. The fund is part of the Alpha Architect range. It is classified as Equities (Large Cap).,Equities,Developed Markets,Alpha Architect,NGM,XNAS,US02072Q3589,False
AALG,Leverage Shares 2X Long AAL Daily ETF,USD,"The Fund is an exchange traded fund (“ETF”) that seeks daily levered investment results, before fees and expenses, of two times (200%) of the daily percentage change in the price of the common stock of AAL. The Fund does not seek to achieve its stated investment objective for a period of time different than a trading day.",Derivatives,Trading,Leverage Shares,NGM,XNAS,US8829273122,False
AAPB,GraniteShares 2x Long AAPL Daily ETF,USD,"The Fund seeks daily investment results, before fees and expenses, of 2 times (200%) the daily percentage change of the common stock of Apple Inc. (NASDAQ: AAPL).",Derivatives,Trading,Graniteshares,NGM,XNAS,US38747R8842,False
AAPD,Direxion Daily AAPL Bear 1X ETF,USD,"The Fund seeks daily investment results, before fees and expenses, of 100% of the inverse (or opposite) of the daily performance of AAPL. The Fund does not seek to achieve its stated investment objective for a period of time different than a trading day.",Derivatives,Trading,Direxion Funds,NGM,XNAS,US25461A3041,False
AAPU,Direxion Daily AAPL Bull 2X ETF,USD,"The Fund seeks daily investment results, before fees and expenses, of 200% of the daily performance of AAPL. The Fund does not seek to achieve its stated investment objective for a period of time different than a trading day.",Derivatives,Trading,Direxion Funds,NGM,XNAS,US25461A8743,False
AAUB,Alpha Architect US Equity 4 ETF,USD,The Alpha Architect US Equity 4 ETF (the “Fund”) seeks to achieve long-term capital appreciation. Alpha Architect US Equity 4 ETF is an exchange-traded fund listed on the Nasdaq Global Market under the ticker AAUB and traded in USD. The fund is part of the Alpha Architect range. It is classified as Equities (Large Cap).,Equities,Developed Markets,Alpha Architect,NGM,XNAS,US02072Q2425,False
AAUS,Alpha Architect US Equity ETF,USD,The Alpha Architect US Equity ETF (the “Fund”) seeks to achieve long-term capital appreciation. Alpha Architect US Equity ETF is an exchange-traded fund listed on the Nasdaq Global Market under the ticker AAUS and traded in USD. The fund is part of the Alpha Architect range. It is classified as Equities (Large Cap).,Equities,Developed Markets,Alpha Architect,NGM,XNAS,US02072Q8539,False
AAVM,Alpha Architect Global Factor Equity ETF,USD,The Alpha Architect Global Factor Equity ETF (the “Fund”) seeks long term capital appreciation. Alpha Architect Global Factor Equity ETF is an exchange-traded fund listed on the Nasdaq Global Market under the ticker AAVM and traded in USD. The fund is part of the Alpha Architect range. It is classified as Equities (Factors).,Equities,Factors,Alpha Architect,NGM,XNAS,US02072L5084,False
ABI,VictoryShares Pioneer Asset-Based Income ETF,USD,The VictoryShares Pioneer Asset-Based Income ETF (the “Fund”) seeks total return. VictoryShares Pioneer Asset-Based Income ETF is an exchange-traded fund listed on the Nasdaq Global Market under the ticker ABI and traded in USD. The fund is part of the Victory Capital range.,Fixed Income,,Victory Capital,NGM,XNAS,US92647X7315,False
ABIG,Argent Large Cap ETF,USD,The Argent Large Cap ETF (the “Fund”) seeks long-term capital appreciation. Argent Large Cap ETF is an exchange-traded fund listed on the Nasdaq Global Market under the ticker ABIG and traded in USD. The fund is part of the Argent Capital Management range. It is classified as Equities (Large Cap).,Equities,Large Cap,Argent Capital Management,NGM,XNAS,US02072Q7473,False
ACBE,Pacer Metaurus Enhanced Core Income Autocallable ETF,USD,The Pacer Metaurus Enhanced Core Income Autocallable ETF (the “Fund”) seeks to generate monthly income and provide reduced downside risk through exposure to the Metaurus Enhanced Core Income Autocallable Total Return Index (the “Autocallable Index”).,Derivatives,Large Cap,Pacer,NGM,XNAS,US69384J8852,False
ACBH,Pacer Metaurus High Income Autocallable ETF,USD,The Pacer Metaurus High Income Autocallable ETF (the “Fund”) seeks to generate monthly income and provide reduced downside risk through exposure to the Metaurus High Income Autocallable Total Return Index (the “Autocallable Index”).,Derivatives,Large Cap,Pacer,NGM,XNAS,US69384J8027,False
ACEP,ARS Core Equity Portfolio ETF,USD,The ARS Core Equity Portfolio ETF (the “Fund”) seeks to achieve long-term growth of capital and generate current income. ARS Core Equity Portfolio ETF is an exchange-traded fund listed on the Nasdaq Global Market under the ticker ACEP and traded in USD. The fund is part of the ARS range. It is classified as Equities (Blend).,Equities,Developed Markets,ARS,NGM,XNAS,US02072Q5238,False
ACQQ,ProShares Nasdaq-100 Autocallable Income ETF,USD,"ProShares Nasdaq-100 Autocallable Income ETF (the “Fund”) seeks investment results, before fees and expenses, that track the performance of the Nasdaq-100 35% Volatility Compass 6D Autocallable A Index (the “Index”).",Derivatives,Large Cap,ProShares,NGM,XNAS,US74350U7164,False
ACRT,ProShares Russell 2000 Autocallable Income ETF,USD,"ProShares Russell 2000 Autocallable Income ETF (the “Fund”) seeks investment results, before fees and expenses, that track the performance of the Russell 2000 Laddered Autocall Index (the “Index”).",Derivatives,Large Cap,ProShares,NGM,XNAS,US74350U6901,False
ACSP,ProShares S&P 500 Autocallable Income ETF,USD,"ProShares S&P 500 Autocallable Income ETF (the “Fund”) seeks investment results, before fees and expenses, that track the performance of the S&P 500 Futures 35% Volatility Compass Autocall Index (the “Index”).",Derivatives,Large Cap,ProShares,NGM,XNAS,US74350U6745,False
ACWI,iShares MSCI ACWI ETF,USD,"The investment seeks to track the investment results of the MSCI ACWI composed of large- and mid-capitalization developed and emerging market equities.
 The fund generally will invest at least 90% of its assets in the component securities of the underlying index and in investments that have economic characteristics that are substantially identical to the component securities of the underlying index. The index is a free float-adjusted market capitalization index designed to measure the combined equity market performance of developed and emerging markets countries.",Equities,Developed Markets,BlackRock Asset Management,NGM,XNAS,US4642882579,False
ADBG,Leverage Shares 2X Long ADBE Daily ETF,USD,"The Fund is an exchange traded fund (“ETF”) that seeks daily levered investment results, before fees and expenses, of two times (200%) of the daily percentage change in the price of the common stock of ADBE. The Fund does not seek to achieve its stated investment objective for a period of time different than a trading day.",Derivatives,Trading,Leverage Shares,NGM,XNAS,US8829273874,False
ADRE,Invesco BLDRS Emerging Markets 50 ADR Index Fund,USD,"The investment seeks to track the investment results, of publicly traded Depositary Receipts representing securities of issuers in emerging markets represented by the S&P/BNY Mellon Emerging 50 ADR Index (USD).
 The index is developed by the Licensor from a universe of Depositary Receipts defined by the S&P/Bank of New York Mellon ADR Index (""S&P/BNY Mellon ADR Composite Index""). The fund normally holds at least 95% of its total assets in Depositary Receipts that comprise the index, and will seek to track the investment results, before fees and expenses, of the index. It is non-diversified.",Equities,Emerging Markets,Invesco Investment Management,NGM,XNAS,,True
AFDM,First Trust Active Factor International ETF,USD,The First Trust Active Factor International ETF’s (the “Fund”) investment objective is to provide capital appreciation. First Trust Active Factor International ETF is an exchange-traded fund listed on the Nasdaq Global Market under the ticker AFDM and traded in USD. The fund is part of the First Trust Advisors range. It is classified as Equities (Factors).,Equities,Factors,First Trust Advisors,NGM,XNAS,,False
AFEM,First Trust Active Factor Emerging Markets ETF,USD,The First Trust Active Factor Emerging Markets ETF’s (the “Fund”) investment objective is to provide capital appreciation. First Trust Active Factor Emerging Markets ETF is an exchange-traded fund listed on the Nasdaq Global Market under the ticker AFEM and traded in USD. The fund is part of the First Trust Advisors range. It is classified as Equities (Emerging Markets).,Equities,Factors,First Trust Advisors,NGM,XNAS,US33739P7078,False
AFOS,ARS Focused Opportunity Strategy ETF,USD,The ARS Focused Opportunities Strategy ETF (the “Fund”) seeks to achieve long term growth of capital. ARS Focused Opportunity Strategy ETF is an exchange-traded fund listed on the Nasdaq Global Market under the ticker AFOS and traded in USD. The fund is part of the ARS range. It is classified as Equities (Blend).,Equities,Developed Markets,ARS,NGM,XNAS,US02072Q5311,False
AFSC,abrdn Focused U.S. Small Cap Active ETF,USD,"The abrdn Focused U.S. Small Cap Active ETF is actively managed and holds US small-cap companies from any sector, concentrating on a small number of issuers. The adviser judges each company on business durability, industry attractiveness, financial strength, management ability and ESG factors, looking for firms whose prospects the market has not fully recognized. It may also hold non-US companies, mainly Canadian ones.",Equities,Small Cap,Aberdeen Standard Investments,NGM,XNAS,US00384X2027,False
AGEM,abrdn Emerging Markets Dividend Active ETF,USD,The abrdn Emerging Markets Dividend Active ETF seeks total return combining income and long-term capital growth. It puts a minimum of 80% of net assets into equity securities of dividend-paying companies in emerging markets.,Equities,Emerging Markets,Aberdeen Standard Investments,NGM,XNAS,US00384X3017,False
AGGA,EA Astoria Beacon Dynamic Core US Fixed Income ETF,USD,The EA Astoria Beacon Dynamic Core US Fixed Income ETF (the “Fund”) seeks current income. EA Astoria Beacon Dynamic Core US Fixed Income ETF is an exchange-traded fund listed on the Nasdaq Global Market under the ticker AGGA and traded in USD. The fund is part of the Astoria range. It is classified as Fixed Income (Blend).,Fixed Income,Blend,Astoria,NGM,XNAS,US02072Q6632,False
AGIX,KraneShares Public-Private AI & Technology ETF,USD,The Fund seeks growth of capital. KraneShares Public-Private AI & Technology ETF is an exchange-traded fund listed on the Nasdaq Global Market under the ticker AGIX and traded in USD. The fund is part of the KraneShares range. It is classified as Information Technology (Developed Markets).,Information Technology,Developed Markets,KraneShares,NGM,XNAS,US5007673636,False
AGMI,Themes Silver Miners ETF,USD,"The Themes Silver Miners ETF (the “Fund”) is an exchange traded fund (“ETF”) that seeks to track the performance, before fees and expenses, of an index composed of companies with significant exposure to the silver mining industry.",Materials,Developed Markets,Themes ETFs,NGM,XNAS,US8829278170,False
AHD,GraniteShares Autocallable HOOD ETF,USD,"The GraniteShares Autocallable HOOD ETF targets potential monthly income by investing in single-stock autocallable options linked to reference equities such as Robinhood Markets, Inc. It manages positions through a laddered, regularly rebalanced approach. Distribution amounts may change and carry no guarantee, and the fund bears equity-linked downside risk.",Derivatives,Large Cap,Graniteshares,NGM,XNAS,US38747T4922,False
AICH,China AI ETF,USD,China AI ETF seeks long-term capital appreciation. China AI ETF is an exchange-traded fund listed on the Nasdaq Global Market under the ticker AICH and traded in USD. It is classified as Information Technology (Emerging Markets).,Equities,Emerging Markets,,NGM,XNAS,US88636N6351,False
AIFD,TCW Artificial Intelligence ETF,USD,The Fund’s investment objective is long-term growth of capital. TCW Artificial Intelligence ETF is an exchange-traded fund listed on the Nasdaq Global Market under the ticker AIFD and traded in USD. The fund is part of the TCW Group range. It is classified as Information Technology (Developed Markets).,Information Technology,Developed Markets,TCW Group,NGM,XNAS,US29287L5021,False
AIFR,Defiance Global Foundries ETF,USD,"Defiance Global Foundries ETF (the “Fund”) seeks to track the performance, before fees and expenses, of the MarketVector TM Global Foundries Index (the “Index”).",Equities,Developed Markets,Defiance ETFs,NGM,XNAS,US88637M6021,False
AIMG,Defiance AI Magnificent 10 ETF,USD,"The Defiance AI Magnificent 10 ETF (the “Fund”) seeks to track the performance, before fees and expenses, of the BITA AI Magnificent 10 Select Index (the “Index”).",Equities,,Defiance ETFs,NGM,XNAS,US88636V7367,False
AIMS,Acuitas Small Cap Active ETF,USD,The Fund seeks long-term capital appreciation. Acuitas Small Cap Active ETF is an exchange-traded fund listed on the Nasdaq Global Market under the ticker AIMS and traded in USD. The fund is part of the Acuitas range. It is classified as Equities (Small Cap).,Equities,Small Cap,Acuitas,NGM,XNAS,US81752T3793,False
AINF,Defiance Inference AI Chip ETF,USD,"The Defiance Inference AI Chip ETF (the “Fund” or the “Inference AI Chip ETF”) seeks to track the total return performance, before fees and expenses, of the BITA AI Inference Chip Select Index (the “Index”).",Equities,Developed Markets,Defiance ETFs,NGM,XNAS,US26922B3298,False
AIPI,REX AI Equity Premium Income ETF,USD,REX AI Equity Premium Income ETF is an exchange-traded fund listed on the Nasdaq Global Market under the ticker AIPI and traded in USD. The fund is part of the REX Shares range. It is classified as Derivatives (Large Cap).,Derivatives,Large Cap,REX Shares,NGM,XNAS,US26923N5389,False
AIPO,Defiance AI & Power Infrastructure ETF,USD,"The Defiance AI & Power Infrastructure ETF (the “Fund”) seeks to track the performance, before fees and expenses, of the MarketVector™ US Listed AI and Power Infrastructure Index (the “Index”).",Equities,Developed Markets,Defiance ETFs,NGM,XNAS,US88636R4790,False
AIRR,First Trust RBA American Industrial RenaissanceTM ETF,USD,"The investment seeks investment results that correspond generally to the price and yield (before the fund's fees and expenses) of an index called the Richard Bernstein Advisors American Industrial Renaissance® Index (the ""index"").
 The fund will normally invest at least 90% of its net assets (including investment borrowings) in the equity securities that comprise the index. The index is designed to measure the performance of small and mid cap U.S. companies in the industrial and community banking sectors.",Industrials,Developed Markets,First Trust Advisors,NGM,XNAS,US33738R7044,False
AIX,Defiance US 100 Tech AI Moat ETF,USD,"The Defiance US 100 Tech AI Moat ETF (the “Fund” or the “AI Moat ETF”) seeks to track the total return performance, before fees and expenses, of the Indxx US 100 Tech AI Moat Index (the “Index”).",Equities,Developed Markets,Defiance ETFs,NGM,XNAS,US2689613238,False
ALBG,Leverage Shares 2X Long ALB Daily ETF,USD,"The Leverage Shares 2X Long ALB Daily ETF, part of Themes ETF Trust, uses swap agreements to take a bullish, daily leveraged position of 200% on the stock of Albemarle Corporation. It rebalances daily and is meant as a short-term tactical tool, since compounding can make longer-term returns differ from 2x. The strategy is high-risk and has no defensive component.",Derivatives,Trading,Leverage Shares,NGM,XNAS,US88340W8486,False
ALIL,Argent Focused Small Cap ETF,USD,The Argent Focused Small Cap ETF (the “Fund”) seeks long-term capital appreciation. Argent Focused Small Cap ETF is an exchange-traded fund listed on the Nasdaq Global Market under the ticker ALIL and traded in USD. The fund is part of the Argent Capital Management range. It is classified as Equities (Small Cap).,Equities,Small Cap,Argent Capital Management,NGM,XNAS,US02072Q7549,False
ALLW,State Street Bridgewater All Weather ETF,USD,The State Street Bridgewater All Weather ETF (the “Fund”) seeks to achieve long term capital appreciation. State Street Bridgewater All Weather ETF is an exchange-traded fund listed on the Nasdaq Global Market under the ticker ALLW and traded in USD. The fund is part of the State Street Global Advisors range. It is classified as Alternatives (Blend).,Equities,Allocation,State Street Global Advisors,NGM,XNAS,US78470P6300,False
ALTY,Global X SuperDividend Alternatives ETF,USD,"The investment seeks to track, before fees and expenses, the price and yield performance of the Indxx SuperDividend® Alternatives Index (""underlying index"").
 The fund invests at least 80% of its total assets in the securities of the underlying index and in American Depositary Receipts (""ADRs"") and Global Depositary Receipts (""GDRs"") based on the securities in the underlying index. The underlying index is comprised of securities that rank among the highest dividend-yielding securities in each eligible category of alternative income investments, at the time of index reconstitution, as defined by the index provider.",Equities,Developed Markets,Global X Funds,NGM,XNAS,US37954Y8066,False
AMA,Defiance Daily Target 2X Long AMAT ETF,USD,"The Fund seeks daily investment results, before fees and expenses, of two times (200%) the daily percentage change in the share price of Applied Materials, Inc. (Nasdaq: AMAT). The Fund does not seek to achieve its stated investment objective for a period other than a single trading day.",Derivatives,Trading,Defiance ETFs,NGM,XNAS,US88636R5375,False
AMCA,iShares Russell 1000 Pure U.S. Revenue ETF,USD,"The investment seeks to track the investment results of the Russell 1000® Pure Domestic Exposure Index.
 The fund generally will invest at least 90% of its assets in the component securities of the underlying index and may invest up to 10% of its assets in certain futures, options and swap contracts, cash and cash equivalents, as well as in securities not included in the underlying index. The index composed of U.S. companies exhibiting higher domestic sales as a proportion of the company's total sales relative to other large- and mid-capitalization U.S. equities. The fund is non-diversified.",Equities,Developed Markets,BlackRock Asset Management,NGM,XNAS,,True
AMDD,Direxion Daily AMD Bear 1X ETF,USD,"The Fund seeks daily investment results, before fees and expenses, of 100% of the inverse (or opposite) of the daily performance of AMD. The Fund does not seek to achieve its stated investment objective for a period of time different than a trading day.",Derivatives,Trading,Direxion Funds,NGM,XNAS,US25461H2590,False
AMDG,Leverage Shares 2X Long AMD Daily ETF,USD,"The Fund is an exchange traded fund (“ETF”) that seeks daily levered investment results, before fees and expenses, of two times (200%) of the daily percentage change in the price of the common stock of AMD. The Fund does not seek to achieve its stated investment objective for a period of time different than a trading day.",Derivatives,Trading,Leverage Shares,NGM,XNAS,US8829276273,False
AMDL,GraniteShares 2x Long AMD Daily ETF,USD,"The Fund seeks daily investment results, before fees and expenses, of 2 times (200%) the daily percentage change of the common stock of Advanced Micro Devices, Inc. (NASDAQ: AMD).",Derivatives,Trading,Graniteshares,NGM,XNAS,US38747R7513,False
AMEI,Amana Equity Income ETF,USD,"Current income and preservation of capital, consistent with Islamic principles. Current income is its primary objective. Amana Equity Income ETF is an exchange-traded fund listed on the Nasdaq Global Market under the ticker AMEI and traded in USD. The fund is part of the Saturna Capital range. It is classified as Equities (Blend).",Equities,Developed Markets,Saturna Capital,NGM,XNAS,US0228658698,False
AMEM,Amana Developing World ETF,USD,Amana Developing World ETF is an exchange-traded fund listed on the Nasdaq Global Market under the ticker AMEM and traded in USD. The fund is part of the Amana Funds range. It is classified as Equities (Emerging Markets).,Equities,Developed Markets,Amana Funds,NGM,XNAS,US0228658441,False
AMGR,Amana Growth ETF,USD,Amana Growth ETF is an exchange-traded fund listed on the Nasdaq Global Market under the ticker AMGR and traded in USD. The fund is part of the Amana Funds range. It is classified as Equities (Growth).,Equities,Growth,Amana Funds,NGM,XNAS,US0228658516,False
AMID,Argent Mid Cap ETF,USD,The Argent Mid Cap ETF (the “Fund”) seeks to outperform the Russell MidCap® Index over the long term. Argent Mid Cap ETF is an exchange-traded fund listed on the Nasdaq Global Market under the ticker AMID and traded in USD. The fund is part of the Argent Capital Management range. It is classified as Equities (Mid Cap).,Equities,Mid Cap,Argent Capital Management,NGM,XNAS,US02072L8393,False
AMUN,abrdn Ultra Short Municipal Income Active ETF,USD,"The abrdn Ultra Short Municipal Income Active ETF seeks high after-tax income from mainly investment-grade, tax-exempt municipal securities, keeping duration at about two years or less to limit interest rate sensitivity. Holdings can include general obligation and revenue bonds, floating-rate issues and tender option bonds, with a limited share in below-investment-grade or taxable bonds. The adviser uses sector, credit and duration decisions.",Derivatives,Trading,Aberdeen Standard Investments,NGM,XNAS,US0030222741,False
AMUU,Direxion Daily AMD Bull 2X ETF,USD,"The Fund seeks daily investment results, before fees and expenses, of 200% of the daily performance of AMD. The Fund does not seek to achieve its stated investment objective for a period of time different than a trading day.",Derivatives,Trading,Direxion Funds,NGM,XNAS,US25461A4114,False
AMYY,GraniteShares YieldBOOST AMD ETF,USD,"The Fund’s primary investment objective is to achieve 2 times (200%) the income generated from selling options on Advanced Micro Devices, Inc.’s common stock (NASDAQ: AMD) (the “Underlying Stock”) by selling options on leveraged exchange-traded funds designed to deliver 2 times (200%) the daily performance of the Underlying Stock (the “Underlying Leveraged ETF”). The Fund’s secondary investment objective is to gain exposure to the performance of the Underlying Leveraged ETF, subject to a cap on potential investment gains. A downside protection may be implemented which could affect the net income level.",,,Graniteshares,NGM,XNAS,US38747R3306,False
AMZD,Direxion Daily AMZN Bear 1X ETF,USD,"The Fund seeks daily investment results, before fees and expenses, of 100% of the inverse (or opposite) of the daily performance of AMZN. The Fund does not seek to achieve its stated investment objective for a period of time different than a trading day.",Derivatives,Trading,Direxion Funds,NGM,XNAS,US25461A5020,False
AMZU,Direxion Daily AMZN Bull 2X ETF,USD,"The Fund seeks daily investment results, before fees and expenses, of 200% of the daily performance of AMZN. The Fund does not seek to achieve its stated investment objective for a period of time different than a trading day.",Derivatives,Trading,Direxion Funds,NGM,XNAS,US25461A8586,False
AMZZ,GraniteShares 2x Long AMZN Daily ETF,USD,"The Fund seeks daily investment results, before fees and expenses, of 2 times (200%) the daily percentage change of the common stock of Amazon.com, Inc. (NASDAQ: AMZN).",Derivatives,Trading,Graniteshares,NGM,XNAS,US38747R7448,False
ANEL,Defiance Daily Target 2x Long ANET ETF,USD,"The Fund seeks daily investment results, before fees and expenses, of two times (200%) the daily percentage change in the share price of Arista Networks, Inc. (NYSE: ANET). The Fund does not seek to achieve its stated investment objective for a period other than a single trading day.",Derivatives,Trading,Defiance ETFs,NGM,XNAS,US88636V8191,False
ANGU,SEI Ang Research Enhanced U.S. Large Cap ETF,USD,SEI Ang Research Enhanced U.S. Large Cap ETF is an exchange-traded fund listed on the Nasdaq Global Market under the ticker ANGU and traded in USD. The fund is part of the SEI Investments range. It is classified as Equities (Large Cap).,Equities,Large Cap,SEI Investments,NGM,XNAS,US81589A8669,False
ANV,GraniteShares Autocallable NVDA ETF,USD,"The GraniteShares Autocallable NVDA ETF aims to provide regular income by investing in autocallable options tied to individual equities such as Nvidia. It distributes income when available and manages positions through a laddered, rolling approach. Payouts may change and carry no guarantee, and the fund is exposed to falls in the linked equities.",Derivatives,Large Cap,Graniteshares,NGM,XNAS,US38747T7164,False
AOHY,Angel Oak High Yield Opportunities ETF,USD,The investment objective of the Angel Oak High Yield Opportunities ETF (the “Fund”) is to earn a high level of current income with a secondary objective of capital appreciation.,Fixed Income,High Yield Bonds,Angel Oak Capital Advisors,NGM,XNAS,US03463K7458,False
AOTG,AOT Growth and Innovation ETF,USD,The AOT Growth and Innovation ETF (the “Fund”) seeks long-term capital appreciation. AOT Growth and Innovation ETF is an exchange-traded fund listed on the Nasdaq Global Market under the ticker AOTG and traded in USD. It is classified as Equities (Growth).,Information Technology,Developed Markets,,NGM,XNAS,US02072L7304,False
APPX,Tradr 2X Long APP Daily ETF,USD,"The Tradr 2X Long APP Daily ETF seeks daily investment results, before fees and expenses, that correspond to two times (200%) the daily performance of the common shares of APP. The Fund does not seek to achieve its stated investment objective for a period of time different than a single -trading day.",Derivatives,Trading,Tradr ETFs,NGM,XNAS,US46152A5368,False
AQLG,HCM Large Cap Growth ETF,USD,The HCM Large Cap Growth ETF is an actively managed fund seeking long-term capital growth in large-cap growth companies. A proprietary quantitative multi-factor model scores and ranks Russell 1000 Index stocks on valuation and other measures; the fund overweights sectors with the most top-ranked stocks and picks companies in the top quartile within each.,Equities,Growth,,NGM,XNAS,US26923W8689,False
ARMG,Leverage Shares 2X Long ARM Daily ETF,USD,"The Fund is an exchange traded fund (“ETF”) that seeks daily levered investment results, before fees and expenses, of two times (200%) of the daily percentage change in the price of the common stock of ARM. The Fund does not seek to achieve its stated investment objective for a period of time different than a trading day.",Derivatives,Trading,Leverage Shares,NGM,XNAS,US8829275770,False
ARMY,Tema International Defense ETF,USD,Tema International Defense ETF (the “Fund”) seeks to provide long-term growth. Tema International Defense ETF is an exchange-traded fund listed on the Nasdaq Global Market under the ticker ARMY and traded in USD. The fund is part of the Tema ETFs range. It is classified as Industrials (Developed Markets).,Equities,Developed Markets,Tema ETFs,NGM,XNAS,US87975E7849,False
ARVR,First Trust Indxx Metaverse ETF,USD,"The First Trust Indxx Metaverse ETF (the ""Fund"") seeks investment results that correspond generally to the price and yield, before fees and expenses, of an equity index called the Indxx Metaverse Index (the “Index”).",Equities,Developed Markets,First Trust Advisors,NGM,XNAS,US33734X7628,False
ASCI,abrdn International Small Cap Active ETF,USD,"The abrdn International Small Cap Active ETF invests mainly in equity securities of small non-US companies, including common and preferred stock and depositary receipts. Under normal conditions it places a minimum of 80% of net assets in such securities.",Equities,Small Cap,Aberdeen Standard Investments,NGM,XNAS,US0030222667,False
ASD,Defiance Autism Impact ETF,USD,"The Defiance Autism Impact ETF (the “Fund” or the “Autism ETF”) seeks to track the total return performance, before fees and expenses, of the VettaFi Autism Impact Index (the “Index”).",Equities,Developed Markets,Defiance ETFs,NGM,XNAS,US2689613311,False
ASEC,American Century Securitized Credit ETF,USD,The fund seeks to provide a high level of current income and total return. American Century Securitized Credit ETF is an exchange-traded fund listed on the Nasdaq Global Market under the ticker ASEC and traded in USD. The fund is part of the American Century Investments range. It is classified as Fixed Income (Corporate Bonds).,Fixed Income,Corporate Bonds,American Century Investments,NGM,XNAS,US02507A8615,False
ASET,FlexShares Real Assets Allocation Index Fund,USD,"The investment seeks investment results that correspond generally to the price and yield performance, before fees and expenses, of the Northern Trust Real Assets Allocation IndexSM.
 Under normal circumstances, the fund will invest at least 80% of its total assets (exclusive of collateral held from securities lending) in the securities of the underlying index. The underlying index measures the performance of an optimized allocation to the underlying funds that is intended to provide exposures to certain real assets and minimize overall volatility of investment in the underlying funds. The fund is non-diversified.",Equities,,Flexshares Trust,NGM,XNAS,,False
ASMG,Leverage Shares 2X Long ASML Daily ETF,USD,"The Fund is an exchange traded fund (“ETF”) that seeks daily levered investment results, before fees and expenses, of two times (200%) of the daily percentage change in the price of the ADR of ASML. The Fund does not seek to achieve its stated investment objective for a period of time different than a trading day.",Derivatives,Trading,Leverage Shares,NGM,XNAS,US8829276687,False
ASMU,Direxion Daily ASML Bull 2X ETF,USD,"The Fund seeks daily investment results, before fees and expenses, of 200% of the daily performance of ASML. The Fund does not seek to achieve its stated investment objective for a period of time different than a trading day.",Derivatives,Trading,Direxion Funds,NGM,XNAS,US25461H6633,False
AUMI,Themes Gold Miners ETF,USD,"The Themes Gold Miners ETF (the “Fund”) is an exchange traded fund (“ETF”) that seeks to track the performance, before fees and expenses, of an index composed of companies that are active in the gold mining industry.",Materials,Developed Markets,Themes ETFs,NGM,XNAS,US8829277008,False
AVGB,Avantis Credit ETF,USD,The fund seeks to maximize total return. Avantis Credit ETF is an exchange-traded fund listed on the Nasdaq Global Market under the ticker AVGB and traded in USD. The fund is part of the Avantis Investors range. It is classified as Fixed Income (Corporate Bonds).,Fixed Income,Corporate Bonds,Avantis Investors,NGM,XNAS,US02507A2006,False
AVGU,GraniteShares 2x Long AVGO Daily ETF,USD,"The Fund seeks daily investment results, before fees and expenses, of 2 times (200%) the daily percentage change of the common stock of Broadcom Inc. (NASDAQ: AVGO).",Derivatives,Trading,Graniteshares,NGM,XNAS,US38747R4130,False
AVGX,Defiance Daily Target 2X Long AVGO ETF,USD,"The Fund seeks daily investment results, before fees and expenses, of two times (200%) the daily percentage change in the share price of Broadcom Inc. (Nasdaq: AVGO) The Fund does not seek to achieve its stated investment objective for a period other than a single trading day.",Derivatives,Trading,Defiance ETFs,NGM,XNAS,US88636J2380,False
AVL,Direxion Daily AVGO Bull 2X ETF,USD,"The Fund seeks daily investment results, before fees and expenses, of 200% of the daily performance of AVGO. The Fund does not seek to achieve its stated investment objective for a period of time different than a trading day.",Derivatives,Trading,Direxion Funds,NGM,XNAS,US25461A5699,False
AVOS,Avos Global Equities ETF,USD,The Avos Global Equities ETF (the “Fund”) seeks to achieve long term capital appreciation. Avos Global Equities ETF is an exchange-traded fund listed on the Nasdaq Global Market under the ticker AVOS and traded in USD. It is classified as Equities (Developed Markets).,Equities,Developed Markets,,NGM,XNAS,US02072Q1849,False
AVS,Direxion Daily AVGO Bear 1X ETF,USD,"The Fund seeks daily investment results, before fees and expenses, of 100% of the inverse (or opposite) of the daily performance of AVGO. The Fund does not seek to achieve its stated investment objective for a period of time different than a trading day.",Derivatives,Trading,Direxion Funds,NGM,XNAS,US25461A5517,False
AVUQ,Avantis U.S. Quality ETF,USD,The fund seeks long-term capital appreciation. Avantis U.S. Quality ETF is an exchange-traded fund listed on the Nasdaq Global Market under the ticker AVUQ and traded in USD. The fund is part of the Avantis Investors range. It is classified as Equities (Factors).,Equities,Factors,Avantis Investors,NGM,XNAS,US02507A5074,False
AVXC,Avantis Emerging Markets ex-China Equity ETF,USD,The fund seeks long-term capital appreciation. Avantis Emerging Markets ex-China Equity ETF is an exchange-traded fund listed on the Nasdaq Global Market under the ticker AVXC and traded in USD. The fund is part of the Avantis Investors range. It is classified as Equities (Emerging Markets).,Equities,Emerging Markets,Avantis Investors,NGM,XNAS,US02507A1016,False
AVXX,Defiance Daily Target 2x Long AVAV ETF,USD,"The Fund seeks daily investment results, before fees and expenses, of two times (200%) the daily percentage change in the share price of Aerovironment Inc. (NASDAQ: AVAV). The Fund does not seek to achieve its stated investment objective for a period other than a single trading day.",Derivatives,Trading,Defiance ETFs,NGM,XNAS,US88636Y5327,False
AZYY,GraniteShares YieldBoost AMZN ETF,USD,"The Fund’s primary investment objective is to achieve 2 times (200%) the income generated from selling options on Amazon.com’s common stock (NASDAQ: AMZN) (the “Underlying Stock”) by selling options on leveraged exchange-traded funds designed to deliver 2 times (200%) the daily performance of the Underlying Stock (the “Underlying Leveraged ETF”). The Fund’s secondary investment objective is to gain exposure to the performance of the Underlying Leveraged ETF, subject to a cap on potential investment gains. A downside protection may be implemented which could affect the net income level.",,,Graniteshares,NGM,XNAS,US38747R3223,False
BABU,Direxion Daily BABA Bull 2X ETF,USD,"The Fund seeks daily investment results, before fees and expenses, of 200% of the daily performance of BABA. The Fund does not seek to achieve its stated investment objective for a period of time different than a trading day.",Derivatives,Trading,Direxion Funds,NGM,XNAS,US25461H6559,False
BABX,GraniteShares 2x Long BABA Daily ETF,USD,"The Fund seeks daily investment results, before fees and expenses, of 2 times (200%) the daily percentage change of the ADR of Alibaba Group Holding Limited (NYSE: BABA).",Derivatives,Trading,Graniteshares,NGM,XNAS,US38747R8685,False
BAFE,Brown Advisory Flexible Equity ETF,USD,The Brown Advisory Flexible Equity ETF (the “Fund”) seeks to achieve long-term growth of capital. Brown Advisory Flexible Equity ETF is an exchange-traded fund listed on the Nasdaq Global Market under the ticker BAFE and traded in USD. The fund is part of the Brown Advisory range. It is classified as Equities (Blend).,Equities,Developed Markets,Brown Advisory,NGM,XNAS,US00775Y3229,False
BAIG,Leverage Shares 2X Long BBAI Daily ETF,USD,"The Fund is an exchange traded fund (“ETF”) that seeks daily levered investment results, before fees and expenses, of two times (200%) of the daily percentage change in the price of the common stock of BBAI. The Fund does not seek to achieve its stated investment objective for a period of time different than a trading day.",Derivatives,Trading,Leverage Shares,NGM,XNAS,US88340C1311,False
BAIV,Brown Advisory International Value Select ETF,USD,The Brown Advisory International Value Select ETF (the “Fund”) seeks to achieve long-term capital appreciation. Brown Advisory International Value Select ETF is an exchange-traded fund listed on the Nasdaq Global Market under the ticker BAIV and traded in USD. The fund is part of the Brown Advisory range. It is classified as Equities (Value).,Equities,Value,Brown Advisory,NGM,XNAS,US00775Y2494,False
BALQ,iShares Nasdaq Premium Income Active ETF,USD,The iShares Nasdaq Premium Income Active ETF has a main objective of generating current income while also considering opportunities for capital growth.,Derivatives,Large Cap,BlackRock Asset Management,NGM,XNAS,US09290C6407,False
BASG,Brown Advisory Sustainable Growth ETF,USD,The Brown Advisory Sustainable Growth ETF (the “Fund”) seeks to achieve capital appreciation. Brown Advisory Sustainable Growth ETF is an exchange-traded fund listed on the Nasdaq Global Market under the ticker BASG and traded in USD. The fund is part of the Brown Advisory range. It is classified as Equities (Growth).,Equities,Growth,Brown Advisory,NGM,XNAS,US00775Y2726,False
BASV,Brown Advisory Sustainable Value ETF,USD,The Brown Advisory Sustainable Value ETF (the “Fund”) seeks to achieve long-term capital appreciation. Brown Advisory Sustainable Value ETF is an exchange-traded fund listed on the Nasdaq Global Market under the ticker BASV and traded in USD. The fund is part of the Brown Advisory range. It is classified as Equities (Value).,Equities,Value,Brown Advisory,NGM,XNAS,US00775Y2643,False
BBB,CYBER HORNET S&P 500 and Bitcoin 75/25 Strategy ETF,USD,"The Fund seeks to replicate, before fees and expenses, the total return of the S&P 500 ® and S&P Bitcoin 75/25 Blend Index (the “Index”), an index by Standard & Poor’s.",Equities,Allocation,Cyber Hornet ETFs,NGM,XNAS,US45407J4094,False
BBUL,GraniteShares 2x Long BB Daily ETF,USD,"The GraniteShares 2x Long BB Daily ETF seeks, ahead of fees and expenses, daily results of twice the daily percentage change in the common stock of BlackBerry Limited. It resets its leverage each day and is meant for knowledgeable investors wanting short-term, single-day exposure, not long-term holding, because of compounding.",Derivatives,Trading,Graniteshares,NGM,XNAS,US38747T3775,False
BBYY,GraniteShares YieldBOOST BABA ETF,USD,"The Fund’s primary investment objective is to achieve 2 times (200%) the income generated from selling options on Alibaba Group Holding Limited’s ADR (NYSE: BABA) (the “Underlying Stock”) by selling options on leveraged exchange-traded funds designed to deliver 2 times (200%) the daily performance of the Underlying Stock (the “Underlying Leveraged ETF”). The Fund’s secondary investment objective is to gain exposure to the performance of the Underlying Leveraged ETF, subject to a cap on potential investment gains. A downside protection may be implemented which could affect the net income level.",,,Graniteshares,NGM,XNAS,US38747R2985,False
BCFN,Baron Financials ETF,USD,Baron Financials ETF is an exchange-traded fund listed on the Nasdaq Global Market under the ticker BCFN and traded in USD. The fund is part of the Baron Capital range. It is classified as Financials (Developed Markets).,Equities,Developed Markets,Baron Capital,NGM,XNAS,US06829D4043,False
BCLO,iShares BBB-B CLO Active ETF,USD,The iShares BBB-B CLO Active ETF aims to provide capital preservation and steady income. It allocates mainly to collateralized loan obligations rated between BBB+ and B-.,Fixed Income,Corporate Bonds,BlackRock Asset Management,NGM,XNAS,US0925288500,False
BCTK,Baron Technology ETF,USD,Baron Technology ETF is an exchange-traded fund listed on the Nasdaq Global Market under the ticker BCTK and traded in USD. The fund is part of the Baron Capital range. It is classified as Information Technology (Developed Markets).,Equities,Developed Markets,Baron Capital,NGM,XNAS,US06829D5032,False
BDGS,Bridges Capital Tactical ETF,USD,The Bridges Capital Tactical ETF (the “Fund”) seeks to provide capital appreciation while preserving capital during market drawdowns. Bridges Capital Tactical ETF is an exchange-traded fund listed on the Nasdaq Global Market under the ticker BDGS and traded in USD. The fund is part of the Bridges Capital range.,Equities,Developed Markets,Bridges Capital,NGM,XNAS,US02072L4749,False
BDVL,iShares Disciplined Volatility Equity Active ETF,USD,The iShares Disciplined Volatility Equity Active ETF is actively managed and aims for total returns by weighing potential gains against the risks involved.,Equities,Developed Markets,BlackRock Asset Management,NGM,XNAS,US09290C7157,False
BDYN,iShares Dynamic Equity Active ETF,USD,The iShares Dynamic Equity Active fund has the primary objective of broad investment gains.,Equities,Developed Markets,BlackRock Asset Management,NGM,XNAS,US09290C7231,False
BEDY,BNY Mellon Enhanced Dividend and Income ETF,USD,The fund seeks total return (consisting of capital appreciation and income). BNY Mellon Enhanced Dividend and Income ETF is an exchange-traded fund listed on the Nasdaq Global Market under the ticker BEDY and traded in USD. The fund is part of the BNY Mellon range. It is classified as Derivatives (Large Cap).,Equities,Developed Markets,BNY Mellon,NGM,XNAS,US05613H3084,False
BEEX,The Beehive ETF,USD,The Fund’s investment objective is to seek capital appreciation. The Beehive ETF is an exchange-traded fund listed on the Nasdaq Global Market under the ticker BEEX and traded in USD.,Equities,Developed Markets,,NGM,XNAS,US45259A7616,False
BEEZ,Honeytree U.S. Equity ETF,USD,The Honeytree U.S. Equity ETF (the “Fund”) seeks to provide capital appreciation achieved primarily through investing in responsibly growing companies. Honeytree U.S. Equity ETF is an exchange-traded fund listed on the Nasdaq Global Market under the ticker BEEZ and traded in USD. The fund is part of the Honeytree Investment Management range. It is classified as Equities (Large Cap).,Equities,Developed Markets,Honeytree Investment Management,NGM,XNAS,US02072L3261,False
BEG,Leverage Shares 2x Long BE Daily ETF,USD,"The Leverage Shares 2x Long BE Daily ETF is a 2x daily leveraged bull product for active investors seeking to magnify short-term gains. It aims to deliver double the daily performance of BE stock, net of its own fees and operating expenses.",Derivatives,Trading,Leverage Shares,NGM,XNAS,US88340F2092,False
BESO,GSR Crypto Core3 ETF,USD,GSR Crypto Core3 ETF is an exchange-traded fund listed on the Nasdaq Global Market under the ticker BESO and traded in USD. The fund is part of the GSR range.,Alternatives,Alternative,GSR,NGM,XNAS,US26923Q1435,False
BFLX,iShares Flexible Equity Active ETF,USD,The iShares Flexible Equity Active ETF is an actively managed fund that aims to deliver total investment returns.,Equities,Developed Markets,BlackRock Asset Management,NGM,XNAS,US09290C5904,False
BGCG,Baillie Gifford International Concentrated Growth ETF,USD,Baillie Gifford International Concentrated Growth ETF seeks capital appreciation. Baillie Gifford International Concentrated Growth ETF is an exchange-traded fund listed on the Nasdaq Global Market under the ticker BGCG and traded in USD. The fund is part of the Baillie Gifford range. It is classified as Equities (Growth).,Equities,Growth,Baillie Gifford,NGM,XNAS,US05686D3098,False
BGEG,Baillie Gifford Emerging Markets ETF,USD,Baillie Gifford Emerging Markets ETF seeks capital appreciation. Baillie Gifford Emerging Markets ETF is an exchange-traded fund listed on the Nasdaq Global Market under the ticker BGEG and traded in USD. The fund is part of the Baillie Gifford range. It is classified as Equities (Emerging Markets).,Equities,Developed Markets,Baillie Gifford,NGM,XNAS,US05686D5077,False
BGGG,Baillie Gifford Long Term Global Growth ETF,USD,Baillie Gifford Long Term Global Growth ETF seeks to provide long-term capital appreciation. Baillie Gifford Long Term Global Growth ETF is an exchange-traded fund listed on the Nasdaq Global Market under the ticker BGGG and traded in USD. The fund is part of the Baillie Gifford range. It is classified as Equities (Growth).,Equities,Growth,Baillie Gifford,NGM,XNAS,US05686D2009,False
BGIA,Baillie Gifford International Alpha ETF,USD,Baillie Gifford International Alpha ETF seeks capital appreciation. Baillie Gifford International Alpha ETF is an exchange-traded fund listed on the Nasdaq Global Market under the ticker BGIA and traded in USD. The fund is part of the Baillie Gifford range. It is classified as Equities (Developed Markets).,Equities,Developed Markets,Baillie Gifford,NGM,XNAS,US05686D4088,False
BGRO,iShares Large Cap Growth Active ETF,USD,The iShares Large Cap Growth Active ETF aims to deliver substantial growth in investment value for shareholders over an extended period.,Equities,Growth,BlackRock Asset Management,NGM,XNAS,US09290C7983,False
BGUS,Baillie Gifford U.S. Equity Growth ETF,USD,Baillie Gifford U.S. Equity Growth ETF seeks capital appreciation. Baillie Gifford U.S. Equity Growth ETF is an exchange-traded fund listed on the Nasdaq Global Market under the ticker BGUS and traded in USD. The fund is part of the Baillie Gifford range. It is classified as Equities (Growth).,Equities,Growth,Baillie Gifford,NGM,XNAS,US05686D1019,False
BHDG,Nicholas Bitcoin Tail ETF,USD,"The Nicholas Bitcoin Tail ETF, part of Tidal Trust II, is managed by Tidal Investments LLC with Nicholas Wealth, LLC as co-manager. It seeks exposure to Bitcoin by investing directly in the asset and using derivatives such as options. The fund is US-based and registered.",Alternatives,Alternative,Nicholas Wealth,NGM,XNAS,US88636X2457,False
BIB,ProShares Ultra Nasdaq Biotechnology,USD,"The investment seeks daily investment results that correspond to two times (2x) the daily performance of the Nasdaq Biotechnology Index®.
 The fund invests in financial instruments that ProShare Advisors believes, in combination, should produce daily returns consistent with the fund's investment objective. The index is a modified capitalization weighted index that includes securities of Nasdaq listed companies that are classified as either biotechnology or pharmaceutical. The fund is non-diversified.",Derivatives,Trading,ProShares,NGM,XNAS,US74347R2141,False
BICK,First Trust BICK Index Fund,USD,"The investment seeks investment results that correspond generally to the price and yield (before the fund's fees and expenses) of an equity index called the ISE BICKTM.
 The fund will normally invest at least 90% of its net assets (including investment borrowings) in the common stocks and depositary receipts that comprise the index. The index is designed to provide a benchmark for investors interested in tracking some of the largest and most liquid public companies that are domiciled in Brazil, India, China (including Hong Kong) and South Korea that are accessible for investment by U.S. investors.",Equities,Emerging Markets,First Trust Advisors,NGM,XNAS,,True
BIDG,Leverage Shares 2X Long BIDU Daily ETF,USD,"The Leverage Shares 2X Long BIDU Daily ETF, part of Themes ETF Trust, uses swap agreements to take a bullish, daily leveraged position of 200% on the stock of Baidu, Inc. It rebalances daily and is meant as a short-term tactical tool, since compounding can make longer-term returns differ from 2x. The strategy is high-risk and has no defensive component.",Derivatives,Trading,Leverage Shares,NGM,XNAS,US88340F7042,False
BIOY,GraniteShares YieldBOOST Biotech ETF,USD,"The Fund’s primary investment objective is to achieve 3 times (300%) the income generated from selling options on the S&P Biotechnology Select Industry Index (the “Underlying Index”) by selling options on leveraged exchange-traded funds designed to deliver 3 times (300%) the daily performance of the Underlying Index (the “Underlying Leveraged ETF”). The Fund’s secondary investment objective is to gain exposure to the performance of the Underlying Leveraged ETF, subject to a cap on potential investment gains. A downside protection may be implemented which could affect the net income level.",Health Care,,Graniteshares,NGM,XNAS,US38747T6414,False
BITA,iShares Bitcoin Premium Income ETF,USD,"iShares Bitcoin Premium Income ETF is an actively managed fund that follows bitcoin's performance and earns premium income through an options strategy. It lets investors pursue monthly income and capture a large share of bitcoin's upside, with potentially less volatility than holding spot bitcoin directly.",Derivatives,,BlackRock Asset Management,NGM,XNAS,US46439G1085,False
BITS,Global X Blockchain & Bitcoin Strategy ETF,USD,The Global X Blockchain & Bitcoin Strategy ETF (the “Fund”) seeks long-term capital appreciation. Global X Blockchain & Bitcoin Strategy ETF is an exchange-traded fund listed on the Nasdaq Global Market under the ticker BITS and traded in USD. The fund is part of the Global X Funds range.,Equities,Developed Markets,Global X Funds,NGM,XNAS,US37960A7274,False
BKCH,Global X Blockchain ETF,USD,"The Global X Blockchain ETF (""Fund"") seeks to provide investment results that correspond generally to the price and yield performance, before fees and expenses, of the Solactive Blockchain Index (""Underlying Index"").",Equities,Developed Markets,Global X Funds,NGM,XNAS,US37960A7357,False
BKMI,BNY Mellon Municipal Intermediate ETF,USD,"The BNY Mellon Municipal Intermediate ETF seeks the highest current income exempt from US federal income tax that is consistent with protecting capital. It normally places a minimum of 80% of net assets in federally tax-exempt municipal bonds, mainly investment-grade municipal and taxable bonds rated Baa3/BBB- or above at purchase, or judged comparable by the sub-adviser when unrated.",Fixed Income,Municipal Bonds,BNY Mellon,NGM,XNAS,US05613H7044,False
BKMS,BNY Mellon Municipal Short Duration ETF,USD,"The BNY Mellon Municipal Short Duration ETF seeks significant current income exempt from federal tax while prioritizing capital protection. It normally devotes at least four-fifths of net assets to federally tax-exempt municipal bonds, mainly investment-grade municipal and taxable bonds, or unrated ones judged equivalent by sub-adviser Insight North America LLC.",Fixed Income,Municipal Bonds,BNY Mellon,NGM,XNAS,US05613H6053,False
BLCR,iShares Large Cap Core Active ETF,USD,"The iShares Large Cap Core Active ETF aims for maximum overall return. It invests mainly in stocks of large US companies, picked through a blend of bottom-up fundamental work and systematic, quantitative study.",Equities,Large Cap,BlackRock Asset Management,NGM,XNAS,US09290C8551,False
BLSG,Leverage Shares 2X Long BLSH Daily ETF,USD,"The Fund is an exchange traded fund (“ETF”) that seeks daily levered investment results, before fees and expenses, of two times (200%) of the daily percentage change in the price of the common stock of BLSH. The Fund does not seek to achieve its stated investment objective for a period of time different than a trading day.",Derivatives,Trading,Leverage Shares,NGM,XNAS,US88340C8340,False
BMLP,BMO Dorsey Wright MLP Index Exchange Traded Notes,USD,"The investment seeks to link to the performance of the DWA MLP Select™ Index (the “index”).
 The index includes 15 master limited partnerships (“MLPs”) based on the proprietary Dorsey Wright Relative Strength Ranking Methodology. By comparing the price relationship between each MLP, the index seeks to determine which MLPs are currently showing outperformance relative to their peers within the Index universe.",Equities,,BMO Capital Markets,NGM,XNAS,,False
BMNG,Leverage Shares 2X Long BMNR Daily ETF,USD,"The Fund is an exchange traded fund (“ETF”) that seeks daily levered investment results, before fees and expenses, of two times (200%) of the daily percentage change in the price of the common stock of Bitmine Immersion Technologies, Inc. The Fund does not seek to achieve its stated investment objective for a period of time different than a trading day.",Derivatives,Trading,Leverage Shares,NGM,XNAS,US88340C1238,False
BMOP,BNY Mellon Municipal Opportunities ETF,USD,"The BNY Mellon Municipal Opportunities ETF normally puts a minimum of 80% of net assets in US dollar-denominated municipal bonds that pay income free of federal personal income tax. It may hold up to 20% of assets in taxable fixed income, including taxable municipal bonds and non-US dollar foreign debt.",Fixed Income,Municipal Bonds,BNY Mellon,NGM,XNAS,US05613H8034,False
BNDP,Vanguard Core-Plus Bond Index ETF,USD,"Vanguard Core-Plus Bond Index ETF (the “Fund”) seeks to track the performance of a broad, market-weighted bond index. Vanguard Core-Plus Bond Index ETF is an exchange-traded fund listed on the Nasdaq Global Market under the ticker BNDP and traded in USD. The fund is part of the Vanguard Asset Management range. It is classified as Fixed Income (Blend).",Fixed Income,Blend,Vanguard Asset Management,NGM,XNAS,US9219138693,False
BNDW,Vanguard Total World Bond ETF,USD,"The investment seeks to track the performance of the Bloomberg Barclays Global Aggregate Float Adjusted Composite Index that measures the investment return of investment-grade U.S. bonds and investment-grade non-U.S. dollar-denominated bonds.
 The fund is a fund of funds and employs an indexing investment approach designed to track the performance of the index, which is a custom, USD-hedged index designed to track the market capitalized weights of the global investment-grade bond market and is comprised of the Bloomberg Barclays U.S. Aggregate Float Adjusted Index and the Bloomberg Barclays Global Aggregate ex-USD Float Adjusted RIC Capped Index.",Fixed Income,Investment Grade Bonds,Vanguard Asset Management,NGM,XNAS,US92206C5655,False
BOEG,Leverage Shares 2X Long BA Daily ETF,USD,"The Fund is an exchange traded fund (“ETF”) that seeks daily levered investment results, before fees and expenses, of two times (200%) of the daily percentage change in the price of the common stock of BA. The Fund does not seek to achieve its stated investment objective for a period of time different than a trading day.",Derivatives,Trading,Leverage Shares,NGM,XNAS,US8829276430,False
BOEU,Direxion Daily BA Bull 2X ETF,USD,"The Fund seeks daily investment results, before fees and expenses, of 200% of the daily performance of BA. The Fund does not seek to achieve its stated investment objective for a period of time different than a trading day.",Derivatives,Trading,Direxion Funds,NGM,XNAS,US25461A3389,False
BOTT,Themes Humanoid Robotics ETF,USD,"The Themes Humanoid Robotics ETF (the “Fund”) is an exchange traded fund (“ETF”) that seeks to track the performance, before fees and expenses, of an index composed of companies which derive significant revenue from the design and development of humanoid and service robots.",Equities,Developed Markets,Themes ETFs,NGM,XNAS,US8829278337,False
BREM,iShares Emerging Markets Bond Active ETF,USD,The iShares Emerging Markets Bond Active ETF is an actively managed fund seeking the greatest total return. It pursues both steady income and an increase in what its holdings are worth.,Fixed Income,Emerging Markets,BlackRock Asset Management,NGM,XNAS,US0925288278,False
BRES,Burney U.S. Equity Select ETF,USD,The Burney U.S. Equity Select ETF (the “Fund”) seeks capital appreciation. Burney U.S. Equity Select ETF is an exchange-traded fund listed on the Nasdaq Global Market under the ticker BRES and traded in USD. The fund is part of the Burney range. It is classified as Equities (Large Cap).,Equities,Developed Markets,Burney,NGM,XNAS,US02072Q4249,False
BRHY,iShares High Yield Active ETF,USD,"The iShares High Yield Active ETF is a BlackRock fund designed to maximize total return, combining capital appreciation with steady current income through a disciplined management approach.",Fixed Income,High Yield Bonds,BlackRock Asset Management,NGM,XNAS,US0925288682,False
BRKU,Direxion Daily BRKB Bull 2X ETF,USD,"The Fund seeks daily investment results, before fees and expenses, of 200% of the daily performance of BRK.B. The Fund does not seek to achieve its stated investment objective for a period of time different than a trading day.",Derivatives,Trading,Direxion Funds,NGM,XNAS,US25461A4528,False
BRNY,Burney U.S. Factor Rotation ETF,USD,The Burney U.S. Factor Rotation ETF (the “Fund”) seeks capital appreciation. Burney U.S. Factor Rotation ETF is an exchange-traded fund listed on the Nasdaq Global Market under the ticker BRNY and traded in USD. The fund is part of the Burney range. It is classified as Equities (Factors).,Equities,Factors,Burney,NGM,XNAS,US02072L6496,False
BRRR,Coinshares Bitcoin ETF,USD,"The CoinShares Bitcoin ETF gives investors exposure to bitcoin price movements through the trust's direct holding of physical bitcoin, kept with regulated custodians. Each share represents a proportional interest in that bitcoin, offering a convenient and economical alternative to buying the digital currency directly.",Alternatives,Alternative,CoinShares,NGM,XNAS,US91916J1007,False
BRTR,iShares Total Return Active ETF,USD,"The iShares Total Return Active ETF aims to beat the Bloomberg U.S. Aggregate Bond Index by putting over 90% of assets into fixed income securities issued by governments and corporations, whatever their maturity. It caps non-US holdings at 30% and emerging market securities at 20%, mainly holds investment-grade debt, and limits high-yield bonds to 20%.",Fixed Income,Blend,BlackRock Asset Management,NGM,XNAS,US0925288765,False
BSCM,Invesco BulletShares 2022 Corporate Bond ETF,USD,"The investment seeks to track the investment results (before fees and expenses) of the Nasdaq BulletShares® USD Corporate Bond 2022 Index (the ""underlying index"").
 The fund generally will invest at least 80% of its total assets in securities that comprise the underlying index. The underlying index seeks to measure the performance of a portfolio of U.S. dollar-denominated investment grade corporate bonds with maturities or, in some cases, ""effective maturities"" in the year 2022 (collectively, ""2022 Bonds"").",Fixed Income,Corporate Bonds,Invesco Investment Management,NGM,XNAS,,False
BSCN,Invesco BulletShares 2023 Corporate Bond ETF,USD,"The investment seeks to track the investment results (before fees and expenses) of the Nasdaq BulletShares® USD Corporate Bond 2023 Index (the ""underlying index"").
 The fund generally will invest at least 80% of its total assets in securities that comprise the underlying index. The underlying index seeks to measure the performance of a portfolio of U.S. dollar-denominated investment grade corporate bonds with maturities or, in some cases, ""effective maturities"" in the year 2023 (collectively, ""2023 Bonds"").",Fixed Income,Corporate Bonds,Invesco Investment Management,NGM,XNAS,,False
BSCP,Invesco BulletShares 2025 Corporate Bond ETF,USD,"The investment seeks to track the investment results (before fees and expenses) of the Nasdaq BulletShares® USD Corporate Bond 2025 Index (the ""underlying index"").
 The fund generally will invest at least 80% of its total assets in securities that comprise the underlying index. The underlying index seeks to measure the performance of a portfolio of U.S. dollar-denominated investment grade corporate bonds with maturities or, in some cases, ""effective maturities"" in the year 2025 (collectively, ""2025 Bonds"").",Fixed Income,Corporate Bonds,Invesco Investment Management,NGM,XNAS,US46138J8255,False
BSCQ,Invesco BulletShares 2026 Corporate Bond ETF,USD,"The investment seeks to track the investment results (before fees and expenses) of the Nasdaq BulletShares® USD Corporate Bond 2026 Index (the ""underlying index"").
 The fund generally will invest at least 80% of its total assets in securities that comprise the underlying index. The underlying index seeks to measure the performance of a portfolio of U.S. dollar-denominated investment grade corporate bonds with maturities or, in some cases, ""effective maturities"" in the year 2026 (collectively, ""2026 Bonds"").",Fixed Income,Corporate Bonds,Invesco Investment Management,NGM,XNAS,US46138J7919,False
BSCT,Invesco BulletShares 2029 Corporate Bond ETF,USD,"The investment seeks to track the investment results (before fees and expenses) of the Nasdaq BulletShares® USD Corporate Bond 2029 Index (the ""underlying index"").
 The fund generally will invest at least 80% of its total assets in securities that comprise the underlying index. The underlying index seeks to measure the performance of a portfolio of U.S. dollar-denominated investment grade corporate bonds with maturities or, in some cases, ""effective maturities"" in the year 2029 (collectively, ""2029 Bonds""). The fund is non-diversified.",Fixed Income,Corporate Bonds,Invesco Investment Management,NGM,XNAS,US46138J5772,False
BSCV,Invesco BulletShares 2031 Corporate Bond ETF,USD,"The Invesco BulletShares 2031 Corporate Bond ETF is part of Invesco's BulletShares investment-grade suite and behaves more like a single bond than a typical bond fund. It targets a December 2031 maturity rather than perpetual exposure to US investment-grade corporate debt, and its maturity, duration and yield decline over time. On its target date it winds up and returns all capital to investors.",Fixed Income,Corporate Bonds,Invesco Investment Management,NGM,XNAS,US46138J4296,False
BSCW,Invesco BulletShares 2032 Corporate Bond ETF,USD,"The Invesco BulletShares 2032 Corporate Bond ETF seeks to replicate the Invesco BulletShares Corporate Bond 2032 Index. It puts a minimum of 80% of total assets into the US dollar high-quality corporate bonds that make up that index, all of which have effective maturities in 2032. The fund is issued by Invesco and is designed to wind up around its target year, rather than offering perpetual exposure.",Fixed Income,Corporate Bonds,Invesco Investment Management,NGM,XNAS,US46139W8588,False
BSCX,Invesco BulletShares 2033 Corporate Bond ETF,USD,"The Invesco BulletShares 2033 Corporate Bond ETF seeks to replicate the BulletShares USD Corporate Bond 2033 Index. It puts a minimum of 80% of total assets into the US dollar investment-grade corporate bonds that make up that index, all of which have effective maturities in 2033. The fund is issued by Invesco and is designed to wind up around its target year, rather than offering perpetual exposure.",Fixed Income,Corporate Bonds,Invesco Investment Management,NGM,XNAS,US46139W8257,False
BSCY,Invesco BulletShares 2034 Corporate Bond ETF,USD,"The Invesco BulletShares 2034 Corporate Bond ETF seeks to replicate the BulletShares USD Corporate Bond 2034 Index. It puts a minimum of 80% of total assets into the US dollar investment-grade corporate bonds that make up that index, all of which have effective maturities in 2034. The fund is issued by Invesco and is designed to wind up around its target year, rather than offering perpetual exposure.",Fixed Income,Corporate Bonds,Invesco Investment Management,NGM,XNAS,US46139W7838,False
BSCZ,Invesco BulletShares 2035 Corporate Bond ETF,USD,"The Invesco BulletShares 2035 Corporate Bond ETF seeks to replicate the BulletShares USD Corporate Bond 2035 Index. It puts a minimum of 80% of total assets into the US dollar investment-grade corporate bonds that make up that index, all of which have effective maturities in 2035. The fund is issued by Invesco and is designed to wind up around its target year, rather than offering perpetual exposure.",Fixed Income,Corporate Bonds,Invesco Investment Management,NGM,XNAS,US46139W7598,False
BSDE,Invesco BulletShares (R) 2024 Emerging Markets Debt ETF,USD,"The investment seeks to track the investment results (before fees and expenses) of the Nasdaq BulletShares® USD Emerging Markets Debt 2024 Index (the ""underlying index"").
 The fund generally will invest at least 80% of its total assets in securities that comprise the underlying index. The underlying index is designed to represent the performance of a held-to-maturity portfolio of U.S. dollar-denominated emerging markets bonds with maturities or, in some cases, ""effective maturities"" in the year 2024 (collectively, ""2024 Bonds""). The fund is non-diversified.",Equities,Emerging Markets,Invesco Investment Management,NGM,XNAS,,True
BSGR,Invesco BulletShares 2027 Treasury Bond ETF,USD,"Invesco BulletShares 2027 Treasury Bond ETF is a US-domiciled fund inside the Invesco self-indexed ETF trust, managed by Invesco Capital Management LLC and formed on June 10, 2026. It holds investment-grade, US dollar-denominated Treasuries due around December 15, 2027, and follows the ICE BulletShares 2027 US Treasury index through representative sampling.",Fixed Income,Treasury Bonds,Invesco Investment Management,NGM,XNAS,US46138J3462,False
BSGT,Invesco BulletShares 2029 Treasury Bond ETF,USD,"Invesco BulletShares 2029 Treasury Bond ETF is a US-domiciled fund inside the Invesco self-indexed ETF trust, managed by Invesco Capital Management LLC and formed on June 10, 2026. It holds investment-grade, US dollar-denominated Treasuries due around December 15, 2029, and follows the ICE BulletShares 2029 US Treasury index through representative sampling.",Fixed Income,Treasury Bonds,Invesco Investment Management,NGM,XNAS,US46138J3207,False
BSJL,Invesco BulletShares 2021 High Yield Corporate Bond ETF,USD,"The investment seeks to track the investment results (before fees and expenses) of the Nasdaq BulletShares® USD High Yield Corporate Bond 2021 Index (the ""underlying index"").
 The fund generally will invest at least 80% of its total assets in securities that comprise the underlying index. The underlying index seeks to measure the performance of a portfolio of U.S. dollar-denominated high yield corporate bonds (commonly known as ""junk bonds"") with maturities or, in some cases, ""effective maturities"" in the year 2021 (collectively, ""2021 Bonds""). The fund is non-diversified.",Fixed Income,High Yield Bonds,Invesco Investment Management,NGM,XNAS,,False
BSJN,Invesco BulletShares 2023 High Yield Corporate Bond ETF,USD,"The investment seeks to track the investment results (before fees and expenses) of the Nasdaq BulletShares® USD High Yield Corporate Bond 2023 Index (the ""underlying index"").
 The fund generally will invest at least 80% of its total assets in securities that comprise the underlying index. The underlying index seeks to measure the performance of a portfolio of U.S. dollar-denominated high yield corporate bonds (commonly known as ""junk bonds"") with maturities or, in some cases, ""effective maturities"" in the year 2023 (collectively, ""2023 Bonds"").",Fixed Income,High Yield Bonds,Invesco Investment Management,NGM,XNAS,,False
BSJO,Invesco BulletShares 2024 High Yield Corporate Bond ETF,USD,"The investment seeks to track the investment results (before fees and expenses) of the Nasdaq BulletShares® USD High Yield Corporate Bond 2024 Index (the ""underlying index"").
 The fund generally will invest at least 80% of its total assets in securities that comprise the underlying index. The underlying index seeks to measure the performance of a portfolio of U.S. dollar-denominated high yield corporate bonds (commonly known as ""junk bonds"") with maturities or, in some cases, ""effective maturities"" in the year 2024 (collectively, ""2024 Bonds"").",Fixed Income,High Yield Bonds,Invesco Investment Management,NGM,XNAS,US46138J8339,True
BSJR,Invesco BulletShares 2027 High Yield Corporate Bond ETF,USD,"The investment seeks to track the investment results (before fees and expenses) of the Nasdaq BulletShares® USD High Yield Corporate Bond 2027 Index (the ""underlying index"").
 The fund generally will invest at least 80% of its total assets in securities that comprise the underlying index. The underlying index seeks to measure the performance of a portfolio of U.S. dollar-denominated high yield corporate bonds (commonly known as ""junk bonds"") with maturities or, in some cases, ""effective maturities"" in the year 2027 (collectively, ""2027 Bonds""). The fund is non-diversified.",Fixed Income,High Yield Bonds,Invesco Investment Management,NGM,XNAS,US46138J5855,False
BSJT,Invesco BulletShares 2029 High Yield Corporate Bond ETF,USD,"Invesco BulletShares 2029 High Yield Corporate Bond ETF follows the Invesco BulletShares High Yield Corporate Bond 2029 Index, which covers US dollar high-yield corporate bonds sharing a 2029 effective maturity. The fund keeps at least 80% of total assets in index bonds, uses sampling, rebalances monthly with its index, and is due to wind up around December 15, 2029.",Fixed Income,High Yield Bonds,Invesco Investment Management,NGM,XNAS,US46138J3959,False
BSJU,Invesco BulletShares 2030 High Yield Corporate Bond ETF,USD,"The Invesco BulletShares 2030 High Yield Corporate Bond ETF seeks to replicate the BulletShares USD High Yield Corporate Bond 2030 Index. It puts a minimum of 80% of total assets into the US dollar high-yield corporate bonds that make up that index, each with an effective maturity falling in 2030. The fund is issued by Invesco and is designed to wind up around its target year, rather than offering perpetual exposure.",Fixed Income,High Yield Bonds,Invesco Investment Management,NGM,XNAS,US46139W8414,False
BSJV,Invesco BulletShares 2031 High Yield Corporate Bond ETF,USD,"The Invesco BulletShares 2031 High Yield Corporate Bond ETF seeks to replicate the BulletShares USD High Yield Corporate Bond 2031 Index. It puts a minimum of 80% of total assets into the US dollar high-yield corporate bonds that make up that index, each with an effective maturity falling in 2031. The fund is issued by Invesco and is designed to wind up around its target year, rather than offering perpetual exposure.",Fixed Income,High Yield Bonds,Invesco Investment Management,NGM,XNAS,US46139W8174,False
BSJW,Invesco BulletShares 2032 High Yield Corporate Bond ETF,USD,"The Invesco BulletShares 2032 High Yield Corporate Bond ETF generally places a minimum of 80% of total assets in the securities of its underlying index, which measures US dollar high-yield corporate bonds with maturities or effective maturities in 2032. The fund is non-diversified.",Fixed Income,High Yield Bonds,Invesco Investment Management,NGM,XNAS,US46139W7754,False
BSJX,Invesco BulletShares 2033 High Yield Corporate Bond ETF,USD,"The Invesco BulletShares 2033 High Yield Corporate Bond ETF seeks to replicate the BulletShares USD High Yield Corporate Bond 2033 Index. It puts a minimum of 80% of total assets into the US dollar high-yield corporate bonds that make up that index, all of which have effective maturities in 2033. The fund is issued by Invesco and is designed to wind up around its target year, rather than offering perpetual exposure.",Fixed Income,High Yield Bonds,Invesco Investment Management,NGM,XNAS,US46139W7424,False
BSJY,Invesco BulletShares 2034 High Yield Corporate Bond ETF,USD,"The Invesco BulletShares 2034 High Yield Corporate Bond ETF is launched and managed by Invesco Capital Management LLC and belongs to Invesco Exchange-Traded Self-Indexed Fund Trust. It invests in US dollar-denominated high-yield corporate bonds rated between CCC and BB+/Ba1 that mature in 2034, with exposure across the global region.",Fixed Income,High Yield Bonds,Invesco Investment Management,NGM,XNAS,US46138J2704,False
BSMA,Invesco BulletShares 2036 Municipal Bond ETF,USD,"The Invesco BulletShares 2036 Municipal Bond ETF seeks to track the ICE BulletShares Municipal Bond 2036 Index. It generally holds US dollar investment-grade municipal bonds from US states and local governments scheduled to mature in 2036, and is meant to close around December 15, 2036.",Fixed Income,Municipal Bonds,Invesco Investment Management,NGM,XNAS,US46139W7341,False
BSML,Invesco BulletShares (R) 2021 Municipal Bond ETF,USD,"The investment seeks to track the investment results (before fees and expenses) of the Invesco BulletShares® Municipal Bond 2021 Index.
 The fund generally will invest at least 80% of its total assets in securities that comprise the index. The index is designed to measure the performance of a portfolio of U.S. dollar-denominated investment-grade municipal bonds with maturities in the year 2021 or, in some cases, ""effective maturities"" in the year 2021. It is non-diversified.",Fixed Income,Municipal Bonds,Invesco Investment Management,NGM,XNAS,,False
BSMM,Invesco BulletShares (R) 2022 Municipal Bond ETF,USD,"The investment seeks to track the investment results (before fees and expenses) of the Invesco BulletShares® Municipal Bond 2022 Index.
 The fund generally will invest at least 80% of its total assets in securities that comprise the underlying index. The underlying index is designed to measure the performance of a portfolio of U.S. dollar-denominated investment-grade municipal bonds with maturities in the year 2022 or, in some cases, ""effective maturities"" in the year 2022. It is non-diversified.",Fixed Income,Municipal Bonds,Invesco Investment Management,NGM,XNAS,,False
BSMP,Invesco BulletShares (R) 2025 Municipal Bond ETF,USD,"The investment seeks to track the investment results (before fees and expenses) of the Invesco BulletShares® Municipal Bond 2025 Index.
 The fund generally will invest at least 80% of its total assets in securities that comprise the underlying index. The underlying index seeks to measure the performance of a portfolio of U.S. dollar-denominated investment-grade municipal bonds with maturities or, in some cases, “effective maturities,” in the year 2025 (collectively, “2025 Bonds”). It is non-diversified.",Fixed Income,Municipal Bonds,Invesco Investment Management,NGM,XNAS,,False
BSMR,Invesco BulletShares (R) 2027 Municipal Bond ETF,USD,"The investment seeks to track the investment results (before fees and expenses) of the Invesco BulletShares® Municipal Bond 2027 Index.
 The fund generally will invest at least 80% of its total assets in securities that comprise the underlying index. The underlying index seeks to measure the performance of a portfolio of U.S. dollar-denominated investment-grade municipal bonds with maturities or, in some cases, “effective maturities,” in the year 2027 (collectively, “2027 Bonds”). It is non-diversified.",Fixed Income,Municipal Bonds,Invesco Investment Management,NGM,XNAS,US46138J4940,False
BSMS,Invesco BulletShares (R) 2028 Municipal Bond ETF,USD,"The investment seeks to track the investment results (before fees and expenses) of the Invesco BulletShares® Municipal Bond 2028 Index.
 The fund generally will invest at least 80% of its total assets in securities that comprise the underlying index. The underlying index seeks to measure the performance of a portfolio of U.S. dollar-denominated investment-grade municipal bonds with maturities or, in some cases, “effective maturities,” in the year 2028 (collectively, “2028 Bonds”). It is non-diversified.",Fixed Income,Municipal Bonds,Invesco Investment Management,NGM,XNAS,US46138J4866,False
BSMV,Invesco BulletShares 2031 Municipal Bond ETF,USD,"Invesco BulletShares 2031 Municipal Bond ETF is a US-domiciled fund inside the Invesco self-indexed ETF trust, managed by Invesco Capital Management LLC and formed on September 15, 2021. It holds US dollar municipal bonds that mature effectively in 2031, mostly rated investment grade, and follows the 2031 Invesco BulletShares municipal index through representative sampling.",Fixed Income,Municipal Bonds,Invesco Investment Management,NGM,XNAS,US46138J4114,False
BSMW,Invesco BulletShares 2032 Municipal Bond ETF,USD,"The Invesco BulletShares 2032 Municipal Bond ETF seeks to replicate the Invesco BulletShares USD Municipal Bond 2032 Index. It puts a minimum of 80% of total assets into the US dollar municipal bonds issued by states, state agencies or local governments that make up that index, all of which have effective maturities in 2032. The fund is issued by Invesco and is designed to wind up around its target year, rather than offering perpetual exposure.",Fixed Income,Municipal Bonds,Invesco Investment Management,NGM,XNAS,US46139W8331,False
BSMY,Invesco BulletShares 2034 Municipal Bond ETF,USD,"The Invesco BulletShares 2034 Municipal Bond ETF seeks to replicate the Invesco BulletShares USD Municipal Bond 2034 Index. It puts a minimum of 80% of total assets into the US dollar municipal bonds issued by states, state agencies or local governments that make up that index, all of which have effective maturities in 2034. The fund is issued by Invesco and is designed to wind up around its target year, rather than offering perpetual exposure.",Fixed Income,Municipal Bonds,Invesco Investment Management,NGM,XNAS,US46139W7671,False
BSMZ,Invesco BulletShares 2035 Municipal Bond ETF,USD,"The Invesco BulletShares 2035 Municipal Bond ETF seeks to replicate the Invesco BulletShares USD Municipal Bond 2035 Index. It puts a minimum of 80% of total assets into the US dollar municipal bonds that make up that index, all of which have effective maturities in 2035. The fund is issued by Invesco and is designed to wind up around its target year, rather than offering perpetual exposure.",Fixed Income,Municipal Bonds,Invesco Investment Management,NGM,XNAS,US46138J3538,False
BSSX,Invesco BulletShares 2033 Municipal Bond ETF,USD,"The Invesco BulletShares 2033 Municipal Bond ETF seeks to replicate the Invesco BulletShares USD Municipal Bond 2033 Index. It puts a minimum of 80% of total assets into the US dollar municipal bonds that make up that index, issued by US states, their agencies or local governments, each with an effective maturity falling in 2033. The fund is issued by Invesco and is designed to wind up around its target year, rather than offering perpetual exposure.",Fixed Income,Municipal Bonds,Invesco Investment Management,NGM,XNAS,US46139W7911,False
BSTS,Invesco BulletShares 2028 Treasury Bond ETF,USD,"Invesco BulletShares 2028 Treasury Bond ETF is a US-domiciled fund inside the Invesco self-indexed ETF trust, managed by Invesco Capital Management LLC and formed on June 10, 2026. It holds US dollar-denominated Treasuries due around December 15, 2028, and follows the ICE BulletShares 2028 US Treasury index through representative sampling.",Fixed Income,Treasury Bonds,Invesco Investment Management,NGM,XNAS,US46138J3389,False
BSTU,Invesco BulletShares 2030 Treasury Bond ETF,USD,"Invesco BulletShares 2030 Treasury Bond ETF is a US-domiciled fund inside the Invesco self-indexed ETF trust, managed by Invesco Capital Management LLC and formed on June 10, 2026. It holds investment-grade, US dollar-denominated Treasuries due around December 15, 2030, and follows the ICE BulletShares 2030 US Treasury index through representative sampling.",Fixed Income,Treasury Bonds,Invesco Investment Management,NGM,XNAS,US46138J3124,False
BSTV,Invesco BulletShares 2031 Treasury Bond ETF,USD,"Invesco BulletShares 2031 Treasury Bond ETF is a US-domiciled fund inside the Invesco self-indexed ETF trust, managed by Invesco Capital Management LLC and formed on June 10, 2026. It holds investment-grade, US dollar-denominated Treasuries due around December 15, 2031, and follows the ICE BulletShares 2031 US Treasury index through representative sampling.",Fixed Income,Treasury Bonds,Invesco Investment Management,NGM,XNAS,US46138J2969,False
BSVO,EA Bridgeway Omni Small-Cap Value ETF,USD,"The EA Bridgeway Omni Small-Cap Value ETF (the “Fund”) seeks to provide long-term total return on capital, primarily through capital appreciation. EA Bridgeway Omni Small-Cap Value ETF is an exchange-traded fund listed on the Nasdaq Global Market under the ticker BSVO and traded in USD. The fund is part of the Bridgeway Capital Management range. It is classified as Equities (Value).",Equities,Small Cap,Bridgeway Capital Management,NGM,XNAS,US02072L5324,False
BTDL,GraniteShares 2x Long BTDR Daily ETF,USD,"GraniteShares 2x Long BTDR Daily ETF is a leveraged fund targeting twice the daily performance of Bitdeer Technologies Group, before fees and expenses. Exposure comes mostly from swaps and holdings of the stock, with leverage reset each day. It is meant for short-term trading because it magnifies gains and losses alike.",Derivatives,Trading,Graniteshares,NGM,XNAS,US38747T3445,False
BTF,CoinShares Bitcoin and Ether ETF,USD,The Fund seeks to provide investors with capital appreciation. There can be no assurance that the Fund will achieve its investment objective. CoinShares Bitcoin and Ether ETF is an exchange-traded fund listed on the Nasdaq Global Market under the ticker BTF and traded in USD. The fund is part of the CoinShares range.,Alternatives,Alternative,CoinShares,NGM,XNAS,US91917A7028,False
BTGD,STKd 100% Bitcoin & 100% Gold ETF,USD,The STKd 100% Bitcoin & 100% Gold ETF (the “Fund”) seeks long-term capital appreciation. STKd 100% Bitcoin & 100% Gold ETF is an exchange-traded fund listed on the Nasdaq Global Market under the ticker BTGD and traded in USD. The fund is part of the STKd ETFs range.,Alternatives,Alternative,STKd ETFs,NGM,XNAS,US88636R8346,False
BUFC,AB Conservative Buffer ETF,USD,The Fund’s investment objective is to seek a conservative level of capital appreciation while providing the potential for some downside protection against market declines.,Derivatives,Large Cap,AllianceBernstein,NGM,XNAS,US00039J8062,False
BUFI,AB International Buffer ETF,USD,The Fund’s investment objective is to seek a moderate level of capital appreciation while providing the potential for some downside protection against market declines.,Derivatives,Large Cap,AllianceBernstein,NGM,XNAS,US00039J8146,False
BUFM,AB Moderate Buffer ETF,USD,The Fund’s investment objective is to seek a moderate level of capital appreciation while providing the potential for some downside protection against market declines.,Derivatives,Large Cap,AllianceBernstein,NGM,XNAS,US00039J7981,False
BUG,Global X Cybersecurity ETF,USD,"The investment seeks to provide investment results that correspond generally to the price and yield performance, before fees and expenses, of the Indxx Cybersecurity Index.
 The fund invests at least 80% of its total assets in the securities of the underlying index and in American Depositary Receipts (""ADRs"") and Global Depositary Receipts (""GDRs"") based on the securities in the underlying index. The underlying index is designed to provide exposure to exchange-listed companies that are positioned to benefit from increased adoption of cybersecurity technology. The fund is non-diversified.",Information Technology,Developed Markets,Global X Funds,NGM,XNAS,US37954Y3844,False
BULD,Pacer BlueStar Engineering the Future ETF,USD,Pacer BlueStar Engineering the Future ETF is an exchange-traded fund listed on the Nasdaq Global Market under the ticker BULD and traded in USD. The fund is part of the Pacer range. It is classified as Industrials (Developed Markets).,Equities,Developed Markets,Pacer,NGM,XNAS,US69374H4103,False
BULG,Leverage Shares 2X Long BULL Daily ETF,USD,"The Fund is an exchange traded fund (“ETF”) that seeks daily levered investment results, before fees and expenses, of two times (200%) of the daily percentage change in the price of the common stock of BULL. The Fund does not seek to achieve its stated investment objective for a period of time different than a trading day.",Derivatives,Trading,Leverage Shares,NGM,XNAS,US88340C3473,False
CACG,ClearBridge All Cap Growth ETF,USD,"The investment seeks to achieve long-term capital appreciation.
 The fund seeks to invest in a diversified portfolio of large, medium and small capitalization stocks that have the potential for above-average long-term earnings and/or cash flow growth. The fund's subadviser uses a bottom-up investment process that seeks to find inefficiently priced companies with strong fundamentals, incentive-driven management teams, dominant positions in niche markets and/or goods and services that are in high customer demand.",Equities,Growth,Franklin Templeton Investments,NGM,XNAS,US5246821012,True
CAFG,Pacer US Small Cap Cash Cows Growth Leaders ETF,USD,"The Pacer US Small Cap Cash Cows Growth Leaders ETF (the “Fund”) is an exchange traded fund (“ETF”) that seeks to track the performance, before fees and expenses, of the Pacer US Small Cap Cash Cows Growth Leaders Index (the “Index”).",Equities,Small Cap,Pacer,NGM,XNAS,US69374H3527,False
CAIQ,Calamos Nasdaq Autocallable Income ETF,USD,"The Calamos Nasdaq Autocallable Income ETF is an actively managed equity alternative fund seeking high, stable monthly income with reduced downside risk. It gains exposure through the MerQube Nasdaq-100 Vol Advantage Autocallable Index, which reflects a theoretical, laddered portfolio of synthetic autocallable notes with staggered entry points.",Derivatives,Large Cap,Calamos Investments,NGM,XNAS,US12811T5305,False
CANC,Tema Oncology ETF,USD,Tema Oncology ETF (the “Fund”) seeks to provide long-term growth. Tema Oncology ETF is an exchange-traded fund listed on the Nasdaq Global Market under the ticker CANC and traded in USD. The fund is part of the Tema ETFs range. It is classified as Health Care (Developed Markets).,Health Care,Developed Markets,Tema ETFs,NGM,XNAS,US87975E7013,False
CANQ,Calamos Nasdaq Equity & Income ETF,USD,"The Calamos Nasdaq Equity & Income ETF uses options to provide exposure to the growth of Nasdaq-100 companies, while cushioning against market declines with a dynamically managed fixed income portfolio. The approach combines substantial equity market participation with an emphasis on risk-adjusted performance.",Equities,Allocation,Calamos Investments,NGM,XNAS,US12811T5065,False
CARY,Angel Oak Income ETF,USD,The investment objective of the Angel Oak Income ETF (the “Fund”) is current income. Angel Oak Income ETF is an exchange-traded fund listed on the Nasdaq Global Market under the ticker CARY and traded in USD. The fund is part of the Angel Oak Capital Advisors range.,Fixed Income,,Angel Oak Capital Advisors,NGM,XNAS,US03463K7607,False
CARZ,First Trust NASDAQ Global Auto Index Fund,USD,"The investment seeks investment results that correspond generally to the price and yield (before the fund's fees and expenses) of an equity index called the NASDAQ OMX Global Auto Index(SM).
 The fund will normally invest at least 90% of its net assets (including investment borrowings) in the common stocks and depositary receipts that comprise the index. The index is designed to track the performance of the largest and most liquid companies engaged in the manufacturing of automobiles. The fund is non-diversified.",Information Technology,Developed Markets,First Trust Advisors,NGM,XNAS,US33734X3098,False
CCFE,Concourse Capital Focused Equity ETF,USD,The Concourse Capital Focused Equity ETF (the “Fund”) seeks to achieve long-term capital appreciation. Concourse Capital Focused Equity ETF is an exchange-traded fund listed on the Nasdaq Global Market under the ticker CCFE and traded in USD. The fund is part of the Concourse Capital Advisors range. It is classified as Equities (Blend).,Equities,Developed Markets,Concourse Capital Advisors,NGM,XNAS,US02072Q5154,False
CCML,Roundhill MLCC & Electronic Components ETF,USD,"The Roundhill MLCC & Electronic Components ETF is an actively managed fund giving targeted exposure to global makers of multilayer ceramic capacitors (MLCCs). These components store and release electrical charge for stable power delivery and are important for AI infrastructure, with demand rising as systems become more powerful.",Information Technology,Developed Markets,Roundhill Investments,NGM,XNAS,US77926Y8315,False
CCNR,ALPS/CoreCommodity Natural Resources ETF,USD,"The Fund seeks to maximize real returns, consistent with prudent investment management. ALPS/CoreCommodity Natural Resources ETF is an exchange-traded fund listed on the Nasdaq Global Market under the ticker CCNR and traded in USD. The fund is part of the ALPS ETF Trust range.",Equities,Developed Markets,ALPS ETF Trust,NGM,XNAS,US31761T8861,False
CCSO,Carbon Collective Climate Solutions U.S. Equity ETF,USD,Carbon Collective Climate Solutions U.S. Equity ETF (the “Fund”) seeks to achieve long-term capital appreciation. Carbon Collective Climate Solutions U.S. Equity ETF is an exchange-traded fund listed on the Nasdaq Global Market under the ticker CCSO and traded in USD. The fund is part of the Carbon Collective range. It is classified as Equities (Blend).,Equities,Developed Markets,Carbon Collective,NGM,XNAS,US88634T1051,False
CDC,VictoryShares US EQ Income Enhanced Volatility Wtd ETF,USD,"The investment seeks to provide investment results that track the performance of the Nasdaq Victory US Large Cap High Dividend 100 Long/Cash Volatility Weighted Index before fees and expenses.
 The fund seeks to achieve its investment objective by investing, under normal market conditions, at least 80% of its assets directly or indirectly in the securities included in the Nasdaq Victory US Large Cap 100 High Dividend Long/Cash Volatility Weighted Index. The index identifies the 100 highest dividend yielding stocks in the Nasdaq Victory US Large Cap 500 Volatility Weighted Index.",Equities,Developed Markets,Victory Capital,NGM,XNAS,US92647N8240,False
CDIG,City Different Investments Global Equity ETF,USD,"The City Different Investments Global Equity ETF mainly invests in shares of US-listed companies with market capitalizations above $500 million, found through a global screening process. Its method is disciplined, giving priority to intrinsic value and a clear growth trajectory.",Equities,Developed Markets,City Different Investments,NGM,XNAS,US02072Q3829,False
CEFA,Global X S&P Catholic Values Developed ex-U.S. ETF,USD,"The investment seeks to provide investment results that correspond generally to the price and yield performance, before fees and expenses, of the S&P Developed ex-U.S. Catholic Values Index.
 The fund invests at least 80% of its total assets, plus borrowings for investments purposes (if any), in the securities of the underlying index and in ADRs and GDRs based on the securities in the underlying index. The underlying index is designed to provide exposure to developed market equity securities outside the U.S. while maintaining alignment with the moral and social teachings of the Catholic Church. It is non-diversified.",Equities,Developed Markets,Global X Funds,NGM,XNAS,US37954Y3687,False
CEPI,REX Crypto Equity Premium Income ETF,USD,REX Crypto Equity Premium Income ETF is an exchange-traded fund listed on the Nasdaq Global Market under the ticker CEPI and traded in USD. The fund is part of the REX Shares range. It is classified as Derivatives (Large Cap).,Derivatives,Large Cap,REX Shares,NGM,XNAS,US26923N4390,False
CEY,VictoryShares Emerging Market High Div Volatility Wtd ETF,USD,"The investment seeks to provide investment results that track the performance of the Nasdaq Victory Emerging Market High Dividend 100 Volatility Weighted Index before fees and expenses.
 The fund seeks to achieve its investment objective by investing, under normal market conditions, at least 80% of its assets directly or indirectly in the securities included in the Nasdaq Victory Emerging Market High Dividend 100 Volatility Weighted Index (the ""index""). The index identifies the 100 highest dividend yielding stocks in the Nasdaq Victory Emerging Market 500 Volatility Weighted Index.",Equities,Developed Markets,Victory Capital,NGM,XNAS,,True
CEZ,VictoryShares Emerging Market Volatility Wtd ETF,USD,"The investment seeks to provide investment results that track the performance of the Nasdaq Victory Emerging Market 500 Volatility Weighted Index before fees and expenses.
 The fund seeks to achieve its investment objective by investing, under normal market conditions, at least 80% of its assets directly or indirectly in the securities included in the Nasdaq Victory Emerging Market 500 Volatility Weighted Index (the ""index""), an unmanaged, volatility weighted index maintained exclusively by the index provider. The index combines fundamental criteria with individual security risk control achieved through volatility weighting of individual securities.",Consumer Discretionary,Emerging Markets,Victory Capital,NGM,XNAS,,True
CFO,VictoryShares US 500 Enhanced Volatility Wtd ETF,USD,"The investment seeks to provide investment results that track the performance of the Nasdaq Victory US Large Cap 500 Long/Cash Volatility Weighted Index before fees and expenses.
 The fund seeks to achieve its investment objective by investing, under normal market conditions, at least 80% of its assets directly or indirectly in the securities included in the Nasdaq Victory US Large Cap 500 Long/Cash Volatility Weighted Index, an unmanaged, volatility weighted index maintained exclusively by the index provider. The index identifies the 500 largest U.S. stocks by market capitalization measured at the time the index's constituent securities are determined.",Equities,Developed Markets,Victory Capital,NGM,XNAS,US92647N7820,False
CGPT,VegaShares AI Inference ETF,USD,The VegaShares AI Inference ETF (the “Fund”) seeks capital appreciation. VegaShares AI Inference ETF is an exchange-traded fund listed on the Nasdaq Global Market under the ticker CGPT and traded in USD. The fund is part of the VegaShares range. It is classified as Information Technology (Developed Markets).,Equities,Developed Markets,VegaShares,NGM,XNAS,US88636N7003,False
CHIP,REX AI Chipmaking ETF,USD,The Fund seeks investment results that correspond generally to the price and yield (before the Fund’s fees and expenses) of an index comprised of companies enabling the AI chipmaking industry.,Equities,Developed Markets,REX Shares,NGM,XNAS,US7615628184,False
CHPS,Xtrackers Semiconductor Select Equity ETF,USD,"The fund seeks investment results that correspond generally to the performance, before fees and expenses, of the Solactive Semiconductor Focus Index. Xtrackers Semiconductor Select Equity ETF is an exchange-traded fund listed on the Nasdaq Global Market under the ticker CHPS and traded in USD. The fund is part of the Xtrackers range. It is classified as Information Technology (Developed Markets).",Information Technology,Developed Markets,Xtrackers,NGM,XNAS,US23306X8864,False
CHPX,Global X AI Semiconductor & Quantum ETF,USD,"The Global X AI Semiconductor & Quantum ETF (""Fund"") seeks to provide investment results that correspond generally to the price and yield performance, before fees and expenses, of the Global X AI Semiconductor & Quantum Index (the ""Underlying Index"").",Equities,Developed Markets,Global X Funds,NGM,XNAS,US37960A2309,False
CHRI,Global X S&P 500 Christian Values ETF,USD,"The Global X S&P 500 ® Christian Values ETF (the ""Fund"") seeks investment results that correspond generally to the price and yield performance, before fees and expenses, of the S&P 500 ® Christian Values Screened Index (the ""Underlying Index"").",Equities,Large Cap,Global X Funds,NGM,XNAS,US37960A2481,False
CIFG,Leverage Shares 2X Long CIFR Daily ETF,USD,"The Leverage Shares 2X Long CIFR Daily ETF is a 2x daily leveraged, bullish fund for active investors seeking to amplify short-term returns. It aims for a daily performance equal to two times that of CIFR stock, before fees and operating expenses.",Derivatives,Trading,Leverage Shares,NGM,XNAS,US88340F8370,False
CIL,VictoryShares International Volatility Wtd ETF,USD,"The investment seeks to provide investment results that track the performance of the Nasdaq Victory International 500 Volatility Weighted Index before fees and expenses.
 The fund seeks to achieve its investment objective by investing, under normal market conditions, at least 80% of its assets directly or indirectly in the securities included in the Nasdaq Victory International 500 Volatility Weighted Index, an unmanaged, volatility weighted index maintained exclusively by the index provider. The index identifies the 500 largest foreign companies by market capitalization measured at the time the index's constituent securities are determined.",Equities,Developed Markets,Victory Capital,NGM,XNAS,US92647N8406,False
CIZ,VictoryShares Developed Enhanced Volatility Wtd ETF,USD,"The investment seeks to track the performance of the Nasdaq Victory International 500 Long/Cash Volatility Weighted Index before fees and expenses.
 The fund seeks to achieve its investment objective by investing, under normal market conditions, at least 80% of its assets directly or indirectly in the securities included in the Nasdaq Victory International 500 Long/Cash Volatility Weighted Index, an unmanaged, volatility weighted index maintained exclusively by the index provider. The index identifies the 500 largest foreign companies by market capitalization measured at the time the index's constituent securities are determined.",Materials,,Victory Capital,NGM,XNAS,US92647N8166,True
CLOA,iShares AAA CLO Active ETF,USD,The iShares AAA CLO Active ETF aims to preserve capital and provide steady income. It invests mainly in US dollar-denominated collateralized loan obligations (CLOs) rated AAA.,Fixed Income,Corporate Bonds,BlackRock Asset Management,NGM,XNAS,US0925285043,False
CLOD,Themes Cloud Computing ETF,USD,"The Themes Cloud Computing ETF (the “Fund”) is an exchange traded fund (“ETF”) that seeks to track the performance, before fees and expenses, of an index composed of companies that have business operations in the field of cloud computing.",Information Technology,Developed Markets,Themes ETFs,NGM,XNAS,US8829272058,False
CLOU,Global X Cloud Computing ETF Global X Cloud Computing ETF,USD,"The investment seeks to provide investment results that correspond generally to the price and yield performance, before fees and expenses, of the Indxx Global Cloud Computing Index.
 The fund invests at least 80% of its total assets in the securities of the underlying index and in American Depositary Receipts (""ADRs"") and Global Depositary Receipts (""GDRs"") based on the securities in the underlying index. The underlying index is designed to provide exposure to exchange-listed companies that are positioned to benefit from the increased adoption of cloud computing technology. It is non-diversified.",Information Technology,Developed Markets,Global X Funds,NGM,XNAS,US37954Y4420,False
CLRG,IQ Chaikin U.S. Large Cap ETF,USD,"The investment seeks investment results that track (before fees and expenses) the price and yield performance of the Nasdaq Chaikin Power US Large Cap Index (the ""underlying index"").
 The underlying index is an equally weighted index of large-capitalization securities. The fund generally will invest in all of the securities that comprise its underlying index in proportion to their weightings in the underlying index. It invests, under normal circumstances, at least 80% of the value of its assets (net assets plus the amount of any borrowings for investment purposes) in securities of large-capitalization U.S. issuers.",Equities,Large Cap,Alpha Architect,NGM,XNAS,,True
CLSM,ETC Cabana Target Leading Sector Moderate ETF,USD,The ETC Cabana Target Leading Sector Moderate ETF (the “Fund”) seeks to provide long-term growth. ETC Cabana Target Leading Sector Moderate ETF is an exchange-traded fund listed on the Nasdaq Global Market under the ticker CLSM and traded in USD. The fund is part of the Cabana range. It is classified as Equities (Blend).,Equities,Allocation,Cabana,NGM,XNAS,US30151E6243,False
CMBO,Wayfinder Dynamic U.S. Interest Rate ETF,USD,"The Wayfinder Dynamic U.S. Interest Rate ETF is designed to mimic the risk profile of the short-term US Treasury bill market, covering maturities of up to 12 months. It builds box spreads, which are synthetic paired long and short positions on an equity index, using exchange-listed or FLEX options.",Equities,Developed Markets,Wayfinder,NGM,XNAS,US75526L7534,False
CNCR,Loncar Cancer Immunotherapy ETF,USD,"The investment seeks to track the total return performance, before fees and expenses, of the Loncar Cancer Immunotherapy Index.
 The index is composed of the common stock of approximately 30 pharmaceutical or biotechnology companies identified by the fund's index provider, as having a high strategic focus on the development of drugs that harness the body's own immune system to fight cancer. The adviser attempts to invest all, or substantially all, of its assets in the component securities and ADRs that make up the index. Normally it will invest at least 80% of its total assets in the component securities of the index. The fund is non-diversified.",Health Care,Developed Markets,Loncar Investments,NGM,XNAS,US26922A8264,False
CNQQ,Rayliant-ChinaAMC Transformative China Tech ETF,USD,"Rayliant-ChinaAMC Transformative China Tech ETF, a US-domiciled member of Rayliant Funds Trust, was formed on September 26, 2025 and is managed by Rayliant Investment Research. Its holdings span growth and value stocks of varied size in China, Hong Kong and Ireland, across consumer discretionary, retail, industrials, transportation and information technology. Full replication is used to follow the Solactive ChinaAMC Transformative China Tech benchmark.",Equities,Emerging Markets,Rayliant,NGM,XNAS,US7546401008,False
COIG,Leverage Shares 2X Long COIN Daily ETF,USD,"The Fund is an exchange traded fund (“ETF”) that seeks daily levered investment results, before fees and expenses, of two times (200%) of the daily percentage change in the price of the common stock of COIN. The Fund does not seek to achieve its stated investment objective for a period of time different than a trading day.",Derivatives,Trading,Leverage Shares,NGM,XNAS,US8829276356,False
CONI,GraniteShares 2x Short COIN Daily ETF,USD,"The Fund seeks daily investment results, before fees and expenses, of -2 times (-200%) the daily percentage change of the common stock of Coinbase Global, Inc. Class A (NASDAQ: COIN).",Derivatives,Trading,Graniteshares,NGM,XNAS,,False
CONL,GraniteShares 2x Long COIN Daily ETF,USD,"The Fund seeks daily investment results, before fees and expenses, of 2 times (200%) the daily percentage change of the common stock of Coinbase Global, Inc. Class A (NASDAQ: COIN).",Derivatives,Trading,Graniteshares,NGM,XNAS,US38747R8016,False
COPJ,Sprott Junior Copper Miners ETF,USD,"The Sprott Junior Copper Miners ETF normally places a minimum of 80% of total assets in the securities of its tracking index. The index follows companies drawing at least half their revenue or assets from copper mining, exploration, development and production, and generally holds a limited number of smaller names.",Materials,Developed Markets,Sprott,NGM,XNAS,US85208P5017,False
COPP,Sprott Copper Miners ETF,USD,"The Sprott Copper Miners ETF normally allocates a minimum of 80% of total assets to the holdings of its reference index. That index mirrors the results of companies earning half or more of their revenue or assets from key stages of copper operations such as mining, exploration, development and production.",Materials,Developed Markets,Sprott,NGM,XNAS,US85208P8813,False
CORO,iShares International Country Rotation Active ETF,USD,"The iShares International Country Rotation Active ETF seeks flexible exposure to both developed and emerging countries. It normally puts a minimum of 80% of net assets into securities of issuers with economic ties to non-US countries, and in derivatives giving similar exposure.",Equities,Developed Markets,BlackRock Asset Management,NGM,XNAS,US09290C7645,False
COTG,Leverage Shares 2X Long COST Daily ETF,USD,"The Fund is an exchange traded fund (“ETF”) that seeks daily levered investment results, before fees and expenses, of two times (200%) of the daily percentage change in the price of the common stock of COST. The Fund does not seek to achieve its stated investment objective for a period of time different than a trading day.",Derivatives,Trading,Leverage Shares,NGM,XNAS,US8829272470,False
COWG,Pacer US Large Cap Cash Cows Growth Leaders ETF,USD,"The Pacer US Large Cap Cash Cows Growth Leaders ETF (the “Fund”) is an exchange traded fund (“ETF”) that seeks to track the performance, before fees and expenses, of the Pacer US Large Cap Cash Cows Growth Leaders Index (the “Index”).",Information Technology,Large Cap,Pacer,NGM,XNAS,US69374H3600,False
COYY,GraniteShares YieldBOOST COIN ETF,USD,"The Fund’s primary investment objective is to achieve 2 times (200%) the income generated from selling options on Coinbase Global, Inc.’s Class A common stock (NASDAQ: COIN) (the “Underlying Stock”) by selling options on leveraged exchange-traded funds designed to deliver 2 times (200%) the daily performance of the Underlying Stock (the “Underlying Leveraged ETF”). The Fund’s secondary investment objective is to gain exposure to the performance of the Underlying Leveraged ETF, subject to a cap on potential investment gains. A downside protection may be implemented which could affect the net income level.",,,Graniteshares,NGM,XNAS,US38747T5671,False
CPAG,F/m Compoundr U.S. Aggregate Bond ETF,USD,"The F/m Compoundr U.S. Aggregate Bond ETF aims to deliver the total return characteristics of US investment-grade aggregate bonds, without receiving or reinvesting dividend income, by allocating to other exchange-traded funds. Adviser F/m Investments LLC normally puts a minimum of 80% of net assets into this strategy.",Fixed Income,Investment Grade Bonds,F/m Investments,NGM,XNAS,US74933W1484,False
CPHY,F/m Compoundr High Yield Bond ETF,USD,"The F/m Compoundr High Yield Bond ETF aims to mirror the total return of high-yield corporate bonds, without receiving or reinvesting dividend income, by investing in other exchange-traded funds. Adviser F/m Investments LLC normally commits a minimum of 80% of net assets to this strategy.",Fixed Income,High Yield Bonds,F/m Investments,NGM,XNAS,US74933W1559,False
CPLS,AB Core Plus Bond ETF,USD,The Fund’s investment objective is to maximize total return through current income and long-term capital appreciation. AB Core Plus Bond ETF is an exchange-traded fund listed on the Nasdaq Global Market under the ticker CPLS and traded in USD. The fund is part of the AllianceBernstein range. It is classified as Fixed Income (Blend).,Fixed Income,Blend,AllianceBernstein,NGM,XNAS,US00039J8559,False
CPTL,Global X Morningstar Capital Allocation Leaders ETF,USD,"The Global X Morningstar Capital Allocation Leaders ETF (the ""Fund"") seeks to provide investment results that correspond generally to the price and yield performance, before fees and expenses, of the Morningstar ® US Capital Allocation Leaders Index (the ""Underlying Index"").",Equities,Developed Markets,Global X Funds,NGM,XNAS,,False
CRAM,Defiance China Memory ETF,USD,"Defiance China Memory ETF (the “Fund”) seeks to track the performance, before fees and expenses, of the BITA China Memory Index (the “Index”). Defiance China Memory ETF is an exchange-traded fund listed on the Nasdaq Global Market under the ticker CRAM and traded in USD. The fund is part of the Defiance ETFs range. It is classified as Information Technology (Emerging Markets).",Equities,Emerging Markets,Defiance ETFs,NGM,XNAS,US88637M8001,False
CRCG,Leverage Shares 2X Long CRCL Daily ETF,USD,"The Fund is an exchange traded fund (“ETF”) that seeks daily levered investment results, before fees and expenses, of two times (200%) of the daily percentage change in the price of the common stock of CRCL. The Fund does not seek to achieve its stated investment objective for a period of time different than a trading day.",Derivatives,Trading,Leverage Shares,NGM,XNAS,US88340C1642,False
CRMG,Leverage Shares 2X Long CRM Daily ETF,USD,"The Fund is an exchange traded fund (“ETF”) that seeks daily levered investment results, before fees and expenses, of two times (200%) of the daily percentage change in the price of the common stock of CRM. The Fund does not seek to achieve its stated investment objective for a period of time different than a trading day.",Derivatives,Trading,Leverage Shares,NGM,XNAS,US8829273387,False
CRMU,Leverage Shares 2x Long CRML Daily ETF,USD,"Leverage Shares 2x Long CRML Daily ETF, trading as CRMU, is a daily-leveraged fund for active investors. It aims to deliver 200% of the daily price moves of CRML stock, before fees and operating costs, magnifying short-term gains.",Derivatives,Trading,Leverage Shares,NGM,XNAS,US88340W3016,False
CROB,Defiance China Robotics ETF,USD,"The Defiance China Robotics ETF (the “Fund”) seeks to track the total return performance, before fees and expenses, of the Solactive China Humanoid Robotics Index (the “Index”).",Equities,Emerging Markets,Defiance ETFs,NGM,XNAS,US26922B2951,False
CRWL,GraniteShares 2x Long CRWD Daily ETF,USD,"The Fund seeks daily investment results, before fees and expenses, of 2 times (200%) the daily percentage change of the common stock of CrowdStrike Holdings Inc (NASDAQ: CRWD).",Derivatives,Trading,Graniteshares,NGM,XNAS,US38747R6457,False
CSB,VictoryShares US Small Cap High Div Volatility Wtd ETF,USD,"The investment seeks to provide investment results that track the performance of the Nasdaq Victory US Small Cap High Dividend 100 Volatility Weighted Index.
 The fund seeks to achieve its investment objective by investing, under normal market conditions, at least 80% of its assets directly or indirectly in the securities included in the Nasdaq Victory US Small Cap High Dividend 100 Volatility Weighted Index, an unmanaged, volatility weighted index maintained exclusively by the index provider. The index identifies the 100 highest dividend yielding stocks in the Nasdaq Victory US Small Cap 500 Volatility Weighted Index.",Equities,Small Cap,Victory Capital,NGM,XNAS,US92647N8737,False
CSCL,Direxion Daily CSCO Bull 2X ETF,USD,"The Fund seeks daily investment results, before fees and expenses, of 200% of the daily performance of CSCO. The Fund does not seek to achieve its stated investment objective for a period of time different than a trading day.",Derivatives,Trading,Direxion Funds,NGM,XNAS,US25461A2886,False
CSCS,Direxion Daily CSCO Bear 1X ETF,USD,"The Fund seeks daily investment results, before fees and expenses, of 100% of the inverse (or opposite) of the daily performance of CSCO. The Fund does not seek to achieve its stated investment objective for a period of time different than a trading day.",Derivatives,Trading,Direxion Funds,NGM,XNAS,US25461A2621,False
CSEN,Cohen & Steers Future of Energy Active ETF,USD,The Cohen & Steers Future of Energy Active ETF is an actively managed fund seeking attractive total return consisting of current income plus price appreciation.,Equities,Developed Markets,Cohen & Steers,NGM,XNAS,US19249U6091,False
CSF,VictoryShares US Discovery Enhanced Volatility Wtd ETF,USD,"The investment seeks investment results that match the performance of the Nasdaq Victory US Small Cap 500 Long/Cash Volatility Weighted Index before fees and expenses.
 The fund seeks to achieve its investment objective by investing, under normal market conditions, at least 80% of its assets directly or indirectly in the securities included in the Nasdaq Victory US Small Cap 500 Long/Cash Volatility Weighted Index. The index identifies the 500 largest U.S. companies with market capitalizations of less than $3 billion measured at the time the index's constituent securities are determined.",Equities,Developed Markets,Victory Capital,NGM,XNAS,,False
CWY,GraniteShares YieldBOOST CRWV ETF,USD,GraniteShares YieldBOOST CRWV ETF is an exchange-traded fund listed on the Nasdaq Global Market under the ticker CWY and traded in USD. The fund is part of the Graniteshares range. It is classified as Derivatives (Large Cap).,,,Graniteshares,NGM,XNAS,US38747T6745,False
DADS,Digital Asset Debt Strategy ETF,USD,"The Digital Asset Debt Strategy ETF (the “Fund”) seeks long-term capital appreciation and, secondarily, income. Digital Asset Debt Strategy ETF is an exchange-traded fund listed on the Nasdaq Global Market under the ticker DADS and traded in USD.",Equities,Developed Markets,,NGM,XNAS,US8863641572,False
DAK,Dakota Active Equity ETF,USD,The Dakota Active Equity ETF (the “Fund”) seeks to achieve capital appreciation. Dakota Active Equity ETF is an exchange-traded fund listed on the Nasdaq Global Market under the ticker DAK and traded in USD. It is classified as Equities (Blend).,Equities,Developed Markets,,NGM,XNAS,US02072Q5568,False
DALI,First Trust Dorsey Wright DALI 1 ETF,USD,"The investment seeks investment results that correspond generally to the price and yield (before the fund's fees and expenses) of an index called the Nasdaq Dorsey Wright DALI 1 Index.
 Under normal conditions, the fund will invest at least 90% of its net assets (including investment borrowings) in the equity securities that comprise the index. The index has been designed based upon the principle that the asset class exhibiting the highest levels of ""relative strength,"" based on current prices, will be the asset class with the best performance over the near term. It is non-diversified.",Equities,Developed Markets,First Trust Advisors,NGM,XNAS,US33738R7127,False
DECO,State Street Galaxy Digital Asset Ecosystem ETF,USD,The State Street Galaxy Digital Asset Ecosystem ETF (the “Fund”) seeks to provide long term capital appreciation. State Street Galaxy Digital Asset Ecosystem ETF is an exchange-traded fund listed on the Nasdaq Global Market under the ticker DECO and traded in USD. The fund is part of the State Street Global Advisors range.,Equities,Developed Markets,State Street Global Advisors,NGM,XNAS,US78470P6557,False
DFGP,Dimensional Global Core Plus Fixed Income ETF,USD,The investment objective of the Dimensional Global Core Plus Fixed Income ETF (the “Global Core Plus Fixed Income ETF” or “Portfolio”) is to seek to maximize total returns. Total return is comprised of income and capital appreciation.,Fixed Income,Blend,Dimensional Fund Advisors,NGM,XNAS,US25434V5839,False
DFGX,Dimensional International Core Fixed Income ETF,USD,The investment objective of the Dimensional International Core Fixed Income ETF (the “International Core Fixed Income ETF” or “Portfolio”) is to seek to maximize total returns. Total return is comprised of income and capital appreciation.,Fixed Income,Blend,Dimensional Fund Advisors,NGM,XNAS,US25434V5755,False
DGCB,Dimensional Global Credit ETF,USD,The investment objective of the Dimensional Global Credit ETF (the “Global Credit ETF” or “Portfolio”) is to seek to maximize total returns. Total return is comprised of income and capital appreciation.,Fixed Income,Corporate Bonds,Dimensional Fund Advisors,NGM,XNAS,US25434V5672,False
DGLO,First Trust RBA Deglobalization ETF,USD,The First Trust RBA Deglobalization ETF (the “Fund”) seeks investment results that correspond generally to the price and yield (before the Fund’s fees and expenses) of an index called the Richard Bernstein Advisors U.S. Deglobalization Index (the “Index”).,Equities,Developed Markets,First Trust Advisors,NGM,XNAS,US33738R5634,False
DGRE,WisdomTree Emerging Markets Quality Dividend Growth Fund,USD,"The investment seeks income and capital appreciation.
 The fund seeks to achieve its investment objective by investing primarily in emerging market dividend-paying common stocks with growth characteristics. The adviser, using a disciplined model-based process focused on a long-term approach to investing, seeks to identify dividend-paying companies with strong corporate profitability and sustainable growth characteristics. The fund is non-diversified.",Equities,Factors,WisdomTree Asset Management,NGM,XNAS,US97717W3236,False
DGRS,WisdomTree U.S. SmallCap Quality Dividend Growth Fund,USD,"The investment seeks to track the price and yield performance, before fees and expenses, of the WisdomTree U.S. SmallCap Quality Dividend Growth Index.
 The index is a fundamentally weighted index that consists of the small-capitalization segment of dividend-paying U.S. common stocks with growth characteristics. Under normal circumstances, at least 80% of the fund's total assets (exclusive of collateral held from securities lending) will be invested in component securities of the index and investments that have economic characteristics that are substantially identical to the economic characteristics of such component securities. It is non-diversified.",Equities,Factors,WisdomTree Asset Management,NGM,XNAS,US97717X6519,False
DIME,CoinShares Altcoins ETF,USD,The Fund seeks to provide capital appreciation. CoinShares Altcoins ETF is an exchange-traded fund listed on the Nasdaq Global Market under the ticker DIME and traded in USD. The fund is part of the CoinShares range.,,,CoinShares,NGM,XNAS,US91917A6038,False
DINE,Simplify Tax Aware Diversified Income Strategy ETF,USD,"Simplify Tax Aware Diversified Income Strategy ETF is a US-domiciled fund overseen by Simplify Asset Management Inc. It invests only in American equities, bonds, currencies and commodities. Derivatives, including swaps, are used throughout and a quantitative process drives construction. The equity portion favors lower-volatility stocks across sectors and sizes, while bond exposure is to high-yield debt.",Equities,Developed Markets,Simplify Asset Management,NGM,XNAS,US82889N1862,False
DIVD,Altrius Global Dividend ETF,USD,The Altrius Global Dividend ETF (the “Fund”) seeks long-term capital growth of capital and income. Altrius Global Dividend ETF is an exchange-traded fund listed on the Nasdaq Global Market under the ticker DIVD and traded in USD. The fund is part of the Altrius range. It is classified as Equities (Factors).,Equities,Developed Markets,Altrius,NGM,XNAS,US02072L6561,False
DLCU,U.S. Large Company Portfolio: ETF Class Shares,USD,"The Dimensional US Large Company ETF, the ETF share class of the U.S. Large Company Portfolio, aims to approximate the total return of the S&P 500 Index. It generally holds the index's stocks in roughly the same proportions as the index.",Equities,Developed Markets,Dimensional Fund Advisors,NGM,XNAS,US25434D4685,False
DLLL,GraniteShares 2x Long DELL Daily ETF,USD,"The Fund seeks daily investment results, before fees and expenses, of 2 times (200%) the daily percentage change of the common stock of Dell Technologies Inc. (NYSE: DELL).",Derivatives,Trading,Graniteshares,NGM,XNAS,US38747R5616,False
DRNZ,REX Drone ETF,USD,The Fund seeks investment results that correspond generally to the price and yield (before the Fund’s fees and expenses) of an index called the VettaFi Drone Index SM (the “Index”).,Equities,Developed Markets,REX Shares,NGM,XNAS,US7615625032,False
DTCR,Global X Data Center & Digital Infrastructure ETF,USD,"The Global X Data Center & Digital Infrastructure ETF (""Fund"") seeks to provide investment results that correspond generally to the price and yield performance, before fees and expenses, of the Solactive Data Center REITs & Digital Infrastructure Index (""Underlying Index"").",Equities,Developed Markets,Global X Funds,NGM,XNAS,US37954Y2366,False
DUKX,Ocean Park International ETF,USD,The Ocean Park International ETF uses a proprietary trend-following method to invest in non-US global equity ETFs that are unaffiliated with the fund. Those underlying funds may be passively or actively managed and can hold equities of any size in developed markets outside the US and in emerging markets.,Equities,Developed Markets,Ocean Park,NGM,XNAS,US66538J3243,False
DUOG,Leverage Shares 2X Long DUOL Daily ETF,USD,"Leverage Shares 2x Long DUOL Daily ETF, trading as DUOG, offers active investors doubled bullish exposure to the one-day moves of DUOL stock. It aims for 200% of the stock's daily price changes, net of operating costs and charges, to magnify short-term gains.",Derivatives,Trading,Leverage Shares,NGM,XNAS,US88340C1493,False
DUSG,U.S. Small Cap Growth Portfolio: ETF Class Shares,USD,"U.S. Small Cap Growth Portfolio: ETF Class Shares belongs to DFA Investment Dimensions Group Inc. Dimensional Fund Advisors L.P. launched and oversees this open-ended equity mutual fund, established in the US on December 20, 2012. It buys growth stocks of small American companies across varied sectors, and its benchmarks are the Russell 2000 Growth and Russell 3000 indexes.",Equities,Small Cap,Dimensional Fund Advisors,NGM,XNAS,US25239Y2467,False
DVAL,BrandywineGLOBAL-Dynamic US Large Cap Value ETF,USD,BrandywineGLOBAL-Dynamic US Large Cap Value ETF is an exchange-traded fund listed on the Nasdaq Global Market under the ticker DVAL and traded in USD. The fund is part of the Franklin Templeton Investments range. It is classified as Equities (Value).,Equities,Value,Franklin Templeton Investments,NGM,XNAS,US35473P4625,False
DVGR,DAC 3D Dividend Growth ETF,USD,The DAC 3D Dividend Growth ETF (the “Fund”) seeks capital appreciation and current income. DAC 3D Dividend Growth ETF is an exchange-traded fund listed on the Nasdaq Global Market under the ticker DVGR and traded in USD. The fund is part of the Dividend Assets Capital range. It is classified as Equities (Factors).,Equities,Growth,Dividend Assets Capital,NGM,XNAS,US02072Q2839,False
DVOL,First Trust Dorsey Wright Momentum & Low Volatility ETF,USD,"The investment seeks investment results that correspond generally to the price and yield (before the fund's fees and expenses) of an index called the Dorsey Wright Momentum Plus Low Volatility Index (the ""index"").
 Under normal conditions, the fund will invest at least 90% of its net assets (including investment borrowings) in the equity securities that comprise the index. The index is a rules-based equity index designed to track the overall performance of the 50 stocks comprising the NASDAQ US Large Mid Index that exhibit the lowest levels of volatility while still maintaining high levels of ""relative strength."" The fund is non-diversified.",Equities,Factors,First Trust Advisors,NGM,XNAS,US33741L1089,False
DVQQ,WEBs QQQ Defined Volatility ETF,USD,"WEBs QQQ Defined Volatility ETF follows an index based on the Invesco QQQ ETF that aims to hold annual volatility at 22%. Each day the index checks QQQ's 21-day volatility and shifts exposure between 0% and 200%: it adds exposure through total return swaps when volatility is lower than target, and cuts it with cash when higher. QQQ itself tracks the NASDAQ-100 Index of 100 of the largest non-financial Nasdaq companies.",Equities,Developed Markets,,NGM,XNAS,US87166N8829,False
DVSP,WEBs SPY Defined Volatility ETF,USD,"WEBs SPY Defined Volatility ETF follows an index built on the SPDR S&P 500 ETF that aims to hold annual volatility at 20%. Each day the index checks SPY's 21-day volatility and moves exposure between 0% and 200%, adding it through total return swaps when volatility is below target and trimming it with cash when above. SPY itself tracks the S&P 500 Index of 500 committee-selected US large-cap companies.",Equities,Developed Markets,,NGM,XNAS,US87166N8746,False
DVY,iShares Select Dividend ETF,USD,"The investment seeks to track the investment results of the Dow Jones U.S. Select Dividend Index composed of relatively high dividend paying U.S. equities.
 The fund generally invests at least 90% of its assets in securities of the underlying index and in depositary receipts representing securities of the underlying index. The underlying index measures the performance of the U.S.'s leading stocks by dividend yield.",Equities,Developed Markets,BlackRock Asset Management,NGM,XNAS,US4642871689,False
DWAW,AdvisorShares Dorsey Wright FSM All Cap World ETF,USD,"The investment seeks to provide long-term capital appreciation with capital preservation as a secondary objective.
 The fund is an actively managed exchange-traded fund (""ETF"") that is primarily a ""fund of funds."" The Advisor seeks to achieve it's investment objective by investing in ETFs that invest primarily in domestic and foreign equity securities of any capitalization, including in emerging markets. The fund invests in fixed income ETFs with a short or ultra-short duration, money market funds, cash and cash equivalents (""Defensive Investments""). It may invest in affiliated and unaffiliated ETFs.",Equities,Developed Markets,AdvisorShares,NGM,XNAS,US00768Y4796,False
DWFI,SPDR Dorsey Wright Fixed Income Allocation ETF,USD,"The investment seeks to provide investment results that, before fees and expenses, correspond generally to the price and yield performance of the Dorsey Wright Fixed Income Allocation Index.
 The index is comprised of exchange-traded funds advised by SSGA Funds Management, Inc. The selection universe for the index includes U.S.-listed fixed income ETFs advised by SSGA FM or its affiliates that are designed to target exposure to fixed income securities. The fund invests at least 80%, of its total assets in securities comprising the index. It is non-diversified.",Fixed Income,,State Street Global Advisors,NGM,XNAS,,True
DWPP,First Trust Dorsey Wright People's Portfolio ETF,USD,"The investment seeks investment results that correspond generally to the price and yield of an index called the Nasdaq Dorsey Wright People's Portfolio Index.
 The fund will normally invest at least 80% of its total assets in the common stocks or an exchange-traded fund (""ETF"") that comprise the index. The index is a modified market-capitalization weighted index designed to tactically allocate exposure to one of three allocations: (i) Nasdaq US 500 Large Cap Index; (ii) Nasdaq US 500 Large Cap Equal Weight Index; or (iii) First Trust Enhanced Short Maturity ETF (""FTSM"") (each, an ""Underlying Allocation""), based on daily relative strength readings.",Equities,Allocation,First Trust Advisors,NGM,XNAS,,False
DWUS,AdvisorShares Dorsey Wright FSM US Core ETF,USD,"The investment seeks to provide long-term capital appreciation with capital preservation as a secondary objective.
 The fund is an actively managed exchange-traded fund (""ETF"") that is primarily a ""fund of funds."" The Advisor seeks to achieve it's investment objective by investing in ETFs that invest primarily in domestic large capitalization equity securities. The fund invests in fixed income ETFs with a short or ultra-short duration, money market funds, cash and cash equivalents (""Defensive Investments""). It may invest in affiliated and unaffiliated ETFs. Under normal circumstances, the fund invests at least 80% of its net assets in U.S. investments.",Equities,Developed Markets,AdvisorShares,NGM,XNAS,US00768Y4879,False
DYFI,IDX Dynamic Fixed Income ETF,USD,IDX Dynamic Fixed Income ETF is an exchange-traded fund listed on the Nasdaq Global Market under the ticker DYFI and traded in USD. The fund is part of the IDX range. It is classified as Fixed Income (Blend).,Fixed Income,Blend,IDX,NGM,XNAS,US26923N6601,False
DYNB,Hartford Dynamic Bond ETF,USD,"The Fund seeks to provide long-term total return. YOUR EXPENSES. The table below describes the fees and expenses that you may pay if you buy, hold and sell shares of the Fund. You may pay other fees, such as brokerage commissions and other fees to financial intermediaries, which are not reflected in the table or the example below.",Fixed Income,Blend,Hartford Mutual Funds,NGM,XNAS,US41653L8422,False
DYTA,SGI Dynamic Tactical ETF,USD,SGI Dynamic Tactical ETF is an exchange-traded fund listed on the Nasdaq Global Market under the ticker DYTA and traded in USD. The fund is part of the SGI range. It is classified as Alternatives (Blend).,Equities,Developed Markets,SGI,NGM,XNAS,US74933W5774,False
EART,Global X Rare Earth & Critical Materials ETF,USD,"The Global X Rare Earth & Critical Materials ETF (formerly known as the Global X Disruptive Materials ETF) (the ""Fund"") seeks to provide investment results that correspond generally to the price and yield performance, before fees and expenses, of the Solactive Rare Earth and Critical Materials Index (the ""Underlying Index"").",Equities,Developed Markets,Global X Funds,NGM,XNAS,US37960A8678,False
EASY,Liberty One Defensive Dividend Growth ETF,USD,"The Liberty One Defensive Dividend Growth ETF invests in large-cap US corporations with a long record of paying and raising dividends. The adviser particularly favors companies it considers resilient in economic downturns, whose products stay in demand even in weak periods.",Equities,Growth,Liberty One,NGM,XNAS,US90214Q4698,False
EBI,Longview Advantage ETF,USD,Longview Advantage ETF is an exchange-traded fund listed on the Nasdaq Global Market under the ticker EBI and traded in USD. The fund is part of the Longview Advantage range.,Equities,Developed Markets,Longview Advantage,NGM,XNAS,US75526L8524,False
ECHX,Leverage Shares 2X Long ECHO Daily ETF,USD,"The Leverage Shares 2X Long ECHO Daily ETF gives bullish, leveraged exposure to the shares of EchoStar Corporation through swap agreements. It seeks daily leveraged exposure equal to 200% of net assets, rebalancing each day, and is intended for tactical short-term use, not for holding over the long run. Because of compounding, returns can deviate from 2x over longer periods.",Derivatives,Trading,Leverage Shares,NGM,XNAS,US88340F4072,False
ECOW,Pacer Emerging Markets Cash Cows 100 ETF,USD,"The investment seeks to track the total return performance, before fees and expenses, of the Pacer Emerging Markets Cash Cows 100 Index.
 The index uses an objective, rules-based methodology to provide exposure to large and mid-capitalization companies in emerging markets with high free cash flow yields. Under normal circumstances, at least 80% of the fund's total assets (exclusive of collateral held from securities lending) will be invested in the component securities of the index and investments that have economic characteristics that are substantially identical to the economic characteristics of such component securities. It is non-diversified.",Equities,Emerging Markets,Pacer,NGM,XNAS,US69374H8658,False
EDOC,Global X Telemedicine & Digital Health ETF,USD,"The investment seeks to provide investment results that correspond generally to the price and yield performance, before fees and expenses, of the Solactive Telemedicine & Digital Health Index.
 The index is designed to provide exposure to exchange-listed companies that are positioned to benefit from further advances in the field of telemedicine and digital health, as well as applications thereof (collectively, ""Telemedicine & Digital Health Companies""), as defined by Solactive AG, the provider of the index. The Adviser uses a ""passive"" or indexing approach to try to achieve the fund's investment objective. The fund is non-diversified.",Equities,Developed Markets,Global X Funds,NGM,XNAS,,False
EEE,CYBER HORNET S&P 500 and Ethereum 75/25 Strategy ETF,USD,"The CYBER HORNET S&P 500 ® and Ethereum 75/25 Strategy ETF (the “Fund”) seeks to replicate, before fees and expenses, the total return of the S&P 500 ® and S&P Ethereum 75/25 Blend Index (the “Index”), an index by Standard & Poor’s.",Equities,Developed Markets,Cyber Hornet ETFs,NGM,XNAS,US68190A2033,False
EEMA,iShares MSCI Emerging Markets Asia ETF,USD,"The investment seeks to track the investment results of the MSCI EM Asia Custom Capped Index.
 The fund generally will invest at least 90% of its assets in the component securities of the underlying index and in investments that have economic characteristics that are substantially identical to the component securities of the underlying index. The underlying index is designed to measure equity market performance in the emerging market countries of Asia. It will include large- and mid-capitalization companies and may change over time.",Equities,Developed Markets,BlackRock Asset Management,NGM,XNAS,US4642864262,False
EFAS,Global X MSCI SuperDividend EAFE ETF,USD,"The investment seeks to provide investment results that correspond generally to the price and yield performance, before fees and expenses, of the MSCI EAFE Top 50 Dividend Index (""underlying index"").
 The fund invests at least 80% of its total assets in the securities of the underlying index. The underlying index tracks the performance of 50 equally-weighted companies that rank among the highest dividend yielding equity securities in Europe, Australasia and the Far East, as defined by MSCI, the provider of the underlying index (""index provider"").",Equities,Developed Markets,Global X Funds,NGM,XNAS,US37954Y6995,False
EFRA,iShares Environmental Infrastructure and Industrials ETF,USD,"The iShares Environmental Infrastructure and Industrials ETF (the “Fund”) seeks to track the investment results of an index composed of U.S. and non-U.S. companies that provide infrastructure and industrials solutions aiming to support energy efficiency and emissions mitigation, pollution reduction or land and resource optimization.",Industrials,Developed Markets,BlackRock Asset Management,NGM,XNAS,US46436E2542,False
EGGQ,NestYield Visionary ETF,USD,The Fund’s primary investment objective is to seek long-term growth. The Fund’s secondary investment objective is to seek current income. NestYield Visionary ETF is an exchange-traded fund listed on the Nasdaq Global Market under the ticker EGGQ and traded in USD. The fund is part of the NestYield range.,Equities,Developed Markets,NestYield,NGM,XNAS,US45259A6964,False
EHLS,Even Herd Long Short ETF,USD,The Even Herd Long Short ETF (the “Fund”) seeks long-term capital appreciation. Even Herd Long Short ETF is an exchange-traded fund listed on the Nasdaq Global Market under the ticker EHLS and traded in USD. The fund is part of the Even Herd range. It is classified as Alternatives (Blend).,Derivatives,Trading,Even Herd,NGM,XNAS,US88636J5433,False
EKG,First Trust Nasdaq Lux Digital Health Solutions ETF,USD,The First Trust Nasdaq Lux Digital Health Solutions ETF (the “Fund”) seeks investment results that correspond generally to the price and yield (before the Fund’s fees and expenses) of an equity index called the Nasdaq Lux Health Tech TM Index (the “Index”).,Health Care,Developed Markets,First Trust Advisors,NGM,XNAS,US33719L1061,False
ELFY,ALPS Electrification Infrastructure ETF,USD,"The ALPS Electrification Infrastructure ETF puts a minimum of 80% of net assets into the securities of its underlying index. That index uses a rules-based method developed by Ladenburg Thalmann Index, LLC to measure large- and mid-cap listed companies positioned to benefit from electrification.",Equities,Developed Markets,ALPS ETF Trust,NGM,XNAS,US00162Q3386,False
ELIL,Direxion Daily LLY Bull 2X ETF,USD,"The Fund seeks daily investment results, before fees and expenses, of 200% of the daily performance of LLY. The Fund does not seek to achieve its stated investment objective for a period of time different than a trading day.",Derivatives,Trading,Direxion Funds,NGM,XNAS,US25461A3124,False
ELOL,Leverage Shares 100% TSLA AND 100% SPCX Daily ETF,USD,"Leverage Shares 100% TSLA and 100% SPCX Daily is a Nasdaq-listed ETF for active traders. Under one ticker it provides approximately full daily exposure to Tesla, Inc. and, simultaneously, full daily exposure to SpaceX.",Derivatives,Trading,Leverage Shares,NGM,XNAS,US88340F2746,False
EMEM,Sophus Capital Emerging Market ETF,USD,The Sophus Capital Emerging Market ETF (the “Fund”) seeks to provide long-term capital appreciation. Sophus Capital Emerging Market ETF is an exchange-traded fund listed on the Nasdaq Global Market under the ticker EMEM and traded in USD. The fund is part of the Sophus Capital range. It is classified as Equities (Emerging Markets).,Equities,Developed Markets,Sophus Capital,NGM,XNAS,US26824D1000,False
EMEQ,Nomura Focused Emerging Markets Equity ETF,USD,"? Nomura Focused Emerging Markets Equity ETF seeks to provide long-term capital appreciation. What are the Fund’s fees and expenses? The following table describes the fees and expenses that you will incur if you buy, hold, and sell shares of the Fund. You may also incur other fees, such as usual and customary brokerage commissions and other fees to financial intermediaries, which are not reflected in the table and the Example below.",Equities,Developed Markets,Nomura Asset Management,NGM,XNAS,US5559275087,False
EMIF,iShares Emerging Markets Infrastructure ETF,USD,"The investment seeks to track the investment results of the S&P Emerging Markets Infrastructure IndexTM, which is designed to track the performance of 30 of the largest publicly listed companies in the infrastructure industry in emerging markets.
 The fund generally will invest at least 90% of its assets in the component securities of the index and in investments that have economic characteristics that are substantially identical to the component securities of the index and may invest up to 10% of its assets in certain futures, options and swap contracts, cash and cash equivalents, as well as in securities not included in the index. It is non-diversified.",Equities,Emerging Markets,BlackRock Asset Management,NGM,XNAS,US4642882165,False
EMSC,Sophus Capital Emerging Market Small Cap ETF,USD,The Sophus Capital Emerging Market Small Cap ETF (the “Fund”) seeks to provide long-term capital appreciation. Sophus Capital Emerging Market Small Cap ETF is an exchange-traded fund listed on the Nasdaq Global Market under the ticker EMSC and traded in USD. The fund is part of the Sophus Capital range. It is classified as Equities (Emerging Markets).,Equities,Small Cap,Sophus Capital,NGM,XNAS,US26824D2099,False
EMXC,iShares MSCI Emerging Markets ex China ETF,USD,"The investment seeks to track the investment results of the MSCI Emerging Markets ex China Index (the ""underlying index"").
 The fund generally will invest at least 90% of its assets in the component securities (including indirect investments through an underlying fund) of the underlying index. The underlying index is a free float-adjusted market capitalization weighted index that captures large- and mid-capitalization stocks across 25 of the 26 Emerging Markets countries (as defined by MSCI Inc. (the ""index provider"" or ""MSCI"")), excluding China.",Equities,Developed Markets,BlackRock Asset Management,NGM,XNAS,US46434G7640,False
EMXF,iShares ESG Advanced MSCI EM ETF,USD,"The investment seeks to track the investment results of the MSCI Emerging Markets Choice ESG Screened 5% Issuer Capped Index.
 The index is a free float-adjusted market capitalization-weighted index designed to reflect the equity performance of large- and mid-capitalization emerging market companies with favorable ESG ratings while applying extensive screens, including removing fossil fuel exposure. The fund generally will invest at least 90% of its assets in the component securities of the index and in investments that have economic characteristics that are substantially identical to the component securities of the index. It is non-diversified.",Equities,Emerging Markets,BlackRock Asset Management,NGM,XNAS,US46436E7426,False
ENDW,Cambria Endowment Style ETF,USD,The Cambria Endowment Style ETF (the “Fund”) seeks income and capital appreciation. Cambria Endowment Style ETF is an exchange-traded fund listed on the Nasdaq Global Market under the ticker ENDW and traded in USD. The fund is part of the Cambria ETF Trust range. It is classified as Alternatives (Blend).,Equities,Developed Markets,Cambria ETF Trust,NGM,XNAS,US02072Q6228,False
ENHE,iShares Enhanced Emerging Markets Active ETF,USD,"The iShares Enhanced Emerging Markets Active ETF is actively managed and seeks long-term capital growth while keeping tracking error low relative to the MSCI Emerging Markets Index. It invests mainly in emerging market equities and relies on in-house quantitative return-forecast models to spot mispricing, selectively overweighting and underweighting stocks.",Equities,Developed Markets,BlackRock Asset Management,NGM,XNAS,US09290C6324,False
ENHI,iShares Enhanced International Active ETF,USD,iShares Enhanced International Active ETF is an actively managed fund that aims to produce returns above those of the MSCI EAFE Index.,Equities,Developed Markets,BlackRock Asset Management,NGM,XNAS,US09290C6241,False
ENHU,iShares Enhanced Large Cap Core Active ETF,USD,iShares Enhanced Large Cap Core Active is an actively managed fund aiming to produce returns higher than the Russell 1000 index.,Equities,Large Cap,BlackRock Asset Management,NGM,XNAS,US09290C6571,False
EQQQ,ProShares Ultra QQQ Equal Weight,USD,ProShares Ultra QQQ Equal Weight is an exchange-traded fund listed on the Nasdaq Global Market under the ticker EQQQ and traded in USD. The fund is part of the ProShares range. It is classified as Derivatives (Large Cap).,Derivatives,Trading,ProShares,NGM,XNAS,US74350U5184,False
EQRR,ProShares Equities for Rising Rates ETF,USD,"The investment seeks investment results, before fees and expenses, that track the performance of the Nasdaq U.S. Large Cap Equities for Rising Rates Index (the ""index"").
 The fund invests in securities that ProShare Advisors believes, in combination, should track the performance of the index. Under normal circumstances, the fund will invest at least 80% of its total assets in component securities. The index consists of 50 companies whose stock prices historically have tended to outperform the Universe during periods of rising interest rates.",Equities,Developed Markets,ProShares,NGM,XNAS,US74347B3915,False
ERET,iShares Environmentally Aware Real Estate ETF,USD,The iShares Environmentally Aware Real Estate ETF (the “Fund”) seeks to track the investment results of an index composed of developed market real estate equities while targeting increased exposure to green certification and energy efficiency relative to the parent index.,Real Estate,REITs,BlackRock Asset Management,NGM,XNAS,US46436E2708,False
ESGD,iShares ESG Aware MSCI EAFE ETF,USD,"The investment seeks to track the investment results of the MSCI EAFE Extended ESG Focus Index.
 The fund generally will invest at least 90% of its assets in the component securities of the underlying index and in investments that have economic characteristics that are substantially identical to the component securities of the underlying index. The underlying index is composed of large- and mid-capitalization developed market equities, excluding the U.S. and Canada that have positive environmental, social and governance characteristics as identified by the index provider while exhibiting risk and return characteristics similar to those of the parent index.",Equities,Developed Markets,BlackRock Asset Management,NGM,XNAS,US46435G5163,False
ESMV,iShares ESG Optimized MSCI USA Min Vol Factor ETF,USD,"The iShares ESG Optimized MSCI USA Min Vol Factor ETF (the “Fund”) seeks to track the investment results of an index composed of U.S. large- and mid-capitalization equities that, in aggregate, have lower volatility characteristics, reduced carbon exposure and improved environmental, social and governance quality characteristics relative to the parent index.",Equities,Factors,BlackRock Asset Management,NGM,XNAS,US46436E4456,False
ESN,Essential 40 Stock ETF,USD,"The primary investment objective of the Essential 40 Stock ETF (the “Fund”) is to seek to track, before fees and expenses, the performance of the Essential 40 Stock Index.",Equities,Developed Markets,,NGM,XNAS,US6649257085,False
ESPO,VanEck Vectors Video Gaming and eSports ETF,USD,"The investment seeks to replicate as closely as possible, before fees and expenses, the price and yield performance of the MVIS® Global Video Gaming & eSports Index (the ""index"").
 The fund normally invests at least 80% of its total assets in securities that comprise the fund's benchmark index. The index is a global index that tracks the performance of the global video gaming and eSports (also known as electronic sports) segment. The fund may invest in depositary receipts and securities denominated in foreign currencies. It is non-diversified.",Communication Services,Developed Markets,VanEck Asset Management,NGM,XNAS,US92189F1140,False
EUFN,iShares MSCI Europe Financials ETF,USD,"The investment seeks to track the investment results of the MSCI Europe Financials Index composed of developed market European equities in the financials sector.
 The fund generally will invest at least 90% of its assets in the component securities of the underlying index and in investments that have economic characteristics that are substantially identical to the component securities of the underlying index. The index is a free float-adjusted market capitalization-weighted index designed to measure the combined equity market performance of the financials sector of developed market countries in Europe.",Financials,Developed Markets,BlackRock Asset Management,NGM,XNAS,US4642891802,False
EVMT,Invesco Electric Vehicle Metals Commodity Strategy No K-1 ETF,USD,"Invesco's Electric Vehicle Metals Commodity Strategy fund is an actively managed ETF seeking long-term capital appreciation via commodity-linked futures and related instruments. These provide exposure to a range of metals needed for making electric vehicles, stressing upstream materials like cobalt, aluminum, nickel, iron ore and copper. It aims to outperform the S&P GSCI Electric Vehicle Metals benchmark.",Commodities,,Invesco Investment Management,NGM,XNAS,US46090F2092,False
EVPF,Eaton Vance Preferred Securities and Income ETF,USD,Eaton Vance Preferred Securities and Income ETF is an exchange-traded fund listed on the Nasdaq Global Market under the ticker EVPF and traded in USD. The fund is part of the Eaton Vance range. It is classified as Fixed Income (Corporate Bonds).,Fixed Income,Corporate Bonds,Eaton Vance,NGM,XNAS,US61774R1142,False
EVSD,Eaton Vance Short Duration Income ETF,USD,"The Eaton Vance Short Duration Income ETF began operating after the MSIFT Short Duration Income Portfolio mutual fund converted into an ETF. It invests across a broad range of fixed income securities and aims to keep average portfolio duration at three years or less, using an actively managed, proprietary strategy.",Fixed Income,Blend,Eaton Vance,NGM,XNAS,US61774R8253,False
EVYM,Eaton Vance High Income Municipal ETF,USD,Eaton Vance High Income Municipal ETF (the “Fund”) seeks to provide high current income exempt from regular federal income tax. Eaton Vance High Income Municipal ETF is an exchange-traded fund listed on the Nasdaq Global Market under the ticker EVYM and traded in USD. The fund is part of the Eaton Vance range. It is classified as Fixed Income (Municipal Bonds).,Fixed Income,Municipal Bonds,Eaton Vance,NGM,XNAS,US61774R7834,False
EWEB,Global X Emerging Markets Internet & E-commerce ETF,USD,"The investment seeks to provide investment results that correspond generally to the price and yield performance, before fees and expenses, of the Nasdaq CTA Emerging Markets Internet & E-commerce Net Total Return Index.
 The fund invests at least 80% of its total assets, plus borrowings for investments purposes (if any), in the securities of the index and in ADRs and GDRs based on the securities in the index. The index is designed to provide exposure to exchange-listed companies that are expected to benefit from further adoption of internet and e-commerce technologies in emerging markets countries. The fund is non-diversified.",Equities,Emerging Markets,Global X Funds,NGM,XNAS,,False
EWJE,iShares MSCI Japan Equal Weighted ETF,USD,"The investment seeks to track the investment results of the MSCI Japan Equal Weighted Index (USD) composed of equal weighted Japanese equities.
 The index is designed to represent an alternative weighting methodology to its market capitalization-weighted parent index, the MSCI Japan Index (the ""parent index""). The fund generally will invest at least 90% of its assets in the component securities of the underlying index and in investments that have economic characteristics that are substantially identical to the component securities of the underlying index. It is non-diversified.",Equities,Factors,BlackRock Asset Management,NGM,XNAS,,True
EWJV,iShares MSCI Japan Value ETF,USD,"The investment seeks to track the investment results of the MSCI Japan Value Index (USD).
 The index is a free float weighted index consisting of large- and mid- capitalization Japanese securities exhibiting overall value style characteristics. The fund generally will invest at least 90% of its assets in the component securities of the underlying index and in investments that have economic characteristics that are substantially identical to the component securities of the underlying index and may invest up to 10% of its assets in certain futures, options and swap contracts, cash and cash equivalents. It is non-diversified.",Equities,Value,BlackRock Asset Management,NGM,XNAS,US46435U3749,False
EWZS,iShares MSCI Brazil Small-Cap ETF,USD,"The investment seeks to track the investment results of the MSCI Brazil Small Cap Index.
 The fund generally will invest at least 90% of its assets in the component securities of the underlying index and in investments that have economic characteristics that are substantially identical to the component securities of the underlying index. The index is a free float-adjusted market capitalization-weighted index designed to measure primarily the performance of equity securities of small capitalization companies listed on stock exchanges in Brazil.",Equities,Small Cap,BlackRock Asset Management,NGM,XNAS,US4642891315,False
EXUS,Nomura Focused International Core ETF,USD,"? Nomura Focused International Core ETF seeks to provide capital growth and appreciation. What are the Fund’s fees and expenses? The following table describes the fees and expenses that you will incur if you buy, hold, and sell shares of the Fund. You may also incur other fees, such as usual and customary brokerage commissions and other fees to financial intermediaries, which are not reflected in the table and the Example below.",Equities,Developed Markets,Nomura Asset Management,NGM,XNAS,US5559276077,False
EZMO,AlphaDroid Broad Markets Momentum ETF,USD,"The AlphaDroid ® Broad Markets Momentum ETF (the “Broad Markets ETF” or the “Fund”) seeks to track the total return performance, before fees and expenses, of the AlphaDroid ® EZ-MO Broad Markets Momentum Index (“Broad Markets Index” or the “Index”).",Equities,Allocation,AlphaDroid,NGM,XNAS,US53656H7695,False
EZRO,AlphaDroid Defensive Sector Rotation ETF,USD,"The AlphaDroid ® Defensive Sector Rotation ETF (the “Defensive Sector ETF” or the “Fund”) seeks to track the total return performance, before fees and expenses, of the AlphaDroid ® EZ-RO Defensive Sector Rotation Index (“Defensive Sector Index” or the “Index”).",Equities,Allocation,AlphaDroid,NGM,XNAS,US53656H7513,False
FAAA,Fidelity AAA CLO ETF,USD,Fidelity AAA CLO ETF is an exchange-traded fund listed on the Nasdaq Global Market under the ticker FAAA and traded in USD. The fund is part of the Fidelity Investments range. It is classified as Fixed Income (Corporate Bonds).,Fixed Income,Corporate Bonds,Fidelity Investments,NGM,XNAS,US3161888389,False
FAB,First Trust Multi Cap Value AlphaDEX Fund,USD,"The investment seeks investment results that correspond generally to the price and yield (before the fund's fees and expenses) of the Nasdaq AlphaDEX® Multi Cap Value Index.
 The fund will normally invest at least 90% of its net assets (including investment borrowings) in the common stocks that comprise the index. The index is designed to select value stocks from the NASDAQ US 500 Large Cap Index, NASDAQ US 600 Mid Cap Index and NASDAQ US 700 Small Cap Index that may generate positive alpha, or risk-adjusted returns, relative to traditional indices through the use of the AlphaDEX® selection methodology.",Equities,Allocation,First Trust Advisors,NGM,XNAS,US33733C1080,False
FALN,iShares Fallen Angels USD Bond ETF,USD,"The investment seeks to track the investment results of the Bloomberg Barclays US High Yield Fallen Angel 3% Capped Index composed of U.S. dollar-denominated, high yield corporate bonds that were previously rated investment grade.
 The fund generally will invest at least 90% of its assets in the component securities of the index and may invest up to 10% of its assets in certain futures, options and swap contracts, cash and cash equivalents. The index is designed to reflect the performance of U.S. dollar denominated, high yield corporate bonds that were previously rated investment grade.",Fixed Income,High Yield Bonds,BlackRock Asset Management,NGM,XNAS,US46435G4745,False
FBL,GraniteShares 2x Long META Daily ETF,USD,"The Fund seeks daily investment results, before fees and expenses, of 2 times (200%) the daily percentage change of the common stock of Meta Platforms, Inc. Class A (NASDAQ: META).",Derivatives,Trading,Graniteshares,NGM,XNAS,US38747R8438,False
FBOT,Fidelity Disruptive Automation ETF,USD,Fidelity Disruptive Automation ETF is an exchange-traded fund listed on the Nasdaq Global Market under the ticker FBOT and traded in USD. The fund is part of the Fidelity Investments range. It is classified as Information Technology (Developed Markets).,Equities,Developed Markets,Fidelity Investments,NGM,XNAS,US3160921702,False
FBYY,GraniteShares YieldBOOST META ETF,USD,"The Fund’s primary investment objective is to achieve 2 times (200%) the income generated from selling options on Meta Platforms, Inc.’s common stock Class A (NASDAQ: META) (the “Underlying Stock”) by selling options on leveraged exchange-traded funds designed to deliver 2 times (200%) the daily performance of the Underlying Stock (the “Underlying Leveraged ETF”). The Fund’s secondary investment objective is to gain exposure to the performance of the Underlying Leveraged ETF, subject to a cap on potential investment gains. A downside protection may be implemented which could affect the net income level.",,,Graniteshares,NGM,XNAS,US38747R3140,False
FBZ,First Trust Brazil AlphaDEX Fund,USD,"The investment seeks investment results that correspond generally to the price and yield (before the fund's fees and expenses) of an equity index called the NASDAQ AlphaDEX® Brazil Index.
 The fund will normally invest at least 90% of its net assets (including investment borrowings) in the common stocks, depositary receipts, real estate investment trusts (""REITs"") and preferred shares that comprise the index. The index is designed to select stocks from the NASDAQ Brazil Index (the ""base index"") that may generate positive alpha, or risk-adjusted returns, relative to traditional indices through the use of the AlphaDEX® selection methodology.",Equities,Emerging Markets,First Trust Advisors,NGM,XNAS,US33737J1337,False
FCA,First Trust China AlphaDEX Fund,USD,"The investment seeks investment results that correspond generally to the price and yield (before the fund's fees and expenses) of an equity index called the NASDAQ AlphaDEX® China Index.
 The fund will normally invest at least 90% of its net assets (including investment borrowings) in the common stocks, depositary receipts, real estate investment trusts (""REITs"") and preferred shares that comprise the index. The index is designed to select stocks from the NASDAQ China Index (the ""base index"") that may generate positive alpha, or risk-adjusted returns, relative to traditional indices through the use of the AlphaDEX® selection methodology.",Equities,Emerging Markets,First Trust Advisors,NGM,XNAS,US33737J1410,False
FCLO,Fidelity CLO ETF,USD,Fidelity CLO ETF is an exchange-traded fund listed on the Nasdaq Global Market under the ticker FCLO and traded in USD. The fund is part of the Fidelity Investments range. It is classified as Fixed Income (Corporate Bonds).,Fixed Income,Corporate Bonds,Fidelity Investments,NGM,XNAS,US31609A8595,False
FCTE,SMI 3Fourteen Full-Cycle Trend ETF,USD,SMI 3Fourteen Full-Cycle Trend ETF is an exchange-traded fund listed on the Nasdaq Global Market under the ticker FCTE and traded in USD. The fund is part of the SMI Advisory Services range. It is classified as Alternatives (Blend).,Equities,Large Cap,SMI Advisory Services,NGM,XNAS,US26923N5124,False
FCXG,Leverage Shares 2x Long FCX Daily ETF,USD,"The Leverage Shares 2x Long FCX Daily ETF gives bullish, leveraged exposure to the shares of Freeport-McMoRan Inc. through swap agreements. It seeks daily leveraged exposure equal to 200% of net assets, rebalancing each day, and is intended for tactical short-term use, not for holding over the long run. Because of compounding, returns can deviate from 2x over longer periods.",Derivatives,Trading,Leverage Shares,NGM,XNAS,US88340W8221,False
FDCF,Fidelity Disruptive Communications ETF,USD,Fidelity Disruptive Communications ETF is an exchange-traded fund listed on the Nasdaq Global Market under the ticker FDCF and traded in USD. The fund is part of the Fidelity Investments range. It is classified as Communication Services (Developed Markets).,Equities,Developed Markets,Fidelity Investments,NGM,XNAS,US3160921629,False
FDFF,Fidelity Disruptive Finance ETF,USD,Fidelity Disruptive Finance ETF is an exchange-traded fund listed on the Nasdaq Global Market under the ticker FDFF and traded in USD. The fund is part of the Fidelity Investments range. It is classified as Financials (Developed Markets).,Financials,Developed Markets,Fidelity Investments,NGM,XNAS,US3160921546,False
FDIF,Fidelity Disruptors ETF,USD,Fidelity Disruptors ETF is an exchange-traded fund listed on the Nasdaq Global Market under the ticker FDIF and traded in USD. The fund is part of the Fidelity Investments range. It is classified as Equities (Blend).,Equities,Developed Markets,Fidelity Investments,NGM,XNAS,US3160921215,False
FDIG,Fidelity Crypto Industry and Digital Payments ETF,USD,Fidelity Crypto Industry and Digital Payments ETF is an exchange-traded fund listed on the Nasdaq Global Market under the ticker FDIG and traded in USD. The fund is part of the Fidelity Investments range. It is classified as Financials (Developed Markets).,Equities,Developed Markets,Fidelity Investments,NGM,XNAS,US3160921967,False
FDIQ,Invesco Bloomberg Financial Data Providers ETF,USD,The Invesco Bloomberg Financial Data Providers ETF (the “Fund”) seeks to track the investment results (before fees and expenses) of the Bloomberg Financial Data Providers Index (the “Underlying Index”).,Equities,Developed Markets,Invesco Investment Management,NGM,XNAS,US46138E5785,False
FDRS,Founder-Led ETF,USD,"The Founder-Led ETF holds 50 top US companies where a founder still leads. Companies can be any size, are weighted by market value, and no one stock may exceed 10%. Its underlying index is rebalanced and reviewed each quarter.",Equities,Developed Markets,Corgi ETFs,NGM,XNAS,US2189461013,False
FDRX,Founder-Led 2X Daily ETF,USD,"The Founder-Led 2x Daily ETF, part of Corgi ETF Trust I, aims to deliver 200% of the daily performance of the Founder-Led Index. That index comprises 50 US-listed companies where at least one original founder still holds a prominent executive role. The fund primarily uses derivative instruments to achieve its target.",Derivatives,Trading,Corgi ETFs,NGM,XNAS,US2189462003,False
FDTS,First Trust Developed Markets ex-US Small Cap AlphaDEX Fund,USD,"The investment seeks investment results that correspond generally to the price and yield of an equity index called the NASDAQ AlphaDEX® Developed Markets Ex-US Small Cap Index.
 The fund will normally invest at least 90% of its net assets (including investment borrowings) in the common stocks, depositary receipts, real estate investment trusts (""REITs"") and preferred shares that comprise the index. The index is designed to select stocks from the NASDAQ Developed Markets Ex-US Index that may generate positive alpha, or risk-adjusted returns, relative to traditional indices through the use of the AlphaDEX® selection methodology.",Equities,Small Cap,First Trust Advisors,NGM,XNAS,US33737J4067,False
FDTX,Fidelity Disruptive Technology ETF,USD,Fidelity Disruptive Technology ETF is an exchange-traded fund listed on the Nasdaq Global Market under the ticker FDTX and traded in USD. The fund is part of the Fidelity Investments range. It is classified as Information Technology (Developed Markets).,Information Technology,Developed Markets,Fidelity Investments,NGM,XNAS,US3160921397,False
FEMB,First Trust Emerging Markets Local Currency Bond ETF,USD,"The investment seeks maximum total return and current income.
 Under normal market conditions, the fund seeks to achieve its investment objective by investing at least 80% of its net assets (including investment borrowings) in bonds, notes and bills issued or guaranteed by entities incorporated or domiciled in emerging market countries (collectively, ""Bonds"") that are denominated in the local currency of the issuer. It is non-diversified.",Fixed Income,Emerging Markets,First Trust Advisors,NGM,XNAS,US33739P2020,False
FEPI,REX FANG & Innovation Equity Premium Income ETF,USD,REX FANG & Innovation Equity Premium Income ETF is an exchange-traded fund listed on the Nasdaq Global Market under the ticker FEPI and traded in USD. The fund is part of the REX Shares range. It is classified as Derivatives (Large Cap).,Derivatives,Large Cap,REX Shares,NGM,XNAS,US26923N7443,False
FEUZ,First Trust Eurozone AlphaDEX ETF,USD,"The investment seeks investment results that correspond generally to the price and yield of an index called the NASDAQ® AlphaDEX® Eurozone Index.
 The fund will normally invest at least 90% of its net assets (including investment borrowings) in the common stocks, depositary receipts, real estate investment trusts (""REITs"") and preferred shares that comprise the index. The index is designed to select stocks from the NASDAQ Eurozone Index that may generate positive alpha, or risk-adjusted returns, relative to traditional passive-style indices through the use of the AlphaDEX® selection methodology.",Equities,Developed Markets,First Trust Advisors,NGM,XNAS,US33737J5056,False
FFUT,Fidelity Managed Futures ETF,USD,Fidelity Managed Futures ETF is an exchange-traded fund listed on the Nasdaq Global Market under the ticker FFUT and traded in USD. The fund is part of the Fidelity Investments range. It is classified as Alternatives (Blend).,Information Technology,Developed Markets,Fidelity Investments,NGM,XNAS,US31624J6203,False
FGM,First Trust Germany AlphaDEX Fund,USD,"The investment seeks investment results that correspond generally to the price and yield (before the fund's fees and expenses) of an equity index called the NASDAQ AlphaDEX® Germany Index.
 The fund will normally invest at least 90% of its net assets (including investment borrowings) in the common stocks, depositary receipts, real estate investment trusts (""REITs"") and preferred shares that comprise the index. The index is designed to select stocks from the NASDAQ Germany Index (the ""base index"") that may generate positive alpha, or risk-adjusted returns, relative to traditional indices through the use of the AlphaDEX® selection methodology.",Equities,Developed Markets,First Trust Advisors,NGM,XNAS,US33737J1907,False
FGSI,FT Vest Growth Strength & Target Income ETF,USD,"The FT Vest Growth Strength & Target Income ETF (the ""Fund"") seeks to provide investors with current income with a secondary objective of providing capital appreciation.",Derivatives,Large Cap,First Trust Advisors,NGM,XNAS,US33738D7131,False
FICS,First Trust International Developed Cap Strength ETF,USD,"The investment seeks investment results that correspond generally to the price and yield of an index called The International Developed Capital Strength IndexSM.
 The fund seeks to achieve its investment objective by investing, under normal market conditions, at least 90% of its net assets in the common stocks and REITs that comprise the index. The index seeks to provide exposure to well-capitalized companies in the developed markets outside of the U.S. with strong market positions that have the potential to provide their stockholders with a greater degree of stability and performance over time. The fund is non-diversified.",Equities,Developed Markets,First Trust Advisors,NGM,XNAS,US33738R6624,False
FIGG,Leverage Shares 2x Long FIG Daily ETF,USD,"The Fund is an exchange traded fund (“ETF”) that seeks daily levered investment results, before fees and expenses, of two times (200%) of the daily percentage change in the price of the common stock of FIG. The Fund does not seek to achieve its stated investment objective for a period of time different than a trading day.",Derivatives,Trading,Leverage Shares,NGM,XNAS,US88340C1154,False
FIMU,Fidelity Intermediate Municipal Income ETF,USD,Fidelity Intermediate Municipal Income ETF is an exchange-traded fund listed on the Nasdaq Global Market under the ticker FIMU and traded in USD. The fund is part of the Fidelity Investments range. It is classified as Fixed Income (Municipal Bonds).,Fixed Income,Municipal Bonds,Fidelity Investments,NGM,XNAS,US31638R6595,False
FINX,Global X FinTech ETF,USD,"The investment seeks to provide investment results that correspond generally to the price and yield performance, before fees and expenses, of the Indxx Global Fintech Thematic Index.
 The fund invests at least 80% of its total assets in the securities of the underlying index. The underlying index is designed to provide exposure to exchange-listed companies in developed markets that provide financial technology products and services, including companies involved in mobile payments, peer-to-peer (P2P) and marketplace lending, financial analytics software and alternative currencies, as defined by the index provider. The fund is non-diversified.",Equities,Developed Markets,Global X Funds,NGM,XNAS,US37954Y8140,False
FINY,GraniteShares YieldBOOST Financials ETF,USD,"The Fund’s primary investment objective is to achieve 3 times (300%) the income generated from selling options on the Financial Select Sector Index (the “Underlying Index”) by selling options on leveraged exchange-traded funds designed to deliver 3 times (300%) the daily performance of the Underlying Index (the “Underlying Leveraged ETF”). The Fund’s secondary investment objective is to gain exposure to the performance of the Underlying Leveraged ETF, subject to a cap on potential investment gains. A downside protection may be implemented which could affect the net income level.",Financials,,Graniteshares,NGM,XNAS,US38747T6331,False
FIXD,First Trust TCW Opportunistic Fixed Income ETF,USD,"The investment seeks to maximize long-term total return.
 The fund pursues its objective by investing at least 80% of its net assets (including investment borrowings) in fixed income securities. It may invest up to 35% of its net assets in corporate, non-U.S. and non-agency debt and other securities rated below investment grade by one or more nationally recognized statistical rating organization (""NRSRO""), or, if unrated, judged to be of comparable quality by the Sub-Advisor.",Fixed Income,Corporate Bonds,First Trust Advisors,NGM,XNAS,US33740F8059,False
FIYY,GraniteShares YieldBOOST 20Y Treasuries ETF,USD,"The Fund’s primary investment objective is to achieve 3 times (300%) the income generated from selling options on the ICE U.S. Treasury 20+ Year Bond Index (the “Underlying Index”) by selling options on leveraged exchange-traded funds designed to deliver 3 times (300%) the daily performance of the Underlying Index (the “Underlying Leveraged ETF”). The Fund’s secondary investment objective is to gain exposure to the performance of the Underlying Leveraged ETF, subject to a cap on potential investment gains. A downside protection may be implemented which could affect the net income level.",Fixed Income,Treasury Bonds,Graniteshares,NGM,XNAS,US38747T6174,False
FLDB,Fidelity Low Duration Bond ETF,USD,Fidelity Low Duration Bond ETF is an exchange-traded fund listed on the Nasdaq Global Market under the ticker FLDB and traded in USD. The fund is part of the Fidelity Investments range. It is classified as Fixed Income (Blend).,Fixed Income,Blend,Fidelity Investments,NGM,XNAS,US3161888611,False
FLXN,Horizon Flexible Income ETF,USD,"Flexion Therapeutics, Inc., a biopharmaceutical company, focuses on the discovery, development, and commercialization of therapies for the treatment of patients with musculoskeletal conditions in the United States. The company offers ZILRETTA, an intra-articular injection for the management of osteoarthritis (OA) knee pain. It is also involved in the development of FX201, a gene therapy product candidate designed to provide on demand production of an anti-inflammatory protein, interleukin-1 receptor antagonist for pain relief from OA of the knee; and FX301, a NaV1.7 inhibitor for the management of post-operative pain. The company was founded in 2007 and is headquartered in Burlington, Massachusetts.",Fixed Income,,,NGM,XNAS,US44053A5231,False
FMB,First Trust Managed Municipal ETF,USD,"The investment seeks to generate current income that is exempt from regular federal income taxes and its secondary objective is long term capital appreciation.
 Under normal market conditions, the fund seeks to achieve its investment objectives by investing at least 80% of its net assets (including investment borrowings) in municipal debt securities that pay interest that is exempt from regular federal income taxes.",Fixed Income,Municipal Bonds,First Trust Advisors,NGM,XNAS,US33739N1081,False
FMED,Fidelity Disruptive Medicine ETF,USD,Fidelity Disruptive Medicine ETF is an exchange-traded fund listed on the Nasdaq Global Market under the ticker FMED and traded in USD. The fund is part of the Fidelity Investments range. It is classified as Health Care (Developed Markets).,Health Care,Developed Markets,Fidelity Investments,NGM,XNAS,US3160921470,False
FMET,Fidelity Metaverse ETF,USD,Fidelity Metaverse ETF is an exchange-traded fund listed on the Nasdaq Global Market under the ticker FMET and traded in USD. The fund is part of the Fidelity Investments range. It is classified as Information Technology (Developed Markets).,Equities,Developed Markets,Fidelity Investments,NGM,XNAS,US3160921884,False
FMTM,MarketDesk Focused U.S. Momentum ETF,USD,The MarketDesk Focused U.S. Momentum ETF (the “Fund”) seeks long-term capital appreciation. MarketDesk Focused U.S. Momentum ETF is an exchange-traded fund listed on the Nasdaq Global Market under the ticker FMTM and traded in USD. The fund is part of the MarketDesk range. It is classified as Equities (Factors).,Equities,Factors,MarketDesk,NGM,XNAS,US02072Q7622,False
FMUB,Fidelity Municipal Bond Opportunities ETF,USD,Fidelity Municipal Bond Opportunities ETF is an exchange-traded fund listed on the Nasdaq Global Market under the ticker FMUB and traded in USD. The fund is part of the Fidelity Investments range. It is classified as Fixed Income (Municipal Bonds).,Fixed Income,Municipal Bonds,Fidelity Investments,NGM,XNAS,US3161888538,False
FMUN,Fidelity Systematic Municipal Bond Index ETF,USD,Fidelity Systematic Municipal Bond Index ETF is an exchange-traded fund listed on the Nasdaq Global Market under the ticker FMUN and traded in USD. The fund is part of the Fidelity Investments range. It is classified as Fixed Income (Municipal Bonds).,Fixed Income,Municipal Bonds,Fidelity Investments,NGM,XNAS,US3161888462,False
FNX,First Trust Mid Cap Core AlphaDEX Fund,USD,"The investment seeks investment results that correspond generally to the price and yield (before the fund's fees and expenses) of an equity index called the Nasdaq AlphaDEX® Mid Cap Core Index.
 The fund will normally invest at least 90% of its net assets (including investment borrowings) in the common stocks that comprise the index. The index is designed to select stocks from the NASDAQ US 600 Mid Cap Index (the ""base index"") that may generate positive alpha, or risk-adjusted returns, relative to traditional indices through the use of the AlphaDEX® selection methodology.",Equities,Mid Cap,First Trust Advisors,NGM,XNAS,US33735B1089,False
FNY,First Trust Mid Cap Growth AlphaDEX Fund,USD,"The investment seeks investment results that correspond generally to the price and yield (before the fund's fees and expenses) of an equity index called the Nasdaq AlphaDEX® Mid Cap Growth Index.
 The fund will normally invest at least 90% of its net assets (including investment borrowings) in the common stocks that comprise the index. The index is designed to select growth stocks from the NASDAQ US 600 Mid Cap Index (the ""base index"") that may generate positive alpha, or risk-adjusted returns, relative to traditional indices through the use of the AlphaDEX® selection methodology.",Equities,Mid Cap,First Trust Advisors,NGM,XNAS,US33737M1027,False
FPA,First Trust Asia Pacific Ex-Japan AlphaDEX Fund,USD,"The investment seeks results that correspond generally to the price and yield (before the fund's fees and expenses) of an equity index called the NASDAQ AlphaDEX® Asia Pacific Ex-Japan Index.
 The fund will normally invest at least 90% of its net assets (including investment borrowings) in the common stocks, depositary receipts, real estate investment trusts (""REITs"") and preferred shares that comprise the index. The index is designed to select stocks from the NASDAQ Asia Pacific Ex-Japan Index that may generate positive alpha, or risk-adjusted returns, relative to traditional indices through the use of the AlphaDEX® selection methodology.",Equities,Emerging Markets,First Trust Advisors,NGM,XNAS,US33737J1097,False
FPXI,First Trust International Equity Opportunities ETF,USD,"The investment seeks investment results that correspond generally to the price and yield (before the fund's fees and expenses) of an index called the IPOX International Index.
 The fund will normally invest at least 90% of its net assets (including investment borrowings) in the common stocks and depositary receipts that comprise the index. The index is a market-cap weighted portfolio measuring the performance of the top 50 companies domiciled outside the United States ranked quarterly by market capitalization in the IPOX Global Composite Index and represents, on average, 25% of the total market capitalization of the base index. The fund is non-diversified.",Equities,Developed Markets,First Trust Advisors,NGM,XNAS,US33734X8535,False
FREI,Fidelity Real Estate Income ETF,USD,Fidelity Real Estate Income ETF is an exchange-traded fund listed on the Nasdaq Global Market under the ticker FREI and traded in USD. The fund is part of the Fidelity Investments range. It is classified as Real Estate (REITs).,Equities,Developed Markets,Fidelity Investments,NGM,XNAS,US31638A7485,False
FRWD,Nomura Transformational Technologies ETF,USD,"? Nomura Transformational Technologies ETF seeks to provide growth of capital. What are the Fund’s fees and expenses? The following table describes the fees and expenses that you will incur if you buy, hold, and sell shares of the Fund. You may also incur other fees, such as usual and customary brokerage commissions and other fees to financial intermediaries, which are not reflected in the table and the Example below.",Information Technology,Developed Markets,Nomura Asset Management,NGM,XNAS,US5559278628,False
FSCS,First Trust SMID Capital Strength ETF,USD,The First Trust SMID Capital Strength ETF (the “Fund”) seeks investment results that correspond generally to the price and yield (before the Fund’s fees and expenses) of an equity index called The SMID Capital Strength Index (the “Index”).,Equities,Mid Cap,First Trust Advisors,NGM,XNAS,US33738R7531,False
FSGS,First Trust SMID Growth Strength ETF,USD,The First Trust SMID Growth Strength ETF (the “Fund”) seeks investment results that correspond generally to the price and yield (before the Fund’s fees and expenses) of an equity index called The SMID Growth Strength Index (the “Index”).,Equities,Growth,First Trust Advisors,NGM,XNAS,US33738R7465,False
FSTB,Fidelity Short-Term Bond ETF,USD,Fidelity Short-Term Bond ETF is an exchange-traded fund listed on the Nasdaq Global Market under the ticker FSTB and traded in USD. The fund is part of the Fidelity Investments range. It is classified as Fixed Income (Blend).,Fixed Income,Blend,Fidelity Investments,NGM,XNAS,US31635W4042,False
FSZ,First Trust Switzerland AlphaDEX Fund,USD,"The investment seeks investment results that correspond generally to the price and yield (before the fund's fees and expenses) of an equity index called the NASDAQ AlphaDEX® Switzerland Index.
 The fund will normally invest at least 90% of its net assets (including investment borrowings) in the common stocks, depositary receipts, real estate investment trusts (""REITs"") and preferred shares that comprise the index. The index is designed to select stocks from the NASDAQ Switzerland Index (the ""base index"") that may generate positive alpha, or risk-adjusted returns, relative to traditional indices through the use of the AlphaDEX® selection methodology.",Equities,Developed Markets,First Trust Advisors,NGM,XNAS,US33737J2327,False
FTAG,First Trust Indxx Global Agriculture ETF,USD,"The investment seeks investment results that correspond generally to the price and yield (before the fund's fees and expenses) of an equity index called the Indxx Global Agriculture Index.
 The fund will normally invest at least 90% of its net assets (including investment borrowings) in the common stocks and depositary receipts that comprise the index. The index is a market capitalization weighted index designed to measure the performance of companies that are directly or indirectly engaged in improving agricultural yields. The fund is non-diversified.",Commodities,,First Trust Advisors,NGM,XNAS,US33734X8121,False
FTCS,First Trust Capital Strength ETF,USD,"The investment seeks investment results that correspond generally to the price and yield (before the fund's fees and expenses) of an equity index called the Capital Strength Index(SM).
 The fund will normally invest at least 90% of its net assets (including investment borrowings) in the common stocks and real estate investment trusts (""REITs"") that comprise the index. The index seeks to provide exposure to well-capitalized companies with strong market positions that have the potential to provide their stockholders with a greater degree of stability and performance over time.",Equities,Developed Markets,First Trust Advisors,NGM,XNAS,US33733E1047,False
FTDS,First Trust Dividend Strength ETF,USD,The First Trust Dividend Strength ETF (the “Fund”) seeks investment results that correspond generally to the price and yield (before the Fund’s fees and expenses) of an index called The Dividend Strength TM Index (the “Index”).,Equities,Developed Markets,First Trust Advisors,NGM,XNAS,US33733E7085,False
FTG,FullerThaler Behavioral Growth ETF,USD,The Fund seeks long term capital appreciation. FullerThaler Behavioral Growth ETF is an exchange-traded fund listed on the Nasdaq Global Market under the ticker FTG and traded in USD. The fund is part of the FullerThaler range. It is classified as Equities (Growth).,Equities,Growth,FullerThaler,NGM,XNAS,US14064D4363,False
FTGS,First Trust Growth Strength ETF,USD,The First Trust Growth Strength TM ETF (the “Fund”) seeks investment results that correspond generally to the price and yield (before the Fund’s fees and expenses) of an equity index called The Growth Strength TM Index (the “Index”).,Equities,Growth,First Trust Advisors,NGM,XNAS,US33733E8232,False
FTLB,First Trust Hedged BuyWrite Income ETF,USD,"The investment seeks to provide current income.
 The fund will pursue its objective by investing primarily in equity securities listed on U.S. exchanges and by utilizing an ""option strategy"" consisting of buying U.S. exchange-traded put options on the Standard & Poor's 500® Index (the ""index"") and writing (selling) U.S. exchange-traded covered call options on the index. The call options written by the fund will be a laddered portfolio of call options with expirations of less than one year, written at-the-money to slightly out-of-the-money. The fund is non-diversified.",Derivatives,,First Trust Advisors,NGM,XNAS,,True
FTQI,First Trust Nasdaq BuyWrite Income ETF,USD,The First Trust Nasdaq BuyWrite Income ETF’s (the “Fund”) investment objective is to provide current income. First Trust Nasdaq BuyWrite Income ETF is an exchange-traded fund listed on the Nasdaq Global Market under the ticker FTQI and traded in USD. The fund is part of the First Trust Advisors range. It is classified as Derivatives (Large Cap).,Derivatives,Large Cap,First Trust Advisors,NGM,XNAS,US33738R4074,False
FTRI,First Trust Indxx Global Natural Resources Income ETF,USD,"The investment seeks investment results that correspond generally to the price and yield (before the fund's fees and expenses) of an equity index called the Indxx Global Natural Resources Income Index.
 The fund will normally invest at least 90% of its net assets (including investment borrowings) in the common stocks and depositary receipts that comprise the index. The index is a free float adjusted market capitalization weighted index designed to measure the market performance of the 50 highest dividend yielding companies involved in the upstream segment of the natural resources sector. The fund is non-diversified.",Equities,Developed Markets,First Trust Advisors,NGM,XNAS,US33734X8386,False
FTSL,First Trust Senior Loan Fund,USD,"The investment seeks to provide high current income; the fund's secondary investment objective is the preservation of capital.
 Under normal market conditions, the fund seeks to outperform each of the primary index and secondary index by investing at least 80% of its net assets in first lien senior floating rate bank loans. The S&P/LSTA U.S. Leveraged Loan 100 Index (the ""primary index"") is a market value-weighted index designed to measure the performance of the largest segment of the U.S. syndicated leveraged loan market. The Markit iBoxx USD Liquid Leveraged Loan Index (the ""secondary index"") selects the 100 most liquid Senior Loans in the market.",Fixed Income,High Yield Bonds,First Trust Advisors,NGM,XNAS,US33738D3098,False
FTSM,First Trust Enhanced Short Maturity ETF,USD,"The investment seeks current income, consistent with preservation of capital and daily liquidity.
 Under normal market conditions, the Advisor intends to achieve its investment objective by investing at least 80% of its net assets in a portfolio of U.S. dollar-denominated fixed- and variable-rate debt securities. Normally the fund's portfolio is expected to have an average duration of less than one year and an average maturity of less than three years.",Cash,Money Market Instruments,First Trust Advisors,NGM,XNAS,US33739Q4082,False
FTXG,First Trust Nasdaq Food & Beverage ETF,USD,"The investment seeks investment results that correspond generally to the price and yield (before the fund's fees and expenses) of an equity index called the Nasdaq US Smart Food & Beverage Index.
 The fund will normally invest at least 90% of its net assets (including investment borrowings) in the common stocks and depository receipts that comprise the underlying index. The index is designed to provide exposure to U.S. companies comprising the food and beverage sector that have been selected based upon their liquidity and weighted based upon their cumulative score on three investing factors: volatility, value and growth. The fund is non-diversified.",Consumer Staples,Developed Markets,First Trust Advisors,NGM,XNAS,US33738R8521,False
FTXH,First Trust Nasdaq Pharmaceuticals ETF,USD,"The investment seeks investment results that correspond generally to the price and yield (before the fund's fees and expenses) of the Nasdaq US Smart Pharmaceuticals Index.
 The fund will normally invest at least 90% of its net assets (including investment borrowings) in the common stocks and depository receipts that comprise the index. The index is designed to provide exposure to U.S. companies comprising the pharmaceutical sector that have been selected based upon their liquidity and weighted based upon their cumulative score on three investing factors: volatility, value and growth. It is non-diversified.",Health Care,Developed Markets,First Trust Advisors,NGM,XNAS,US33738R8372,False
FTXL,First Trust Nasdaq Semiconductor ETF,USD,"The investment seeks investment results that correspond generally to the price and yield (before the fund's fees and expenses) of the Nasdaq US Smart Semiconductor Index.
 The fund invests at least 90% of its net assets (including investment borrowings) in the common stocks and depository receipts that comprise the index. The index is designed to provide exposure to U.S. companies comprising the semiconductor sector that have been selected based upon their liquidity and weighted based upon their cumulative score on three investing factors: volatility, value and growth. It is non-diversified.",Information Technology,Developed Markets,First Trust Advisors,NGM,XNAS,US33738R8117,False
FTXN,First Trust Nasdaq Oil & Gas ETF,USD,"The investment seeks investment results that correspond generally to the price and yield (before the fund's fees and expenses) of the Nasdaq US Smart Oil & Gas Index.
 The fund will normally invest at least 90% of its net assets (including investment borrowings) in the common stocks and depository receipts that comprise the index. The index is designed to provide exposure to U.S. companies comprising the oil and gas sector that have been selected based upon their liquidity and weighted based upon their cumulative score on three investing factors: volatility, value and growth. It is non-diversified.",Energy,Developed Markets,First Trust Advisors,NGM,XNAS,US33738R8455,False
FUTG,Leverage Shares 2x Long FUTU Daily ETF,USD,"The Fund is an exchange traded fund (“ETF”) that seeks daily levered investment results, before fees and expenses, of two times (200%) of the daily percentage change in the price of the ADR of FUTU. The Fund does not seek to achieve its stated investment objective for a period of time different than a trading day.",Derivatives,Trading,Leverage Shares,NGM,XNAS,US8829271639,False
FVC,First Trust Dorsey Wright Dynamic Focus 5 ETF,USD,"The investment seeks investment results that correspond to the price and yield of an index called the Dorsey Wright Dynamic Focus Five Index.
 The fund will normally invest at least 80% of its net assets in the ETFs that comprise the index. The index is designed to provide targeted exposure to the five First Trust sector and industry-based ETFs that the index determines offer the greatest potential to outperform the other First Trust sector and industry-based ETFs and that satisfy certain trading volume and liquidity requirements.",Equities,Developed Markets,First Trust Advisors,NGM,XNAS,US33738R8786,False
FYX,First Trust Small Cap Core AlphaDEX Fund,USD,"The investment seeks investment results that correspond generally to the price and yield (before the fund's fees and expenses) of an equity index called the Nasdaq AlphaDEX® Small Cap Core Index.
 The fund will normally invest at least 90% of its net assets (including investment borrowings) in the common stocks that comprise the index. The index is designed to select stocks from the NASDAQ US 700 Small Cap Index (the ""base index"") that may generate positive alpha, or risk-adjusted returns, relative to traditional indices through the use of the AlphaDEX® selection methodology.",Equities,Small Cap,First Trust Advisors,NGM,XNAS,US33734Y1091,False
GARY,Mango Growth ETF,USD,The Mango Growth ETF (the “Fund”) is an actively managed Exchange Traded Fund (“ETF”) that seeks long-term capital appreciation. Mango Growth ETF is an exchange-traded fund listed on the Nasdaq Global Market under the ticker GARY and traded in USD. It is classified as Equities (Growth).,Equities,Growth,,NGM,XNAS,US00764Q5615,False
GEME,Pacific North of South EM Equity Active ETF,USD,The Pacific NoS Global EM Equity Active ETF (the “Fund”) seeks long-term capital appreciation. Pacific North of South EM Equity Active ETF is an exchange-traded fund listed on the Nasdaq Global Market under the ticker GEME and traded in USD. The fund is part of the Pacific North of South range. It is classified as Equities (Emerging Markets).,Equities,Developed Markets,Pacific North of South,NGM,XNAS,US9009345060,False
GEMG,Leverage Shares 2X Long GEMI Daily ETF,USD,"The Leverage Shares 2x Long GEMI Daily ETF is a daily-leveraged bullish fund for active traders who want to magnify short-term results. It aims to deliver twice (200%) the daily performance of GEMI stock, before fees and operating expenses.",Derivatives,Trading,Leverage Shares,NGM,XNAS,US88340C3549,False
GEMQ,Goldman Sachs Data Enhanced Emerging Markets Equity ETF,USD,The Goldman Sachs Data Enhanced Emerging Markets Equity ETF (the “Fund”) seeks long-term growth of capital. Goldman Sachs Data Enhanced Emerging Markets Equity ETF is an exchange-traded fund listed on the Nasdaq Global Market under the ticker GEMQ and traded in USD. The fund is part of the Goldman Sachs Asset Management range. It is classified as Equities (Emerging Markets).,Equities,Developed Markets,Goldman Sachs Asset Management,NGM,XNAS,US38149W3907,False
GENY,Principal Millennials Index ETF,USD,"The investment seeks to provide investment results that closely correspond, before expenses, to the performance of the Nasdaq Global Millennial Opportunity Index (the ""index"").
 Under normal circumstances, the fund invests at least 80% of its net assets, plus any borrowings for investment purposes, in equity securities of companies that compose the index at the time of purchase. The index uses a quantitative model designed to identify equity securities of companies in the Nasdaq Global Index (the ""parent index"") that are impacted by the spending and lifestyle activities of the Millennial generation, which refers to people born from 1980 to the mid-2000s.",Equities,Developed Markets,Principal Funds,NGM,XNAS,,False
GENZ,VanEck Digital Native Economy ETF,USD,"VanEck ® Digital Native Economy ETF 1 (the “Fund”) seeks to replicate as closely as possible, before fees and expenses, the price and yield performance of the MarketVector TM Digital Native Economy Index (the “Digital Index” or the “Index”).",Equities,Developed Markets,VanEck Asset Management,NGM,XNAS,US92189F8822,False
GEQ,Cambria Global EW 2 ETF,USD,The Cambria Global EW 2 ETF (the “Fund”) seeks to achieve capital appreciation. Cambria Global EW 2 ETF is an exchange-traded fund listed on the Nasdaq Global Market under the ticker GEQ and traded in USD. The fund is part of the Cambria ETF Trust range. It is classified as Equities (Blend).,Equities,Developed Markets,Cambria ETF Trust,NGM,XNAS,US02072Q1765,False
GEVG,Leverage Shares 2X Long GEV Daily ETF,USD,"The Leverage Shares 2x Long GEV Daily ETF is a daily-leveraged bullish fund for active traders who want to magnify short-term results. It aims to deliver twice (200%) the daily performance of GEV stock, before fees and operating expenses.",Derivatives,Trading,Leverage Shares,NGM,XNAS,US88340F3082,False
GEW,Cambria Global EW ETF,USD,The Cambria Global EW ETF (the “Fund”) seeks to achieve capital appreciation. Cambria Global EW ETF is an exchange-traded fund listed on the Nasdaq Global Market under the ticker GEW and traded in USD. The fund is part of the Cambria ETF Trust range. It is classified as Equities (Blend).,Equities,Developed Markets,Cambria ETF Trust,NGM,XNAS,US02072Q7135,False
GFGF,Guru Favorite Stocks ETF,USD,The Guru Favorite Stocks ETF (the “Fund”) seeks long-term capital appreciation. Guru Favorite Stocks ETF is an exchange-traded fund listed on the Nasdaq Global Market under the ticker GFGF and traded in USD. The fund is part of the GuruFocus Investments range. It is classified as Equities (Blend).,Equities,Developed Markets,GuruFocus Investments,NGM,XNAS,US02072L7890,False
GFLW,VictoryShares Free Cash Flow Growth ETF,USD,"The VictoryShares Free Cash Flow Growth ETF (the “Fund”) seeks to provide investment results that closely correspond, before fees and expenses, to the performance of the Victory Free Cash Flow Growth Index (the “Index”).",Equities,Growth,Victory Capital,NGM,XNAS,US92647X7646,False
GGLL,Direxion Daily GOOGL Bull 2X ETF,USD,"The Fund seeks daily investment results, before fees and expenses, of 200% of the daily performance of GOOGL. The Fund does not seek to achieve its stated investment objective for a period of time different than a trading day.",Derivatives,Trading,Direxion Funds,NGM,XNAS,US25461A8412,False
GGLS,Direxion Daily GOOGL Bear 1X ETF,USD,"The Fund seeks daily investment results, before fees and expenses, of 100% of the inverse (or opposite) of the daily performance of GOOGL. The Fund does not seek to achieve its stated investment objective for a period of time different than a trading day.",Derivatives,Trading,Direxion Funds,NGM,XNAS,US25461H2673,False
GIEQ,Goldman Sachs Data Enhanced International Equity ETF,USD,The Goldman Sachs Data Enhanced International Equity ETF (the “Fund”) seeks long-term growth of capital. Goldman Sachs Data Enhanced International Equity ETF is an exchange-traded fund listed on the Nasdaq Global Market under the ticker GIEQ and traded in USD. The fund is part of the Goldman Sachs Asset Management range. It is classified as Equities (Developed Markets).,Equities,Developed Markets,Goldman Sachs Asset Management,NGM,XNAS,US38149W3824,False
GIGE,SoFi Gig Economy ETF,USD,"The investment seeks long-term capital appreciation.
 The fund seeks to achieve its investment objective primarily by investing in a portfolio of companies listed around the world that the Adviser considers part of the ""gig economy"". The ""gig economy"" refers to the group of companies that have embraced, that support, or that otherwise benefit from a workforce where individual employees or independent contractors are empowered to create their own freelance business by leveraging recent developments in technology platforms that enable individuals to offer their services directly to retail and commercial customers. It is non-diversified.",Equities,,Sofi,NGM,XNAS,,False
GIND,Goldman Sachs India Equity ETF,USD,The Goldman Sachs India Equity ETF (the “Fund”) seeks long-term capital appreciation. Goldman Sachs India Equity ETF is an exchange-traded fund listed on the Nasdaq Global Market under the ticker GIND and traded in USD. The fund is part of the Goldman Sachs Asset Management range. It is classified as Equities (Emerging Markets).,Equities,Emerging Markets,Goldman Sachs Asset Management,NGM,XNAS,US38149W4814,False
GINX,SGI Enhanced Global Income ETF,USD,SGI Enhanced Global Income ETF is an exchange-traded fund listed on the Nasdaq Global Market under the ticker GINX and traded in USD. The fund is part of the SGI range.,Equities,Developed Markets,SGI,NGM,XNAS,US74933W2623,False
GKAT,Scharf Global Opportunity ETF,USD,The Scharf Global Opportunity ETF (the “Fund”) seeks long-term capital appreciation. Scharf Global Opportunity ETF is an exchange-traded fund listed on the Nasdaq Global Market under the ticker GKAT and traded in USD. The fund is part of the Scharf Investments range. It is classified as Equities (Blend).,Equities,Developed Markets,Scharf Investments,NGM,XNAS,US00770X2128,False
GLCR,GlacierShares Nasdaq Iceland ETF,USD,"The GlacierShares Nasdaq Iceland ETF (the “Fund”) seeks to track the total return performance, before fees and expenses, of an index composed of equity securities of Icelandic companies and companies related to the Icelandic economy.",Equities,Developed Markets,GlacierShares,NGM,XNAS,US53656H8438,False
GLDB,IDX Alternative FIAT ETF,USD,IDX Alternative FIAT ETF is an exchange-traded fund listed on the Nasdaq Global Market under the ticker GLDB and traded in USD. The fund is part of the IDX range.,Equities,,IDX,NGM,XNAS,US26923Q1278,False
GLGG,Leverage Shares 2X Long GLXY Daily ETF,USD,"The Fund is an exchange traded fund (“ETF”) that seeks daily levered investment results, before fees and expenses, of two times (200%) of the daily percentage change in the price of the common stock of GLXY. The Fund does not seek to achieve its stated investment objective for a period of time different than a trading day.",Derivatives,Trading,Leverage Shares,NGM,XNAS,US88340C8837,False
GLOW,VictoryShares WestEnd Global Equity ETF,USD,The VictoryShares WestEnd Global Equity ETF (the “Fund”) seeks to provide long-term capital appreciation. VictoryShares WestEnd Global Equity ETF is an exchange-traded fund listed on the Nasdaq Global Market under the ticker GLOW and traded in USD. The fund is part of the Victory Capital range. It is classified as Equities (Developed Markets).,Equities,Developed Markets,Victory Capital,NGM,XNAS,US92647X7984,False
GLWG,Leverage Shares 2X Long GLW Daily ETF,USD,"Leverage Shares 2x Long GLW Daily ETF is registered in the US. Themes ETF Trust launched it and Themes Management Company LLC oversees it. The fund invests in public equities of electronic equipment and instrumentation companies, combining direct stock holdings with derivatives like swaps and options, and its exposure covers growth and value companies of many sizes.",Derivatives,Trading,Leverage Shares,NGM,XNAS,US88340W6811,False
GNMA,iShares GNMA Bond ETF,USD,"The investment seeks to track the investment results of the Bloomberg Barclays U.S. GNMA Bond Index.
 The fund generally will invest at least 90% of its assets in the component securities of the underlying index and in investments that have economic characteristics that are substantially identical to the component securities of the underlying index. The underlying index includes fixed-rate MBS issued by GNMA that have 30- or 15-year maturities. The index measures the performance of mortgage-backed pass-through securities issued by GNMA.",Fixed Income,Government Bonds,BlackRock Asset Management,NGM,XNAS,US46429B3336,False
GNOM,Global X Genomics & Biotechnology ETF,USD,"The investment seeks to provide investment results that correspond generally to the price and yield performance, before fees and expenses, of the Solactive Genomics Index (""underlying index"").
 The fund invests at least 80% of its total assets in the securities of the underlying index. The underlying index is designed to provide exposure to exchange-listed companies that are positioned to benefit from further advances in the field of genomic science and biotechnology, as well as applications thereof (collectively, ""Genomics & Biotechnology Companies""), as defined by Solactive AG, the provider of the underlying index. The fund is non-diversified.",Health Care,Developed Markets,Global X Funds,NGM,XNAS,US37960A2143,False
GOLI,Defiance Gold Enhanced Options Income ETF,USD,"Defiance Gold Enhanced Options Income ETF seeks monthly income from exposure to shares of GLD, a fund that follows the spot gold price using bars held in London vaults. At least weekly it sells at-the-money or slightly in-the-money put options, which caps upside, and it holds short-term US Treasurys as collateral. It does not hold gold bullion directly, and it bears all losses if GLD falls sharply.",Derivatives,,Defiance ETFs,NGM,XNAS,US88636J3941,False
GOU,GraniteShares 2x Long GOOGL Daily ETF,USD,"The Fund seeks daily investment results, before fees and expenses, of 2 times (200%) the daily percentage change of the common stock of Alphabet Inc. Class A (NASDAQ: GOOGL).",Derivatives,Trading,Graniteshares,NGM,XNAS,US38747R1326,False
GOVI,Invesco Equal Weight 0-30 Year Treasury ETF,USD,The Invesco Equal Weight 0-30 Year Treasury ETF (the “Fund”) seeks to track the investment results (before fees and expenses) of the ICE 1-30 Year Laddered Maturity US Treasury Index (the “Underlying Index”).,Fixed Income,Treasury Bonds,Invesco Investment Management,NGM,XNAS,US46138E1073,False
GPIQ,Goldman Sachs Nasdaq-100 Premium Income ETF,USD,The Goldman Sachs Nasdaq-100 Premium Income ETF (the “Fund”) seeks current income while maintaining prospects for capital appreciation. Goldman Sachs Nasdaq-100 Premium Income ETF is an exchange-traded fund listed on the Nasdaq Global Market under the ticker GPIQ and traded in USD. The fund is part of the Goldman Sachs Asset Management range. It is classified as Derivatives (Large Cap).,Derivatives,Large Cap,Goldman Sachs Asset Management,NGM,XNAS,US38149W6306,False
GPIX,Goldman Sachs S&P 500 Premium Income ETF,USD,The Goldman Sachs S&P 500 Premium Income ETF (the “Fund”) seeks current income while maintaining prospects for capital appreciation. Goldman Sachs S&P 500 Premium Income ETF is an exchange-traded fund listed on the Nasdaq Global Market under the ticker GPIX and traded in USD. The fund is part of the Goldman Sachs Asset Management range. It is classified as Derivatives (Large Cap).,Derivatives,Large Cap,Goldman Sachs Asset Management,NGM,XNAS,US38149W6223,False
GPRF,Goldman Sachs Access U.S. Preferred Stock and Hybrid Securities ETF,USD,"The Goldman Sachs Access U.S. Preferred Stock and Hybrid Securities ETF (the “Fund”) seeks to provide investment results that closely correspond, before fees and expenses, to the performance of the FTSE Goldman Sachs US Preferred Stock and Hybrids Index (the “Index”).",Fixed Income,Corporate Bonds,Goldman Sachs Asset Management,NGM,XNAS,US38149W1273,False
GPT,Intelligent Alpha Atlas ETF,USD,The Intelligent Alpha Atlas ETF (the “Fund”) (formerly known as Intelligent Livermore ETF) seeks to provide long-term capital appreciation. Intelligent Alpha Atlas ETF is an exchange-traded fund listed on the Nasdaq Global Market under the ticker GPT and traded in USD. The fund is part of the Intelligent Alpha range. It is classified as Equities (Blend).,Equities,Developed Markets,Intelligent Alpha,NGM,XNAS,US02072L1935,False
GQQQ,Astoria US Quality Growth Kings ETF,USD,The Astoria US Quality Growth Kings ETF (the “Fund”) seeks to provide long-term capital appreciation. Astoria US Quality Growth Kings ETF is an exchange-traded fund listed on the Nasdaq Global Market under the ticker GQQQ and traded in USD. The fund is part of the Astoria range. It is classified as Equities (Growth).,Equities,Factors,Astoria,NGM,XNAS,US02072L1851,False
GRAG,Leverage Shares 2X Long GRAB Daily ETF,USD,"The Leverage Shares 2x Long GRAB Daily ETF is a daily-leveraged bullish fund for active traders who want to magnify short-term results. It aims to deliver twice (200%) the daily performance of GRAB stock, before fees and operating expenses.",Derivatives,Trading,Leverage Shares,NGM,XNAS,US88340F7463,False
GRID,First Trust NASDAQ Clean Edge Smart Grid Infrastructure Index Fund,USD,"The investment seeks investment results that correspond generally to the price and yield (before the fund's fees and expenses) of an equity index called the NASDAQ OMX® Clean Edge® Smart Grid Infrastructure IndexSM.
 The fund will normally invest at least 90% of its net assets (including investment borrowings) in the common stocks and depositary receipts that comprise the index. The index includes companies that are primarily engaged and involved in electric grid, electric meters and devices, networks, energy storage and management, and enabling software used by the smart grid infrastructure sector. The fund is non-diversified.",Industrials,Developed Markets,First Trust Advisors,NGM,XNAS,US33737A1088,False
GRW,TCW Durable Growth ETF,USD,The Fund’s investment objective is long-term growth of capital. TCW Durable Growth ETF is an exchange-traded fund listed on the Nasdaq Global Market under the ticker GRW and traded in USD. The fund is part of the TCW Group range. It is classified as Equities (Growth).,Equities,Growth,TCW Group,NGM,XNAS,US29287L6011,False
GSGO,Goldman Sachs Growth Opportunities ETF,USD,The Goldman Sachs Growth Opportunities ETF (the “Fund”) seeks long-term growth of capital. Goldman Sachs Growth Opportunities ETF is an exchange-traded fund listed on the Nasdaq Global Market under the ticker GSGO and traded in USD. The fund is part of the Goldman Sachs Asset Management range. It is classified as Equities (Growth).,Equities,Growth,Goldman Sachs Asset Management,NGM,XNAS,US38149W4400,False
GSIB,Themes Global Systemically Important Banks ETF,USD,The Themes Global Systemically Important Banks ETF (the “Fund”) seeks growth of capital. Themes Global Systemically Important Banks ETF is an exchange-traded fund listed on the Nasdaq Global Market under the ticker GSIB and traded in USD. The fund is part of the Themes ETFs range. It is classified as Financials (Developed Markets).,Financials,Developed Markets,Themes ETFs,NGM,XNAS,US8829276018,False
GTOP,Goldman Sachs Technology Opportunities ETF,USD,The Goldman Sachs Technology Opportunities ETF (the “Fund”) seeks long-term growth of capital. Goldman Sachs Technology Opportunities ETF is an exchange-traded fund listed on the Nasdaq Global Market under the ticker GTOP and traded in USD. The fund is part of the Goldman Sachs Asset Management range. It is classified as Information Technology (Developed Markets).,Equities,Developed Markets,Goldman Sachs Asset Management,NGM,XNAS,US38149W4327,False
GTOQ,Invesco High Yield Systematic Bond ETF,USD,The Invesco High Yield Systematic Bond ETF (the “Fund”) seeks total return. Invesco High Yield Systematic Bond ETF is an exchange-traded fund listed on the Nasdaq Global Market under the ticker GTOQ and traded in USD. The fund is part of the Invesco Investment Management range. It is classified as Fixed Income (High Yield Bonds).,Fixed Income,High Yield Bonds,Invesco Investment Management,NGM,XNAS,US46090A8532,False
GTPE,Goldman Sachs MSCI World Private Equity Return Tracker ETF,USD,"The Goldman Sachs MSCI World Private Equity Return Tracker ETF (the “Fund”) seeks to provide investment results that closely correspond, before fees and expenses, to the performance of the MSCI World Private Equity Return Tracker Index (Net, USD, Unhedged) (the “Index”).",Equities,Developed Markets,Goldman Sachs Asset Management,NGM,XNAS,US38149W4574,False
GTR,WisdomTree Target Range Fund,USD,"The WisdomTree Target Range Fund (the “Fund”) seeks to provide capital appreciation, with a secondary objective of hedging risk. WisdomTree Target Range Fund is an exchange-traded fund listed on the Nasdaq Global Market under the ticker GTR and traded in USD. The fund is part of the WisdomTree Asset Management range. It is classified as Alternatives (Blend).",,,WisdomTree Asset Management,NGM,XNAS,US97717Y6757,False
GUSE,Goldman Sachs Enhanced U.S. Equity ETF,USD,The Goldman Sachs Enhanced U.S. Equity ETF (the “Fund”) seeks long-term growth of capital. Goldman Sachs Enhanced U.S. Equity ETF is an exchange-traded fund listed on the Nasdaq Global Market under the ticker GUSE and traded in USD. The fund is part of the Goldman Sachs Asset Management range. It is classified as Equities (Large Cap).,Equities,Developed Markets,Goldman Sachs Asset Management,NGM,XNAS,US38149W4244,False
GVLE,Goldman Sachs Value Opportunities ETF,USD,The Goldman Sachs Value Opportunities ETF (the “Fund”) seeks long-term capital appreciation. Goldman Sachs Value Opportunities ETF is an exchange-traded fund listed on the Nasdaq Global Market under the ticker GVLE and traded in USD. The fund is part of the Goldman Sachs Asset Management range. It is classified as Equities (Value).,Equities,Value,Goldman Sachs Asset Management,NGM,XNAS,US38149W4160,False
GXDW,Global X Dorsey Wright Thematic ETF,USD,"The Global X Dorsey Wright Thematic ETF (the ""Fund"") seeks to provide investment results that correspond generally to the price and yield performance, before fees and expenses, of the Nasdaq Dorsey Wright Thematic Rotation TM Total Return Index (the ""Underlying Index"").",Equities,Developed Markets,Global X Funds,NGM,XNAS,US37954Y4180,False
GXTG,Global X Thematic Growth ETF,USD,"The investment seeks to provide investment results that correspond generally to the price and yield performance, before fees and expenses, of the Solactive Thematic Growth Index.
 The fund invests at least 80% of its total assets in the securities of the underlying index. The underlying index seeks to provide broad exposure to thematic growth strategies using a portfolio of exchange-traded funds (each, an ""underlying ETF""). It is non-diversified.",Equities,Growth,Global X Funds,NGM,XNAS,,False
HBDC,Hilton BDC Corporate Bond ETF,USD,"The Hilton BDC Corporate Bond ETF (the “Fund”) seeks to track the performance, before fees and expenses, of the Solactive Hilton Capital BDC Corporate Bond TR Index (the “Index”).",Fixed Income,Corporate Bonds,Hilton Capital Management,NGM,XNAS,US88636V7441,False
HCOW,Amplify COWS Covered Call ETF,USD,The Amplify COWS Covered Call ETF is actively managed and aims to provide current income. It holds dividend-paying companies with strong free cash flow yields and boosts returns by writing covered calls.,Derivatives,Large Cap,Amplify ETFs,NGM,XNAS,US0321086805,False
HEAL,Global X HealthTech ETF,USD,"The Global X HealthTech ETF (the ""Fund"") seeks to provide investment results that correspond generally to the price and yield performance, before fees and expenses, of the Global X HealthTech Index (the ""Underlying Index"").",Health Care,Developed Markets,Global X Funds,NGM,XNAS,US37954Y1376,False
HECO,State Street Galaxy Hedged Digital Asset Ecosystem ETF,USD,The State Street Galaxy Hedged Digital Asset Ecosystem ETF (the “Fund”) seeks to provide long term capital appreciation. State Street Galaxy Hedged Digital Asset Ecosystem ETF is an exchange-traded fund listed on the Nasdaq Global Market under the ticker HECO and traded in USD. The fund is part of the State Street Global Advisors range.,Equities,Developed Markets,State Street Global Advisors,NGM,XNAS,US78470P6482,False
HEQQ,JPMorgan Nasdaq Hedged Equity Laddered Overlay ETF,USD,JPMorgan Nasdaq Hedged Equity Laddered Overlay ETF is an exchange-traded fund listed on the Nasdaq Global Market under the ticker HEQQ and traded in USD. The fund is part of the JPMorgan Asset Management range. It is classified as Derivatives (Large Cap).,Derivatives,Large Cap,JPMorgan Asset Management,NGM,XNAS,US46654Q6254,False
HERO,Global X Video Games & Esports ETF,USD,"The investment seeks to provide investment results that correspond generally to the price and yield performance, before fees and expenses, of the Solactive Video Games & Esports Index.
 The fund invests at least 80% of its total assets in the securities of the underlying index and in American Depositary Receipts (""ADRs"") and Global Depositary Receipts (""GDRs"") based on the securities in the underlying index. The underlying index is designed to provide exposure to exchange-listed companies that are positioned to benefit from increased consumption related to video games and esports. It is non-diversified.",Communication Services,Developed Markets,Global X Funds,NGM,XNAS,US37954Y3927,False
HEWG,iShares Currency Hedged MSCI Germany ETF,USD,"The investment seeks to track the investment results of the MSCI Germany 100% Hedged to USD Index.
 The fund generally will invest at least 90% of its assets in the component securities (including indirect investments through the underlying fund) and other instruments of the underlying index and in investments that have economic characteristics that are substantially identical to the component securities of the underlying index. The index primarily consists of stocks traded on the Frankfurt Stock Exchange with the currency risk inherent in the securities included in the underlying index hedged to the U.S. dollar on a monthly basis.",Equities,Developed Markets,BlackRock Asset Management,NGM,XNAS,US46434V7047,True
HFSP,TradersAI Large Cap Equity & Cash ETF,USD,TradersAI Large Cap Equity & Cash ETF (the “Fund”) seeks maximum total return. TradersAI Large Cap Equity & Cash ETF is an exchange-traded fund listed on the Nasdaq Global Market under the ticker HFSP and traded in USD. It is classified as Equities (Blend).,Equities,Blend,,NGM,XNAS,US45259A4076,False
HIDE,Alpha Architect High Inflation and Deflation ETF,USD,The Alpha Architect High Inflation and Deflation ETF (the “Fund”) seeks long-term total return. Alpha Architect High Inflation and Deflation ETF is an exchange-traded fund listed on the Nasdaq Global Market under the ticker HIDE and traded in USD. The fund is part of the Alpha Architect range. It is classified as Alternatives (Blend).,Real Estate,REITs,Alpha Architect,NGM,XNAS,US02072L6314,False
HIMZ,Defiance Daily Target 2X Long HIMS ETF,USD,"The Fund seeks daily investment results, before fees and expenses, of two times (200%) the daily percentage change in the share price of Hims & Hers Health Inc. (NYSE: HIMS). The Fund does not seek to achieve its stated investment objective for a period other than a single trading day.",Derivatives,Trading,Defiance ETFs,NGM,XNAS,US88636Y6077,False
HIS,Humilis US Focused Opportunities ETF,USD,The Humilis US Focused Opportunities ETF (the “Fund”) seeks to achieve long-term capital appreciation. Humilis US Focused Opportunities ETF is an exchange-traded fund listed on the Nasdaq Global Market under the ticker HIS and traded in USD. The fund is part of the Humilis range. It is classified as Equities (Blend).,Equities,Developed Markets,Humilis,NGM,XNAS,US26824D8294,False
HISF,First Trust High Income Strategic Focus ETF,USD,The First Trust High Income Strategic Focus ETF’s (the “Fund”) primary investment objective is to seek risk-adjusted income. The Fund’s secondary investment objective is capital appreciation.,Equities,Allocation,First Trust Advisors,NGM,XNAS,US33739Q3092,False
HMYY,GraniteShares YieldBoost HIMS ETF,USD,"The Fund’s primary investment objective is to achieve 2 times (200%) the income generated from selling options on Hims & Hers Health, Inc.’s common stock (NYSE: HIMS) (the “Underlying Stock”) by selling options on leveraged exchange-traded funds designed to deliver 2 times (200%) the daily performance of the Underlying Stock (the “Underlying Leveraged ETF”). The Fund’s secondary investment objective is to gain exposure to the performance of the Underlying Leveraged ETF, subject to a cap on potential investment gains. A downside protection may be implemented which could affect the net income level.",,,Graniteshares,NGM,XNAS,US38747R1409,False
HNDL,Strategy Shares Nasdaq 7 Handl Index ETF,USD,"The investment seeks investment results that correlate generally, before fees and expenses, to the price and yield performance of the NASDAQ 7 HANDL™ Index.
 The fund will invest at least 80% of its assets in securities of the NASDAQ 7 HANDL™ Index (the ""index""). The index consists of securities issued by exchange-traded funds (""ETFs"") and is split into two components, with a 50% allocation to fixed income and equity ETFs (the ""Core Portfolio"") and a 50% allocation to ETFs of 12 asset categories (the ""Explore Portfolio"").",Equities,Allocation,Strategy Shares,NGM,XNAS,US86280R5063,False
HODU,Direxion Daily HOOD Bull 2X ETF,USD,"The Fund seeks daily investment results, before fees and expenses, of 200% of the daily performance of HOOD. The Fund does not seek to achieve its stated investment objective for a period of time different than a trading day.",Derivatives,Trading,Direxion Funds,NGM,XNAS,US25461H8209,False
HOOG,Leverage Shares 2X Long HOOD Daily ETF,USD,"The Fund is an exchange traded fund (“ETF”) that seeks daily levered investment results, before fees and expenses, of two times (200%) of the daily percentage change in the price of the common stock of HOOD. The Fund does not seek to achieve its stated investment objective for a period of time different than a trading day.",Derivatives,Trading,Leverage Shares,NGM,XNAS,US8829274609,False
HOOX,Defiance Daily Target 2X Long HOOD ETF,USD,"The Fund seeks daily investment results, before fees and expenses, of two times (200%) the daily percentage change in the share price of Robinhood Markets, Inc. (Nasdaq: HOOD). The Fund does not seek to achieve its stated investment objective for a period other than a single trading day.",Derivatives,Trading,Defiance ETFs,NGM,XNAS,US88636Y4098,False
HOYY,GraniteShares YieldBOOST HOOD ETF,USD,"The Fund’s primary investment objective is to achieve 2 times (200%) the income generated from selling options on Robinhood Markets, Inc.’s common stock (NASDAQ: HOOD) (the “Underlying Stock”) by selling options on leveraged exchange-traded funds designed to deliver 2 times (200%) the daily performance of the Underlying Stock (the “Underlying Leveraged ETF”). The Fund’s secondary investment objective is to gain exposure to the performance of the Underlying Leveraged ETF, subject to a cap on potential investment gains. A downside protection may be implemented which could affect the net income level.",,,Graniteshares,NGM,XNAS,US38747R2563,False
HQDG,Raub Brock Dividend Growth ETF,USD,The Raub Brock Dividend Growth ETF seeks long-term capital appreciation with a secondary objective of providing current income. Raub Brock Dividend Growth ETF is an exchange-traded fund listed on the Nasdaq Global Market under the ticker HQDG and traded in USD. The fund is part of the Raub Brock range. It is classified as Equities (Factors).,Equities,Growth,Raub Brock,NGM,XNAS,US88636N7672,False
HQGO,Hartford US Quality Growth ETF,USD,"The Fund seeks to provide investment results that, before fees and expenses, correspond to the total return performance of an index that tracks the performance of exchange traded US large cap equity securities and is designed to consist of US equities with favorable growth characteristics while maintaining what is considered to be enhanced exposure to quality while also providing reasonable exposure to value and momentum. YOUR EXPENSES. The table below describes the fees and expenses that you may pay if you buy, hold and sell shares of the Fund. You may pay other fees, such as brokerage commissions and other fees to financial intermediaries, which are not reflected in the table or the example below.",Equities,Factors,Hartford Mutual Funds,NGM,XNAS,US5184168392,False
HRTS,Tema Heart & Health ETF,USD,"Tema Heart & Health ETF ( formerly, Tema GLP-1, Obesity & Cardiometabolic ETF) (the “Fund”) seeks to provide long-term growth of capital. Tema Heart & Health ETF is an exchange-traded fund listed on the Nasdaq Global Market under the ticker HRTS and traded in USD. The fund is part of the Tema ETFs range. It is classified as Health Care (Developed Markets).",Health Care,Developed Markets,Tema ETFs,NGM,XNAS,US87975E8839,False
HUTG,Leverage Shares 2X Long HUT Daily ETF,USD,"The Leverage Shares 2X Long HUT Daily ETF, part of Themes ETF Trust, gives bullish, leveraged exposure to the shares of Hut 8 Corp. through swap agreements. It seeks daily leveraged exposure equal to 200% of net assets, rebalancing each day, and is intended for tactical short-term use, not for holding over the long run.",Derivatives,Trading,Leverage Shares,NGM,XNAS,US88340W7801,False
HWGV,Hotchkis & Wiley Global Value Fund,USD,The Fund seeks capital appreciation. Hotchkis & Wiley Global Value Fund is an exchange-traded fund listed on the Nasdaq Global Market under the ticker HWGV and traded in USD. The fund is part of the Hotchkis & Wiley range. It is classified as Equities (Value).,Equities,Value,Hotchkis & Wiley,NGM,XNAS,US44134R3966,False
HWIV,Hotchkis & Wiley International Value Fund,USD,The Fund seeks capital appreciation. Hotchkis & Wiley International Value Fund is an exchange-traded fund listed on the Nasdaq Global Market under the ticker HWIV and traded in USD. The fund is part of the Hotchkis & Wiley range. It is classified as Equities (Value).,Equities,Value,Hotchkis & Wiley,NGM,XNAS,US44134R4121,False
HWMV,Hotchkis & Wiley Mid-Cap Value Fund,USD,The Fund seeks capital appreciation. Hotchkis & Wiley Mid-Cap Value Fund is an exchange-traded fund listed on the Nasdaq Global Market under the ticker HWMV and traded in USD. The fund is part of the Hotchkis & Wiley range. It is classified as Equities (Value).,Equities,Mid Cap,Hotchkis & Wiley,NGM,XNAS,US44134R3883,False
HWO,Hotchkis & Wiley Opportunities Fund,USD,The Fund seeks capital appreciation. Hotchkis & Wiley Opportunities Fund is an exchange-traded fund listed on the Nasdaq Global Market under the ticker HWO and traded in USD. The fund is part of the Hotchkis & Wiley range. It is classified as Equities (Blend).,Equities,Developed Markets,Hotchkis & Wiley,NGM,XNAS,US44134R4204,False
HWSM,Hotchkis & Wiley SMID Cap Diversified Value Fund,USD,The Fund seeks capital appreciation. Hotchkis & Wiley SMID Cap Diversified Value Fund is an exchange-traded fund listed on the Nasdaq Global Market under the ticker HWSM and traded in USD. The fund is part of the Hotchkis & Wiley range. It is classified as Equities (Value).,Equities,Mid Cap,Hotchkis & Wiley,NGM,XNAS,US44134R4386,False
HYBI,NEOS Enhanced Income Credit Select ETF,USD,The investment objective of the NEOS Enhanced Income Credit Select ETF (the “Fund”) is to seek total return from income and capital appreciation while providing a tax efficient monthly income.,Derivatives,,NEOS Investments,NGM,XNAS,US78433H5845,False
HYDR,Global X Hydrogen ETF,USD,"The Global X Hydrogen ETF (""Fund"") seeks to provide investment results that correspond generally to the price and yield performance, before fees and expenses, of the Solactive Global Hydrogen Index (""Underlying Index"").",Industrials,Developed Markets,Global X Funds,NGM,XNAS,US37960A4206,False
HYP,Golden Eagle Dynamic Hypergrowth ETF,USD,Golden Eagle Dynamic Hypergrowth ETF is an exchange-traded fund listed on the Nasdaq Global Market under the ticker HYP and traded in USD. The fund is part of the Golden Eagle range. It is classified as Equities (Growth).,Equities,Developed Markets,Golden Eagle,NGM,XNAS,US26923Q5980,False
HYXF,iShares ESG Advanced High Yield Corporate Bond ETF,USD,"The investment seeks to track the investments results of the Bloomberg Barclays MSCI US High Yield Choice ESG Screened Index.
 The fund generally will invest at least 90% of its assets in the component securities of the underlying index and may invest up to 10% of its assets in certain futures, options and swap contracts, cash and cash equivalents. The index is designed to reflect the performance of U.S. dollar-denominated high yield corporate bonds of issuers with favorable ESG ratings, as identified by the index Provider, while applying additional screens.",Fixed Income,High Yield Bonds,BlackRock Asset Management,NGM,XNAS,US46435G4414,False
HYZD,WisdomTree Interest Rate Hedged High Yield Bond Fund,USD,"The investment seeks to track the price and yield performance, before fees and expenses, of the WisdomTree U.S. High Yield Corporate Bond, Zero Duration Index (the ""index"").
 The index is designed to provide long exposure to the performance of selected issuers in the U.S. non-investment-grade corporate bond (""junk bonds"") market that are deemed to have favorable fundamental and income characteristics while seeking to manage interest rate risk through the use of short positions in U.S. treasury securities. The fund is non-diversified.",Fixed Income,High Yield Bonds,WisdomTree Asset Management,NGM,XNAS,US97717W4309,False
IALT,iShares Systematic Alternatives Active ETF,USD,The iShares Systematic Alternatives Active ETF is an actively managed fund whose primary objective is overall investment growth over an extended period.,Equities,Allocation,BlackRock Asset Management,NGM,XNAS,US09290C6654,False
IBAT,iShares Energy Storage & Materials ETF,USD,"The iShares Energy Storage & Materials ETF (the “Fund”) seeks to track the investment results of an index composed of U.S. and non-U.S. companies involved in energy storage solutions aiming to support the transition to a low-carbon economy, including hydrogen, fuel cells and batteries.",Equities,Developed Markets,BlackRock Asset Management,NGM,XNAS,US46438G7372,False
IBBJ,Defiance Nasdaq Junior Biotechnology ETF,USD,"The investment seeks to track the total return performance, before fees and expenses, of the NASDAQ Junior Biotechnology Index.
 The index is a rules-based index that consists of a portfolio of the stock of U.S.-listed small capitalization (""junior"") biotechnology companies (collectively, ""Junior Biotech Companies""). The fund will generally use a ""replication"" strategy to achieve its investment objective, meaning it will generally invest in all of the component securities of the index in the same approximate proportions as in the index. The fund is non-diversified.",Equities,,Defiance ETFs,NGM,XNAS,,False
IBGA,iShares iBonds Dec 2044 Term Treasury ETF,USD,The iShares iBonds Dec 2044 Term Treasury ETF (the “Fund”) seeks to track the investment results of an index composed of U.S. Treasury bonds maturing in 2044. iShares iBonds Dec 2044 Term Treasury ETF is an exchange-traded fund listed on the Nasdaq Global Market under the ticker IBGA and traded in USD. The fund is part of the BlackRock Asset Management range. It is classified as Fixed Income (Treasury Bonds).,Fixed Income,Treasury Bonds,BlackRock Asset Management,NGM,XNAS,US46438G6382,False
IBGB,iShares iBonds Dec 2045 Term Treasury ETF,USD,The iShares iBonds Dec 2045 Term Treasury ETF (the “Fund”) seeks to track the investment results of an index composed of U.S. Treasury bonds maturing in 2045. iShares iBonds Dec 2045 Term Treasury ETF is an exchange-traded fund listed on the Nasdaq Global Market under the ticker IBGB and traded in USD. The fund is part of the BlackRock Asset Management range. It is classified as Fixed Income (Treasury Bonds).,Fixed Income,Treasury Bonds,BlackRock Asset Management,NGM,XNAS,US46438G4148,False
IBGC,iShares iBonds Dec 2046 Term Treasury ETF,USD,The iShares iBonds Dec 2046 Term Treasury ETF (the “Fund”) seeks to track the investment results of an index composed of U.S. Treasury bonds maturing in 2046. iShares iBonds Dec 2046 Term Treasury ETF is an exchange-traded fund listed on the Nasdaq Global Market under the ticker IBGC and traded in USD. The fund is part of the BlackRock Asset Management range. It is classified as Fixed Income (Treasury Bonds).,Fixed Income,Treasury Bonds,BlackRock Asset Management,NGM,XNAS,US46438G1417,False
IBGK,iShares iBonds Dec 2054 Term Treasury ETF,USD,The iShares iBonds Dec 2054 Term Treasury ETF (the “Fund”) seeks to track the investment results of an index composed of U.S. Treasury bonds maturing in 2054. iShares iBonds Dec 2054 Term Treasury ETF is an exchange-traded fund listed on the Nasdaq Global Market under the ticker IBGK and traded in USD. The fund is part of the BlackRock Asset Management range. It is classified as Fixed Income (Treasury Bonds).,Fixed Income,Treasury Bonds,BlackRock Asset Management,NGM,XNAS,US46438G6200,False
IBGL,iShares iBonds Dec 2055 Term Treasury ETF,USD,The iShares iBonds Dec 2055 Term Treasury ETF (the “Fund”) seeks to track the investment results of an index composed of U.S. Treasury bonds maturing in 2055. iShares iBonds Dec 2055 Term Treasury ETF is an exchange-traded fund listed on the Nasdaq Global Market under the ticker IBGL and traded in USD. The fund is part of the BlackRock Asset Management range. It is classified as Fixed Income (Treasury Bonds).,Fixed Income,Treasury Bonds,BlackRock Asset Management,NGM,XNAS,US46438G3983,False
IBGM,iShares iBonds Dec 2056 Term Treasury ETF,USD,The iShares iBonds Dec 2056 Term Treasury ETF (the “Fund”) seeks to track the investment results of an index composed of U.S. Treasury bonds maturing in 2056. iShares iBonds Dec 2056 Term Treasury ETF is an exchange-traded fund listed on the Nasdaq Global Market under the ticker IBGM and traded in USD. The fund is part of the BlackRock Asset Management range. It is classified as Fixed Income (Treasury Bonds).,Fixed Income,Treasury Bonds,BlackRock Asset Management,NGM,XNAS,US46438G1334,False
IBOT,VanEck Robotics ETF,USD,"VanEck ® Robotics ETF (the “Fund”) seeks to track as closely as possible, before fees and expenses, the price and yield performance of the BlueStar ® Robotics Index (the “Robotics Index” or the “Index”).",Equities,Developed Markets,VanEck Asset Management,NGM,XNAS,US92189Y4026,False
IBTD,iShares iBonds Dec 2023 Term Treasury ETF,USD,"The investment seeks to track the investment results of the ICE 2023 Maturity US Treasury Index composed of U.S. Treasury bonds maturing in 2023.
 The fund generally will invest at least 90% of its assets in the component securities of the underlying index, except during the last months of its operations. The underlying index consists of publicly-issued U.S. Treasury securities that are scheduled to mature after December 31, 2022 and before December 16, 2023. It is non-diversified.",Fixed Income,Treasury Bonds,BlackRock Asset Management,NGM,XNAS,,True
IBTI,iShares iBonds Dec 2028 Term Treasury ETF,USD,"The investment seeks to track the investment results of the ICE 2028 Maturity US Treasury Index composed of U.S. treasury bonds maturing in 2028.
 The fund generally will invest at least 90% of its assets in the component securities of the underlying index, except during the last months of its operations. The underlying index consists of publicly-issued U.S. Treasury securities that are scheduled to mature after December 31, 2027 and before December 16, 2028. It is non-diversified.",Fixed Income,Treasury Bonds,BlackRock Asset Management,NGM,XNAS,US46436E8333,False
IBTJ,iShares iBonds Dec 2029 Term Treasury ETF,USD,"The investment seeks to track the investment results of the ICE 2029 Maturity US Treasury Index composed of U.S. Treasury bonds maturing in 2029.
 The fund generally will invest at least 90% of its assets in the component securities of the underlying index, except during the last months of its operations. The underlying index consists of publicly-issued U.S. Treasury securities that are scheduled to mature after December 31, 2028 and before December 16, 2029. It is non-diversified.",Fixed Income,Treasury Bonds,BlackRock Asset Management,NGM,XNAS,US46436E8259,False
IBTL,iShares iBonds Dec 2031 Term Treasury ETF,USD,The iShares iBonds Dec 2031 Term Treasury ETF (the “Fund”) seeks to track the investment results of an index composed of U.S. Treasury bonds maturing in 2031. iShares iBonds Dec 2031 Term Treasury ETF is an exchange-traded fund listed on the Nasdaq Global Market under the ticker IBTL and traded in USD. The fund is part of the BlackRock Asset Management range. It is classified as Fixed Income (Treasury Bonds).,Fixed Income,Treasury Bonds,BlackRock Asset Management,NGM,XNAS,US46436E4605,False
IBTM,iShares iBonds Dec 2032 Term Treasury ETF,USD,The iShares iBonds Dec 2032 Term Treasury ETF (the “Fund”) seeks to track the investment results of an index composed of U.S. Treasury bonds maturing in 2032. iShares iBonds Dec 2032 Term Treasury ETF is an exchange-traded fund listed on the Nasdaq Global Market under the ticker IBTM and traded in USD. The fund is part of the BlackRock Asset Management range. It is classified as Fixed Income (Treasury Bonds).,Fixed Income,Treasury Bonds,BlackRock Asset Management,NGM,XNAS,US46436E2963,False
IBTO,iShares iBonds Dec 2033 Term Treasury ETF,USD,The iShares iBonds Dec 2033 Term Treasury ETF (the “Fund”) seeks to track the investment results of an index composed of U.S. Treasury bonds maturing in 2033. iShares iBonds Dec 2033 Term Treasury ETF is an exchange-traded fund listed on the Nasdaq Global Market under the ticker IBTO and traded in USD. The fund is part of the BlackRock Asset Management range. It is classified as Fixed Income (Treasury Bonds).,Fixed Income,Treasury Bonds,BlackRock Asset Management,NGM,XNAS,US46436E1486,False
IBTP,iShares iBonds Dec 2034 Term Treasury ETF,USD,The iShares iBonds Dec 2034 Term Treasury ETF (the “Fund”) seeks to track the investment results of an index composed of U.S. Treasury bonds maturing in 2034. iShares iBonds Dec 2034 Term Treasury ETF is an exchange-traded fund listed on the Nasdaq Global Market under the ticker IBTP and traded in USD. The fund is part of the BlackRock Asset Management range. It is classified as Fixed Income (Treasury Bonds).,Fixed Income,Treasury Bonds,BlackRock Asset Management,NGM,XNAS,US46438G6465,False
IBTQ,iShares iBonds Dec 2035 Term Treasury ETF,USD,The iShares iBonds Dec 2035 Term Treasury ETF (the “Fund”) seeks to track the investment results of an index composed of U.S. Treasury bonds maturing in 2035. iShares iBonds Dec 2035 Term Treasury ETF is an exchange-traded fund listed on the Nasdaq Global Market under the ticker IBTQ and traded in USD. The fund is part of the BlackRock Asset Management range. It is classified as Fixed Income (Treasury Bonds).,Fixed Income,Treasury Bonds,BlackRock Asset Management,NGM,XNAS,US46438G4221,False
IBTR,iShares iBonds Dec 2036 Term Treasury ETF,USD,The iShares iBonds Dec 2036 Term Treasury ETF (the “Fund”) seeks to track the investment results of an index composed of U.S. Treasury bonds maturing in 2036. iShares iBonds Dec 2036 Term Treasury ETF is an exchange-traded fund listed on the Nasdaq Global Market under the ticker IBTR and traded in USD. The fund is part of the BlackRock Asset Management range. It is classified as Fixed Income (Treasury Bonds).,Fixed Income,Treasury Bonds,BlackRock Asset Management,NGM,XNAS,US46438G1581,False
ICLN,iShares Global Clean Energy ETF,USD,"The investment seeks to track the investment results of the S&P Global Clean Energy IndexTM composed of global equities in the clean energy sector.
 The index is designed to track the performance of approximately 100 clean energy-related companies. The fund generally invests at least 90% of its assets in the component securities of the index and in investments that have economic characteristics that are substantially identical to the component securities of the index and may invest up to 10% of its assets in certain futures, options and swap contracts, cash and cash equivalents, as well as in securities not included in the index. It is non-diversified.",Equities,Developed Markets,BlackRock Asset Management,NGM,XNAS,US4642882249,False
ICMO,Symmetry Panoramic International Country Momentum ETF,USD,"Symmetry Panoramic International Country Momentum ETF seeks long-term capital growth under active management, investing mostly in ETFs focused on countries or regions, along with individual non-US stocks. A proprietary model ranks markets using six- and twelve-month price momentum to find the strongest ones. It may hold roughly 13 to 26 country ETFs plus broader international, developed or emerging market exposure.",Equities,Factors,Symmetry Panoramic,NGM,XNAS,US87190B8708,False
ICOP,iShares Copper and Metals Mining ETF,USD,The iShares Copper and Metals Mining ETF (the “Fund”) seeks to track the investment results of an index composed of U.S. and non-U.S. equities of companies primarily engaged in copper and metal ore mining.,Materials,Developed Markets,BlackRock Asset Management,NGM,XNAS,US46436E1890,False
IDEF,iShares Defense Industrials and Tech Active ETF,USD,The iShares Defense Industrials and Tech Active ETF normally puts a minimum of 80% of net assets into equity securities of US and non-US defense and related industrial companies. The fund is non-diversified.,Industrials,Developed Markets,BlackRock Asset Management,NGM,XNAS,US09290C6993,False
IDVY,First Trust International Rising Dividend Achievers ETF,USD,The First Trust International Rising Dividend Achievers ETF (the “Fund”) seeks investment results that correspond generally to the price and yield (before the Fund’s fees and expenses) of an equity index called the Nasdaq International Rising Dividend Achievers TM Index (the “Index”).,Equities,Developed Markets,First Trust Advisors,NGM,XNAS,US33741X3008,False
IEI,iShares 3-7 Year Treasury Bond ETF,USD,"The investment seeks to track the investment results of the ICE U.S. Treasury 3-7 Year Bond Index (the ""underlying index"").
 The fund generally invests at least 90% of its assets in the bonds of the underlying index and at least 95% of its assets in U.S. government bonds. The underlying index measures the performance of public obligations of the U.S. Treasury that have a remaining maturity of greater than or equal to three years and less than seven years.",Fixed Income,Treasury Bonds,BlackRock Asset Management,NGM,XNAS,US4642886612,False
IFGL,iShares International Developed Real Estate ETF,USD,"The investment seeks to track the investment results of the FTSE EPRA/NAREIT Developed ex-U.S. Index composed of real estate equities in developed non-U.S. markets.
 The fund generally will invest at least 90% of its assets in the component securities of the underlying index and in investments that have economic characteristics that are substantially identical to the component securities of the underlying index. The underlying index measures the stock performance of companies engaged in the ownership and development of real estate markets in developed countries (except for the United States) as defined by FTSE EPRA/NAREIT.",Real Estate,REITs,BlackRock Asset Management,NGM,XNAS,US4642884898,False
IFLO,VictoryShares International Free Cash Flow ETF,USD,"The VictoryShares International Free Cash Flow ETF (the “Fund”) seeks to provide investment results that closely correspond, before fees and expenses, to the performance of the Victory International Free Cash Flow Index (the “Index”).",Equities,Developed Markets,Victory Capital,NGM,XNAS,US92647X7562,False
IFV,First Trust Dorsey Wright International Focus 5 ETF,USD,"The investment seeks investment results that correspond generally to the price and yield (before fees and expenses) of an index called the Dorsey Wright International Focus Five Index.
 The fund will normally invest at least 90% of its net assets (including investment borrowings) in the ETFs that comprise the index. The index is designed to provide targeted exposure to the five First Trust country/region-based ETFs that the index provider believes offer the greatest potential to outperform the other ETFs in the selection universe.",Equities,Developed Markets,First Trust Advisors,NGM,XNAS,US33738R8869,False
IGF,iShares Global Infrastructure ETF,USD,"The investment seeks to track the S&P Global Infrastructure IndexTM.
 The fund generally invests at least 90% of its assets in the component securities of the index and in investments that have economic characteristics that are substantially identical to the component securities and may invest up to 10% of its assets in certain futures, options and swap contracts, cash and cash equivalents. The index is designed to track performance of the stocks of large infrastructure companies in developed or emerging markets that must be domiciled in developed markets, or whose stocks are listed on developed market exchanges around the world.",Equities,Developed Markets,BlackRock Asset Management,NGM,XNAS,US4642883726,False
IGSB,iShares 1-5 Year Investment Grade Corporate Bond ETF,USD,"The investment seeks to track the investment results of the ICE BofA 1-5 Year US Corporate Index.
 The fund generally invests at least 90% of its assets in securities of the underlying index. The underlying index measures the performance of investment-grade corporate bonds of both U.S. and non-U.S. issuers that are U.S. dollar-denominated and publicly issued in the U.S. domestic market and have a remaining maturity of greater than or equal to one year and less than five years.",Fixed Income,Corporate Bonds,BlackRock Asset Management,NGM,XNAS,US4642886463,False
IJT,iShares S&P Small-Cap 600 Growth ETF,USD,"The investment seeks to track the investment results of the S&P SmallCap 600 Growth IndexTM, which measures the performance of the small-capitalization growth sector of the U.S. equity market.
 The fund invests at least 80% of its assets in the component securities of its index and in investments that have economic characteristics that are substantially identical to the component securities of its index and may invest up to 20% of its assets in certain futures, options and swap contracts, cash and cash equivalents, but which BFA believes will help the fund track the index.",Equities,Small Cap,BlackRock Asset Management,NGM,XNAS,US4642878874,False
ILIT,iShares Lithium Miners and Producers ETF,USD,The iShares Lithium Miners and Producers ETF (the “Fund”) seeks to track the investment results of an index composed of U.S. and non-U.S. equities of companies primarily engaged in lithium ore mining and/or lithium compounds manufacturing.,Materials,Emerging Markets,BlackRock Asset Management,NGM,XNAS,US46436E1718,False
IMCV,iShares Morningstar Mid-Cap Value ETF,USD,"The investment seeks to track the investment results of the Morningstar® US Mid Cap Broad Value IndexSM composed of mid-capitalization U.S. equities that exhibit value characteristics.
 The fund generally invests at least 90% of its assets in securities of the underlying index and in depositary receipts representing securities of the underlying index. The underlying index measures the performance of stocks issued by mid-capitalization companies that have exhibited “value” characteristics as determined by Morningstar, Inc.’s (“Morningstar” or the “index provider”) proprietary index methodology.",Equities,Mid Cap,BlackRock Asset Management,NGM,XNAS,US4642884062,False
IND,Xtrackers Nifty 500 India ETF,USD,"The fund seeks investment results that correspond generally to the performance, before fees and expenses, of the Nifty 500 Index. Xtrackers Nifty 500 India ETF is an exchange-traded fund listed on the Nasdaq Global Market under the ticker IND and traded in USD. The fund is part of the Xtrackers range. It is classified as Equities (Emerging Markets).",Equities,Emerging Markets,Xtrackers,NGM,XNAS,US23306X7874,False
INDH,WisdomTree India Hedged Equity Fund,USD,"The WisdomTree India Hedged Equity Fund (the “Fund”) seeks to track the price and yield performance, before fees and expenses, of the WisdomTree India Hedged Equity Index (the “Index”).",Derivatives,,WisdomTree Asset Management,NGM,XNAS,US97717Y4281,False
INDQ,Pacer ActiveAlpha India Quality ETF,USD,"The Pacer ActiveAlpha India Quality ETF (the “Fund”) that seeks to track the total return performance, before fees and expenses, of the ActiveAlpha India Quality Index (the “Index”).",Equities,Factors,Pacer,NGM,XNAS,US69374H1968,False
INDY,iShares India 50 ETF,USD,"The investment seeks to track the investment results of the Nifty 50 IndexTM composed of 50 of the largest Indian equities.
 The Subsidiary and the fund will collectively invest at least 90% of the fund's assets in the component securities of the underlying index and in investments that have economic characteristics that are substantially identical to the component securities of the underlying index. The underlying index measures the equity performance of the top 50 companies by free float market capitalization whose equity securities trade in the Indian securities markets. The fund is non-diversified.",Equities,Emerging Markets,BlackRock Asset Management,NGM,XNAS,US4642895290,False
INRO,iShares U.S. Industry Rotation Active ETF,USD,The iShares U.S. Industry Rotation Active ETF is an actively managed fund aiming for lasting growth in the value of investments across a long horizon.,Equities,Developed Markets,BlackRock Asset Management,NGM,XNAS,US09290C8304,False
INTW,GraniteShares 2x Long INTC Daily ETF,USD,"The Fund seeks daily investment results, before fees and expenses, of 2 times (200%) the daily percentage change of the common stock of Intel Corp. (NASDAQ: INTC).",Derivatives,Trading,Graniteshares,NGM,XNAS,US38747R5533,False
IONL,GraniteShares 2x Long IONQ Daily ETF,USD,"The Fund seeks daily investment results, before fees and expenses, of 2 times (200%) the daily percentage change of the common stock of IonQ, Inc. (NYSE: IONQ).",Derivatives,Trading,Graniteshares,NGM,XNAS,US38747R5467,False
IONX,Defiance Daily Target 2X Long IONQ ETF,USD,"The Fund seeks daily investment results, before fees and expenses, of two times (200%) the daily percentage change in the share price of IonQ, Inc. (NYSE: IONQ). The Fund does not seek to achieve its stated investment objective for a period other than a single trading day.",Derivatives,Trading,Defiance ETFs,NGM,XNAS,US88636Y5087,False
IONZ,Defiance Daily Target 2x Short IONQ ETF,USD,"The Fund seeks daily inverse investment results, before fees and expenses, of -2 times (-200%) the daily percentage change in the share price of IonQ Inc. (NYSE: IONQ) The Fund does not seek to achieve its stated investment objective for a period other than a single trading day.",Derivatives,Trading,Defiance ETFs,NGM,XNAS,US88636Y4908,False
IOYY,GraniteShares YieldBOOST IONQ ETF,USD,"The Fund’s primary investment objective is to achieve 2 times (200%) the income generated from selling options on IonQ, Inc. ‘s commons share (NYSE: IONQ) (the “Underlying Stock”) by selling options on leveraged exchange-traded funds designed to deliver 2 times (200%) the daily performance of the Underlying Stock (the “Underlying Leveraged ETF”). The Fund’s secondary investment objective is to gain exposure to the performance of the Underlying Leveraged ETF, subject to a cap on potential investment gains. A downside protection may be implemented which could affect the net income level.",,,Graniteshares,NGM,XNAS,US38747R2316,False
IPKW,Invesco International BuyBack Achievers ETF,USD,"The investment seeks to track the investment results (before fees and expenses) of the Nasdaq International BuyBack AchieversTM Index (the ""underlying index"").
 The fund generally will invest at least 90% of its total assets in the securities that comprise the underlying index. Strictly in accordance with its guidelines and mandated procedures, Nasdaq, Inc. (""Nasdaq"" or the ""index provider"") compiles, maintains, and calculates the underlying index, which is comprised of the securities of foreign companies that are classified as ""International BuyBack AchieversTM"" pursuant to the index provider's proprietary selection methodology. It is non-diversified.",Equities,Developed Markets,Invesco Investment Management,NGM,XNAS,US46138E6445,False
IQGR,Astoria International Quality Growth Kings ETF,USD,The Astoria International Quality Growth Kings ETF (the “Fund”) seeks to provide long-term capital appreciation. Astoria International Quality Growth Kings ETF is an exchange-traded fund listed on the Nasdaq Global Market under the ticker IQGR and traded in USD. The fund is part of the Astoria range. It is classified as Equities (Growth).,Equities,Factors,Astoria,NGM,XNAS,US02072Q8794,False
IQQ,iShares Nasdaq 100 ETF,USD,The iShares Nasdaq 100 ETF (the “Fund”) seeks to track the investment results of an index composed of 100 of the largest non-financial companies listed on the Nasdaq Stock Market based on market capitalization.,Equities,Large Cap,BlackRock Asset Management,NGM,XNAS,US46438T3095,False
IQQQ,ProShares Nasdaq-100 High Income ETF,USD,"ProShares Nasdaq-100 High Income ETF (the “Fund”) seeks investment results, before fees and expenses, that track the performance of the Nasdaq-100 Daily Covered Call Index (the “Index”).",Equities,Large Cap,ProShares,NGM,XNAS,US74347G2342,False
IREG,Leverage Shares 2X Long IREN Daily ETF,USD,"The Leverage Shares 2x Long IREN Daily ETF is a daily-leveraged bullish fund for active traders who want to magnify short-term results. It aims to deliver twice (200%) the daily performance of IREN stock, before fees and operating expenses.",Derivatives,Trading,Leverage Shares,NGM,XNAS,US88340F1003,False
ISHP,First Trust S-Network E-Commerce ETF,USD,The First Trust S-Network E-Commerce ETF (the “Fund”) seeks investment results that correspond generally to the price and yield (before the Fund’s fees and expenses) of an equity index called the S-Network Global E-Commerce Index TM (the “Index”).,Equities,Developed Markets,First Trust Advisors,NGM,XNAS,US33738R8299,False
ISTB,iShares Core 1-5 Year USD Bond ETF,USD,"The investment seeks to track the investment results of the Bloomberg Barclays U.S. Universal 1-5 Year Index, which measures the performance of U.S. dollar-denominated taxable bonds that are rated either investment-grade or high yield with remaining effective maturities between one and five years.
 The fund invests at least 90% of its assets in the component securities of the index and in investments that have economic characteristics that are substantially identical to the component securities and may invest up to 10% of its assets in certain futures, options and swap contracts, cash and cash equivalents, as well as in securities not included in the index.",Fixed Income,Corporate Bonds,BlackRock Asset Management,NGM,XNAS,US46432F8591,False
ISTM,iShares Strategic Metals ETF,USD,"The iShares Strategic Metals ETF (the ""Fund"") seeks to track the investment results of a commodities futures index that provides strategic exposure to metals that are essential to several structural themes, such as AI infrastructure, manufacturing, energy production and distribution, and national security.",Commodities,,BlackRock Asset Management,NGM,XNAS,US46431W5159,False
ISUL,GraniteShares 2x Long ISRG Daily ETF,USD,"GraniteShares 2x Long ISRG Daily ETF aims, before fees and expenses, to deliver 200% of the daily percentage move in Intuitive Surgical, Inc. common stock, though even that daily goal is not assured. It is not built to provide double ISRG's cumulative return over periods beyond one day, and investors should not expect it to.",Derivatives,Trading,Graniteshares,NGM,XNAS,US38747R2233,False
IUSB,iShares Core Total USD Bond Market ETF,USD,"The investment seeks to track the investment results of the Bloomberg Barclays U.S. Universal Index.
 The fund generally will invest at least 90% of its assets in the component securities of the underlying index and may invest up to 10% of its assets in certain futures, options and swap contracts, cash and cash equivalents, including shares of money market funds advised by BFA or its affiliates, as well as in securities not included in the underlying index, but which BFA believes will help the fund track the underlying index. The index measures the performance of U.S. dollar-denominated taxable bonds that are rated either investment-grade or high yield.",Fixed Income,Corporate Bonds,BlackRock Asset Management,NGM,XNAS,US46434V6130,False
IUSG,iShares Core S&P U.S. Growth ETF,USD,"The investment seeks to track the investment results of the S&P 900 Growth Index (the ""underlying index"").
 The fund generally invests at least 90% of its assets in securities of the underlying index and in depositary receipts representing securities of the underlying index. The underlying index measures the performance of the large- and mid- capitalization growth sector of the U.S. equity market.",Equities,Growth,BlackRock Asset Management,NGM,XNAS,US4642876712,False
IUSV,iShares Core S&P U.S. Value ETF,USD,"The investment seeks to track the investment results of the S&P 900 Value Index (the ""underlying index""), which measures the performance of the large- and mid-capitalization value sector of the U.S. equity market.
 The fund generally invests at least 90% of its assets in securities of the underlying index and in depositary receipts representing securities of the underlying index. It may invest the remainder of its assets in certain futures, options and swap contracts, cash and cash equivalents, as well as in securities not included in the underlying index, but which the advisor believes will help the fund track the underlying index.",Equities,Value,BlackRock Asset Management,NGM,XNAS,US4642876639,False
IVSI,Applied Finance IVS International Large ETF,USD,The Applied Finance IVS International Large ETF (the “Fund”) seeks long term capital appreciation. Applied Finance IVS International Large ETF is an exchange-traded fund listed on the Nasdaq Global Market under the ticker IVSI and traded in USD. The fund is part of the Applied Finance range. It is classified as Equities (Developed Markets).,Equities,Developed Markets,Applied Finance,NGM,XNAS,US26923W2070,False
IVSS,Applied Finance IVS US SMID ETF,USD,The Applied Finance IVS US SMID ETF (the “Fund”) seeks long term capital appreciation. Applied Finance IVS US SMID ETF is an exchange-traded fund listed on the Nasdaq Global Market under the ticker IVSS and traded in USD. The fund is part of the Applied Finance range. It is classified as Equities (Small Cap).,Equities,Developed Markets,Applied Finance,NGM,XNAS,US26923W1080,False
IVSX,Applied Finance IVS International SMID ETF,USD,The Applied Finance IVS International SMID ETF (the “Fund”) seeks long term capital appreciation. Applied Finance IVS International SMID ETF is an exchange-traded fund listed on the Nasdaq Global Market under the ticker IVSX and traded in USD. The fund is part of the Applied Finance range. It is classified as Equities (Developed Markets).,Equities,Developed Markets,Applied Finance,NGM,XNAS,US26923W3060,False
JAPN,Horizon Kinetics Japan Owner Operator ETF,USD,The Horizon Kinetics Japan Owner Operator ETF (the “Japan Owner Operator ETF” or the “Fund”) seeks long-term growth of capital. Horizon Kinetics Japan Owner Operator ETF is an exchange-traded fund listed on the Nasdaq Global Market under the ticker JAPN and traded in USD. The fund is part of the Horizon Kinetics range. It is classified as Equities (Developed Markets).,Equities,Developed Markets,Horizon Kinetics,NGM,XNAS,US53656H8354,False
JDOC,JPMorgan Healthcare Leaders ETF,USD,JPMorgan Healthcare Leaders ETF is an exchange-traded fund listed on the Nasdaq Global Market under the ticker JDOC and traded in USD. The fund is part of the JPMorgan Asset Management range. It is classified as Health Care (Developed Markets).,Health Care,Developed Markets,JPMorgan Asset Management,NGM,XNAS,US46654Q7658,False
JEPQ,JPMorgan Nasdaq Equity Premium Income ETF,USD,JPMorgan Nasdaq Equity Premium Income ETF is an exchange-traded fund listed on the Nasdaq Global Market under the ticker JEPQ and traded in USD. The fund is part of the JPMorgan Asset Management range. It is classified as Derivatives (Large Cap).,Derivatives,Large Cap,JPMorgan Asset Management,NGM,XNAS,US46654Q2030,False
JGLO,JPMorgan Global Select Equity ETF,USD,JPMorgan Global Select Equity ETF is an exchange-traded fund listed on the Nasdaq Global Market under the ticker JGLO and traded in USD. The fund is part of the JPMorgan Asset Management range. It is classified as Equities (Developed Markets).,Equities,Developed Markets,JPMorgan Asset Management,NGM,XNAS,US46654Q7401,False
JHAI,Janus Henderson Global Artificial Intelligence ETF,USD,Janus Henderson Global Artificial Intelligence ETF seeks long-term growth of capital. Janus Henderson Global Artificial Intelligence ETF is an exchange-traded fund listed on the Nasdaq Global Market under the ticker JHAI and traded in USD. The fund is part of the Janus Henderson range. It is classified as Information Technology (Developed Markets).,Equities,Developed Markets,Janus Henderson,NGM,XNAS,US47103U6709,False
JINT,Janus Henderson International Core Alpha ETF,USD,Janus Henderson International Core Alpha ETF seeks to provide long-term growth of capital. Janus Henderson International Core Alpha ETF is an exchange-traded fund listed on the Nasdaq Global Market under the ticker JINT and traded in USD. The fund is part of the Janus Henderson range. It is classified as Equities (Developed Markets).,Equities,Developed Markets,Janus Henderson,NGM,XNAS,US47103U5974,False
JIVE,JPMorgan International Value ETF,USD,JPMorgan International Value ETF is an exchange-traded fund listed on the Nasdaq Global Market under the ticker JIVE and traded in USD. The fund is part of the JPMorgan Asset Management range. It is classified as Equities (Value).,Equities,Value,JPMorgan Asset Management,NGM,XNAS,US46654Q7575,False
JLVP,JPMorgan U.S. Large Cap Value Plus ETF,USD,JPMorgan U.S. Large Cap Value Plus ETF is an exchange-traded fund listed on the Nasdaq Global Market under the ticker JLVP and traded in USD. The fund is part of the JPMorgan Asset Management range. It is classified as Equities (Value).,Equities,Value,JPMorgan Asset Management,NGM,XNAS,US46654Q4432,False
JMID,Janus Henderson Mid Cap Growth Alpha ETF,USD,Janus Henderson Mid Cap Growth Alpha ETF seeks to provide long-term growth of capital. Janus Henderson Mid Cap Growth Alpha ETF is an exchange-traded fund listed on the Nasdaq Global Market under the ticker JMID and traded in USD. The fund is part of the Janus Henderson range. It is classified as Equities (Mid Cap).,Equities,Mid Cap,Janus Henderson,NGM,XNAS,US47103U7202,False
JOET,Virtus Terranova U.S. Quality Momentum ETF,USD,"The investment seeks investment results that correspond, before fees and expenses, to the price and yield performance of the Terranova U.S. Quality Momentum Index.
 Under normal market conditions, the fund will invest not less than 80% of its assets in component securities of the index. The index is designed to track the performance of quality large-capitalization companies listed in the United States. The index includes common stock and ADRs. The fund will invest not less than 80% of its net assets (plus the amount of any borrowings for investment purposes) in U.S. securities.",Equities,Factors,Virtus,NGM,XNAS,US92790A5048,False
JOYT,JPMorgan Equity and Options Total Return ETF,USD,JPMorgan Equity and Options Total Return ETF is an exchange-traded fund listed on the Nasdaq Global Market under the ticker JOYT and traded in USD. The fund is part of the JPMorgan Asset Management range. It is classified as Derivatives (Large Cap).,Derivatives,Large Cap,JPMorgan Asset Management,NGM,XNAS,US46654Q5678,False
JPEF,JPMorgan Equity Focus ETF,USD,JPMorgan Equity Focus ETF is an exchange-traded fund listed on the Nasdaq Global Market under the ticker JPEF and traded in USD. The fund is part of the JPMorgan Asset Management range. It is classified as Equities (Blend).,Equities,Developed Markets,JPMorgan Asset Management,NGM,XNAS,US46654Q7815,False
JPFP,JPMorgan Managed Futures Plus ETF,USD,JPMorgan Managed Futures Plus ETF is an exchange-traded fund listed on the Nasdaq Global Market under the ticker JPFP and traded in USD. The fund is part of the JPMorgan Asset Management range. It is classified as Alternatives (Blend).,Equities,Developed Markets,JPMorgan Asset Management,NGM,XNAS,US46654Q5264,False
JPY,Lazard Japanese Equity ETF,USD,The Portfolio seeks long-term capital appreciation. Lazard Japanese Equity ETF is an exchange-traded fund listed on the Nasdaq Global Market under the ticker JPY and traded in USD. The fund is part of the Lazard Asset Management range. It is classified as Equities (Developed Markets).,Equities,Developed Markets,Lazard Asset Management,NGM,XNAS,US52110K1034,False
JSMD,Janus Henderson Small/Mid Cap Growth Alpha ETF,USD,"The investment seeks investment results that correspond generally, to the performance of its underlying index, the Janus Henderson Small/Mid Cap Growth Alpha Index.
 The fund pursues its investment objective by normally investing at least 80% of its net assets in the securities that comprise the underlying index. The underlying index is composed of common stocks of small- and medium-sized companies that are included in the Solactive Small/Mid Cap Index, a universe of 2,500 small- and medium-sized capitalization stocks.",Equities,Mid Cap,Janus Henderson,NGM,XNAS,US47103U2096,False
JSML,Janus Henderson Small Cap Growth Alpha ETF,USD,"The investment seeks investment results that correspond generally, before fees and expenses, to the performance of its underlying index, the Janus Henderson Small Cap Growth Alpha Index.
 The fund pursues its investment objective by normally investing at least 80% of its net assets in the securities that comprise the underlying index. The underlying index is composed of common stocks of small-sized companies that are included in the Solactive Small Cap Index, a universe of 2,000 small-sized capitalization stocks.",Equities,Small Cap,Janus Henderson,NGM,XNAS,US47103U1007,False
JTEK,JPMorgan U.S. Tech Leaders ETF,USD,JPMorgan U.S. Tech Leaders ETF is an exchange-traded fund listed on the Nasdaq Global Market under the ticker JTEK and traded in USD. The fund is part of the JPMorgan Asset Management range. It is classified as Information Technology (Developed Markets).,Information Technology,Developed Markets,JPMorgan Asset Management,NGM,XNAS,US46654Q7328,False
KAT,Scharf ETF,USD,The Scharf ETF (the “Fund”) seeks long-term capital appreciation. Scharf ETF is an exchange-traded fund listed on the Nasdaq Global Market under the ticker KAT and traded in USD. The fund is part of the Scharf Investments range. It is classified as Equities (Blend).,Equities,Developed Markets,Scharf Investments,NGM,XNAS,US00770X2201,False
KBAB,KraneShares 2x Long BABA Daily ETF,USD,"The Fund seeks daily investment results, before fees and expenses, of two times (200%) the daily percentage change of the ADR of Alibaba Group Holding Limited (NYSE: BABA).",Derivatives,Trading,KraneShares,NGM,XNAS,US5007672802,False
KBDU,KraneShares 2x Long BIDU Daily ETF,USD,"The Fund seeks daily investment results, before fees and expenses, of two times (200%) the daily percentage change of the ADR of Baidu Inc. (NASDAQ: BIDU). KraneShares 2x Long BIDU Daily ETF is an exchange-traded fund listed on the Nasdaq Global Market under the ticker KBDU and traded in USD. The fund is part of the KraneShares range. It is classified as Derivatives (Large Cap).",Derivatives,Trading,KraneShares,NGM,XNAS,US5007673149,False
KBWP,Invesco KBW Property & Casualty Insurance ETF,USD,"The investment seeks to track the investment results (before fees and expenses) of the KBW Nasdaq Property & Casualty Index (the ""underlying index"").
 The fund generally will invest at least 90% of its total assets in the securities that comprise the underlying index. The underlying index is a modified-market capitalization-weighted index designed to track the performance of companies primarily engaged in U.S. property and casualty insurance activities, as determined by the index provider. The fund is non-diversified.",Financials,Developed Markets,Invesco Investment Management,NGM,XNAS,US46138E5868,False
KBWR,Invesco KBW Regional Banking ETF,USD,"The investment seeks to track the investment results (before fees and expenses) of the KBW Nasdaq Regional Banking Index (the ""underlying index"").
 The fund generally will invest at least 90% of its total assets in the securities that comprise the underlying index. The underlying index is a modified-market capitalization-weighted index comprised of companies primarily engaged in U.S. regional banking activities, as determined by the index provider. The underlying index is designed to track the performance of U.S. regional banking and thrift companies that are publicly-traded in the U.S.",Financials,Developed Markets,Invesco Investment Management,NGM,XNAS,,True
KBWY,Invesco KBW Premium Yield Equity REIT ETF,USD,"The investment seeks to track the investment results (before fees and expenses) of the KBW Nasdaq Premium Yield Equity REIT Index (the ""underlying index"").
 The fund generally will invest at least 90% of its total assets in the securities that comprise the underlying index. The underlying index is a modified-dividend yield-weighted index of domestic equity real estate investment trusts (""REITs"") of small- and mid-capitalization, as determined by the index provider. The underlying index is designed to track the performance of small- and mid-capitalization equity REITs that have competitive dividend yields and are publicly-traded in the U.S.",Derivatives,,Invesco Investment Management,NGM,XNAS,US46138E5942,False
KEAT,Keating Active ETF,USD,The Keating Active ETF (the “Fund”) seeks total return which consists of income and capital appreciation. Keating Active ETF is an exchange-traded fund listed on the Nasdaq Global Market under the ticker KEAT and traded in USD. The fund is part of the Keating range. It is classified as Equities (Blend).,Equities,Developed Markets,Keating,NGM,XNAS,US02072L2685,False
KIQQ,KraneShares InspereX Nasdaq Dynamic Buffered High Income Index ETF,USD,"The KraneShares InspereX Nasdaq Dynamic Buffered High Income Index ETF (the “Fund”) seeks to provide investment results that, before fees and expenses, correspond generally to the price and yield performance of a specific equity and derivative securities index. The Fund’s current index is the Nasdaq InspereX Dynamic Buffered High Income™ Index (the “Underlying Index”).",Derivatives,Large Cap,KraneShares,NGM,XNAS,US5007671994,False
KJD,KraneShares 2x Long JD Daily ETF,USD,"The Fund seeks daily investment results, before fees and expenses, of two times (200%) the daily percentage change of the ADR of JD.com, Inc. (NASDAQ: JD). KraneShares 2x Long JD Daily ETF is an exchange-traded fund listed on the Nasdaq Global Market under the ticker KJD and traded in USD. The fund is part of the KraneShares range. It is classified as Derivatives (Large Cap).",Derivatives,Trading,KraneShares,NGM,XNAS,US5007673222,False
KLAG,Leverage Shares 2x Long KLAC Daily ETF,USD,"The Leverage Shares 2x Long KLAC Daily ETF, part of Themes ETF Trust, gives bullish, leveraged exposure to the shares of KLA Corporation through swap agreements. It seeks daily leveraged exposure equal to 200% of net assets, rebalancing each day, and is intended for tactical short-term use, not for holding over the long run.",Derivatives,Trading,Leverage Shares,NGM,XNAS,US88340F7539,False
KMLI,KraneShares 2x Long MELI Daily ETF,USD,"The Fund seeks daily investment results, before fees and expenses, of two times (200%) the daily percentage change of the ADR of MercadoLibre, Inc. (NASDAQ: MELI).",Derivatives,Trading,KraneShares,NGM,XNAS,US5007672497,False
KNGZ,First Trust S&P 500 Diversified Dividend Aristocrats ETF,USD,The First Trust S&P 500 Diversified Dividend Aristocrats ETF (the “Fund”) seeks investment results that correspond generally to the price and yield (before the Fund’s fees and expenses) of an equity index called the S&P 500 ® Sector-Neutral Dividend Aristocrats Index (the “Index”).,Equities,Large Cap,First Trust Advisors,NGM,XNAS,US33738R7382,False
KOID,KraneShares Global Humanoid Robotics and Physical AI Index ETF,USD,"The Fund seeks to provide investment results that, before fees and expenses, correspond generally to the price and yield performance of a specific equity securities index. The Fund’s current index is the MerQube Global Humanoid Robotics and Physical AI Index (the “Underlying Index”).",Equities,Developed Markets,KraneShares,NGM,XNAS,US5007677512,False
KPDD,KraneShares 2x Long PDD Daily ETF,USD,"The Fund seeks daily investment results, before fees and expenses, of two times (200%) the daily percentage change of the ADR of PDD Holdings Inc. (NASDAQ: PDD).",Derivatives,Trading,KraneShares,NGM,XNAS,US5007673305,False
KQQQ,Kurv Technology Titans Select ETF,USD,"The Kurv Technology Titans Select ETF (the “Fund”) seeks maximum total return, consistent with prudent investment management. Kurv Technology Titans Select ETF is an exchange-traded fund listed on the Nasdaq Global Market under the ticker KQQQ and traded in USD. The fund is part of the Kurv ETFs range. It is classified as Information Technology (Developed Markets).",Equities,Developed Markets,Kurv ETFs,NGM,XNAS,US5009483026,False
KRMA,Global X Conscious Companies ETF,USD,"The investment seeks to provide investment results that correspond generally to the price and yield performance, before fees and expenses, of the Concinnity Conscious Companies Index.
 The fund invests at least 80% of its total assets in the securities of the underlying index. The underlying index is designed to provide exposure to companies listed in the U.S. that operate their businesses in a sustainable and responsible manner, as measured by their ability to achieve positive outcomes that are consistent with a multi-stakeholder operating system (""MsOS""), as defined by the provider of the underlying index.",Equities,Developed Markets,Global X Funds,NGM,XNAS,US37954Y7316,True
KROP,Global X AgTech & Food Innovation ETF,USD,"The Global X AgTech & Food Innovation ETF (""Fund"") seeks to provide investment results that correspond generally to the price and yield performance, before fees and expenses, of the Solactive AgTech & Food Innovation Index (""Underlying Index"").",Equities,Developed Markets,Global X Funds,NGM,XNAS,US37960A1988,False
KSMH,xETFs Korea AI Semiconductor,USD,The xETFs Korea AI Semiconductor ETF (the “KSMH ETF” or the “Fund”) seeks long-term capital appreciation. xETFs Korea AI Semiconductor is an exchange-traded fund listed on the Nasdaq Global Market under the ticker KSMH and traded in USD. The fund is part of the xETFs range. It is classified as Information Technology (Emerging Markets).,Information Technology,Emerging Markets,xETFs,NGM,XNAS,US53656H5798,False
LCDS,JPMorgan Fundamental Data Science Large Core ETF,USD,JPMorgan Fundamental Data Science Large Core ETF is an exchange-traded fund listed on the Nasdaq Global Market under the ticker LCDS and traded in USD. The fund is part of the JPMorgan Asset Management range. It is classified as Equities (Large Cap).,Equities,Developed Markets,JPMorgan Asset Management,NGM,XNAS,US46654Q6825,False
LDRX,SGI Enhanced Market Leaders ETF,USD,SGI Enhanced Market Leaders ETF is an exchange-traded fund listed on the Nasdaq Global Market under the ticker LDRX and traded in USD. The fund is part of the SGI range. It is classified as Equities (Blend).,Equities,Developed Markets,SGI,NGM,XNAS,US74933W1898,False
LDSF,First Trust Low Duration Strategic Focus ETF,USD,"The investment seeks to generate current income, with a secondary objective of preservation of capital.
 Under normal market conditions, the fund seeks to achieve its investment objectives by investing at least 80% of its net assets (including investment borrowings) in a portfolio of U.S.-listed exchange-traded funds (""ETFs"") that principally invest in income-generating securities that provide it with a duration of three years or less. A significant portion of the ETFs in which the fund invests may be advised by First Trust. The fund is non-diversified.",Fixed Income,Bonds,First Trust Advisors,NGM,XNAS,US33740F8703,False
LEGR,First Trust Indxx Innovative Transaction & Process ETF,USD,"The investment seeks investment results that correspond generally to the price and yield (before the fund's fees and expenses) of an index called the Indxx Blockchain Index (the ""index"").
 The fund will normally invest at least 90% of its net assets (including investment borrowings) in common stocks and depositary receipts that comprise the index. The index is designed to track the performance of companies that are either actively using, investing in, developing, or have products that are poised to benefit from blockchain technology and/or the potential for increased efficiency that it provides to various business processes.",Equities,Developed Markets,First Trust Advisors,NGM,XNAS,US33741X2018,False
LEXI,Alexis Practical Tactical ETF,USD,"The Alexis Practical Tactical ETF (the “Fund”) seeks total return primarily through long-term capital appreciation, with income and capital preservation as secondary objectives.",Equities,Allocation,Alexis,NGM,XNAS,US53656F4256,False
LFSC,F/m Emerald Life Sciences Innovation ETF,USD,F/m Emerald Life Sciences Innovation ETF is an exchange-traded fund listed on the Nasdaq Global Market under the ticker LFSC and traded in USD. The fund is part of the F/m Investments range. It is classified as Health Care (Developed Markets).,Equities,Developed Markets,F/m Investments,NGM,XNAS,US74933W2219,False
LGDS,JPMorgan Fundamental Data Science Large Growth ETF,USD,JPMorgan Fundamental Data Science Large Growth ETF is an exchange-traded fund listed on the Nasdaq Global Market under the ticker LGDS and traded in USD. The fund is part of the JPMorgan Asset Management range. It is classified as Equities (Growth).,Equities,Growth,JPMorgan Asset Management,NGM,XNAS,US46654Q4507,False
LGRO,Level Four Large Cap Growth Active ETF,USD,The Fund seeks maximum total return and above peer average risk-adjusted return. Level Four Large Cap Growth Active ETF is an exchange-traded fund listed on the Nasdaq Global Market under the ticker LGRO and traded in USD. The fund is part of the Level Four range. It is classified as Equities (Growth).,Equities,Growth,Level Four,NGM,XNAS,US00162Q3535,False
LINT,Direxion Daily INTC Bull 2X ETF,USD,"The Fund seeks daily investment results, before fees and expenses, of 200% of the daily performance of INTC. The Fund does not seek to achieve its stated investment objective for a period of time different than a trading day.",Derivatives,Trading,Direxion Funds,NGM,XNAS,US25461H8126,False
LITP,Sprott Lithium Miners ETF,USD,"The Sprott Lithium Miners ETF offers focused exposure to companies in the global lithium industry, aiming to support a shift toward a less carbon-intensive economy. It holds a concentrated portfolio of roughly 40 to 50 US and international firms mainly engaged in lithium mining, exploration and development.",Materials,Developed Markets,Sprott,NGM,XNAS,US85208P7096,False
LMTL,Direxion Daily LMT Bull 2X ETF,USD,"The Fund seeks daily investment results, before fees and expenses, of 200% of the daily performance of LMT. The Fund does not seek to achieve its stated investment objective for a period of time different than a trading day.",Derivatives,Trading,Direxion Funds,NGM,XNAS,US25461H8878,False
LOGO,Alpha Brands Consumption Leaders ETF,USD,The Alpha Brands™ Consumption Leaders ETF (the “Fund”) has a primary investment objective to seek long-term capital appreciation. The Fund’s secondary investment objective is to seek to preserve capital during adverse market conditions.,Equities,Developed Markets,,NGM,XNAS,US45259A4498,False
LOTI,Liberty One Tactical Income ETF,USD,"The Liberty One Tactical Income ETF pairs holdings in well-known US dividend-paying companies with a flexible fixed income allocation. The equity portion targets businesses the adviser views as resilient in downturns, with steady demand, predictable revenue and lower sensitivity to economic swings.",Equities,Allocation,Liberty One,NGM,XNAS,US90214Q4516,False
LQ,Simplify Tax Aware Alternatives ETF,USD,"The Simplify Tax Aware Alternatives ETF seeks long-term capital appreciation through a diverse set of alternative strategies, which may include managed futures, foreign currencies, commodities and energy. By combining strategies with low correlation to stocks and bonds, it aims to diversify a traditional portfolio.",Alternatives,Alternative,Simplify Asset Management,NGM,XNAS,US82889N1946,False
LRND,NYLIM U.S. Large Cap R&D Leaders ETF,USD,"The Fund seeks investment results that correspond (before fees and expenses) generally to the price and yield performance of its underlying index, the NYLIM U.S. Large Cap R&D Leaders Index (the “Underlying Index”).",Information Technology,Large Cap,New York Life Investments,NGM,XNAS,US45409B2631,False
LULG,Leverage Shares 2X Long LULU Daily ETF,USD,"The Leverage Shares 2x Long LULU Daily ETF is a daily-leveraged bullish fund for active traders who want to magnify short-term results. It aims to deliver twice (200%) the daily performance of LULU stock, before fees and operating expenses. The target is measured after deducting costs and charges.",Derivatives,Trading,Leverage Shares,NGM,XNAS,US88340C7276,False
LVDS,JPMorgan Fundamental Data Science Large Value ETF,USD,JPMorgan Fundamental Data Science Large Value ETF is an exchange-traded fund listed on the Nasdaq Global Market under the ticker LVDS and traded in USD. The fund is part of the JPMorgan Asset Management range. It is classified as Equities (Value).,Equities,Value,JPMorgan Asset Management,NGM,XNAS,US46654Q5835,False
LVHD,Legg Mason Low Volatility High Dividend ETF,USD,"The investment seeks to track the investment results of the QS Low Volatility High Dividend Index composed of equity securities of U.S. companies with relatively high yield and low price and earnings volatility.
 The index is composed of stocks of U.S. companies across a wide range of market capitalizations, including the largest 3,000 U.S. stocks as determined by the Solactive US Broad Market Index. The fund will invest at least 80% of its net assets, plus borrowings for investment purposes, if any, in securities that compose the index.",Equities,Factors,Franklin Templeton Investments,NGM,XNAS,US52468L4068,False
LVIG,Longview Advantage Fixed Income ETF,USD,"The Longview Advantage Fixed Income ETF is an actively managed fund seeking sustained capital growth over the long term. It invests in a diverse collection of debt instruments using an adaptable, well-researched approach that lets it distribute holdings across various bond market segments.",Fixed Income,Blend,Longview Advantage,NGM,XNAS,US75526L6627,False
MAAY,GraniteShares YieldBOOST MARA ETF,USD,"The Fund’s primary investment objective is to achieve 2 times (200%) the income generated from selling options on MARA Holdings Inc.’s common stock (NASDAQ: MARA) (the “Underlying Stock”) by selling options on leveraged exchange-traded funds designed to deliver 2 times (200%) the daily performance of the Underlying Stock (the “Underlying Leveraged ETF”). The Fund’s secondary investment objective is to gain exposure to the performance of the Underlying Leveraged ETF, subject to a cap on potential investment gains. A downside protection may be implemented which could affect the net income level.",,,Graniteshares,NGM,XNAS,US38747R2498,False
MAGS,Roundhill Magnificent Seven ETF,USD,"Magal Security Systems Ltd. develops, manufactures, markets, and sells perimeter intrusion detection sensors, physical barriers, video analytics and management systems, cyber security products and systems, and security video observation and surveillance systems. The company operates through two segments, Products and Projects. It offers perimeter security products that enable customers to monitor, limit, and control access by unauthorized personnel to specific regions or areas. The company's perimeter security systems include fence mounted detection systems; detection grids, gates, and fences to protect water passages, VIP residences, and other outdoor applications; buried sensors; hybrid perimeter intrusion detection and intelligent lighting systems; electrical field disturbance sensors; and microwave sensors. It also provides integrated intelligent video management solutions for security surveillance and business intelligence applications; video management products for monitoring, securing, and the active management of network video systems and analytics, as well as wired, wireless, and fiber optic communication network solutions; and turnkey solutions. In addition, the company offers life safety/duress alarm to protect personnel in prisons. Further, it provides closed circuit television and intelligent video analytics solutions; Fortis X, a new generation command and control system; StarNet 2, a security management system; and Network Manager, a middleware package. The company's products are used to protect borders and sensitive facilities, including military bases, power plants, air and sea ports, postal facilities, prisons, banks, retail operations, hospitals, municipal security, sporting events, and industrial locations from terrorism, theft, and security threats. It sells its products through system integrators and distribution channels. The company was founded in 1965 and is headquartered in Yehud, Israel.",Equities,Developed Markets,Roundhill Investments,NGM,XNAS,US53656G4982,False
MATE,Man Active Trend Enhanced ETF,USD,"The Man Active Trend Enhanced ETF, part of Man ETF Series Trust, is actively managed and uses a quantitative model to split assets between two strategies. One is trend-following, taking long and short positions via futures and forwards in equities, bonds, currencies and commodities; the other focuses on US equities, ETFs and equity index futures, aiming to retain S&P 500 exposure.",,,Man Group,NGM,XNAS,US56164V3033,False
MAXI,Simplify Bitcoin Strategy ETF,USD,The Simplify Bitcoin Strategy ETF (the “Fund” or “MAXI”) seeks income and capital appreciation. Simplify Bitcoin Strategy ETF is an exchange-traded fund listed on the Nasdaq Global Market under the ticker MAXI and traded in USD. The fund is part of the Simplify Asset Management range.,Alternatives,Alternative,Simplify Asset Management,NGM,XNAS,US82889N6739,False
MBS,Angel Oak Mortgage-Backed Securities ETF,USD,The Angel Oak Mortgage-Backed Securities ETF (the “Fund”) seeks total return. Angel Oak Mortgage-Backed Securities ETF is an exchange-traded fund listed on the Nasdaq Global Market under the ticker MBS and traded in USD. The fund is part of the Angel Oak Capital Advisors range. It is classified as Fixed Income (Government Bonds).,Fixed Income,Government Bonds,Angel Oak Capital Advisors,NGM,XNAS,US03463K7375,False
MCDS,JPMorgan Fundamental Data Science Mid Core ETF,USD,JPMorgan Fundamental Data Science Mid Core ETF is an exchange-traded fund listed on the Nasdaq Global Market under the ticker MCDS and traded in USD. The fund is part of the JPMorgan Asset Management range. It is classified as Equities (Mid Cap).,Equities,Developed Markets,JPMorgan Asset Management,NGM,XNAS,US46654Q6742,False
MCEF,First Trust Municipal CEF Income Opportunity ETF,USD,"The investment seeks to provide current income.
 Under normal market conditions, the fund seeks to achieve its investment objective by investing at least 80% of its net assets (including investment borrowings) in a portfolio of closed-end investment companies that are listed and traded in the United States on registered exchanges which invest primarily in municipal debt securities, some or all of which pay interest that is exempt from regular federal income taxes. It may also invest in exchange-traded funds (""ETFs"").",Fixed Income,Municipal Bonds,First Trust Advisors,NGM,XNAS,,False
MCHI,iShares MSCI China ETF,USD,"The investment seeks to track the investment results of the MSCI China Index.
 The fund generally will invest at least 90% of its assets in the component securities of the underlying index and in investments that have economic characteristics that are substantially identical to the component securities of the underlying index. The index is a free float-adjusted market capitalization-weighted index designed to measure the performance of equity securities in the top 85% in market capitalization of the Chinese equity securities markets, as represented by the H-shares and B-shares markets. The fund is non-diversified.",Equities,Emerging Markets,BlackRock Asset Management,NGM,XNAS,US46429B6719,False
MCHS,Matthews China Innovators Active ETF,USD,Long-term capital appreciation. Matthews China Innovators Active ETF is an exchange-traded fund listed on the Nasdaq Global Market under the ticker MCHS and traded in USD. The fund is part of the Matthews Asia range. It is classified as Equities (Emerging Markets).,Equities,Emerging Markets,Matthews Asia,NGM,XNAS,US5771257350,False
MEDX,Horizon Kinetics Medical ETF,USD,Horizon Kinetics Medical ETF (“ Medical ETF ” or the “Fund”) seeks to provide long-term growth of capital. Horizon Kinetics Medical ETF is an exchange-traded fund listed on the Nasdaq Global Market under the ticker MEDX and traded in USD. The fund is part of the Horizon Kinetics range. It is classified as Health Care (Developed Markets).,Health Care,Developed Markets,Horizon Kinetics,NGM,XNAS,US53656G5633,False
MEMA,Man Active Emerging Markets Alternative ETF,USD,"The Man Active Emerging Markets Alternative ETF, part of Man ETF Series Trust, is run actively and invests in equities and related securities of issuers from countries in the MSCI Emerging Markets Index. It looks for stocks whose long-term value creation is overlooked by short-term investors, forecasting earnings surprises three years ahead.",Equities,Developed Markets,Man Group,NGM,XNAS,US56164V4023,False
MEMS,Matthews Emerging Markets Discovery Active ETF,USD,Long-term capital appreciation. Matthews Emerging Markets Discovery Active ETF is an exchange-traded fund listed on the Nasdaq Global Market under the ticker MEMS and traded in USD. The fund is part of the Matthews Asia range. It is classified as Equities (Emerging Markets).,Equities,Emerging Markets,Matthews Asia,NGM,XNAS,US5771257434,False
METD,Direxion Daily META Bear 1X ETF,USD,"The Fund seeks daily investment results, before fees and expenses, of 100% of the inverse (or opposite) of the daily performance of META. The Fund does not seek to achieve its stated investment objective for a period of time different than a trading day.",Derivatives,Trading,Direxion Funds,NGM,XNAS,US25461A1060,False
METL,Sprott Active Metals & Miners ETF,USD,"The Sprott Active Metals & Miners ETF is an actively managed fund seeking long-term capital growth. It allocates across the metals and mining industry, including extraction, recycling, royalty and streaming companies, concentrating on essential raw materials in high demand.",Equities,Developed Markets,Sprott,NGM,XNAS,US85208P8573,False
METU,Direxion Daily META Bull 2X ETF,USD,"The Fund seeks daily investment results, before fees and expenses, of 200% of the daily performance of META. The Fund does not seek to achieve its stated investment objective for a period of time different than a trading day.",Derivatives,Trading,Direxion Funds,NGM,XNAS,US25461A8099,False
MFIG,Motley Fool Innovative Growth ETF,USD,Motley Fool Innovative Growth ETF is an exchange-traded fund listed on the Nasdaq Global Market under the ticker MFIG and traded in USD. The fund is part of the Motley Fool range. It is classified as Equities (Growth).,Equities,Growth,Motley Fool,NGM,XNAS,US74938Y8003,False
MFLX,First Trust Flexible Municipal High Income ETF,USD,"The First Trust Flexible Municipal High Income ETF (the ""Fund"") seeks to provide current income. First Trust Flexible Municipal High Income ETF is an exchange-traded fund listed on the Nasdaq Global Market under the ticker MFLX and traded in USD. The fund is part of the First Trust Advisors range. It is classified as Fixed Income (Municipal Bonds).",Fixed Income,Municipal Bonds,First Trust Advisors,NGM,XNAS,US33740F5089,False
MFMO,Motley Fool Momentum Factor ETF,USD,Motley Fool Momentum Factor ETF is an exchange-traded fund listed on the Nasdaq Global Market under the ticker MFMO and traded in USD. The fund is part of the Motley Fool range. It is classified as Equities (Factors).,Equities,Factors,Motley Fool,NGM,XNAS,US74938Y8672,False
MFVL,Motley Fool Value Factor ETF,USD,Motley Fool Value Factor ETF is an exchange-traded fund listed on the Nasdaq Global Market under the ticker MFVL and traded in USD. The fund is part of the Motley Fool range. It is classified as Equities (Factors).,Equities,Factors,Motley Fool,NGM,XNAS,US74938Y8755,False
MILN,Global X Millennial Consumer ETF,USD,"The Global X Millennial Consumer ETF (""Fund"") seeks to provide investment results that correspond generally to the price and yield performance, before fees and expenses, of the Indxx Millennials Thematic Index (""Underlying Index"").",Equities,Developed Markets,Global X Funds,NGM,XNAS,US37954Y7647,False
MKAM,MKAM ETF,USD,"The MKAM ETF (the “Fund”) seeks to capture the majority of equity market returns, while exposing investors to less volatility and downside risk than other equity investments.",Equities,Allocation,,NGM,XNAS,US02072L4905,False
MNVT,Moonvest ETF,USD,The Moonvest ETF (the “Fund”) seeks to achieve long-term capital appreciation. Moonvest ETF is an exchange-traded fund listed on the Nasdaq Global Market under the ticker MNVT and traded in USD. The fund is part of the Moonvest range.,Equities,Developed Markets,Moonvest,NGM,XNAS,US02072Q1500,False
MNZL,Manzil Russell Halal USA Broad Market ETF,USD,"The Manzil Russell Halal USA Broad Market ETF (the “Fund”) seeks to track the total return performance, before fees and expenses, of the Russell IdealRatings Manzil Halal USA Broad Market Custom Index (the “Index”).",Equities,Developed Markets,Manzil,NGM,XNAS,US02072Q3175,False
MODL,VictoryShares WestEnd U.S. Sector ETF,USD,The VictoryShares WestEnd U.S. Sector ETF (the “Fund”) seeks to provide long-term capital appreciation. VictoryShares WestEnd U.S. Sector ETF is an exchange-traded fund listed on the Nasdaq Global Market under the ticker MODL and traded in USD. The fund is part of the Victory Capital range. It is classified as Equities (Blend).,Equities,Developed Markets,Victory Capital,NGM,XNAS,US92647P1268,False
MOOD,Relative Sentiment Tactical Allocation ETF,USD,The Relative Sentiment Tactical Allocation ETF (the “Fund”) seeks long-term capital appreciation. Relative Sentiment Tactical Allocation ETF is an exchange-traded fund listed on the Nasdaq Global Market under the ticker MOOD and traded in USD. It is classified as Alternatives (Blend).,Equities,Allocation,,NGM,XNAS,US02072L8138,False
MPG,Leverage Shares 2X Long MP Daily ETF,USD,"The Fund is an exchange traded fund (“ETF”) that seeks daily levered investment results, before fees and expenses, of two times (200%) of the daily percentage change in the price of the common stock of MP. The Fund does not seek to achieve its stated investment objective for a period of time different than a trading day.",Derivatives,Trading,Leverage Shares,NGM,XNAS,US88340C8423,False
MPIA,m+ Nasdaq-100 Accelerator Autocall ETF,USD,"The m+ Nasdaq-100 Accelerator Autocall ETF is a non-diversified, actively managed fund seeking high monthly income with reduced downside risk. It gains exposure to the Barclays Nasdaq-100 Accelerator Autocallable Index through unfunded total return swaps instead of owning securities directly. The index reflects a laddered set of about 60 synthetic autocallable notes.",Derivatives,Large Cap,,NGM,XNAS,US92046L2960,False
MQQQ,Tradr 2X Long Innovation 100 Monthly ETF,USD,"The Tradr 2X Long Innovation 100 Monthly ETF seeks calendar month investment results, before fees and expenses, that correspond to two times (200%) the calendar month performance of the Invesco QQQ Trust SM. The Fund does not seek to achieve its stated investment objective for a period of time different than a full calendar month.",Derivatives,Trading,Tradr ETFs,NGM,XNAS,US46092D7497,False
MRA,GraniteShares Autocallable MARA ETF,USD,The GraniteShares Autocallable MARA ETF is a non-diversified fund that places at least four-fifths of assets in derivatives referencing autocallable structures linked to an underlying asset.,Derivatives,Large Cap,Graniteshares,NGM,XNAS,US38747T4765,False
MRAL,GraniteShares 2x Long MARA Daily ETF,USD,"The Fund seeks daily investment results, before fees and expenses, of 2 times (200%) the daily percentage change of the common stock of MARA Holdings Inc. (NASDAQ: MARA).",Derivatives,Trading,Graniteshares,NGM,XNAS,US38747T5838,False
MRVU,Direxion Daily MRVL Bull 2X ETF,USD,"The Fund seeks daily investment results, before fees and expenses, of 200% of the daily performance of MRVL. The Fund does not seek to achieve its stated investment objective for a period of time different than a trading day.",Derivatives,Trading,Direxion Funds,NGM,XNAS,US25461H6484,False
MSFD,Direxion Daily MSFT Bear 1X ETF,USD,"The Fund seeks daily investment results, before fees and expenses, of 100% of the inverse (or opposite) of the daily performance of MSFT. The Fund does not seek to achieve its stated investment objective for a period of time different than a trading day.",Derivatives,Trading,Direxion Funds,NGM,XNAS,US25461A4031,False
MSFL,GraniteShares 2x Long MSFT Daily ETF,USD,"The Fund seeks daily investment results, before fees and expenses, of 2 times (200%) the daily percentage change of the common stock of Microsoft Corporation (NASDAQ: MSFT).",Derivatives,Trading,Graniteshares,NGM,XNAS,US38747R7364,False
MSFU,Direxion Daily MSFT Bull 2X ETF,USD,"The Fund seeks daily investment results, before fees and expenses, of 200% of the daily performance of MSFT. The Fund does not seek to achieve its stated investment objective for a period of time different than a trading day.",Derivatives,Trading,Direxion Funds,NGM,XNAS,US25461A8669,False
MSR,GraniteShares Autocallable MSTR ETF,USD,"GraniteShares Autocallable MSTR ETF is a US-based fund in the GraniteShares ETF Trust, launched by GraniteShares Inc. and managed by GraniteShares Advisors LLC. It invests in public equity markets, mainly using derivatives to gain exposure to software and information technology companies. Its approach blends growth and value styles across companies of varied sizes.",Derivatives,Large Cap,Graniteshares,NGM,XNAS,US38747T5341,False
MST,Defiance Leveraged Long + Income MSTR ETF,USD,"The Defiance Leveraged Long + Income MSTR ETF (the “Fund”) seeks long-term capital appreciation, with a secondary objective to seek current income. Defiance Leveraged Long + Income MSTR ETF is an exchange-traded fund listed on the Nasdaq Global Market under the ticker MST and traded in USD. The fund is part of the Defiance ETFs range. It is classified as Derivatives (Large Cap).",Derivatives,Trading,Defiance ETFs,NGM,XNAS,US88636W1898,False
MSTP,GraniteShares 2x Long MSTR Daily ETF,USD,"The Fund seeks daily investment results, before fees and expenses, of 2 times (200%) the daily percentage change of the common stock of MicroStrategy Inc. (NASDAQ: MSTR).",Derivatives,Trading,Graniteshares,NGM,XNAS,US38747T5911,False
MSTX,Defiance Daily Target 2x Long MSTR ETF,USD,"The Fund seeks daily investment results, before fees and expenses, of two times (200%) the daily percentage change in the share price of Strategy Inc. (Nasdaq: MSTR) The Fund does not seek to achieve its stated investment objective for a period other than a single trading day.",Derivatives,Trading,Defiance ETFs,NGM,XNAS,US88636W2219,False
MTYY,GraniteShares YieldBOOST MSTR ETF,USD,"The Fund’s primary investment objective is to achieve 2 times (200%) the income generated from selling options on MicroStrategy Inc.’s common stock (NASDAQ: MSTR) (the “Underlying Stock”) by selling options on leveraged exchange-traded funds designed to deliver 2 times (200%) the daily performance of the Underlying Stock (the “Underlying Leveraged ETF”). The Fund’s secondary investment objective is to gain exposure to the performance of the Underlying Leveraged ETF, subject to a cap on potential investment gains. A downside protection may be implemented which could affect the net income level.",,,Graniteshares,NGM,XNAS,US38747T5598,False
MUD,Direxion Daily MU Bear 1X ETF,USD,"The Fund seeks daily investment results, before fees and expenses, of 100% of the inverse (or opposite) of the daily performance of MU. The Fund does not seek to achieve its stated investment objective for a period of time different than a trading day.",Derivatives,Trading,Direxion Funds,NGM,XNAS,US25461A1631,False
MULL,GraniteShares 2x Long MU Daily ETF,USD,"The Fund seeks daily investment results, before fees and expenses, of 2 times (200%) the daily percentage change of the common stock of Micron Technology Inc. (NASDAQ: MU).",Derivatives,Trading,Graniteshares,NGM,XNAS,US38747R6788,False
MULT,Franklin Multisector Income ETF,USD,"The Franklin Multisector Income ETF has maximizing current income as its principal objective and long-term capital appreciation as a secondary one. The manager flexibly allocates across fixed-income instruments such as bonds, government and agency debt, bank loans to companies and mortgage-backed securities.",Fixed Income,Blend,Franklin Templeton Investments,NGM,XNAS,US35473P3551,False
MUU,Direxion Daily MU Bull 2X ETF,USD,"The Fund seeks daily investment results, before fees and expenses, of 200% of the daily performance of MU. The Fund does not seek to achieve its stated investment objective for a period of time different than a trading day.",Derivatives,Trading,Direxion Funds,NGM,XNAS,US25461A5285,False
MUY,YieldMax MU Option Income Strategy ETF,USD,"The Fund’s primary investment objective is to seek current income. The Fund’s secondary investment objective is to seek exposure to the share price of common stock of Micron Technology Inc. (the “Underlying Security”), subject, in certain circumstances, to a limit on the Fund’s participation in gains.",Derivatives,Large Cap,YieldMax ETFs,NGM,XNAS,US88636Y4668,False
MUYY,GraniteShares YieldBOOST MU ETF,USD,"The Fund’s primary investment objective is to achieve 2 times (200%) the income generated from selling options on Micron Technology Inc.’s common stock (NASDAQ: MU) (the “Underlying Stock”) by selling options on leveraged exchange-traded funds designed to deliver 2 times (200%) the daily performance of the Underlying Stock (the “Underlying Leveraged ETF”). The Fund’s secondary investment objective is to gain exposure to the performance of the Underlying Leveraged ETF, subject to a cap on potential investment gains. A downside protection may be implemented which could affect the net income level.",,,Graniteshares,NGM,XNAS,US38747T6901,False
MVLL,GraniteShares 2x Long MRVL Daily ETF,USD,"The Fund seeks daily investment results, before fees and expenses, of 2 times (200%) the daily percentage change of the common stock of Marvell Technology, Inc. (NASDAQ: MRVL).",Derivatives,Trading,Graniteshares,NGM,XNAS,US38747R5202,False
MYCF,State Street My2026 Corporate Bond ETF,USD,The State Street My2026 Corporate Bond ETF (the “Fund”) seeks to maximize current income while seeking preservation of capital. State Street My2026 Corporate Bond ETF is an exchange-traded fund listed on the Nasdaq Global Market under the ticker MYCF and traded in USD. The fund is part of the State Street Global Advisors range. It is classified as Fixed Income (Corporate Bonds).,Fixed Income,Corporate Bonds,State Street Global Advisors,NGM,XNAS,US78470P8207,False
MYCG,State Street My2027 Corporate Bond ETF,USD,The State Street My2027 Corporate Bond ETF (the “Fund”) seeks to maximize current income while seeking preservation of capital. State Street My2027 Corporate Bond ETF is an exchange-traded fund listed on the Nasdaq Global Market under the ticker MYCG and traded in USD. The fund is part of the State Street Global Advisors range. It is classified as Fixed Income (Corporate Bonds).,Fixed Income,Corporate Bonds,State Street Global Advisors,NGM,XNAS,US78470P8124,False
MYCH,State Street My2028 Corporate Bond ETF,USD,The State Street My2028 Corporate Bond ETF (the “Fund”) seeks to maximize current income while seeking preservation of capital. State Street My2028 Corporate Bond ETF is an exchange-traded fund listed on the Nasdaq Global Market under the ticker MYCH and traded in USD. The fund is part of the State Street Global Advisors range. It is classified as Fixed Income (Corporate Bonds).,Fixed Income,Corporate Bonds,State Street Global Advisors,NGM,XNAS,US78470P7969,False
MYCI,State Street My2029 Corporate Bond ETF,USD,The State Street My2029 Corporate Bond ETF (the “Fund”) seeks to maximize current income while seeking preservation of capital. State Street My2029 Corporate Bond ETF is an exchange-traded fund listed on the Nasdaq Global Market under the ticker MYCI and traded in USD. The fund is part of the State Street Global Advisors range. It is classified as Fixed Income (Corporate Bonds).,Fixed Income,Corporate Bonds,State Street Global Advisors,NGM,XNAS,US78470P7886,False
MYCJ,State Street My2030 Corporate Bond ETF,USD,The State Street My2030 Corporate Bond ETF (the “Fund”) seeks to maximize current income while seeking preservation of capital. State Street My2030 Corporate Bond ETF is an exchange-traded fund listed on the Nasdaq Global Market under the ticker MYCJ and traded in USD. The fund is part of the State Street Global Advisors range. It is classified as Fixed Income (Corporate Bonds).,Fixed Income,Corporate Bonds,State Street Global Advisors,NGM,XNAS,US78470P7704,False
MYCK,State Street My2031 Corporate Bond ETF,USD,The State Street My2031 Corporate Bond ETF (the “Fund”) seeks to maximize current income while seeking preservation of capital. State Street My2031 Corporate Bond ETF is an exchange-traded fund listed on the Nasdaq Global Market under the ticker MYCK and traded in USD. The fund is part of the State Street Global Advisors range. It is classified as Fixed Income (Corporate Bonds).,Fixed Income,Corporate Bonds,State Street Global Advisors,NGM,XNAS,US78470P7621,False
MYCL,State Street My2032 Corporate Bond ETF,USD,The State Street My2032 Corporate Bond ETF (the “Fund”) seeks to maximize current income while seeking preservation of capital. State Street My2032 Corporate Bond ETF is an exchange-traded fund listed on the Nasdaq Global Market under the ticker MYCL and traded in USD. The fund is part of the State Street Global Advisors range. It is classified as Fixed Income (Corporate Bonds).,Fixed Income,Corporate Bonds,State Street Global Advisors,NGM,XNAS,US78470P7548,False
MYCM,State Street My2033 Corporate Bond ETF,USD,The State Street My2033 Corporate Bond ETF (the “Fund”) seeks to maximize current income while seeking preservation of capital. State Street My2033 Corporate Bond ETF is an exchange-traded fund listed on the Nasdaq Global Market under the ticker MYCM and traded in USD. The fund is part of the State Street Global Advisors range. It is classified as Fixed Income (Corporate Bonds).,Fixed Income,Corporate Bonds,State Street Global Advisors,NGM,XNAS,US78470P7472,False
MYCN,State Street My2034 Corporate Bond ETF,USD,The State Street My2034 Corporate Bond ETF (the “Fund”) seeks to maximize current income while seeking preservation of capital. State Street My2034 Corporate Bond ETF is an exchange-traded fund listed on the Nasdaq Global Market under the ticker MYCN and traded in USD. The fund is part of the State Street Global Advisors range. It is classified as Fixed Income (Corporate Bonds).,Fixed Income,Corporate Bonds,State Street Global Advisors,NGM,XNAS,US78470P7399,False
MYCO,State Street My2035 Corporate Bond ETF,USD,The SPDR SSGA My2035 Corporate Bond ETF (the “Fund”) seeks to maximize current income while seeking preservation of capital. State Street My2035 Corporate Bond ETF is an exchange-traded fund listed on the Nasdaq Global Market under the ticker MYCO and traded in USD. The fund is part of the State Street Global Advisors range. It is classified as Fixed Income (Corporate Bonds).,Fixed Income,Corporate Bonds,State Street Global Advisors,NGM,XNAS,US78470P6144,False
MYCP,State Street My2036 Corporate Bond ETF,USD,The State Street My2036 Corporate Bond ETF (the “Fund”) seeks to maximize current income while seeking preservation of capital. State Street My2036 Corporate Bond ETF is an exchange-traded fund listed on the Nasdaq Global Market under the ticker MYCP and traded in USD. The fund is part of the State Street Global Advisors range. It is classified as Fixed Income (Corporate Bonds).,Fixed Income,Corporate Bonds,State Street Global Advisors,NGM,XNAS,US78470P4990,False
MYHA,State Street My2027 High Yield Corporate Bond ETF,USD,The State Street My2027 High Yield Corporate Bond ETF (the “Fund”) seeks to maximize current income while seeking preservation of capital. State Street My2027 High Yield Corporate Bond ETF is an exchange-traded fund listed on the Nasdaq Global Market under the ticker MYHA and traded in USD. The fund is part of the State Street Global Advisors range. It is classified as Fixed Income (High Yield Bonds).,Fixed Income,High Yield Bonds,State Street Global Advisors,NGM,XNAS,US78470P5724,False
MYHB,State Street My2028 High Yield Corporate Bond ETF,USD,The State Street My2028 High Yield Corporate Bond ETF (the “Fund”) seeks to maximize current income while seeking preservation of capital. State Street My2028 High Yield Corporate Bond ETF is an exchange-traded fund listed on the Nasdaq Global Market under the ticker MYHB and traded in USD. The fund is part of the State Street Global Advisors range. It is classified as Fixed Income (High Yield Bonds).,Fixed Income,High Yield Bonds,State Street Global Advisors,NGM,XNAS,US78470P5641,False
MYHC,State Street My2029 High Yield Corporate Bond ETF,USD,The State Street My2029 High Yield Corporate Bond ETF (the “Fund”) seeks to maximize current income while seeking preservation of capital. State Street My2029 High Yield Corporate Bond ETF is an exchange-traded fund listed on the Nasdaq Global Market under the ticker MYHC and traded in USD. The fund is part of the State Street Global Advisors range. It is classified as Fixed Income (High Yield Bonds).,Fixed Income,High Yield Bonds,State Street Global Advisors,NGM,XNAS,US78470P5567,False
MYHD,State Street My2030 High Yield Corporate Bond ETF,USD,The State Street My2030 High Yield Corporate Bond ETF (the “Fund”) seeks to maximize current income while seeking preservation of capital. State Street My2030 High Yield Corporate Bond ETF is an exchange-traded fund listed on the Nasdaq Global Market under the ticker MYHD and traded in USD. The fund is part of the State Street Global Advisors range. It is classified as Fixed Income (High Yield Bonds).,Fixed Income,High Yield Bonds,State Street Global Advisors,NGM,XNAS,US78470P5492,False
MYHE,State Street My2031 High Yield Corporate Bond ETF,USD,The State Street My2031 High Yield Corporate Bond ETF (the “Fund”) seeks to maximize current income while seeking preservation of capital. State Street My2031 High Yield Corporate Bond ETF is an exchange-traded fund listed on the Nasdaq Global Market under the ticker MYHE and traded in USD. The fund is part of the State Street Global Advisors range. It is classified as Fixed Income (High Yield Bonds).,Fixed Income,High Yield Bonds,State Street Global Advisors,NGM,XNAS,US78470P5310,False
MYHF,State Street My2032 High Yield Corporate Bond ETF,USD,The State Street My2032 High Yield Corporate Bond ETF (the “Fund”) seeks to maximize current income while seeking preservation of capital. State Street My2032 High Yield Corporate Bond ETF is an exchange-traded fund listed on the Nasdaq Global Market under the ticker MYHF and traded in USD. The fund is part of the State Street Global Advisors range. It is classified as Fixed Income (High Yield Bonds).,Fixed Income,High Yield Bonds,State Street Global Advisors,NGM,XNAS,US78470P4818,False
MYMF,State Street My2026 Municipal Bond ETF,USD,The State Street My2026 Municipal Bond ETF (the “Fund”) seeks to maximize current income that is exempt from regular federal income taxes while seeking preservation of capital.,Fixed Income,Municipal Bonds,State Street Global Advisors,NGM,XNAS,US78470P7217,False
MYMG,State Street My2027 Municipal Bond ETF,USD,The State Street My2027 Municipal Bond ETF (the “Fund”) seeks to maximize current income that is exempt from regular federal income taxes while seeking preservation of capital.,Fixed Income,Municipal Bonds,State Street Global Advisors,NGM,XNAS,US78470P7134,False
MYMH,State Street My2028 Municipal Bond ETF,USD,The State Street My2028 Municipal Bond ETF (the “Fund”) seeks to maximize current income that is exempt from regular federal income taxes while seeking preservation of capital.,Fixed Income,Municipal Bonds,State Street Global Advisors,NGM,XNAS,US78470P6979,False
MYMI,State Street My2029 Municipal Bond ETF,USD,The State Street My2029 Municipal Bond ETF (the “Fund”) seeks to maximize current income that is exempt from regular federal income taxes while seeking preservation of capital.,Fixed Income,Municipal Bonds,State Street Global Advisors,NGM,XNAS,US78470P6896,False
MYMJ,State Street My2030 Municipal Bond ETF,USD,The State Street My2030 Municipal Bond ETF (the “Fund”) seeks to maximize current income that is exempt from regular federal income taxes while seeking preservation of capital.,Fixed Income,Municipal Bonds,State Street Global Advisors,NGM,XNAS,US78470P6714,False
MYMK,State Street My2031 Municipal Bond ETF,USD,The SPDR SSGA My2031 Municipal Bond ETF (the “Fund”) seeks to maximize current income that is exempt from regular federal income taxes while seeking preservation of capital.,Fixed Income,Municipal Bonds,State Street Global Advisors,NGM,XNAS,US78470P5989,False
MYML,State Street My2032 Municipal Bond ETF,USD,The State Street My2032 Municipal Bond ETF (the “Fund”) seeks to maximize current income that is exempt from regular federal income taxes while seeking preservation of capital.,Fixed Income,Municipal Bonds,State Street Global Advisors,NGM,XNAS,US78470P5153,False
NATO,Themes Transatlantic Defense ETF,USD,"The Themes Transatlantic Defense ETF (the “Fund”) is an exchange traded fund (“ETF”) that seeks to track the performance, before fees and expenses, of an index composed of companies from North Atlantic Treaty Organization (“NATO”) member countries that have business operations in the aerospace and defense industry.",Industrials,Developed Markets,Themes ETFs,NGM,XNAS,US8829277677,False
NBIG,Leverage Shares 2X Long NBIS Daily ETF,USD,"The Fund is an exchange traded fund (“ETF”) that seeks daily levered investment results, before fees and expenses, of two times (200%) of the daily percentage change in the price of the common stock of NBIS. The Fund does not seek to achieve its stated investment objective for a period of time different than a trading day.",Derivatives,Trading,Leverage Shares,NGM,XNAS,US88340C6773,False
NBIL,GraniteShares 2x Long NBIS Daily ETF,USD,"The GraniteShares 2x Long NBIS Daily ETF is a short-term tactical tool aiming for double the one-day price return of Nebius Group N.V. stock, net of fees and expenses. Holders beyond one day must monitor and rebalance to try to keep the 2x multiple. The adviser may also use exchange-traded and FLEX call and put options.",Derivatives,Trading,Graniteshares,NGM,XNAS,US38747R2159,False
NCLD,Roundhill Neocloud ETF,USD,"The Roundhill Neocloud ETF is actively managed and seeks capital appreciation by investing mainly in equities of Neocloud Companies. The adviser defines these as firms getting half or more of their revenue, contracted backlog or planned capital spending from GPU-as-a-Service platforms, high-density AI data centers or power infrastructure.",Equities,Developed Markets,Roundhill Investments,NGM,XNAS,US77926Y8802,False
NCPB,Nuveen Core Plus Bond ETF,USD,"The investment objective of the Fund is to seek total return, primarily through current income. Nuveen Core Plus Bond ETF is an exchange-traded fund listed on the Nasdaq Global Market under the ticker NCPB and traded in USD. The fund is part of the Nuveen range. It is classified as Fixed Income (Blend).",Fixed Income,Blend,Nuveen,NGM,XNAS,US67092P7630,False
NDAA,Ned Davis Research 360 Dynamic Allocation ETF,USD,The Fund’s investment objective is to seek long-term capital appreciation. Ned Davis Research 360 Dynamic Allocation ETF is an exchange-traded fund listed on the Nasdaq Global Market under the ticker NDAA and traded in USD. The fund is part of the Ned Davis Research range. It is classified as Alternatives (Blend).,Equities,Allocation,Ned Davis Research,NGM,XNAS,US8863642562,False
NEMG,Leverage Shares 2x Long NEM Daily ETF,USD,"The Leverage Shares 2x Long NEM Daily ETF is an actively managed, non-diversified fund. It puts a minimum of 80% of net assets into financial instruments that together deliver 200% daily leveraged exposure to NEM's price.",Derivatives,Trading,Leverage Shares,NGM,XNAS,US8829271894,False
NETG,Leverage Shares 2X Long NET Daily ETF,USD,"The Leverage Shares 2x Long NET Daily ETF is a daily-leveraged bullish fund for active traders who want to magnify short-term results. It aims to deliver twice (200%) the daily performance of NET stock, before fees and operating expenses.",Derivatives,Trading,Leverage Shares,NGM,XNAS,US88340C8266,False
NEWZ,StockSnips AI-Powered Sentiment US All Cap ETF,USD,The StockSnips AI-Powered Sentiment US All Cap ETF (the “Fund”) seeks long-term capital appreciation. StockSnips AI-Powered Sentiment US All Cap ETF is an exchange-traded fund listed on the Nasdaq Global Market under the ticker NEWZ and traded in USD. The fund is part of the StockSnips range. It is classified as Equities (Blend).,Equities,Developed Markets,StockSnips,NGM,XNAS,US02072L2354,False
NFRX,Harrison Street Infrastructure Active ETF,USD,The Harrison Street Infrastructure Active ETF (the “Fund”) seeks long-term capital appreciation and income. Harrison Street Infrastructure Active ETF is an exchange-traded fund listed on the Nasdaq Global Market under the ticker NFRX and traded in USD. The fund is part of the Harrison Street range. It is classified as Industrials (Developed Markets).,Equities,Developed Markets,Harrison Street,NGM,XNAS,US9009347959,False
NFXL,Direxion Daily NFLX Bull 2X ETF,USD,"The Fund seeks daily investment results, before fees and expenses, of 200% of the daily performance of NFLX. The Fund does not seek to achieve its stated investment objective for a period of time different than a trading day.",Derivatives,Trading,Direxion Funds,NGM,XNAS,US25461A8826,False
NFXS,Direxion Daily NFLX Bear 1X ETF,USD,"The Fund seeks daily investment results, before fees and expenses, of 100% of the inverse (or opposite) of the daily performance of NFLX. The Fund does not seek to achieve its stated investment objective for a period of time different than a trading day.",Derivatives,Trading,Direxion Funds,NGM,XNAS,US25461A2050,False
NGHT,Nicholas Bitcoin and Treasuries AfterDark ETF,USD,The Nicholas Bitcoin and Treasuries AfterDark ETF’s (the “Fund”) investment objective is to seek long-term capital appreciation. Nicholas Bitcoin and Treasuries AfterDark ETF is an exchange-traded fund listed on the Nasdaq Global Market under the ticker NGHT and traded in USD. The fund is part of the Nicholas Wealth range.,Fixed Income,Treasury Bonds,Nicholas Wealth,NGM,XNAS,US88636X2374,False
NIKL,Sprott Nickel Miners ETF,USD,"The Sprott Nickel Miners ETF provides pure-play exposure to nickel mining, typically holding a narrow portfolio of 20 to 35 US and foreign firms that earn at least half their revenue or assets from nickel mining, exploration, development and production. It also includes companies investing all or much of their assets in nickel.",Materials,Developed Markets,Sprott,NGM,XNAS,US85208P6007,False
NIOG,Leverage Shares 2X Long NIO Daily ETF,USD,"The Leverage Shares 2x Long NIO Daily ETF, part of Themes ETF Trust, gives bullish, leveraged exposure to the shares of NIO, Inc. through swap agreements. It seeks daily leveraged exposure equal to 200% of net assets, rebalancing each day, and is intended for tactical short-term use, not for holding over the long run.",Derivatives,Trading,Leverage Shares,NGM,XNAS,US88340F5061,False
NIXT,Research Affiliates Deletions ETF,USD,"The Research Affiliates Deletions ETF (the “Fund”) seeks to track the total return performance, before fees and expenses, of the Research Affiliates Deletions Index (the “Index”).",Equities,Developed Markets,Research Affiliates,NGM,XNAS,US02072L2271,False
NOWL,GraniteShares 2x Long NOW Daily ETF,USD,"The Fund seeks daily investment results, before fees and expenses, of 2 times (200%) the daily percentage change of the common stock of ServiceNow, Inc. (NYSE: NOW).",Derivatives,Trading,Graniteshares,NGM,XNAS,US38747R4544,False
NPFI,Nuveen Preferred and Income ETF,USD,The investment objective of the Fund is to seek to provide a high level of current income and total return. Nuveen Preferred and Income ETF is an exchange-traded fund listed on the Nasdaq Global Market under the ticker NPFI and traded in USD. The fund is part of the Nuveen range. It is classified as Fixed Income (Corporate Bonds).,Fixed Income,Corporate Bonds,Nuveen,NGM,XNAS,US67092P7713,False
NRES,Xtrackers RREEF Global Natural Resources ETF,USD,The fund seeks total return from both capital appreciation and current income. The fund is an actively-managed exchange-traded fund ( “ ETF ”) that does not seek to replicate the performance of a specific index.,,,Xtrackers,NGM,XNAS,US23306X8377,False
NSI,National Security Emerging Markets Index ETF,USD,"The National Security Emerging Markets Index ETF (the “Fund”) seeks to track the results, before fees and expenses, of the Alerian National Security Emerging Markets Index (the “Index”).",Equities,Developed Markets,,NGM,XNAS,US66537J4085,False
NTAL,GraniteShares 2x Long NTAP Daily ETF,USD,"GraniteShares 2x Long NTAP Daily ETF is a leveraged fund targeting twice the daily performance of NetApp, Inc., before fees and expenses. It gets exposure mostly through swaps and holdings of the stock, with leverage reset daily. It is meant for short-term trading, as it magnifies both gains and losses.",Derivatives,Trading,Graniteshares,NGM,XNAS,US38747T3692,False
NUG,Leverage Shares 2X Long NU Daily ETF,USD,"Leverage Shares 2X Long NU Daily ETF provides leveraged exposure to the daily performance of Nu Holdings stock, aiming for 200% of its daily price moves. It maintains the leverage mainly through swaps and daily rebalancing, and may add a synthetic forward options strategy. It is a high-risk, short-term tactical tool, since compounding can make returns over more than a day deviate significantly from 2x.",Derivatives,Trading,Leverage Shares,NGM,XNAS,US88340C8183,False
NUGY,GraniteShares YieldBOOST Gold Miners ETF,USD,"The Fund’s primary investment objective is to achieve 2 times (200%) the income generated from selling options on the NYSE Arca Gold Miners Index (the “Underlying Index”) by selling options on leveraged exchange-traded funds designed to deliver 2 times (200%) the daily performance of the Underlying Index (the “Underlying Leveraged ETF”). The Fund’s secondary investment objective is to gain exposure to the performance of the Underlying Leveraged ETF, subject to a cap on potential investment gains. A downside protection may be implemented which could affect the net income level.",Materials,,Graniteshares,NGM,XNAS,US38747R1813,False
NUIB,Nuveen Impact Bond ETF,USD,"The Nuveen Impact Bond ETF is an actively managed credit strategy investing mainly in the investment-grade US dollar bond market, in securities with direct, measurable environmental and social impact. Its active approach and engagement with issuers target financial and impact outcomes that passive strategies cannot deliver.",Fixed Income,Investment Grade Bonds,Nuveen,NGM,XNAS,US67092P6640,False
NUIF,Nuveen US Infrastructure ETF,USD,The Nuveen US Infrastructure ETF seeks capital growth and income over the long term through equities of infrastructure-related companies with a US focus.,Commodities,,Nuveen,NGM,XNAS,US67125A1060,False
NUSB,Nuveen Ultra Short Income ETF,USD,"The investment objective of the Fund is to seek total return, consistent with preservation of capital. Nuveen Ultra Short Income ETF is an exchange-traded fund listed on the Nasdaq Global Market under the ticker NUSB and traded in USD. The fund is part of the Nuveen range. It is classified as Fixed Income (Blend).",Derivatives,Trading,Nuveen,NGM,XNAS,US67092P7556,False
NVD,GraniteShares 2x Short NVDA Daily ETF,USD,"The Fund seeks daily investment results, before fees and expenses, of -2 times (-200%) the daily percentage change of the common stock of NVIDIA Corporation (NASDAQ: NVDA).",Derivatives,Trading,Graniteshares,NGM,XNAS,US38747R6291,False
NVDD,Direxion Daily NVDA Bear 1X ETF,USD,"The Fund seeks daily investment results, before fees and expenses, of 100% of the inverse (or opposite) of the daily performance of NVDA. The Fund does not seek to achieve its stated investment objective for a period of time different than a trading day.",Derivatives,Trading,Direxion Funds,NGM,XNAS,US25461A1979,False
NVDG,Leverage Shares 2X Long NVDA Daily ETF,USD,"The Fund is an exchange traded fund (“ETF”) that seeks daily levered investment results, before fees and expenses, of two times (200%) of the daily percentage change in the price of the common stock of NVDA. The Fund does not seek to achieve its stated investment objective for a period of time different than a trading day.",Derivatives,Trading,Leverage Shares,NGM,XNAS,US8829276760,False
NVDL,GraniteShares 2x Long NVDA Daily ETF,USD,"The Fund seeks daily investment results, before fees and expenses, of 2 times (200%) the daily percentage change of the common stock of NVIDIA Corporation (NASDAQ: NVDA).",Derivatives,Trading,Graniteshares,NGM,XNAS,US38747R8271,False
NVDS,Tradr 1.5X Short NVDA Daily ETF,USD,"The Fund seeks daily investment results, before fees and expenses, that correspond to one and a half times the inverse ( -150 %) of the daily performance of the common shares of NVDA. The Fund does not seek to achieve its stated investment objective for a period of time different than a single trading day.",Derivatives,Trading,Tradr ETFs,NGM,XNAS,US46144X1155,False
NVDU,Direxion Daily NVDA Bull 2X ETF,USD,"The Fund seeks daily investment results, before fees and expenses, of 200% of the daily performance of NVDA. The Fund does not seek to achieve its stated investment objective for a period of time different than a trading day.",Derivatives,Trading,Direxion Funds,NGM,XNAS,US25461A8339,False
NVPS,PurePlay Nvidia Ecosystem Picks & Shovels Index ETF,USD,"The PurePlay Nvidia Ecosystem Picks & Shovels Index ETF (the “Fund”) seeks to provide investment results that, before fees and expenses, correspond generally to the total return performance of the Solactive Nvidia Ecosystem Picks & Shovels Index (the “Index”).",Equities,Developed Markets,,NGM,XNAS,US30151E3430,False
NVYY,GraniteShares YieldBOOST NVDA ETF,USD,GraniteShares YieldBOOST NVDA ETF is an exchange-traded fund listed on the Nasdaq Global Market under the ticker NVYY and traded in USD. The fund is part of the Graniteshares range. It is classified as Derivatives (Large Cap).,,,Graniteshares,NGM,XNAS,US38747R4395,False
NXTG,First Trust IndXX NextG ETF,USD,"The investment seeks investment results that correspond generally to the price and yield (before the fund's fees and expenses) of an equity index called the Indxx 5G & NextG Thematic Index.
 The fund will normally invest at least 90% of its net assets (including investment borrowings) in the common stocks and depositary receipts that comprise the index. The index is designed to track the performance of companies that have devoted, or have committed to devote, material resources to the research, development and application of fifth generation (""5G"") and next generation digital cellular technologies as they emerge.",Information Technology,Developed Markets,First Trust Advisors,NGM,XNAS,US33737K2050,False
NZAC,State Street SPDR MSCI ACWI Climate Paris Aligned ETF,USD,"The State Street SPDR MSCI ACWI Climate Paris Aligned ETF (the “Fund”) seeks to provide investment results that, before fees and expenses, correspond generally to the total return performance of an index that provides exposure to large- and mid-cap companies in developed and emerging markets and is designed to exceed the minimum standards for a “ Paris Aligned Benchmark ” under the European Union's Low Carbon Benchmark Regulation (the “ EU BMR ”) by, in the aggregate, seeking to minimize exposure to physical and transition risks of climate change and target exposure to companies more favorably positioned to benefit from opportunities arising from the transition to a lower carbon economy.",Equities,Developed Markets,State Street Global Advisors,NGM,XNAS,US78463X1946,False
OBIL,US Treasury 12 Month Bill ETF,USD,US Treasury 12 Month Bill ETF is an exchange-traded fund listed on the Nasdaq Global Market under the ticker OBIL and traded in USD. It is classified as Cash (Money Market Instruments).,Fixed Income,Treasury Bonds,F/m Investments,NGM,XNAS,US74933W4785,False
ODDS,Pacer BlueStar Digital Entertainment ETF,USD,Pacer BlueStar Digital Entertainment ETF is an exchange-traded fund listed on the Nasdaq Global Market under the ticker ODDS and traded in USD. The fund is part of the Pacer range. It is classified as Communication Services (Developed Markets).,Equities,Developed Markets,Pacer,NGM,XNAS,US69374H3949,False
ODTE,VegaShares SPX NDX RTY Premium Income ETF,USD,"The VegaShares SPX NDX RTY Premium Income ETF is actively managed with a covered call strategy referencing the S&P 500, Nasdaq-100 and Russell 2000. A quantitative framework dynamically adjusts its holdings and call overlay in response to volatility, liquidity and expected returns.",Derivatives,Large Cap,VegaShares,NGM,XNAS,US92255C4096,False
OKLL,Defiance Daily Target 2x Long OKLO ETF,USD,"The Fund seeks daily investment results, before fees and expenses, of two times (200%) the daily percentage change in the share price of Oklo Inc. (NYSE: OKLO). The Fund does not seek to achieve its stated investment objective for a period other than a single trading day.",Derivatives,Trading,Defiance ETFs,NGM,XNAS,US88636Y5244,False
OKTG,Leverage Shares 2X Long OKTA Daily ETF,USD,"Leverage Shares 2x Long OKTA Daily ETF, trading as OKTG, is a geared fund for active traders who want to magnify short-term positions. It aims to deliver 200% of the daily performance of OKTA stock, net of fees and expenses.",Derivatives,Trading,Leverage Shares,NGM,XNAS,US88340C7920,False
ONDG,Leverage Shares 2X Long ONDS Daily ETF,USD,"The Leverage Shares 2X Long ONDS Daily ETF, part of Themes ETF Trust, gives bullish, leveraged exposure to the shares of Ondas Holdings Inc. through swap agreements. It seeks daily leveraged exposure equal to 200% of net assets, rebalancing each day, and is intended for tactical short-term use, not for holding over the long run. Because of compounding, returns can deviate from 2x over longer periods.",Derivatives,Trading,Leverage Shares,NGM,XNAS,US88340W7983,False
OPEG,Leverage Shares 2X Long OPEN Daily ETF,USD,"Leverage Shares 2x Long OPEN Daily ETF, trading as OPEG, is a bullish fund with a daily reset for active traders seeking amplified short-term outcomes. It aims for double the daily performance of OPEN stock, before its own operating costs and fees.",Derivatives,Trading,Leverage Shares,NGM,XNAS,US88340F8453,False
OPPJ,WisdomTree Japan Opportunities Fund,USD,"The WisdomTree Japan Opportunities Fund (the “Fund”) seeks to track the price and yield performance, before fees and expenses, of the WisdomTree Japan Opportunities Index (the “Index”).",Equities,Developed Markets,WisdomTree Asset Management,NGM,XNAS,US97717W5215,False
OPTZ,Optimize Strategy Index ETF,USD,"The Optimize Strategy Index ETF (the “Fund”) seeks to track the total return performance, before fees and expenses, of the Optimize Strategy Index (the “Index”).",Equities,Developed Markets,,NGM,XNAS,US00777X5389,False
ORBX,Global X Space Tech ETF,USD,"The Global X Space Tech ETF (""Fund"") seeks to provide investment results that correspond generally to the price and yield performance, before fees and expenses, of the Global X Space Tech Index (the ""Underlying Index"").",Equities,Developed Markets,Global X Funds,NGM,XNAS,US37966B7780,False
ORCS,Direxion Daily ORCL Bear 1X ETF,USD,"The Fund seeks daily investment results, before fees and expenses, of 100% of the inverse (or opposite) of the daily performance of ORCL. The Fund does not seek to achieve its stated investment objective for a period of time different than a trading day.",Derivatives,Trading,Direxion Funds,NGM,XNAS,US25461H7888,False
ORCU,Direxion Daily ORCL Bull 2X ETF,USD,"The Fund seeks daily investment results, before fees and expenses, of 200% of the daily performance of ORCL. The Fund does not seek to achieve its stated investment objective for a period of time different than a trading day.",Derivatives,Trading,Direxion Funds,NGM,XNAS,US25461H7961,False
ORCX,Defiance Daily Target 2X Long ORCL ETF,USD,"The Fund seeks daily investment results, before fees and expenses, of two times (200%) the daily percentage change in the share price of Oracle Corporation (NYSE: ORCL). The Fund does not seek to achieve its stated investment objective for a period other than a single trading day.",Derivatives,Trading,Defiance ETFs,NGM,XNAS,US88636W1971,False
ORR,Militia Long/Short Equity ETF,USD,The Militia Long/Short Equity ETF (the “Fund”) seeks capital appreciation. Militia Long/Short Equity ETF is an exchange-traded fund listed on the Nasdaq Global Market under the ticker ORR and traded in USD. The fund is part of the Militia range. It is classified as Alternatives (Blend).,Derivatives,Trading,Militia,NGM,XNAS,US02072Q8208,False
OSCX,Defiance Daily Target 2x Long OSCR ETF,USD,"The Fund seeks daily investment results, before fees and expenses, of two times (200%) the daily percentage change in the share price of Oscar Health, Inc. – Class A (NYSE: OSCR). The Fund does not seek to achieve its stated investment objective for a period other than a single trading day.",Derivatives,Trading,Defiance ETFs,NGM,XNAS,US88636W1229,False
OTGL,OTG Latin America ETF,USD,OTG Latin America ETF is an exchange-traded fund listed on the Nasdaq Global Market under the ticker OTGL and traded in USD. It is classified as Equities (Emerging Markets).,Equities,Emerging Markets,,NGM,XNAS,US26923Q6897,False
OZEM,Roundhill GLP-1 & Weight Loss ETF,USD,The Fund seeks to provide capital appreciation. Roundhill GLP-1 & Weight Loss ETF is an exchange-traded fund listed on the Nasdaq Global Market under the ticker OZEM and traded in USD. The fund is part of the Roundhill Investments range. It is classified as Health Care (Developed Markets).,Health Care,Developed Markets,Roundhill Investments,NGM,XNAS,US77926X8829,False
PABD,iShares Paris-Aligned Climate Optimized MSCI World ex USA ETF,USD,"The iShares Paris-Aligned Climate Optimized MSCI World ex USA ETF (the “Fund”) seeks to track the investment results of an index composed of large- and mid-capitalization developed market equities, excluding the U.S., that is designed to be compatible with the objectives of the Paris Agreement by, in aggregate, following a decarbonization trajectory, reducing exposure to climate-related transition and physical risks and increasing exposure to companies favorably positioned for the transition to a low-carbon economy.",Equities,Developed Markets,BlackRock Asset Management,NGM,XNAS,US46438G7299,False
PABU,iShares Paris-Aligned Climate Optimized MSCI USA ETF,USD,"The iShares Paris-Aligned Climate Optimized MSCI USA ETF (the “Fund”) seeks to track the investment results of an index composed of U.S. large- and mid-capitalization stocks that is designed to be compatible with the objectives of the Paris Agreement by, in aggregate, following a decarbonization trajectory, reducing exposure to climate-related transition and physical risks and increasing exposure to companies favorably positioned for the transition to a low-carbon economy.",Equities,Developed Markets,BlackRock Asset Management,NGM,XNAS,US46436E4118,False
PALD,Direxion Daily PANW Bear 1X ETF,USD,"The Fund seeks daily investment results, before fees and expenses, of 100% of the inverse (or opposite) of the daily performance of PANW. The Fund does not seek to achieve its stated investment objective for a period of time different than a trading day.",Derivatives,Trading,Direxion Funds,NGM,XNAS,US25461A3611,False
PALU,Direxion Daily PANW Bull 2X ETF,USD,"The Fund seeks daily investment results, before fees and expenses, of 200% of the daily performance of PANW. The Fund does not seek to achieve its stated investment objective for a period of time different than a trading day.",Derivatives,Trading,Direxion Funds,NGM,XNAS,US25461A3793,False
PANG,Leverage Shares 2X Long PANW Daily ETF,USD,"The Fund is an exchange traded fund (“ETF”) that seeks daily levered investment results, before fees and expenses, of two times (200%) of the daily percentage change in the price of the common stock of PANW. The Fund does not seek to achieve its stated investment objective for a period of time different than a trading day.",Derivatives,Trading,Leverage Shares,NGM,XNAS,US8829274294,False
PATN,Pacer Nasdaq International Patent Leaders ETF,USD,Pacer Nasdaq International Patent Leaders ETF is an exchange-traded fund listed on the Nasdaq Global Market under the ticker PATN and traded in USD. The fund is part of the Pacer range. It is classified as Equities (Developed Markets).,Equities,Developed Markets,Pacer,NGM,XNAS,US69374H3113,False
PBCS,Portfolio Building Block World Consumer Staples ETF,USD,"The Portfolio Building Block World Consumer Staples ETF (the “Fund”) seeks to track the performance, before fees and expenses, of the BITA Global Consumer Staples Select Index (the “Index”).",Equities,Developed Markets,,NGM,XNAS,US88636N7425,False
PBEU,Portfolio Building Block European Banks Index ETF,USD,"The Portfolio Building Block European Banks Index ETF gives focused exposure to major banks in advanced European economies. It closely follows the BITA European Banks Index, a benchmark created to represent the strength of the European banking industry.",Equities,Developed Markets,,NGM,XNAS,US88635A1051,False
PBOG,Portfolio Building Block Integrated Oil and Gas and Exploration and Production Index ETF,USD,"Portfolio Building Block Integrated Oil and Gas and E&P Index ETF gives focused access to leading global energy companies. It aims to match the BITA Global Oil & Gas Select benchmark, which holds mainly developed-market firms earning much of their revenue from finding, extracting and initially developing crude oil and natural gas.",Equities,Developed Markets,,NGM,XNAS,US88635A3032,False
PBPH,Portfolio Building Block World Pharma and Biotech Index ETF,USD,"Portfolio Building Block World Pharma and Biotech Index ETF gives targeted exposure to the global pharmaceutical and biotechnology industries, among the fastest-moving and most research-heavy parts of healthcare. It aims to match the BITA Global Pharma and Biotech Select Index, which covers developed-market firms earning much of their income from inventing, developing and selling human health treatments.",Equities,Developed Markets,,NGM,XNAS,US88635A2042,False
PBQQ,PGIM Laddered Nasdaq-100 Buffer 12 ETF,USD,The Fund’s investment objective is to seek to provide investors with capital appreciation. PGIM Laddered Nasdaq-100 Buffer 12 ETF is an exchange-traded fund listed on the Nasdaq Global Market under the ticker PBQQ and traded in USD. The fund is part of the PGIM Funds range. It is classified as Derivatives (Large Cap).,Derivatives,Large Cap,PGIM Funds,NGM,XNAS,US69420N5106,False
PBRG,Leverage Shares 2X Long PBR Daily ETF,USD,"The Leverage Shares 2X Long PBR Daily ETF, part of Themes ETF Trust, gives bullish, leveraged exposure to the shares of Petroleo Brasileiro S.A. through swap agreements. It seeks daily leveraged exposure equal to 200% of net assets, rebalancing each day, and is intended for tactical short-term use, not for holding over the long run. Because of compounding, returns can deviate from 2x over longer periods.",Derivatives,Trading,Leverage Shares,NGM,XNAS,US88340F7125,False
PBSC,Pacer Barings Secured Credit Flex ETF,USD,The Pacer Barings Secured Credit Flex ETF (the “Fund”) is an actively managed exchange traded fund (“ETF”) that seeks to provide a high level of current income and preserve capital while selectively seeking capital appreciation as a secondary objective when consistent with its primary investment objective.,Fixed Income,Corporate Bonds,Pacer,NGM,XNAS,US69384J7037,False
PBUB,Portfolio Building Block US Banks ETF,USD,"The Portfolio Building Block US Banks ETF (the “Fund”) seeks to track the performance, before fees and expenses, of the BITA US Banking Select Index (the “Index”).",Equities,Developed Markets,,NGM,XNAS,US88636N7268,False
PBWN,Portfolio Building Block World Ex US Industrials ETF,USD,"The Portfolio Building Block World Ex US Industrials ETF (the “Fund”) seeks to track the performance, before fees and expenses, of the BITA Global Industrials ex US Select Index (the “Index”).",Equities,Developed Markets,Tidal Investments,NGM,XNAS,US88636N7342,False
PCMM,BondBloxx Private Credit CLO ETF,USD,"The BondBloxx Private Credit CLO ETF, part of BondBloxx ETF Trust, is actively managed and focuses on collateralized loan obligations backed by private credit. It mainly holds loans to private, typically small to mid-sized companies, which may be senior secured or subordinated company loans, in the US or elsewhere. A limited share can go to syndicated loans, high-yield bonds and other investments.",Fixed Income,Corporate Bonds,BondBloxx,NGM,XNAS,US09789C6710,False
PCPI,PIMCO Inflation PLUS Active Exchange-Traded Fund,USD,"The PIMCO Inflation PLUS Active Exchange-Traded Fund, part of PIMCO ETF Trust, is an actively managed fund overseen by Pacific Investment Management Company LLC. It invests across global fixed income markets, concentrating on inflation-indexed debt from a variety of issuers, including sovereigns inside and outside the US.",Fixed Income,Inflation-Protected Securities,PIMCO Global Advisors,NGM,XNAS,US72201R5440,False
PDBA,Invesco Agriculture Commodity Strategy No K-1 ETF,USD,"Invesco's Agriculture Commodity Strategy fund, an actively managed ETF, seeks strong long-term capital growth. It invests in futures on agricultural and other commodities and holds cash, equivalents or high-quality securities as collateral chosen for their link to agriculture. It aims to beat the DBIQ Diversified Agriculture excess-return index, a benchmark built from futures on the eleven agricultural commodities that trade most actively worldwide.",Commodities,,Invesco Investment Management,NGM,XNAS,US46090F3082,False
PDBC,Invesco Optimum Yield Diversified Commodity Strategy No K-1 ETF,USD,"The investment seeks long term capital appreciation.
 The fund is an actively managed exchange-traded fund (""ETF"") that seeks to achieve its investment objective by investing in a combination of financial instruments that are economically linked to the world's most heavily traded commodities. Commodities are assets that have tangible properties, such as oil, agricultural produce or raw metals.",Commodities,Commodities Broad Basket,Invesco Investment Management,NGM,XNAS,US46090F1003,False
PDDL,GraniteShares 2x Long PDD Daily ETF,USD,"The Fund seeks daily investment results, before fees and expenses, of 2 times (200%) the daily percentage change of the common stock of PDD Holdings Inc. (NASDAQ: PDD).",Derivatives,Trading,Graniteshares,NGM,XNAS,US38747R4478,False
PEPS,Parametric Equity Plus ETF,USD,Parametric Equity Plus ETF (the “Fund”) seeks to provide long-term capital appreciation. Parametric Equity Plus ETF is an exchange-traded fund listed on the Nasdaq Global Market under the ticker PEPS and traded in USD. The fund is part of the Parametric range. It is classified as Equities (Large Cap).,Equities,Developed Markets,Parametric,NGM,XNAS,US61774R7750,False
PEZ,Invesco DWA Consumer Cyclicals Momentum ETF,USD,"The investment seeks to track the investment results (before fees and expenses) of the Dorsey Wright® Consumer Cyclicals Technical Leaders Index (the ""underlying index"").
 The fund generally will invest at least 90% of its total assets in the securities that comprise the underlying index. The underlying index is composed of at least 30 securities of companies in the consumer discretionary (or cyclicals) sector that have powerful relative strength or ""momentum"" characteristics.",Equities,Factors,Invesco Investment Management,NGM,XNAS,US46137V8037,False
PFDE,Pathfinder Disciplined US Equity ETF,USD,Pathfinder Disciplined US Equity ETF is an exchange-traded fund listed on the Nasdaq Global Market under the ticker PFDE and traded in USD. It is classified as Equities (Large Cap).,Equities,Developed Markets,,NGM,XNAS,US75526L6700,False
PFOE,Pathfinder Focused Opportunities ETF,USD,Pathfinder Focused Opportunities ETF is an exchange-traded fund listed on the Nasdaq Global Market under the ticker PFOE and traded in USD.,Equities,Developed Markets,,NGM,XNAS,US75526L6882,False
PGJ,Invesco Golden Dragon China ETF,USD,"The investment seeks to track the investment results (before fees and expenses) of the NASDAQ Golden Dragon China Index.
 The fund generally will invest at least 90% of its total assets in the securities that comprise the underlying index. The underlying index is composed of securities of U.S. exchange-listed companies that are headquartered or incorporated in the People's Republic of China. The fund is non-diversified.",Equities,Emerging Markets,Invesco Investment Management,NGM,XNAS,US46137V5710,False
PHO,Invesco Water Resources ETF,USD,"The investment seeks to track the investment results (before fees and expenses) of the NASDAQ OMX US Water IndexSM (the ""underlying index"").
 The fund generally will invest at least 90% of its total assets in the securities that comprise the underlying index. The underlying index seeks to track the performance of companies that create products designed to conserve and purify water for homes, businesses and industries. The underlying index may include common stocks, ordinary shares, American depositary receipts (""ADRs""), shares of beneficial interest and tracking stocks. The fund is non-diversified.",Equities,Developed Markets,Invesco Investment Management,NGM,XNAS,US46137V1420,False
PID,Invesco International Dividend Achievers ETF,USD,"The investment seeks to track the investment results (before fees and expenses) of the NASDAQ International Dividend AchieversTM Index.
 The fund generally will invest at least 90% of its total assets in the securities that comprise the underlying index. The underlying index is composed of Global Depositary Receipts (“GDRs”) that are listed on the London Stock Exchange (“LSE”) or the London International Exchange, and American Depositary Receipts (“ADRs”) and non-U.S. common or ordinary stocks, limited partnership interests and shares of limited liability companies that are listed on the NYSE.",Equities,Developed Markets,Invesco Investment Management,NGM,XNAS,US46137V5488,False
PIE,Invesco DWA Emerging Markets Momentum ETF,USD,"The investment seeks to track the investment results (before fees and expenses) of the Dorsey Wright® Emerging Markets Technical Leaders Index (the ""underlying index"").
 The fund will invest at least 90% of its total assets in the securities that comprise the underlying index. The underlying index is comprised of equity securities of large capitalization companies based in emerging market countries.",Equities,Factors,Invesco Investment Management,NGM,XNAS,US46138E8672,False
PLA,GraniteShares Autocallable PLTR ETF,USD,"The GraniteShares Autocallable PLTR ETF is a non-diversified fund that directs a minimum of 80% of total assets, including borrowings for investment, into derivative contracts structured as autocallables that derive their performance from an underlying asset.",Derivatives,Large Cap,Graniteshares,NGM,XNAS,US38747T5184,False
PLTD,Direxion Daily PLTR Bear 1X ETF,USD,Direxion Daily PLTR Bear 1X ETF is an exchange-traded fund listed on the Nasdaq Global Market under the ticker PLTD and traded in USD. The fund is part of the Direxion Funds range. It is classified as Derivatives (Large Cap).,Derivatives,Trading,Direxion Funds,NGM,XNAS,US25461A4296,False
PLTG,Leverage Shares 2X Long PLTR Daily ETF,USD,"The Fund is an exchange traded fund (“ETF”) that seeks daily levered investment results, before fees and expenses, of two times (200%) of the daily percentage change in the price of the common stock of PLTR. The Fund does not seek to achieve its stated investment objective for a period of time different than a trading day.",Derivatives,Trading,Leverage Shares,NGM,XNAS,US8829273957,False
PLTU,Direxion Daily PLTR Bull 2X ETF,USD,"The Fund seeks daily investment results, before fees and expenses, of 200% of the daily performance of PLTR. The Fund does not seek to achieve its stated investment objective for a period of time different than a trading day.",Derivatives,Trading,Direxion Funds,NGM,XNAS,US25461A4452,False
PLTZ,Defiance Daily Target 2x Short PLTR ETF,USD,"The Fund seeks daily inverse investment results, before fees and expenses, of -2 times (-200%) the daily percentage change in the share price of Palantir Technologies Inc. (NASDAQ: PLTR). The Fund does not seek to achieve its stated investment objective for a period other than a single trading day.",Derivatives,Trading,Defiance ETFs,NGM,XNAS,US88636W2540,False
PLUL,Leverage Shares 2X Long PLUG Daily ETF,USD,"The Fund is an exchange traded fund (“ETF”) that seeks daily levered investment results, before fees and expenses, of two times (200%) of the daily percentage change in the price of the common stock of PLUG. The Fund does not seek to achieve its stated investment objective for a period of time different than a trading day.",Derivatives,Trading,Leverage Shares,NGM,XNAS,US88340W6407,False
PLW,Invesco 1-30 Laddered Treasury ETF,USD,"The investment seeks to track the investment results (before fees and expenses) of the Ryan/NASDAQ U.S. 1-30 Year Treasury Laddered Index.
 The fund generally will invest at least 80% of its total assets in the components of the index. Strictly in accordance with its guidelines and mandated procedures, Nasdaq, Inc. oversees the index, which seeks to measure the potential returns of a theoretical portfolio of U.S. Treasury securities with a yield curve based upon 30 distinct annual maturities.",Fixed Income,Treasury Bonds,Invesco Investment Management,NGM,XNAS,,False
PLYY,GraniteShares YieldBOOST PLTR ETF,USD,"The Fund’s primary investment objective is to achieve 2 times (200%) the income generated from selling options on Palantir Technologies Inc.’s common stock (NASDAQ: PLTR) (the “Underlying Stock”) by selling options on leveraged exchange-traded funds designed to deliver 2 times (200%) the daily performance of the Underlying Stock (the “Underlying Leveraged ETF”). The Fund’s secondary investment objective is to gain exposure to the performance of the Underlying Leveraged ETF, subject to a cap on potential investment gains. A downside protection may be implemented which could affect the net income level.",,,Graniteshares,NGM,XNAS,US38747R2720,False
PMBS,PIMCO Mortgage-Backed Securities Active Exchange-Traded Fund,USD,"The PIMCO Mortgage-Backed Securities Active Exchange-Traded Fund, part of PIMCO ETF Trust, takes an active approach to a wide range of mortgage-related securities, aiming for consistent returns across market cycles. Portfolio duration typically ranges from one to seven years, and up to 15% may be in high-yield or unrated securities. Derivatives may be used without limit.",Fixed Income,Government Bonds,PIMCO Global Advisors,NGM,XNAS,US72201R5697,False
PPI,Astoria Real Assets ETF,USD,Astoria Real Assets ETF (the “Fund”) seeks long -term capital appreciation in inflation -adjusted terms. Astoria Real Assets ETF is an exchange-traded fund listed on the Nasdaq Global Market under the ticker PPI and traded in USD. The fund is part of the Astoria range.,Equities,Allocation,Astoria,NGM,XNAS,US46141T1170,False
PQAP,PGIM Nasdaq-100 Buffer 12 ETF - April,USD,PGIM Nasdaq-100 Buffer 12 ETF - April is an exchange-traded fund listed on the Nasdaq Global Market under the ticker PQAP and traded in USD. The fund is part of the PGIM Funds range. It is classified as Derivatives (Large Cap).,Derivatives,Large Cap,PGIM Funds,NGM,XNAS,US69420N5445,False
PQJA,PGIM Nasdaq-100 Buffer 12 ETF - January,USD,PGIM Nasdaq-100 Buffer 12 ETF - January is an exchange-traded fund listed on the Nasdaq Global Market under the ticker PQJA and traded in USD. The fund is part of the PGIM Funds range. It is classified as Derivatives (Large Cap).,Derivatives,Large Cap,PGIM Funds,NGM,XNAS,US69420N5510,False
PQJL,PGIM Nasdaq-100 Buffer 12 ETF - July,USD,PGIM Nasdaq-100 Buffer 12 ETF - July is an exchange-traded fund listed on the Nasdaq Global Market under the ticker PQJL and traded in USD. The fund is part of the PGIM Funds range. It is classified as Derivatives (Large Cap).,Derivatives,Large Cap,PGIM Funds,NGM,XNAS,US69420N5361,False
PQOC,PGIM Nasdaq-100 Buffer 12 ETF - October,USD,PGIM Nasdaq-100 Buffer 12 ETF - October is an exchange-traded fund listed on the Nasdaq Global Market under the ticker PQOC and traded in USD. The fund is part of the PGIM Funds range. It is classified as Derivatives (Large Cap).,Derivatives,Large Cap,PGIM Funds,NGM,XNAS,US69420N5288,False
PRFZ,Invesco FTSE RAFI US 1500 Small-Mid ETF,USD,"The investment seeks to track the investment results (before fees and expenses) of the FTSE RAFI™ US Mid Small 1500 Index.
 The fund generally will invest at least 90% of its total assets in the securities that comprise the underlying index. The underlying index is composed of 1,500 common stocks that the index provider strictly in accordance with its guidelines and mandated procedures, include to track the performance of small- and medium-sized U.S. companies based on the following four fundamental measures of firm size: book value, cash flow, sales and dividends.",Equities,Developed Markets,Invesco Investment Management,NGM,XNAS,US46137V5975,False
PRMR,PeakShares RMR Prime Equity ETF,USD,"PeakShares RMR Prime Equity ETF seeks sector weights similar to the S&P 500 while aiming to outperform it. It usually holds 20 to 80 positions, combining S&P 500 members with selected ETFs and non-index companies. Picks come from top-down macro and sector views, bottom-up company research and a multi-factor model covering valuation, growth, quality and momentum, mostly in US large-cap stocks.",Equities,Developed Markets,PeakShares,NGM,XNAS,US6649258646,False
PRN,Invesco Dorsey Wright Industrials Momentum ETF,USD,The Invesco Dorsey Wright Industrials Momentum ETF (the “Fund”) seeks to track the investment results (before fees and expenses) of the Dorsey Wright Industrials Technical Leaders TM Index (the “Underlying Index”).,Industrials,Developed Markets,Invesco Investment Management,NGM,XNAS,US46137V8458,False
PSCD,Invesco S&P SmallCap Consumer Discretionary ETF,USD,"The investment seeks to track the investment results (before fees and expenses) of the S&P SmallCap 600® Capped Consumer Discretionary Index (the ""underlying index"").
 The fund generally will invest at least 90% of its total assets in the securities of small-capitalization U.S. consumer discretionary companies that comprise the underlying index. These companies are principally engaged in the businesses of providing consumer goods and services that are cyclical in nature, including, but not limited to, household durables, leisure products and services, apparel and luxury goods, computers and electronics, automobiles, etc.",Consumer Discretionary,Developed Markets,Invesco Investment Management,NGM,XNAS,US46138E1800,False
PSCH,Invesco S&P SmallCap Health Care ETF,USD,"The investment seeks to track the investment results (before fees and expenses) of the S&P SmallCap 600® Capped Health Care Index.
 The fund generally will invest at least 90% of its total assets in the securities that comprise the index. Strictly in accordance with its guidelines and mandated procedures, S&P Dow Jones Indices, LLC compiles, maintains and calculates the index, which is designed to measure the performance of securities of small-capitalization U.S. companies in the health care sector, as defined by the Global Industry Classification Standard.",Health Care,Developed Markets,Invesco Investment Management,NGM,XNAS,US46138E1495,False
PSCM,Invesco S&P SmallCap Materials ETF,USD,"The investment seeks to track the investment results that (before fees and expenses) of the S&P SmallCap 600® Capped Materials Index (the ""underlying index"").
 The fund generally will invest at least 90% of its total assets in the securities that comprise the underlying index. These companies are principally engaged in the business of producing raw materials, including paper or wood products, chemicals, construction materials, and mining and metals. The fund is non-diversified.",Materials,Developed Markets,Invesco Investment Management,NGM,XNAS,US46138G2012,False
PSCT,Invesco S&P SmallCap Information Technology ETF,USD,"The investment seeks to track the investment results (before fees and expenses) of the S&P SmallCap 600® Capped Information Technology Index.
 The fund generally will invest at least 90% of its total assets in the securities that comprise the index. Strictly in accordance with its guidelines and mandated procedures, S&P Dow Jones Indices, LLC compiles, maintains and calculates the index, which is designed to measure the performance of securities of small-capitalization U.S. companies in the information technology sector, as defined by the Global Industry Classification Standard.",Information Technology,Developed Markets,Invesco Investment Management,NGM,XNAS,US46138E1156,False
PSCU,Invesco S&P SmallCap Utilities & Communication Services ETF,USD,"The investment seeks to track the investment results (before fees and expenses) of the S&P SmallCap 600® Capped Utilities & Communication Services Index.
 The fund generally will invest at least 90% of its total assets in the securities that comprise the index. Strictly in accordance with its guidelines and mandated procedures, S&P Dow Jones Indices, LLC compiles, maintains and calculates the index, which is designed to measure the performance of securities of small-capitalization U.S. companies in the utilities and communication services sectors, as defined by the Global Industry Classification Standard. The fund is non-diversified.",Equities,Small Cap,Invesco Investment Management,NGM,XNAS,US46138G4091,False
PSET,Principal Quality ETF,USD,"The investment seeks to provide investment results that closely correspond, before expenses, to the performance of the Nasdaq US Price Setters Index.
 Under normal circumstances, the fund invests at least 80% of its net assets, plus any borrowings for investment purposes, in equity securities of companies that compose the index at the time of purchase. The index uses a quantitative model designed to identify equity securities of mid- to large-capitalization companies in the Nasdaq US Large Mid Cap Index (the ""parent index"") that exhibit higher quality, growth potential, and pricing power.",Equities,Factors,Principal Funds,NGM,XNAS,US74255Y2019,False
PSTR,PeakShares Sector Rotation ETF,USD,"The PeakShares Sector Rotation ETF aims for superior outcomes by assessing economic, political and market conditions, seeking opportunities and limiting downside. Its weightings come from predictive methods that combine sector-level analysis with top-down macroeconomic factors.",Equities,Developed Markets,PeakShares,NGM,XNAS,US66538F1407,False
PSWD,Xtrackers Cybersecurity Select Equity ETF,USD,"The fund seeks investment results that correspond generally to the performance, before fees and expenses, of the Solactive Cyber Security Focus Index. Xtrackers Cybersecurity Select Equity ETF is an exchange-traded fund listed on the Nasdaq Global Market under the ticker PSWD and traded in USD. The fund is part of the Xtrackers range. It is classified as Information Technology (Developed Markets).",Information Technology,Developed Markets,Xtrackers,NGM,XNAS,US23306X8039,False
PTIR,GraniteShares 2x Long PLTR Daily ETF,USD,"The Fund seeks daily investment results, before fees and expenses, of 2 times (200%) the common stock of Palantir Technologies Inc. (NASDAQ: PLTR). GraniteShares 2x Long PLTR Daily ETF is an exchange-traded fund listed on the Nasdaq Global Market under the ticker PTIR and traded in USD. The fund is part of the Graniteshares range. It is classified as Derivatives (Large Cap).",Derivatives,Trading,Graniteshares,NGM,XNAS,US38747R7109,False
PUI,Invesco DWA Utilities Momentum ETF,USD,"The investment seeks to track the investment results (before fees and expenses) of the Dorsey Wright® Utilities Technical Leaders Index (the ""underlying index"").
 The fund generally will invest at least 90% of its total assets in the securities that comprise the underlying index. The underlying index is composed of at least 30 securities of companies in the utilities sector that have powerful relative strength or ""momentum"" characteristics.",Utilities,Developed Markets,Invesco Investment Management,NGM,XNAS,US46137V7955,False
PUL,GraniteShares 2x Long P Daily ETF,USD,"The Fund seeks daily investment results, before fees and expenses, of 2 times (200%) the daily percentage change of the common stock of Everpure, Inc. (NYSE: P).",Derivatives,Trading,Graniteshares,NGM,XNAS,US38747T3361,False
PUR,Defiance Daily Target 2X Long PURR ETF,USD,"The Fund seeks daily investment results, before fees and expenses, of two times (200%) the daily percentage change in the share price of Hyperliquid Strategies Inc (Nasdaq: PURR). The Fund does not seek to achieve its stated investment objective for a period other than a single trading day.",Derivatives,Trading,Defiance ETFs,NGM,XNAS,US88636Y6499,False
PWRD,TCW Transform Systems ETF,USD,The TCW Transform Systems ETF holds a focused selection of equities in companies expected to lead and benefit from the worldwide move toward a net-zero carbon economy. A proprietary method screens the broader US stock market for firms working to cut emissions significantly or enable large-scale decarbonization.,Equities,Developed Markets,TCW Group,NGM,XNAS,US29287L2051,False
PY,Principal Value ETF,USD,"The investment seeks to provide investment results that closely correspond, before expenses, to the performance of the Nasdaq US Shareholder Yield Index.
 Under normal circumstances, the fund invests at least 80% of its net assets, plus any borrowings for investment purposes, in equity securities of companies that compose the index at the time of purchase. The index uses a quantitative model designed to identify equity securities (including value stock) of mid- to large-capitalization companies in the Nasdaq US Large Mid Cap Index (the ""parent index"") that exhibit higher degrees of shareholder yield.",Equities,Value,Principal Funds,NGM,XNAS,US74255Y3009,False
PYPG,Leverage Shares 2X Long PYPL Daily ETF,USD,"The Fund is an exchange traded fund (“ETF”) that seeks daily levered investment results, before fees and expenses, of two times (200%) of the daily percentage change in the price of the common stock of PYPL. The Fund does not seek to achieve its stated investment objective for a period of time different than a trading day.",Derivatives,Trading,Leverage Shares,NGM,XNAS,US8829274526,False
QABA,First Trust NASDAQ ABA Community Bank Index Fund,USD,"The investment seeks investment results that correspond generally to the price and yield (before the fund's fees and expenses) of an equity index called the NASDAQ OMX® ABA Community Bank IndexSM.
 The fund will normally invest at least 90% of its net assets (including investment borrowings) in the common stocks that comprise the index. The index is designed to track the performance of small, mid and large capitalization companies that comprise the community banking industry.",Financials,Developed Markets,First Trust Advisors,NGM,XNAS,US33736Q1040,False
QALT,SEI DBi Multi-Strategy Alternative ETF,USD,Long-term capital appreciation. SEI DBi Multi-Strategy Alternative ETF is an exchange-traded fund listed on the Nasdaq Global Market under the ticker QALT and traded in USD. The fund is part of the SEI Investments range. It is classified as Alternatives (Blend).,Alternatives,Alternative,SEI Investments,NGM,XNAS,US81589A8099,False
QAT,iShares MSCI Qatar ETF,USD,"The investment seeks to track the investment results of the MSCI All Qatar Capped Index.
 The fund will invest at least 80% of its assets in the component securities of the underlying index and in investments that have economic characteristics that are substantially identical to the component securities of the underlying index. The index, which is designed to measure the equity market in Qatar, is a free float-adjusted market capitalization-weighted index with a capping methodology applied to issuer weights. The fund is non-diversified.",Equities,Emerging Markets,BlackRock Asset Management,NGM,XNAS,US46434V7799,False
QB,ProShares Nasdaq-100 Dynamic Buffer ETF,USD,"ProShares Nasdaq-100 Dynamic Buffer ETF (the “Fund”) seeks investment results, before fees and expenses, that track the performance of the Nasdaq-100 Dynamic Buffer Index (the “Index”).",Derivatives,Large Cap,ProShares,NGM,XNAS,US74349Y5978,False
QBIG,Invesco Top QQQ ETF,USD,The Invesco Top QQQ ETF is actively managed and gains exposure to the leading firms in the Nasdaq-100 Index through the Nasdaq-100 Mega Index. The Nasdaq-100 comprises 100 of the largest domestic and international non-financial companies trading on The Nasdaq Stock Market LLC.,Information Technology,Developed Markets,Invesco Investment Management,NGM,XNAS,US46090A6718,False
QBTZ,Defiance Daily Target 2x Short QBTS ETF,USD,"The Fund seeks daily inverse investment results, before fees and expenses, of -2 times (-200%) the daily percentage change in the share price of D-Wave Quantum Inc. (NYSE: QBTS) The Fund does not seek to achieve its stated investment objective for a period other than a single trading day.",Derivatives,Trading,Defiance ETFs,NGM,XNAS,US88636Y5400,False
QBUF,Innovator Nasdaq-100 10 Buffer ETF Quarterly,USD,"The Innovator Nasdaq-100 10 Buffer ETF Quarterly is built to follow the Invesco QQQ Trust (QQQ) with an upper limit on gains. It is designed to absorb the first 10% of losses in each three-month cycle. The buffer and cap reset automatically, so the ETF can be held indefinitely.",Derivatives,Large Cap,Innovator ETFs,NGM,XNAS,US45783Y1608,False
QBY,GraniteShares YieldBoost QBTS ETF,USD,"The Fund’s primary investment objective is to achieve 2 times (200%) the income generated from selling options on D-Wave Quantum, Inc.’s common share (NYSE: QBTS) (the “Underlying Stock”) by selling options on leveraged exchange-traded funds designed to deliver 2 times (200%) the daily performance of the Underlying Stock (the “Underlying Leveraged ETF”). The Fund’s secondary investment objective is to gain exposure to the performance of the Underlying Leveraged ETF, subject to a cap on potential investment gains. A downside protection may be implemented which could affect the net income level.",,,Graniteshares,NGM,XNAS,US38747R1656,False
QCLR,Global X NASDAQ 100 Collar 95-110 ETF,USD,"The Global X NASDAQ 100 ® Collar 95-110 ETF (the ""Fund"") seeks to provide investment results that correspond generally to the price and yield performance, before fees and expenses, of the Nasdaq-100 Quarterly Collar 95-110 Index (the ""Underlying Index"").",Derivatives,Large Cap,Global X Funds,NGM,XNAS,US37960A6029,False
QCMD,Direxion Daily QCOM Bear 1X ETF,USD,"The Fund seeks daily investment results, before fees and expenses, of 100% of the inverse (or opposite) of the daily performance of QCOM. The Fund does not seek to achieve its stated investment objective for a period of time different than a trading day.",Derivatives,Trading,Direxion Funds,NGM,XNAS,US25461A2548,False
QCML,GraniteShares 2x Long QCOM Daily ETF,USD,"The Fund seeks daily investment results, before fees and expenses, of 2 times (200%) the daily percentage change of the common stock of Qualcomm Incorporated (NASDAQ: QCOM).",Derivatives,Trading,Graniteshares,NGM,XNAS,US38747R5871,False
QCMU,Direxion Daily QCOM Bull 2X ETF,USD,"The Fund seeks daily investment results, before fees and expenses, of 200% of the daily performance of QCOM. The Fund does not seek to achieve its stated investment objective for a period of time different than a trading day.",Derivatives,Trading,Direxion Funds,NGM,XNAS,US25461A2704,False
QDTY,YieldMax Nasdaq 100 0DTE Covered Call Strategy ETF,USD,"YieldMax Nasdaq 100 0DTE Covered Call Strategy ETF is an actively managed fund aiming to provide current income along with exposure to Nasdaq 100 Index price gains. It earns income mainly by selling out-of-the-money call options that expire the same day, written on the index or related ETFs, and it aims to pay out weekly.",Derivatives,Large Cap,YieldMax ETFs,NGM,XNAS,US88636R5789,False
QEW,Invesco QQQ Equal Weight ETF,USD,The Invesco QQQ Equal Weight ETF seeks to replicate the NASDAQ 100 index while giving every constituent company the same weighting.,Equities,Factors,Invesco Investment Management,NGM,XNAS,US46138G3754,False
QFF,Qualivian Focus Fund ETF,USD,The Qualivian Focus Fund ETF (the “Fund”) seeks to achieve long-term capital appreciation. Qualivian Focus Fund ETF is an exchange-traded fund listed on the Nasdaq Global Market under the ticker QFF and traded in USD. The fund is part of the Qualivian range.,Equities,Developed Markets,Qualivian,NGM,XNAS,US26824D7791,False
QGRD,Horizon Nasdaq-100 Defined Risk ETF,USD,The Horizon Nasdaq-100 Defined Risk ETF (the “Nasdaq-100 Fund” or the “Fund”) seeks capital appreciation and capital preservation. Horizon Nasdaq-100 Defined Risk ETF is an exchange-traded fund listed on the Nasdaq Global Market under the ticker QGRD and traded in USD. The fund is part of the Horizon Investments range. It is classified as Derivatives (Large Cap).,Equities,,Horizon Investments,NGM,XNAS,US44053A5157,False
QLDY,Defiance Nasdaq 100 LightningSpread Income ETF,USD,The Fund’s primary investment objective is to seek current income. The Fund’s secondary objective is to seek capital appreciation. Defiance Nasdaq 100 LightningSpread Income ETF is an exchange-traded fund listed on the Nasdaq Global Market under the ticker QLDY and traded in USD. The fund is part of the Defiance ETFs range. It is classified as Derivatives (Large Cap).,Equities,,Defiance ETFs,NGM,XNAS,US88636V8845,False
QMID,WisdomTree U.S. MidCap Quality Growth Fund,USD,"The WisdomTree U.S. MidCap Quality Growth Fund (the “Fund”) seeks to track the price and yield performance, before fees and expenses, of the WisdomTree U.S. MidCap Quality Growth Index (the “Index”).",Equities,Factors,WisdomTree Asset Management,NGM,XNAS,US97717Y4448,False
QNDX,State Street SPDR Portfolio Nasdaq 100 ETF,USD,"The State Street SPDR Portfolio Nasdaq 100 ETF (the “Fund”) seeks to provide investment results that, before fees and expenses, correspond generally to the total return performance of an index that tracks the performance of large capitalization equity securities of non-financial companies listed on a U.S. exchange.",Equities,Large Cap,State Street Global Advisors,NGM,XNAS,US78468R3903,False
QNXT,iShares Nasdaq-100 ex Top 30 ETF,USD,The iShares Nasdaq-100 ex Top 30 ETF (the “Fund”) seeks to track the investment results of an index composed of the 31 st - 100 th largest companies by market capitalization within the Nasdaq-100 Index.,Equities,Developed Markets,BlackRock Asset Management,NGM,XNAS,US46438G5541,False
QOWZ,Invesco Nasdaq Free Cash Flow Achievers ETF,USD,"The Invesco Nasdaq Free Cash Flow Achievers ETF aims to mirror the Nasdaq US Free Cash Flow Achievers Index before fees and expenses, placing at least 90% of total assets in its securities. The index tracks US-listed companies with continuous and robust growth in free cash flow.",Information Technology,Developed Markets,Invesco Investment Management,NGM,XNAS,US46138G4661,False
QPUX,Defiance 2X Daily Long Pure Quantum ETF,USD,"The Fund seeks daily investment results, before fees and expenses, that correspond to two times (2X) the performance of an actively-managed group of “pure quantum” company securities (described below) for a single day (the group of equity securities is referred to as the “Target Portfolio”).",Derivatives,Trading,Defiance ETFs,NGM,XNAS,US88636W1302,False
QQA,Invesco QQQ Income Advantage ETF,USD,"The Invesco QQQ Income Advantage ETF provides exposure to the Nasdaq-100 Index together with an actively managed options strategy. The options approach aims to produce steady income, offer some protection when markets fall and keep participating when they rise.",Information Technology,Developed Markets,Invesco Investment Management,NGM,XNAS,US46090A6890,False
QQC,Simplify Growth Equity Plus Convexity ETF,USD,"The investment seeks to provide capital appreciation.
 The fund will invest at least 80% of its net assets (plus any borrowings for investment purposes) in equity securities, primarily by purchasing ETFs that invest in companies listed on the NASDAQ-100 Index. Up to twenty percent of its net assets will be subject to the fund's convexity option overlay. The option overlay consists of purchasing exchange-traded and OTC put and call options on the NASDAQ® -100 Index or a NASDAQ®-100 Index ETF.",Equities,Growth,Simplify Asset Management,NGM,XNAS,,False
QQDN,ProShares UltraShort QQQ Mega,USD,ProShares UltraShort QQQ Mega is an exchange-traded fund listed on the Nasdaq Global Market under the ticker QQDN and traded in USD. The fund is part of the ProShares range. It is classified as Derivatives (Large Cap).,Derivatives,Trading,ProShares,NGM,XNAS,US74349Y6885,False
QQHG,Invesco QQQ Hedged Advantage ETF,USD,"The Invesco QQQ Hedged Advantage ETF, part of Invesco Actively Managed Exchange-Traded Fund Trust, invests in US equities that closely replicate Nasdaq-100 Index performance and adds an option overlay to hedge against declines for partial downside protection. The index covers 100 large non-financial Nasdaq companies, excluding REITs and SPACs. The fund does not fully replicate the index.",Equities,Developed Markets,Invesco Investment Management,NGM,XNAS,US46127B4032,False
QQI,Invesco Nasdaq International Innovators 100 ETF,USD,"The Invesco Nasdaq International Innovators 100 ETF seeks to track the Nasdaq International Innovators 100 Index. It provides exposure to 100 large and mid-sized non-US companies chosen on innovation-related factors such as spending on research and development, revenue growth and gross margins.",Equities,Developed Markets,Invesco Investment Management,NGM,XNAS,US46138G3671,False
QQLV,Invesco QQQ Low Volatility ETF,USD,"The Invesco QQQ Low Volatility ETF, part of Invesco Exchange-Traded Fund Trust II, is part of the Invesco QQQ Innovation Suite and offers exposure to low-volatility QQQ stocks. It follows an index of the lowest-volatility US large-cap stocks in the Nasdaq-100, ranked by trailing 12-month realized volatility with the lowest quartile included.",Equities,Factors,Invesco Investment Management,NGM,XNAS,US46138G4257,False
QQMG,Invesco ESG NASDAQ 100 ETF,USD,"The Invesco ESG NASDAQ 100 ETF is designed to track the Nasdaq-100 ESG Index, placing at least 90% of total assets in its securities. The index is made up of companies from the Nasdaq-100 that meet environmental, social and governance criteria.",Information Technology,Large Cap,Invesco Investment Management,NGM,XNAS,US46138G5403,False
QQQ,Invesco QQQ Trust,USD,"The investment seeks investment results that generally correspond to the price and yield performance of the NASDAQ-100 Index®.
 To maintain the correspondence between the composition and weights of the securities in the trust (the ""securities"") and the stocks in the NASDAQ-100 Index®, the adviser adjusts the securities from time to time to conform to periodic changes in the identity and/or relative weights of index securities. The composition and weighting of the securities portion of a portfolio deposit are also adjusted to conform to changes in the index.",Information Technology,Developed Markets,Invesco Investment Management,NGM,XNAS,US46090E1038,False
QQQA,ProShares Nasdaq-100 Dorsey Wright Momentum ETF,USD,"ProShares Nasdaq-100 Dorsey Wright Momentum ETF (the “Fund”) seeks investment results, before fees and expenses, that track the performance of the Nasdaq-100 Dorsey Wright Momentum Index (the “Index”).",Information Technology,Large Cap,ProShares,NGM,XNAS,US74347G6715,False
QQQB,VistaShares Shield Nasdaq 100 Enhanced Protection ETF,USD,The VistaShares Shield Nasdaq 100 Enhanced Protection ETF (the “Fund”) seeks capital appreciation. VistaShares Shield Nasdaq 100 Enhanced Protection ETF is an exchange-traded fund listed on the Nasdaq Global Market under the ticker QQQB and traded in USD. The fund is part of the VistaShares range. It is classified as Derivatives (Large Cap).,Equities,,VistaShares,NGM,XNAS,US45259A1429,False
QQQG,Pacer Nasdaq 100 Top 50 Cash Cows Growth Leaders ETF,USD,Pacer Nasdaq 100 Top 50 Cash Cows Growth Leaders ETF is an exchange-traded fund listed on the Nasdaq Global Market under the ticker QQQG and traded in USD. The fund is part of the Pacer range. It is classified as Equities (Growth).,Information Technology,Large Cap,Pacer,NGM,XNAS,US69374H3295,False
QQQH,NEOS Nasdaq-100 Hedged Equity Income ETF,USD,The NEOS Nasdaq-100® Hedged Equity Income ETF (the “Fund”) seeks high monthly income in a tax efficient manner with a measure of downside protection. NEOS Nasdaq-100 Hedged Equity Income ETF is an exchange-traded fund listed on the Nasdaq Global Market under the ticker QQQH and traded in USD. The fund is part of the NEOS Investments range. It is classified as Derivatives (Large Cap).,Derivatives,Large Cap,NEOS Investments,NGM,XNAS,US78433H5761,False
QQQI,NEOS Nasdaq 100 High Income ETF,USD,The NEOS Nasdaq-100 ® High Income ETF (the “Fund”) seeks to generate high monthly income in a tax efficient manner with the potential for equity appreciation. NEOS Nasdaq 100 High Income ETF is an exchange-traded fund listed on the Nasdaq Global Market under the ticker QQQI and traded in USD. The fund is part of the NEOS Investments range. It is classified as Derivatives (Large Cap).,Information Technology,Large Cap,NEOS Investments,NGM,XNAS,US78433H6751,False
QQQM,Invesco NASDAQ 100 ETF,USD,"The investment seeks to track the investment results (before fees and expenses) of the NASDAQ-100 Index® (the “underlying index”).
 The fund generally will invest at least 90% of its total assets in the securities that comprise the underlying index. Strictly in accordance with its guidelines and mandated procedures, Nasdaq, Inc. (“Nasdaq” or the “index provider”) compiles, maintains and calculates the underlying index, which includes securities of 100 of the largest domestic and international nonfinancial companies listed on The Nasdaq Stock Market LLC based on market capitalization. It is non-diversified.",Information Technology,Large Cap,Invesco Investment Management,NGM,XNAS,US46138G6492,False
QQQP,Tradr 2X Long Innovation 100 Quarterly ETF,USD,"The Tradr 2X Long Innovation 100 Quarterly ETF seeks calendar quarter investment results, before fees and expenses, that correspond to two times (200%) the calendar quarter performance of the Invesco QQQ Trust SM. The Fund does not seek to achieve its stated investment objective for a period of time different than a full calendar quarter.",Derivatives,Trading,Tradr ETFs,NGM,XNAS,US46092D7315,False
QQQS,Invesco NASDAQ Future Gen 200 ETF,USD,The Invesco NASDAQ Future Gen 200 ETF (the “Fund”) seeks to track the investment results (before fees and expenses) of the Nasdaq Innovators Completion Cap™ Index (the “Underlying Index”).,Equities,Developed Markets,Invesco Investment Management,NGM,XNAS,US46138G4828,False
QQQT,Defiance Nasdaq 100 Income Target ETF,USD,The Fund’s primary investment objective is to seek current income. The Fund’s secondary investment objective is to seek exposure to the performance of the Nasdaq 100 Index (the “Index”).,Equities,Large Cap,Defiance ETFs,NGM,XNAS,US88636J5763,False
QQQY,Defiance Nasdaq 100 Weekly Distribution ETF,USD,The Fund’s primary investment objective is to seek current income. The Fund’s secondary investment objective is to seek exposure to the performance of the Nasdaq 100 Index (the “Index”).,Information Technology,Large Cap,Defiance ETFs,NGM,XNAS,US88636J1549,False
QQUP,ProShares Ultra QQQ Mega,USD,ProShares Ultra QQQ Mega is an exchange-traded fund listed on the Nasdaq Global Market under the ticker QQUP and traded in USD. The fund is part of the ProShares range. It is classified as Derivatives (Large Cap).,Derivatives,Trading,ProShares,NGM,XNAS,US74349Y6968,False
QQWZ,Pacer Cash COWZ 100-Nasdaq 100 Rotator ETF,USD,"The Pacer Cash COWZ 100-Nasdaq 100 Rotator ETF (the “Fund”) is an exchange traded fund (“ETF”) that seeks to track the total return performance, before fees and expenses, of the Pacer COWZ NDX Rotator Index (the “Index”).",Equities,Large Cap,Pacer,NGM,XNAS,US69374H2461,False
QQXL,ProShares Ultra QQQ Top 30,USD,ProShares Ultra QQQ Top 30 is an exchange-traded fund listed on the Nasdaq Global Market under the ticker QQXL and traded in USD. The fund is part of the ProShares range. It is classified as Derivatives (Large Cap).,Derivatives,Trading,ProShares,NGM,XNAS,US74349Y4641,False
QQXT,First Trust NASDAQ-100 Ex-Technology Sector Index Fund,USD,"The investment seeks investment results that correspond generally to the price and yield (before the fund's fees and expenses) of an equity index called the NASDAQ-100 Ex-Tech Sector IndexSM.
 The fund will normally invest at least 90% of its net assets (including investment borrowings) in the common stocks and depositary receipts that comprise the index. The index is an equal-weighted index composed of the securities comprising the NASDAQ-100 Index® that are not classified as ""technology"" according to the Industry Classification Benchmark (""ICB"") classification system.",Information Technology,Large Cap,First Trust Advisors,NGM,XNAS,US33733E4017,False
QRMI,Global X NASDAQ 100 Risk Managed Income ETF,USD,"The Global X NASDAQ 100 ® Risk Managed Income ETF (the ""Fund"") seeks to provide investment results that correspond generally to the price and yield performance, before fees and expenses, of the Nasdaq-100 Monthly Net Credit Collar 95-100 Index (the ""Underlying Index"").",Information Technology,Large Cap,Global X Funds,NGM,XNAS,US37960A5039,False
QSIX,Pacer Metaurus Nasdaq 100 Dividend Multiplier 600 ETF,USD,Pacer Metaurus Nasdaq 100 Dividend Multiplier 600 ETF is an exchange-traded fund listed on the Nasdaq Global Market under the ticker QSIX and traded in USD. The fund is part of the Pacer range. It is classified as Equities (Large Cap).,Information Technology,Developed Markets,Pacer,NGM,XNAS,US69374H2875,False
QSML,WisdomTree U.S. SmallCap Quality Growth Fund,USD,"The WisdomTree U.S. SmallCap Quality Growth Fund (the “Fund”) seeks to track the price and yield performance, before fees and expenses, of the WisdomTree U.S. SmallCap Quality Growth Index (the “Index”).",Equities,Factors,WisdomTree Asset Management,NGM,XNAS,US97717Y4364,False
QTOP,iShares Nasdaq Top 30 Stocks ETF,USD,The iShares Nasdaq Top 30 Stocks ETF (the “Fund”) seeks to track the investment results of an index composed of the 30 largest companies by market capitalization within the Nasdaq-100 Index.,Information Technology,Developed Markets,BlackRock Asset Management,NGM,XNAS,US46438G5624,False
QTR,Global X NASDAQ 100 Tail Risk ETF,USD,"The Global X NASDAQ 100 ® Tail Risk ETF (the ""Fund"") seeks to provide investment results that correspond generally to the price and yield performance, before fees and expenses, of the Nasdaq-100 Quarterly Protective Put 90 Index (the ""Underlying Index"").",Information Technology,Large Cap,Global X Funds,NGM,XNAS,US37960A4040,False
QVOL,Infrastructure Capital Nasdaq Option Income ETF,USD,The Fund seeks high current monthly income with a secondary objective of capital appreciation. Infrastructure Capital Nasdaq Option Income ETF is an exchange-traded fund listed on the Nasdaq Global Market under the ticker QVOL and traded in USD. The fund is part of the Infrastructure Capital Advisors range. It is classified as Derivatives (Large Cap).,Derivatives,Large Cap,Infrastructure Capital Advisors,NGM,XNAS,US81752T3611,False
QXQ,SGI Enhanced Nasdaq-100 ETF,USD,SGI Enhanced Nasdaq-100 ETF is an exchange-traded fund listed on the Nasdaq Global Market under the ticker QXQ and traded in USD. The fund is part of the SGI range. It is classified as Equities (Large Cap).,Equities,Large Cap,SGI,NGM,XNAS,US74933W2391,False
QYLG,Global X Nasdaq 100 Covered Call & Growth ETF,USD,"The investment seeks to provide investment results that correspond generally to the price and yield performance, before fees and expenses, of the Cboe Nasdaq 100 Half BuyWrite V2 Index (""underlying index"").
 The fund invests at least 80% of its total assets in the securities of the underlying index. The underlying index measures the performance of a theoretical portfolio that holds a portfolio of the stocks included in the NASDAQ 100® Index (the ""reference index""), and ""writes"" (or sells) a succession of one-month at-the-money covered call options on the reference index. It generally will use a replication strategy. The fund is non-diversified.",Derivatives,Large Cap,Global X Funds,NGM,XNAS,US37954Y2697,False
RAA,SMI 3Fourteen REAL Asset Allocation ETF,USD,SMI 3Fourteen REAL Asset Allocation ETF is an exchange-traded fund listed on the Nasdaq Global Market under the ticker RAA and traded in USD. The fund is part of the SMI Advisory Services range. It is classified as Alternatives (Blend).,Equities,Allocation,SMI Advisory Services,NGM,XNAS,US26923N3970,False
RAUS,RACWI US ETF,USD,"The RACWI US ETF (the “Fund”) seeks to track the total return performance, before fees and expenses, of the RACWI US Index (the “Index”). RACWI US ETF is an exchange-traded fund listed on the Nasdaq Global Market under the ticker RAUS and traded in USD. It is classified as Equities (Large Cap).",Equities,Developed Markets,,NGM,XNAS,US02072Q5493,False
RBIL,F/m Ultrashort Treasury Inflation-Protected Security (TIPS) ETF,USD,F/m Ultrashort Treasury Inflation-Protected Security (TIPS) ETF is an exchange-traded fund listed on the Nasdaq Global Market under the ticker RBIL and traded in USD. The fund is part of the F/m Investments range. It is classified as Fixed Income (Inflation-Protected Securities).,Derivatives,Trading,F/m Investments,NGM,XNAS,US74933W2136,False
RCAX,Defiance Daily Target 2x Long RCAT ETF,USD,"The Fund seeks daily investment results, before fees and expenses, of two times (200%) the daily percentage change in the share price of Red Cat Holdings, Inc. (NASDAQ: RCAT). The Fund does not seek to achieve its stated investment objective for a period other than a single trading day.",Derivatives,Trading,Defiance ETFs,NGM,XNAS,US88636Y5996,False
RCGE,RockCreek Global Equality ETF,USD,The RockCreek Global Equality ETF (the “Fund”) seeks to achieve long-term capital appreciation. RockCreek Global Equality ETF is an exchange-traded fund listed on the Nasdaq Global Market under the ticker RCGE and traded in USD. The fund is part of the RockCreek range. It is classified as Equities (Developed Markets).,Equities,Factors,RockCreek,NGM,XNAS,US02072Q8380,False
RDTL,GraniteShares 2x Long RDDT Daily ETF,USD,"The Fund seeks daily investment results, before fees and expenses, of 2 times (200%) the daily percentage change of the common stock of Reddit Inc. (NYSE: RDDT).",Derivatives,Trading,Graniteshares,NGM,XNAS,US38747R4965,False
RDTY,YieldMax R2000 0DTE Covered Strategy ETF,USD,The Fund’s primary investment objective is to seek current income. The Fund’s secondary objective is to seek capital appreciation. YieldMax R2000 0DTE Covered Strategy ETF is an exchange-traded fund listed on the Nasdaq Global Market under the ticker RDTY and traded in USD. The fund is part of the YieldMax ETFs range. It is classified as Derivatives (Large Cap).,Derivatives,Large Cap,YieldMax ETFs,NGM,XNAS,US88636R5524,False
REAI,Intelligent Real Estate ETF,USD,The Intelligent Real Estate ETF (the “Fund”) seeks total return. Intelligent Real Estate ETF is an exchange-traded fund listed on the Nasdaq Global Market under the ticker REAI and traded in USD. It is classified as Real Estate (REITs).,Real Estate,REITs,,NGM,XNAS,US8863643974,False
REMG,Russell Investments Emerging Markets Equity ETF,USD,(Non-Fundamental) The Fund seeks to provide long term capital growth. Russell Investments Emerging Markets Equity ETF is an exchange-traded fund listed on the Nasdaq Global Market under the ticker REMG and traded in USD. The fund is part of the Russell Investment Management range. It is classified as Equities (Emerging Markets).,Equities,Developed Markets,Russell Investment Management,NGM,XNAS,US78249U4076,False
REXC,Sprott Rare Earths Ex-China ETF,USD,"Sprott Rare Earths Ex-China ETF is a US-structured fund in Sprott Funds Trust, established and mainly managed by Sprott Asset Management USA, Inc. and co-managed by ALPS Advisors, Inc.. It holds growth and value stocks of companies of varied sizes and industries in emerging markets outside China. Through full replication, it follows the Nasdaq Sprott rare earths benchmark that excludes China.",Equities,Developed Markets,Sprott,NGM,XNAS,US85208P8326,False
RFDI,First Trust RiverFront Dynamic Developed International ETF,USD,"The investment seeks capital appreciation.
 The fund will seek to achieve its investment objective by investing at least 80% of its net assets in a portfolio of equity securities of developed market companies, including through investments in common stock, depositary receipts, and common and preferred shares of real estate investment trusts (""REITs""), and forward foreign currency exchange contracts and currency spot transactions used to hedge the fund's exposure to the currencies in which the equity securities of such developed market companies are denominated.",Equities,Developed Markets,First Trust Advisors,NGM,XNAS,US33739P6088,True
RFEU,First Trust RiverFront Dynamic Europe ETF,USD,"The investment seeks capital appreciation.
 The fund seeks to achieve its investment objective by investing at least 80% of its net assets (including investment borrowings) in a portfolio of equity securities of European companies, including through investments in common stock, depositary receipts, and common and preferred shares of real estate investment trusts (""REITs""), and forward foreign currency exchange contracts and currency spot transactions used to hedge the fund's exposure to the currencies in which the equity securities of such European companies are denominated.",Equities,Developed Markets,First Trust Advisors,NGM,XNAS,,False
RGLO,Russell Investments Global Equity ETF,USD,(Non-Fundamental) The Fund seeks to provide long term capital growth. Russell Investments Global Equity ETF is an exchange-traded fund listed on the Nasdaq Global Market under the ticker RGLO and traded in USD. The fund is part of the Russell Investment Management range. It is classified as Equities (Developed Markets).,Equities,Developed Markets,Russell Investment Management,NGM,XNAS,US78249U3086,False
RGTX,Defiance Daily Target 2X Long RGTI ETF,USD,"The Fund seeks daily investment results, before fees and expenses, of two times (200%) the daily percentage change in the share price of Rigetti Computing, Inc. (Nasdaq: RGTI). The Fund does not seek to achieve its stated investment objective for a period other than a single trading day.",Derivatives,Trading,Defiance ETFs,NGM,XNAS,US88636Y1029,False
RGTZ,Defiance Daily Target 2x Short RGTI ETF,USD,"The Fund seeks daily inverse investment results, before fees and expenses, of -2 times (-200%) the daily percentage change in the share price of Rigetti Computing, Inc. (Nasdaq: RGTI) The Fund does not seek to achieve its stated investment objective for a period other than a single trading day.",Derivatives,Trading,Defiance ETFs,NGM,XNAS,US88636Y5160,False
RGYY,GraniteShares YieldBoost RGTI ETF,USD,"The Fund’s primary investment objective is to achieve 2 times (200%) the income generated from selling options on Rigetti Computing, Inc.’s common stock (NYSE: RGTI) (the “Underlying Stock”) by selling options on leveraged exchange-traded funds designed to deliver 2 times (200%) the daily performance of the Underlying Stock (the “Underlying Leveraged ETF”). The Fund’s secondary investment objective is to gain exposure to the performance of the Underlying Leveraged ETF, subject to a cap on potential investment gains. A downside protection may be implemented which could affect the net income level.",,,Graniteshares,NGM,XNAS,US38747R1730,False
RIFR,Russell Investments Global Infrastructure ETF,USD,(Non-Fundamental) The Fund seeks to provide long term growth of capital and current income. Russell Investments Global Infrastructure ETF is an exchange-traded fund listed on the Nasdaq Global Market under the ticker RIFR and traded in USD. The fund is part of the Russell Investment Management range. It is classified as Industrials (Developed Markets).,Equities,Developed Markets,Russell Investment Management,NGM,XNAS,US78249U5065,False
RILYI,"B. Riley Financial, Inc. - 6.87",USD,"B. Riley Financial, Inc. - 6.87 is a debt instrument issued by B. Riley Financial, Inc., featuring a fixed coupon rate of 6.87%. This represents a form of corporate debt, offering investors a stream of income based on the stated interest rate. It reflects a secured financial obligation of B. Riley Financial.",Fixed Income,Corporate Bonds,,NGM,XNAS,,True
RINT,Russell Investments International Developed Equity ETF,USD,(Non-Fundamental) The Fund seeks to provide long term capital growth. Russell Investments International Developed Equity ETF is an exchange-traded fund listed on the Nasdaq Global Market under the ticker RINT and traded in USD. The fund is part of the Russell Investment Management range. It is classified as Equities (Developed Markets).,Equities,Developed Markets,Russell Investment Management,NGM,XNAS,US78249U2096,False
RKLX,Defiance Daily Target 2X Long RKLB ETF,USD,"The Fund seeks daily investment results, before fees and expenses, of two times (200%) the daily percentage change in the share price of Rocket Lab Corporation (NASDAQ: RKLB). The Fund does not seek to achieve its stated investment objective for a period other than a single trading day.",Derivatives,Trading,Defiance ETFs,NGM,XNAS,US88636R2224,False
RKLZ,Defiance Daily Target 2x Short RKLB ETF,USD,"The Fund seeks daily inverse investment results, before fees and expenses, of -2 times (-200%) the daily percentage change in the share price of Rocket Lab Corporation (Nasdaq: RKLB). The Fund does not seek to achieve its stated investment objective for a period other than a single trading day.",Derivatives,Trading,Defiance ETFs,NGM,XNAS,US88636Y5657,False
RKNG,Defiance Retail Kings ETF,USD,The Defiance Retail Kings ETF (the “Fund” or the “Retail Kings ETF”) seeks long-term capital appreciation. Defiance Retail Kings ETF is an exchange-traded fund listed on the Nasdaq Global Market under the ticker RKNG and traded in USD. The fund is part of the Defiance ETFs range. It is classified as Consumer Discretionary (Developed Markets).,Consumer Discretionary,Developed Markets,Defiance ETFs,NGM,XNAS,US26922B3785,False
RNDM,First Trust Developed International Equity Select ETF,USD,"The investment seeks investment results that correspond generally to the price and yield (before the fund's fees and expenses) of an equity index called the Nasdaq Riskalyze Developed Index (the ""index"").
 The fund will normally invest at least 90% of its net assets (including investment borrowings) in the common stocks, depositary receipts, preferred shares and real estate investment trusts (""REITs"") that comprise the index. The index is designed to select low volatility securities issued by companies operating in developed market countries (excluding the United States).",Equities,Developed Markets,First Trust Advisors,NGM,XNAS,,True
RNDV,First Trust US Equity Dividend Select ETF,USD,"The investment seeks investment results that correspond generally to the price and yield (before the fund's fees and expenses) of an equity index called the Nasdaq Riskalyze US Large Cap Select Dividend Index (the ""index"").
 The fund will normally invest at least 90% of its net assets (including investment borrowings) in the common stocks and real estate investment trusts (""REITs"") that comprise the index. The index is designed to select dividend-paying securities issued by U.S. companies to create a diversified portfolio offering an above-average yield.",Equities,Developed Markets,First Trust Advisors,NGM,XNAS,,True
RNIN,Bushido Capital US SMID Cap Equity ETF,USD,The Bushido Capital US SMID Cap Equity ETF (the “Fund”) seeks to provide long-term capital appreciation. Bushido Capital US SMID Cap Equity ETF is an exchange-traded fund listed on the Nasdaq Global Market under the ticker RNIN and traded in USD. The fund is part of the Bushido Capital range. It is classified as Equities (Small Cap).,Equities,Mid Cap,Bushido Capital,NGM,XNAS,US02072Q6558,False
RNLC,First Trust Large Cap US Equity Select ETF,USD,"The investment seeks investment results that correspond generally to the price and yield (before the fund's fees and expenses) of an equity index called the Nasdaq Riskalyze US Large Cap Index (the ""index"").
 The fund will normally invest at least 90% of its net assets (including investment borrowings) in the common stocks and real estate investment trusts (""REITs"") that comprise the index. The index is designed to select dividend-paying securities issued by large capitalization U.S. companies.",Equities,Large Cap,First Trust Advisors,NGM,XNAS,,False
RNMC,First Trust Mid Cap US Equity Select ETF,USD,"The investment seeks investment results that correspond generally to the price and yield (before the fund's fees and expenses) of an equity index called the Nasdaq Riskalyze US Mid Cap Index (the ""index"").
 The fund will normally invest at least 90% of its net assets (including investment borrowings) in the common stocks and real estate investment trusts (""REITs"") that comprise the index. The index is designed to select dividend-paying securities issued by mid capitalization U.S. companies.",Equities,Mid Cap,First Trust Advisors,NGM,XNAS,,True
RNRG,Global X Renewable Energy Producers ETF,USD,"The investment seeks to track, before fees and expenses, the price and yield performance of the Indxx YieldCo & Renewable Energy Income Index.
 The fund invests at least 80% of its total assets in the securities of the underlying index and in ADRs and GDRs based on the securities in the underlying index. The underlying index is designed to provide exposure to publicly traded companies that produce energy from renewable sources including wind, solar, hydroelectric, geothermal, and biofuels (including publicly traded companies that are formed to own operating assets that produce defined cash flows. The fund is non-diversified.",Utilities,Developed Markets,Global X Funds,NGM,XNAS,US37960A1806,False
RNSC,First Trust Small Cap US Equity Select ETF,USD,"The investment seeks investment results that correspond generally to the price and yield (before the fund's fees and expenses) of an equity index called the Nasdaq Riskalyze US Small Cap Index (the ""index"").
 The fund will normally invest at least 90% of its net assets (including investment borrowings) in the common stocks and real estate investment trusts (""REITs"") that comprise the index. The index is designed to select dividend-paying securities issued by small capitalization U.S. companies.",Equities,Small Cap,First Trust Advisors,NGM,XNAS,,True
ROBT,First Trust Nasdaq Artificial Intelligence and Robotics ETF,USD,"The investment seeks investment results that correspond generally to the price and yield (before the fund's fees and expenses) of an index called the Nasdaq CTA Artificial Intelligence and Robotics IndexSM (the ""index"").
 The fund will normally invest at least 90% of its net assets (including investment borrowings) in common stocks and depositary receipts that comprise the index. The index is designed to track the performance of companies engaged in the artificial intelligence (""AI"") and robotics segments of the technology, industrial and other economic sectors. The fund is non-diversified.",Equities,Developed Markets,First Trust Advisors,NGM,XNAS,US33738R7200,False
ROCQ,JPMorgan Nasdaq Equity Premium Yield ETF,USD,JPMorgan Nasdaq Equity Premium Yield ETF is an exchange-traded fund listed on the Nasdaq Global Market under the ticker ROCQ and traded in USD. The fund is part of the JPMorgan Asset Management range. It is classified as Derivatives (Large Cap).,Derivatives,Large Cap,JPMorgan Asset Management,NGM,XNAS,US46654Q4929,False
ROCY,JPMorgan Equity Premium Yield ETF,USD,JPMorgan Equity Premium Yield ETF is an exchange-traded fund listed on the Nasdaq Global Market under the ticker ROCY and traded in USD. The fund is part of the JPMorgan Asset Management range. It is classified as Derivatives (Large Cap).,Derivatives,Large Cap,JPMorgan Asset Management,NGM,XNAS,US46654Q5181,False
ROE,Astoria US Equal Weight Quality Kings ETF,USD,The Astoria US Equal Weight Quality Kings ETF (the “Fund”) seeks to provide long-term capital appreciation. Astoria US Equal Weight Quality Kings ETF is an exchange-traded fund listed on the Nasdaq Global Market under the ticker ROE and traded in USD. The fund is part of the Astoria range. It is classified as Equities (Factors).,Equities,Factors,Astoria,NGM,XNAS,US02072L4335,False
RTXG,Leverage Shares 2X Long RTX Daily ETF,USD,"The Fund is an exchange traded fund (“ETF”) that seeks daily levered investment results, before fees and expenses, of two times (200%) of the daily percentage change in the price of the common stock of RTX. The Fund does not seek to achieve its stated investment objective for a period of time different than a trading day.",Derivatives,Trading,Leverage Shares,NGM,XNAS,US8829274948,False
RTYY,GraniteShares YieldBoost RIOT ETF,USD,"The Fund’s primary investment objective is to achieve 2 times (200%) the income generated from selling options on Riot Platforms, Inc.’s common stock (NASDAQ: RIOT) (the “Underlying Stock”) by selling options on leveraged exchange-traded funds designed to deliver 2 times (200%) the daily performance of the Underlying Stock (the “Underlying Leveraged ETF”). The Fund’s secondary investment objective is to gain exposure to the performance of the Underlying Leveraged ETF, subject to a cap on potential investment gains. A downside protection may be implemented which could affect the net income level.",,,Graniteshares,NGM,XNAS,US38747R1573,False
RUNN,Running Oak Efficient Growth ETF,USD,The Running Oak Efficient Growth ETF (the “Fund”) seeks long -term growth of capital. Running Oak Efficient Growth ETF is an exchange-traded fund listed on the Nasdaq Global Market under the ticker RUNN and traded in USD. The fund is part of the Running Oak range. It is classified as Equities (Growth).,Equities,Growth,Running Oak,NGM,XNAS,US48817R8705,False
RUSC,Russell Investments U.S. Small Cap Equity ETF,USD,(Non-Fundamental) The Fund seeks to provide long term capital growth. Russell Investments U.S. Small Cap Equity ETF is an exchange-traded fund listed on the Nasdaq Global Market under the ticker RUSC and traded in USD. The fund is part of the Russell Investment Management range. It is classified as Equities (Small Cap).,Equities,Small Cap,Russell Investment Management,NGM,XNAS,US78249U1007,False
RVNL,GraniteShares 2x Long RIVN Daily ETF,USD,"The Fund seeks daily investment results, before fees and expenses, of 2 times (200%) the daily percentage change of the common stock of Rivian Automotive, Inc. (NYSE: RIVN).",Derivatives,Trading,Graniteshares,NGM,XNAS,US38747R4700,False
RWIN,Rayliant NxtGen Multifactor International Equity ETF,USD,The Rayliant NxtGen Multifactor International Equity ETF (the “Fund”) seeks long-term capital appreciation. Rayliant NxtGen Multifactor International Equity ETF is an exchange-traded fund listed on the Nasdaq Global Market under the ticker RWIN and traded in USD. The fund is part of the Rayliant range. It is classified as Equities (Factors).,Equities,Factors,Rayliant,NGM,XNAS,US7546403087,False
SARK,Tradr 1X Short Innovation Daily ETF,USD,"The Fund seeks to provide the daily investment results, before fees and expenses, of two times the inverse ( -100 %) of the daily performance of the ARK Innovation ETF. The Fund does not seek to achieve its stated investment objective for a period of time different than a single trading day.",Derivatives,Trading,Tradr ETFs,NGM,XNAS,US46144X1312,False
SCA,GraniteShares Autocallable SMCI ETF,USD,"The GraniteShares Autocallable SMCI ETF is a non-diversified fund that allocates at least four-fifths of its investable assets, including borrowings, to derivatives tied to an autocallable security that references an underlying asset.",Derivatives,Large Cap,Graniteshares,NGM,XNAS,US38747T4849,False
SCDS,JPMorgan Fundamental Data Science Small Core ETF,USD,JPMorgan Fundamental Data Science Small Core ETF is an exchange-traded fund listed on the Nasdaq Global Market under the ticker SCDS and traded in USD. The fund is part of the JPMorgan Asset Management range. It is classified as Equities (Small Cap).,Equities,Developed Markets,JPMorgan Asset Management,NGM,XNAS,US46654Q6668,False
SCZ,iShares MSCI EAFE Small-Cap ETF,USD,"The investment seeks to track the investment results of the MSCI EAFE Small Cap Index composed of small-capitalization developed market equities, excluding the U.S. and Canada.
 The fund generally will invest at least 90% of its assets in the component securities of the underlying index and in investments that have economic characteristics that are substantially identical to the component securities of the underlying index. The index represents the small-capitalization segment of the MSCI EAFE IMI Index.",Equities,Small Cap,BlackRock Asset Management,NGM,XNAS,US4642882736,False
SDSI,American Century Short Duration Strategic Income ETF,USD,"The fund seeks income. As a secondary objective, the fund seeks long-term capital appreciation. American Century Short Duration Strategic Income ETF is an exchange-traded fund listed on the Nasdaq Global Market under the ticker SDSI and traded in USD. The fund is part of the American Century Investments range. It is classified as Fixed Income (Blend).",Fixed Income,Blend,American Century Investments,NGM,XNAS,US0250722578,False
SDTY,YieldMax S&P 500 0DTE Covered Call Strategy ETF,USD,"YieldMax S&P 500 0DTE Covered Call Strategy ETF is an actively managed fund aiming to provide steady income along with exposure to S&P 500 Index price movements. It earns income by regularly selling out-of-the-money call options on the index or related ETFs that expire the same day, with the goal of paying distributions weekly.",Derivatives,Large Cap,YieldMax ETFs,NGM,XNAS,US88636R5607,False
SEEM,SEI Select Emerging Markets Equity ETF,USD,Long-term capital appreciation. SEI Select Emerging Markets Equity ETF is an exchange-traded fund listed on the Nasdaq Global Market under the ticker SEEM and traded in USD. The fund is part of the SEI Investments range. It is classified as Equities (Emerging Markets).,Equities,Emerging Markets,SEI Investments,NGM,XNAS,US81589A6010,False
SEIE,SEI Select International Equity ETF,USD,Long-term capital appreciation. SEI Select International Equity ETF is an exchange-traded fund listed on the Nasdaq Global Market under the ticker SEIE and traded in USD. The fund is part of the SEI Investments range. It is classified as Equities (Developed Markets).,Equities,Developed Markets,SEI Investments,NGM,XNAS,US81589A7000,False
SEIS,SEI Select Small Cap ETF,USD,Capital appreciation. SEI Select Small Cap ETF is an exchange-traded fund listed on the Nasdaq Global Market under the ticker SEIS and traded in USD. The fund is part of the SEI Investments range. It is classified as Equities (Small Cap).,Equities,Small Cap,SEI Investments,NGM,XNAS,US81589A5020,False
SEMY,GraniteShares YieldBOOST Semiconductor ETF,USD,"The Fund’s primary investment objective is to achieve 3 times (300%) the income generated from selling options on the NYSE Semiconductor Index (the “Underlying Index”) by selling options on leveraged exchange-traded funds designed to deliver 3 times (300%) the daily performance of the Underlying Index (the “Underlying Leveraged ETF”). The Fund’s secondary investment objective is to gain exposure to the performance of the Underlying Leveraged ETF, subject to a cap on potential investment gains. A downside protection may be implemented which could affect the net income level.",Information Technology,,Graniteshares,NGM,XNAS,US38747R1995,False
SEPQ,STF Tactical Growth & Income ETF,USD,The STF Tactical Growth & Income ETF (the “Fund” or “Growth & Income ETF”) seeks long-term growth of capital and current income. STF Tactical Growth & Income ETF is an exchange-traded fund listed on the Nasdaq Global Market under the ticker SEPQ and traded in USD. The fund is part of the STF range. It is classified as Alternatives (Blend).,Equities,Growth,STF,NGM,XNAS,US53656F1690,False
SETM,Sprott Critical Materials ETF,USD,"The Sprott Critical Materials ETF (the “Fund” or “SETM”) seeks to provide investment results that, before fees and expenses, correspond generally to the total return performance of the Nasdaq Sprott Critical Materials Index (the “Underlying Critical Materials Index”).",Materials,Developed Markets,Sprott,NGM,XNAS,US85208P4028,False
SEUS,SEI QiM U.S. Equity Factor Allocation Active ETF,USD,Long-term growth of capital and income. SEI QiM U.S. Equity Factor Allocation Active ETF is an exchange-traded fund listed on the Nasdaq Global Market under the ticker SEUS and traded in USD. The fund is part of the SEI Investments range. It is classified as Equities (Factors).,Equities,Factors,SEI Investments,NGM,XNAS,US81589A8826,False
SFLO,VictoryShares Small Cap Free Cash Flow ETF,USD,"The VictoryShares Small Cap Free Cash Flow ETF (the “Fund”) seeks to provide investment results that closely correspond, before fees and expenses, to the performance of the Victory U.S. Small Cap Free Cash Flow Index (the “Index”).",Equities,Small Cap,Victory Capital,NGM,XNAS,US92647X8222,False
SGVA,F/m Accumulator Ultrashort Treasury Fund,USD,"The F/m Accumulator Ultrashort Treasury Fund seeks total return through exposure to US Treasury securities with remaining maturities of zero to twelve months, while keeping dividend and distribution payments to a minimum.",Derivatives,Trading,F/m Investments,NGM,XNAS,US74938Y8342,False
SHPU,Direxion Daily SHOP Bull 2X ETF,USD,"The Fund seeks daily investment results, before fees and expenses, of 200% of the daily performance of SHOP. The Fund does not seek to achieve its stated investment objective for a period of time different than a trading day.",Derivatives,Trading,Direxion Funds,NGM,XNAS,US25461A2217,False
SHRY,First Trust Bloomberg Shareholder Yield ETF,USD,The First Trust Bloomberg Shareholder Yield ETF (the “Fund”) seeks investment results that correspond generally to the price and yield (before the Fund’s fees and expenses) of an equity index called the Bloomberg Shareholder Yield Index (the “Index”).,Equities,Developed Markets,First Trust Advisors,NGM,XNAS,US33738R7614,False
SHV,iShares Short Treasury Bond ETF,USD,"The investment seeks to track the investment results of the ICE Short US Treasury Securities Index.
 The fund generally invests at least 90% of its assets in the bonds of the underlying index and at least 95% of its assets in U.S. government bonds. The index measures the performance of public obligations of the U.S. Treasury that have a remaining maturity of less than or equal to one year.",Derivatives,Trading,BlackRock Asset Management,NGM,XNAS,US4642886794,False
SHY,iShares 1-3 Year Treasury Bond ETF,USD,"The investment seeks to track the investment results of the ICE U.S. Treasury 1-3 Year Bond Index (the ""underlying index"").
 The fund generally invests at least 90% of its assets in the bonds of the underlying index and at least 95% of its assets in U.S. government bonds. The underlying index measures the performance of public obligations of the U.S. Treasury that have a remaining maturity of greater than or equal to one year and less than three years.",Fixed Income,Treasury Bonds,BlackRock Asset Management,NGM,XNAS,US4642874576,False
SJCP,SanJac Alpha Core Plus Bond ETF,USD,The SanJac Alpha Core Plus Bond ETF (the “Fund”) seeks current income and total returns consistent with limited volatility and the preservation of capital. SanJac Alpha Core Plus Bond ETF is an exchange-traded fund listed on the Nasdaq Global Market under the ticker SJCP and traded in USD. The fund is part of the SanJac Alpha range. It is classified as Fixed Income (Blend).,Fixed Income,Blend,SanJac Alpha,NGM,XNAS,US56170L6873,False
SJLD,SanJac Alpha Low Duration ETF,USD,The SanJac Alpha Low Duration ETF (the “Fund”) seeks current income consistent with preservation of capital and daily liquidity. SanJac Alpha Low Duration ETF is an exchange-traded fund listed on the Nasdaq Global Market under the ticker SJLD and traded in USD. The fund is part of the SanJac Alpha range. It is classified as Fixed Income (Blend).,Fixed Income,Blend,SanJac Alpha,NGM,XNAS,US56170L6790,False
SKDD,GraniteShares 2x Short SK Hynix Daily ETF,USD,"GraniteShares 2x Short SK Hynix Daily ETF targets minus two times the one-day move of the SK hynix Inc. ADR, before fees and expenses. Inverse exposure comes mostly from short positions and swaps on the ADR, with leverage reset daily. It is meant for short-term trading since gains and losses are both magnified.",Derivatives,Trading,Graniteshares,NGM,XNAS,US38747T3106,False
SKRE,Tuttle Capital Daily 2X Inverse Regional Banks ETF,USD,"The Fund seeks daily investment results, before fees and expenses, of 200% of the inverse (or opposite) of the daily performance of the KRE ETF. The Fund does not seek to achieve its stated investment objective for a period of time different than a trading day. The Fund and the Trust are not affiliated with KRE ETF or its investment manager.",Derivatives,Trading,Tuttle,NGM,XNAS,US26923N6866,False
SKUU,GraniteShares 2x Long SK Hynix Daily ETF,USD,"GraniteShares 2x Long SK Hynix Daily ETF targets twice the one-day move of the SK hynix Inc. ADR, before fees and expenses. Exposure comes mostly from swaps and ADR holdings, with leverage reset daily. It is meant for short-term trading since gains and losses are both magnified.",Derivatives,Trading,Graniteshares,NGM,XNAS,US38747T3288,False
SKYY,First Trust Cloud Computing ETF,USD,"The investment seeks investment results that correspond generally to the price and yield of an equity index called the ISE CTA Cloud Computing Index TM.
 The fund will normally invest at least 90% of its net assets (including investment borrowings) in the common stocks and depositary receipts that comprise the index. The index is designed to track the performance of companies involved in the cloud computing industry.",Information Technology,Developed Markets,First Trust Advisors,NGM,XNAS,US33734X1928,False
SMCL,GraniteShares 2x Long SMCI Daily ETF,USD,"The Fund seeks daily investment results, before fees and expenses, of 2 times (200%) the daily percentage change of the common stock of Super Micro Computer Inc. (NASDAQ: SMCI).",Derivatives,Trading,Graniteshares,NGM,XNAS,US38747T5754,False
SMCO,Hilton Small-MidCap Opportunity ETF,USD,The Hilton Small-MidCap Opportunity ETF (the “Fund”) seeks long-term capital appreciation. Hilton Small-MidCap Opportunity ETF is an exchange-traded fund listed on the Nasdaq Global Market under the ticker SMCO and traded in USD. The fund is part of the Hilton Capital Management range. It is classified as Equities (Small Cap).,Equities,Mid Cap,Hilton Capital Management,NGM,XNAS,US88636J6753,False
SMCX,Defiance Daily Target 2X Long SMCI ETF,USD,"The Fund seeks daily investment results, before fees and expenses, of two times (200%) the daily percentage change in the share price of Super Micro Computer, Inc. (Nasdaq: SMCI) The Fund does not seek to achieve its stated investment objective for a period other than a single trading day.",Derivatives,Trading,Defiance ETFs,NGM,XNAS,US88636W2391,False
SMCZ,Defiance Daily Target 2X Short SMCI ETF,USD,"The Fund seeks daily inverse investment results, before fees and expenses, of -2 times (-200%) the daily percentage change in the share price of Super Micro Computer, Inc. (Nasdaq: SMCI) The Fund does not seek to achieve its stated investment objective for a period other than a single trading day.",Derivatives,Trading,Defiance ETFs,NGM,XNAS,US88636Y4825,False
SMHC,VanEck China Semiconductor ETF,USD,"VanEck China Semiconductor ETF (the ""Fund"") seeks to track as closely as possible, before fees and expenses, the price and yield performance of the MarketVector™ China Semiconductor 25 Index (the “Semiconductor 25 Index” or the “Index”).",Equities,Emerging Markets,VanEck Asset Management,NGM,XNAS,US92189H5735,False
SMHX,VanEck Fabless Semiconductor ETF,USD,"VanEck ® Fabless Semiconductor ETF (the “Fund”) seeks to replicate as closely as possible, before fees and expenses, the price and yield performance of the MarketVector™ US Listed Fabless Semiconductor Index (the “Fabless Index” or the “Index”).",Information Technology,Developed Markets,VanEck Asset Management,NGM,XNAS,US92189H6642,False
SMOM,Symmetry Panoramic Sector Momentum ETF,USD,The Symmetry Panoramic Sector Momentum ETF (the “Fund”) seeks long-term capital appreciation. Symmetry Panoramic Sector Momentum ETF is an exchange-traded fund listed on the Nasdaq Global Market under the ticker SMOM and traded in USD. The fund is part of the Symmetry Panoramic range. It is classified as Equities (Factors).,Equities,Factors,Symmetry Panoramic,NGM,XNAS,US87190B8880,False
SMRI,Bushido Capital US Equity ETF,USD,The Bushido Capital US Equity ETF (the “Fund”) seeks to provide long-term capital appreciation. Bushido Capital US Equity ETF is an exchange-traded fund listed on the Nasdaq Global Market under the ticker SMRI and traded in USD. The fund is part of the Bushido Capital range. It is classified as Equities (Large Cap).,Equities,Developed Markets,Bushido Capital,NGM,XNAS,US02072L4251,False
SMST,Defiance Daily Target 2x Short MSTR ETF,USD,"The Fund seeks daily inverse investment results, before fees and expenses, of -2 times (-200%) the daily percentage change in the share price of Strategy Inc. (Nasdaq: MSTR) The Fund does not seek to achieve its stated investment objective for a period other than a single trading day.",Derivatives,Trading,Defiance ETFs,NGM,XNAS,US88636V7698,False
SMYY,GraniteShares YieldBOOST SMCI ETF,USD,"The Fund’s primary investment objective is to achieve 2 times (200%) the income generated from selling options on Super Micro Computer Inc.’s common stock (NASDAQ: SMCI) (the “Underlying Stock”) by selling options on leveraged exchange-traded funds designed to deliver 2 times (200%) the daily performance of the Underlying Stock (the “Underlying Leveraged ETF”). The Fund’s secondary investment objective is to gain exposure to the performance of the Underlying Leveraged ETF, subject to a cap on potential investment gains. A downside protection may be implemented which could affect the net income level.",,,Graniteshares,NGM,XNAS,US38747R2647,False
SNAG,Leverage Shares 2x Long SNAP Daily ETF,USD,"The Leverage Shares 2x Long SNAP Daily ETF, part of Themes ETF Trust, gives bullish, leveraged exposure to the shares of Snap, Inc. through swap agreements. It seeks daily leveraged exposure equal to 200% of net assets, rebalancing each day, and is intended for tactical short-term use, not for holding over the long run. Because of compounding, returns can deviate from 2x over longer periods.",Derivatives,Trading,Leverage Shares,NGM,XNAS,US88340F6051,False
SNLN,Highland/iBoxx Senior Loan ETF,USD,"The investment seeks to provide investment results that, before fees and expenses, correspond generally to the price and yield performance of the Markit iBoxx USD Liquid Leveraged Loan Index.
 The fund will, under normal circumstances, invest at least 80% of its assets (the ""80% basket"") in component securities of the underlying index. The underlying index is a subset of the Markit iBoxx USD Leveraged Loan Index. ""Leveraged Loans"" are loans to companies that typically already have a high amount of debt and are often characterized by lower credit ratings or higher interest rates. It is non-diversified.",Fixed Income,Corporate Bonds,Highland Funds,NGM,XNAS,,True
SNSR,Global X Internet of Things ETF,USD,"The investment seeks to provide investment results that correspond generally to the price and yield performance, before fees and expenses, of the Indxx Global Internet of Things Thematic Index.
 The fund invests at least 80% of its total assets in the securities of the underlying index. The underlying index is designed to provide exposure to exchange-listed companies in developed markets that facilitate the Internet of Things industry, including companies involved in wearable technology, home automation, connected automotive technology, sensors, networking infrastructure/software, smart metering and energy control devices. The fund is non-diversified.",Information Technology,Developed Markets,Global X Funds,NGM,XNAS,US37954Y7803,False
SOCL,Global X Funds - Global X Social Media ETF,USD,"The Global X Social Media ETF (SOCL) seeks to invest in companies that are positioned to benefit from the increasing global adoption of social media, including those involved in social networking, content sharing, and online advertising. The fund provides exposure to the social media industry, allowing investors to participate in the growth of this rapidly evolving sector. Global X Funds manages the ETF, offering targeted access to social media companies.",Communication Services,Developed Markets,Global X Funds,NGM,XNAS,US37950E4162,False
SOFA,Direxion Daily SOFI Bull 2X ETF,USD,"The Fund seeks daily investment results, before fees and expenses, of 200% of the daily performance of SOFI. The Fund does not seek to achieve its stated investment objective for a period of time different than a trading day.",Derivatives,Trading,Direxion Funds,NGM,XNAS,US25461H6302,False
SOFX,Defiance Daily Target 2X Long SOFI ETF,USD,"The Fund seeks daily investment results, before fees and expenses, of two times (200%) the daily percentage change in the share price of SoFi Technologies, Inc. (Nasdaq: SOFI). The Fund does not seek to achieve its stated investment objective for a period other than a single trading day.",Derivatives,Trading,Defiance ETFs,NGM,XNAS,US88636R5458,False
SOLT,2x Solana ETF,USD,"The 2x Solana ETF is an exchange-traded product that seeks twice the daily percentage gains of Solana. It does not hold Solana directly but invests in cash-settled Solana futures contracts, with highly liquid money market holdings as collateral.",Derivatives,Trading,Volatility Shares,NGM,XNAS,US92865J7375,False
SOLZ,Solana ETF,USD,"The Solana ETF, part of Volatility Shares Trust, offers 1x exposure to the Solana blockchain ecosystem for long-term growth. It aims to reflect Solana's price changes using futures agreements instead of holding the asset directly, avoiding the technical difficulties of direct crypto ownership.",Alternatives,Alternative,Volatility Shares,NGM,XNAS,US92864M8221,False
SOUX,Defiance Daily Target 2X Long SOUN ETF,USD,"The Fund seeks daily investment results, before fees and expenses, of two times (200%) the daily percentage change in the share price of SoundHound AI, Inc. (NASDAQ: SOUN). The Fund does not seek to achieve its stated investment objective for a period other than a single trading day.",Derivatives,Trading,Defiance ETFs,NGM,XNAS,US88636Y2019,False
SOXQ,Invesco PHLX Semiconductor ETF,USD,"The investment seeks to track the investment results (before fees and expenses) of the PHLX Semiconductor Sector Index ®.
 The fund generally will invest at least 90% of its total assets in the securities that comprise the underlying index. Strictly in accordance with its guidelines and mandated procedures, Nasdaq compiles the underlying index, which is a modified market-capitalization weighted index designed to measure the performance of the 30 largest companies listed in the United States that are engaged in the semiconductor business, as determined by the index Provider. The fund is non-diversified.",Information Technology,Developed Markets,Invesco Investment Management,NGM,XNAS,US46138G6153,False
SOXX,iShares PHLX Semiconductor ETF,USD,"The investment seeks to track the investment results of the PHLX Semiconductor Sector Index composed of U.S. equities in the semiconductor sector.
 The fund generally invests at least 90% of its assets in securities of the underlying index and in depositary receipts representing securities of the underlying index. The underlying index measures the performance of U.S.-traded securities of companies engaged in the semiconductor business. The fund is non-diversified.",Information Technology,Developed Markets,BlackRock Asset Management,NGM,XNAS,US4642875235,False
SPAM,Themes Cybersecurity ETF,USD,"The Themes Cybersecurity ETF (the “Fund”) is an exchange traded fund (“ETF”) that seeks to track the performance, before fees and expenses, of an index composed of companies that have business operations in the cybersecurity industry.",Information Technology,Developed Markets,Themes ETFs,NGM,XNAS,US8829273049,False
SPBC,Simplify US Equity PLUS Bitcoin Strategy ETF,USD,The Simplify US Equity PLUS Bitcoin Strategy ETF (the “Fund” or “SPBC”) seeks long-term capital appreciation. Simplify US Equity PLUS Bitcoin Strategy ETF is an exchange-traded fund listed on the Nasdaq Global Market under the ticker SPBC and traded in USD. The fund is part of the Simplify Asset Management range.,Equities,Developed Markets,Simplify Asset Management,NGM,XNAS,US82889N8487,False
SPCK,SPAC and New Issue ETF,USD,The SPAC and New Issue ETF puts a minimum of 80% of net assets into units and shares of special purpose acquisition companies with market capitalization of at least $100 million and in companies that completed an IPO within the last two years. It may also hold depositary receipts or suitable ETFs for cash management.,Equities,Developed Markets,Tuttle,NGM,XNAS,US19423L6728,False
SPCT,Liberty One Spectrum ETF,USD,"The Liberty One Spectrum ETF is an actively managed fund seeking capital appreciation and current income. It invests in dividend-paying large-cap US firms across a wide range of industries, giving broad exposure to most of the US equity market across 11 sectors.",Equities,Developed Markets,Liberty One,NGM,XNAS,US90214Q4771,False
SPIT,F/m Emerald Special Situations ETF,USD,F/m Emerald Special Situations ETF is an exchange-traded fund listed on the Nasdaq Global Market under the ticker SPIT and traded in USD. The fund is part of the F/m Investments range.,Equities,Developed Markets,F/m Investments,NGM,XNAS,US74933W1146,False
SPOG,Leverage Shares 2X Long SPOT Daily ETF,USD,"The Leverage Shares 2x Long SPOT Daily ETF is a daily-leveraged bullish fund for active traders who want to magnify short-term results. It aims to deliver twice (200%) the daily performance of SPOT stock, before fees and operating expenses.",Derivatives,Trading,Leverage Shares,NGM,XNAS,US88340C7508,False
SPRX,Spear Alpha ETF,USD,The Spear Alpha ETF (the “Fund”) seeks long-term capital growth. Spear Alpha ETF is an exchange-traded fund listed on the Nasdaq Global Market under the ticker SPRX and traded in USD. The fund is part of the Spear Alpha range.,Information Technology,Developed Markets,Spear Alpha,NGM,XNAS,US53656F3837,False
SPXD,Xtrackers S&P 500 Diversified Sector Weight ETF,USD,"The fund seeks investment results that correspond generally to the performance, before fees and expenses, of the S&P 500 Diversified Sector Weight Index. Xtrackers S&P 500 Diversified Sector Weight ETF is an exchange-traded fund listed on the Nasdaq Global Market under the ticker SPXD and traded in USD. The fund is part of the Xtrackers range. It is classified as Equities (Large Cap).",Equities,Large Cap,Xtrackers,NGM,XNAS,US23306X7957,False
SPYQ,Tradr 2X Long SPY Quarterly ETF,USD,"The Tradr 2X Long SPY Quarterly ETF seeks calendar quarter investment results, before fees and expenses, that correspond to two times (200%) the calendar quarter performance of the SPDR ® S&P 500 ® ETF Trust. The Fund does not seek to achieve its stated investment objective for a period of time different than a full calendar quarter.",Derivatives,Trading,Tradr ETFs,NGM,XNAS,US46092D7562,False
SQLV,Legg Mason Small-Cap Quality Value ETF,USD,"The investment seeks to track the investment results of an index composed of equity securities of small-capitalization companies that are traded in the United States.
 The fund seeks to track the investment results of the Royce Small-Cap Quality Value Index (the ""underlying index""). The underlying index utilizes a proprietary methodology created and sponsored by the fund's subadviser. The subadviser is affiliated with both LMPFA and the fund. The fund will invest at least 80% of its net assets, plus borrowings for investment purposes, if any, in securities that compose its underlying index.",Equities,Factors,AdvisorShares,NGM,XNAS,US52468L8770,False
SQS,Sapient Quality Select ETF,USD,"The Sapient Quality Select ETF (the “Fund”) seeks to provide long-term total return. This table describes the fees and expenses that you may pay if you buy, hold, and sell shares of the Fund (“Shares”). You may also pay brokerage commissions on the purchase and sale of Shares, which are not reflected in the table or example.",Equities,Factors,Sapient,NGM,XNAS,US02072Q1922,False
SRET,Global X SuperDividend REIT ETF,USD,"The investment seeks investment results that correspond generally to the price and yield performance, before fees and expenses, of the Solactive Global SuperDividend ® REIT Index.
 The fund invests at least 80% of its total assets in the securities of the underlying index and in American Depositary Receipts (""ADRs"") and Global Depositary Receipts (""GDRs"") based on the securities in the underlying index. The underlying index tracks the performance of REITs that rank among the highest yielding REITs globally, as determined by Solactive AG, the provider of the underlying index.",Real Estate,REITs,Global X Funds,NGM,XNAS,US37960A6516,False
SSS,CYBER HORNET S&P 500 and Solana 75/25 Strategy ETF,USD,"The CYBER HORNET S&P 500® and Solana 75/25 Strategy ETF (the “Fund”) seeks to replicate, before fees and expenses, the total return of the S&P 500® and S&P Solana 75/25 Blend Index (the “Index”), an index by Standard & Poor’s.",Equities,Developed Markets,Cyber Hornet ETFs,NGM,XNAS,US68190A3023,False
SUPP,TCW Transform Supply Chain ETF,USD,The Fund’s investment objective is long-term growth of capital. TCW Transform Supply Chain ETF is an exchange-traded fund listed on the Nasdaq Global Market under the ticker SUPP and traded in USD. The fund is part of the TCW Group range.,Equities,Developed Markets,TCW Group,NGM,XNAS,US29287L3042,False
SUSC,iShares ESG USD Corporate Bond ETF,USD,"The investment seeks to track the investment results of the Bloomberg Barclays MSCI US Corporate ESG Focus Index.
 The fund generally will invest at least 90% of its assets in the component securities of the underlying index and may invest up to 10% of its assets in certain futures, options and swap contracts, cash and cash equivalents. The index has been developed by Bloomberg Barclays Capital Inc. with environmental, social and governance (""ESG"") rating inputs from MSCI ESG Research LLC (""MSCI ESG Research"") pursuant to an agreement between MSCI ESG Research and Bloomberg Index Services Limited, a subsidiary of Bloomberg Barclays. The fund is non-diversified.",Fixed Income,Corporate Bonds,BlackRock Asset Management,NGM,XNAS,US46435G1931,False
SWP,SWP Growth & Income ETF,USD,The SWP Growth & Income ETF (the “Fund”) seeks to provide long-term capital appreciation with a secondary emphasis on generating current income. SWP Growth & Income ETF is an exchange-traded fund listed on the Nasdaq Global Market under the ticker SWP and traded in USD.,Equities,Growth,,NGM,XNAS,US56170L6121,False
SYZ,Lazard US Systematic Small Cap Equity ETF,USD,The Portfolio seeks long-term capital appreciation. Lazard US Systematic Small Cap Equity ETF is an exchange-traded fund listed on the Nasdaq Global Market under the ticker SYZ and traded in USD. The fund is part of the Lazard Asset Management range. It is classified as Equities (Small Cap).,Equities,Small Cap,Lazard Asset Management,NGM,XNAS,US52110K7072,False
TAOZ,Thornburg American Opportunities Fund,USD,Thornburg American Opportunities Fund is an exchange-traded fund listed on the Nasdaq Global Market under the ticker TAOZ and traded in USD. The fund is part of the Thornburg Investment Management range. It is classified as Equities (Large Cap).,Equities,Developed Markets,Thornburg Investment Management,NGM,XNAS,US8852162267,False
TARK,Tradr 2X Long Innovation ETF,USD,"The Fund seeks to provide the daily investment results, before fees and expenses, that correspond to two times (200%) of the daily performance of the ARK Innovation ETF. The Fund does not seek to achieve its stated investment objective for a period of time different than a single trading day.",Derivatives,Trading,Tradr ETFs,NGM,XNAS,US46144X4878,False
TAX,Cambria Tax Aware ETF,USD,The Cambria Tax Aware ETF (the “Fund”) seeks to provide a tax-efficient investment return consisting of capital appreciation. Cambria Tax Aware ETF is an exchange-traded fund listed on the Nasdaq Global Market under the ticker TAX and traded in USD. The fund is part of the Cambria ETF Trust range.,Equities,Developed Markets,Cambria ETF Trust,NGM,XNAS,US02072Q8042,False
TAXE,Intermediate Municipal Income ETF,USD,(s) The fund seeks the highest level of income exempt from federal income taxes consistent with moderate price fluctuation. Intermediate Municipal Income ETF is an exchange-traded fund listed on the Nasdaq Global Market under the ticker TAXE and traded in USD. It is classified as Fixed Income (Municipal Bonds).,Fixed Income,Municipal Bonds,T. Rowe Price,NGM,XNAS,US87283Q8188,False
TAXI,Northern Trust Intermediate Tax-Exempt Bond ETF,USD,"The Fund seeks investment results that correspond generally to the price and yield performance, before fees and expenses, of the ICE Intermediate Term Focused Municipal Bond Index (the “Underlying Index”).",Fixed Income,Municipal Bonds,Northern Trust Asset Management,NGM,XNAS,US6651622101,False
TAXS,Northern Trust Short-Term Tax-Exempt Bond ETF,USD,"The Fund seeks investment results that correspond generally to the price and yield performance, before fees and expenses, of the ICE Short Term Focused Municipal Bond Index (the “Underlying Index”).",Fixed Income,Municipal Bonds,Northern Trust Asset Management,NGM,XNAS,US6651622283,False
TAXT,Northern Trust Tax-Exempt Bond ETF,USD,"The Fund seeks investment results that correspond generally to the price and yield performance, before fees and expenses, of the ICE All Maturity Focused Municipal Bond Index (the “Underlying Index”).",Fixed Income,Municipal Bonds,Northern Trust Asset Management,NGM,XNAS,US6651621947,False
TBIL,F/m US Treasury 3 Month Bill Fund,USD,F/m US Treasury 3 Month Bill Fund is an exchange-traded fund listed on the Nasdaq Global Market under the ticker TBIL and traded in USD. The fund is part of the F/m Investments range. It is classified as Cash (Money Market Instruments).,Fixed Income,Treasury Bonds,F/m Investments,NGM,XNAS,US74933W4520,False
TCAN,21Shares Canton Network ETF,USD,"The 21Shares Canton Network ETF (the “Fund”) seeks investment results, before fees and expenses, that correspond to the price performance of Canton Coin (“CC”).",,,21Shares,NGM,XNAS,US53656H6788,False
TCHI,iShares MSCI China Multisector Tech ETF,USD,The iShares MSCI China Multisector Tech ETF (the “Fund”) seeks to track the investment results of an index composed of Chinese equities in technology and technology-related industries.,Equities,Emerging Markets,BlackRock Asset Management,NGM,XNAS,US46436E4290,False
TDCL,GraniteShares 2x Long TDC Daily ETF,USD,"GraniteShares 2x Long TDC Daily targets twice the one-day move of Teradata Corporation stock. Since it magnifies both gains and losses, it is a tool for active traders and not for those investing over the long run.",Derivatives,Trading,Graniteshares,NGM,XNAS,US38747T3510,False
TDEM,T. Rowe Price Dynamic Emerging Markets Bond ETF,USD,(s) The fund seeks to provide income and capital appreciation. T. Rowe Price Dynamic Emerging Markets Bond ETF is an exchange-traded fund listed on the Nasdaq Global Market under the ticker TDEM and traded in USD. The fund is part of the T. Rowe Price range. It is classified as Fixed Income (Emerging Markets).,Fixed Income,Emerging Markets,T. Rowe Price,NGM,XNAS,US87283Q5861,False
TDIV,First Trust NASDAQ Technology Dividend Index Fund,USD,"The investment seeks investment results that correspond generally to the price and yield (before the fund's fees and expenses) of an equity index called the NASDAQ Technology Dividend IndexSM.
 The fund will normally invest at least 90% of its net assets (including investment borrowings) in the common stocks and depositary receipts that comprise the index. The index is owned and was developed by Nasdaq, Inc. (the ""index provider""). The index includes up to 100 technology and telecommunications companies that pay a regular or common dividend. The fund is non-diversified.",Information Technology,Developed Markets,First Trust Advisors,NGM,XNAS,US33738R1187,False
TDNA,T. Rowe Price Biotech ETF,USD,(s) The fund seeks to provide long-term capital appreciation. T. Rowe Price Biotech ETF is an exchange-traded fund listed on the Nasdaq Global Market under the ticker TDNA and traded in USD. The fund is part of the T. Rowe Price range. It is classified as Health Care (Developed Markets).,Equities,Developed Markets,T. Rowe Price,NGM,XNAS,US87283Q6109,False
TDOT,21shares Polkadot Staking ETF,USD,"The 21Shares Polkadot ETF offers exposure to Polkadot (DOT), a blockchain platform built to let different blockchain networks communicate and interact. The fund aims to mirror Polkadot's market performance, by holding the digital asset directly or by other means.",Alternatives,Alternative,21Shares,NGM,XNAS,US90139B1008,False
TECY,GraniteShares YieldBOOST Technology ETF,USD,"The Fund’s primary investment objective is to achieve 3 times (300%) the income generated from selling options on the Technology Select Sector Index (the “Underlying Index”) by selling options on leveraged exchange-traded funds designed to deliver 3 times (300%) the daily performance of the Underlying Index (the “Underlying Leveraged ETF”). The Fund’s secondary investment objective is to gain exposure to the performance of the Underlying Leveraged ETF, subject to a cap on potential investment gains. A downside protection may be implemented which could affect the net income level.",Information Technology,,Graniteshares,NGM,XNAS,US38747T6257,False
TEKX,State Street Galaxy Transformative Tech Accelerators ETF,USD,The State Street Galaxy Transformative Tech Accelerators ETF (the “Fund”) seeks to provide long term capital appreciation. State Street Galaxy Transformative Tech Accelerators ETF is an exchange-traded fund listed on the Nasdaq Global Market under the ticker TEKX and traded in USD. The fund is part of the State Street Global Advisors range. It is classified as Information Technology (Developed Markets).,Equities,Developed Markets,State Street Global Advisors,NGM,XNAS,US78470P6631,False
TEKY,Lazard Next Gen Technologies ETF,USD,The Portfolio seeks long-term capital appreciation. Lazard Next Gen Technologies ETF is an exchange-traded fund listed on the Nasdaq Global Market under the ticker TEKY and traded in USD. The fund is part of the Lazard Asset Management range. It is classified as Information Technology (Developed Markets).,Equities,Developed Markets,Lazard Asset Management,NGM,XNAS,US52110K5092,False
TERG,Leverage Shares 2X Long TER Daily ETF,USD,"The Leverage Shares 2X Long TER Daily ETF gives bullish, leveraged exposure to the shares of Teradyne, Inc. (NASDAQ: TER) through swap agreements. It seeks daily leveraged exposure equal to 200% of net assets, rebalancing each day, and may use additional instruments depending on market conditions and operational constraints.",Derivatives,Trading,Leverage Shares,NGM,XNAS,US88340C6930,False
TEXN,iShares Texas Equity ETF,USD,The iShares Texas Equity ETF (the “Fund”) seeks to track the investment results of an index composed of U.S. companies that are headquartered in the State of Texas.,Equities,Developed Markets,BlackRock Asset Management,NGM,XNAS,US46438G3314,False
TEXX,Horizon Kinetics Texas ETF,USD,The Horizon Kinetics Texas ETF (the “Fund”) seeks long-term growth of capital. Horizon Kinetics Texas ETF is an exchange-traded fund listed on the Nasdaq Global Market under the ticker TEXX and traded in USD. The fund is part of the Horizon Kinetics range.,Equities,Developed Markets,Horizon Kinetics,NGM,XNAS,US53656H7281,False
TFGZ,Thornburg Focus Growth Fund,USD,Thornburg Focus Growth Fund is an exchange-traded fund listed on the Nasdaq Global Market under the ticker TFGZ and traded in USD. The fund is part of the Thornburg Investment Management range. It is classified as Equities (Growth).,Equities,Growth,Thornburg Investment Management,NGM,XNAS,US8852162184,False
TFNS,T. Rowe Price Financials ETF,USD,(s) The fund seeks long-term capital appreciation. T. Rowe Price Financials ETF is an exchange-traded fund listed on the Nasdaq Global Market under the ticker TFNS and traded in USD. The fund is part of the T. Rowe Price range. It is classified as Financials (Developed Markets).,Financials,Developed Markets,T. Rowe Price,NGM,XNAS,US87283Q7685,False
TGRZ,China AI Tigers LLM ETF,USD,China AI Tigers LLM ETF seeks long-term capital appreciation. China AI Tigers LLM ETF is an exchange-traded fund listed on the Nasdaq Global Market under the ticker TGRZ and traded in USD. It is classified as Information Technology (Emerging Markets).,Equities,Emerging Markets,,NGM,XNAS,US88636N7755,False
THMZ,Lazard Equity Megatrends ETF,USD,The Portfolio seeks long-term capital appreciation. Lazard Equity Megatrends ETF is an exchange-traded fund listed on the Nasdaq Global Market under the ticker THMZ and traded in USD. The fund is part of the Lazard Asset Management range. It is classified as Equities (Developed Markets).,Equities,Developed Markets,Lazard Asset Management,NGM,XNAS,US52110K2024,False
THRV,Prospera Income ETF,USD,Prospera Income ETF (the “Fund”) seeks to provide income and capital preservation. Prospera Income ETF is an exchange-traded fund listed on the Nasdaq Global Market under the ticker THRV and traded in USD. The fund is part of the Prospera range.,Equities,Allocation,Prospera,NGM,XNAS,US88588B1008,False
THYM,T. Rowe Price High Income Municipal ETF,USD,(s) The fund seeks to provide a high level of income exempt from federal income taxes. T. Rowe Price High Income Municipal ETF is an exchange-traded fund listed on the Nasdaq Global Market under the ticker THYM and traded in USD. The fund is part of the T. Rowe Price range. It is classified as Fixed Income (Municipal Bonds).,Fixed Income,Municipal Bonds,T. Rowe Price,NGM,XNAS,US87283Q6778,False
TIH,The Investment House ETF,USD,The Investment House ETF (the “Fund”) seeks to achieve long term capital appreciation. The Investment House ETF is an exchange-traded fund listed on the Nasdaq Global Market under the ticker TIH and traded in USD. The fund is part of the The Investment House range.,Equities,Developed Markets,The Investment House,NGM,XNAS,US26824D7957,False
TILC,Thrivent International Large Cap ETF,USD,"Thrivent International Large Cap ETF (the ""Fund"") seeks long-term capital appreciation. The Fund's investment objective may be changed without shareholder approval.",Equities,Developed Markets,Thrivent Asset Management,NGM,XNAS,US88588G6044,False
TISC,Thrivent International Small Cap ETF,USD,"Thrivent International Small Cap ETF (the ""Fund"") seeks long-term capital appreciation. The Fund's investment objective may be changed without shareholder approval.",Equities,Small Cap,Thrivent Asset Management,NGM,XNAS,US88588G7034,False
TKNS,21Shares Active Crypto ETF,USD,The 21Shares Active Crypto ETF (the “Fund”) seeks total return. 21Shares Active Crypto ETF is an exchange-traded fund listed on the Nasdaq Global Market under the ticker TKNS and traded in USD. The fund is part of the 21Shares range.,Alternatives,Alternative,21Shares,NGM,XNAS,US53656H7448,False
TLA,GraniteShares Autocallable TSLA ETF,USD,The GraniteShares Autocallable TSLA ETF seeks potential monthly cash flow from a diversified portfolio of single-stock autocallable options linked to companies such as Tesla Inc. Positions are managed with a systematic ladder and continual rolling.,Derivatives,Large Cap,Graniteshares,NGM,XNAS,US38747T7248,False
TLG,Touchstone Large Company Growth ETF,USD,Touchstone Large Company Growth ETF is an exchange-traded fund listed on the Nasdaq Global Market under the ticker TLG and traded in USD. The fund is part of the Touchstone Investments range. It is classified as Equities (Growth).,Equities,Growth,Touchstone Investments,NGM,XNAS,US89157W8635,False
TLT,iShares 20+ Year Treasury Bond ETF,USD,"The investment seeks to track the investment results of the ICE U.S. Treasury 20+ Year Bond Index (the ""underlying index"").
 The fund generally invests at least 90% of its assets in the bonds of the underlying index and at least 95% of its assets in U.S. government bonds. The underlying index measures the performance of public obligations of the U.S. Treasury that have a remaining maturity greater than or equal to twenty years.",Fixed Income,Treasury Bonds,BlackRock Asset Management,NGM,XNAS,US4642874329,False
TMB,Thornburg Multi Sector Bond ETF,USD,"The Thornburg Multi Sector Bond ETF (the “Fund”) seeks total return, consisting of income and capital appreciation. The Fund’s investment objective may be changed without shareholder approval.",Fixed Income,Blend,Thornburg Investment Management,NGM,XNAS,US88521L2079,False
TMED,T. Rowe Price Health Care ETF,USD,(s) The fund seeks long-term capital appreciation. T. Rowe Price Health Care ETF is an exchange-traded fund listed on the Nasdaq Global Market under the ticker TMED and traded in USD. The fund is part of the T. Rowe Price range. It is classified as Health Care (Developed Markets).,Health Care,Developed Markets,T. Rowe Price,NGM,XNAS,US87283Q7503,False
TMID,T. Rowe Price Mid Cap Equity Research ETF,USD,(s) The fund seeks to provide long-term capital growth. T. Rowe Price Mid Cap Equity Research ETF is an exchange-traded fund listed on the Nasdaq Global Market under the ticker TMID and traded in USD. The fund is part of the T. Rowe Price range. It is classified as Equities (Mid Cap).,Equities,Mid Cap,T. Rowe Price,NGM,XNAS,US87283Q5788,False
TMNL,T. Rowe Price Long Municipal Income ETF,USD,(s) The fund seeks high current income exempt from federal income taxes. T. Rowe Price Long Municipal Income ETF is an exchange-traded fund listed on the Nasdaq Global Market under the ticker TMNL and traded in USD. The fund is part of the T. Rowe Price range. It is classified as Fixed Income (Municipal Bonds).,Fixed Income,Municipal Bonds,T. Rowe Price,NGM,XNAS,US87283Q6513,False
TMNS,T. Rowe Price Short Municipal Income ETF,USD,(s) The fund seeks high current income exempt from federal income taxes. T. Rowe Price Short Municipal Income ETF is an exchange-traded fund listed on the Nasdaq Global Market under the ticker TMNS and traded in USD. The fund is part of the T. Rowe Price range. It is classified as Fixed Income (Municipal Bonds).,Derivatives,Trading,T. Rowe Price,NGM,XNAS,US87283Q6364,False
TMSF,T. Rowe Price Multi-Sector Income ETF,USD,(s) The fund seeks to provide high income and some capital appreciation. T. Rowe Price Multi-Sector Income ETF is an exchange-traded fund listed on the Nasdaq Global Market under the ticker TMSF and traded in USD. The fund is part of the T. Rowe Price range. It is classified as Fixed Income (Blend).,Fixed Income,Blend,T. Rowe Price,NGM,XNAS,US87283Q6448,False
TMYY,GraniteShares YieldBOOST TSM ETF,USD,"The Fund’s primary investment objective is to achieve 2 times (200%) the income generated from selling options on Taiwan Semiconductor Manufacturing Co Ltd’s ADR (NYSE: TSM) (the “Underlying Stock”) by selling options on leveraged exchange-traded funds designed to deliver 2 times (200%) the daily performance of the Underlying Stock (the “Underlying Leveraged ETF”). The Fund’s secondary investment objective is to gain exposure to the performance of the Underlying Leveraged ETF, subject to a cap on potential investment gains. A downside protection may be implemented which could affect the net income level.",,,Graniteshares,NGM,XNAS,US38747T6828,False
TNXT,T. Rowe Price Innovation Leaders ETF,USD,(s) The fund seeks to provide long-term capital growth. T. Rowe Price Innovation Leaders ETF is an exchange-traded fund listed on the Nasdaq Global Market under the ticker TNXT and traded in USD. The fund is part of the T. Rowe Price range. It is classified as Equities (Growth).,Equities,Developed Markets,T. Rowe Price,NGM,XNAS,US87283Q6695,False
TORK,KraneShares Actuator ETF,USD,"The KraneShares Actuator ETF seeks exposure to listed and unlisted firms around the world that build actuators and their parts, such as electric motors, controllers, sensors and reducers. Actuators allow robots to carry out complex, precise tasks and serve sectors ranging from aerospace and transportation through advanced manufacturing to medical equipment.",Equities,Developed Markets,KraneShares,NGM,XNAS,US50077M2035,False
TPLS,Thornburg Core Plus Bond ETF,USD,"The Thornburg Core Plus Bond ETF (the “Fund”) seeks total return, consisting of income and capital appreciation. The Fund’s investment objective may be changed without shareholder approval.",Fixed Income,Blend,Thornburg Investment Management,NGM,XNAS,US88521L1089,False
TQQY,GraniteShares YieldBOOST QQQ ETF,USD,"The Fund’s primary investment objective is to achieve 3 times (300%) the income generated from selling options on the Nasdaq-100 ® Index (the “Underlying Index”) by selling options on leveraged exchange-traded funds designed to deliver 3 times (300%) the daily performance of the Underlying Index (the “Underlying Leveraged ETF”). The Fund’s secondary investment objective is to gain exposure to the performance of the Underlying Leveraged ETF, subject to a cap on potential investment gains. A downside protection may be implemented which could affect the net income level.",,,Graniteshares,NGM,XNAS,US38747R6374,False
TRBF,Angel Oak Total Return ETF,USD,The investment objective of the Angel Oak Total Return ETF (the “Fund”) is total return. Angel Oak Total Return ETF is an exchange-traded fund listed on the Nasdaq Global Market under the ticker TRBF and traded in USD. The fund is part of the Angel Oak Capital Advisors range. It is classified as Fixed Income (Blend).,Fixed Income,Blend,Angel Oak Capital Advisors,NGM,XNAS,US03463K7292,False
TRUC,VanEck Communication Services TruSector ETF,USD,The objective of VanEck Communication Services TruSector ETF (the “Fund”) is long-term capital appreciation. VanEck Communication Services TruSector ETF is an exchange-traded fund listed on the Nasdaq Global Market under the ticker TRUC and traded in USD. The fund is part of the VanEck Asset Management range. It is classified as Communication Services (Developed Markets).,Equities,Developed Markets,VanEck Asset Management,NGM,XNAS,US92189H5818,False
TRUD,VanEck Consumer Discretionary TruSector ETF,USD,The objective of VanEck Consumer Discretionary TruSector ETF (the “Fund”) is long-term capital appreciation. VanEck Consumer Discretionary TruSector ETF is an exchange-traded fund listed on the Nasdaq Global Market under the ticker TRUD and traded in USD. The fund is part of the VanEck Asset Management range. It is classified as Consumer Discretionary (Developed Markets).,Consumer Discretionary,Developed Markets,VanEck Asset Management,NGM,XNAS,US92189H6238,False
TRUF,VanEck Financials TruSector ETF,USD,The objective of VanEck Financials TruSector ETF (the “Fund”) is long-term capital appreciation. VanEck Financials TruSector ETF is an exchange-traded fund listed on the Nasdaq Global Market under the ticker TRUF and traded in USD. The fund is part of the VanEck Asset Management range. It is classified as Financials (Developed Markets).,Equities,Developed Markets,VanEck Asset Management,NGM,XNAS,US92189Y6005,False
TRUH,VanEck Healthcare TruSector ETF,USD,The objective of VanEck Healthcare TruSector ETF (the “Fund”) is long-term capital appreciation. VanEck Healthcare TruSector ETF is an exchange-traded fund listed on the Nasdaq Global Market under the ticker TRUH and traded in USD. The fund is part of the VanEck Asset Management range. It is classified as Health Care (Developed Markets).,Equities,Developed Markets,VanEck Asset Management,NGM,XNAS,US92189Y7094,False
TRUI,VanEck Industrials TruSector ETF,USD,The objective of VanEck Industrials TruSector ETF (the “Fund”) is long-term capital appreciation. VanEck Industrials TruSector ETF is an exchange-traded fund listed on the Nasdaq Global Market under the ticker TRUI and traded in USD. The fund is part of the VanEck Asset Management range. It is classified as Industrials (Developed Markets).,Equities,Developed Markets,VanEck Asset Management,NGM,XNAS,US92189Y8084,False
TRUM,VanEck Materials TruSector ETF,USD,The objective of VanEck Materials TruSector ETF (the “Fund”) is long-term capital appreciation. VanEck Materials TruSector ETF is an exchange-traded fund listed on the Nasdaq Global Market under the ticker TRUM and traded in USD. The fund is part of the VanEck Asset Management range. It is classified as Materials (Materials).,Equities,Developed Markets,VanEck Asset Management,NGM,XNAS,US92189Y8407,False
TRUN,VanEck Energy TruSector ETF,USD,The objective of VanEck Energy TruSector ETF (the “Fund”) is long-term capital appreciation. VanEck Energy TruSector ETF is an exchange-traded fund listed on the Nasdaq Global Market under the ticker TRUN and traded in USD. The fund is part of the VanEck Asset Management range. It is classified as Energy (Developed Markets).,Equities,Developed Markets,VanEck Asset Management,NGM,XNAS,US92189Y8571,False
TRUO,VanEck Consumer Staples TruSector ETF,USD,The objective of VanEck Consumer Staples TruSector ETF (the “Fund”) is long-term capital appreciation. VanEck Consumer Staples TruSector ETF is an exchange-traded fund listed on the Nasdaq Global Market under the ticker TRUO and traded in USD. The fund is part of the VanEck Asset Management range. It is classified as Consumer Staples (Developed Markets).,Equities,Developed Markets,VanEck Asset Management,NGM,XNAS,US92189Y8811,False
TRUR,VanEck Real Estate TruSector ETF,USD,The objective of VanEck Real Estate TruSector ETF (the “Fund”) is long-term capital appreciation. VanEck Real Estate TruSector ETF is an exchange-traded fund listed on the Nasdaq Global Market under the ticker TRUR and traded in USD. The fund is part of the VanEck Asset Management range. It is classified as Real Estate (Developed Markets).,Equities,Developed Markets,VanEck Asset Management,NGM,XNAS,US92189Y8241,False
TRUT,VanEck Technology TruSector ETF,USD,The objective of VanEck Technology TruSector ETF (the “Fund”) is long-term capital appreciation. VanEck Technology TruSector ETF is an exchange-traded fund listed on the Nasdaq Global Market under the ticker TRUT and traded in USD. The fund is part of the VanEck Asset Management range. It is classified as Information Technology (Developed Markets).,Equities,Developed Markets,VanEck Asset Management,NGM,XNAS,US92189H6311,False
TRUU,VanEck Utilities TruSector ETF,USD,The objective of VanEck Utilities TruSector ETF (the “Fund”) is long-term capital appreciation. VanEck Utilities TruSector ETF is an exchange-traded fund listed on the Nasdaq Global Market under the ticker TRUU and traded in USD. The fund is part of the VanEck Asset Management range. It is classified as Utilities (Developed Markets).,Equities,Developed Markets,VanEck Asset Management,NGM,XNAS,US92189Y8324,False
TSCM,TimesSquare Quality Mid Cap Growth ETF,USD,The TimesSquare Quality Mid Cap Growth ETF (the “Fund”) seeks long-term capital appreciation. TimesSquare Quality Mid Cap Growth ETF is an exchange-traded fund listed on the Nasdaq Global Market under the ticker TSCM and traded in USD. The fund is part of the TimesSquare Capital Management range. It is classified as Equities (Mid Cap).,Equities,Factors,TimesSquare Capital Management,NGM,XNAS,US9009348379,False
TSDD,GraniteShares 2x Short TSLA Daily ETF,USD,"The Fund seeks daily investment results, before fees and expenses, of -2 times (-200%) the daily percentage change of the common stock of Tesla Inc, (NASDAQ: TSLA).",Derivatives,Trading,Graniteshares,NGM,XNAS,US38747R5954,False
TSEE,T. Rowe Price Small Cap ETF,USD,(s) The fund seeks to provide long-term capital growth. T. Rowe Price Small Cap ETF is an exchange-traded fund listed on the Nasdaq Global Market under the ticker TSEE and traded in USD. The fund is part of the T. Rowe Price range. It is classified as Equities (Small Cap).,Equities,Small Cap,T. Rowe Price,NGM,XNAS,US87283Q5523,False
TSEL,Touchstone Sands Capital US Select Growth ETF,USD,Touchstone Sands Capital US Select Growth ETF is an exchange-traded fund listed on the Nasdaq Global Market under the ticker TSEL and traded in USD. The fund is part of the Touchstone Investments range. It is classified as Equities (Growth).,Equities,Growth,Touchstone Investments,NGM,XNAS,US89157W8064,False
TSL,GraniteShares 1.25x Long TSLA Daily ETF,USD,"The Fund seeks daily investment results, before fees and expenses, of 1.25 times (125%) the daily percentage change of the common stock of Tesla Inc, (NASDAQ: TSLA).",Derivatives,Trading,Graniteshares,NGM,XNAS,US38747R7026,False
TSLG,Leverage Shares 2X Long TSLA Daily ETF,USD,"The Fund is an exchange traded fund (“ETF”) that seeks daily levered investment results, before fees and expenses, of two times (200%) of the daily percentage change in the price of the common stock of TSLA. The Fund does not seek to achieve its stated investment objective for a period of time different than a trading day.",Derivatives,Trading,Leverage Shares,NGM,XNAS,US8829276844,False
TSLL,Direxion Daily TSLA Bull 2X ETF,USD,"The Fund seeks daily investment results, before fees and expenses, of 200% of the daily performance of TSLA. The Fund does not seek to achieve its stated investment objective for a period of time different than a trading day.",Derivatives,Trading,Direxion Funds,NGM,XNAS,US25460G2865,False
TSLQ,Tradr 2X Short TSLA Daily ETF,USD,"The Fund seeks daily investment results, before fees and expenses, that correspond to two times the inverse ( -200 %) of the daily performance of the common shares of TSLA. The Fund does not seek to achieve its stated investment objective for a period of time different than a single trading day.",Derivatives,Trading,Tradr ETFs,NGM,XNAS,US46092D3843,False
TSLR,GraniteShares 2x Long TSLA Daily ETF,USD,"The Fund seeks daily investment results, before fees and expenses, of 2 times (200%) the daily percentage change of the common stock of Tesla Inc, (NASDAQ: TSLA).",Derivatives,Trading,Graniteshares,NGM,XNAS,US38747R7778,False
TSLS,Direxion Daily TSLA Bear 1X ETF,USD,"The Fund seeks daily investment results, before fees and expenses, of 100% of the inverse (or opposite) of the daily performance of TSLA. The Fund does not seek to achieve its stated investment objective for a period of time different than a trading day.",Derivatives,Trading,Direxion Funds,NGM,XNAS,US25461H5643,False
TSMG,Leverage Shares 2X Long TSM Daily ETF,USD,"The Fund is an exchange traded fund (“ETF”) that seeks daily levered investment results, before fees and expenses, of two times (200%) of the daily percentage change in the price of the ADR of TSM. The Fund does not seek to achieve its stated investment objective for a period of time different than a trading day.",Derivatives,Trading,Leverage Shares,NGM,XNAS,US8829275853,False
TSMU,GraniteShares 2x Long TSM Daily ETF,USD,"The Fund seeks daily investment results, before fees and expenses, of 2 times (200%) the daily percentage change of the common stock of Taiwan Semiconductor Manufacturing Co Ltd (NYSE: TSM).",Derivatives,Trading,Graniteshares,NGM,XNAS,US38747R6523,False
TSMX,Direxion Daily TSM Bull 2X ETF,USD,"The Fund seeks daily investment results, before fees and expenses, of 200% of the daily performance of TSM. The Fund does not seek to achieve its stated investment objective for a period of time different than a trading day.",Derivatives,Trading,Direxion Funds,NGM,XNAS,US25461A5442,False
TSMZ,Direxion Daily TSM Bear 1X ETF,USD,"The Fund seeks daily investment results, before fees and expenses, of 100% of the inverse (or opposite) of the daily performance of TSM. The Fund does not seek to achieve its stated investment objective for a period of time different than a trading day.",Derivatives,Trading,Direxion Funds,NGM,XNAS,US25461A5368,False
TSPY,TappAlpha S&P 500 Growth & Daily Income ETF,USD,The TappAlpha S&P 500 Growth & Daily Income ETF (the “Fund”) seeks current income while maintaining prospects for capital appreciation. The Fund’s secondary investment objective is to seek exposure to the performance of the S&P 500® Index.,Equities,Growth,TappAlpha,NGM,XNAS,US26923N5538,False
TSYX,TSPY Lift ETF,USD,TSPY Lift ETF is an exchange-traded fund listed on the Nasdaq Global Market under the ticker TSYX and traded in USD. The fund is part of the TappAlpha range. It is classified as Derivatives (Large Cap).,Equities,Developed Markets,TappAlpha,NGM,XNAS,US26923W3714,False
TSYY,GraniteShares YieldBOOST TSLA ETF,USD,"The Fund’s primary investment objective is to achieve 2 times (200%) the income generated from selling options on Tesla Inc.’s common stock (NASDAQ: TSLA) (the “Underlying Stock”) by selling options on leveraged exchange-traded funds designed to deliver 2 times (200%) the daily performance of the Underlying Stock (the “Underlying Leveraged ETF”). The Fund’s secondary investment objective is to gain exposure to the performance of the Underlying Leveraged ETF, subject to a cap on potential investment gains. A downside protection may be implemented which could affect the net income level.",,,Graniteshares,NGM,XNAS,US38747T5424,False
TTEQ,T. Rowe Price Technology ETF,USD,(s) The fund seeks to provide long-term capital growth. T. Rowe Price Technology ETF is an exchange-traded fund listed on the Nasdaq Global Market under the ticker TTEQ and traded in USD. The fund is part of the T. Rowe Price range. It is classified as Information Technology (Developed Markets).,Information Technology,Developed Markets,T. Rowe Price,NGM,XNAS,US87283Q7925,False
TUG,STF Tactical Growth ETF,USD,The STF Tactical Growth ETF (the “Fund” or “Growth ETF”) seeks long-term growth of capital. STF Tactical Growth ETF is an exchange-traded fund listed on the Nasdaq Global Market under the ticker TUG and traded in USD. The fund is part of the STF range.,Equities,Allocation,STF,NGM,XNAS,US53656F1518,False
TURF,T. Rowe Price Natural Resources ETF,USD,(s) The fund seeks long-term capital appreciation. T. Rowe Price Natural Resources ETF is an exchange-traded fund listed on the Nasdaq Global Market under the ticker TURF and traded in USD. The fund is part of the T. Rowe Price range. It is classified as Materials (Materials).,Equities,Developed Markets,T. Rowe Price,NGM,XNAS,US87283Q7438,False
TUSA,First Trust Total US Market AlphaDEX ETF,USD,"The investment seeks investment results that correspond generally to the price and yield (before the fund's fees and expenses) of an equity index called the NASDAQ AlphaDEX® Total US Market Index.
 The fund will normally invest at least 90% of its net assets (including investment borrowings) in the common stocks that comprise the index. The index is a modified market capitalization index designed to quantitatively identify and select U.S. exchange-listed securities issued by small, mid and large cap U.S. companies that exhibit growth and value factors and appear to have the greatest potential for capital appreciation.",Equities,Developed Markets,First Trust Advisors,NGM,XNAS,,False
TXCA,Northern Trust California Intermediate Tax-Exempt Bond ETF,USD,The Northern Trust California Intermediate Tax-Exempt Bond ETF seeks to track an index of investment-grade California municipal bonds with intermediate maturities. It mainly holds debt of California state and local governments and agencies whose interest generally escapes regular federal income tax as well as California personal income tax.,Fixed Income,Municipal Bonds,Northern Trust Asset Management,NGM,XNAS,US66516K8559,False
TXNY,Northern Trust New York Intermediate Tax-Exempt Bond ETF,USD,"Northern Trust New York Intermediate Tax-Exempt Bond ETF is passively managed, seeking to follow the price and yield of an ICE index of intermediate-term New York municipal bonds. It mainly holds such bonds, whose income is generally exempt from regular federal tax and, for New York residents, from state income taxes. Representative sampling is used, with rebalancing generally in line with the index.",Fixed Income,Municipal Bonds,Northern Trust Asset Management,NGM,XNAS,US66516K8484,False
TXUE,Thornburg International Equity ETF,USD,The Thornburg International Equity ETF (the “Fund”) seeks long-term capital appreciation. The Fund’s investment objective may be changed without shareholder approval.,Equities,Developed Markets,Thornburg Investment Management,NGM,XNAS,US88521L3069,False
TXUG,Thornburg International Growth Fund ETF,USD,The Thornburg International Growth ETF (the “Fund”) seeks long-term capital growth. The Fund’s investment objective may be changed without shareholder approval.,Equities,Growth,Thornburg Investment Management,NGM,XNAS,US88521L4059,False
TXXD,21Shares 2x Long Dogecoin ETF,USD,"The Fund seeks daily investment results, before fees and expenses, that correspond to two times (2x) the daily price performance of DOGE. The Fund does not seek to achieve its stated investment objective over a period of time greater than a single day.",Derivatives,Trading,21Shares,NGM,XNAS,US53656H5533,False
TXXH,21Shares 2x Long HYPE ETF,USD,"The Fund seeks daily investment results, before fees and expenses, that correspond to two times (2x) the daily price performance of HYPE. The Fund does not seek to achieve its stated investment objective over a period of time greater than a single day.",Derivatives,Trading,21Shares,NGM,XNAS,US53656H7364,False
TXXS,21Shares 2x Long Sui ETF,USD,21Shares 2x Long Sui ETF is an exchange-traded fund listed on the Nasdaq Global Market under the ticker TXXS and traded in USD. The fund is part of the 21Shares range.,Derivatives,Trading,21Shares,NGM,XNAS,US53656H5871,False
UBND,VictoryShares Core Plus Bond ETF,USD,The VictoryShares Core Plus Intermediate Bond ETF (the “Fund”) seeks high current income without undue risk to principal. VictoryShares Core Plus Bond ETF is an exchange-traded fund listed on the Nasdaq Global Market under the ticker UBND and traded in USD. The fund is part of the Victory Capital range. It is classified as Fixed Income (Blend).,Fixed Income,Blend,Victory Capital,NGM,XNAS,US92647X8636,False
UBRL,GraniteShares 2x Long UBER Daily ETF,USD,"The Fund seeks daily investment results, before fees and expenses, of 2 times (200%) the daily percentage change of the common stock of Uber Technologies, Inc. (NYSE: UBER).",Derivatives,Trading,Graniteshares,NGM,XNAS,US38747R6945,False
UCRD,VictoryShares Corporate Bond ETF,USD,The VictoryShares Corporate Bond ETF (the “Fund”) seeks maximum current income without undue risk to principal. VictoryShares Corporate Bond ETF is an exchange-traded fund listed on the Nasdaq Global Market under the ticker UCRD and traded in USD. The fund is part of the Victory Capital range. It is classified as Fixed Income (Corporate Bonds).,Fixed Income,Corporate Bonds,Victory Capital,NGM,XNAS,US92647X8552,False
UCYB,ProShares Ultra Nasdaq Cybersecurity,USD,"The investment seeks daily investment results, before fees and expenses, that correspond to two times (2x) the daily performance of the Nasdaq CTA Cybersecurity IndexSM.
 The index is a modified liquidity weighted index comprised of companies classified as ""cybersecurity"" companies by CTA. The Advisor expects that its cash balances maintained in connection with the use of financial instruments will typically be held in money market instruments. It invests in common stock issued by public companies. The fund invests in derivatives, which are financial instruments whose value is derived from the value of an underlying asset or assets. The fund is non-diversified.",Derivatives,Trading,ProShares,NGM,XNAS,US74347G7705,False
UECG,Leverage Shares 2x Long UEC Daily ETF,USD,"The Leverage Shares 2x Long UEC Daily ETF is a daily-leveraged bullish fund for active traders who want to magnify short-term results. It aims to deliver twice (200%) the daily performance of UEC stock, before fees and operating expenses.",Derivatives,Trading,Leverage Shares,NGM,XNAS,US88340W7157,False
UFIV,US Treasury 5 Year Note ETF,USD,US Treasury 5 Year Note ETF is an exchange-traded fund listed on the Nasdaq Global Market under the ticker UFIV and traded in USD. It is classified as Fixed Income (Treasury Bonds).,Fixed Income,Treasury Bonds,F/m Investments,NGM,XNAS,US74933W5105,False
UFOX,Defiance Space and Connective Tech ETF,USD,"The Defiance Space and Connective Tech ETF (the “Fund” or the “Space and Connective Tech ETF”) seeks to track the total return performance, before fees and expenses, of the BlueStar ® Space and Connective Technologies Index (the “Index”).",Information Technology,Developed Markets,Defiance ETFs,NGM,XNAS,US26922A2895,False
ULTI,REX IncomeMax Option Strategy ETF,USD,"The Fund’s primary investment objective is to seek current income. The Fund’s secondary investment objective is to seek exposure to the share price of select U.S.-listed securities, subject to a limit on potential investment gains.",Derivatives,Large Cap,REX Shares,NGM,XNAS,US7615628671,False
UMMA,Wahed Dow Jones Islamic World ETF,USD,The Wahed Dow Jones Islamic World ETF (“Dow Jones World ETF” or the “Fund”) seeks long-term capital appreciation. Wahed Dow Jones Islamic World ETF is an exchange-traded fund listed on the Nasdaq Global Market under the ticker UMMA and traded in USD. The fund is part of the Wahed Invest range. It is classified as Equities (Developed Markets).,Equities,Developed Markets,Wahed Invest,NGM,XNAS,US53656F2680,False
UNHG,Leverage Shares 2X Long UNH Daily ETF,USD,"The Fund is an exchange traded fund (“ETF”) that seeks daily levered investment results, before fees and expenses, of two times (200%) of the daily percentage change in the price of the common stock of UNH. The Fund does not seek to achieve its stated investment objective for a period of time different than a trading day.",Derivatives,Trading,Leverage Shares,NGM,XNAS,US8829271225,False
UNIY,WisdomTree Voya Yield Enhanced USD Universal Bond Fund,USD,"The WisdomTree Voya Yield Enhanced USD Universal Bond Fund (the “Fund”) seeks to track the price and yield performance, before fees and expenses, of the Bloomberg US Universal Enhanced Yield Index (the “Index”).",Derivatives,,WisdomTree Asset Management,NGM,XNAS,US97717Y4695,False
UPGR,Xtrackers US Green Infrastructure Select Equity ETF,USD,"The fund seeks investment results that correspond generally to the performance, before fees and expenses, of the Solactive United States Green Infrastructure ESG Screened Index.",Equities,Developed Markets,Xtrackers,NGM,XNAS,US23306X7049,False
URNJ,Sprott Junior Uranium Miners ETF,USD,"The Sprott Junior Uranium Miners ETF normally places a minimum of 80% of total assets in the securities of its benchmark index. The index follows companies that earn half or more of their revenue, or hold half or more of their assets, in uranium-related activities such as extraction, exploration, project development and production.",Energy,Developed Markets,Sprott,NGM,XNAS,US85208P8086,False
USAF,Atlas America Fund,USD,The Atlas America Fund (the “Fund”) seeks stable returns across a variety of economic and financial market conditions consistent with the preservation of capital.,Real Estate,REITs,,NGM,XNAS,US9009344071,False
USCL,iShares Climate Conscious & Transition MSCI USA ETF,USD,"The iShares Climate Conscious & Transition MSCI USA ETF (the “Fund”) seeks to track the investment results of an index composed of U.S. large- and mid-capitalization companies based on their positioning, relative to their sector peers, with respect to the transition to a low-carbon economy, as determined by the Index Provider, based primarily on current emissions intensity, emissions reduction targets, green business revenue, and/or climate risk management.",Equities,Developed Markets,BlackRock Asset Management,NGM,XNAS,US46436E1551,False
USDX,SGI Enhanced Core ETF,USD,SGI Enhanced Core ETF is an exchange-traded fund listed on the Nasdaq Global Market under the ticker USDX and traded in USD. The fund is part of the SGI range.,Equities,Developed Markets,SGI,NGM,XNAS,US74933W2540,False
USFI,BrandywineGLOBAL - U.S. Fixed Income ETF,USD,The BrandywineGLOBAL - U.S. Fixed Income ETF aims for total return through an actively managed portfolio of high-quality US debt instruments.,Fixed Income,Blend,BrandywineGLOBAL,NGM,XNAS,US35473P4138,False
USGG,Leverage Shares 2X Long USAR Daily ETF,USD,"The Leverage Shares 2X Long USAR Daily ETF, part of Themes ETF Trust, gives bullish, leveraged exposure to the shares of USA Rare Earth, Inc. through swap agreements. It seeks daily leveraged exposure equal to 200% of net assets, rebalancing each day, and is intended for tactical short-term use, not for holding over the long run. Because of compounding, returns can deviate from 2x over longer periods.",Derivatives,Trading,Leverage Shares,NGM,XNAS,US88340W5094,False
USIG,iShares Broad USD Investment Grade Corporate Bond ETF,USD,"The investment seeks to track the investment results of the ICE BofA US Corporate Index (the ""underlying index"").
 The fund generally invests at least 90% of its assets in securities of the underlying index. It may invest the remainder of its assets in certain futures, options and swap contracts, cash and cash equivalents, as well as in securities not included in the underlying index. The underlying index measures the performance of investment-grade corporate bonds of both U.S. and non-U.S. issuers that are U.S. dollar-denominated and publicly issued in the U.S. domestic market.",Fixed Income,Corporate Bonds,BlackRock Asset Management,NGM,XNAS,US4642886208,False
USIN,WisdomTree 7-10 Year Laddered Treasury Fund,USD,"The WisdomTree 7-10 Year Laddered Treasury Fund seeks to track the price and yield performance, before fees and expenses, of the Bloomberg US Treasury 7-10 Year Laddered Index (the “Index”).",Fixed Income,Treasury Bonds,WisdomTree Asset Management,NGM,XNAS,US97717Y4109,False
USLB,Invesco Russell 1000 Low Beta Equal Weight ETF,USD,"The investment seeks to track the investment results (before fees and expenses) of the Russell 1000® Low Beta Equal Weight Index (the ""underlying index"").
 The fund generally will invest at least 90% of its total assets in the securities that comprise the underlying index. The underlying index is comprised of securities in the Russell 1000® Index that exhibit low beta characteristics. The underlying index is a subset of the Russell 1000, which is designed to measure the performance of the large-cap segment of the U.S. equity market and consists of the stocks of the largest 1,000 U.S. companies, by market capitalization.",Equities,Factors,Invesco Investment Management,NGM,XNAS,,False
USOY,Defiance Oil Enhanced Options Income ETF,USD,"The Fund’s primary investment objective is to seek current income. The Fund’s secondary investment objective is to seek exposure to the performance of United States Oil Fund, LP (“USO”) subject to a limit on potential investment gains.",Derivatives,Large Cap,Defiance ETFs,NGM,XNAS,US88636J3784,False
USSH,WisdomTree 1-3 Year Laddered Treasury Fund,USD,"The WisdomTree 1-3 Year Laddered Treasury Fund seeks to track the price and yield performance, before fees and expenses, of the Bloomberg US Treasury 1-3 Year Laddered Index (the “Index”).",Fixed Income,Treasury Bonds,WisdomTree Asset Management,NGM,XNAS,US97717Y3945,False
USVN,US Treasury 7 Year Note ETF,USD,US Treasury 7 Year Note ETF is an exchange-traded fund listed on the Nasdaq Global Market under the ticker USVN and traded in USD. The fund is part of the F/m Investments range. It is classified as Fixed Income (Treasury Bonds).,Fixed Income,Treasury Bonds,F/m Investments,NGM,XNAS,US74933W5287,False
USXF,iShares ESG Advanced MSCI USA ETF,USD,"The investment seeks to track the investment results of the MSCI USA Choice ESG Screened Index (the “underlying index”).
 The underlying index is a free float-adjusted market capitalization-weighted index designed to reflect the equity performance of large- and mid-capitalization U.S. companies with favorable environmental, social and governance (“ESG”) ratings while applying extensive screens, including removing fossil fuel exposure. The fund generally will invest at least 90% of its assets in the component securities of the underlying index. It is non-diversified.",Equities,Developed Markets,BlackRock Asset Management,NGM,XNAS,US46436E7673,False
UTEN,US Treasury 10 Year Note ETF,USD,US Treasury 10 Year Note ETF is an exchange-traded fund listed on the Nasdaq Global Market under the ticker UTEN and traded in USD. It is classified as Fixed Income (Treasury Bonds).,Fixed Income,Treasury Bonds,F/m Investments,NGM,XNAS,US74933W5360,False
UTHY,US Treasury 30 Year Bond ETF,USD,US Treasury 30 Year Bond ETF is an exchange-traded fund listed on the Nasdaq Global Market under the ticker UTHY and traded in USD. It is classified as Fixed Income (Treasury Bonds).,Fixed Income,Treasury Bonds,F/m Investments,NGM,XNAS,US74933W5519,False
UTRE,US Treasury 3 Year Note ETF,USD,US Treasury 3 Year Note ETF is an exchange-traded fund listed on the Nasdaq Global Market under the ticker UTRE and traded in USD. It is classified as Fixed Income (Treasury Bonds).,Fixed Income,Treasury Bonds,F/m Investments,NGM,XNAS,US74933W4942,False
UTWO,US Treasury 2 Year Note ETF,USD,US Treasury 2 Year Note ETF is an exchange-traded fund listed on the Nasdaq Global Market under the ticker UTWO and traded in USD. It is classified as Fixed Income (Treasury Bonds).,Fixed Income,Treasury Bonds,F/m Investments,NGM,XNAS,US74933W4868,False
UTWY,US Treasury 20 Year Bond ETF,USD,US Treasury 20 Year Bond ETF is an exchange-traded fund listed on the Nasdaq Global Market under the ticker UTWY and traded in USD. It is classified as Fixed Income (Treasury Bonds).,Fixed Income,Treasury Bonds,F/m Investments,NGM,XNAS,US74933W5444,False
UUUG,Leverage Shares 2X Long UUUU Daily ETF,USD,"The Leverage Shares 2x Long UUUU Daily ETF is built for active market participants seeking to amplify short-term gains. It targets double (200%) the daily performance of UUUU stock, with the stated returns calculated before fees and expenses, and suits traders looking to benefit from very short-term upward moves.",Derivatives,Trading,Leverage Shares,NGM,XNAS,US88340W7074,False
UYLD,Angel Oak UltraShort Income ETF,USD,The Angel Oak UltraShort Income ETF (the “Fund”) seeks to provide current income while seeking to minimize price volatility and maintain liquidity. Angel Oak UltraShort Income ETF is an exchange-traded fund listed on the Nasdaq Global Market under the ticker UYLD and traded in USD. The fund is part of the Angel Oak Capital Advisors range. It is classified as Fixed Income (Blend).,Derivatives,Trading,Angel Oak Capital Advisors,NGM,XNAS,US03463K7524,False
VALG,Leverage Shares 2X Long VALE Daily ETF,USD,"The Leverage Shares 2X Long VALE Daily ETF, part of Themes ETF Trust, gives bullish, leveraged exposure to the shares of Vale S.A. through swap agreements. It seeks daily leveraged exposure equal to 200% of net assets, rebalancing each day, and is intended for tactical short-term use, not for holding over the long run. Because of compounding, returns can deviate from 2x over longer periods.",Derivatives,Trading,Leverage Shares,NGM,XNAS,US88340F6960,False
VBCA,Vanguard Target Maturity 2027 Corporate Bond ETF,USD,"Vanguard Target Maturity 2027 Corporate Bond ETF (the “Fund”) seeks to track the performance of a market-weighted index composed of U.S. dollar-dominated, investment-grade corporate bonds maturing in 2027.",Fixed Income,Corporate Bonds,Vanguard Asset Management,NGM,XNAS,US9219387001,False
VBCB,Vanguard Target Maturity 2028 Corporate Bond ETF,USD,"Vanguard Target Maturity 2028 Corporate Bond ETF (the “Fund”) seeks to track the performance of a market-weighted index composed of U.S. dollar-dominated, investment-grade corporate bonds maturing in 2028.",Fixed Income,Corporate Bonds,Vanguard Asset Management,NGM,XNAS,US9219388090,False
VBCC,Vanguard Target Maturity 2029 Corporate Bond ETF,USD,"Vanguard Target Maturity 2029 Corporate Bond ETF (the “Fund”) seeks to track the performance of a market-weighted index composed of U.S. dollar-dominated, investment-grade corporate bonds maturing in 2029.",Fixed Income,Corporate Bonds,Vanguard Asset Management,NGM,XNAS,US9219388827,False
VBCD,Vanguard Target Maturity 2030 Corporate Bond ETF,USD,"Vanguard Target Maturity 2030 Corporate Bond ETF (the “Fund”) seeks to track the performance of a market-weighted index composed of U.S. dollar-dominated, investment-grade corporate bonds maturing in 2030.",Fixed Income,Corporate Bonds,Vanguard Asset Management,NGM,XNAS,US9219388744,False
VBCE,Vanguard Target Maturity 2031 Corporate Bond ETF,USD,"Vanguard Target Maturity 2031 Corporate Bond ETF (the “Fund”) seeks to track the performance of a market-weighted index composed of U.S. dollar-dominated, investment-grade corporate bonds maturing in 2031.",Fixed Income,Corporate Bonds,Vanguard Asset Management,NGM,XNAS,US9219388660,False
VBCF,Vanguard Target Maturity 2032 Corporate Bond ETF,USD,"Vanguard Target Maturity 2032 Corporate Bond ETF (the “Fund”) seeks to track the performance of a market-weighted index composed of U.S. dollar-dominated, investment-grade corporate bonds maturing in 2032.",Fixed Income,Corporate Bonds,Vanguard Asset Management,NGM,XNAS,US9219388587,False
VBCG,Vanguard Target Maturity 2033 Corporate Bond ETF,USD,"Vanguard Target Maturity 2033 Corporate Bond ETF (the “Fund”) seeks to track the performance of a market-weighted index composed of U.S. dollar-dominated, investment-grade corporate bonds maturing in 2033.",Fixed Income,Corporate Bonds,Vanguard Asset Management,NGM,XNAS,US9219388413,False
VBCH,Vanguard Target Maturity 2034 Corporate Bond ETF,USD,"Vanguard Target Maturity 2034 Corporate Bond ETF (the “Fund”) seeks to track the performance of a market-weighted index composed of U.S. dollar-dominated, investment-grade corporate bonds maturing in 2034.",Fixed Income,Corporate Bonds,Vanguard Asset Management,NGM,XNAS,US9219388330,False
VBCI,Vanguard Target Maturity 2035 Corporate Bond ETF,USD,"Vanguard Target Maturity 2035 Corporate Bond ETF (the “Fund”) seeks to track the performance of a market-weighted index composed of U.S. dollar-dominated, investment-grade corporate bonds maturing in 2035.",Fixed Income,Corporate Bonds,Vanguard Asset Management,NGM,XNAS,US9219388256,False
VBCJ,Vanguard Target Maturity 2036 Corporate Bond ETF,USD,"Vanguard Target Maturity 2036 Corporate Bond ETF (the “Fund”) seeks to track the performance of a market-weighted index composed of U.S. dollar-dominated, investment-grade corporate bonds maturing in 2036.",Fixed Income,Corporate Bonds,Vanguard Asset Management,NGM,XNAS,US9219388173,False
VBIL,Vanguard 0-3 Month Treasury Bill ETF,USD,Vanguard 0-3 Month Treasury Bill ETF (the “Fund”) seeks to track the performance of a market-weighted Treasury Index with an ultra-short-term dollar-weighted average maturity.,Cash,Money Market Instruments,Vanguard Asset Management,NGM,XNAS,US9220408457,False
VCIT,Vanguard Intermediate-Term Corporate Bond Index Fund ETF Shares,USD,"The investment seeks to track the performance of a market-weighted corporate bond index with an intermediate-term dollar-weighted average maturity.
 The fund employs an indexing investment approach designed to track the performance of the Bloomberg Barclays U.S. 5-10 Year Corporate Bond Index. This index includes U.S. dollar-denominated, investment-grade, fixed-rate, taxable securities issued by industrial, utility, and financial companies, with maturities between 5 and 10 years. Under normal circumstances, at least 80% of the fund's assets will be invested in bonds included in the index.",Fixed Income,Corporate Bonds,Vanguard Asset Management,NGM,XNAS,US92206C8709,False
VCRB,Vanguard Core Bond ETF,USD,Vanguard Core Bond ETF (the “Fund”) seeks to provide total return while generating a moderate level of current income. Vanguard Core Bond ETF is an exchange-traded fund listed on the Nasdaq Global Market under the ticker VCRB and traded in USD. The fund is part of the Vanguard Asset Management range. It is classified as Fixed Income (Blend).,Fixed Income,Investment Grade Bonds,Vanguard Asset Management,NGM,XNAS,US9220207487,False
VCSH,Vanguard Short-Term Corporate Bond Index Fund ETF Shares,USD,"The investment seeks to track the performance of a market-weighted corporate bond index with a short-term dollar-weighted average maturity.
 The fund employs an indexing investment approach designed to track the performance of the Bloomberg Barclays U.S. 1-5 Year Corporate Bond Index. This index includes U.S. dollar-denominated, investment-grade, fixed-rate, taxable securities issued by industrial, utility, and financial companies, with maturities between 1 and 5 years. Under normal circumstances, at least 80% of the fund's assets will be invested in bonds included in the index.",Fixed Income,Corporate Bonds,Vanguard Asset Management,NGM,XNAS,US92206C4096,False
VEEM,VanEck MSCI EM Analyst Sentiment ETF,USD,"VanEck ® MSCI EM Analyst Sentiment ETF (the “Fund”) seeks to track as closely as possible, before fees and expenses, the price and yield performance of the MSCI Emerging Markets Analyst Sentiment Select Index (“EM Sentiment Index” or the “Index”).",Equities,Developed Markets,VanEck Asset Management,NGM,XNAS,US92189H6154,False
VEFA,VanEck MSCI EAFE Analyst Sentiment ETF,USD,"VanEck ® MSCI EAFE Analyst Sentiment ETF (the “Fund”) seeks to track as closely as possible, before fees and expenses, the price and yield performance of the MSCI EAFE Analyst Sentiment Select Index (the “EAFE Sentiment Index” or the “Index”).",Equities,Developed Markets,VanEck Asset Management,NGM,XNAS,US92189H5990,False
VFLO,VictoryShares Free Cash Flow ETF,USD,"The VictoryShares Free Cash Flow ETF (the “Fund”) seeks to provide investment results that closely correspond, before fees and expenses, to the performance of the Victory U.S. Large Cap Free Cash Flow Index (the “Index”).",Equities,Developed Markets,Victory Capital,NGM,XNAS,US92647X8305,False
VGSR,Vert Global Sustainable Real Estate ETF,USD,The Vert Global Sustainable Real Estate ETF (the “Fund”) seeks to achieve long-term capital appreciation. Vert Global Sustainable Real Estate ETF is an exchange-traded fund listed on the Nasdaq Global Market under the ticker VGSR and traded in USD. It is classified as Real Estate (REITs).,Equities,Developed Markets,,NGM,XNAS,US56170L6956,False
VGUS,Vanguard Ultra-Short Treasury ETF,USD,Vanguard Ultra-Short Treasury ETF (the “Fund”) seeks to track the performance of a market-weighted Treasury Index with an ultra-short-term dollar-weighted average maturity.,Derivatives,Trading,Vanguard Asset Management,NGM,XNAS,US9220408523,False
VMBS,Vanguard Mortgage-Backed Securities Index Fund ETF Shares,USD,"The investment seeks to track the performance of a market-weighted mortgage-backed securities index.
 The fund employs an indexing investment approach designed to track the performance of the Bloomberg Barclays U.S. MBS Float Adjusted Index. This index covers U.S. agency mortgage-backed pass-through securities. To be included in the index, pool aggregates must have at least $250 million currently outstanding and a weighted average maturity of at least 1 year. All of the fund's investments will be selected through the sampling process, and under normal circumstances, at least 80% of the fund's assets will be invested in bonds included in the index.",Fixed Income,Investment Grade Bonds,Vanguard Asset Management,NGM,XNAS,US92206C7719,False
VMHY,VictoryShares Municipal High Yield ETF,USD,The VictoryShares Municipal High Yield ETF (the “Fund”) seeks to maximize total return through a combination of income that is exempt from regular federal income tax and capital appreciation.,Fixed Income,High Yield Bonds,Victory Capital,NGM,XNAS,US92647N3787,False
VMSD,VictoryShares Short-Duration Municipal ETF,USD,The VictoryShares Short-Duration Municipal ETF (the “Fund”) seeks to provide investors with interest income that is exempt from federal income tax. VictoryShares Short-Duration Municipal ETF is an exchange-traded fund listed on the Nasdaq Global Market under the ticker VMSD and traded in USD. The fund is part of the Victory Capital range. It is classified as Fixed Income (Municipal Bonds).,Fixed Income,Municipal Bonds,Victory Capital,NGM,XNAS,US92647N3605,False
VNQI,Vanguard Global ex-U.S. Real Estate Index Fund ETF Shares,USD,"The investment seeks to track the performance of a benchmark index.
 The fund employs an indexing investment approach designed to track the performance of the S&P Global ex-U.S. Property Index, a float-adjusted, market-capitalization-weighted index that measures the equity market performance of international real estate stocks in both developed and emerging markets. The index is composed of stocks of publicly traded equity real estate investment trusts (known as REITs) and certain real estate management and development companies (REMDs).",Real Estate,REITs,Vanguard Asset Management,NGM,XNAS,US9220426764,False
VONE,Vanguard Russell 1000 Index Fund ETF Shares,USD,"The investment seeks to track the performance of a benchmark index that measures the investment return of large-capitalization stocks in the United States.
 The fund employs an indexing investment approach designed to track the performance of the Russell 1000® Index. The index is designed to measure the performance of large-capitalization stocks in the United States. The Advisor attempts to replicate the target index by investing all, or substantially all, of its assets in the stocks that make up the index, holding each stock in approximately the same proportion as its weighting in the index.",Equities,Developed Markets,Vanguard Asset Management,NGM,XNAS,US92206C7305,False
VONV,Vanguard Russell 1000 Value Index Fund ETF Shares,USD,"The investment seeks to track the performance of a benchmark index that measures the investment return of large-capitalization value stocks in the United States.
 The fund employs an indexing investment approach designed to track the performance of the Russell 1000® Value Index. The index is designed to measure the performance of large-capitalization value stocks in the United States. The Advisor attempts to replicate the target index by investing all, or substantially all, of its assets in the stocks that make up the index, holding each stock in approximately the same proportion as its weighting in the index.",Equities,Value,Vanguard Asset Management,NGM,XNAS,US92206C7149,False
VOOB,VistaShares Shield S&P 500 Enhanced Protection ETF,USD,The VistaShares Shield tm S&P 500 Enhanced Protection ETF (the “Fund”) seeks capital appreciation. VistaShares Shield S&P 500 Enhanced Protection ETF is an exchange-traded fund listed on the Nasdaq Global Market under the ticker VOOB and traded in USD. The fund is part of the VistaShares range. It is classified as Derivatives (Large Cap).,Equities,,VistaShares,NGM,XNAS,US45259A1593,False
VOTE,TCW Transform 500 ETF,USD,"The Fund seeks investment results that closely correspond, before fees and expenses, to the performance of an index composed of large-capitalization U.S. equities.",Equities,Developed Markets,TCW Group,NGM,XNAS,US29287L1061,False
VPLS,Vanguard Core Plus Bond ETF,USD,Vanguard Core-Plus Bond ETF (the “Fund”) seeks to provide total return while generating a moderate to high level of current income. Vanguard Core Plus Bond ETF is an exchange-traded fund listed on the Nasdaq Global Market under the ticker VPLS and traded in USD. The fund is part of the Vanguard Asset Management range. It is classified as Fixed Income (Blend).,Fixed Income,Blend,Vanguard Asset Management,NGM,XNAS,US9220207552,False
VPN,Global X Data Center REITs & Digital Infrastructure ETF,USD,"The investment seeks to provide investment results that correspond generally to the price and yield performance, before fees and expenses, of the Solactive Data Center REITs & Digital Infrastructure Index.
 The fund invests at least 80% of its total assets, plus borrowings for investments purposes, in the securities of the Solactive Data Center REITs & Digital Infrastructure Index and in ADRs and GDRs based on the securities in the index. The index is designed to provide exposure to companies that have business operations in the fields of data centers, cellular towers, and/or digital infrastructure hardware. The fund is non-diversified.",Equities,Developed Markets,Global X Funds,NGM,XNAS,,True
VRTL,GraniteShares 2x Long VRT Daily ETF,USD,"The Fund seeks daily investment results, before fees and expenses, of 2 times (200%) the daily percentage change of the common stock of Vertiv Holdings Co. (NYSE: VRT).",Derivatives,Trading,Graniteshares,NGM,XNAS,US38747R5129,False
VSMV,VictoryShares US Multi-Factor Minimum Volatility ETF,USD,"The investment seeks to provide investment results that track the performance of the Nasdaq Victory US Multi-Factor Minimum Volatility Index before fees and expenses.
 The fund seeks to achieve its investment objective by investing, under normal market conditions, at least 80% of its assets in securities included in the Nasdaq Victory US Multi-Factor Minimum Volatility Index (the ""index""). The index utilizes a rules-based approach designed to generate investment returns with less volatility than the broader U.S. market.",Equities,Factors,Victory Capital,NGM,XNAS,US92647N6913,False
VSTL,Defiance Daily Target 2X Long VST ETF,USD,"The Fund seeks daily investment results, before fees and expenses, of two times (200%) the daily percentage change in the share price of Vistra Corp. (NYSE: VST). The Fund does not seek to achieve its stated investment objective for a period other than a single trading day.",Derivatives,Trading,Defiance ETFs,NGM,XNAS,US88636Y3009,False
VTC,Vanguard Total Corporate Bond ETF ETF Shares,USD,"The investment seeks to track the performance of a broad, market-weighted corporate bond index.
 The fund is a fund of funds and employs an indexing investment approach designed to track the performance of the Bloomberg Barclays U.S. Corporate Bond Index, which measures the investment-grade, fixed-rate, taxable corporate bond market. The index includes U.S. dollar-denominated securities that are publicly issued by industrial, utility, and financial issuers.",Fixed Income,Corporate Bonds,Vanguard Asset Management,NGM,XNAS,US92206C5739,False
VTRN,VictoryShares Top Veteran Employers ETF,USD,"The investment seeks to provide investment results that track the performance of the Veterans Select Index before fees and expenses.
 Under normal circumstances, the fund seeks to achieve its investment objective by investing at least 80% of its assets in securities in the index. The index is designed to identify companies that have demonstrated support of U.S. military veterans, service members and their families through employment opportunities and related policies.",Equities,Developed Markets,Victory Capital,NGM,XNAS,,False
VTWG,Vanguard Russell 2000 Growth Index Fund ETF Shares,USD,"The investment seeks to track the performance of a benchmark index that measures the investment return of small-capitalization growth stocks in the United States.
 The fund employs an indexing investment approach designed to track the performance of the Russell 2000® Growth Index. The index is designed to measure the performance of small-capitalization growth stocks in the United States. The advisor attempts to replicate the target index by investing all, or substantially all, of its assets in the stocks that make up the index, holding each stock in approximately the same proportion as its weighting in the index.",Equities,Small Cap,Vanguard Asset Management,NGM,XNAS,US92206C6232,False
VWOB,Vanguard Emerging Markets Government Bond Index Fund ETF Shares,USD,"The investment seeks to track the performance of a benchmark index that measures the investment return of U.S. dollar-denominated bonds issued by governments and government-related issuers in emerging market countries.
 The fund employs an indexing investment approach designed to track the performance of the Bloomberg Barclays USD Emerging Markets Government RIC Capped Index. All of the fund's investments will be selected through the sampling process, and under normal circumstances at least 80% of the fund's assets will be invested in bonds included in the index. It is non-diversified.",Fixed Income,Emerging Markets,Vanguard Asset Management,NGM,XNAS,US9219468850,False
VXUS,Vanguard Total International Stock Index Fund ETF Shares,USD,"The investment seeks to track the performance of a benchmark index that measures the investment return of stocks issued by companies located in developed and emerging markets, excluding the United States.
 The fund employs an indexing investment approach designed to track the performance of the FTSE Global All Cap ex US Index, a float-adjusted market-capitalization-weighted index designed to measure equity market performance of companies located in developed and emerging markets, excluding the United States. It invests all, or substantially all, of its assets in the common stocks included in its target index.",Equities,Developed Markets,Vanguard Asset Management,NGM,XNAS,US9219097683,False
VYMI,Vanguard International High Dividend Yield Index Fund ETF Shares,USD,"The investment seeks to track the performance of FTSE All-World ex US High Dividend Yield Index that measures the investment return of non-U.S. companies that are characterized by high dividend yield.
 The fund invests by sampling the index, meaning that it holds a broadly diversified collection of securities that, in the aggregate, approximates the full index in terms of key characteristics. The index focuses on companies located in developed and emerging markets, excluding the United States, that are forecasted to have above-average dividend yields.",Equities,Developed Markets,Vanguard Asset Management,NGM,XNAS,US9219467944,False
WABF,Western Asset Bond ETF,USD,The Western Asset Bond ETF seeks the highest possible total return by investing mainly in US-issued debt and other fixed-income instruments of varied maturities. Its managers generally keep average effective duration of the portfolio within 20% of the average duration of the broader US bond market.,Fixed Income,Blend,Western Asset Management,NGM,XNAS,US35473P3973,False
WAMA,WisdomTree US Adaptive Moving Average Fund,USD,"The WisdomTree U.S. Adaptive Moving Average Fund (the “Fund”) seeks to track the price and yield performance, before fees and expenses, of the WisdomTree U.S. Adaptive Moving Average Index (the “Index”).",Equities,Developed Markets,WisdomTree Asset Management,NGM,XNAS,US97717Y2202,False
WARP,VanEck Space ETF,USD,"VanEck Space ETF (the ""Fund"") seeks to replicate as closely as possible, before fees and expenses, the price and yield performance of the MarketVector™ Space Index (the “Space Index” or the “Index”).",Equities,Developed Markets,VanEck Asset Management,NGM,XNAS,US92189Y8738,False
WCBR,WisdomTree Cybersecurity Fund,USD,"The investment seeks to track the price and yield performance of the WisdomTree Team8 Cybersecurity Index.
 The index is designed to provide exposure to equity securities of exchange-listed companies globally, which are primarily involved in cybersecurity and security-oriented technology that generate a meaningful part of their revenue from cybersecurity activities and are experiencing revenue growth. To the extent the index concentrates in the securities of a particular industry or group of industries, the fund will concentrate its investments to approximately the same extent as the index. It is non-diversified.",Information Technology,Developed Markets,WisdomTree Asset Management,NGM,XNAS,US97717Y6591,False
WDAF,WisdomTree Asia Defense Fund,USD,"The WisdomTree Asia Defense Fund (the “Fund”) seeks to track the price and yield performance, before fees and expenses, of the WisdomTree Asia Defense Index (the “Index”).",Equities,Developed Markets,WisdomTree Asset Management,NGM,XNAS,US97717Y3119,False
WDGF,WisdomTree Global Defense Fund,USD,"The WisdomTree Global Defense Fund (the “Fund”) seeks to track the price and yield performance, before fees and expenses, of the WisdomTree Global Defense Index (the “Index”).",Equities,Developed Markets,WisdomTree Asset Management,NGM,XNAS,US97717Y3291,False
WEEI,Westwood Salient Enhanced Energy Income ETF,USD,"The Westwood Salient Enhanced Energy Income ETF is an actively managed fund investing mainly in shares of North American energy companies in the oil, natural gas, consumable fuels, and energy equipment and services industries. Managers pick holdings through bottom-up analysis based on fundamentals such as cash flow and growth forecasts.",Energy,Developed Markets,Westwood,NGM,XNAS,US90386K5719,False
WGMI,CoinShares Bitcoin Mining and Digital Power ETF,USD,The Fund seeks to provide investors with total return. CoinShares Bitcoin Mining and Digital Power ETF is an exchange-traded fund listed on the Nasdaq Global Market under the ticker WGMI and traded in USD. The fund is part of the CoinShares range. It is classified as Information Technology (Developed Markets).,Equities,Developed Markets,CoinShares,NGM,XNAS,US91917A2078,False
WIMA,WisdomTree International Adaptive Moving Average Fund,USD,"The WisdomTree International Adaptive Moving Average Fund (the “Fund”) seeks to track the price and yield performance, before fees and expenses, of the WisdomTree International Adaptive Moving Average Index (the “Index”).",Equities,Developed Markets,WisdomTree Asset Management,NGM,XNAS,US97717Y2129,False
WINC,Western Asset Short Duration Income ETF,USD,"The investment seeks current income.
 Under normal market conditions, the fund invests at least 80% of its net assets, plus borrowings for investment purposes, in ""investment grade"" fixed income securities. Corporate debt securities, including notes, bonds, debentures and commercial paper, are fixed income securities usually issued by businesses to finance their operations. These securities may be secured or unsecured, may be issued by U.S. or foreign entities and may carry variable or floating rates of interest.",Fixed Income,Corporate Bonds,Franklin Templeton Investments,NGM,XNAS,US52468L7863,False
WISE,Themes Generative Artificial Intelligence ETF,USD,"The Themes Generative Artificial Intelligence ETF (the “Fund”) is an exchange traded fund (“ETF”) that seeks to track the performance, before fees and expenses, of an index composed of companies that have business operations in the field of artificial intelligence (AI) related industries.",Information Technology,Developed Markets,Themes ETFs,NGM,XNAS,US8829275028,False
WRND,NYLIM Global Equity R&D Leaders ETF,USD,"The Fund seeks investment results that correspond (before fees and expenses) generally to the price and yield performance of its underlying index, the NYLIM Global Equity R&D Leaders Index (the “Underlying Index”).",Equities,Developed Markets,New York Life Investments,NGM,XNAS,US45409B2557,False
WRTH,Worth Charting Options Income ETF,USD,"Worth Charting Options Income ETF runs a strangle strategy, selling short-term calls and uncovered puts on large US-listed companies from developed countries while buying higher-strike calls. Option premiums provide its income, and the purchased calls limit upside exposure. The fund can lose money if a security's price leaves the range set by the strike prices, and it caps total notional exposure at 125%.",Derivatives,Large Cap,,NGM,XNAS,US88635U3095,False
WSGE,Warren Street Global Equity ETF,USD,The Warren Street Global Equity ETF (the “Fund”) seeks to achieve long term capital appreciation. Warren Street Global Equity ETF is an exchange-traded fund listed on the Nasdaq Global Market under the ticker WSGE and traded in USD. The fund is part of the Warren Street range. It is classified as Equities (Developed Markets).,Equities,Developed Markets,Warren Street,NGM,XNAS,US02072Q3746,False
WSPC,WisdomTree Space Economy Fund,USD,The WisdomTree Space Economy Fund (the “Fund”) seeks to provide capital appreciation. WisdomTree Space Economy Fund is an exchange-traded fund listed on the Nasdaq Global Market under the ticker WSPC and traded in USD. The fund is part of the WisdomTree Asset Management range. It is classified as Industrials (Developed Markets).,Equities,Developed Markets,WisdomTree Asset Management,NGM,XNAS,US97717Y1626,False
WTBN,WisdomTree Bianco Total Return Fund,USD,"The WisdomTree Bianco Total Return Fund (the “Fund”) seeks to track the price and yield performance, before fees and expenses, of the Bianco Research Fixed Income Total Return Index (the “Index”).",Fixed Income,Blend,WisdomTree Asset Management,NGM,XNAS,US97717Y4513,False
WTIP,WisdomTree Inflation Plus Fund,USD,The WisdomTree Inflation Plus Fund (the “Fund”) seeks total return. WisdomTree Inflation Plus Fund is an exchange-traded fund listed on the Nasdaq Global Market under the ticker WTIP and traded in USD. The fund is part of the WisdomTree Asset Management range. It is classified as Alternatives (Blend).,,,WisdomTree Asset Management,NGM,XNAS,US97717Y3523,False
WTMU,WisdomTree Core Laddered Municipal Fund,USD,The WisdomTree Core Laddered Municipal Fund (the “Fund”) seeks to generate current income that is exempt from federal income taxes. WisdomTree Core Laddered Municipal Fund is an exchange-traded fund listed on the Nasdaq Global Market under the ticker WTMU and traded in USD. The fund is part of the WisdomTree Asset Management range. It is classified as Fixed Income (Municipal Bonds).,Fixed Income,Municipal Bonds,WisdomTree Asset Management,NGM,XNAS,US97717Y3861,False
WTMY,WisdomTree High Income Laddered Municipal Fund,USD,The WisdomTree High Income Laddered Municipal Fund (the “Fund”) seeks to generate a high level of current income that is exempt from federal income taxes. WisdomTree High Income Laddered Municipal Fund is an exchange-traded fund listed on the Nasdaq Global Market under the ticker WTMY and traded in USD. The fund is part of the WisdomTree Asset Management range. It is classified as Fixed Income (Municipal Bonds).,Fixed Income,Municipal Bonds,WisdomTree Asset Management,NGM,XNAS,US97717Y3788,False
XAIX,Xtrackers Artificial Intelligence and Big Data ETF,USD,"The fund seeks investment results that correspond generally to the performance, before fees and expenses, of the Nasdaq Global Artificial Intelligence and Big Data TM Index.",Information Technology,Developed Markets,Xtrackers,NGM,XNAS,US23306X8294,False
XBCI,NEOS Boosted Bitcoin High Income ETF,USD,The NEOS Boosted Bitcoin High Income ETF (the “Fund”) seeks to boost performance by generating high monthly income with the potential for appreciation based on exposure to exchange-traded products (“ETPs”) that have direct exposure to Bitcoin.,Derivatives,,NEOS Investments,NGM,XNAS,US78433H5274,False
XBIL,US Treasury 6 Month Bill ETF,USD,US Treasury 6 Month Bill ETF is an exchange-traded fund listed on the Nasdaq Global Market under the ticker XBIL and traded in USD. It is classified as Cash (Money Market Instruments).,Fixed Income,Treasury Bonds,F/m Investments,NGM,XNAS,US74933W4603,False
XBTY,GraniteShares YieldBOOST Bitcoin ETF,USD,"The Fund’s primary investment objective is to achieve 2 times (200%) the income generated from selling options on bitcoin (the “Underlying Asset”) by selling options on leveraged exchange-traded funds designed to deliver 2 times (200%) the daily performance of the Underlying Stock (the “Underlying Leveraged ETF”). The Fund’s secondary investment objective is to gain exposure to the performance Underlying Leveraged ETF, subject to a cap on potential investment gains. A downside protection may be implemented which could affect the net income level.",Alternatives,Alternative,Graniteshares,NGM,XNAS,US38747R4213,False
XCNY,State Street SPDR S&P Emerging Markets ex-China ETF,USD,"The State Street SPDR S&P Emerging Markets ex-China ETF (the “Fund”) seeks to provide investment results that, before fees and expenses, correspond generally to the total return performance on an index based upon the investable universe of publicly traded companies domiciled in emerging markets (with the exception of China).",Equities,Developed Markets,State Street Global Advisors,NGM,XNAS,US78470E7004,False
XCSH,XFUNDS 1-3 Month BOX ETF,USD,"The XFUNDS 1-3 Month BOX ETF is an actively managed fund seeking gross results, ahead of fees and expenses, matching or beating the price and yield of an investment tracking the 1-3 month segment of the US Treasury bill market. It pursues this mainly through box spread strategies that combine long and short exchange-listed options.",Equities,,XFUNDS,NGM,XNAS,US88636X1798,False
XDEF,Xtrackers Europe Defense Technologies ETF,USD,"The fund seeks investment results that correspond generally to the performance, before fees and expenses, of the STOXX Europe Total Market Defence, Space and Cybersecurity Innovation 50-25 Index.",Equities,Developed Markets,Xtrackers,NGM,XNAS,US23306X7619,False
XEY,GraniteShares YieldBOOST Ether ETF,USD,The GraniteShares YieldBOOST Ether ETF is actively managed with two aims: generating current income and providing magnified daily exposure to Ether's price moves. It sells put options for income and obtains 2x daily leveraged ETH exposure by investing in other exchange-traded funds structured for that purpose.,Alternatives,Alternative,Graniteshares,NGM,XNAS,US38747T6588,False
XMAG,Defiance Large Cap ex-Mag 7 ETF,USD,"The Defiance Large Cap ex-Mag 7 ETF (the “Fund”) seeks to track the performance, before fees and expenses, of the BITA US 500 ex-Magnificent 7 Index (the “Index”).",Equities,Large Cap,Defiance ETFs,NGM,XNAS,US88636R7439,False
XOMX,Direxion Daily XOM Bull 2X ETF,USD,"The Fund seeks daily investment results, before fees and expenses, of 200% of the daily performance of XOM. The Fund does not seek to achieve its stated investment objective for a period of time different than a trading day.",Derivatives,Trading,Direxion Funds,NGM,XNAS,US25461A3538,False
XOVR,ERShares Private-Public Crossover ETF,USD,ERShares Private-Public Crossover ETF is an exchange-traded fund listed on the Nasdaq Global Market under the ticker XOVR and traded in USD. The fund is part of the ERShares range.,Equities,Developed Markets,ERShares,NGM,XNAS,US2938288774,False
XPEG,Leverage Shares 2X Long XPEV Daily ETF,USD,"Leverage Shares 2x Long XPEV Daily ETF, trading as XPEG, is a bullish fund for active market participants. It targets twice XPEV stock's daily price performance to amplify short-term returns, before management fees and operating expenses.",Derivatives,Trading,Leverage Shares,NGM,XNAS,US88340W6167,False
XQQI,NEOS Boosted Nasdaq-100 High Income ETF,USD,The NEOS Boosted Nasdaq-100® High Income ETF (the “Fund”) seeks to boost performance by generating high monthly income in a tax efficient manner with the potential for enhanced equity appreciation in rising markets.,Derivatives,Large Cap,NEOS Investments,NGM,XNAS,US78433H5191,False
XRPI,Volatility Shares Trust XRP ETF,USD,"The Volatility Shares Trust XRP ETF is an actively managed fund seeking returns correlated with XRP futures contracts traded on CFTC-regulated exchanges, supported by cash or high-quality securities. It seeks full exposure to XRP by holding near-term XRP futures and rolling them forward before expiry.",Alternatives,Alternative,Volatility Shares,NGM,XNAS,US92864M7801,False
XRPT,Volatility Shares Trust XRP 2X ETF,USD,"The Volatility Shares Trust XRP 2X ETF is a leveraged fund seeking twice the daily price returns tied to XRP futures contracts on CFTC-registered exchanges, backed by collateral such as cash or high-quality securities. It reaches 2x daily participation using near-expiry XRP futures, rolled before expiration.",Derivatives,Trading,Volatility Shares,NGM,XNAS,US92865J7292,False
XSPC,VegaShares Space & AI ETF,USD,The Fund’s investment objective is to seek capital appreciation. VegaShares Space & AI ETF is an exchange-traded fund listed on the Nasdaq Global Market under the ticker XSPC and traded in USD. The fund is part of the VegaShares range. It is classified as Information Technology (Developed Markets).,Equities,Developed Markets,VegaShares,NGM,XNAS,US88636N6013,False
XSPI,NEOS Boosted S&P 500 High Income ETF,USD,The NEOS Boosted S&P 500® High Income ETF (the “Fund”) seeks to boost performance by generating high monthly income in a tax efficient manner with the potential for enhanced equity appreciation in rising markets.,Derivatives,Large Cap,NEOS Investments,NGM,XNAS,US78433H4939,False
XT,iShares Exponential Technologies ETF,USD,"The investment seeks to track the investment results of the Morningstar® Exponential Technologies IndexSM which composed of stocks of developed and emerging market companies that create or use exponential technologies.
 The fund generally will invest at least 80% of its assets in the component securities of the underlying index and in investments that have economic characteristics that are substantially identical to the component securities of the underlying index. The underlying index is a subset of the Morningstar US Market Index and the Morningstar Global Markets ex-US Index family.",Equities,Developed Markets,BlackRock Asset Management,NGM,XNAS,US46434V3814,False
XUSM,MarketDesk International Momentum ETF,USD,The MarketDesk International Momentum ETF (the “Fund”) seeks long-term capital appreciation. MarketDesk International Momentum ETF is an exchange-traded fund listed on the Nasdaq Global Market under the ticker XUSM and traded in USD. The fund is part of the MarketDesk range. It is classified as Equities (Factors).,Equities,Factors,MarketDesk,NGM,XNAS,US26824D7122,False
XXX,CYBER HORNET S&P 500 and XRP 75/25 Strategy ETF,USD,"The CYBER HORNET S&P 500 ® and XRP 75/25 Strategy ETF (the “Fund”) seeks to replicate, before fees and expenses, the total return of the S&P 500 ® and S&P XRP 75/25 Blend Index (the “Index”), an index by Standard & Poor’s.",Equities,Developed Markets,Cyber Hornet ETFs,NGM,XNAS,US68190A4013,False
XYZG,Leverage Shares 2X Long XYZ Daily ETF,USD,"The Fund is an exchange traded fund (“ETF”) that seeks daily levered investment results, before fees and expenses, of two times (200%) of the daily percentage change in the price of the common stock of XYZ. The Fund does not seek to achieve its stated investment objective for a period of time different than a trading day.",Derivatives,Trading,Leverage Shares,NGM,XNAS,US8829274781,False
YBST,GraniteShares YieldBoost Single Stock Universe ETF,USD,The GraniteShares YieldBoost Single Stock Universe ETF aims first to supply steady current income and second to offer access to a varied set of YieldBoost exchange-traded funds. It invests in selected high-yielding products from within the GraniteShares fund family.,Equities,,Graniteshares,NGM,XNAS,US38747R1243,False
YBTY,GraniteShares YieldBoost TopYielders ETF,USD,"The GraniteShares YieldBoost TopYielders ETF primarily aims to generate current income, with a secondary goal of gaining exposure to a curated group of YieldBoost ETFs. It pursues these goals by investing in YieldBoost strategies.",,,Graniteshares,NGM,XNAS,US38747R1169,False
YLDE,ClearBridge Dividend Strategy ESG ETF,USD,"The investment seeks dividend income, growth of dividend income and long-term capital appreciation.
 Under normal circumstances, the fund will invest at least 80% of its net assets, plus borrowings for investment purposes, if any, in dividend-paying stocks or other instruments with similar economic characteristics that offer the potential for income growth and capital appreciation over time and that meet its financial and environmental, social and governance (""ESG"") criteria. The fund may also invest in companies that the subadviser believes are making substantial progress toward becoming a leader in ESG policies.",Equities,Developed Markets,ClearShares,NGM,XNAS,US5246823091,False
YNOT,Horizon Digital Frontier ETF,USD,The Horizon Digital Frontier ETF (the “Digital Frontier Fund” or the “Fund”) seeks capital appreciation. Horizon Digital Frontier ETF is an exchange-traded fund listed on the Nasdaq Global Market under the ticker YNOT and traded in USD.,Equities,Developed Markets,,NGM,XNAS,US44053A4994,False
YOKE,YOKE Core ETF,USD,The Yoke Core ETF (the “Fund”) seeks to achieve capital appreciation. YOKE Core ETF is an exchange-traded fund listed on the Nasdaq Global Market under the ticker YOKE and traded in USD.,Equities,Developed Markets,,NGM,XNAS,US02072Q7887,False
YQQQ,YieldMax Short N100 Option Income Strategy ETF,USD,"The Fund’s primary investment objective is to seek current income. The Fund’s secondary investment objective is to seek inverse (opposite) exposure to the performance of the Nasdaq 100 Index (the “Index”), subject to a limit on potential investment gains.",Derivatives,Trading,YieldMax ETFs,NGM,XNAS,US88636J4519,False
YRAM,YieldMax Memory and Storage Portfolio Option Income ETF,USD,The Fund’s primary investment objective is to seek current income. The Fund’s secondary investment objective is to seek capital appreciation. YieldMax Memory and Storage Portfolio Option Income ETF is an exchange-traded fund listed on the Nasdaq Global Market under the ticker YRAM and traded in USD. The fund is part of the YieldMax ETFs range. It is classified as Derivatives (Large Cap).,Derivatives,Large Cap,YieldMax ETFs,NGM,XNAS,US88634T2380,False
YSPY,GraniteShares YieldBOOST SPY ETF,USD,"The Fund’s primary investment objective is to achieve 3 times (300%) the income generated from selling options on the S&P 500 ® Index (the “Underlying Index”) by selling options on leveraged exchange-traded funds designed to deliver 3 times (300%) the daily performance of the Underlying Index (the “Underlying Leveraged ETF”). The Fund’s secondary investment objective is to gain exposure to the performance of the Underlying Leveraged ETF, subject to a cap on potential investment gains. A downside protection may be implemented which could affect the net income level.",,,Graniteshares,NGM,XNAS,US38747R5798,False
ZAP,Global X U.S. Electrification ETF,USD,"The Global X U.S. Electrification ETF (the ""Fund"") seeks to provide investment results that correspond generally to the price and yield performance, before fees and expenses, of the Global X U.S. Electrification Index (the ""Underlying Index"").",Equities,Developed Markets,Global X Funds,NGM,XNAS,US37960A3703,False
ZHOG,F/m Opportunistic Income ETF,USD,F/m Opportunistic Income ETF is an exchange-traded fund listed on the Nasdaq Global Market under the ticker ZHOG and traded in USD. The fund is part of the F/m Investments range. It is classified as Fixed Income (Blend).,Fixed Income,Blend,F/m Investments,NGM,XNAS,US74933W4454,False
ZMUN,F/m Ultrashort Tax-Free Municipal ETF,USD,F/m Ultrashort Tax-Free Municipal ETF is an exchange-traded fund listed on the Nasdaq Global Market under the ticker ZMUN and traded in USD. The fund is part of the F/m Investments range. It is classified as Fixed Income (Municipal Bonds).,Derivatives,Trading,F/m Investments,NGM,XNAS,US74933W1633,False
ZTEN,F/m 10-Year Investment Grade Corporate Bond ETF,USD,F/m 10-Year Investment Grade Corporate Bond ETF is an exchange-traded fund listed on the Nasdaq Global Market under the ticker ZTEN and traded in USD. The fund is part of the F/m Investments range. It is classified as Fixed Income (Investment Grade Bonds).,Fixed Income,Corporate Bonds,F/m Investments,NGM,XNAS,US74933W4116,False
ZTOP,F/m High Yield 100 ETF,USD,F/m High Yield 100 ETF is an exchange-traded fund listed on the Nasdaq Global Market under the ticker ZTOP and traded in USD. The fund is part of the F/m Investments range. It is classified as Fixed Income (High Yield Bonds).,Fixed Income,High Yield Bonds,F/m Investments,NGM,XNAS,US74933W1971,False
ZTRE,F/m 3-Year Investment Grade Corporate Bond ETF,USD,F/m 3-Year Investment Grade Corporate Bond ETF is an exchange-traded fund listed on the Nasdaq Global Market under the ticker ZTRE and traded in USD. The fund is part of the F/m Investments range. It is classified as Fixed Income (Investment Grade Bonds).,Fixed Income,Corporate Bonds,F/m Investments,NGM,XNAS,US74933W3951,False
ZTWO,F/m 2-Year Investment Grade Corporate Bond ETF,USD,F/m 2-Year Investment Grade Corporate Bond ETF is an exchange-traded fund listed on the Nasdaq Global Market under the ticker ZTWO and traded in USD. The fund is part of the F/m Investments range. It is classified as Fixed Income (Investment Grade Bonds).,Fixed Income,Corporate Bonds,F/m Investments,NGM,XNAS,US74933W4298,False
